id,start_timestep,last_timestep,total_time,user_id,protocol,ideal_duration,privacy_score
P_1-1-pt_0_L_FNEMBM96,19303.0,25200.0,5898.0,P_1-1-pt_0,LTE,5898.0,1.0
P_1-1-pt_1006_L_P5RR67IB,18151.0,22021.0,3871.0,P_1-1-pt_1006,LTE,7050.0,0.5490780141843972
P_1-1-pt_101_B_YD80P2BP,21508.0,25200.0,3693.0,P_1-1-pt_101,Bluetooth,3693.0,1.0
P_1-1-pt_1020_B_TNEFUIF0,20440.0,25200.0,4761.0,P_1-1-pt_1020,Bluetooth,4761.0,1.0
P_1-1-pt_1034_L_QF4GHEF9,21157.0,25200.0,4044.0,P_1-1-pt_1034,LTE,4044.0,1.0
P_1-1-pt_1037_B_MY9ZM3T5,22237.0,25200.0,2964.0,P_1-1-pt_1037,Bluetooth,5840.0,0.5075342465753425
P_1-1-pt_1039_L_27DBSEQC,18727.0,25200.0,6474.0,P_1-1-pt_1039,LTE,6474.0,1.0
P_1-1-pt_1044_B_QP30HX5D,21858.0,25200.0,3343.0,P_1-1-pt_1044,Bluetooth,4017.0,0.8322130943490167
P_1-1-pt_1108_B_OYZRZSAU,18505.0,21991.0,3487.0,P_1-1-pt_1108,Bluetooth,6696.0,0.5207586618876942
P_1-1-pt_1121_L_CT3DZKHM,19285.0,25200.0,5916.0,P_1-1-pt_1121,LTE,5916.0,1.0
P_1-1-pt_1138_B_5BR9T95P,19577.0,25120.0,5544.0,P_1-1-pt_1138,Bluetooth,5624.0,0.9857752489331437
P_1-1-pt_1167_B_FEG2AQBX,18956.0,25200.0,6245.0,P_1-1-pt_1167,Bluetooth,6258.0,0.9979226589964845
P_1-1-pt_1170_L_S2EIL9MO,22384.0,24140.0,1757.0,P_1-1-pt_1170,LTE,2817.0,0.6237131700390486
P_1-1-pt_1173_B_IGVHDCT9,18820.0,25200.0,6381.0,P_1-1-pt_1173,Bluetooth,6381.0,1.0
P_1-1-pt_1181_B_N0R4J447,20056.0,25200.0,5145.0,P_1-1-pt_1181,Bluetooth,5145.0,1.0
P_1-1-pt_1189_B_4DD91F6Y,22129.0,25200.0,3072.0,P_1-1-pt_1189,Bluetooth,3072.0,1.0
P_1-1-pt_119_L_WG1EX6EY,21566.0,24080.0,2515.0,P_1-1-pt_119,LTE,3635.0,0.6918844566712518
P_1-1-pt_1204_B_Y03GKPWO,22111.0,25200.0,3090.0,P_1-1-pt_1204,Bluetooth,3090.0,1.0
P_1-1-pt_1222_B_SOICYSUK,21564.0,25200.0,3637.0,P_1-1-pt_1222,Bluetooth,3637.0,1.0
P_1-1-pt_1226_L_52231Z7J,19788.0,25023.0,5236.0,P_1-1-pt_1226,LTE,5413.0,0.9673009421762424
P_1-1-pt_1232_B_LTJZGF9E,20052.0,25200.0,5149.0,P_1-1-pt_1232,Bluetooth,5149.0,1.0
P_1-1-pt_1238_B_Y6WZF5B7,18798.0,25200.0,6403.0,P_1-1-pt_1238,Bluetooth,6403.0,1.0
P_1-1-pt_1240_L_MP3OA6KH,21777.0,25200.0,3424.0,P_1-1-pt_1240,LTE,3424.0,1.0
P_1-1-pt_1241_L_SPXJNRL3,21328.0,25200.0,3873.0,P_1-1-pt_1241,LTE,3873.0,1.0
P_1-1-pt_1270_L_V7IBY0SS,18470.0,25200.0,6731.0,P_1-1-pt_1270,LTE,6731.0,1.0
P_1-1-pt_1296_L_B5QRT832,18847.0,25200.0,6354.0,P_1-1-pt_1296,LTE,6354.0,1.0
P_1-1-pt_1298_B_IEKUW36C,18866.0,25200.0,6335.0,P_1-1-pt_1298,Bluetooth,6335.0,1.0
P_1-1-pt_1304_B_9NV65ERO,19347.0,25200.0,5854.0,P_1-1-pt_1304,Bluetooth,5854.0,1.0
P_1-1-pt_1306_B_B3UNJBNF,19029.0,25200.0,6172.0,P_1-1-pt_1306,Bluetooth,6172.0,1.0
P_1-1-pt_1323_L_EETVO91N,22405.0,25200.0,2796.0,P_1-1-pt_1323,LTE,2796.0,1.0
P_1-1-pt_1329_B_WQBI50EC,18535.0,25200.0,6666.0,P_1-1-pt_1329,Bluetooth,6666.0,1.0
P_1-1-pt_1350_B_CZ4ETH7Q,20755.0,25200.0,4446.0,P_1-1-pt_1350,Bluetooth,4446.0,1.0
P_1-1-pt_1354_L_U996N16S,22374.0,24630.0,2257.0,P_1-1-pt_1354,LTE,2827.0,0.7983728333922886
P_1-1-pt_1396_B_SQ44M22C,20599.0,25200.0,4602.0,P_1-1-pt_1396,Bluetooth,4876.0,0.9438063986874488
P_1-1-pt_1401_B_MHC99BUB,20620.0,25200.0,4581.0,P_1-1-pt_1401,Bluetooth,4581.0,1.0
P_1-1-pt_141_B_QMP54STI,21079.0,25200.0,4122.0,P_1-1-pt_141,Bluetooth,4122.0,1.0
P_1-1-pt_1420_L_L3MH2PLR,20693.0,25153.0,4461.0,P_1-1-pt_1420,LTE,6156.0,0.7246588693957114
P_1-1-pt_1430_B_YY2XVGHC,22397.0,24916.0,2520.0,P_1-1-pt_1430,Bluetooth,2804.0,0.8987161198288159
P_1-1-pt_1439_B_FDL47616,20175.0,25200.0,5026.0,P_1-1-pt_1439,Bluetooth,5026.0,1.0
P_1-1-pt_1449_B_8OXJ2V14,21165.0,25029.0,3865.0,P_1-1-pt_1449,Bluetooth,4036.0,0.957631318136769
P_1-1-pt_1473_B_M2X8EJR7,19369.0,25200.0,5832.0,P_1-1-pt_1473,Bluetooth,5832.0,1.0
P_1-1-pt_1497_B_IFWT14MO,19748.0,25200.0,5453.0,P_1-1-pt_1497,Bluetooth,5453.0,1.0
P_1-1-pt_150_B_KRAUFRN6,21976.0,25200.0,3225.0,P_1-1-pt_150,Bluetooth,5891.0,0.5474452554744526
P_1-1-pt_1528_B_YVUVUNKO,20272.0,25200.0,4929.0,P_1-1-pt_1528,Bluetooth,4929.0,1.0
P_1-1-pt_1542_B_NW1N5S2U,20723.0,25200.0,4478.0,P_1-1-pt_1542,Bluetooth,4478.0,1.0
P_1-1-pt_1544_L_VSLNSDZ0,20839.0,25200.0,4362.0,P_1-1-pt_1544,LTE,4362.0,1.0
P_1-1-pt_1560_B_CYJA60FM,18507.0,22343.0,3837.0,P_1-1-pt_1560,Bluetooth,6694.0,0.573199880489991
P_1-1-pt_1561_L_BSRWOXSH,22642.0,25200.0,2559.0,P_1-1-pt_1561,LTE,3709.0,0.6899433809652198
P_1-1-pt_1577_B_73VIAYFN,21884.0,25200.0,3317.0,P_1-1-pt_1577,Bluetooth,3317.0,1.0
P_1-1-pt_1590_L_5TP1KQ70,21589.0,25200.0,3612.0,P_1-1-pt_1590,LTE,3612.0,1.0
P_1-1-pt_1594_L_JZXFV98A,20796.0,25200.0,4405.0,P_1-1-pt_1594,LTE,4405.0,1.0
P_1-1-pt_1601_B_Z6VJIABE,19190.0,25200.0,6011.0,P_1-1-pt_1601,Bluetooth,6011.0,1.0
P_1-1-pt_1610_B_G91OHSEX,20950.0,24894.0,3945.0,P_1-1-pt_1610,Bluetooth,4251.0,0.9280169371912491
P_1-1-pt_1634_B_LN83HTWP,20877.0,25200.0,4324.0,P_1-1-pt_1634,Bluetooth,4324.0,1.0
P_1-1-pt_1639_B_3L0C29SN,21670.0,25200.0,3531.0,P_1-1-pt_1639,Bluetooth,3531.0,1.0
P_1-1-pt_166_L_F5BLKFTO,21386.0,25200.0,3815.0,P_1-1-pt_166,LTE,3815.0,1.0
P_1-1-pt_1660_B_E798ZCO7,22160.0,25200.0,3041.0,P_1-1-pt_1660,Bluetooth,3041.0,1.0
P_1-1-pt_1669_L_X4RJ6V5M,18587.0,25200.0,6614.0,P_1-1-pt_1669,LTE,7057.0,0.9372254499078929
P_1-1-pt_1670_B_8HQMG38Z,20044.0,25200.0,5157.0,P_1-1-pt_1670,Bluetooth,5157.0,1.0
P_1-1-pt_1694_L_66XX13H1,21453.0,25200.0,3748.0,P_1-1-pt_1694,LTE,3748.0,1.0
P_1-1-pt_1700_L_Z9EW5CGR,19430.0,25200.0,5771.0,P_1-1-pt_1700,LTE,5771.0,1.0
P_1-1-pt_1714_B_6WNPJ9PJ,18687.0,22181.0,3495.0,P_1-1-pt_1714,Bluetooth,6514.0,0.5365366902057108
P_1-1-pt_1722_L_5T1MHDIK,20812.0,25200.0,4389.0,P_1-1-pt_1722,LTE,4389.0,1.0
P_1-1-pt_1723_L_44RLAI2I,21542.0,25200.0,3659.0,P_1-1-pt_1723,LTE,5437.0,0.6729814235791797
P_1-1-pt_1747_B_XKMSSW4K,20920.0,24578.0,3659.0,P_1-1-pt_1747,Bluetooth,6993.0,0.5232375232375233
P_1-1-pt_1766_L_UAF9K4KO,21628.0,25200.0,3573.0,P_1-1-pt_1766,LTE,3573.0,1.0
P_1-1-pt_1771_L_LOQLLH2D,21631.0,25200.0,3570.0,P_1-1-pt_1771,LTE,3570.0,1.0
P_1-1-pt_1798_B_OLEH9H2X,21605.0,25200.0,3596.0,P_1-1-pt_1798,Bluetooth,5574.0,0.6451381413706494
P_1-1-pt_182_B_WAYTFOGR,21390.0,25200.0,3811.0,P_1-1-pt_182,Bluetooth,6141.0,0.6205829669434946
P_1-1-pt_1826_B_6D71M922,21432.0,25200.0,3769.0,P_1-1-pt_1826,Bluetooth,3769.0,1.0
P_1-1-pt_1853_L_MZXUJTVE,22680.0,25085.0,2406.0,P_1-1-pt_1853,LTE,4427.0,0.5434831714479331
P_1-1-pt_1866_L_RBCQFZDO,21535.0,24410.0,2876.0,P_1-1-pt_1866,LTE,3666.0,0.784506273867976
P_1-1-pt_192_B_Z1HHJ9OW,20251.0,25200.0,4950.0,P_1-1-pt_192,Bluetooth,4950.0,1.0
P_1-1-pt_1923_B_ERHGE2J8,20599.0,25200.0,4602.0,P_1-1-pt_1923,Bluetooth,5187.0,0.8872180451127819
P_1-1-pt_1940_B_NH0Z637C,22008.0,25200.0,3193.0,P_1-1-pt_1940,Bluetooth,3193.0,1.0
P_1-1-pt_1963_L_E5LFMTHY,21071.0,25200.0,4130.0,P_1-1-pt_1963,LTE,4130.0,1.0
P_1-1-pt_1966_L_B8ZA0MB5,18875.0,25200.0,6326.0,P_1-1-pt_1966,LTE,6326.0,1.0
P_1-1-pt_1981_B_RMQMTX8F,21922.0,25066.0,3145.0,P_1-1-pt_1981,Bluetooth,3279.0,0.9591338822811832
P_1-1-pt_1995_B_Z0YAW7AB,21064.0,25200.0,4137.0,P_1-1-pt_1995,Bluetooth,4137.0,1.0
P_1-1-pt_2004_L_SARTOW7J,20844.0,25200.0,4357.0,P_1-1-pt_2004,LTE,4357.0,1.0
P_1-1-pt_2012_L_DK1PU3I0,21083.0,25200.0,4118.0,P_1-1-pt_2012,LTE,4118.0,1.0
P_1-1-pt_2013_B_VK8XZK48,21571.0,24558.0,2988.0,P_1-1-pt_2013,Bluetooth,6083.0,0.49120499753411145
P_1-1-pt_2032_L_FKY6IVYL,18740.0,25200.0,6461.0,P_1-1-pt_2032,LTE,6461.0,1.0
P_1-1-pt_2037_L_JRJ8UJ5B,21920.0,25200.0,3281.0,P_1-1-pt_2037,LTE,3281.0,1.0
P_1-1-pt_2119_B_FQ71QZ0J,22155.0,25200.0,3046.0,P_1-1-pt_2119,Bluetooth,3046.0,1.0
P_1-1-pt_2129_L_C8V4J9XM,18717.0,25200.0,6484.0,P_1-1-pt_2129,LTE,6484.0,1.0
P_1-1-pt_216_L_QOX84W9E,20231.0,25200.0,4970.0,P_1-1-pt_216,LTE,4970.0,1.0
P_1-1-pt_2162_L_K7P9P84U,18351.0,25200.0,6850.0,P_1-1-pt_2162,LTE,6850.0,1.0
P_1-1-pt_2164_B_B46DOFGY,20556.0,25200.0,4645.0,P_1-1-pt_2164,Bluetooth,4645.0,1.0
P_1-1-pt_2170_B_F077EPBB,18672.0,25200.0,6529.0,P_1-1-pt_2170,Bluetooth,6529.0,1.0
P_1-1-pt_2187_B_61T5KAQD,21025.0,25200.0,4176.0,P_1-1-pt_2187,Bluetooth,4176.0,1.0
P_1-1-pt_2194_L_2UXR9ANA,21619.0,25200.0,3582.0,P_1-1-pt_2194,LTE,4871.0,0.7353726134264011
P_1-1-pt_2218_B_48ZQG6YS,19891.0,25200.0,5310.0,P_1-1-pt_2218,Bluetooth,5310.0,1.0
P_1-1-pt_2247_B_4ST2EQP4,22083.0,25200.0,3118.0,P_1-1-pt_2247,Bluetooth,3118.0,1.0
P_1-1-pt_2255_L_Z703482I,22089.0,25200.0,3112.0,P_1-1-pt_2255,LTE,3112.0,1.0
P_1-1-pt_2262_B_JQWRV48D,21722.0,25200.0,3479.0,P_1-1-pt_2262,Bluetooth,3479.0,1.0
P_1-1-pt_2297_B_E5KYM94C,21580.0,25200.0,3621.0,P_1-1-pt_2297,Bluetooth,5715.0,0.6335958005249344
P_1-1-pt_23_L_CLIVGA1M,21346.0,25200.0,3855.0,P_1-1-pt_23,LTE,3855.0,1.0
P_1-1-pt_2317_B_OI6E4UX1,20710.0,25200.0,4491.0,P_1-1-pt_2317,Bluetooth,4491.0,1.0
P_1-1-pt_2334_L_PE821RS2,21307.0,25200.0,3894.0,P_1-1-pt_2334,LTE,3894.0,1.0
P_1-1-pt_234_L_QNLAT7YI,20803.0,24621.0,3819.0,P_1-1-pt_234,LTE,4398.0,0.8683492496589359
P_1-1-pt_2342_L_Z23PF7DS,18272.0,25200.0,6929.0,P_1-1-pt_2342,LTE,6929.0,1.0
P_1-1-pt_2369_L_TDE3VM8Y,20209.0,23136.0,2928.0,P_1-1-pt_2369,LTE,6654.0,0.4400360685302074
P_1-1-pt_2378_L_50H8X1E2,20794.0,25200.0,4407.0,P_1-1-pt_2378,LTE,4407.0,1.0
P_1-1-pt_2383_B_FY48KU88,21046.0,25200.0,4155.0,P_1-1-pt_2383,Bluetooth,4155.0,1.0
P_1-1-pt_2420_L_73BC0WVJ,21653.0,25200.0,3548.0,P_1-1-pt_2420,LTE,3548.0,1.0
P_1-1-pt_2424_B_TT7GFORY,19481.0,25200.0,5720.0,P_1-1-pt_2424,Bluetooth,5720.0,1.0
P_1-1-pt_2425_L_JEWPJ0AR,18937.0,23734.0,4798.0,P_1-1-pt_2425,LTE,6264.0,0.7659642401021711
P_1-1-pt_2427_B_JS2J5VJB,21490.0,25200.0,3711.0,P_1-1-pt_2427,Bluetooth,3711.0,1.0
P_1-1-pt_2431_L_0IGC2MWD,18743.0,25200.0,6458.0,P_1-1-pt_2431,LTE,6458.0,1.0
P_1-1-pt_2474_L_GJAKT5LQ,21363.0,25200.0,3838.0,P_1-1-pt_2474,LTE,3838.0,1.0
P_1-1-pt_2503_L_S3BOUJJD,20820.0,25200.0,4381.0,P_1-1-pt_2503,LTE,5459.0,0.8025279355193259
P_1-1-pt_2513_B_32OB783S,22369.0,25200.0,2832.0,P_1-1-pt_2513,Bluetooth,2832.0,1.0
P_1-1-pt_2528_L_OUOZMBU4,21561.0,24908.0,3348.0,P_1-1-pt_2528,LTE,3640.0,0.9197802197802197
P_1-1-pt_2529_B_3X02ZUE8,18564.0,24008.0,5445.0,P_1-1-pt_2529,Bluetooth,6637.0,0.820400783486515
P_1-1-pt_2533_B_WF40IHUW,20668.0,25200.0,4533.0,P_1-1-pt_2533,Bluetooth,4533.0,1.0
P_1-1-pt_2535_B_0JDO3RL1,22194.0,25200.0,3007.0,P_1-1-pt_2535,Bluetooth,3007.0,1.0
P_1-1-pt_2542_L_Y6GNOH3Y,20451.0,23546.0,3096.0,P_1-1-pt_2542,LTE,4750.0,0.6517894736842105
P_1-1-pt_255_L_06LLX0OW,18079.0,25200.0,7122.0,P_1-1-pt_255,LTE,7122.0,1.0
P_1-1-pt_2550_L_19LI0UVE,22352.0,25200.0,2849.0,P_1-1-pt_2550,LTE,2849.0,1.0
P_1-1-pt_2606_B_8LWYZF01,18514.0,25200.0,6687.0,P_1-1-pt_2606,Bluetooth,6687.0,1.0
P_1-1-pt_262_B_HBHCSP8Y,22346.0,25200.0,2855.0,P_1-1-pt_262,Bluetooth,2855.0,1.0
P_1-1-pt_2675_B_FBNHGO5N,21961.0,25146.0,3186.0,P_1-1-pt_2675,Bluetooth,3240.0,0.9833333333333333
P_1-1-pt_2690_B_CW4OMRVU,22215.0,25200.0,2986.0,P_1-1-pt_2690,Bluetooth,2986.0,1.0
P_1-1-pt_2702_B_PV7Z21I1,20213.0,25200.0,4988.0,P_1-1-pt_2702,Bluetooth,4988.0,1.0
P_1-1-pt_2708_L_1PSAQBBC,20917.0,23829.0,2913.0,P_1-1-pt_2708,LTE,4284.0,0.6799719887955182
P_1-1-pt_2713_L_S2KDU49H,20123.0,25200.0,5078.0,P_1-1-pt_2713,LTE,5078.0,1.0
P_1-1-pt_2718_L_WTUVXI07,19195.0,25200.0,6006.0,P_1-1-pt_2718,LTE,6006.0,1.0
P_1-1-pt_2735_B_W0C2NFZV,22399.0,25200.0,2802.0,P_1-1-pt_2735,Bluetooth,2802.0,1.0
P_1-1-pt_2747_B_UIPXIVRQ,21987.0,25200.0,3214.0,P_1-1-pt_2747,Bluetooth,3214.0,1.0
P_1-1-pt_2748_L_CWF30F5U,20320.0,25200.0,4881.0,P_1-1-pt_2748,LTE,4881.0,1.0
P_1-1-pt_2770_B_M1X6RK61,18074.0,25200.0,7127.0,P_1-1-pt_2770,Bluetooth,7127.0,1.0
P_1-1-pt_2771_L_YP5GBMZW,21297.0,25200.0,3904.0,P_1-1-pt_2771,LTE,3904.0,1.0
P_1-1-pt_2782_L_LERTAB71,19862.0,25200.0,5339.0,P_1-1-pt_2782,LTE,5339.0,1.0
P_1-1-pt_280_B_30BS73P0,21361.0,25200.0,3840.0,P_1-1-pt_280,Bluetooth,3840.0,1.0
P_1-1-pt_2808_B_LLSZVQUI,19783.0,25200.0,5418.0,P_1-1-pt_2808,Bluetooth,5418.0,1.0
P_1-1-pt_281_B_HQS7RNKV,22301.0,25200.0,2900.0,P_1-1-pt_281,Bluetooth,2900.0,1.0
P_1-1-pt_2820_L_QVX85OCJ,18717.0,25200.0,6484.0,P_1-1-pt_2820,LTE,6484.0,1.0
P_1-1-pt_2834_B_WH9Z70WQ,19094.0,25200.0,6107.0,P_1-1-pt_2834,Bluetooth,6107.0,1.0
P_1-1-pt_2844_B_3FXMT70X,18372.0,25200.0,6829.0,P_1-1-pt_2844,Bluetooth,6829.0,1.0
P_1-1-pt_2854_B_12XW1G8T,20814.0,25200.0,4387.0,P_1-1-pt_2854,Bluetooth,4387.0,1.0
P_1-1-pt_2863_L_2T44QS3F,18772.0,25200.0,6429.0,P_1-1-pt_2863,LTE,6429.0,1.0
P_1-1-pt_2880_L_DNP0XLH3,22279.0,24832.0,2554.0,P_1-1-pt_2880,LTE,5898.0,0.4330281451339437
P_1-1-pt_2882_B_ON4MCRC9,21152.0,25200.0,4049.0,P_1-1-pt_2882,Bluetooth,5030.0,0.8049701789264414
P_1-1-pt_2894_B_G0RSVOQN,21499.0,25200.0,3702.0,P_1-1-pt_2894,Bluetooth,5124.0,0.7224824355971897
P_1-1-pt_2920_B_JKUGIISJ,19077.0,25200.0,6124.0,P_1-1-pt_2920,Bluetooth,6124.0,1.0
P_1-1-pt_2927_B_QV4PEQDO,20381.0,25200.0,4820.0,P_1-1-pt_2927,Bluetooth,4820.0,1.0
P_1-1-pt_2947_B_5OQJP6T4,21060.0,25200.0,4141.0,P_1-1-pt_2947,Bluetooth,4141.0,1.0
P_1-1-pt_2952_L_GKVVTXWW,19667.0,23618.0,3952.0,P_1-1-pt_2952,LTE,5567.0,0.7098976109215017
P_1-1-pt_2957_B_JHNYN9ML,20337.0,25200.0,4864.0,P_1-1-pt_2957,Bluetooth,4864.0,1.0
P_1-1-pt_296_L_0MPV3SBO,20163.0,25200.0,5038.0,P_1-1-pt_296,LTE,5038.0,1.0
P_1-1-pt_2961_L_X9EAFG8M,19115.0,25200.0,6086.0,P_1-1-pt_2961,LTE,6086.0,1.0
P_1-1-pt_297_B_4L4NXFOR,19146.0,25200.0,6055.0,P_1-1-pt_297,Bluetooth,6055.0,1.0
P_1-1-pt_2985_B_HBTPAMIR,22228.0,25200.0,2973.0,P_1-1-pt_2985,Bluetooth,2973.0,1.0
P_1-1-pt_2992_B_05VF81QR,20777.0,25200.0,4424.0,P_1-1-pt_2992,Bluetooth,4710.0,0.9392781316348195
P_1-1-pt_3002_B_WS3ZAIA8,20210.0,25200.0,4991.0,P_1-1-pt_3002,Bluetooth,4991.0,1.0
P_1-1-pt_3021_B_YLHDPYHV,21060.0,25200.0,4141.0,P_1-1-pt_3021,Bluetooth,4141.0,1.0
P_1-1-pt_3025_L_7E1B2GR3,22393.0,25200.0,2808.0,P_1-1-pt_3025,LTE,2808.0,1.0
P_1-1-pt_3046_B_YWPUEONZ,20741.0,25200.0,4460.0,P_1-1-pt_3046,Bluetooth,4460.0,1.0
P_1-1-pt_3055_B_L3SAJNP2,20121.0,25200.0,5080.0,P_1-1-pt_3055,Bluetooth,5080.0,1.0
P_1-1-pt_3067_L_K8U034NU,19288.0,25200.0,5913.0,P_1-1-pt_3067,LTE,5913.0,1.0
P_1-1-pt_308_B_18TOE769,21856.0,25200.0,3345.0,P_1-1-pt_308,Bluetooth,3345.0,1.0
P_1-1-pt_3081_L_9LC8MLC6,22200.0,25200.0,3001.0,P_1-1-pt_3081,LTE,3001.0,1.0
P_1-1-pt_3097_B_IGQ11WCU,19028.0,24589.0,5562.0,P_1-1-pt_3097,Bluetooth,6173.0,0.9010205734650899
P_1-1-pt_3112_B_PBNT2EIG,20993.0,25200.0,4208.0,P_1-1-pt_3112,Bluetooth,4208.0,1.0
P_1-1-pt_3128_B_1CEYC2VE,20536.0,25200.0,4665.0,P_1-1-pt_3128,Bluetooth,4665.0,1.0
P_1-1-pt_3171_L_QACHOVTT,22362.0,25200.0,2839.0,P_1-1-pt_3171,LTE,2839.0,1.0
P_1-1-pt_3176_B_1NRTE0DA,20283.0,25200.0,4918.0,P_1-1-pt_3176,Bluetooth,5712.0,0.8609943977591037
P_1-1-pt_3188_B_25JONI7R,20667.0,25200.0,4534.0,P_1-1-pt_3188,Bluetooth,4534.0,1.0
P_1-1-pt_3189_L_ERJCIZTG,21065.0,25200.0,4136.0,P_1-1-pt_3189,LTE,4634.0,0.8925334484246871
P_1-1-pt_3207_B_ALB73RVB,22665.0,25075.0,2411.0,P_1-1-pt_3207,Bluetooth,5882.0,0.40989459367562053
P_1-1-pt_3214_B_7KGS8JLU,21516.0,23835.0,2320.0,P_1-1-pt_3214,Bluetooth,3685.0,0.6295793758480326
P_1-1-pt_3220_L_KVLX8CRF,20124.0,25200.0,5077.0,P_1-1-pt_3220,LTE,5077.0,1.0
P_1-1-pt_3229_L_QWVQWPAE,20278.0,25200.0,4923.0,P_1-1-pt_3229,LTE,4923.0,1.0
P_1-1-pt_3230_B_HUUZKVFF,19258.0,25200.0,5943.0,P_1-1-pt_3230,Bluetooth,5943.0,1.0
P_1-1-pt_3275_B_7UTHOVIL,18731.0,22355.0,3625.0,P_1-1-pt_3275,Bluetooth,6470.0,0.5602782071097373
P_1-1-pt_3306_L_9XPNYOXX,22099.0,25200.0,3102.0,P_1-1-pt_3306,LTE,3102.0,1.0
P_1-1-pt_3329_B_48N2VH75,20946.0,25200.0,4255.0,P_1-1-pt_3329,Bluetooth,4255.0,1.0
P_1-1-pt_3353_L_9EKXD88I,19580.0,25200.0,5621.0,P_1-1-pt_3353,LTE,5621.0,1.0
P_1-1-pt_3355_L_9STECWVB,22140.0,25200.0,3061.0,P_1-1-pt_3355,LTE,3061.0,1.0
P_1-1-pt_3360_B_4I1TN1CM,22192.0,25200.0,3009.0,P_1-1-pt_3360,Bluetooth,3205.0,0.9388455538221528
P_1-1-pt_3365_L_QYFSEZ27,20781.0,25200.0,4420.0,P_1-1-pt_3365,LTE,4420.0,1.0
P_1-1-pt_3372_L_V2ZEIRC1,20709.0,25200.0,4492.0,P_1-1-pt_3372,LTE,4492.0,1.0
P_1-1-pt_3386_B_UP67L4CK,20714.0,25200.0,4487.0,P_1-1-pt_3386,Bluetooth,5632.0,0.7966974431818182
P_1-1-pt_3388_B_3RKGJ0D8,21617.0,25200.0,3584.0,P_1-1-pt_3388,Bluetooth,3584.0,1.0
P_1-1-pt_3405_L_R1P04HEG,20786.0,25200.0,4415.0,P_1-1-pt_3405,LTE,4415.0,1.0
P_1-1-pt_3409_B_UHGHCMQ3,19458.0,23070.0,3613.0,P_1-1-pt_3409,Bluetooth,5743.0,0.6291137036392129
P_1-1-pt_3422_L_8Y7GHWIA,20837.0,25200.0,4364.0,P_1-1-pt_3422,LTE,4596.0,0.9495213228894691
P_1-1-pt_3425_L_N1QREWGC,21510.0,25200.0,3691.0,P_1-1-pt_3425,LTE,3691.0,1.0
P_1-1-pt_3457_B_6O6FE2Z8,20995.0,25200.0,4206.0,P_1-1-pt_3457,Bluetooth,4206.0,1.0
P_1-1-pt_3469_L_24TI4FKT,21593.0,25200.0,3608.0,P_1-1-pt_3469,LTE,3880.0,0.9298969072164949
P_1-1-pt_3474_B_XGC2628X,22013.0,25200.0,3188.0,P_1-1-pt_3474,Bluetooth,3188.0,1.0
P_1-1-pt_3489_L_O44IYVVE,19862.0,25200.0,5339.0,P_1-1-pt_3489,LTE,6495.0,0.822016936104696
P_1-1-pt_3508_B_E33OSC2F,19946.0,25200.0,5255.0,P_1-1-pt_3508,Bluetooth,5255.0,1.0
P_1-1-pt_3512_B_WC8YUA96,19780.0,25200.0,5421.0,P_1-1-pt_3512,Bluetooth,5421.0,1.0
P_1-1-pt_357_L_DM67EJBO,22024.0,25200.0,3177.0,P_1-1-pt_357,LTE,3177.0,1.0
P_1-1-pt_3571_B_AK4LRPDF,19289.0,25200.0,5912.0,P_1-1-pt_3571,Bluetooth,5912.0,1.0
P_1-1-pt_3573_L_K59I4DLO,21492.0,24756.0,3265.0,P_1-1-pt_3573,LTE,3709.0,0.8802911836074414
P_1-1-pt_3595_B_4E93YW28,19280.0,25200.0,5921.0,P_1-1-pt_3595,Bluetooth,5921.0,1.0
P_1-1-pt_3624_L_LJ5237OY,21792.0,25200.0,3409.0,P_1-1-pt_3624,LTE,5861.0,0.5816413581300119
P_1-1-pt_3629_B_TUIIX1Z2,18123.0,21823.0,3701.0,P_1-1-pt_3629,Bluetooth,7078.0,0.5228878214184798
P_1-1-pt_363_B_4J058K8U,20126.0,25200.0,5075.0,P_1-1-pt_363,Bluetooth,5075.0,1.0
P_1-1-pt_3638_L_SYO394PU,21721.0,25200.0,3480.0,P_1-1-pt_3638,LTE,3480.0,1.0
P_1-1-pt_3669_L_TFMP84OA,21612.0,25200.0,3589.0,P_1-1-pt_3669,LTE,3589.0,1.0
P_1-1-pt_3670_B_QGUFJ7FM,19943.0,25200.0,5258.0,P_1-1-pt_3670,Bluetooth,5258.0,1.0
P_1-1-pt_3671_L_FWKQASWR,18958.0,25200.0,6243.0,P_1-1-pt_3671,LTE,6243.0,1.0
P_1-1-pt_3684_L_DX5IUFSR,21900.0,25200.0,3301.0,P_1-1-pt_3684,LTE,3301.0,1.0
P_1-1-pt_3700_B_QG66N4UF,22109.0,24621.0,2513.0,P_1-1-pt_3700,Bluetooth,3092.0,0.8127425614489003
P_1-1-pt_3713_B_5CHDX7I6,22344.0,25200.0,2857.0,P_1-1-pt_3713,Bluetooth,2978.0,0.9593687038280725
P_1-1-pt_3748_L_GV3T0SU6,21646.0,25200.0,3555.0,P_1-1-pt_3748,LTE,3555.0,1.0
P_1-1-pt_3749_L_DDQ0ZG1C,21468.0,25200.0,3733.0,P_1-1-pt_3749,LTE,3733.0,1.0
P_1-1-pt_3762_B_RO745YR4,20323.0,25200.0,4878.0,P_1-1-pt_3762,Bluetooth,4906.0,0.9942927028128822
P_1-1-pt_3769_B_S8T9MQ1Q,18515.0,25200.0,6686.0,P_1-1-pt_3769,Bluetooth,6686.0,1.0
P_1-1-pt_3779_B_OACYNHYZ,22265.0,25200.0,2936.0,P_1-1-pt_3779,Bluetooth,2936.0,1.0
P_1-1-pt_3797_B_K4A0BGFR,21333.0,25200.0,3868.0,P_1-1-pt_3797,Bluetooth,3868.0,1.0
P_1-1-pt_3800_B_RAI4CBGE,19727.0,25200.0,5474.0,P_1-1-pt_3800,Bluetooth,5474.0,1.0
P_1-1-pt_3808_B_5EY43YKP,21539.0,25200.0,3662.0,P_1-1-pt_3808,Bluetooth,3788.0,0.9667370644139388
P_1-1-pt_3820_L_4KD9JQ5N,21618.0,24086.0,2469.0,P_1-1-pt_3820,LTE,3583.0,0.6890873569634385
P_1-1-pt_385_B_4ILSKZMP,22289.0,25200.0,2912.0,P_1-1-pt_385,Bluetooth,2912.0,1.0
P_1-1-pt_3858_B_0BWAJ87Q,18633.0,25200.0,6568.0,P_1-1-pt_3858,Bluetooth,6728.0,0.976218787158145
P_1-1-pt_3865_L_3497TLLN,21595.0,25200.0,3606.0,P_1-1-pt_3865,LTE,3606.0,1.0
P_1-1-pt_3869_L_OZ680AGW,20986.0,24974.0,3989.0,P_1-1-pt_3869,LTE,4215.0,0.9463819691577698
P_1-1-pt_3881_L_IZCK7DKA,20886.0,25200.0,4315.0,P_1-1-pt_3881,LTE,4315.0,1.0
P_1-1-pt_3910_B_4B9YSIYF,20353.0,25054.0,4702.0,P_1-1-pt_3910,Bluetooth,4848.0,0.9698844884488449
P_1-1-pt_3916_L_BX3S928L,19697.0,25200.0,5504.0,P_1-1-pt_3916,LTE,5504.0,1.0
P_1-1-pt_3922_B_9DCOAR39,21794.0,25200.0,3407.0,P_1-1-pt_3922,Bluetooth,3407.0,1.0
P_1-1-pt_3927_B_AY18X05C,18594.0,22211.0,3618.0,P_1-1-pt_3927,Bluetooth,6679.0,0.5416978589609223
P_1-1-pt_3931_L_NFE52XDJ,19823.0,25200.0,5378.0,P_1-1-pt_3931,LTE,5378.0,1.0
P_1-1-pt_394_L_T4VH0Y6U,19370.0,24811.0,5442.0,P_1-1-pt_394,LTE,5831.0,0.9332876007545875
P_1-1-pt_3957_L_XVOZVGVY,20843.0,25200.0,4358.0,P_1-1-pt_3957,LTE,4358.0,1.0
P_1-1-pt_3964_B_JIMNWTMM,20340.0,25200.0,4861.0,P_1-1-pt_3964,Bluetooth,4861.0,1.0
P_1-1-pt_3993_L_QTNSIIWT,22221.0,25200.0,2980.0,P_1-1-pt_3993,LTE,2980.0,1.0
P_1-1-pt_4019_L_R7CGNMMZ,22319.0,25200.0,2882.0,P_1-1-pt_4019,LTE,2882.0,1.0
P_1-1-pt_4064_B_IPHM9PO9,20594.0,25200.0,4607.0,P_1-1-pt_4064,Bluetooth,4607.0,1.0
P_1-1-pt_4070_B_KC8MNN4M,21573.0,25200.0,3628.0,P_1-1-pt_4070,Bluetooth,3993.0,0.9085900325569747
P_1-1-pt_4071_B_NIMCC4RG,22019.0,25200.0,3182.0,P_1-1-pt_4071,Bluetooth,3277.0,0.9710100701861458
P_1-1-pt_4076_B_KI3PXBJV,20510.0,25200.0,4691.0,P_1-1-pt_4076,Bluetooth,4691.0,1.0
P_1-1-pt_4097_B_0M0DAHIZ,20890.0,25200.0,4311.0,P_1-1-pt_4097,Bluetooth,4311.0,1.0
P_1-1-pt_411_L_AJMRLEIN,21977.0,25200.0,3224.0,P_1-1-pt_411,LTE,3224.0,1.0
P_1-1-pt_413_B_C3BNX7PF,20608.0,25200.0,4593.0,P_1-1-pt_413,Bluetooth,4593.0,1.0
P_1-1-pt_4186_L_BGRU0SVU,20672.0,23017.0,2346.0,P_1-1-pt_4186,LTE,4529.0,0.5179951424155442
P_1-1-pt_4212_B_BMR4V4G0,21201.0,25200.0,4000.0,P_1-1-pt_4212,Bluetooth,4000.0,1.0
P_1-1-pt_4258_B_XJY8J22I,21965.0,25200.0,3236.0,P_1-1-pt_4258,Bluetooth,3236.0,1.0
P_1-1-pt_4262_L_QANCXOEV,19980.0,25200.0,5221.0,P_1-1-pt_4262,LTE,6777.0,0.7703998819536668
P_1-1-pt_4312_L_URJLATXT,21042.0,25200.0,4159.0,P_1-1-pt_4312,LTE,4159.0,1.0
P_1-1-pt_4345_L_XXP5QX5M,23160.0,25200.0,2041.0,P_1-1-pt_4345,LTE,3144.0,0.6491730279898219
P_1-1-pt_4353_B_KNHMBGI5,21003.0,25200.0,4198.0,P_1-1-pt_4353,Bluetooth,4198.0,1.0
P_1-1-pt_4363_B_TZ8RFIQ9,22384.0,25200.0,2817.0,P_1-1-pt_4363,Bluetooth,2817.0,1.0
P_1-1-pt_4380_B_JVEVB2AQ,19651.0,25200.0,5550.0,P_1-1-pt_4380,Bluetooth,5550.0,1.0
P_1-1-pt_4381_L_X9RCW3MT,21428.0,25200.0,3773.0,P_1-1-pt_4381,LTE,3854.0,0.9789828749351324
P_1-1-pt_4397_B_820ART3U,20292.0,25200.0,4909.0,P_1-1-pt_4397,Bluetooth,4909.0,1.0
P_1-1-pt_4405_L_7H9LCRR6,21903.0,25200.0,3298.0,P_1-1-pt_4405,LTE,3298.0,1.0
P_1-1-pt_4407_L_N69SCYS2,21283.0,25200.0,3918.0,P_1-1-pt_4407,LTE,3918.0,1.0
P_1-1-pt_4474_L_YO5S6P78,23124.0,25200.0,2077.0,P_1-1-pt_4474,LTE,2937.0,0.7071842015662241
P_1-1-pt_4541_L_DSR4ZMI8,19408.0,24799.0,5392.0,P_1-1-pt_4541,LTE,5793.0,0.9307785258070085
P_1-1-pt_4554_B_OVJD4D63,21659.0,25200.0,3542.0,P_1-1-pt_4554,Bluetooth,3542.0,1.0
P_1-1-pt_4568_L_RUFGYATD,21400.0,25200.0,3801.0,P_1-1-pt_4568,LTE,3801.0,1.0
P_1-1-pt_4572_L_COHIDKW4,20381.0,24696.0,4316.0,P_1-1-pt_4572,LTE,4820.0,0.8954356846473029
P_1-1-pt_4586_L_PN100DIU,21218.0,25200.0,3983.0,P_1-1-pt_4586,LTE,3983.0,1.0
P_1-1-pt_4589_B_OYF4RE5V,20998.0,25200.0,4203.0,P_1-1-pt_4589,Bluetooth,4203.0,1.0
P_1-1-pt_459_L_1RROQG3V,22349.0,25200.0,2852.0,P_1-1-pt_459,LTE,4999.0,0.5705141028205641
P_1-1-pt_4595_L_ESSK2US3,19577.0,25200.0,5624.0,P_1-1-pt_4595,LTE,5624.0,1.0
P_1-1-pt_4628_B_JH8CTA6X,21629.0,25200.0,3572.0,P_1-1-pt_4628,Bluetooth,3572.0,1.0
P_1-1-pt_4645_B_YV89K8XG,19046.0,25200.0,6155.0,P_1-1-pt_4645,Bluetooth,6155.0,1.0
P_1-1-pt_4664_B_DI1BG2B1,21577.0,25200.0,3624.0,P_1-1-pt_4664,Bluetooth,4292.0,0.8443616029822927
P_1-1-pt_467_B_YAPJYY34,20646.0,25200.0,4555.0,P_1-1-pt_467,Bluetooth,4555.0,1.0
P_1-1-pt_4671_B_7V00S1C8,18353.0,25200.0,6848.0,P_1-1-pt_4671,Bluetooth,6848.0,1.0
P_1-1-pt_4672_L_NJNQIMIL,22405.0,25200.0,2796.0,P_1-1-pt_4672,LTE,2796.0,1.0
P_1-1-pt_4715_B_3MQT7SYU,20587.0,25200.0,4614.0,P_1-1-pt_4715,Bluetooth,6476.0,0.7124768375540457
P_1-1-pt_4723_B_97780X22,21128.0,25200.0,4073.0,P_1-1-pt_4723,Bluetooth,4073.0,1.0
P_1-1-pt_4727_L_OBTUJFKZ,20838.0,25200.0,4363.0,P_1-1-pt_4727,LTE,4363.0,1.0
P_1-1-pt_4736_L_DB9PAAXV,18877.0,24705.0,5829.0,P_1-1-pt_4736,LTE,6324.0,0.9217267552182163
P_1-1-pt_4739_B_G0U4L3UQ,19956.0,25200.0,5245.0,P_1-1-pt_4739,Bluetooth,5245.0,1.0
P_1-1-pt_4740_B_7J775921,22173.0,25200.0,3028.0,P_1-1-pt_4740,Bluetooth,3028.0,1.0
P_1-1-pt_4779_B_PFHW9NLY,21985.0,24957.0,2973.0,P_1-1-pt_4779,Bluetooth,3253.0,0.9139256071318783
P_1-1-pt_4785_B_EUTE1UY7,21429.0,25200.0,3772.0,P_1-1-pt_4785,Bluetooth,5870.0,0.6425894378194208
P_1-1-pt_4788_B_LJQE8CWK,21285.0,25200.0,3916.0,P_1-1-pt_4788,Bluetooth,3916.0,1.0
P_1-1-pt_4789_L_0Y6P1FJT,19898.0,25200.0,5303.0,P_1-1-pt_4789,LTE,5303.0,1.0
P_1-1-pt_4799_B_KL97U474,21289.0,25200.0,3912.0,P_1-1-pt_4799,Bluetooth,3912.0,1.0
P_1-1-pt_480_B_JO7VYKD6,21773.0,25200.0,3428.0,P_1-1-pt_480,Bluetooth,3428.0,1.0
P_1-1-pt_4806_L_KQQIVBVR,21787.0,25200.0,3414.0,P_1-1-pt_4806,LTE,3414.0,1.0
P_1-1-pt_4823_L_ZBK7LOCI,20866.0,25200.0,4335.0,P_1-1-pt_4823,LTE,4335.0,1.0
P_1-1-pt_4832_L_SH6QXE9N,21833.0,25200.0,3368.0,P_1-1-pt_4832,LTE,3368.0,1.0
P_1-1-pt_4850_B_I6JVCOWP,21833.0,25200.0,3368.0,P_1-1-pt_4850,Bluetooth,4840.0,0.6958677685950413
P_1-1-pt_4855_L_ANY3P88F,21954.0,25200.0,3247.0,P_1-1-pt_4855,LTE,3247.0,1.0
P_1-1-pt_4875_B_9CBHSDWI,21635.0,25200.0,3566.0,P_1-1-pt_4875,Bluetooth,6465.0,0.551585460170147
P_1-1-pt_4879_L_7VR6UW7E,18560.0,21883.0,3324.0,P_1-1-pt_4879,LTE,6641.0,0.5005270290618883
P_1-1-pt_4901_B_WTAMKA5L,21411.0,25200.0,3790.0,P_1-1-pt_4901,Bluetooth,5436.0,0.6972038263428992
P_1-1-pt_4919_B_SOO1HQD9,19769.0,25200.0,5432.0,P_1-1-pt_4919,Bluetooth,5432.0,1.0
P_1-1-pt_494_B_CAWQ8ZYA,20635.0,25200.0,4566.0,P_1-1-pt_494,Bluetooth,6748.0,0.6766449318316539
P_1-1-pt_4940_L_8BM4L2YF,20998.0,25200.0,4203.0,P_1-1-pt_4940,LTE,4203.0,1.0
P_1-1-pt_4945_B_23EU7QER,21336.0,25200.0,3865.0,P_1-1-pt_4945,Bluetooth,3865.0,1.0
P_1-1-pt_4966_B_4UUFUXRS,19185.0,25200.0,6016.0,P_1-1-pt_4966,Bluetooth,6016.0,1.0
P_1-1-pt_498_B_4J2W7J0Z,19755.0,25200.0,5446.0,P_1-1-pt_498,Bluetooth,5446.0,1.0
P_1-1-pt_4988_L_ECOSMHJ7,20488.0,25200.0,4713.0,P_1-1-pt_4988,LTE,4713.0,1.0
P_1-1-pt_4996_L_IR1KOXU5,18341.0,25200.0,6860.0,P_1-1-pt_4996,LTE,6860.0,1.0
P_1-1-pt_5051_B_1M90JADU,22183.0,25200.0,3018.0,P_1-1-pt_5051,Bluetooth,3018.0,1.0
P_1-1-pt_5053_L_2EHVMI2S,21240.0,25200.0,3961.0,P_1-1-pt_5053,LTE,3961.0,1.0
P_1-1-pt_5066_L_C5NLUN7U,21662.0,25200.0,3539.0,P_1-1-pt_5066,LTE,3539.0,1.0
P_1-1-pt_5068_B_C6ZDNK7A,21799.0,25200.0,3402.0,P_1-1-pt_5068,Bluetooth,3402.0,1.0
P_1-1-pt_5070_B_7K58LGKC,20093.0,25200.0,5108.0,P_1-1-pt_5070,Bluetooth,5108.0,1.0
P_1-1-pt_5078_B_4CVOVPX5,18039.0,21870.0,3832.0,P_1-1-pt_5078,Bluetooth,7162.0,0.53504607651494
P_1-1-pt_5082_B_97GX08UC,21644.0,25200.0,3557.0,P_1-1-pt_5082,Bluetooth,3557.0,1.0
P_1-1-pt_5115_L_VO9SS7WG,18686.0,25200.0,6515.0,P_1-1-pt_5115,LTE,6515.0,1.0
P_1-1-pt_5137_B_L8C1TIF2,21598.0,25200.0,3603.0,P_1-1-pt_5137,Bluetooth,3603.0,1.0
P_1-1-pt_5139_B_MOZ100S2,18629.0,25200.0,6572.0,P_1-1-pt_5139,Bluetooth,7125.0,0.9223859649122808
P_1-1-pt_5142_L_ZH68FU10,22312.0,25200.0,2889.0,P_1-1-pt_5142,LTE,2889.0,1.0
P_1-1-pt_5143_B_WT1EGCYG,21551.0,25200.0,3650.0,P_1-1-pt_5143,Bluetooth,3671.0,0.9942794878779624
P_1-1-pt_5152_L_SDXK0XB0,21994.0,25200.0,3207.0,P_1-1-pt_5152,LTE,3207.0,1.0
P_1-1-pt_5154_B_B6N5PS68,21065.0,25200.0,4136.0,P_1-1-pt_5154,Bluetooth,4136.0,1.0
P_1-1-pt_5167_L_CKXNUYDS,19504.0,25200.0,5697.0,P_1-1-pt_5167,LTE,7055.0,0.807512402551382
P_1-1-pt_5170_L_VUFUJJX5,19993.0,25200.0,5208.0,P_1-1-pt_5170,LTE,5208.0,1.0
P_1-1-pt_5173_B_N6T1F639,22220.0,24689.0,2470.0,P_1-1-pt_5173,Bluetooth,3308.0,0.7466747279322854
P_1-1-pt_5193_L_EDOBETK0,18908.0,25200.0,6293.0,P_1-1-pt_5193,LTE,6293.0,1.0
P_1-1-pt_5199_B_8VWS4MAI,18842.0,23778.0,4937.0,P_1-1-pt_5199,Bluetooth,6359.0,0.7763799339518792
P_1-1-pt_5209_B_ND3RXGA6,21617.0,25200.0,3584.0,P_1-1-pt_5209,Bluetooth,3584.0,1.0
P_1-1-pt_521_L_Z10UBM3G,18545.0,24274.0,5730.0,P_1-1-pt_521,LTE,6656.0,0.8608774038461539
P_1-1-pt_5229_B_SU9KVSGD,21647.0,25200.0,3554.0,P_1-1-pt_5229,Bluetooth,3554.0,1.0
P_1-1-pt_5241_L_GOB4AY7K,20810.0,25200.0,4391.0,P_1-1-pt_5241,LTE,6257.0,0.7017740131053221
P_1-1-pt_5258_L_4WFD7M51,18405.0,25200.0,6796.0,P_1-1-pt_5258,LTE,6796.0,1.0
P_1-1-pt_5267_B_C5DXBJHR,20747.0,24660.0,3914.0,P_1-1-pt_5267,Bluetooth,4512.0,0.8674645390070922
P_1-1-pt_527_L_K5T95ATV,19132.0,25200.0,6069.0,P_1-1-pt_527,LTE,6069.0,1.0
P_1-1-pt_5275_B_VDJQBF83,18819.0,25200.0,6382.0,P_1-1-pt_5275,Bluetooth,6382.0,1.0
P_1-1-pt_5298_L_G5E00EZU,19628.0,25200.0,5573.0,P_1-1-pt_5298,LTE,5573.0,1.0
P_1-1-pt_530_B_ASV8S396,18121.0,24598.0,6478.0,P_1-1-pt_530,Bluetooth,7080.0,0.9149717514124294
P_1-1-pt_5324_L_WVRGC05B,19370.0,25200.0,5831.0,P_1-1-pt_5324,LTE,5831.0,1.0
P_1-1-pt_5337_L_3TP78FP3,22110.0,25200.0,3091.0,P_1-1-pt_5337,LTE,3091.0,1.0
P_1-1-pt_5346_L_PFUZ5OMI,21434.0,23775.0,2342.0,P_1-1-pt_5346,LTE,3767.0,0.6217148924873905
P_1-1-pt_5357_B_R18O1GF9,18646.0,23628.0,4983.0,P_1-1-pt_5357,Bluetooth,6555.0,0.7601830663615561
P_1-1-pt_5376_L_ON8JM0VX,20234.0,25200.0,4967.0,P_1-1-pt_5376,LTE,4967.0,1.0
P_1-1-pt_5381_B_QGYA8PD3,22001.0,25200.0,3200.0,P_1-1-pt_5381,Bluetooth,5282.0,0.605831124574025
P_1-1-pt_5392_B_WG15PKHB,21421.0,25200.0,3780.0,P_1-1-pt_5392,Bluetooth,6937.0,0.544904137235116
P_1-1-pt_5399_B_KH2EH92V,20583.0,23984.0,3402.0,P_1-1-pt_5399,Bluetooth,4618.0,0.7366825465569511
P_1-1-pt_5452_B_2KLWIRVG,21862.0,24580.0,2719.0,P_1-1-pt_5452,Bluetooth,3752.0,0.724680170575693
P_1-1-pt_5457_B_7XOM4TP9,20603.0,23748.0,3146.0,P_1-1-pt_5457,Bluetooth,4598.0,0.6842105263157895
P_1-1-pt_5468_L_RRCMCQCW,21325.0,25200.0,3876.0,P_1-1-pt_5468,LTE,3876.0,1.0
P_1-1-pt_5481_L_U8BH7DV2,19326.0,25200.0,5875.0,P_1-1-pt_5481,LTE,5875.0,1.0
P_1-1-pt_5499_B_LONKO199,20143.0,25200.0,5058.0,P_1-1-pt_5499,Bluetooth,5058.0,1.0
P_1-1-pt_5563_B_JOD3WZMG,22178.0,25200.0,3023.0,P_1-1-pt_5563,Bluetooth,3023.0,1.0
P_1-1-pt_5580_B_LWW91OUO,22351.0,25200.0,2850.0,P_1-1-pt_5580,Bluetooth,3769.0,0.7561687450252056
P_1-1-pt_5587_B_Y9K3P1SR,21016.0,25200.0,4185.0,P_1-1-pt_5587,Bluetooth,4185.0,1.0
P_1-1-pt_5592_B_YY5TKQI8,21382.0,25200.0,3819.0,P_1-1-pt_5592,Bluetooth,3819.0,1.0
P_1-1-pt_560_L_DQ0IJX0S,19705.0,25200.0,5496.0,P_1-1-pt_560,LTE,6756.0,0.8134991119005328
P_1-1-pt_562_B_8C5N5CHM,20342.0,25200.0,4859.0,P_1-1-pt_562,Bluetooth,4859.0,1.0
P_1-1-pt_5635_B_PGI1E13X,21341.0,25200.0,3860.0,P_1-1-pt_5635,Bluetooth,3860.0,1.0
P_1-1-pt_5648_B_TBJ69M69,20056.0,25200.0,5145.0,P_1-1-pt_5648,Bluetooth,5145.0,1.0
P_1-1-pt_5666_B_NLDUXGJT,19713.0,25200.0,5488.0,P_1-1-pt_5666,Bluetooth,6142.0,0.8935200260501466
P_1-1-pt_5684_B_7JSDBV4H,21275.0,25200.0,3926.0,P_1-1-pt_5684,Bluetooth,4847.0,0.8099855580771611
P_1-1-pt_571_B_A7OHJYRD,19234.0,24740.0,5507.0,P_1-1-pt_571,Bluetooth,5967.0,0.9229093346740406
P_1-1-pt_5727_L_A4PPVWN1,21634.0,25200.0,3567.0,P_1-1-pt_5727,LTE,3567.0,1.0
P_1-1-pt_5790_B_XB3CON44,22334.0,25200.0,2867.0,P_1-1-pt_5790,Bluetooth,2867.0,1.0
P_1-1-pt_5818_L_QUODUL9F,21732.0,25200.0,3469.0,P_1-1-pt_5818,LTE,3469.0,1.0
P_1-1-pt_5819_L_GGTV3T4X,22222.0,25200.0,2979.0,P_1-1-pt_5819,LTE,2979.0,1.0
P_1-1-pt_5824_B_76JUU4R6,20989.0,25200.0,4212.0,P_1-1-pt_5824,Bluetooth,4212.0,1.0
P_1-1-pt_5835_L_EU1DS1B5,22321.0,25106.0,2786.0,P_1-1-pt_5835,LTE,4309.0,0.6465537247621258
P_1-1-pt_5836_B_44XC3ISG,20622.0,25200.0,4579.0,P_1-1-pt_5836,Bluetooth,4579.0,1.0
P_1-1-pt_5854_B_TB29FFAX,22240.0,25200.0,2961.0,P_1-1-pt_5854,Bluetooth,2961.0,1.0
P_1-1-pt_5876_L_2OHLXJYJ,22292.0,25072.0,2781.0,P_1-1-pt_5876,LTE,3112.0,0.8936375321336761
P_1-1-pt_5886_L_BQ8ZB6CC,20796.0,25200.0,4405.0,P_1-1-pt_5886,LTE,4405.0,1.0
P_1-1-pt_5897_L_C92L3FCG,21325.0,25200.0,3876.0,P_1-1-pt_5897,LTE,6252.0,0.6199616122840691
P_1-1-pt_5906_B_XPJMJ52K,19460.0,24744.0,5285.0,P_1-1-pt_5906,Bluetooth,5741.0,0.9205713290367532
P_1-1-pt_5909_L_3V0CT6SD,21089.0,25200.0,4112.0,P_1-1-pt_5909,LTE,4112.0,1.0
P_1-1-pt_5913_B_YE5R497L,20465.0,25200.0,4736.0,P_1-1-pt_5913,Bluetooth,5514.0,0.8589046064562931
P_1-1-pt_5917_B_3NHTPIWB,21079.0,25200.0,4122.0,P_1-1-pt_5917,Bluetooth,4122.0,1.0
P_1-1-pt_5941_B_TY5PQ1HR,21347.0,25200.0,3854.0,P_1-1-pt_5941,Bluetooth,3854.0,1.0
P_1-1-pt_5942_L_3IFMN5T7,19816.0,25200.0,5385.0,P_1-1-pt_5942,LTE,5385.0,1.0
P_1-1-pt_5960_L_OTUCXWOA,21226.0,25200.0,3975.0,P_1-1-pt_5960,LTE,3975.0,1.0
P_1-1-pt_5975_B_69P9U9KP,22094.0,25200.0,3107.0,P_1-1-pt_5975,Bluetooth,3107.0,1.0
P_1-1-pt_5982_B_NG0OEJA2,22033.0,25200.0,3168.0,P_1-1-pt_5982,Bluetooth,3685.0,0.8597014925373134
P_1-1-pt_5993_B_QKSBHRT8,22218.0,25200.0,2983.0,P_1-1-pt_5993,Bluetooth,2983.0,1.0
P_1-1-pt_5997_L_KH58MQQ0,19213.0,23850.0,4638.0,P_1-1-pt_5997,LTE,5988.0,0.7745490981963928
P_1-1-pt_5999_B_1BFBRG9F,19475.0,25200.0,5726.0,P_1-1-pt_5999,Bluetooth,5726.0,1.0
P_1-1-pt_6007_L_9WDVQGOO,21798.0,25200.0,3403.0,P_1-1-pt_6007,LTE,3403.0,1.0
P_1-1-pt_6011_L_U29OIE3W,21459.0,25200.0,3742.0,P_1-1-pt_6011,LTE,3742.0,1.0
P_1-1-pt_6016_B_9HOMUUZL,20661.0,23913.0,3253.0,P_1-1-pt_6016,Bluetooth,4540.0,0.7165198237885463
P_1-1-pt_6031_L_Z9PD5NLB,18408.0,24071.0,5664.0,P_1-1-pt_6031,LTE,6793.0,0.8337994994847637
P_1-1-pt_6038_B_5YJTI0N3,21836.0,25200.0,3365.0,P_1-1-pt_6038,Bluetooth,3644.0,0.9234357848518112
P_1-1-pt_6135_L_6FHUEJHO,19978.0,25200.0,5223.0,P_1-1-pt_6135,LTE,5223.0,1.0
P_1-1-pt_6176_L_L9TPEVNE,18820.0,24133.0,5314.0,P_1-1-pt_6176,LTE,6381.0,0.8327848299639555
P_1-1-pt_6189_L_11CFPWQA,22117.0,25200.0,3084.0,P_1-1-pt_6189,LTE,3084.0,1.0
P_1-1-pt_620_L_N2SOM5J2,21368.0,25200.0,3833.0,P_1-1-pt_620,LTE,3833.0,1.0
P_1-1-pt_6209_B_47O48GM6,20613.0,25200.0,4588.0,P_1-1-pt_6209,Bluetooth,4588.0,1.0
P_1-1-pt_6226_B_5STY7X4B,21993.0,25200.0,3208.0,P_1-1-pt_6226,Bluetooth,3208.0,1.0
P_1-1-pt_624_B_V26XMEEO,21318.0,25200.0,3883.0,P_1-1-pt_624,Bluetooth,3883.0,1.0
P_1-1-pt_6242_L_JBRFOG2L,21909.0,25200.0,3292.0,P_1-1-pt_6242,LTE,3292.0,1.0
P_1-1-pt_6262_B_69VTLJUW,22156.0,25200.0,3045.0,P_1-1-pt_6262,Bluetooth,3045.0,1.0
P_1-1-pt_6273_B_WPAMQZE6,19268.0,22341.0,3074.0,P_1-1-pt_6273,Bluetooth,5933.0,0.5181189954491825
P_1-1-pt_6278_L_KHJ2XXTM,20305.0,25200.0,4896.0,P_1-1-pt_6278,LTE,4896.0,1.0
P_1-1-pt_6292_L_PKOFGIO1,18919.0,24379.0,5461.0,P_1-1-pt_6292,LTE,6282.0,0.8693091372174466
P_1-1-pt_6297_L_W9YWE5I0,19958.0,25200.0,5243.0,P_1-1-pt_6297,LTE,6567.0,0.7983858687376275
P_1-1-pt_6309_B_0OC8T5AN,18381.0,22173.0,3793.0,P_1-1-pt_6309,Bluetooth,6820.0,0.556158357771261
P_1-1-pt_6322_L_6H5V7TOF,21645.0,24819.0,3175.0,P_1-1-pt_6322,LTE,3556.0,0.8928571428571429
P_1-1-pt_6334_L_Q07910B3,20757.0,25200.0,4444.0,P_1-1-pt_6334,LTE,4444.0,1.0
P_1-1-pt_6335_L_JSLUHW6I,21122.0,25200.0,4079.0,P_1-1-pt_6335,LTE,4079.0,1.0
P_1-1-pt_6346_L_222JVHFH,21393.0,25200.0,3808.0,P_1-1-pt_6346,LTE,3808.0,1.0
P_1-1-pt_6353_B_7CH0SKNB,22385.0,25200.0,2816.0,P_1-1-pt_6353,Bluetooth,2816.0,1.0
P_1-1-pt_6355_L_XU8MFKQU,18141.0,25200.0,7060.0,P_1-1-pt_6355,LTE,7060.0,1.0
P_1-1-pt_6358_L_1YC7T6HI,19058.0,25200.0,6143.0,P_1-1-pt_6358,LTE,6143.0,1.0
P_1-1-pt_6368_L_XS5KBMLT,18826.0,22222.0,3397.0,P_1-1-pt_6368,LTE,6525.0,0.5206130268199234
P_1-1-pt_6373_L_L003AEPP,21024.0,25200.0,4177.0,P_1-1-pt_6373,LTE,4177.0,1.0
P_1-1-pt_638_L_TVTERQEI,21609.0,25200.0,3592.0,P_1-1-pt_638,LTE,3592.0,1.0
P_1-1-pt_6381_L_3DCGDSK4,19020.0,25200.0,6181.0,P_1-1-pt_6381,LTE,6181.0,1.0
P_1-1-pt_6389_B_U7B3KHH8,19681.0,23788.0,4108.0,P_1-1-pt_6389,Bluetooth,5520.0,0.7442028985507246
P_1-1-pt_6397_B_RV5U9WMB,20747.0,25200.0,4454.0,P_1-1-pt_6397,Bluetooth,4454.0,1.0
P_1-1-pt_6399_B_TVZPU49Y,22330.0,25200.0,2871.0,P_1-1-pt_6399,Bluetooth,2871.0,1.0
P_1-1-pt_6409_B_SNO3IXQ7,22345.0,25200.0,2856.0,P_1-1-pt_6409,Bluetooth,2856.0,1.0
P_1-1-pt_6413_B_PF6KV8OP,19164.0,25200.0,6037.0,P_1-1-pt_6413,Bluetooth,6037.0,1.0
P_1-1-pt_6422_B_4F0764UK,21659.0,25101.0,3443.0,P_1-1-pt_6422,Bluetooth,3542.0,0.9720496894409938
P_1-1-pt_6427_L_ARRV1TEP,20838.0,25200.0,4363.0,P_1-1-pt_6427,LTE,4927.0,0.8855287193018063
P_1-1-pt_6453_B_9MBOCXOG,19671.0,25200.0,5530.0,P_1-1-pt_6453,Bluetooth,5976.0,0.9253681392235609
P_1-1-pt_65_B_VDKIQRGX,20881.0,25200.0,4320.0,P_1-1-pt_65,Bluetooth,4320.0,1.0
P_1-1-pt_6516_L_R0VF7AMH,18991.0,25200.0,6210.0,P_1-1-pt_6516,LTE,6210.0,1.0
P_1-1-pt_6538_L_7UUM7KGB,20379.0,25200.0,4822.0,P_1-1-pt_6538,LTE,6300.0,0.7653968253968254
P_1-1-pt_654_B_66GAZD1F,19609.0,25200.0,5592.0,P_1-1-pt_654,Bluetooth,5592.0,1.0
P_1-1-pt_6540_B_2TELFPHU,23357.0,25200.0,1844.0,P_1-1-pt_6540,Bluetooth,2946.0,0.6259334691106585
P_1-1-pt_6543_B_MHMEM1MR,22123.0,25200.0,3078.0,P_1-1-pt_6543,Bluetooth,3078.0,1.0
P_1-1-pt_6548_B_MQ3VALGG,19993.0,25200.0,5208.0,P_1-1-pt_6548,Bluetooth,5208.0,1.0
P_1-1-pt_655_L_9717XUKS,19956.0,25200.0,5245.0,P_1-1-pt_655,LTE,5245.0,1.0
P_1-1-pt_6602_L_13IERDGL,20829.0,25200.0,4372.0,P_1-1-pt_6602,LTE,4372.0,1.0
P_1-1-pt_6624_B_SUECW72G,21336.0,25200.0,3865.0,P_1-1-pt_6624,Bluetooth,3865.0,1.0
P_1-1-pt_6642_L_0XE4M413,22159.0,25200.0,3042.0,P_1-1-pt_6642,LTE,3042.0,1.0
P_1-1-pt_6671_L_PIXMZS2G,21325.0,25200.0,3876.0,P_1-1-pt_6671,LTE,3915.0,0.9900383141762452
P_1-1-pt_6672_L_ANQ1RICO,19930.0,25200.0,5271.0,P_1-1-pt_6672,LTE,5271.0,1.0
P_1-1-pt_6673_L_NBLXN65L,18433.0,25200.0,6768.0,P_1-1-pt_6673,LTE,6768.0,1.0
P_1-1-pt_6679_B_G4BXWZQC,22097.0,25200.0,3104.0,P_1-1-pt_6679,Bluetooth,3104.0,1.0
P_1-1-pt_6688_L_48LE7EJM,19986.0,25200.0,5215.0,P_1-1-pt_6688,LTE,5215.0,1.0
P_1-1-pt_6743_L_9B6KXPGK,21025.0,25053.0,4029.0,P_1-1-pt_6743,LTE,6360.0,0.6334905660377359
P_1-1-pt_6747_L_RJ7OIMW6,21499.0,25200.0,3702.0,P_1-1-pt_6747,LTE,3702.0,1.0
P_1-1-pt_6771_B_NKARFWHA,21308.0,25200.0,3893.0,P_1-1-pt_6771,Bluetooth,3927.0,0.9913419913419913
P_1-1-pt_6779_B_OU4OAXNO,18663.0,25200.0,6538.0,P_1-1-pt_6779,Bluetooth,6538.0,1.0
P_1-1-pt_6809_L_1ZZ8VJ78,19910.0,25200.0,5291.0,P_1-1-pt_6809,LTE,5291.0,1.0
P_1-1-pt_687_B_8LA2631U,20426.0,25200.0,4775.0,P_1-1-pt_687,Bluetooth,4775.0,1.0
P_1-1-pt_6903_B_D5PKMHK2,22388.0,25200.0,2813.0,P_1-1-pt_6903,Bluetooth,2813.0,1.0
P_1-1-pt_6931_B_VGLL90CG,18365.0,25200.0,6836.0,P_1-1-pt_6931,Bluetooth,6836.0,1.0
P_1-1-pt_696_L_AYY856AO,20584.0,22391.0,1808.0,P_1-1-pt_696,LTE,4617.0,0.3915962746372103
P_1-1-pt_6974_B_HTVTE3DO,22354.0,24322.0,1969.0,P_1-1-pt_6974,Bluetooth,6531.0,0.3014852243148063
P_1-1-pt_6991_B_RBG9WTZ8,21698.0,25200.0,3503.0,P_1-1-pt_6991,Bluetooth,3503.0,1.0
P_1-1-pt_703_L_FPIFOZU3,21350.0,25200.0,3851.0,P_1-1-pt_703,LTE,4361.0,0.883054345333639
P_1-1-pt_704_L_SAJCU19C,21247.0,25200.0,3954.0,P_1-1-pt_704,LTE,3954.0,1.0
P_1-1-pt_7040_B_V5Z0N7YA,18194.0,25200.0,7007.0,P_1-1-pt_7040,Bluetooth,7007.0,1.0
P_1-1-pt_7067_L_KUHOB99M,22295.0,25200.0,2906.0,P_1-1-pt_7067,LTE,2906.0,1.0
P_1-1-pt_7071_L_OTVMU8PO,22179.0,25200.0,3022.0,P_1-1-pt_7071,LTE,3022.0,1.0
P_1-1-pt_7080_B_ZJSW7NNX,20410.0,25200.0,4791.0,P_1-1-pt_7080,Bluetooth,5813.0,0.824187166695338
P_1-1-pt_7104_L_TRRX3AUH,21288.0,23601.0,2314.0,P_1-1-pt_7104,LTE,5929.0,0.390285039635689
P_1-1-pt_7112_L_8JD1ZR1B,21249.0,25200.0,3952.0,P_1-1-pt_7112,LTE,3952.0,1.0
P_1-1-pt_7114_B_LFC98H5Z,20196.0,25200.0,5005.0,P_1-1-pt_7114,Bluetooth,5005.0,1.0
P_1-1-pt_7123_L_9Z8YYOMT,18197.0,25200.0,7004.0,P_1-1-pt_7123,LTE,7004.0,1.0
P_1-1-pt_7142_L_F08DP8H0,18807.0,22253.0,3447.0,P_1-1-pt_7142,LTE,6394.0,0.539099155458242
P_1-1-pt_7177_L_SGYKIPL0,21430.0,25200.0,3771.0,P_1-1-pt_7177,LTE,3771.0,1.0
P_1-1-pt_7201_L_6FLI3QDK,21584.0,25200.0,3617.0,P_1-1-pt_7201,LTE,3617.0,1.0
P_1-1-pt_7205_B_7L1H7D71,22410.0,25200.0,2791.0,P_1-1-pt_7205,Bluetooth,2791.0,1.0
P_1-1-pt_7208_L_KUXFU98S,19690.0,25200.0,5511.0,P_1-1-pt_7208,LTE,5511.0,1.0
P_1-1-pt_7213_B_JBKYL7K9,21726.0,25037.0,3312.0,P_1-1-pt_7213,Bluetooth,3939.0,0.8408225437928408
P_1-1-pt_7217_L_6MEP99L2,21813.0,25200.0,3388.0,P_1-1-pt_7217,LTE,3388.0,1.0
P_1-1-pt_7243_B_10LK9NS2,22350.0,24462.0,2113.0,P_1-1-pt_7243,Bluetooth,4489.0,0.4707061706393406
P_1-1-pt_725_L_7YI6N5ZG,19701.0,25200.0,5500.0,P_1-1-pt_725,LTE,5500.0,1.0
P_1-1-pt_7258_L_J7SJDGFN,20907.0,25200.0,4294.0,P_1-1-pt_7258,LTE,5062.0,0.8482813117344923
P_1-1-pt_7262_L_WR4J265X,21346.0,25200.0,3855.0,P_1-1-pt_7262,LTE,3855.0,1.0
P_1-1-pt_7277_B_27WW549E,19670.0,25200.0,5531.0,P_1-1-pt_7277,Bluetooth,5531.0,1.0
P_1-1-pt_7278_B_W5WJZHRX,21529.0,25200.0,3672.0,P_1-1-pt_7278,Bluetooth,3672.0,1.0
P_1-1-pt_7279_B_527ZP388,22143.0,25200.0,3058.0,P_1-1-pt_7279,Bluetooth,3058.0,1.0
P_1-1-pt_7297_L_T13PW7K1,20598.0,25200.0,4603.0,P_1-1-pt_7297,LTE,4603.0,1.0
P_1-1-pt_7304_L_TDMNV4ZA,20072.0,25200.0,5129.0,P_1-1-pt_7304,LTE,5129.0,1.0
P_1-1-pt_7325_B_TOTN2BLS,21413.0,25127.0,3715.0,P_1-1-pt_7325,Bluetooth,5555.0,0.6687668766876688
P_1-1-pt_734_L_KBR6GF23,21413.0,25200.0,3788.0,P_1-1-pt_734,LTE,3788.0,1.0
P_1-1-pt_7355_L_MXPC0H0P,21607.0,25200.0,3594.0,P_1-1-pt_7355,LTE,4421.0,0.8129382492648722
P_1-1-pt_7372_B_3J7FGIG6,21291.0,25200.0,3910.0,P_1-1-pt_7372,Bluetooth,3910.0,1.0
P_1-1-pt_7381_B_GQ8E5WMT,21228.0,23322.0,2095.0,P_1-1-pt_7381,Bluetooth,3973.0,0.5273093380317141
P_1-1-pt_7388_L_UZRMNDPB,21783.0,24495.0,2713.0,P_1-1-pt_7388,LTE,3418.0,0.7937390286717378
P_1-1-pt_7412_B_JIB2NA7V,20728.0,23835.0,3108.0,P_1-1-pt_7412,Bluetooth,4473.0,0.6948356807511737
P_1-1-pt_7421_B_29CUHJW5,20809.0,25200.0,4392.0,P_1-1-pt_7421,Bluetooth,4392.0,1.0
P_1-1-pt_7440_B_9WKXFGD8,18217.0,25200.0,6984.0,P_1-1-pt_7440,Bluetooth,6984.0,1.0
P_1-1-pt_7447_B_36QH5K1C,21190.0,25200.0,4011.0,P_1-1-pt_7447,Bluetooth,4422.0,0.907055630936228
P_1-1-pt_7459_L_C62J4GZ9,20667.0,25200.0,4534.0,P_1-1-pt_7459,LTE,4534.0,1.0
P_1-1-pt_7462_L_UGJ5M2XW,20677.0,25200.0,4524.0,P_1-1-pt_7462,LTE,4524.0,1.0
P_1-1-pt_7491_L_PLE5BS8L,21433.0,25200.0,3768.0,P_1-1-pt_7491,LTE,3768.0,1.0
P_1-1-pt_7544_L_NBYKURT8,21885.0,25200.0,3316.0,P_1-1-pt_7544,LTE,3316.0,1.0
P_1-1-pt_7573_L_MP8WYYP6,19498.0,25200.0,5703.0,P_1-1-pt_7573,LTE,5703.0,1.0
P_1-1-pt_7591_L_9ICG4CYW,21011.0,25200.0,4190.0,P_1-1-pt_7591,LTE,4190.0,1.0
P_1-1-pt_7594_B_QCJ3CQ8G,21525.0,25200.0,3676.0,P_1-1-pt_7594,Bluetooth,3676.0,1.0
P_1-1-pt_7595_B_IK8DIH76,21518.0,25200.0,3683.0,P_1-1-pt_7595,Bluetooth,3683.0,1.0
P_1-1-pt_761_B_TIYULS9I,19431.0,25200.0,5770.0,P_1-1-pt_761,Bluetooth,5770.0,1.0
P_1-1-pt_7634_B_6UM1VN2V,20100.0,25200.0,5101.0,P_1-1-pt_7634,Bluetooth,5101.0,1.0
P_1-1-pt_7638_B_2LSULC2U,20754.0,25200.0,4447.0,P_1-1-pt_7638,Bluetooth,4447.0,1.0
P_1-1-pt_7641_L_Y6KEOMJ0,22076.0,25200.0,3125.0,P_1-1-pt_7641,LTE,3125.0,1.0
P_1-1-pt_7645_B_DV3RKXQO,22039.0,25200.0,3162.0,P_1-1-pt_7645,Bluetooth,3162.0,1.0
P_1-1-pt_7664_B_GO0W3HI2,18549.0,25200.0,6652.0,P_1-1-pt_7664,Bluetooth,6652.0,1.0
P_1-1-pt_7675_B_E0L19YI4,22293.0,25200.0,2908.0,P_1-1-pt_7675,Bluetooth,2908.0,1.0
P_1-1-pt_7684_L_4LRMSWRQ,22111.0,24722.0,2612.0,P_1-1-pt_7684,LTE,3152.0,0.8286802030456852
P_1-1-pt_7691_B_B2FE4UYQ,19855.0,25200.0,5346.0,P_1-1-pt_7691,Bluetooth,5346.0,1.0
P_1-1-pt_7697_L_E64S49D4,21949.0,25200.0,3252.0,P_1-1-pt_7697,LTE,3252.0,1.0
P_1-1-pt_7732_B_KOUD270S,19497.0,25200.0,5704.0,P_1-1-pt_7732,Bluetooth,5704.0,1.0
P_1-1-pt_776_B_WZRWDVY5,18419.0,25200.0,6782.0,P_1-1-pt_776,Bluetooth,6782.0,1.0
P_1-1-pt_7760_B_TJQKD1ZM,18720.0,25200.0,6481.0,P_1-1-pt_7760,Bluetooth,6481.0,1.0
P_1-1-pt_7763_L_1INVS87P,18766.0,25200.0,6435.0,P_1-1-pt_7763,LTE,6435.0,1.0
P_1-1-pt_7766_B_GK96W8FW,21227.0,25200.0,3974.0,P_1-1-pt_7766,Bluetooth,3974.0,1.0
P_1-1-pt_7806_L_BYPE7PDJ,22266.0,25200.0,2935.0,P_1-1-pt_7806,LTE,2935.0,1.0
P_1-1-pt_7835_L_76VUPR31,22480.0,25200.0,2721.0,P_1-1-pt_7835,LTE,3217.0,0.8458190861050668
P_1-1-pt_7863_L_4MGRRJHX,21534.0,25200.0,3667.0,P_1-1-pt_7863,LTE,5960.0,0.6152684563758389
P_1-1-pt_787_B_3A8351ST,21581.0,25200.0,3620.0,P_1-1-pt_787,Bluetooth,3620.0,1.0
P_1-1-pt_7881_B_97G8AQXS,22010.0,25200.0,3191.0,P_1-1-pt_7881,Bluetooth,3385.0,0.9426883308714918
P_1-1-pt_7890_L_JY6Z3PLS,21636.0,25200.0,3565.0,P_1-1-pt_7890,LTE,3565.0,1.0
P_1-1-pt_7897_B_8KX9OICZ,21192.0,25200.0,4009.0,P_1-1-pt_7897,Bluetooth,4009.0,1.0
P_1-1-pt_7901_B_ZC6WYU38,22266.0,25200.0,2935.0,P_1-1-pt_7901,Bluetooth,2935.0,1.0
P_1-1-pt_7915_B_DW00DJQ7,18194.0,25010.0,6817.0,P_1-1-pt_7915,Bluetooth,7007.0,0.9728842585985443
P_1-1-pt_7917_L_RPGUCYK1,21464.0,24289.0,2826.0,P_1-1-pt_7917,LTE,5202.0,0.5432525951557093
P_1-1-pt_7927_B_W1NH3MTJ,22296.0,25200.0,2905.0,P_1-1-pt_7927,Bluetooth,2905.0,1.0
P_1-1-pt_7932_B_QR3OA8QL,21681.0,25200.0,3520.0,P_1-1-pt_7932,Bluetooth,3520.0,1.0
P_1-1-pt_7934_L_4XCLXE55,22071.0,25200.0,3130.0,P_1-1-pt_7934,LTE,3244.0,0.9648581997533908
P_1-1-pt_7938_B_08EMV2LX,19433.0,23756.0,4324.0,P_1-1-pt_7938,Bluetooth,5768.0,0.7496532593619972
P_1-1-pt_7948_B_55CEGLIW,19638.0,25200.0,5563.0,P_1-1-pt_7948,Bluetooth,5563.0,1.0
P_1-1-pt_7959_B_UI77FN67,19307.0,25200.0,5894.0,P_1-1-pt_7959,Bluetooth,5894.0,1.0
P_1-1-pt_8016_L_S3J7MVJK,20089.0,25200.0,5112.0,P_1-1-pt_8016,LTE,5112.0,1.0
P_1-1-pt_8027_B_JJNY3EHZ,20723.0,25200.0,4478.0,P_1-1-pt_8027,Bluetooth,5246.0,0.8536027449485322
P_1-1-pt_804_B_V3Y21E8N,21270.0,25200.0,3931.0,P_1-1-pt_804,Bluetooth,3931.0,1.0
P_1-1-pt_8068_B_6NT11FLH,18968.0,25200.0,6233.0,P_1-1-pt_8068,Bluetooth,6233.0,1.0
P_1-1-pt_8083_B_K4207SOU,20022.0,25200.0,5179.0,P_1-1-pt_8083,Bluetooth,5179.0,1.0
P_1-1-pt_8085_L_H38HYB9D,19229.0,25200.0,5972.0,P_1-1-pt_8085,LTE,5972.0,1.0
P_1-1-pt_812_L_8OHQP5BM,20608.0,25200.0,4593.0,P_1-1-pt_812,LTE,4593.0,1.0
P_1-1-pt_8123_L_J2A8EWG2,20861.0,23862.0,3002.0,P_1-1-pt_8123,LTE,4340.0,0.691705069124424
P_1-1-pt_8137_B_ECHQKHO3,19675.0,25200.0,5526.0,P_1-1-pt_8137,Bluetooth,5526.0,1.0
P_1-1-pt_8172_B_1FU861W9,21969.0,25200.0,3232.0,P_1-1-pt_8172,Bluetooth,3232.0,1.0
P_1-1-pt_8184_B_4RR36XMZ,18695.0,25200.0,6506.0,P_1-1-pt_8184,Bluetooth,6506.0,1.0
P_1-1-pt_8196_L_NUQZKE3R,22350.0,25200.0,2851.0,P_1-1-pt_8196,LTE,2851.0,1.0
P_1-1-pt_821_B_QVFW44N3,22368.0,24269.0,1902.0,P_1-1-pt_821,Bluetooth,3608.0,0.5271618625277162
P_1-1-pt_824_L_FVUGR6QH,20480.0,24421.0,3942.0,P_1-1-pt_824,LTE,4721.0,0.8349925863164583
P_1-1-pt_8247_L_5WHEP20C,21252.0,25200.0,3949.0,P_1-1-pt_8247,LTE,5882.0,0.6713702822169331
P_1-1-pt_8265_B_O5HJ7P93,22220.0,25200.0,2981.0,P_1-1-pt_8265,Bluetooth,2981.0,1.0
P_1-1-pt_8280_L_5KOTHJBJ,19016.0,23026.0,4011.0,P_1-1-pt_8280,LTE,6185.0,0.6485044462409054
P_1-1-pt_8282_B_ORISNDD0,20105.0,25083.0,4979.0,P_1-1-pt_8282,Bluetooth,5096.0,0.9770408163265306
P_1-1-pt_8285_B_0100Q8IA,22134.0,25200.0,3067.0,P_1-1-pt_8285,Bluetooth,3067.0,1.0
P_1-1-pt_8289_B_BJJARJM0,18046.0,25200.0,7155.0,P_1-1-pt_8289,Bluetooth,7155.0,1.0
P_1-1-pt_8316_B_BHMAXYJK,20761.0,25200.0,4440.0,P_1-1-pt_8316,Bluetooth,4475.0,0.9921787709497206
P_1-1-pt_8356_B_4I09BHZA,21320.0,25200.0,3881.0,P_1-1-pt_8356,Bluetooth,3934.0,0.9865277071682765
P_1-1-pt_8368_B_VQPW45OZ,22975.0,25200.0,2226.0,P_1-1-pt_8368,Bluetooth,3648.0,0.6101973684210527
P_1-1-pt_8375_B_HMAL08HN,20769.0,25200.0,4432.0,P_1-1-pt_8375,Bluetooth,4432.0,1.0
P_1-1-pt_8384_L_JU0DZMYH,20753.0,25200.0,4448.0,P_1-1-pt_8384,LTE,4448.0,1.0
P_1-1-pt_8404_B_ZVFBSTES,22051.0,25200.0,3150.0,P_1-1-pt_8404,Bluetooth,3150.0,1.0
P_1-1-pt_841_B_5GIVVB5Q,18223.0,23316.0,5094.0,P_1-1-pt_841,Bluetooth,6978.0,0.7300085984522786
P_1-1-pt_8410_L_TAVM44N5,20673.0,25200.0,4528.0,P_1-1-pt_8410,LTE,4528.0,1.0
P_1-1-pt_842_L_M46UEL11,22154.0,25200.0,3047.0,P_1-1-pt_842,LTE,3590.0,0.8487465181058496
P_1-1-pt_8433_L_KIOKIGEQ,21678.0,24500.0,2823.0,P_1-1-pt_8433,LTE,3523.0,0.801305705364746
P_1-1-pt_8435_B_IYESZ146,20484.0,25200.0,4717.0,P_1-1-pt_8435,Bluetooth,4717.0,1.0
P_1-1-pt_8488_L_3PPHHV0L,22170.0,25200.0,3031.0,P_1-1-pt_8488,LTE,3031.0,1.0
P_1-1-pt_8540_B_F6E0KC9W,19922.0,25200.0,5279.0,P_1-1-pt_8540,Bluetooth,5279.0,1.0
P_1-1-pt_8545_B_2LVL8IXQ,18278.0,25200.0,6923.0,P_1-1-pt_8545,Bluetooth,6923.0,1.0
P_1-1-pt_8548_L_ML5WZ5RD,21946.0,25200.0,3255.0,P_1-1-pt_8548,LTE,4453.0,0.7309678868178756
P_1-1-pt_8553_L_3T0M0FQ3,21274.0,24180.0,2907.0,P_1-1-pt_8553,LTE,5367.0,0.5416433761878144
P_1-1-pt_8562_L_DZT6NJLA,21927.0,25200.0,3274.0,P_1-1-pt_8562,LTE,3274.0,1.0
P_1-1-pt_8586_L_127HPNX3,21329.0,25200.0,3872.0,P_1-1-pt_8586,LTE,3872.0,1.0
P_1-1-pt_8601_B_CANYLSSC,21221.0,25200.0,3980.0,P_1-1-pt_8601,Bluetooth,3980.0,1.0
P_1-1-pt_8611_B_8NQVV44L,18963.0,24285.0,5323.0,P_1-1-pt_8611,Bluetooth,6238.0,0.8533183712728438
P_1-1-pt_868_B_YE048ECX,21633.0,25200.0,3568.0,P_1-1-pt_868,Bluetooth,3568.0,1.0
P_1-1-pt_8681_B_LB3NAA16,21712.0,25200.0,3489.0,P_1-1-pt_8681,Bluetooth,3489.0,1.0
P_1-1-pt_8682_B_LBY6O2W7,19177.0,25200.0,6024.0,P_1-1-pt_8682,Bluetooth,6024.0,1.0
P_1-1-pt_8692_B_NERQ7TVO,21290.0,25200.0,3911.0,P_1-1-pt_8692,Bluetooth,6684.0,0.5851286654697786
P_1-1-pt_8703_L_JBXS8CK6,22337.0,25200.0,2864.0,P_1-1-pt_8703,LTE,2864.0,1.0
P_1-1-pt_8718_B_N0MWTWCL,22159.0,25200.0,3042.0,P_1-1-pt_8718,Bluetooth,3042.0,1.0
P_1-1-pt_8728_L_J2LRPAIJ,20149.0,25200.0,5052.0,P_1-1-pt_8728,LTE,5814.0,0.868937048503612
P_1-1-pt_8731_L_M1JK8GBV,21343.0,25200.0,3858.0,P_1-1-pt_8731,LTE,3858.0,1.0
P_1-1-pt_8735_B_5H8R6C24,21491.0,25200.0,3710.0,P_1-1-pt_8735,Bluetooth,5896.0,0.6292401628222524
P_1-1-pt_8739_L_4ZMN8D9Z,19625.0,25200.0,5576.0,P_1-1-pt_8739,LTE,5576.0,1.0
P_1-1-pt_8747_B_XRZXWDDW,21579.0,25200.0,3622.0,P_1-1-pt_8747,Bluetooth,3622.0,1.0
P_1-1-pt_8762_B_5MC2W2YV,18815.0,23349.0,4535.0,P_1-1-pt_8762,Bluetooth,6386.0,0.7101471969934231
P_1-1-pt_877_B_9V57UHAB,20619.0,25200.0,4582.0,P_1-1-pt_877,Bluetooth,4582.0,1.0
P_1-1-pt_879_B_00A2FFW3,21561.0,25200.0,3640.0,P_1-1-pt_879,Bluetooth,3640.0,1.0
P_1-1-pt_8798_B_GVAL50JW,22040.0,25200.0,3161.0,P_1-1-pt_8798,Bluetooth,3161.0,1.0
P_1-1-pt_8815_L_1S7LQJJJ,22371.0,24298.0,1928.0,P_1-1-pt_8815,LTE,4414.0,0.4367920253738106
P_1-1-pt_8830_L_VVNWYD80,19828.0,25200.0,5373.0,P_1-1-pt_8830,LTE,5373.0,1.0
P_1-1-pt_8838_B_91HPN352,22366.0,25200.0,2835.0,P_1-1-pt_8838,Bluetooth,2835.0,1.0
P_1-1-pt_8850_B_XN48C5LZ,21617.0,25200.0,3584.0,P_1-1-pt_8850,Bluetooth,3584.0,1.0
P_1-1-pt_8853_L_4IOY96M5,21641.0,25200.0,3560.0,P_1-1-pt_8853,LTE,3560.0,1.0
P_1-1-pt_8861_L_DKJ5AASG,21508.0,24362.0,2855.0,P_1-1-pt_8861,LTE,3693.0,0.7730842133766586
P_1-1-pt_8866_B_NZDKKHW9,21759.0,25200.0,3442.0,P_1-1-pt_8866,Bluetooth,3442.0,1.0
P_1-1-pt_8869_B_HB2HBBE7,20813.0,25200.0,4388.0,P_1-1-pt_8869,Bluetooth,4388.0,1.0
P_1-1-pt_889_B_6XT7VXCV,21949.0,25200.0,3252.0,P_1-1-pt_889,Bluetooth,3252.0,1.0
P_1-1-pt_8909_L_KNQ6EA7U,22241.0,25200.0,2960.0,P_1-1-pt_8909,LTE,2960.0,1.0
P_1-1-pt_8911_L_Q1BLYT5Z,20437.0,25200.0,4764.0,P_1-1-pt_8911,LTE,4764.0,1.0
P_1-1-pt_8947_B_A9AP9LGA,21922.0,25200.0,3279.0,P_1-1-pt_8947,Bluetooth,3279.0,1.0
P_1-1-pt_8968_B_WB6TS5W8,19042.0,25200.0,6159.0,P_1-1-pt_8968,Bluetooth,6159.0,1.0
P_1-1-pt_8969_L_FXKY1YLO,19564.0,25200.0,5637.0,P_1-1-pt_8969,LTE,5637.0,1.0
P_1-1-pt_8982_L_SACUMJSA,18249.0,25200.0,6952.0,P_1-1-pt_8982,LTE,6952.0,1.0
P_1-1-pt_8994_L_W9V6XUG9,21648.0,25200.0,3553.0,P_1-1-pt_8994,LTE,3553.0,1.0
P_1-1-pt_941_B_C0UJDL54,21338.0,25200.0,3863.0,P_1-1-pt_941,Bluetooth,3863.0,1.0
P_1-1-pt_949_L_YLPVCMC4,20370.0,25200.0,4831.0,P_1-1-pt_949,LTE,4831.0,1.0
P_1-1-pt_972_L_JH76X9OO,21591.0,25200.0,3610.0,P_1-1-pt_972,LTE,3610.0,1.0
P_1-1-pt_977_L_H6441W6E,18622.0,25200.0,6579.0,P_1-1-pt_977,LTE,6579.0,1.0
P_1-1-pt_98_L_GZVJC8D3,20354.0,24217.0,3864.0,P_1-1-pt_98,LTE,6077.0,0.6358400526575613
P_1-1-pt_984_B_YS61OJ6I,20571.0,25200.0,4630.0,P_1-1-pt_984,Bluetooth,4630.0,1.0
P_1-1-veh_105_L_DAAZDIKH,18005.0,23274.0,5270.0,P_1-1-veh_105,LTE,7196.0,0.7323513062812673
P_1-1-veh_106_B_BQOX2VFW,21060.0,25200.0,4141.0,P_1-1-veh_106,Bluetooth,4141.0,1.0
P_1-1-veh_132_L_OMCJM2X1,20301.0,25200.0,4900.0,P_1-1-veh_132,LTE,4900.0,1.0
P_1-1-veh_152_L_Q11ECJPR,18944.0,25200.0,6257.0,P_1-1-veh_152,LTE,6257.0,1.0
P_1-1-veh_163_B_LKLE626H,21972.0,25200.0,3229.0,P_1-1-veh_163,Bluetooth,3229.0,1.0
P_1-1-veh_170_L_936NPBWG,20331.0,25200.0,4870.0,P_1-1-veh_170,LTE,4870.0,1.0
P_1-1-veh_185_L_6TUF7KLX,21390.0,25200.0,3811.0,P_1-1-veh_185,LTE,3811.0,1.0
P_1-1-veh_201_L_RGIYEBU3,22261.0,25200.0,2940.0,P_1-1-veh_201,LTE,2940.0,1.0
P_1-1-veh_234_B_X43MLWG0,18402.0,22223.0,3822.0,P_1-1-veh_234,Bluetooth,6799.0,0.5621414913957935
P_1-1-veh_243_B_YZQR1YVE,21078.0,25200.0,4123.0,P_1-1-veh_243,Bluetooth,4123.0,1.0
P_1-1-veh_246_L_ZBBXHNU2,19439.0,25200.0,5762.0,P_1-1-veh_246,LTE,6398.0,0.9005939356048765
P_1-1-veh_298_L_97H3AGEX,19571.0,25200.0,5630.0,P_1-1-veh_298,LTE,5630.0,1.0
P_1-1-veh_302_L_KYEXVVXM,20048.0,25200.0,5153.0,P_1-1-veh_302,LTE,5153.0,1.0
P_1-1-veh_314_B_71T439VT,21818.0,25200.0,3383.0,P_1-1-veh_314,Bluetooth,3383.0,1.0
P_1-1-veh_317_L_KZTDNL1X,21501.0,25200.0,3700.0,P_1-1-veh_317,LTE,3700.0,1.0
P_1-1-veh_326_B_A90HM0ZN,20515.0,25200.0,4686.0,P_1-1-veh_326,Bluetooth,4686.0,1.0
P_1-1-veh_33_B_P3PZ7UB2,22410.0,25200.0,2791.0,P_1-1-veh_33,Bluetooth,2791.0,1.0
P_1-1-veh_337_L_341LQO0Z,19866.0,25200.0,5335.0,P_1-1-veh_337,LTE,5335.0,1.0
P_1-1-veh_39_L_PIGGLRUC,21970.0,25200.0,3231.0,P_1-1-veh_39,LTE,3322.0,0.9726068633353402
P_1-1-veh_407_L_1CXY07W1,18913.0,25200.0,6288.0,P_1-1-veh_407,LTE,6288.0,1.0
P_1-1-veh_429_B_U3OGLH5M,21047.0,25200.0,4154.0,P_1-1-veh_429,Bluetooth,4154.0,1.0
P_1-1-veh_458_B_D0ELQSDH,21422.0,25200.0,3779.0,P_1-1-veh_458,Bluetooth,3779.0,1.0
P_1-1-veh_459_L_8994F457,18523.0,23517.0,4995.0,P_1-1-veh_459,LTE,6678.0,0.7479784366576819
P_1-1-veh_493_B_COHPPC6R,22153.0,24267.0,2115.0,P_1-1-veh_493,Bluetooth,3262.0,0.6483752299202943
P_1-1-veh_5_L_CERDPNEN,19694.0,24072.0,4379.0,P_1-1-veh_5,LTE,5507.0,0.7951697839113855
P_1-1-veh_51_L_YY5WJ932,19986.0,25200.0,5215.0,P_1-1-veh_51,LTE,5215.0,1.0
P_1-1-veh_515_B_4S3DMKGF,22209.0,25200.0,2992.0,P_1-1-veh_515,Bluetooth,2992.0,1.0
P_1-1-veh_530_B_MJA7T4ZM,19791.0,25200.0,5410.0,P_1-1-veh_530,Bluetooth,5410.0,1.0
P_1-1-veh_594_B_ULA3JOHD,20919.0,25200.0,4282.0,P_1-1-veh_594,Bluetooth,4282.0,1.0
P_1-1-veh_602_B_1K251A4A,18701.0,25200.0,6500.0,P_1-1-veh_602,Bluetooth,6500.0,1.0
P_1-1-veh_603_L_1G2YLG5E,21588.0,25200.0,3613.0,P_1-1-veh_603,LTE,5455.0,0.6623281393217232
P_1-1-veh_608_B_CN1FJ6H4,19131.0,25200.0,6070.0,P_1-1-veh_608,Bluetooth,6070.0,1.0
P_1-1-veh_610_B_56M3O4NI,20979.0,25200.0,4222.0,P_1-1-veh_610,Bluetooth,5536.0,0.7626445086705202
P_1-1-veh_644_B_UYRXY92A,19906.0,25200.0,5295.0,P_1-1-veh_644,Bluetooth,5295.0,1.0
P_1-1-veh_65_B_AEG0X13D,18468.0,25200.0,6733.0,P_1-1-veh_65,Bluetooth,6733.0,1.0
P_1-1-veh_661_L_DGXVZU95,20108.0,25200.0,5093.0,P_1-1-veh_661,LTE,5093.0,1.0
P_1-1-veh_675_L_DUEFHCXN,20377.0,25200.0,4824.0,P_1-1-veh_675,LTE,4824.0,1.0
P_1-1-veh_704_L_4WERZ1RW,20930.0,25200.0,4271.0,P_1-1-veh_704,LTE,4271.0,1.0
P_1-1-veh_723_L_1UG5U60M,21062.0,25200.0,4139.0,P_1-1-veh_723,LTE,4139.0,1.0
P_1-1-veh_767_L_3Q64AQ0N,19952.0,24999.0,5048.0,P_1-1-veh_767,LTE,6894.0,0.7322309254424136
P_1-1-veh_792_B_F18IFU07,21761.0,25200.0,3440.0,P_1-1-veh_792,Bluetooth,5609.0,0.6133000534854698
P_1-1-veh_824_B_JAYJ8BMR,19071.0,23763.0,4693.0,P_1-1-veh_824,Bluetooth,6130.0,0.76557911908646
P_1-1-veh_834_L_YKRYVAF5,19466.0,25200.0,5735.0,P_1-1-veh_834,LTE,5735.0,1.0
P_1-1-veh_837_B_2Q1A6F9R,19461.0,22960.0,3500.0,P_1-1-veh_837,Bluetooth,5740.0,0.6097560975609756
P_1-1-veh_853_L_7XB51DZT,20903.0,25200.0,4298.0,P_1-1-veh_853,LTE,4298.0,1.0
P_1-1-veh_894_L_DSFHBY38,21631.0,25200.0,3570.0,P_1-1-veh_894,LTE,3570.0,1.0
P_1-1-veh_9_B_TR2SES1C,21425.0,25200.0,3776.0,P_1-1-veh_9,Bluetooth,3776.0,1.0
P_1-2_1003_B_K4ZU7EWK,22070.0,25200.0,3131.0,P_1-2_1003,Bluetooth,3131.0,1.0
P_1-2_1017_L_BUM7KL9S,19607.0,25200.0,5594.0,P_1-2_1017,LTE,5594.0,1.0
P_1-2_1025_B_ONB0XPQ6,19062.0,23218.0,4157.0,P_1-2_1025,Bluetooth,6139.0,0.6771461150024434
P_1-2_1032_L_QM8S0M2Z,22135.0,24375.0,2241.0,P_1-2_1032,LTE,3066.0,0.7309197651663405
P_1-2_1038_B_FBKQXG34,21715.0,25200.0,3486.0,P_1-2_1038,Bluetooth,3486.0,1.0
P_1-2_104_L_XYAXEGUT,18170.0,25200.0,7031.0,P_1-2_104,LTE,7031.0,1.0
P_1-2_1053_L_7ZN22MFG,21673.0,25200.0,3528.0,P_1-2_1053,LTE,3623.0,0.9737786364890975
P_1-2_1063_L_QVFFAHED,18545.0,25200.0,6656.0,P_1-2_1063,LTE,6656.0,1.0
P_1-2_1066_L_3KVOISRR,18358.0,25200.0,6843.0,P_1-2_1066,LTE,6843.0,1.0
P_1-2_1070_B_DV8W9M0T,21006.0,25200.0,4195.0,P_1-2_1070,Bluetooth,4195.0,1.0
P_1-2_1075_B_66F7L2QO,22275.0,24149.0,1875.0,P_1-2_1075,Bluetooth,2926.0,0.6408065618591935
P_1-2_1102_B_YQCQQRXE,20684.0,25200.0,4517.0,P_1-2_1102,Bluetooth,4517.0,1.0
P_1-2_1127_B_0AU9CJ4Y,22000.0,25200.0,3201.0,P_1-2_1127,Bluetooth,4473.0,0.715627095908786
P_1-2_1130_L_JHZBT77S,22063.0,25200.0,3138.0,P_1-2_1130,LTE,3138.0,1.0
P_1-2_1132_B_FWL28HG3,20706.0,25200.0,4495.0,P_1-2_1132,Bluetooth,4495.0,1.0
P_1-2_1154_B_7P9COJ9N,21781.0,25200.0,3420.0,P_1-2_1154,Bluetooth,3420.0,1.0
P_1-2_1196_L_JKV23W2E,20132.0,25200.0,5069.0,P_1-2_1196,LTE,5069.0,1.0
P_1-2_1203_B_A4KH133E,19513.0,25200.0,5688.0,P_1-2_1203,Bluetooth,5688.0,1.0
P_1-2_1219_L_QUBSY7NP,19263.0,25200.0,5938.0,P_1-2_1219,LTE,5938.0,1.0
P_1-2_1230_L_M2H3YEYL,21645.0,24864.0,3220.0,P_1-2_1230,LTE,3556.0,0.905511811023622
P_1-2_1247_L_M9K01Y0T,22288.0,25200.0,2913.0,P_1-2_1247,LTE,2913.0,1.0
P_1-2_1255_B_FIP3OY6N,21955.0,25200.0,3246.0,P_1-2_1255,Bluetooth,6617.0,0.49055463200846305
P_1-2_1265_L_CBU7V0HZ,19571.0,25200.0,5630.0,P_1-2_1265,LTE,5630.0,1.0
P_1-2_1272_L_UI71GX98,23285.0,25200.0,1916.0,P_1-2_1272,LTE,4740.0,0.40421940928270045
P_1-2_1285_L_T1679IUK,18139.0,25200.0,7062.0,P_1-2_1285,LTE,7062.0,1.0
P_1-2_1313_L_C6YFIN0Z,18104.0,22137.0,4034.0,P_1-2_1313,LTE,7097.0,0.5684091869804142
P_1-2_1334_B_ANNU69GV,21251.0,25200.0,3950.0,P_1-2_1334,Bluetooth,3950.0,1.0
P_1-2_1356_B_6TUGT6DU,21427.0,25200.0,3774.0,P_1-2_1356,Bluetooth,3774.0,1.0
P_1-2_1387_B_AYM28K7I,20686.0,25200.0,4515.0,P_1-2_1387,Bluetooth,4515.0,1.0
P_1-2_1415_L_Y94CK4XF,21371.0,25200.0,3830.0,P_1-2_1415,LTE,4313.0,0.8880129840018549
P_1-2_1416_B_TQ1LYJK8,21605.0,25200.0,3596.0,P_1-2_1416,Bluetooth,3596.0,1.0
P_1-2_1417_L_IP5ANPVS,19848.0,25200.0,5353.0,P_1-2_1417,LTE,5353.0,1.0
P_1-2_1420_L_3E2098BT,20819.0,25200.0,4382.0,P_1-2_1420,LTE,6363.0,0.6886688668866887
P_1-2_1435_L_NOP5KKYI,22259.0,25200.0,2942.0,P_1-2_1435,LTE,2942.0,1.0
P_1-2_1453_L_57P4INMK,22065.0,25200.0,3136.0,P_1-2_1453,LTE,3136.0,1.0
P_1-2_1458_B_Y642R9Z9,20274.0,25200.0,4927.0,P_1-2_1458,Bluetooth,4927.0,1.0
P_1-2_1471_B_Q3Z29N5H,22448.0,23861.0,1414.0,P_1-2_1471,Bluetooth,3579.0,0.3950824252584521
P_1-2_149_L_L261FYWH,19888.0,25200.0,5313.0,P_1-2_149,LTE,5388.0,0.9860801781737194
P_1-2_1492_B_Y2LKI5AO,22131.0,25200.0,3070.0,P_1-2_1492,Bluetooth,3070.0,1.0
P_1-2_1494_L_CQ1S33ZC,18702.0,25200.0,6499.0,P_1-2_1494,LTE,6499.0,1.0
P_1-2_1502_L_5JIN01JU,21359.0,25200.0,3842.0,P_1-2_1502,LTE,3842.0,1.0
P_1-2_1512_B_GQARIWY7,21391.0,25200.0,3810.0,P_1-2_1512,Bluetooth,3810.0,1.0
P_1-2_1523_B_NZ4KIP23,20663.0,25200.0,4538.0,P_1-2_1523,Bluetooth,4611.0,0.9841682932118846
P_1-2_1532_B_O3OF9FZX,22318.0,24851.0,2534.0,P_1-2_1532,Bluetooth,2883.0,0.8789455428373222
P_1-2_1533_B_HEUSKMKR,18926.0,25200.0,6275.0,P_1-2_1533,Bluetooth,6275.0,1.0
P_1-2_1559_B_YZQ161ZW,18093.0,24342.0,6250.0,P_1-2_1559,Bluetooth,7108.0,0.8792909397861565
P_1-2_1562_L_8NA0UN73,21889.0,25200.0,3312.0,P_1-2_1562,LTE,3312.0,1.0
P_1-2_1585_B_E1X7UBL2,21307.0,25200.0,3894.0,P_1-2_1585,Bluetooth,3894.0,1.0
P_1-2_1596_L_JZJAL9WH,19206.0,25200.0,5995.0,P_1-2_1596,LTE,5995.0,1.0
P_1-2_1600_L_5686XIQJ,19763.0,25200.0,5438.0,P_1-2_1600,LTE,6859.0,0.7928269427030179
P_1-2_1601_L_ABDP86YE,21169.0,25200.0,4032.0,P_1-2_1601,LTE,4032.0,1.0
P_1-2_1612_B_VL1BONQY,18166.0,24516.0,6351.0,P_1-2_1612,Bluetooth,7035.0,0.9027718550106609
P_1-2_163_B_NAV4XOPN,18463.0,24346.0,5884.0,P_1-2_163,Bluetooth,6738.0,0.8732561590976551
P_1-2_1633_B_CG0I7X7A,20086.0,25200.0,5115.0,P_1-2_1633,Bluetooth,5115.0,1.0
P_1-2_1639_L_XAATRTXE,21474.0,24357.0,2884.0,P_1-2_1639,LTE,3769.0,0.765189705492173
P_1-2_1640_L_13OIEQVA,18479.0,25200.0,6722.0,P_1-2_1640,LTE,6722.0,1.0
P_1-2_1656_L_V9QKJZ9U,21806.0,25200.0,3395.0,P_1-2_1656,LTE,3810.0,0.8910761154855643
P_1-2_1658_L_HYLFUJBB,18985.0,23174.0,4190.0,P_1-2_1658,LTE,6216.0,0.674066924066924
P_1-2_1659_L_3B8H7EVM,22374.0,25200.0,2827.0,P_1-2_1659,LTE,2827.0,1.0
P_1-2_1672_L_YW6CHCJW,21815.0,25200.0,3386.0,P_1-2_1672,LTE,3386.0,1.0
P_1-2_168_L_O9ZYP00R,20288.0,25200.0,4913.0,P_1-2_168,LTE,6497.0,0.7561951670001539
P_1-2_1685_B_I55TAATO,21069.0,24910.0,3842.0,P_1-2_1685,Bluetooth,4132.0,0.9298160696999032
P_1-2_1699_L_S61FQF3L,20078.0,25200.0,5123.0,P_1-2_1699,LTE,5123.0,1.0
P_1-2_171_B_M9OOH1B3,19716.0,25200.0,5485.0,P_1-2_171,Bluetooth,5485.0,1.0
P_1-2_1715_L_J7L9BCOZ,18592.0,23589.0,4998.0,P_1-2_1715,LTE,6609.0,0.7562414888788016
P_1-2_172_B_6E9O455V,20706.0,25200.0,4495.0,P_1-2_172,Bluetooth,4495.0,1.0
P_1-2_1736_B_HS0LFDUT,21442.0,25200.0,3759.0,P_1-2_1736,Bluetooth,3759.0,1.0
P_1-2_1772_L_EI4AGF9J,22225.0,25200.0,2976.0,P_1-2_1772,LTE,2976.0,1.0
P_1-2_1805_B_PVUL7H3K,19096.0,25200.0,6105.0,P_1-2_1805,Bluetooth,6105.0,1.0
P_1-2_1850_B_56D8J5JW,21325.0,25200.0,3876.0,P_1-2_1850,Bluetooth,3876.0,1.0
P_1-2_186_B_C203QYH1,22319.0,25200.0,2882.0,P_1-2_186,Bluetooth,3788.0,0.7608236536430835
P_1-2_1908_L_K9QK6ZDZ,20612.0,25200.0,4589.0,P_1-2_1908,LTE,4589.0,1.0
P_1-2_1916_B_63BPIQ12,21338.0,25200.0,3863.0,P_1-2_1916,Bluetooth,3863.0,1.0
P_1-2_1918_L_Z09F8HCS,21175.0,25200.0,4026.0,P_1-2_1918,LTE,4026.0,1.0
P_1-2_1919_L_F3RWHXJ1,21916.0,25200.0,3285.0,P_1-2_1919,LTE,3285.0,1.0
P_1-2_1923_B_COMWJZ0Q,20520.0,25200.0,4681.0,P_1-2_1923,Bluetooth,4681.0,1.0
P_1-2_1937_B_E53WH3UW,22198.0,25200.0,3003.0,P_1-2_1937,Bluetooth,3003.0,1.0
P_1-2_1942_L_JAX4KT7B,19830.0,25200.0,5371.0,P_1-2_1942,LTE,5371.0,1.0
P_1-2_1948_B_7SHHAJAY,18646.0,25200.0,6555.0,P_1-2_1948,Bluetooth,6555.0,1.0
P_1-2_1953_L_FB424STX,18879.0,24335.0,5457.0,P_1-2_1953,LTE,6322.0,0.8631762100601076
P_1-2_1957_L_V3SYUDPS,20938.0,25200.0,4263.0,P_1-2_1957,LTE,4882.0,0.8732077017615731
P_1-2_1990_B_58QE3JUL,18002.0,25200.0,7199.0,P_1-2_1990,Bluetooth,7199.0,1.0
P_1-2_1995_B_4EHQXSP2,20981.0,24494.0,3514.0,P_1-2_1995,Bluetooth,4220.0,0.8327014218009479
P_1-2_2019_B_SJ5FC9EX,22126.0,25200.0,3075.0,P_1-2_2019,Bluetooth,3075.0,1.0
P_1-2_2026_B_1VI81NVT,21883.0,24617.0,2735.0,P_1-2_2026,Bluetooth,3318.0,0.824291742013261
P_1-2_2030_B_50ZJCRFL,18467.0,20239.0,1773.0,P_1-2_2030,Bluetooth,6734.0,0.2632907632907633
P_1-2_2034_L_Z6XXSW40,19241.0,24104.0,4864.0,P_1-2_2034,LTE,5960.0,0.8161073825503355
P_1-2_2036_B_F6AUDBUP,20812.0,25200.0,4389.0,P_1-2_2036,Bluetooth,4389.0,1.0
P_1-2_2061_B_YEIFPTIU,19002.0,25200.0,6199.0,P_1-2_2061,Bluetooth,6199.0,1.0
P_1-2_2074_B_SU3L124G,20142.0,25100.0,4959.0,P_1-2_2074,Bluetooth,5059.0,0.9802332476774066
P_1-2_2080_B_3DFEBJSU,20862.0,23577.0,2716.0,P_1-2_2080,Bluetooth,5094.0,0.5331762858264625
P_1-2_2160_L_MRROOMIF,21878.0,25200.0,3323.0,P_1-2_2160,LTE,3323.0,1.0
P_1-2_2180_L_L1KG3UW8,18175.0,25200.0,7026.0,P_1-2_2180,LTE,7026.0,1.0
P_1-2_2183_L_Z9MY4FK6,18275.0,25200.0,6926.0,P_1-2_2183,LTE,6926.0,1.0
P_1-2_2191_B_YG98S3I5,21247.0,25200.0,3954.0,P_1-2_2191,Bluetooth,3954.0,1.0
P_1-2_2193_L_H1QGAZ2F,22242.0,25200.0,2959.0,P_1-2_2193,LTE,2959.0,1.0
P_1-2_2205_L_Z8VYS25Y,21011.0,25200.0,4190.0,P_1-2_2205,LTE,4190.0,1.0
P_1-2_2215_B_W8LSZYCA,19662.0,25200.0,5539.0,P_1-2_2215,Bluetooth,5539.0,1.0
P_1-2_2229_L_3TSIPUDZ,21920.0,25200.0,3281.0,P_1-2_2229,LTE,6762.0,0.4852114758947057
P_1-2_2237_L_ZSDNR8QM,18720.0,25200.0,6481.0,P_1-2_2237,LTE,6682.0,0.9699191858724933
P_1-2_2280_B_TMDY3CV9,22315.0,25200.0,2886.0,P_1-2_2280,Bluetooth,2886.0,1.0
P_1-2_2287_L_QDZARFKB,18151.0,25200.0,7050.0,P_1-2_2287,LTE,7050.0,1.0
P_1-2_2295_B_UFX95D2C,21031.0,23547.0,2517.0,P_1-2_2295,Bluetooth,4246.0,0.5927932171455488
P_1-2_2306_B_BCB3IYXJ,20596.0,25200.0,4605.0,P_1-2_2306,Bluetooth,4605.0,1.0
P_1-2_2319_L_DBQ8IUBP,21932.0,25200.0,3269.0,P_1-2_2319,LTE,3269.0,1.0
P_1-2_2335_L_E3BA3RLM,19080.0,25200.0,6121.0,P_1-2_2335,LTE,6121.0,1.0
P_1-2_2338_B_IHSM3WV6,19703.0,25200.0,5498.0,P_1-2_2338,Bluetooth,5498.0,1.0
P_1-2_2345_L_ZESB4BMS,19806.0,25200.0,5395.0,P_1-2_2345,LTE,5395.0,1.0
P_1-2_2377_L_OC71M2CH,21339.0,25200.0,3862.0,P_1-2_2377,LTE,3862.0,1.0
P_1-2_238_B_8RJ592O1,21520.0,25200.0,3681.0,P_1-2_238,Bluetooth,3681.0,1.0
P_1-2_24_L_P1WRQZ4D,21635.0,25200.0,3566.0,P_1-2_24,LTE,4654.0,0.7662226042114311
P_1-2_2412_B_MKBAM2WP,20899.0,25200.0,4302.0,P_1-2_2412,Bluetooth,4302.0,1.0
P_1-2_2422_B_3ZBAHTJE,18836.0,25200.0,6365.0,P_1-2_2422,Bluetooth,6365.0,1.0
P_1-2_2440_L_I0XDQELG,20824.0,25200.0,4377.0,P_1-2_2440,LTE,4377.0,1.0
P_1-2_2448_B_NNENTM61,21217.0,25200.0,3984.0,P_1-2_2448,Bluetooth,5166.0,0.7711962833914053
P_1-2_2470_L_5YGDWAIA,21573.0,23626.0,2054.0,P_1-2_2470,LTE,3896.0,0.5272073921971252
P_1-2_2473_L_7G9LFZK2,19385.0,25200.0,5816.0,P_1-2_2473,LTE,5816.0,1.0
P_1-2_250_B_UXU5D1YI,21645.0,25200.0,3556.0,P_1-2_250,Bluetooth,5782.0,0.6150121065375302
P_1-2_2512_B_2KUO04XQ,19608.0,25200.0,5593.0,P_1-2_2512,Bluetooth,6947.0,0.8050957247732834
P_1-2_2543_B_BQ6PFMV2,19442.0,25200.0,5759.0,P_1-2_2543,Bluetooth,5759.0,1.0
P_1-2_2554_L_A60TDL16,21586.0,25200.0,3615.0,P_1-2_2554,LTE,6340.0,0.5701892744479495
P_1-2_2561_B_NCFN5YI7,20031.0,25200.0,5170.0,P_1-2_2561,Bluetooth,5170.0,1.0
P_1-2_2564_L_XFKT9NWS,18266.0,22147.0,3882.0,P_1-2_2564,LTE,6935.0,0.5597692862292718
P_1-2_2580_L_OHAWCPSD,18952.0,21569.0,2618.0,P_1-2_2580,LTE,7070.0,0.3702970297029703
P_1-2_2590_B_K0R2EFJN,20871.0,25200.0,4330.0,P_1-2_2590,Bluetooth,4330.0,1.0
P_1-2_2598_B_PFDACNVN,18728.0,25200.0,6473.0,P_1-2_2598,Bluetooth,6473.0,1.0
P_1-2_2613_L_T56L5C09,21048.0,25200.0,4153.0,P_1-2_2613,LTE,6190.0,0.6709208400646204
P_1-2_262_L_OKJVXC2V,21728.0,25200.0,3473.0,P_1-2_262,LTE,5072.0,0.6847397476340694
P_1-2_2625_L_7ZDYON9T,22409.0,25200.0,2792.0,P_1-2_2625,LTE,2792.0,1.0
P_1-2_2626_L_X9F82MD8,21617.0,25200.0,3584.0,P_1-2_2626,LTE,5158.0,0.6948429623885227
P_1-2_263_L_WP4O1KSN,19480.0,25200.0,5721.0,P_1-2_263,LTE,5721.0,1.0
P_1-2_2632_B_998N1M3I,20637.0,24926.0,4290.0,P_1-2_2632,Bluetooth,4564.0,0.9399649430324277
P_1-2_2636_L_EK7TDVIR,22220.0,25200.0,2981.0,P_1-2_2636,LTE,2981.0,1.0
P_1-2_2653_B_0XNDLXSZ,19284.0,25200.0,5917.0,P_1-2_2653,Bluetooth,5917.0,1.0
P_1-2_2665_B_HH8LNW0H,20901.0,25200.0,4300.0,P_1-2_2665,Bluetooth,4300.0,1.0
P_1-2_269_B_NMDJ567L,20955.0,25200.0,4246.0,P_1-2_269,Bluetooth,4246.0,1.0
P_1-2_2702_B_RGVHBFNO,19117.0,25200.0,6084.0,P_1-2_2702,Bluetooth,6084.0,1.0
P_1-2_2710_L_1K4FVDP1,21827.0,25200.0,3374.0,P_1-2_2710,LTE,3374.0,1.0
P_1-2_2715_L_POE7UGOD,19156.0,25200.0,6045.0,P_1-2_2715,LTE,6045.0,1.0
P_1-2_2735_B_MPFXWIHS,20633.0,25200.0,4568.0,P_1-2_2735,Bluetooth,4634.0,0.9857574449719465
P_1-2_2739_B_93VJ6UUU,21603.0,24276.0,2674.0,P_1-2_2739,Bluetooth,3743.0,0.7144002137323003
P_1-2_2767_L_DS7KIUW8,22008.0,25200.0,3193.0,P_1-2_2767,LTE,4225.0,0.7557396449704142
P_1-2_2768_L_IFCV63SA,20029.0,25200.0,5172.0,P_1-2_2768,LTE,5172.0,1.0
P_1-2_2780_L_Y3GKZ7A5,22153.0,24747.0,2595.0,P_1-2_2780,LTE,3048.0,0.8513779527559056
P_1-2_2792_L_1ELOFRLG,20482.0,25200.0,4719.0,P_1-2_2792,LTE,4719.0,1.0
P_1-2_2795_L_FXPRNH1H,21278.0,25200.0,3923.0,P_1-2_2795,LTE,5670.0,0.6918871252204586
P_1-2_2797_L_3CAUN44O,21447.0,25200.0,3754.0,P_1-2_2797,LTE,6046.0,0.6209063843863711
P_1-2_2828_B_YTRZWQ4W,20339.0,25200.0,4862.0,P_1-2_2828,Bluetooth,4862.0,1.0
P_1-2_2875_B_BUMC255G,19528.0,25200.0,5673.0,P_1-2_2875,Bluetooth,5673.0,1.0
P_1-2_2879_B_KECO72QY,22315.0,25200.0,2886.0,P_1-2_2879,Bluetooth,2886.0,1.0
P_1-2_2908_L_JMA9963Y,20473.0,23469.0,2997.0,P_1-2_2908,LTE,4728.0,0.6338832487309645
P_1-2_2922_B_39HRWKQF,20882.0,25200.0,4319.0,P_1-2_2922,Bluetooth,4319.0,1.0
P_1-2_293_L_OETCJT3H,21314.0,25200.0,3887.0,P_1-2_293,LTE,3887.0,1.0
P_1-2_2976_B_SH5XM8ON,21872.0,23574.0,1703.0,P_1-2_2976,Bluetooth,3839.0,0.44360510549622295
P_1-2_2983_L_IXWD0RIJ,22163.0,23838.0,1676.0,P_1-2_2983,LTE,3633.0,0.461326727222681
P_1-2_2984_L_OVOP94XO,21047.0,25200.0,4154.0,P_1-2_2984,LTE,4154.0,1.0
P_1-2_2988_L_INOS453H,22188.0,25200.0,3013.0,P_1-2_2988,LTE,3013.0,1.0
P_1-2_3005_B_TL0QQTSE,19832.0,22311.0,2480.0,P_1-2_3005,Bluetooth,5369.0,0.4619109703855467
P_1-2_3006_B_8CUDB3H2,22358.0,25200.0,2843.0,P_1-2_3006,Bluetooth,2843.0,1.0
P_1-2_3011_B_0IFYIK43,20265.0,25200.0,4936.0,P_1-2_3011,Bluetooth,4936.0,1.0
P_1-2_3025_L_JU2LBR4X,22357.0,25200.0,2844.0,P_1-2_3025,LTE,2844.0,1.0
P_1-2_303_B_HEHESE8B,19653.0,25200.0,5548.0,P_1-2_303,Bluetooth,5548.0,1.0
P_1-2_3052_B_EPMUZL8L,18836.0,25200.0,6365.0,P_1-2_3052,Bluetooth,6365.0,1.0
P_1-2_3077_B_2GBZ3U7R,18664.0,25200.0,6537.0,P_1-2_3077,Bluetooth,6537.0,1.0
P_1-2_3081_B_HWXEGAKA,19610.0,25200.0,5591.0,P_1-2_3081,Bluetooth,5591.0,1.0
P_1-2_3088_L_0AJ613T5,21009.0,25200.0,4192.0,P_1-2_3088,LTE,4192.0,1.0
P_1-2_3093_L_YFNQDKIQ,20025.0,25200.0,5176.0,P_1-2_3093,LTE,5176.0,1.0
P_1-2_3125_L_CTK9I2FR,20697.0,25200.0,4504.0,P_1-2_3125,LTE,4504.0,1.0
P_1-2_3144_B_BDL14BGL,22249.0,25200.0,2952.0,P_1-2_3144,Bluetooth,2952.0,1.0
P_1-2_315_B_KYEABODV,19048.0,25013.0,5966.0,P_1-2_315,Bluetooth,6153.0,0.9696083211441573
P_1-2_3153_B_7QHUP6GU,20088.0,25200.0,5113.0,P_1-2_3153,Bluetooth,5113.0,1.0
P_1-2_3156_B_0QOVEUWE,22400.0,25200.0,2801.0,P_1-2_3156,Bluetooth,2801.0,1.0
P_1-2_318_L_6C4N9F64,22304.0,25200.0,2897.0,P_1-2_318,LTE,4373.0,0.6624742739538074
P_1-2_3210_B_028ZKWF3,22504.0,25120.0,2617.0,P_1-2_3210,Bluetooth,4137.0,0.6325839980662316
P_1-2_3213_B_HTGPS1VF,21815.0,25200.0,3386.0,P_1-2_3213,Bluetooth,5200.0,0.6511538461538462
P_1-2_3214_B_59OV4SMA,18154.0,25200.0,7047.0,P_1-2_3214,Bluetooth,7047.0,1.0
P_1-2_3221_B_F0F8W4SS,22775.0,25200.0,2426.0,P_1-2_3221,Bluetooth,3173.0,0.7645761109360227
P_1-2_3224_B_0YLNIJF9,19491.0,25200.0,5710.0,P_1-2_3224,Bluetooth,5736.0,0.9954672245467224
P_1-2_3247_L_C11YH17D,21311.0,25200.0,3890.0,P_1-2_3247,LTE,3890.0,1.0
P_1-2_3250_B_HW9AHX99,20970.0,25200.0,4231.0,P_1-2_3250,Bluetooth,4264.0,0.9922607879924953
P_1-2_3280_B_QFPULDZI,18337.0,25200.0,6864.0,P_1-2_3280,Bluetooth,6864.0,1.0
P_1-2_3286_B_9CSXREPO,18739.0,25200.0,6462.0,P_1-2_3286,Bluetooth,6578.0,0.9823654606263302
P_1-2_3300_L_34JLDNIB,21782.0,25150.0,3369.0,P_1-2_3300,LTE,4826.0,0.6980936593452134
P_1-2_3318_L_ZT0510NE,21713.0,25200.0,3488.0,P_1-2_3318,LTE,3488.0,1.0
P_1-2_3356_B_NEG19OH3,20312.0,25200.0,4889.0,P_1-2_3356,Bluetooth,4889.0,1.0
P_1-2_3378_B_DG2D33RM,19510.0,25200.0,5691.0,P_1-2_3378,Bluetooth,5691.0,1.0
P_1-2_3383_B_U3IXQNQ6,20790.0,25200.0,4411.0,P_1-2_3383,Bluetooth,4411.0,1.0
P_1-2_3386_L_QMYHLGGR,18330.0,25200.0,6871.0,P_1-2_3386,LTE,6871.0,1.0
P_1-2_3389_L_CJ22I6XP,19603.0,25200.0,5598.0,P_1-2_3389,LTE,5598.0,1.0
P_1-2_339_L_2NOYP6I6,22029.0,25200.0,3172.0,P_1-2_339,LTE,3172.0,1.0
P_1-2_3408_B_7R2NRG2Q,21781.0,25200.0,3420.0,P_1-2_3408,Bluetooth,3420.0,1.0
P_1-2_3413_L_0O4881F8,19608.0,25200.0,5593.0,P_1-2_3413,LTE,5593.0,1.0
P_1-2_3419_B_RJDPAK3E,21721.0,25200.0,3480.0,P_1-2_3419,Bluetooth,3480.0,1.0
P_1-2_3427_L_JD83KQV4,20045.0,25200.0,5156.0,P_1-2_3427,LTE,5156.0,1.0
P_1-2_3432_B_T1MMAYL9,21762.0,25200.0,3439.0,P_1-2_3432,Bluetooth,3439.0,1.0
P_1-2_3444_B_GHS148AC,20640.0,25200.0,4561.0,P_1-2_3444,Bluetooth,4561.0,1.0
P_1-2_3464_L_TXNFVFH8,19204.0,24098.0,4895.0,P_1-2_3464,LTE,6174.0,0.7928409459021704
P_1-2_347_B_LXLKE4ZQ,21849.0,25200.0,3352.0,P_1-2_347,Bluetooth,3352.0,1.0
P_1-2_3483_L_AU72FCNM,20499.0,25200.0,4702.0,P_1-2_3483,LTE,4702.0,1.0
P_1-2_3488_B_GZYZYBET,18112.0,25200.0,7089.0,P_1-2_3488,Bluetooth,7089.0,1.0
P_1-2_3549_B_PNUWBYV0,21977.0,25200.0,3224.0,P_1-2_3549,Bluetooth,3224.0,1.0
P_1-2_3575_B_7O57I8S4,18328.0,25200.0,6873.0,P_1-2_3575,Bluetooth,6873.0,1.0
P_1-2_3580_B_2178JPGG,20286.0,25200.0,4915.0,P_1-2_3580,Bluetooth,4915.0,1.0
P_1-2_3589_L_WJZ5BCUW,21639.0,23592.0,1954.0,P_1-2_3589,LTE,3562.0,0.5485682201010668
P_1-2_3590_B_JOQBOE6P,19043.0,25200.0,6158.0,P_1-2_3590,Bluetooth,6158.0,1.0
P_1-2_3608_B_Z63YSPHM,19895.0,25200.0,5306.0,P_1-2_3608,Bluetooth,6988.0,0.7593016599885518
P_1-2_3614_B_WNHBCTHZ,22276.0,25200.0,2925.0,P_1-2_3614,Bluetooth,2925.0,1.0
P_1-2_3639_B_ZB7MPL2Z,21732.0,25200.0,3469.0,P_1-2_3639,Bluetooth,3469.0,1.0
P_1-2_364_L_DPUYEJ4Y,22069.0,25200.0,3132.0,P_1-2_364,LTE,3132.0,1.0
P_1-2_3649_B_LGI1H9FY,21476.0,25200.0,3725.0,P_1-2_3649,Bluetooth,3725.0,1.0
P_1-2_3654_L_ONTEE71R,20379.0,25200.0,4822.0,P_1-2_3654,LTE,4822.0,1.0
P_1-2_3676_L_BE3X9YPS,20034.0,25200.0,5167.0,P_1-2_3676,LTE,5167.0,1.0
P_1-2_3692_B_CWML6FLZ,19240.0,25200.0,5961.0,P_1-2_3692,Bluetooth,5961.0,1.0
P_1-2_3693_B_IQ7JT8V6,18178.0,22650.0,4473.0,P_1-2_3693,Bluetooth,7023.0,0.6369073045706963
P_1-2_3702_L_SPPOJNSJ,19522.0,25200.0,5679.0,P_1-2_3702,LTE,5679.0,1.0
P_1-2_3708_L_Z89Z0LYU,19057.0,25200.0,6144.0,P_1-2_3708,LTE,6144.0,1.0
P_1-2_3716_L_CDX966OX,19572.0,23292.0,3721.0,P_1-2_3716,LTE,5629.0,0.6610410374844555
P_1-2_3742_B_IM3PLO7F,21938.0,25200.0,3263.0,P_1-2_3742,Bluetooth,3263.0,1.0
P_1-2_3745_B_YKGJRI0S,22347.0,25200.0,2854.0,P_1-2_3745,Bluetooth,3360.0,0.8494047619047619
P_1-2_3749_L_5VPUDA07,21743.0,25200.0,3458.0,P_1-2_3749,LTE,3458.0,1.0
P_1-2_3752_B_4PSRZUE2,19720.0,25200.0,5481.0,P_1-2_3752,Bluetooth,5481.0,1.0
P_1-2_3821_L_YQDL2DY9,22487.0,24505.0,2019.0,P_1-2_3821,LTE,7142.0,0.2826939232707925
P_1-2_3835_B_YIDZDY69,18598.0,25200.0,6603.0,P_1-2_3835,Bluetooth,6603.0,1.0
P_1-2_3850_L_1HL0MOAH,21236.0,25200.0,3965.0,P_1-2_3850,LTE,3965.0,1.0
P_1-2_3879_L_MQDM09MJ,19413.0,25200.0,5788.0,P_1-2_3879,LTE,6481.0,0.8930720567813609
P_1-2_3887_L_CYXWH2R4,20235.0,25200.0,4966.0,P_1-2_3887,LTE,4966.0,1.0
P_1-2_3894_L_2R5JRXCE,21164.0,24592.0,3429.0,P_1-2_3894,LTE,4037.0,0.8493931136982908
P_1-2_3901_B_C5DE6AEB,21468.0,25200.0,3733.0,P_1-2_3901,Bluetooth,3733.0,1.0
P_1-2_3903_L_73F978UO,22262.0,25200.0,2939.0,P_1-2_3903,LTE,2939.0,1.0
P_1-2_3904_B_LZA0MDG3,21107.0,25200.0,4094.0,P_1-2_3904,Bluetooth,4094.0,1.0
P_1-2_3908_L_GNZ52HAS,18737.0,23343.0,4607.0,P_1-2_3908,LTE,6464.0,0.7127165841584159
P_1-2_3919_L_HVG1JM8O,21946.0,25200.0,3255.0,P_1-2_3919,LTE,3255.0,1.0
P_1-2_3943_B_2LPPKZKE,20136.0,25200.0,5065.0,P_1-2_3943,Bluetooth,5065.0,1.0
P_1-2_3950_L_YV6B8ZX6,20641.0,25200.0,4560.0,P_1-2_3950,LTE,4560.0,1.0
P_1-2_3952_L_CL8N3QH6,21804.0,25200.0,3397.0,P_1-2_3952,LTE,3397.0,1.0
P_1-2_3997_L_9LOIADC1,21531.0,25200.0,3670.0,P_1-2_3997,LTE,3670.0,1.0
P_1-2_4005_B_993YYVN1,21330.0,23900.0,2571.0,P_1-2_4005,Bluetooth,3985.0,0.6451693851944793
P_1-2_4019_L_4CFGL4US,19828.0,25200.0,5373.0,P_1-2_4019,LTE,5373.0,1.0
P_1-2_4042_L_B4NC3DT6,20200.0,25200.0,5001.0,P_1-2_4042,LTE,5001.0,1.0
P_1-2_4061_B_QAMQ4BHI,20748.0,25200.0,4453.0,P_1-2_4061,Bluetooth,4453.0,1.0
P_1-2_4065_B_UHDL64WI,19178.0,25200.0,6023.0,P_1-2_4065,Bluetooth,6023.0,1.0
P_1-2_4098_L_C3ZVNVV5,18917.0,23431.0,4515.0,P_1-2_4098,LTE,6284.0,0.7184914067472947
P_1-2_4104_L_KAXDH0KT,21915.0,25200.0,3286.0,P_1-2_4104,LTE,3286.0,1.0
P_1-2_4112_L_7IP9MLQG,23754.0,25200.0,1447.0,P_1-2_4112,LTE,2879.0,0.5026050712052796
P_1-2_4181_L_7N9OZK97,21098.0,23688.0,2591.0,P_1-2_4181,LTE,4103.0,0.6314891542773581
P_1-2_4206_L_755S6DD9,19604.0,24548.0,4945.0,P_1-2_4206,LTE,6944.0,0.7121255760368663
P_1-2_4208_L_3A1EFPM9,18937.0,25200.0,6264.0,P_1-2_4208,LTE,6604.0,0.9485160508782556
P_1-2_4222_B_0XNNW8WW,21928.0,25200.0,3273.0,P_1-2_4222,Bluetooth,3273.0,1.0
P_1-2_423_B_EANXNJ9F,20299.0,25200.0,4902.0,P_1-2_423,Bluetooth,4902.0,1.0
P_1-2_4249_B_KTN3AQK0,19324.0,25200.0,5877.0,P_1-2_4249,Bluetooth,5877.0,1.0
P_1-2_4257_B_U03ZODCA,22053.0,25200.0,3148.0,P_1-2_4257,Bluetooth,3306.0,0.9522081064730793
P_1-2_4266_L_2JWSXF5O,20640.0,25200.0,4561.0,P_1-2_4266,LTE,5854.0,0.7791253843525794
P_1-2_4270_L_4L1OBPH2,18164.0,25200.0,7037.0,P_1-2_4270,LTE,7037.0,1.0
P_1-2_4272_B_1JO0FMQD,20929.0,25200.0,4272.0,P_1-2_4272,Bluetooth,4272.0,1.0
P_1-2_4274_B_HFIKNHB7,22202.0,25200.0,2999.0,P_1-2_4274,Bluetooth,2999.0,1.0
P_1-2_4285_B_HTBS0CVU,20095.0,25200.0,5106.0,P_1-2_4285,Bluetooth,5448.0,0.9372246696035242
P_1-2_4290_L_J80DYS2L,20719.0,25200.0,4482.0,P_1-2_4290,LTE,4482.0,1.0
P_1-2_4327_B_2IYBFCPA,18086.0,25200.0,7115.0,P_1-2_4327,Bluetooth,7115.0,1.0
P_1-2_4329_B_GXBFXIGN,19542.0,25200.0,5659.0,P_1-2_4329,Bluetooth,5659.0,1.0
P_1-2_4339_B_XXQD6D9Q,20825.0,25200.0,4376.0,P_1-2_4339,Bluetooth,4376.0,1.0
P_1-2_4340_B_BRLYE8U1,23346.0,25020.0,1675.0,P_1-2_4340,Bluetooth,3544.0,0.4726297968397291
P_1-2_4371_B_DY8QC27W,22913.0,25200.0,2288.0,P_1-2_4371,Bluetooth,3164.0,0.7231352718078382
P_1-2_4376_L_DRED2IOQ,18588.0,25200.0,6613.0,P_1-2_4376,LTE,6613.0,1.0
P_1-2_4388_B_6F7YEDFZ,18397.0,25200.0,6804.0,P_1-2_4388,Bluetooth,6804.0,1.0
P_1-2_4445_L_02CGP93S,22264.0,24758.0,2495.0,P_1-2_4445,LTE,2937.0,0.8495062989445011
P_1-2_4447_L_8MACYN6O,21691.0,24858.0,3168.0,P_1-2_4447,LTE,3510.0,0.9025641025641026
P_1-2_4452_B_I4Z39AE4,22402.0,25200.0,2799.0,P_1-2_4452,Bluetooth,3219.0,0.869524697110904
P_1-2_4454_B_K31LYOPC,18070.0,25200.0,7131.0,P_1-2_4454,Bluetooth,7131.0,1.0
P_1-2_4464_L_2U2WD1DV,19783.0,25200.0,5418.0,P_1-2_4464,LTE,5418.0,1.0
P_1-2_4465_L_6ROIZDTA,21597.0,25200.0,3604.0,P_1-2_4465,LTE,3604.0,1.0
P_1-2_4474_L_D6RFYJ3G,19850.0,25200.0,5351.0,P_1-2_4474,LTE,5351.0,1.0
P_1-2_4483_L_JJP05GRU,18716.0,25200.0,6485.0,P_1-2_4483,LTE,6485.0,1.0
P_1-2_4505_L_PZRG2LWG,21451.0,25200.0,3750.0,P_1-2_4505,LTE,3750.0,1.0
P_1-2_4506_L_331ILZ0W,21222.0,25200.0,3979.0,P_1-2_4506,LTE,3979.0,1.0
P_1-2_4539_B_Q07V9J78,23401.0,25200.0,1800.0,P_1-2_4539,Bluetooth,3581.0,0.502652890254119
P_1-2_4540_L_EI1MT483,21439.0,25200.0,3762.0,P_1-2_4540,LTE,4091.0,0.9195795648985579
P_1-2_455_B_N93TJR6S,22194.0,25200.0,3007.0,P_1-2_455,Bluetooth,3007.0,1.0
P_1-2_4589_B_KCCL7HTL,21953.0,25200.0,3248.0,P_1-2_4589,Bluetooth,3248.0,1.0
P_1-2_4607_B_ZP4UIJOQ,19091.0,22515.0,3425.0,P_1-2_4607,Bluetooth,6110.0,0.560556464811784
P_1-2_4609_B_ORM3GFX0,18126.0,25200.0,7075.0,P_1-2_4609,Bluetooth,7075.0,1.0
P_1-2_4631_L_WMCWJW7N,22093.0,25200.0,3108.0,P_1-2_4631,LTE,3108.0,1.0
P_1-2_4634_L_PARDGPDU,19822.0,25200.0,5379.0,P_1-2_4634,LTE,7076.0,0.7601752402487281
P_1-2_4646_B_X3NSSDET,22254.0,24281.0,2028.0,P_1-2_4646,Bluetooth,4502.0,0.4504664593513994
P_1-2_467_L_K90D4V9W,21842.0,25200.0,3359.0,P_1-2_467,LTE,3359.0,1.0
P_1-2_4706_B_7XZSCAWN,22376.0,25200.0,2825.0,P_1-2_4706,Bluetooth,2825.0,1.0
P_1-2_471_L_CMDXE7NZ,20809.0,25200.0,4392.0,P_1-2_471,LTE,4392.0,1.0
P_1-2_4710_L_KUCX6KWM,20440.0,25200.0,4761.0,P_1-2_4710,LTE,4761.0,1.0
P_1-2_4715_L_JOOXE54N,18714.0,25200.0,6487.0,P_1-2_4715,LTE,6720.0,0.9653273809523809
P_1-2_4724_B_KOINHB5Q,19358.0,25200.0,5843.0,P_1-2_4724,Bluetooth,5843.0,1.0
P_1-2_4730_B_LWD2P56V,21717.0,25200.0,3484.0,P_1-2_4730,Bluetooth,6432.0,0.5416666666666666
P_1-2_4734_L_WWQMTKPH,18042.0,25200.0,7159.0,P_1-2_4734,LTE,7159.0,1.0
P_1-2_4753_B_PRM39LEJ,18442.0,23093.0,4652.0,P_1-2_4753,Bluetooth,6759.0,0.6882674951915964
P_1-2_4771_L_UIM1ALNZ,19517.0,25200.0,5684.0,P_1-2_4771,LTE,5684.0,1.0
P_1-2_4791_B_VBZ7MZRY,18573.0,25200.0,6628.0,P_1-2_4791,Bluetooth,6628.0,1.0
P_1-2_4836_L_5S23CIEF,22065.0,25200.0,3136.0,P_1-2_4836,LTE,3136.0,1.0
P_1-2_4853_B_7FRERZKL,18310.0,25200.0,6891.0,P_1-2_4853,Bluetooth,6891.0,1.0
P_1-2_4886_L_UI73EYXQ,22516.0,24638.0,2123.0,P_1-2_4886,LTE,5921.0,0.358554298260429
P_1-2_489_B_SHI9DBQY,20090.0,25200.0,5111.0,P_1-2_489,Bluetooth,5111.0,1.0
P_1-2_4896_L_W8FVLU46,22360.0,25200.0,2841.0,P_1-2_4896,LTE,2841.0,1.0
P_1-2_4910_B_E8SWQJ2B,20384.0,25200.0,4817.0,P_1-2_4910,Bluetooth,4817.0,1.0
P_1-2_4940_L_D147DTJS,18737.0,25200.0,6464.0,P_1-2_4940,LTE,6464.0,1.0
P_1-2_4947_L_VWCMMHUP,19894.0,25200.0,5307.0,P_1-2_4947,LTE,5307.0,1.0
P_1-2_4954_L_2LDNBIDQ,20565.0,25200.0,4636.0,P_1-2_4954,LTE,4636.0,1.0
P_1-2_4955_B_2RWC9NM9,18281.0,25200.0,6920.0,P_1-2_4955,Bluetooth,6920.0,1.0
P_1-2_4962_B_T4I8P4FW,19046.0,25200.0,6155.0,P_1-2_4962,Bluetooth,6155.0,1.0
P_1-2_4976_L_IL5CHNPO,20549.0,23027.0,2479.0,P_1-2_4976,LTE,4652.0,0.5328890799656062
P_1-2_5007_L_Y4BEDC5S,22202.0,25200.0,2999.0,P_1-2_5007,LTE,2999.0,1.0
P_1-2_502_B_XS8QJRNC,20386.0,25200.0,4815.0,P_1-2_502,Bluetooth,4935.0,0.9756838905775076
P_1-2_5020_B_P6R40ZVB,19018.0,25200.0,6183.0,P_1-2_5020,Bluetooth,6183.0,1.0
P_1-2_505_B_VVUSQAG3,22053.0,25200.0,3148.0,P_1-2_505,Bluetooth,6196.0,0.5080697224015494
P_1-2_5054_B_OG3IG1T0,22351.0,25200.0,2850.0,P_1-2_5054,Bluetooth,2850.0,1.0
P_1-2_5092_B_GOCMYC0S,18215.0,25200.0,6986.0,P_1-2_5092,Bluetooth,6986.0,1.0
P_1-2_517_B_J3ZDOB4V,22174.0,25200.0,3027.0,P_1-2_517,Bluetooth,3027.0,1.0
P_1-2_5210_L_EWCINK9N,21960.0,25200.0,3241.0,P_1-2_5210,LTE,6568.0,0.4934531059683313
P_1-2_5237_B_QQQ6HBUM,20246.0,25200.0,4955.0,P_1-2_5237,Bluetooth,4955.0,1.0
P_1-2_5252_L_PVGEUM22,18908.0,24499.0,5592.0,P_1-2_5252,LTE,6293.0,0.8886063880502145
P_1-2_5254_B_CWGD41I2,22364.0,25200.0,2837.0,P_1-2_5254,Bluetooth,2837.0,1.0
P_1-2_5288_B_9C4CFPRI,18917.0,25200.0,6284.0,P_1-2_5288,Bluetooth,6284.0,1.0
P_1-2_5330_L_QTMN9QFL,22382.0,25200.0,2819.0,P_1-2_5330,LTE,2819.0,1.0
P_1-2_5348_B_MGUB2RZY,21897.0,25200.0,3304.0,P_1-2_5348,Bluetooth,3304.0,1.0
P_1-2_5359_L_GRVMGUFM,20919.0,25200.0,4282.0,P_1-2_5359,LTE,4282.0,1.0
P_1-2_5369_B_46DYP7V0,19327.0,25200.0,5874.0,P_1-2_5369,Bluetooth,5874.0,1.0
P_1-2_5374_B_JVVJ7GPW,21790.0,25200.0,3411.0,P_1-2_5374,Bluetooth,3411.0,1.0
P_1-2_5400_L_3QRUZ6D0,21543.0,25200.0,3658.0,P_1-2_5400,LTE,3658.0,1.0
P_1-2_5408_L_6X6TSVR6,22408.0,25200.0,2793.0,P_1-2_5408,LTE,3578.0,0.7806036892118502
P_1-2_5417_L_G7YD02IU,21191.0,25200.0,4010.0,P_1-2_5417,LTE,4010.0,1.0
P_1-2_5428_L_W1HAPMOL,19135.0,21910.0,2776.0,P_1-2_5428,LTE,6066.0,0.4576327068908671
P_1-2_5437_B_TWGRWHFR,19546.0,25200.0,5655.0,P_1-2_5437,Bluetooth,5655.0,1.0
P_1-2_5466_L_XGLMCA2T,22099.0,25200.0,3102.0,P_1-2_5466,LTE,3102.0,1.0
P_1-2_5477_B_9WUCPF8D,20936.0,25200.0,4265.0,P_1-2_5477,Bluetooth,4265.0,1.0
P_1-2_549_L_A13HL5RJ,21925.0,25200.0,3276.0,P_1-2_549,LTE,3276.0,1.0
P_1-2_5495_L_9HWKUMJN,21842.0,24681.0,2840.0,P_1-2_5495,LTE,3359.0,0.8454897290860375
P_1-2_5518_B_1SE2X5ZC,18103.0,25200.0,7098.0,P_1-2_5518,Bluetooth,7098.0,1.0
P_1-2_5543_L_CAFA637Q,19825.0,25200.0,5376.0,P_1-2_5543,LTE,5376.0,1.0
P_1-2_5588_L_6UGG2EJ9,20570.0,25200.0,4631.0,P_1-2_5588,LTE,4631.0,1.0
P_1-2_5594_L_PGXI0V3E,21819.0,25200.0,3382.0,P_1-2_5594,LTE,3382.0,1.0
P_1-2_5598_B_UD42K0DL,20822.0,25200.0,4379.0,P_1-2_5598,Bluetooth,4379.0,1.0
P_1-2_5634_B_ESGLQQI9,20640.0,25200.0,4561.0,P_1-2_5634,Bluetooth,4561.0,1.0
P_1-2_5640_B_V4GYJJJY,18258.0,25200.0,6943.0,P_1-2_5640,Bluetooth,6943.0,1.0
P_1-2_5641_B_8WWKBGZ8,18619.0,25200.0,6582.0,P_1-2_5641,Bluetooth,6582.0,1.0
P_1-2_5643_B_SRVCJPWK,21924.0,25200.0,3277.0,P_1-2_5643,Bluetooth,3277.0,1.0
P_1-2_5645_L_2K5BZ2OH,20759.0,25200.0,4442.0,P_1-2_5645,LTE,4442.0,1.0
P_1-2_568_L_DL8GE1DD,21900.0,25200.0,3301.0,P_1-2_568,LTE,5400.0,0.6112962962962963
P_1-2_5722_B_MX8QK03B,20812.0,25200.0,4389.0,P_1-2_5722,Bluetooth,4389.0,1.0
P_1-2_573_B_4YGEF3CR,18462.0,25200.0,6739.0,P_1-2_573,Bluetooth,6739.0,1.0
P_1-2_5745_L_8RJWK84M,19114.0,25200.0,6087.0,P_1-2_5745,LTE,6087.0,1.0
P_1-2_5752_L_VPM6M65U,19050.0,20682.0,1633.0,P_1-2_5752,LTE,6265.0,0.26065442936951316
P_1-2_5753_L_RZZLG09D,18303.0,25200.0,6898.0,P_1-2_5753,LTE,6898.0,1.0
P_1-2_5765_L_H5SHZQF1,19669.0,25200.0,5532.0,P_1-2_5765,LTE,5532.0,1.0
P_1-2_5800_L_FUUOI26U,20305.0,24242.0,3938.0,P_1-2_5800,LTE,4985.0,0.7899699097291876
P_1-2_5803_L_NCJCY8SX,21036.0,25200.0,4165.0,P_1-2_5803,LTE,4165.0,1.0
P_1-2_5805_B_VKPDT3CE,22222.0,25200.0,2979.0,P_1-2_5805,Bluetooth,2979.0,1.0
P_1-2_5806_L_8VJVS7VI,21171.0,25200.0,4030.0,P_1-2_5806,LTE,4030.0,1.0
P_1-2_5814_B_GRDAVWYF,22067.0,25200.0,3134.0,P_1-2_5814,Bluetooth,4587.0,0.6832352299978199
P_1-2_583_L_BLDER7P3,21054.0,25200.0,4147.0,P_1-2_583,LTE,4147.0,1.0
P_1-2_5834_L_TB9DXNEQ,21155.0,25200.0,4046.0,P_1-2_5834,LTE,4046.0,1.0
P_1-2_5885_L_2PB9WNJ7,20462.0,25200.0,4739.0,P_1-2_5885,LTE,4739.0,1.0
P_1-2_5927_L_Z3KA6HAF,18670.0,25200.0,6531.0,P_1-2_5927,LTE,6531.0,1.0
P_1-2_593_B_5X5ZBRWB,18339.0,25200.0,6862.0,P_1-2_593,Bluetooth,6862.0,1.0
P_1-2_5935_B_3FF0E57F,21533.0,25200.0,3668.0,P_1-2_5935,Bluetooth,4011.0,0.9144851657940664
P_1-2_5937_L_3SS1GD9Z,22239.0,25200.0,2962.0,P_1-2_5937,LTE,2962.0,1.0
P_1-2_5943_B_4ZT2HGMG,18201.0,25200.0,7000.0,P_1-2_5943,Bluetooth,7000.0,1.0
P_1-2_5951_L_DIPMQH06,18716.0,22332.0,3617.0,P_1-2_5951,LTE,6485.0,0.5577486507324595
P_1-2_5978_L_A5XQLE5Q,21996.0,25200.0,3205.0,P_1-2_5978,LTE,3205.0,1.0
P_1-2_5983_L_EE7UYKUD,21673.0,25200.0,3528.0,P_1-2_5983,LTE,3528.0,1.0
P_1-2_6013_B_B93JNT53,19164.0,25200.0,6037.0,P_1-2_6013,Bluetooth,6037.0,1.0
P_1-2_6019_L_FZGIPHB6,20016.0,25200.0,5185.0,P_1-2_6019,LTE,5185.0,1.0
P_1-2_6028_L_56D3OJEW,22679.0,25200.0,2522.0,P_1-2_6028,LTE,4246.0,0.5939707960433349
P_1-2_6071_B_N8S7NM9A,20768.0,21957.0,1190.0,P_1-2_6071,Bluetooth,4873.0,0.2442027498460907
P_1-2_609_L_9NK0WNQN,18037.0,25200.0,7164.0,P_1-2_609,LTE,7164.0,1.0
P_1-2_638_B_7OBG5QRV,18053.0,23738.0,5686.0,P_1-2_638,Bluetooth,7148.0,0.7954672635702295
P_1-2_645_B_LW84BUFG,22071.0,25200.0,3130.0,P_1-2_645,Bluetooth,3130.0,1.0
P_1-2_659_L_HF0HSEGH,21238.0,25200.0,3963.0,P_1-2_659,LTE,3981.0,0.9954785229841748
P_1-2_671_B_N23ZXG0C,19694.0,25200.0,5507.0,P_1-2_671,Bluetooth,5507.0,1.0
P_1-2_676_L_MWKN0DOS,21659.0,25200.0,3542.0,P_1-2_676,LTE,3542.0,1.0
P_1-2_695_B_RGIYT2D3,20639.0,25200.0,4562.0,P_1-2_695,Bluetooth,4739.0,0.9626503481747204
P_1-2_747_B_PML9DOP0,22202.0,25200.0,2999.0,P_1-2_747,Bluetooth,2999.0,1.0
P_1-2_750_L_ZS43UC5L,21904.0,25200.0,3297.0,P_1-2_750,LTE,3297.0,1.0
P_1-2_752_B_9JQLZDUA,18492.0,25200.0,6709.0,P_1-2_752,Bluetooth,6709.0,1.0
P_1-2_760_B_6KNG60FZ,22308.0,24121.0,1814.0,P_1-2_760,Bluetooth,2893.0,0.6270307639128931
P_1-2_78_B_F2QXUN0J,20430.0,25200.0,4771.0,P_1-2_78,Bluetooth,4771.0,1.0
P_1-2_808_B_95003CG6,21814.0,25200.0,3387.0,P_1-2_808,Bluetooth,3387.0,1.0
P_1-2_810_L_1YOP02JQ,21585.0,25200.0,3616.0,P_1-2_810,LTE,3616.0,1.0
P_1-2_829_B_VDV1JJZH,18533.0,25200.0,6668.0,P_1-2_829,Bluetooth,6668.0,1.0
P_1-2_831_B_Z45Q46LP,20257.0,25200.0,4944.0,P_1-2_831,Bluetooth,4944.0,1.0
P_1-2_848_L_Q2NLYWL4,21071.0,24518.0,3448.0,P_1-2_848,LTE,6513.0,0.5294027329955474
P_1-2_865_B_83AJD7W2,21542.0,25200.0,3659.0,P_1-2_865,Bluetooth,3689.0,0.9918677148278666
P_1-2_87_L_W270BWK5,21933.0,25200.0,3268.0,P_1-2_87,LTE,3268.0,1.0
P_1-2_914_B_HBFXIXEP,21842.0,25200.0,3359.0,P_1-2_914,Bluetooth,3359.0,1.0
P_1-2_933_L_K82JQMX5,21566.0,25200.0,3635.0,P_1-2_933,LTE,3635.0,1.0
P_1-2_939_B_IOJ9WTZF,21302.0,25200.0,3899.0,P_1-2_939,Bluetooth,3899.0,1.0
P_1-2_960_B_XJZ7X7AP,19380.0,25200.0,5821.0,P_1-2_960,Bluetooth,5821.0,1.0
P_1-2_961_L_68TTQJ7Z,19991.0,25200.0,5210.0,P_1-2_961,LTE,5210.0,1.0
P_1-3_1000_B_152KJ3L4,21928.0,25200.0,3273.0,P_1-3_1000,Bluetooth,3273.0,1.0
P_1-3_1002_B_TTSSG3HV,22534.0,24272.0,1739.0,P_1-3_1002,Bluetooth,3539.0,0.4913817462560045
P_1-3_1004_L_BS78DXYV,22298.0,25200.0,2903.0,P_1-3_1004,LTE,2903.0,1.0
P_1-3_1027_B_S13EYRPH,18922.0,25200.0,6279.0,P_1-3_1027,Bluetooth,6279.0,1.0
P_1-3_1047_B_WR08U4H4,22412.0,25200.0,2789.0,P_1-3_1047,Bluetooth,2789.0,1.0
P_1-3_1059_B_TNJBF29C,20124.0,24950.0,4827.0,P_1-3_1059,Bluetooth,5077.0,0.9507583218436084
P_1-3_1126_L_DKYDUNRP,21495.0,25200.0,3706.0,P_1-3_1126,LTE,3706.0,1.0
P_1-3_1134_B_03RJ3I0J,21768.0,25200.0,3433.0,P_1-3_1134,Bluetooth,3433.0,1.0
P_1-3_1135_L_TUFJWPVF,22068.0,25200.0,3133.0,P_1-3_1135,LTE,3133.0,1.0
P_1-3_1140_L_GVG02SES,19162.0,25200.0,6039.0,P_1-3_1140,LTE,6039.0,1.0
P_1-3_115_L_41BS02ER,20730.0,25200.0,4471.0,P_1-3_115,LTE,4471.0,1.0
P_1-3_1159_B_1KJ5H15L,20558.0,25200.0,4643.0,P_1-3_1159,Bluetooth,4804.0,0.9664862614487927
P_1-3_1213_B_HVR632TG,19799.0,25200.0,5402.0,P_1-3_1213,Bluetooth,5402.0,1.0
P_1-3_1223_L_D9OEZJDP,21751.0,25200.0,3450.0,P_1-3_1223,LTE,3552.0,0.9712837837837838
P_1-3_1243_L_OJ086B4D,20769.0,25200.0,4432.0,P_1-3_1243,LTE,5173.0,0.8567562342934467
P_1-3_1269_B_Z3NX4HXY,22021.0,25155.0,3135.0,P_1-3_1269,Bluetooth,3180.0,0.9858490566037735
P_1-3_1273_B_K9F3B20X,21034.0,25200.0,4167.0,P_1-3_1273,Bluetooth,4167.0,1.0
P_1-3_1286_B_Z5SUTUI1,21632.0,25200.0,3569.0,P_1-3_1286,Bluetooth,3569.0,1.0
P_1-3_1292_L_78A6LPUC,19831.0,25200.0,5370.0,P_1-3_1292,LTE,5370.0,1.0
P_1-3_1297_B_INHH1CBB,21898.0,25200.0,3303.0,P_1-3_1297,Bluetooth,3303.0,1.0
P_1-3_1324_B_QSDOXT2R,19534.0,25200.0,5667.0,P_1-3_1324,Bluetooth,5667.0,1.0
P_1-3_1395_B_5N4Y3LDQ,21424.0,25200.0,3777.0,P_1-3_1395,Bluetooth,3777.0,1.0
P_1-3_1402_L_SENCZ2T2,21684.0,25200.0,3517.0,P_1-3_1402,LTE,3517.0,1.0
P_1-3_1500_B_A0CQH3V5,18550.0,25200.0,6651.0,P_1-3_1500,Bluetooth,6651.0,1.0
P_1-3_1503_L_2DGMFU9N,21801.0,25038.0,3238.0,P_1-3_1503,LTE,4460.0,0.7260089686098655
P_1-3_1505_B_3J4HMPA9,20255.0,25200.0,4946.0,P_1-3_1505,Bluetooth,4946.0,1.0
P_1-3_1535_L_DMZM5856,21956.0,25200.0,3245.0,P_1-3_1535,LTE,5417.0,0.5990400590732878
P_1-3_1539_L_SFRHY233,21669.0,25200.0,3532.0,P_1-3_1539,LTE,3532.0,1.0
P_1-3_1542_B_36TY1J8D,22412.0,25200.0,2789.0,P_1-3_1542,Bluetooth,2789.0,1.0
P_1-3_1571_L_BS4977CZ,19633.0,25200.0,5568.0,P_1-3_1571,LTE,5568.0,1.0
P_1-3_1580_L_Y5QPWF1D,19943.0,25200.0,5258.0,P_1-3_1580,LTE,5258.0,1.0
P_1-3_1588_L_6V69M4BL,20552.0,25200.0,4649.0,P_1-3_1588,LTE,4649.0,1.0
P_1-3_1604_L_HAHTGLNP,21433.0,25200.0,3768.0,P_1-3_1604,LTE,6640.0,0.5674698795180723
P_1-3_1615_L_NQHJXBNO,20306.0,25200.0,4895.0,P_1-3_1615,LTE,4895.0,1.0
P_1-3_165_B_8370R1WM,21572.0,25200.0,3629.0,P_1-3_165,Bluetooth,3629.0,1.0
P_1-3_1657_B_K34DG83M,19852.0,24911.0,5060.0,P_1-3_1657,Bluetooth,5349.0,0.9459712095718826
P_1-3_1667_B_CZALFKX1,22781.0,25200.0,2420.0,P_1-3_1667,Bluetooth,3158.0,0.766307789740342
P_1-3_1676_L_9GNMZYCV,19452.0,23702.0,4251.0,P_1-3_1676,LTE,5749.0,0.7394329448599757
P_1-3_1680_L_DPFRH344,19861.0,25200.0,5340.0,P_1-3_1680,LTE,5340.0,1.0
P_1-3_1693_B_RETXTGVL,21232.0,25200.0,3969.0,P_1-3_1693,Bluetooth,3969.0,1.0
P_1-3_17_B_EML63746,18931.0,25200.0,6270.0,P_1-3_17,Bluetooth,6707.0,0.9348441926345609
P_1-3_1737_B_ZCJMHWUU,18725.0,25200.0,6476.0,P_1-3_1737,Bluetooth,6476.0,1.0
P_1-3_1755_B_TX8VEFCR,21650.0,25079.0,3430.0,P_1-3_1755,Bluetooth,3607.0,0.9509287496534516
P_1-3_1785_B_BWNV97KZ,18310.0,25200.0,6891.0,P_1-3_1785,Bluetooth,6891.0,1.0
P_1-3_179_B_EWOB3KEU,19896.0,25200.0,5305.0,P_1-3_179,Bluetooth,5305.0,1.0
P_1-3_1815_B_GBOA3OGR,20733.0,25200.0,4468.0,P_1-3_1815,Bluetooth,4468.0,1.0
P_1-3_1826_L_DJODBP02,21944.0,25200.0,3257.0,P_1-3_1826,LTE,3257.0,1.0
P_1-3_186_L_SXQWNGW5,21141.0,25200.0,4060.0,P_1-3_186,LTE,4060.0,1.0
P_1-3_1863_B_TMFA7D1S,20494.0,25200.0,4707.0,P_1-3_1863,Bluetooth,4707.0,1.0
P_1-3_1945_L_NMQD3Q34,22341.0,25200.0,2860.0,P_1-3_1945,LTE,5687.0,0.5029013539651838
P_1-3_1975_B_UTID1K4S,22101.0,24732.0,2632.0,P_1-3_1975,Bluetooth,3590.0,0.7331476323119778
P_1-3_1998_L_52BW29LC,20106.0,25200.0,5095.0,P_1-3_1998,LTE,5095.0,1.0
P_1-3_2006_L_QY9G6AIE,22036.0,25200.0,3165.0,P_1-3_2006,LTE,3165.0,1.0
P_1-3_2010_L_ZI76R2JY,19926.0,25200.0,5275.0,P_1-3_2010,LTE,5275.0,1.0
P_1-3_2016_L_604BLZDP,20345.0,24767.0,4423.0,P_1-3_2016,LTE,4856.0,0.910831960461285
P_1-3_2018_B_LDIZ92P7,21562.0,25200.0,3639.0,P_1-3_2018,Bluetooth,7169.0,0.5076021760357093
P_1-3_2029_L_KC7UAG7Q,20084.0,25200.0,5117.0,P_1-3_2029,LTE,5117.0,1.0
P_1-3_204_L_24ZL1WDX,21504.0,25200.0,3697.0,P_1-3_204,LTE,4065.0,0.9094710947109471
P_1-3_2043_B_KVQTBCVM,18545.0,22644.0,4100.0,P_1-3_2043,Bluetooth,6656.0,0.6159855769230769
P_1-3_2049_L_NOH9FMMW,21844.0,25200.0,3357.0,P_1-3_2049,LTE,4516.0,0.7433569530558016
P_1-3_2051_B_B5UXIP7H,21546.0,25200.0,3655.0,P_1-3_2051,Bluetooth,3655.0,1.0
P_1-3_2053_B_MARVG83L,18633.0,24079.0,5447.0,P_1-3_2053,Bluetooth,6568.0,0.8293239951278928
P_1-3_2057_L_2Y4TILEH,21778.0,25200.0,3423.0,P_1-3_2057,LTE,3423.0,1.0
P_1-3_2076_B_EGDVFW36,18982.0,25200.0,6219.0,P_1-3_2076,Bluetooth,6219.0,1.0
P_1-3_209_B_TD89PYRQ,22120.0,25200.0,3081.0,P_1-3_209,Bluetooth,3156.0,0.9762357414448669
P_1-3_2095_L_0R2OBFCW,22115.0,25200.0,3086.0,P_1-3_2095,LTE,3086.0,1.0
P_1-3_2119_L_OENOVTMW,20616.0,25200.0,4585.0,P_1-3_2119,LTE,4585.0,1.0
P_1-3_2125_B_BP2OKUBH,21329.0,25200.0,3872.0,P_1-3_2125,Bluetooth,3872.0,1.0
P_1-3_213_L_T6T1RX8M,21831.0,25200.0,3370.0,P_1-3_213,LTE,3370.0,1.0
P_1-3_2171_B_8ERPPX0Z,19293.0,25200.0,5908.0,P_1-3_2171,Bluetooth,5908.0,1.0
P_1-3_2180_L_U0PRZ9G2,21663.0,25200.0,3538.0,P_1-3_2180,LTE,7091.0,0.49894232125229165
P_1-3_2187_L_CV7CHS8Y,18518.0,25200.0,6683.0,P_1-3_2187,LTE,6683.0,1.0
P_1-3_220_B_WAF6HQSF,21917.0,25200.0,3284.0,P_1-3_220,Bluetooth,3284.0,1.0
P_1-3_2203_B_1E638F8T,22445.0,25200.0,2756.0,P_1-3_2203,Bluetooth,5111.0,0.5392291136763843
P_1-3_2209_B_1ZM31Z5F,21000.0,25200.0,4201.0,P_1-3_2209,Bluetooth,4201.0,1.0
P_1-3_2212_L_C0V4ONBW,21393.0,25200.0,3808.0,P_1-3_2212,LTE,3808.0,1.0
P_1-3_2218_B_55XCG08E,21216.0,25200.0,3985.0,P_1-3_2218,Bluetooth,3985.0,1.0
P_1-3_2219_L_2C9A9W16,20999.0,25200.0,4202.0,P_1-3_2219,LTE,4202.0,1.0
P_1-3_2221_B_ZM328B90,18011.0,22313.0,4303.0,P_1-3_2221,Bluetooth,7190.0,0.5984700973574409
P_1-3_2256_L_1JGL3VXW,22213.0,25200.0,2988.0,P_1-3_2256,LTE,2988.0,1.0
P_1-3_2257_B_7QC1OL7H,21460.0,25200.0,3741.0,P_1-3_2257,Bluetooth,3741.0,1.0
P_1-3_2261_B_5AO4CWV2,20001.0,25200.0,5200.0,P_1-3_2261,Bluetooth,5200.0,1.0
P_1-3_2270_L_NATHM03T,20563.0,25200.0,4638.0,P_1-3_2270,LTE,5189.0,0.8938138369628059
P_1-3_2278_L_S6SK5JVY,18407.0,25200.0,6794.0,P_1-3_2278,LTE,6794.0,1.0
P_1-3_2279_L_EBPGNZCS,20786.0,25200.0,4415.0,P_1-3_2279,LTE,4415.0,1.0
P_1-3_228_B_55PEYVB6,18933.0,25200.0,6268.0,P_1-3_228,Bluetooth,6268.0,1.0
P_1-3_2280_L_P96XWNIC,19266.0,25129.0,5864.0,P_1-3_2280,LTE,5935.0,0.9880370682392586
P_1-3_2296_L_NWFJT8AX,20775.0,25200.0,4426.0,P_1-3_2296,LTE,4426.0,1.0
P_1-3_2323_B_Z68C00AZ,18311.0,22155.0,3845.0,P_1-3_2323,Bluetooth,6890.0,0.558055152394775
P_1-3_2324_L_50R0IMFJ,21358.0,25200.0,3843.0,P_1-3_2324,LTE,3843.0,1.0
P_1-3_2327_B_ES5U2UOH,20196.0,25200.0,5005.0,P_1-3_2327,Bluetooth,5005.0,1.0
P_1-3_234_L_HNV67PBD,19253.0,25200.0,5948.0,P_1-3_234,LTE,5948.0,1.0
P_1-3_2374_L_4GPIWBI8,18002.0,25200.0,7199.0,P_1-3_2374,LTE,7199.0,1.0
P_1-3_2386_B_GU8J8TFT,22035.0,25200.0,3166.0,P_1-3_2386,Bluetooth,3166.0,1.0
P_1-3_2397_L_VSFQGNE6,21607.0,25200.0,3594.0,P_1-3_2397,LTE,3594.0,1.0
P_1-3_2410_L_17GGAL5Z,18004.0,25200.0,7197.0,P_1-3_2410,LTE,7197.0,1.0
P_1-3_2421_B_DNHNYGUB,19597.0,24420.0,4824.0,P_1-3_2421,Bluetooth,5604.0,0.860813704496788
P_1-3_2424_L_PY7WMSF3,19299.0,25200.0,5902.0,P_1-3_2424,LTE,5902.0,1.0
P_1-3_2454_B_6GJFZO29,18057.0,25200.0,7144.0,P_1-3_2454,Bluetooth,7144.0,1.0
P_1-3_2474_L_3GQ8YN8T,22009.0,25200.0,3192.0,P_1-3_2474,LTE,3827.0,0.8340736869610661
P_1-3_2482_B_QOP5JMBO,19739.0,24427.0,4689.0,P_1-3_2482,Bluetooth,5462.0,0.8584767484437935
P_1-3_2484_L_K2CQ2W7L,21666.0,23626.0,1961.0,P_1-3_2484,LTE,4018.0,0.4880537580886013
P_1-3_2492_L_PBBWDP9K,20843.0,25200.0,4358.0,P_1-3_2492,LTE,4358.0,1.0
P_1-3_2498_B_NTFC8PVL,21719.0,25200.0,3482.0,P_1-3_2498,Bluetooth,3482.0,1.0
P_1-3_2501_B_QDX2W5SS,21558.0,24478.0,2921.0,P_1-3_2501,Bluetooth,3643.0,0.8018116936590722
P_1-3_2528_B_7DFU6R1N,19269.0,25200.0,5932.0,P_1-3_2528,Bluetooth,5932.0,1.0
P_1-3_2540_L_H28MX7R4,19987.0,24059.0,4073.0,P_1-3_2540,LTE,5214.0,0.7811660912926736
P_1-3_2548_B_VVQJ4JRW,21068.0,25200.0,4133.0,P_1-3_2548,Bluetooth,4133.0,1.0
P_1-3_2565_B_RFI8R9NZ,20303.0,25200.0,4898.0,P_1-3_2565,Bluetooth,4898.0,1.0
P_1-3_2588_B_LPKS8Z7Q,20459.0,25200.0,4742.0,P_1-3_2588,Bluetooth,4742.0,1.0
P_1-3_2599_L_89MC85AV,19102.0,25200.0,6099.0,P_1-3_2599,LTE,6099.0,1.0
P_1-3_2604_B_8BYH4YF2,21334.0,25200.0,3867.0,P_1-3_2604,Bluetooth,3867.0,1.0
P_1-3_2630_B_J62JJBJY,21993.0,25200.0,3208.0,P_1-3_2630,Bluetooth,3208.0,1.0
P_1-3_2633_L_91TJQPI9,19701.0,25200.0,5500.0,P_1-3_2633,LTE,5500.0,1.0
P_1-3_2639_B_0DNO9KNG,21483.0,24291.0,2809.0,P_1-3_2639,Bluetooth,3718.0,0.7555137170521786
P_1-3_2643_L_39OKOS31,19154.0,25200.0,6047.0,P_1-3_2643,LTE,6047.0,1.0
P_1-3_2654_B_WSRZVMKE,21463.0,25200.0,3738.0,P_1-3_2654,Bluetooth,3738.0,1.0
P_1-3_268_L_HUVVW38E,18061.0,25200.0,7140.0,P_1-3_268,LTE,7140.0,1.0
P_1-3_2683_L_G5PO2TOZ,21358.0,24117.0,2760.0,P_1-3_2683,LTE,3843.0,0.7181889149102264
P_1-3_2733_B_Z0KJ1XK3,21289.0,25200.0,3912.0,P_1-3_2733,Bluetooth,3912.0,1.0
P_1-3_274_L_KPK0FG3R,21274.0,25200.0,3927.0,P_1-3_274,LTE,3927.0,1.0
P_1-3_2745_B_0P34BJ0C,19760.0,25200.0,5441.0,P_1-3_2745,Bluetooth,5441.0,1.0
P_1-3_2757_B_WLYNPIUE,21300.0,25200.0,3901.0,P_1-3_2757,Bluetooth,3901.0,1.0
P_1-3_2773_B_7TPH7YQM,19440.0,25200.0,5761.0,P_1-3_2773,Bluetooth,5761.0,1.0
P_1-3_2786_B_G1W2XQGI,19683.0,25200.0,5518.0,P_1-3_2786,Bluetooth,5518.0,1.0
P_1-3_28_B_8L9U1Y3L,19744.0,25200.0,5457.0,P_1-3_28,Bluetooth,5457.0,1.0
P_1-3_2804_B_526AV9OM,22388.0,25200.0,2813.0,P_1-3_2804,Bluetooth,2813.0,1.0
P_1-3_283_L_TTAUSOZ8,19535.0,25064.0,5530.0,P_1-3_283,LTE,5666.0,0.9759971761383692
P_1-3_2874_L_3W55NC9R,21422.0,24822.0,3401.0,P_1-3_2874,LTE,3779.0,0.8999735379730087
P_1-3_2881_B_3PLLBDDM,18242.0,25200.0,6959.0,P_1-3_2881,Bluetooth,6959.0,1.0
P_1-3_2893_L_3LELWB66,22200.0,25200.0,3001.0,P_1-3_2893,LTE,3001.0,1.0
P_1-3_2955_B_L60CV7JC,18383.0,25200.0,6818.0,P_1-3_2955,Bluetooth,6818.0,1.0
P_1-3_2966_L_KGVF92AO,22304.0,25200.0,2897.0,P_1-3_2966,LTE,2897.0,1.0
P_1-3_2985_B_FM9466YU,19010.0,25133.0,6124.0,P_1-3_2985,Bluetooth,6191.0,0.9891778387982555
P_1-3_2999_L_XB747481,21078.0,25200.0,4123.0,P_1-3_2999,LTE,4123.0,1.0
P_1-3_300_L_OZAYCKVH,21882.0,25200.0,3319.0,P_1-3_300,LTE,3319.0,1.0
P_1-3_3004_L_VERUFLAE,20940.0,25200.0,4261.0,P_1-3_3004,LTE,4261.0,1.0
P_1-3_3046_L_HWCFCVNM,18114.0,23765.0,5652.0,P_1-3_3046,LTE,7087.0,0.7975165796528856
P_1-3_3054_B_TBWHS02B,20309.0,25200.0,4892.0,P_1-3_3054,Bluetooth,4892.0,1.0
P_1-3_3061_L_US8BP2O5,21664.0,25200.0,3537.0,P_1-3_3061,LTE,3650.0,0.969041095890411
P_1-3_3062_B_O5FY2LKZ,20340.0,25200.0,4861.0,P_1-3_3062,Bluetooth,4861.0,1.0
P_1-3_3076_B_FT3ADI3Z,18964.0,25200.0,6237.0,P_1-3_3076,Bluetooth,6237.0,1.0
P_1-3_308_B_XKBU8ZCQ,20069.0,25200.0,5132.0,P_1-3_308,Bluetooth,5132.0,1.0
P_1-3_3096_B_F9BNWP21,22141.0,25200.0,3060.0,P_1-3_3096,Bluetooth,3060.0,1.0
P_1-3_3103_B_F223CTW7,22021.0,25200.0,3180.0,P_1-3_3103,Bluetooth,3180.0,1.0
P_1-3_3132_L_3OG1RN7Y,18868.0,25200.0,6333.0,P_1-3_3132,LTE,6333.0,1.0
P_1-3_3135_L_NL5Z3HJ0,19795.0,25200.0,5406.0,P_1-3_3135,LTE,5406.0,1.0
P_1-3_3139_B_MNUI92MU,21466.0,25200.0,3735.0,P_1-3_3139,Bluetooth,3786.0,0.9865293185419969
P_1-3_3164_B_F1H546I8,20681.0,25200.0,4520.0,P_1-3_3164,Bluetooth,4794.0,0.9428452231956612
P_1-3_3176_B_ROGZE8TC,22683.0,25200.0,2518.0,P_1-3_3176,Bluetooth,3883.0,0.6484676796291527
P_1-3_318_B_PQ6E9HL3,19954.0,25200.0,5247.0,P_1-3_318,Bluetooth,5247.0,1.0
P_1-3_3197_L_26JJYAN1,21072.0,25200.0,4129.0,P_1-3_3197,LTE,4129.0,1.0
P_1-3_3209_L_0FBA8MM6,22403.0,25200.0,2798.0,P_1-3_3209,LTE,2798.0,1.0
P_1-3_3216_L_2CB3052M,21395.0,25200.0,3806.0,P_1-3_3216,LTE,3806.0,1.0
P_1-3_3231_B_VF3SHYN1,22017.0,25004.0,2988.0,P_1-3_3231,Bluetooth,3184.0,0.9384422110552764
P_1-3_3245_L_N34MAEOW,19299.0,25200.0,5902.0,P_1-3_3245,LTE,5902.0,1.0
P_1-3_3253_B_WFBOO916,19260.0,23976.0,4717.0,P_1-3_3253,Bluetooth,5941.0,0.7939740784379734
P_1-3_3301_B_SZ13KSNE,20553.0,25200.0,4648.0,P_1-3_3301,Bluetooth,4648.0,1.0
P_1-3_3305_B_N7TKG3UA,21739.0,25200.0,3462.0,P_1-3_3305,Bluetooth,3462.0,1.0
P_1-3_331_L_3FLYS1TR,21357.0,25200.0,3844.0,P_1-3_331,LTE,5179.0,0.7422282293879128
P_1-3_3339_L_6AJAN5VL,18622.0,25200.0,6579.0,P_1-3_3339,LTE,6579.0,1.0
P_1-3_3410_L_7HXGF4CD,19620.0,25200.0,5581.0,P_1-3_3410,LTE,5581.0,1.0
P_1-3_3433_B_ANJFQ9D6,20653.0,25200.0,4548.0,P_1-3_3433,Bluetooth,4548.0,1.0
P_1-3_3440_B_ZLKK989P,21071.0,25200.0,4130.0,P_1-3_3440,Bluetooth,4130.0,1.0
P_1-3_3457_B_2VEAWY92,18437.0,23775.0,5339.0,P_1-3_3457,Bluetooth,6764.0,0.7893258426966292
P_1-3_3488_B_V8WA5U41,20459.0,25200.0,4742.0,P_1-3_3488,Bluetooth,4742.0,1.0
P_1-3_3494_L_9L4IHQZH,22041.0,25139.0,3099.0,P_1-3_3494,LTE,5672.0,0.5463681241184767
P_1-3_3536_L_GBZZ3J23,19577.0,25200.0,5624.0,P_1-3_3536,LTE,5624.0,1.0
P_1-3_3545_B_FAWFTE90,20498.0,25200.0,4703.0,P_1-3_3545,Bluetooth,4703.0,1.0
P_1-3_3549_B_6AEOKXMA,21352.0,25200.0,3849.0,P_1-3_3549,Bluetooth,3849.0,1.0
P_1-3_3556_L_V4T7H9PT,22264.0,25200.0,2937.0,P_1-3_3556,LTE,2937.0,1.0
P_1-3_3579_B_XOKCJH2W,19125.0,25200.0,6076.0,P_1-3_3579,Bluetooth,6076.0,1.0
P_1-3_3588_B_A66GWDUE,21428.0,25200.0,3773.0,P_1-3_3588,Bluetooth,3773.0,1.0
P_1-3_3603_B_85EVNJ4K,21856.0,25200.0,3345.0,P_1-3_3603,Bluetooth,3345.0,1.0
P_1-3_3620_L_A0WD3S04,21446.0,25200.0,3755.0,P_1-3_3620,LTE,3755.0,1.0
P_1-3_3624_B_KGX83VGU,20120.0,25200.0,5081.0,P_1-3_3624,Bluetooth,5081.0,1.0
P_1-3_3626_L_68O0JSS4,20144.0,25200.0,5057.0,P_1-3_3626,LTE,5057.0,1.0
P_1-3_363_L_I91Z8F8P,21755.0,25200.0,3446.0,P_1-3_363,LTE,3446.0,1.0
P_1-3_3639_L_5XV00R0M,19850.0,25200.0,5351.0,P_1-3_3639,LTE,5351.0,1.0
P_1-3_3648_L_74DG8C90,20262.0,25200.0,4939.0,P_1-3_3648,LTE,4939.0,1.0
P_1-3_372_L_ARX5PLRI,20290.0,25200.0,4911.0,P_1-3_372,LTE,4911.0,1.0
P_1-3_3748_B_7FS4RHT0,22346.0,25200.0,2855.0,P_1-3_3748,Bluetooth,2855.0,1.0
P_1-3_3755_L_PNE5W3SE,19759.0,25200.0,5442.0,P_1-3_3755,LTE,5442.0,1.0
P_1-3_3759_B_K6Z83Y6Y,18616.0,25200.0,6585.0,P_1-3_3759,Bluetooth,6872.0,0.9582363213038417
P_1-3_3776_L_JQJ09WIU,20351.0,25200.0,4850.0,P_1-3_3776,LTE,6101.0,0.7949516472709391
P_1-3_3784_B_ZXPH81MX,21958.0,25200.0,3243.0,P_1-3_3784,Bluetooth,3243.0,1.0
P_1-3_3787_B_1G8B0GRE,21216.0,25200.0,3985.0,P_1-3_3787,Bluetooth,3985.0,1.0
P_1-3_3790_L_J896TA1G,20122.0,25200.0,5079.0,P_1-3_3790,LTE,5079.0,1.0
P_1-3_3793_B_2URM647C,18916.0,25200.0,6285.0,P_1-3_3793,Bluetooth,6285.0,1.0
P_1-3_3834_L_GRG3MYS5,18079.0,25200.0,7122.0,P_1-3_3834,LTE,7122.0,1.0
P_1-3_3846_B_Y6CPF1DB,20959.0,25200.0,4242.0,P_1-3_3846,Bluetooth,4737.0,0.8955034832172261
P_1-3_3889_B_7YAXT7XZ,20477.0,25200.0,4724.0,P_1-3_3889,Bluetooth,4724.0,1.0
P_1-3_3901_L_0BDS4XZB,18674.0,24549.0,5876.0,P_1-3_3901,LTE,6527.0,0.9002604565650375
P_1-3_3920_B_BPZV71MV,21665.0,25200.0,3536.0,P_1-3_3920,Bluetooth,3556.0,0.9943757030371203
P_1-3_3926_B_L2KWYWMI,20531.0,25200.0,4670.0,P_1-3_3926,Bluetooth,4670.0,1.0
P_1-3_3963_L_189VH2M6,22400.0,25200.0,2801.0,P_1-3_3963,LTE,3248.0,0.8623768472906403
P_1-3_3979_B_09PS8ZX8,22333.0,25200.0,2868.0,P_1-3_3979,Bluetooth,2868.0,1.0
P_1-3_4015_B_MHWH1DKU,22217.0,25200.0,2984.0,P_1-3_4015,Bluetooth,2984.0,1.0
P_1-3_4025_B_AER2KMIL,19215.0,25200.0,5986.0,P_1-3_4025,Bluetooth,5986.0,1.0
P_1-3_403_B_VWRMRATV,19231.0,25200.0,5970.0,P_1-3_403,Bluetooth,5970.0,1.0
P_1-3_4033_B_LXWD075N,22254.0,25200.0,2947.0,P_1-3_4033,Bluetooth,2947.0,1.0
P_1-3_4059_B_7TC86GT1,21513.0,25200.0,3688.0,P_1-3_4059,Bluetooth,3688.0,1.0
P_1-3_4060_B_LEWIU0KL,22016.0,25200.0,3185.0,P_1-3_4060,Bluetooth,3185.0,1.0
P_1-3_410_B_47DO7BON,20707.0,25200.0,4494.0,P_1-3_410,Bluetooth,4494.0,1.0
P_1-3_4124_B_5TL5Y2N2,19589.0,24849.0,5261.0,P_1-3_4124,Bluetooth,6101.0,0.8623176528437961
P_1-3_4125_L_99RZG9HA,21356.0,25200.0,3845.0,P_1-3_4125,LTE,3845.0,1.0
P_1-3_4167_L_XCTHK8KL,21415.0,25200.0,3786.0,P_1-3_4167,LTE,3786.0,1.0
P_1-3_4168_B_S06PYKMF,18549.0,22324.0,3776.0,P_1-3_4168,Bluetooth,6652.0,0.5676488274203247
P_1-3_4173_L_88EYCPOW,22138.0,25200.0,3063.0,P_1-3_4173,LTE,3063.0,1.0
P_1-3_4236_B_3SLPKW97,22119.0,25200.0,3082.0,P_1-3_4236,Bluetooth,3082.0,1.0
P_1-3_4243_L_KNZX7812,21842.0,25200.0,3359.0,P_1-3_4243,LTE,3359.0,1.0
P_1-3_4253_B_P5XX7CCS,21539.0,25200.0,3662.0,P_1-3_4253,Bluetooth,5941.0,0.6163945463726646
P_1-3_4262_B_1VHPU3I1,18655.0,25200.0,6546.0,P_1-3_4262,Bluetooth,6546.0,1.0
P_1-3_4269_L_HZ0EFY5A,20276.0,23702.0,3427.0,P_1-3_4269,LTE,4925.0,0.6958375634517766
P_1-3_4272_B_49C45TLA,22406.0,25200.0,2795.0,P_1-3_4272,Bluetooth,2795.0,1.0
P_1-3_4278_L_Z1TTGZ7V,22228.0,25200.0,2973.0,P_1-3_4278,LTE,2973.0,1.0
P_1-3_4289_B_46H666HG,21683.0,25200.0,3518.0,P_1-3_4289,Bluetooth,5838.0,0.6026036313806098
P_1-3_4291_B_3SDIQH9O,19536.0,25200.0,5665.0,P_1-3_4291,Bluetooth,5665.0,1.0
P_1-3_4313_L_YKX9ATQC,20966.0,25200.0,4235.0,P_1-3_4313,LTE,4235.0,1.0
P_1-3_4328_B_KKY6LQ23,19873.0,25200.0,5328.0,P_1-3_4328,Bluetooth,5328.0,1.0
P_1-3_4399_B_TJ3CQ01T,21736.0,25200.0,3465.0,P_1-3_4399,Bluetooth,3465.0,1.0
P_1-3_4425_L_Z56WM2PI,22256.0,25200.0,2945.0,P_1-3_4425,LTE,4021.0,0.7324048744093509
P_1-3_4479_L_42AVMTSC,21402.0,25200.0,3799.0,P_1-3_4479,LTE,3799.0,1.0
P_1-3_4487_L_QX1O3Z2P,19846.0,25200.0,5355.0,P_1-3_4487,LTE,5355.0,1.0
P_1-3_4492_B_VECF3LI9,20094.0,25069.0,4976.0,P_1-3_4492,Bluetooth,7054.0,0.7054153671675645
P_1-3_4503_L_N2KP7WE9,20867.0,25200.0,4334.0,P_1-3_4503,LTE,4334.0,1.0
P_1-3_4509_B_392OMMJU,22008.0,25200.0,3193.0,P_1-3_4509,Bluetooth,3193.0,1.0
P_1-3_4517_B_NGV5RBGB,21555.0,25200.0,3646.0,P_1-3_4517,Bluetooth,3646.0,1.0
P_1-3_455_B_AH05922I,20991.0,25200.0,4210.0,P_1-3_455,Bluetooth,4210.0,1.0
P_1-3_4558_B_W8Z6JIBN,21893.0,25200.0,3308.0,P_1-3_4558,Bluetooth,3308.0,1.0
P_1-3_458_B_3YBSDGKU,19452.0,25200.0,5749.0,P_1-3_458,Bluetooth,5749.0,1.0
P_1-3_4587_B_5W027QK5,19776.0,25200.0,5425.0,P_1-3_4587,Bluetooth,5425.0,1.0
P_1-3_4591_L_0L45EEHT,20239.0,25200.0,4962.0,P_1-3_4591,LTE,4962.0,1.0
P_1-3_4593_B_5WMRW2IX,20221.0,25200.0,4980.0,P_1-3_4593,Bluetooth,4980.0,1.0
P_1-3_4644_B_SJ1MCPDL,21692.0,25200.0,3509.0,P_1-3_4644,Bluetooth,6750.0,0.5198518518518519
P_1-3_4649_L_PGMDDOKX,20190.0,23782.0,3593.0,P_1-3_4649,LTE,5011.0,0.7170225503891439
P_1-3_4663_B_UX7OCX1U,19012.0,25200.0,6189.0,P_1-3_4663,Bluetooth,6189.0,1.0
P_1-3_4666_B_4VVXLOAG,18910.0,25200.0,6291.0,P_1-3_4666,Bluetooth,6291.0,1.0
P_1-3_4690_B_0W78KVYG,18468.0,22210.0,3743.0,P_1-3_4690,Bluetooth,6733.0,0.5559186098321699
P_1-3_4738_B_EIXZHYWF,18468.0,22289.0,3822.0,P_1-3_4738,Bluetooth,6733.0,0.5676518639536611
P_1-3_4741_L_DFWE65Q2,22198.0,25200.0,3003.0,P_1-3_4741,LTE,3003.0,1.0
P_1-3_4743_L_4Q0QMJE0,20002.0,25200.0,5199.0,P_1-3_4743,LTE,5199.0,1.0
P_1-3_4751_B_WWFW8GAT,23034.0,24413.0,1380.0,P_1-3_4751,Bluetooth,4132.0,0.3339787028073572
P_1-3_4756_B_GUOYH9UE,20977.0,25200.0,4224.0,P_1-3_4756,Bluetooth,4224.0,1.0
P_1-3_4775_B_HEICKEMR,18719.0,25200.0,6482.0,P_1-3_4775,Bluetooth,6482.0,1.0
P_1-3_4809_L_NX364PHS,20136.0,25200.0,5065.0,P_1-3_4809,LTE,5065.0,1.0
P_1-3_4822_L_Y9R8Z9VQ,18746.0,25200.0,6455.0,P_1-3_4822,LTE,6455.0,1.0
P_1-3_4856_B_M1E0JUPY,22065.0,25200.0,3136.0,P_1-3_4856,Bluetooth,3136.0,1.0
P_1-3_4875_B_X07HVJ24,19119.0,23055.0,3937.0,P_1-3_4875,Bluetooth,6082.0,0.6473199605392963
P_1-3_4881_L_UC2M5KZX,19097.0,25200.0,6104.0,P_1-3_4881,LTE,6104.0,1.0
P_1-3_4944_L_FZW7XP34,19173.0,25200.0,6028.0,P_1-3_4944,LTE,6028.0,1.0
P_1-3_4954_L_YQ4CDNH6,18558.0,25200.0,6643.0,P_1-3_4954,LTE,6643.0,1.0
P_1-3_4957_L_BA4GY1XI,22112.0,23694.0,1583.0,P_1-3_4957,LTE,4819.0,0.32849138825482466
P_1-3_4983_B_UME1DFWY,21704.0,24454.0,2751.0,P_1-3_4983,Bluetooth,3497.0,0.7866742922505005
P_1-3_4995_L_66PRZJCO,21105.0,25200.0,4096.0,P_1-3_4995,LTE,4096.0,1.0
P_1-3_4996_B_URIAFRCE,22020.0,25200.0,3181.0,P_1-3_4996,Bluetooth,3181.0,1.0
P_1-3_5006_L_7PYC2LB9,20683.0,25200.0,4518.0,P_1-3_5006,LTE,4518.0,1.0
P_1-3_502_B_TVZRR7VL,20392.0,25200.0,4809.0,P_1-3_502,Bluetooth,4809.0,1.0
P_1-3_5020_L_8MLXTR09,20076.0,25200.0,5125.0,P_1-3_5020,LTE,6218.0,0.8242200064329366
P_1-3_5023_B_3CSOYKCC,20744.0,25200.0,4457.0,P_1-3_5023,Bluetooth,4457.0,1.0
P_1-3_5053_B_9934JO5Z,21971.0,25200.0,3230.0,P_1-3_5053,Bluetooth,3230.0,1.0
P_1-3_5076_B_PLZS9FBK,20068.0,25200.0,5133.0,P_1-3_5076,Bluetooth,5133.0,1.0
P_1-3_5079_B_4MSG3VL2,20083.0,25200.0,5118.0,P_1-3_5079,Bluetooth,5118.0,1.0
P_1-3_5117_B_S6CRX45Q,18492.0,23578.0,5087.0,P_1-3_5117,Bluetooth,6709.0,0.7582352064391117
P_1-3_5123_L_55BPNJ8O,20684.0,25200.0,4517.0,P_1-3_5123,LTE,6674.0,0.6768055139346718
P_1-3_5141_B_GPWAKGYW,20553.0,25200.0,4648.0,P_1-3_5141,Bluetooth,4648.0,1.0
P_1-3_5144_B_G5K758TW,19264.0,25200.0,5937.0,P_1-3_5144,Bluetooth,5937.0,1.0
P_1-3_5152_L_YGCXY7ET,20753.0,25200.0,4448.0,P_1-3_5152,LTE,4448.0,1.0
P_1-3_5170_B_19M3F3FF,19899.0,25200.0,5302.0,P_1-3_5170,Bluetooth,5302.0,1.0
P_1-3_520_L_U4ZL1RRW,19900.0,25200.0,5301.0,P_1-3_520,LTE,5301.0,1.0
P_1-3_5203_B_1LFCXFU3,21715.0,25200.0,3486.0,P_1-3_5203,Bluetooth,3486.0,1.0
P_1-3_5217_B_PGHTV7MY,21269.0,25200.0,3932.0,P_1-3_5217,Bluetooth,3932.0,1.0
P_1-3_5238_L_21Q689EE,21206.0,25200.0,3995.0,P_1-3_5238,LTE,3995.0,1.0
P_1-3_5252_L_LP5HJ9ZM,22245.0,25200.0,2956.0,P_1-3_5252,LTE,2956.0,1.0
P_1-3_5265_L_MZ5XD9UE,21440.0,25200.0,3761.0,P_1-3_5265,LTE,3761.0,1.0
P_1-3_528_L_LGGR5EXR,18328.0,25200.0,6873.0,P_1-3_528,LTE,6873.0,1.0
P_1-3_5304_L_ZZFJ7270,20355.0,25200.0,4846.0,P_1-3_5304,LTE,4846.0,1.0
P_1-3_5318_L_Q0TAI4R4,21574.0,25200.0,3627.0,P_1-3_5318,LTE,3627.0,1.0
P_1-3_5320_L_KI51M7KG,22006.0,25200.0,3195.0,P_1-3_5320,LTE,3195.0,1.0
P_1-3_5334_L_WFCQBR7L,18206.0,25200.0,6995.0,P_1-3_5334,LTE,6995.0,1.0
P_1-3_5348_B_ISMOU2CO,21719.0,25200.0,3482.0,P_1-3_5348,Bluetooth,3482.0,1.0
P_1-3_5354_B_AWKFNVXY,18883.0,25200.0,6318.0,P_1-3_5354,Bluetooth,6318.0,1.0
P_1-3_5359_B_T3PYRMZH,20048.0,23528.0,3481.0,P_1-3_5359,Bluetooth,5153.0,0.6755288181641762
P_1-3_5376_B_FMSGSWD9,22227.0,25200.0,2974.0,P_1-3_5376,Bluetooth,2974.0,1.0
P_1-3_5412_L_6V2VKAZY,20942.0,25200.0,4259.0,P_1-3_5412,LTE,4259.0,1.0
P_1-3_5428_B_FKFZUCCZ,21510.0,25200.0,3691.0,P_1-3_5428,Bluetooth,3691.0,1.0
P_1-3_5451_L_XMMKDQKT,18949.0,25200.0,6252.0,P_1-3_5451,LTE,6252.0,1.0
P_1-3_5452_L_4HWF9UKT,21121.0,25200.0,4080.0,P_1-3_5452,LTE,4080.0,1.0
P_1-3_5469_L_6BCXB2UI,20611.0,25200.0,4590.0,P_1-3_5469,LTE,4590.0,1.0
P_1-3_547_L_9EWE9LYK,19318.0,25200.0,5883.0,P_1-3_547,LTE,5883.0,1.0
P_1-3_5475_L_IP6D3P0R,18443.0,25200.0,6758.0,P_1-3_5475,LTE,6758.0,1.0
P_1-3_5477_B_XQGS2YGP,22187.0,25200.0,3014.0,P_1-3_5477,Bluetooth,3706.0,0.8132757690232056
P_1-3_5496_L_GUN1VMQI,21999.0,25200.0,3202.0,P_1-3_5496,LTE,3202.0,1.0
P_1-3_5504_B_74HBD7Z7,22367.0,25200.0,2834.0,P_1-3_5504,Bluetooth,4879.0,0.5808567329370773
P_1-3_5537_B_RYR5OS5C,18298.0,25200.0,6903.0,P_1-3_5537,Bluetooth,6903.0,1.0
P_1-3_5550_L_FB3WYN15,19729.0,25200.0,5472.0,P_1-3_5550,LTE,5472.0,1.0
P_1-3_5572_L_5ZK7GD79,21377.0,24235.0,2859.0,P_1-3_5572,LTE,3824.0,0.7476464435146444
P_1-3_5578_L_5AJTL7H5,18182.0,25200.0,7019.0,P_1-3_5578,LTE,7019.0,1.0
P_1-3_5582_L_P3Z2W4ZP,21599.0,25200.0,3602.0,P_1-3_5582,LTE,3602.0,1.0
P_1-3_56_L_IPY7UXX6,21718.0,25200.0,3483.0,P_1-3_56,LTE,3483.0,1.0
P_1-3_5600_B_9ZZ0IFUU,19871.0,25200.0,5330.0,P_1-3_5600,Bluetooth,5330.0,1.0
P_1-3_562_L_DRP28D8J,21590.0,25200.0,3611.0,P_1-3_562,LTE,3611.0,1.0
P_1-3_574_L_59HXZAT3,22263.0,25200.0,2938.0,P_1-3_574,LTE,2938.0,1.0
P_1-3_635_B_G06KK370,18441.0,25200.0,6760.0,P_1-3_635,Bluetooth,6760.0,1.0
P_1-3_637_L_BTOSBZ6H,21933.0,25200.0,3268.0,P_1-3_637,LTE,3268.0,1.0
P_1-3_68_B_GCESZO1Q,20665.0,25200.0,4536.0,P_1-3_68,Bluetooth,4536.0,1.0
P_1-3_687_L_59669WPJ,21443.0,24449.0,3007.0,P_1-3_687,LTE,3758.0,0.8001596593932943
P_1-3_699_L_S4TQ9128,20530.0,25200.0,4671.0,P_1-3_699,LTE,4671.0,1.0
P_1-3_71_B_B7U679TG,21625.0,25200.0,3576.0,P_1-3_71,Bluetooth,3576.0,1.0
P_1-3_743_L_SVR20Z7Z,21601.0,25200.0,3600.0,P_1-3_743,LTE,5835.0,0.6169665809768637
P_1-3_75_B_3QXJ7OBU,20234.0,25200.0,4967.0,P_1-3_75,Bluetooth,4967.0,1.0
P_1-3_760_B_6V79IPS8,19914.0,25200.0,5287.0,P_1-3_760,Bluetooth,5287.0,1.0
P_1-3_765_L_N8JZOUJ7,22207.0,25200.0,2994.0,P_1-3_765,LTE,2994.0,1.0
P_1-3_767_L_Y8HFYBRA,21859.0,25200.0,3342.0,P_1-3_767,LTE,4728.0,0.7068527918781726
P_1-3_774_B_21YQ14H0,21893.0,25153.0,3261.0,P_1-3_774,Bluetooth,3308.0,0.9857920193470375
P_1-3_795_L_RET3PHN7,20685.0,25200.0,4516.0,P_1-3_795,LTE,4516.0,1.0
P_1-3_80_L_FAF0EZMK,18783.0,22335.0,3553.0,P_1-3_80,LTE,6418.0,0.5535992521034591
P_1-3_809_L_1RR7XELO,19176.0,25200.0,6025.0,P_1-3_809,LTE,6025.0,1.0
P_1-3_835_B_NMBZLMYP,21363.0,25200.0,3838.0,P_1-3_835,Bluetooth,3838.0,1.0
P_1-3_855_L_U9MEI2JK,19946.0,25200.0,5255.0,P_1-3_855,LTE,5255.0,1.0
P_1-3_870_B_M04D7EOC,19452.0,25200.0,5749.0,P_1-3_870,Bluetooth,5749.0,1.0
P_1-3_874_L_SZ0D5XYL,18948.0,25200.0,6253.0,P_1-3_874,LTE,6253.0,1.0
P_1-3_89_B_NH38TOLY,21183.0,25200.0,4018.0,P_1-3_89,Bluetooth,4018.0,1.0
P_1-3_891_B_Y29UA664,21129.0,25200.0,4072.0,P_1-3_891,Bluetooth,5251.0,0.7754713387926109
P_1-3_909_B_O8C25CBW,21754.0,25200.0,3447.0,P_1-3_909,Bluetooth,3447.0,1.0
P_1-3_946_B_R7VUXALT,21558.0,25158.0,3601.0,P_1-3_946,Bluetooth,3643.0,0.9884710403513588
P_1-3_962_L_QFJPNAEF,22042.0,25200.0,3159.0,P_1-3_962,LTE,3159.0,1.0
P_1-3_970_L_WB846PNC,21097.0,25200.0,4104.0,P_1-3_970,LTE,4104.0,1.0
P_1-3_990_L_VEFO2Q99,20669.0,25200.0,4532.0,P_1-3_990,LTE,6262.0,0.723730437559885
P_2-1_1013_L_RAOI9Q5G,22023.0,25200.0,3178.0,P_2-1_1013,LTE,3178.0,1.0
P_2-1_1035_B_8SRWMLLR,21046.0,25200.0,4155.0,P_2-1_1035,Bluetooth,4155.0,1.0
P_2-1_1059_B_O3T7D65W,21779.0,25200.0,3422.0,P_2-1_1059,Bluetooth,3422.0,1.0
P_2-1_1106_B_4BJ3MKTR,20284.0,25200.0,4917.0,P_2-1_1106,Bluetooth,4917.0,1.0
P_2-1_1139_L_GFUUJLXW,20901.0,25200.0,4300.0,P_2-1_1139,LTE,4300.0,1.0
P_2-1_1140_B_04PDH6I3,21487.0,25200.0,3714.0,P_2-1_1140,Bluetooth,3714.0,1.0
P_2-1_1162_L_BJ0RTDK0,20594.0,25200.0,4607.0,P_2-1_1162,LTE,4607.0,1.0
P_2-1_1193_L_6M8LQYJ7,20564.0,25200.0,4637.0,P_2-1_1193,LTE,4637.0,1.0
P_2-1_1211_L_E6PEGWOE,21634.0,25200.0,3567.0,P_2-1_1211,LTE,3567.0,1.0
P_2-1_1228_L_VNDHDLZD,22294.0,25200.0,2907.0,P_2-1_1228,LTE,2907.0,1.0
P_2-1_1242_L_DW21ELT8,23978.0,25200.0,1223.0,P_2-1_1242,LTE,4011.0,0.3049114933931688
P_2-1_1248_L_IW9M15CI,18411.0,25200.0,6790.0,P_2-1_1248,LTE,6790.0,1.0
P_2-1_1253_B_JEKF54DM,22286.0,25200.0,2915.0,P_2-1_1253,Bluetooth,2915.0,1.0
P_2-1_1270_B_R4GEN1YR,22166.0,25200.0,3035.0,P_2-1_1270,Bluetooth,3247.0,0.934708962118879
P_2-1_1290_B_BAQFVQRL,21786.0,25200.0,3415.0,P_2-1_1290,Bluetooth,3415.0,1.0
P_2-1_1311_L_YL20YL80,21584.0,25200.0,3617.0,P_2-1_1311,LTE,3617.0,1.0
P_2-1_1403_B_E8CUCM4F,22302.0,25200.0,2899.0,P_2-1_1403,Bluetooth,2899.0,1.0
P_2-1_1408_L_11ZGRRLR,23038.0,24840.0,1803.0,P_2-1_1408,LTE,3614.0,0.49889319313779745
P_2-1_1443_B_BDHKYU3M,21653.0,25200.0,3548.0,P_2-1_1443,Bluetooth,3548.0,1.0
P_2-1_1463_L_2YOV21TH,18978.0,25200.0,6223.0,P_2-1_1463,LTE,6223.0,1.0
P_2-1_1485_B_HGBH2TP7,21436.0,25200.0,3765.0,P_2-1_1485,Bluetooth,3765.0,1.0
P_2-1_1571_B_0Z59WSG1,21121.0,25200.0,4080.0,P_2-1_1571,Bluetooth,4080.0,1.0
P_2-1_1592_B_BJD7ND01,21172.0,25200.0,4029.0,P_2-1_1592,Bluetooth,4029.0,1.0
P_2-1_1609_B_M0CH14BI,19033.0,25200.0,6168.0,P_2-1_1609,Bluetooth,6168.0,1.0
P_2-1_1646_L_J9IBURD8,22127.0,24206.0,2080.0,P_2-1_1646,LTE,4195.0,0.4958283671036949
P_2-1_1675_L_PFRTLRTR,21582.0,25200.0,3619.0,P_2-1_1675,LTE,3619.0,1.0
P_2-1_1724_L_7FJI624K,19787.0,25200.0,5414.0,P_2-1_1724,LTE,5414.0,1.0
P_2-1_1842_B_IX2KYPZR,20031.0,24881.0,4851.0,P_2-1_1842,Bluetooth,5170.0,0.9382978723404255
P_2-1_1878_B_56SHS84B,19568.0,25200.0,5633.0,P_2-1_1878,Bluetooth,5633.0,1.0
P_2-1_1911_L_W1D8169L,22179.0,24148.0,1970.0,P_2-1_1911,LTE,4921.0,0.40032513716724244
P_2-1_1965_B_76VAZ9X1,20943.0,25056.0,4114.0,P_2-1_1965,Bluetooth,4258.0,0.9661813057773603
P_2-1_2028_L_8DV9NRBY,19271.0,25200.0,5930.0,P_2-1_2028,LTE,5930.0,1.0
P_2-1_2034_L_DEI3UBJM,20177.0,25200.0,5024.0,P_2-1_2034,LTE,5024.0,1.0
P_2-1_2042_L_Y8AQQ8A9,20575.0,25200.0,4626.0,P_2-1_2042,LTE,4626.0,1.0
P_2-1_2045_L_ZT5ZOG4B,21404.0,25200.0,3797.0,P_2-1_2045,LTE,5957.0,0.6374013765318113
P_2-1_2057_L_TH6L5YOJ,21675.0,25200.0,3526.0,P_2-1_2057,LTE,3526.0,1.0
P_2-1_2074_L_G6U0CMCT,23216.0,25200.0,1985.0,P_2-1_2074,LTE,4707.0,0.42171234331846186
P_2-1_2098_B_IC3LEY77,21722.0,25200.0,3479.0,P_2-1_2098,Bluetooth,3479.0,1.0
P_2-1_213_L_ZQVHF0MP,18692.0,25200.0,6509.0,P_2-1_213,LTE,6509.0,1.0
P_2-1_2133_L_UT1ESEQQ,20077.0,25200.0,5124.0,P_2-1_2133,LTE,5124.0,1.0
P_2-1_2136_B_RUDZSW69,21502.0,25200.0,3699.0,P_2-1_2136,Bluetooth,6315.0,0.585748218527316
P_2-1_2148_L_9O69G15Y,20969.0,25200.0,4232.0,P_2-1_2148,LTE,4232.0,1.0
P_2-1_2161_B_Q91KVRHZ,19731.0,25200.0,5470.0,P_2-1_2161,Bluetooth,5470.0,1.0
P_2-1_2201_L_0FEVLTJO,19864.0,25200.0,5337.0,P_2-1_2201,LTE,5337.0,1.0
P_2-1_2225_B_2KY10EJD,20967.0,25200.0,4234.0,P_2-1_2225,Bluetooth,4234.0,1.0
P_2-1_2291_B_MYLIIGQT,21300.0,25200.0,3901.0,P_2-1_2291,Bluetooth,3901.0,1.0
P_2-1_2293_L_QOGME8HE,18466.0,25200.0,6735.0,P_2-1_2293,LTE,6735.0,1.0
P_2-1_2297_L_L13UIXX7,20971.0,25200.0,4230.0,P_2-1_2297,LTE,4230.0,1.0
P_2-1_2299_L_EJ2Q900F,22378.0,25200.0,2823.0,P_2-1_2299,LTE,2823.0,1.0
P_2-1_2384_B_FZWKPI52,19117.0,25200.0,6084.0,P_2-1_2384,Bluetooth,6084.0,1.0
P_2-1_2438_B_5OP9HPQM,21356.0,25200.0,3845.0,P_2-1_2438,Bluetooth,3845.0,1.0
P_2-1_2458_B_KXQJOSWG,22252.0,25200.0,2949.0,P_2-1_2458,Bluetooth,2949.0,1.0
P_2-1_247_B_WVPKXSRJ,20121.0,25200.0,5080.0,P_2-1_247,Bluetooth,5080.0,1.0
P_2-1_2486_L_S3BZ6Z2S,19781.0,25200.0,5420.0,P_2-1_2486,LTE,5420.0,1.0
P_2-1_2570_B_DU3E36M4,22138.0,25200.0,3063.0,P_2-1_2570,Bluetooth,3063.0,1.0
P_2-1_2575_L_EHV3BEEF,21625.0,25200.0,3576.0,P_2-1_2575,LTE,3576.0,1.0
P_2-1_2614_B_KTIMW2RW,21141.0,25200.0,4060.0,P_2-1_2614,Bluetooth,4060.0,1.0
P_2-1_2626_B_7E3S8QJ9,20373.0,24995.0,4623.0,P_2-1_2626,Bluetooth,4828.0,0.9575393537696769
P_2-1_2710_B_JLS8T1AI,21661.0,25200.0,3540.0,P_2-1_2710,Bluetooth,3540.0,1.0
P_2-1_2749_B_C4ONDNUF,22409.0,25200.0,2792.0,P_2-1_2749,Bluetooth,2792.0,1.0
P_2-1_2785_L_BZGGQDUD,21639.0,25200.0,3562.0,P_2-1_2785,LTE,3562.0,1.0
P_2-1_2855_B_LH1KSJ1F,22219.0,25200.0,2982.0,P_2-1_2855,Bluetooth,2982.0,1.0
P_2-1_2911_L_05JT2ZWH,19693.0,23751.0,4059.0,P_2-1_2911,LTE,5508.0,0.7369281045751634
P_2-1_2925_B_GCY25CV8,18955.0,23840.0,4886.0,P_2-1_2925,Bluetooth,6246.0,0.7822606468139609
P_2-1_2944_L_3KYH2LU7,20572.0,25200.0,4629.0,P_2-1_2944,LTE,4629.0,1.0
P_2-1_2987_B_2Z35WSHA,19690.0,25200.0,5511.0,P_2-1_2987,Bluetooth,5511.0,1.0
P_2-1_3058_L_TYSEJWGL,18975.0,25200.0,6226.0,P_2-1_3058,LTE,6226.0,1.0
P_2-1_3119_B_BV861PRA,22653.0,25200.0,2548.0,P_2-1_3119,Bluetooth,5570.0,0.4574506283662478
P_2-1_3136_B_5KQFYGWA,18461.0,25200.0,6740.0,P_2-1_3136,Bluetooth,6740.0,1.0
P_2-1_3175_B_HQ60YPUC,20298.0,25200.0,4903.0,P_2-1_3175,Bluetooth,4903.0,1.0
P_2-1_318_L_A8ZEA6T0,22005.0,25200.0,3196.0,P_2-1_318,LTE,3196.0,1.0
P_2-1_3205_B_X9PUIDTU,22256.0,25200.0,2945.0,P_2-1_3205,Bluetooth,2945.0,1.0
P_2-1_3376_B_4VN5ST5N,20509.0,23924.0,3416.0,P_2-1_3376,Bluetooth,6681.0,0.5113007034875019
P_2-1_3390_L_FL7WN9AG,18729.0,25200.0,6472.0,P_2-1_3390,LTE,6472.0,1.0
P_2-1_3474_B_1SL5PARR,21095.0,25200.0,4106.0,P_2-1_3474,Bluetooth,4106.0,1.0
P_2-1_3527_L_U3JQP0TG,20555.0,25200.0,4646.0,P_2-1_3527,LTE,4646.0,1.0
P_2-1_3532_B_NFPW429Z,21238.0,24737.0,3500.0,P_2-1_3532,Bluetooth,3963.0,0.8831693161746151
P_2-1_3538_L_E8DWFQNG,20093.0,25200.0,5108.0,P_2-1_3538,LTE,5108.0,1.0
P_2-1_3599_L_FU21DJPL,20861.0,25200.0,4340.0,P_2-1_3599,LTE,4340.0,1.0
P_2-1_3601_L_X7P9ICZA,18592.0,25200.0,6609.0,P_2-1_3601,LTE,6609.0,1.0
P_2-1_3664_L_LL13RLP6,18951.0,25200.0,6250.0,P_2-1_3664,LTE,6250.0,1.0
P_2-1_3756_L_LBP3NTY3,22237.0,25200.0,2964.0,P_2-1_3756,LTE,2964.0,1.0
P_2-1_3764_B_JLO2ZLAM,18741.0,25200.0,6460.0,P_2-1_3764,Bluetooth,6460.0,1.0
P_2-1_3778_B_WKZJZMZA,21286.0,25200.0,3915.0,P_2-1_3778,Bluetooth,3915.0,1.0
P_2-1_3797_L_3PXOK01N,21326.0,25200.0,3875.0,P_2-1_3797,LTE,3875.0,1.0
P_2-1_3829_B_QBE2LER8,21703.0,25200.0,3498.0,P_2-1_3829,Bluetooth,3498.0,1.0
P_2-1_3844_L_O87IODOE,22137.0,25200.0,3064.0,P_2-1_3844,LTE,3064.0,1.0
P_2-1_3944_B_81K5QO5A,19011.0,25200.0,6190.0,P_2-1_3944,Bluetooth,6190.0,1.0
P_2-1_3947_L_G7IINNQB,21982.0,23710.0,1729.0,P_2-1_3947,LTE,3944.0,0.4383874239350913
P_2-1_3954_L_N346NW3J,21460.0,25200.0,3741.0,P_2-1_3954,LTE,3741.0,1.0
P_2-1_3956_B_HOGN27XR,20932.0,25200.0,4269.0,P_2-1_3956,Bluetooth,4269.0,1.0
P_2-1_3970_L_LBFBLEAI,22119.0,25200.0,3082.0,P_2-1_3970,LTE,3082.0,1.0
P_2-1_4007_B_UO733NAQ,21355.0,25200.0,3846.0,P_2-1_4007,Bluetooth,3846.0,1.0
P_2-1_4012_L_W14JPWAZ,22090.0,25200.0,3111.0,P_2-1_4012,LTE,3111.0,1.0
P_2-1_4042_L_PADLTKIX,20666.0,25200.0,4535.0,P_2-1_4042,LTE,4535.0,1.0
P_2-1_4055_B_COVYO5HT,21640.0,25200.0,3561.0,P_2-1_4055,Bluetooth,3561.0,1.0
P_2-1_410_L_BXNF6RQP,21618.0,25200.0,3583.0,P_2-1_410,LTE,3583.0,1.0
P_2-1_4127_B_GVG56YDD,21132.0,25200.0,4069.0,P_2-1_4127,Bluetooth,6875.0,0.5918545454545454
P_2-1_4152_B_P58ACBIH,20591.0,25200.0,4610.0,P_2-1_4152,Bluetooth,4610.0,1.0
P_2-1_418_B_AHQF0MJI,21416.0,25200.0,3785.0,P_2-1_418,Bluetooth,3785.0,1.0
P_2-1_4229_L_75RCP4PP,22407.0,25200.0,2794.0,P_2-1_4229,LTE,2794.0,1.0
P_2-1_4232_B_680Q8MHD,19184.0,25200.0,6017.0,P_2-1_4232,Bluetooth,6017.0,1.0
P_2-1_4246_B_A2C9MMSL,21275.0,25200.0,3926.0,P_2-1_4246,Bluetooth,3926.0,1.0
P_2-1_4267_B_59P5FHWS,19819.0,25200.0,5382.0,P_2-1_4267,Bluetooth,5382.0,1.0
P_2-1_4331_L_HSODBJ9V,19061.0,22109.0,3049.0,P_2-1_4331,LTE,6910.0,0.44124457308248916
P_2-1_4458_B_AC3MV8VA,20720.0,23329.0,2610.0,P_2-1_4458,Bluetooth,4481.0,0.5824592724838206
P_2-1_4487_L_1RRXGMRN,21949.0,25200.0,3252.0,P_2-1_4487,LTE,3252.0,1.0
P_2-1_461_L_34O4MPY2,22214.0,25200.0,2987.0,P_2-1_461,LTE,2987.0,1.0
P_2-1_4664_L_JXTO98GQ,22425.0,23758.0,1334.0,P_2-1_4664,LTE,3226.0,0.4135151890886547
P_2-1_4674_L_XSTN1DT7,21761.0,23738.0,1978.0,P_2-1_4674,LTE,3440.0,0.575
P_2-1_4736_B_7NGH1WN8,21782.0,25200.0,3419.0,P_2-1_4736,Bluetooth,3419.0,1.0
P_2-1_4738_B_1BB50INZ,21233.0,25200.0,3968.0,P_2-1_4738,Bluetooth,3968.0,1.0
P_2-1_4748_L_RDOPWNI7,20165.0,25200.0,5036.0,P_2-1_4748,LTE,5036.0,1.0
P_2-1_4755_L_TISN9HDP,20166.0,25200.0,5035.0,P_2-1_4755,LTE,5035.0,1.0
P_2-1_4769_B_HWT86A0E,20553.0,24574.0,4022.0,P_2-1_4769,Bluetooth,4648.0,0.8653184165232358
P_2-1_4788_L_T1ISCX9W,19731.0,25200.0,5470.0,P_2-1_4788,LTE,5470.0,1.0
P_2-1_4789_L_A4NZEWQV,21889.0,24621.0,2733.0,P_2-1_4789,LTE,3853.0,0.7093174150012976
P_2-1_4811_L_GHUMSX0D,19184.0,25200.0,6017.0,P_2-1_4811,LTE,6017.0,1.0
P_2-1_4871_B_DI7P9VMX,22092.0,25200.0,3109.0,P_2-1_4871,Bluetooth,3109.0,1.0
P_2-1_488_L_JOE3CVO2,21627.0,25200.0,3574.0,P_2-1_488,LTE,3574.0,1.0
P_2-1_4909_L_2G36WBEZ,20079.0,25200.0,5122.0,P_2-1_4909,LTE,6327.0,0.8095463884937569
P_2-1_493_L_JJLM0QN9,22302.0,25200.0,2899.0,P_2-1_493,LTE,2899.0,1.0
P_2-1_4930_L_09T6AW36,18525.0,25200.0,6676.0,P_2-1_4930,LTE,6676.0,1.0
P_2-1_494_B_8AZFSZ8Z,22067.0,25200.0,3134.0,P_2-1_494,Bluetooth,3134.0,1.0
P_2-1_497_B_M4UGCDOH,22910.0,25200.0,2291.0,P_2-1_497,Bluetooth,3740.0,0.6125668449197861
P_2-1_498_B_X1TP4HQ5,21248.0,25200.0,3953.0,P_2-1_498,Bluetooth,3953.0,1.0
P_2-1_4981_B_BLJ6SW7F,22353.0,25200.0,2848.0,P_2-1_4981,Bluetooth,2848.0,1.0
P_2-1_499_L_EB0TAFSG,19786.0,25200.0,5415.0,P_2-1_499,LTE,5415.0,1.0
P_2-1_4998_B_VDUIII1L,21142.0,25200.0,4059.0,P_2-1_4998,Bluetooth,4059.0,1.0
P_2-1_5001_B_3V6CHHAI,18286.0,25200.0,6915.0,P_2-1_5001,Bluetooth,6915.0,1.0
P_2-1_5024_B_GA58W4E8,22313.0,25200.0,2888.0,P_2-1_5024,Bluetooth,2888.0,1.0
P_2-1_5067_B_5AMYO8YS,19780.0,25200.0,5421.0,P_2-1_5067,Bluetooth,5421.0,1.0
P_2-1_5127_L_5CI2LJ75,20397.0,25200.0,4804.0,P_2-1_5127,LTE,4804.0,1.0
P_2-1_5411_L_NIX8A5DI,22155.0,25200.0,3046.0,P_2-1_5411,LTE,3933.0,0.7744724129163488
P_2-1_5419_L_2FS75WKG,18210.0,25200.0,6991.0,P_2-1_5419,LTE,6991.0,1.0
P_2-1_5435_L_A3KV2W8X,18188.0,22274.0,4087.0,P_2-1_5435,LTE,7013.0,0.5827748467132469
P_2-1_5450_B_Y7L4QDO7,19214.0,25200.0,5987.0,P_2-1_5450,Bluetooth,5987.0,1.0
P_2-1_5470_L_XRVSRM46,22472.0,25200.0,2729.0,P_2-1_5470,LTE,3581.0,0.7620776319463837
P_2-1_5552_B_9LPFO2LK,20861.0,25200.0,4340.0,P_2-1_5552,Bluetooth,5798.0,0.7485339772335288
P_2-1_5560_B_VYDLOYD9,22258.0,25200.0,2943.0,P_2-1_5560,Bluetooth,2943.0,1.0
P_2-1_5573_L_5GY8PFXW,20470.0,25200.0,4731.0,P_2-1_5573,LTE,4731.0,1.0
P_2-1_5799_B_4478SC1W,19184.0,25200.0,6017.0,P_2-1_5799,Bluetooth,6017.0,1.0
P_2-1_5841_B_RGHZK9YA,19011.0,25200.0,6190.0,P_2-1_5841,Bluetooth,6190.0,1.0
P_2-1_5859_L_CH021JLB,22844.0,24870.0,2027.0,P_2-1_5859,LTE,5152.0,0.3934394409937888
P_2-1_5899_B_8ZTPW95G,21004.0,25200.0,4197.0,P_2-1_5899,Bluetooth,4197.0,1.0
P_2-1_595_B_F1MVGRI9,22656.0,25200.0,2545.0,P_2-1_595,Bluetooth,4355.0,0.5843857634902411
P_2-1_5975_B_RD394QNZ,20917.0,25200.0,4284.0,P_2-1_5975,Bluetooth,4284.0,1.0
P_2-1_600_L_PZX53UZF,19618.0,25200.0,5583.0,P_2-1_600,LTE,5583.0,1.0
P_2-1_6008_L_JQ6ZHZ5N,21854.0,25200.0,3347.0,P_2-1_6008,LTE,3812.0,0.8780167890870934
P_2-1_6010_L_UOCMIPC5,22127.0,25200.0,3074.0,P_2-1_6010,LTE,3074.0,1.0
P_2-1_6017_B_0OLLSNS8,22051.0,25200.0,3150.0,P_2-1_6017,Bluetooth,3150.0,1.0
P_2-1_6021_B_1EZ633TQ,18155.0,25200.0,7046.0,P_2-1_6021,Bluetooth,7046.0,1.0
P_2-1_6032_B_V40OFR3T,21129.0,25200.0,4072.0,P_2-1_6032,Bluetooth,4072.0,1.0
P_2-1_6083_B_NKXAGYWQ,20753.0,25200.0,4448.0,P_2-1_6083,Bluetooth,4448.0,1.0
P_2-1_6102_B_OU71WPV5,22028.0,25200.0,3173.0,P_2-1_6102,Bluetooth,3173.0,1.0
P_2-1_6106_L_QQY8TIA5,21608.0,23964.0,2357.0,P_2-1_6106,LTE,3593.0,0.6559977734483718
P_2-1_6130_B_X1SYD5M9,18585.0,25200.0,6616.0,P_2-1_6130,Bluetooth,6616.0,1.0
P_2-1_6160_B_6ZO3AON0,22151.0,25200.0,3050.0,P_2-1_6160,Bluetooth,3050.0,1.0
P_2-1_6173_B_49IJ4Y6B,22066.0,25200.0,3135.0,P_2-1_6173,Bluetooth,3135.0,1.0
P_2-1_6187_L_AMLQJGZ9,21604.0,25200.0,3597.0,P_2-1_6187,LTE,3666.0,0.9811783960720131
P_2-1_6236_B_SYE61FU5,19692.0,25200.0,5509.0,P_2-1_6236,Bluetooth,6636.0,0.830168776371308
P_2-1_6247_B_95HIZ8XT,21928.0,25200.0,3273.0,P_2-1_6247,Bluetooth,3273.0,1.0
P_2-1_6248_L_Z96JTXOK,22260.0,24474.0,2215.0,P_2-1_6248,LTE,3903.0,0.5675121701255444
P_2-1_6256_B_W0ZFFPUZ,20771.0,22932.0,2162.0,P_2-1_6256,Bluetooth,6665.0,0.3243810952738185
P_2-1_6266_L_WC0DWJ3F,21282.0,25200.0,3919.0,P_2-1_6266,LTE,3919.0,1.0
P_2-1_6274_B_41K4OXSI,18535.0,25200.0,6666.0,P_2-1_6274,Bluetooth,6666.0,1.0
P_2-1_63_L_BYX9AFMS,18187.0,24538.0,6352.0,P_2-1_63,LTE,7014.0,0.9056173367550613
P_2-1_643_B_0NPIDLND,21916.0,25200.0,3285.0,P_2-1_643,Bluetooth,3285.0,1.0
P_2-1_670_B_QWTM3QJR,19963.0,25200.0,5238.0,P_2-1_670,Bluetooth,5238.0,1.0
P_2-1_728_L_718GWDE3,20944.0,25200.0,4257.0,P_2-1_728,LTE,4257.0,1.0
P_2-1_782_B_1T3H75AZ,21882.0,25200.0,3319.0,P_2-1_782,Bluetooth,3319.0,1.0
P_2-1_79_L_7NJDLDG2,22317.0,25200.0,2884.0,P_2-1_79,LTE,2884.0,1.0
P_2-1_804_B_5SKA44HS,19286.0,25200.0,5915.0,P_2-1_804,Bluetooth,5915.0,1.0
P_2-1_842_B_11P9KB0W,19287.0,25200.0,5914.0,P_2-1_842,Bluetooth,5914.0,1.0
P_2-1_857_L_D4CCRBFL,20345.0,24784.0,4440.0,P_2-1_857,LTE,4856.0,0.914332784184514
P_2-1_883_B_O0WPU31P,22167.0,25200.0,3034.0,P_2-1_883,Bluetooth,3034.0,1.0
P_2-1_973_B_LTED37SN,20134.0,25200.0,5067.0,P_2-1_973,Bluetooth,5067.0,1.0
P_2-1_994_B_GPJ0C8W7,20024.0,25200.0,5177.0,P_2-1_994,Bluetooth,5177.0,1.0
