Loading net-file from '/home/aneet_wisec/usenix_2025/path-leakage/simulation/sumo/sumo_scenario/in/most.net.xml' ... done (599ms).
Loading additional-files from '/home/aneet_wisec/usenix_2025/path-leakage/simulation/sumo/sumo_scenario/in/add/most.poly.xml' ... done (38ms).
Loading additional-files from '/home/aneet_wisec/usenix_2025/path-leakage/simulation/sumo/sumo_scenario/in/add/most.busstops.add.xml' ... done (2ms).
Loading additional-files from '/home/aneet_wisec/usenix_2025/path-leakage/simulation/sumo/sumo_scenario/in/add/most.trainstops.add.xml' ... done (1ms).
Loading additional-files from '/home/aneet_wisec/usenix_2025/path-leakage/simulation/sumo/sumo_scenario/in/add/most.parking.allvisible.add.xml' ... done (35ms).
Loading additional-files from '/home/aneet_wisec/usenix_2025/path-leakage/simulation/sumo/sumo_scenario/in/add/basic.vType.xml' ... done (1ms).
Loading done.
Simulation version 1.21.0 started via libsumo with time: 14400.00.
Warning: Teleporting vehicle 'bus_2:Jardin.4'; waited too long (yield), lane='-152773_1', time=18650.00.
Warning: Vehicle 'bus_2:Jardin.4' ends teleporting on edge '152774', time=18650.00.
Warning: Teleporting vehicle 'commercial_1-1_322'; waited too long (yield), lane=':145241_4_0', time=18796.00.
Warning: Vehicle 'commercial_1-1_322' ends teleporting on edge '152701#0', time=18796.00.
Warning: Teleporting vehicle 'special_2-1_281'; waited too long (yield), lane=':144986_3_0', time=18816.00.
Warning: Vehicle 'special_2-1_281' ends teleporting on edge '153398#0', time=18816.00.
Warning: Person 'pedestrian_1-1-pt_1440' is jammed on edge ':141846_w1', time=18839.00.
Warning: Teleporting vehicle 'commercial_1-GW1_254'; waited too long (jam), lane='152534#5_1', time=18840.00.
Warning: Vehicle 'commercial_1-GW1_254' ends teleporting on edge '152609', time=18840.00.
Warning: Teleporting vehicle 'bus_1:SaintRoman.4'; waited too long (yield), lane='-152760_1', time=18886.00.
Warning: Vehicle 'bus_1:SaintRoman.4' ends teleporting on edge '-152763', time=18886.00.
Warning: Person 'pedestrian_1-1-pt_7251' is jammed on edge ':134522_w0', time=18897.00.
Warning: Person 'pedestrian_1-1-pt_4262' is jammed on edge ':137320_w0', time=18918.00.
Warning: Person 'pedestrian_1-1-pt_2835' is jammed on edge ':148766_w0', time=18925.00.
Warning: Person 'pedestrian_1-1-pt_4489' is jammed on edge ':151662_w1', time=18925.00.
Warning: Person 'pedestrian_1-1-pt_4262' is jammed on edge ':137320_c2', time=18932.00.
Warning: Person 'pedestrian_1-1-pt_5222' is jammed on edge ':133865_w1', time=18948.00.
Warning: Person 'pedestrian_1-1-pt_5222' is jammed on edge ':140336_w1', time=19091.00.
Warning: Removing person 'pedestrian_GW1-1_1633' at removal of vehicle 'pedestrian_GW1-1_1633_tr'
Warning: Person 'pedestrian_1-1-pt_4956' is jammed on edge ':140688_c0', time=19150.00.
Warning: Removing person 'pedestrian_GW1-1_2362' at removal of vehicle 'pedestrian_GW1-1_2362_tr'
Warning: Removing person 'pedestrian_GW1-1_2107' at removal of vehicle 'pedestrian_GW1-1_2107_tr'
Warning: Removing person 'pedestrian_1-GW1_1534' at removal of vehicle 'pedestrian_1-GW1_1534_tr'
Warning: Person 'pedestrian_1-1-pt_1797' is jammed on edge ':cluster_134941_144860_c1', time=19191.00.
Warning: Removing person 'pedestrian_GW1-1_3342' at removal of vehicle 'pedestrian_GW1-1_3342_tr'
Warning: Removing person 'pedestrian_GW1-1_1254' at removal of vehicle 'pedestrian_GW1-1_1254_tr'
Warning: Person 'pedestrian_1-1-pt_1736' is jammed on edge ':143768_w0', time=19228.00.
Warning: Teleporting vehicle 'bus_5:Hopital.4'; waited too long (yield), lane=':141846_12_0', time=19233.00.
Warning: Removing person 'pedestrian_GW2-1_1848' at removal of vehicle 'pedestrian_GW2-1_1848_tr'
Warning: Vehicle 'bus_5:Hopital.4' ends teleporting on edge '152535#0', time=19233.00.
Warning: Removing person 'pedestrian_2-1_4262' at removal of vehicle 'pedestrian_2-1_4262_tr'
Warning: Teleporting vehicle 'pedestrian_1-2_3940_tr'; waited too long (yield), lane='152513#1_1', time=19251.00.
Warning: Vehicle 'pedestrian_1-2_3940_tr' ends teleporting on edge '152353#4', time=19251.00.
Warning: Removing person 'pedestrian_GW1-1_3030' at removal of vehicle 'pedestrian_GW1-1_3030_tr'
Warning: Removing person 'pedestrian_GW2-1_2252' at removal of vehicle 'pedestrian_GW2-1_2252_tr'
Warning: Teleporting vehicle 'pedestrian_1-2_2688_tr'; waited too long (yield), lane=':144371_3_0', time=19256.00.
Warning: Vehicle 'pedestrian_1-2_2688_tr' ends teleporting on edge '152606#8', time=19256.00.
Warning: Removing person 'pedestrian_1-GW2_1073' at removal of vehicle 'pedestrian_1-GW2_1073_tr'
Warning: Teleporting vehicle 'bus_4:SaintRoman.4'; waited too long (yield), lane='153639_1', time=19267.00.
Warning: Removing person 'pedestrian_GW1-1_2590' at removal of vehicle 'pedestrian_GW1-1_2590_tr'
Warning: Vehicle 'bus_4:SaintRoman.4' ends teleporting on edge '152874#4', time=19267.00.
Warning: Removing person 'pedestrian_GW2-1_1908' at removal of vehicle 'pedestrian_GW2-1_1908_tr'
Warning: Removing person 'pedestrian_GW1-1_3242' at removal of vehicle 'pedestrian_GW1-1_3242_tr'
Warning: Removing person 'pedestrian_1-GW1_1270' at removal of vehicle 'pedestrian_1-GW1_1270_tr'
Warning: Teleporting vehicle 'pedestrian_2-1_420_tr'; waited too long (yield), lane='-152610_1', time=19296.00.
Warning: Vehicle 'pedestrian_2-1_420_tr' ends teleporting on edge '152602', time=19296.00.
Warning: Person 'pedestrian_1-1-pt_4996' is jammed on edge ':142801_w0', time=19313.00.
Warning: Removing person 'pedestrian_GW1-1_3284' at removal of vehicle 'pedestrian_GW1-1_3284_tr'
Warning: Removing person 'pedestrian_GW2-1_166' at removal of vehicle 'pedestrian_GW2-1_166_tr'
Warning: Removing person 'pedestrian_1-GW2_1358' at removal of vehicle 'pedestrian_1-GW2_1358_tr'
Warning: Removing person 'pedestrian_GW2-1_2874' at removal of vehicle 'pedestrian_GW2-1_2874_tr'
Warning: Removing person 'pedestrian_GW2-1_2416' at removal of vehicle 'pedestrian_GW2-1_2416_tr'
Warning: Teleporting vehicle 'pedestrian_2-1_5805_tr'; waited too long (yield), lane='153438_1', time=19347.00.
Warning: Vehicle 'pedestrian_2-1_5805_tr' ends teleporting on edge '152814#9', time=19347.00.
Warning: Removing person 'pedestrian_GW2-1_1140' at removal of vehicle 'pedestrian_GW2-1_1140_tr'
Warning: Removing person 'pedestrian_1-GW2_168' at removal of vehicle 'pedestrian_1-GW2_168_tr'
Warning: Removing person 'pedestrian_1-GW1_532' at removal of vehicle 'pedestrian_1-GW1_532_tr'
Warning: Removing person 'pedestrian_GW1-1_109' at removal of vehicle 'pedestrian_GW1-1_109_tr'
Warning: Removing person 'pedestrian_GW2-1_435' at removal of vehicle 'pedestrian_GW2-1_435_tr'
Warning: Removing person 'pedestrian_1-GW1_306' at removal of vehicle 'pedestrian_1-GW1_306_tr'
Warning: Person 'pedestrian_1-1-pt_6479' is jammed on edge ':141846_w3', time=19390.00.
Warning: Teleporting vehicle 'pedestrian_1-3_4051_tr'; waited too long (yield), lane=':134149_1_0', time=19394.00.
Warning: Vehicle 'pedestrian_1-3_4051_tr' ends teleporting on edge '152887#2', time=19394.00.
Warning: Removing person 'pedestrian_GW1-1_3381' at removal of vehicle 'pedestrian_GW1-1_3381_tr'
Warning: Person 'pedestrian_1-1-pt_4026' is jammed on edge ':135380_w1', time=19404.00.
Warning: Removing person 'pedestrian_GW1-1_1023' at removal of vehicle 'pedestrian_GW1-1_1023_tr'
Warning: Teleporting vehicle 'pedestrian_1-3_618_tr'; waited too long (yield), lane=':138822_1_0', time=19419.00.
Warning: Vehicle 'pedestrian_1-3_618_tr' ends teleporting on edge '-152708#1', time=19419.00.
Warning: Teleporting vehicle 'pedestrian_1-3_510_tr'; waited too long (yield), lane='152708#1_1', time=19420.00.
Warning: Vehicle 'pedestrian_1-3_510_tr' ends teleporting on edge '-152706#2', time=19420.00.
Warning: Removing person 'pedestrian_1-GW2_1054' at removal of vehicle 'pedestrian_1-GW2_1054_tr'
Warning: Removing person 'pedestrian_GW2-1_995' at removal of vehicle 'pedestrian_GW2-1_995_tr'
Warning: Removing person 'pedestrian_GW1-1_351' at removal of vehicle 'pedestrian_GW1-1_351_tr'
Warning: Person 'pedestrian_1-1-pt_3402' is jammed on edge ':137504_c0', time=19426.00.
Warning: Removing person 'pedestrian_GW1-1_1721' at removal of vehicle 'pedestrian_GW1-1_1721_tr'
Warning: Teleporting vehicle 'commercial_1-GW2_236'; waited too long (yield), lane='-152773_1', time=19437.00.
Warning: Vehicle 'commercial_1-GW2_236' ends teleporting on edge '152774', time=19437.00.
Warning: Removing person 'pedestrian_GW1-1_1604' at removal of vehicle 'pedestrian_GW1-1_1604_tr'
Warning: Removing person 'pedestrian_1-GW1_2203' at removal of vehicle 'pedestrian_1-GW1_2203_tr'
Warning: Removing person 'pedestrian_GW1-1_4017' at removal of vehicle 'pedestrian_GW1-1_4017_tr'
Warning: Removing person 'pedestrian_GW1-1_2057' at removal of vehicle 'pedestrian_GW1-1_2057_tr'
Warning: Removing person 'pedestrian_1-GW1_247' at removal of vehicle 'pedestrian_1-GW1_247_tr'
Warning: Removing person 'pedestrian_1-GW1_1797' at removal of vehicle 'pedestrian_1-GW1_1797_tr'
Warning: Removing person 'pedestrian_1-GW2_1632' at removal of vehicle 'pedestrian_1-GW2_1632_tr'
Warning: Removing person 'pedestrian_GW2-1_2059' at removal of vehicle 'pedestrian_GW2-1_2059_tr'
Warning: Removing person 'pedestrian_1-GW1_1973' at removal of vehicle 'pedestrian_1-GW1_1973_tr'
Warning: Removing person 'pedestrian_GW1-1_3207' at removal of vehicle 'pedestrian_GW1-1_3207_tr'
Warning: Removing person 'pedestrian_1-GW1_1796' at removal of vehicle 'pedestrian_1-GW1_1796_tr'
Warning: Removing person 'pedestrian_1-GW1_1276' at removal of vehicle 'pedestrian_1-GW1_1276_tr'
Warning: Removing person 'pedestrian_GW1-1_361' at removal of vehicle 'pedestrian_GW1-1_361_tr'
Warning: Teleporting vehicle 'pedestrian_1-2_3417_tr'; waited too long (yield), lane='-152801_1', time=19477.00.
Warning: Removing person 'pedestrian_GW1-1_1608' at removal of vehicle 'pedestrian_GW1-1_1608_tr'
Warning: Vehicle 'pedestrian_1-2_3417_tr' ends teleporting on edge '152814#9', time=19477.00.
Warning: Teleporting vehicle 'pedestrian_1-3_2274_tr'; waited too long (yield), lane=':142742_4_0', time=19480.00.
Warning: Vehicle 'pedestrian_1-3_2274_tr' ends teleporting on edge '-152836#6', time=19480.00.
Warning: Removing person 'pedestrian_GW2-1_2150' at removal of vehicle 'pedestrian_GW2-1_2150_tr'
Warning: Removing person 'pedestrian_1-GW1_1319' at removal of vehicle 'pedestrian_1-GW1_1319_tr'
Warning: Person 'pedestrian_1-1-pt_8597' is jammed on edge ':141683_w1', time=19497.00.
Warning: Removing person 'pedestrian_GW1-1_3752' at removal of vehicle 'pedestrian_GW1-1_3752_tr'
Warning: Removing person 'pedestrian_1-GW1_169' at removal of vehicle 'pedestrian_1-GW1_169_tr'
Warning: Removing person 'pedestrian_GW1-1_2265' at removal of vehicle 'pedestrian_GW1-1_2265_tr'
Warning: Person 'pedestrian_1-1-pt_4027' is jammed on edge ':140173_w0', time=19531.00.
Warning: Removing person 'pedestrian_1-GW1_2038' at removal of vehicle 'pedestrian_1-GW1_2038_tr'
Warning: Removing person 'pedestrian_GW1-1_3570' at removal of vehicle 'pedestrian_GW1-1_3570_tr'
Warning: Removing person 'pedestrian_1-GW1_1770' at removal of vehicle 'pedestrian_1-GW1_1770_tr'
Warning: Removing person 'pedestrian_GW2-1_2602' at removal of vehicle 'pedestrian_GW2-1_2602_tr'
Warning: Removing person 'pedestrian_1-GW1_1335' at removal of vehicle 'pedestrian_1-GW1_1335_tr'
Warning: Removing person 'pedestrian_1-GW1_1768' at removal of vehicle 'pedestrian_1-GW1_1768_tr'
Warning: Removing person 'pedestrian_GW1-1_592' at removal of vehicle 'pedestrian_GW1-1_592_tr'
Warning: Teleporting vehicle 'pedestrian_1-3_3730_tr'; waited too long (jam), lane='152135#0_1', time=19565.00.
Warning: Vehicle 'pedestrian_1-3_3730_tr' ends teleporting on edge '152135#1', time=19565.00.
Warning: Removing person 'pedestrian_GW1-1_104' at removal of vehicle 'pedestrian_GW1-1_104_tr'
Warning: Removing person 'pedestrian_GW1-1_205' at removal of vehicle 'pedestrian_GW1-1_205_tr'
Warning: Teleporting vehicle 'pedestrian_1-2_3080_tr'; waited too long (yield), lane='152709#2_1', time=19580.00.
Warning: Vehicle 'pedestrian_1-2_3080_tr' ends teleporting on edge '152706#1', time=19580.00.
Warning: Teleporting vehicle 'pedestrian_1-1-pt_954_tr'; waited too long (yield), lane='-152650#0_1', time=19583.00.
Warning: Vehicle 'pedestrian_1-1-pt_954_tr' ends teleporting on edge '-152677#5', time=19583.00.
Warning: Teleporting vehicle 'pedestrian_1-1-veh_544_tr'; waited too long (yield), lane='-152807_1', time=19587.00.
Warning: Vehicle 'pedestrian_1-1-veh_544_tr' ends teleporting on edge '152814#10', time=19587.00.
Warning: Teleporting vehicle 'pedestrian_1-3_3426_tr'; waited too long (yield), lane='152710_1', time=19594.00.
Warning: Vehicle 'pedestrian_1-3_3426_tr' ends teleporting on edge '152711#3', time=19596.00.
Warning: Removing person 'pedestrian_GW1-1_2297' at removal of vehicle 'pedestrian_GW1-1_2297_tr'
Warning: Teleporting vehicle 'pedestrian_1-3_5534_tr'; waited too long (yield), lane='152546_1', time=19614.00.
Warning: Vehicle 'pedestrian_1-3_5534_tr' ends teleporting on edge '-152767#2', time=19614.00.
Warning: Removing person 'pedestrian_GW1-1_974' at removal of vehicle 'pedestrian_GW1-1_974_tr'
Warning: Removing person 'pedestrian_1-GW1_1532' at removal of vehicle 'pedestrian_1-GW1_1532_tr'
Warning: Removing person 'pedestrian_GW1-1_1013' at removal of vehicle 'pedestrian_GW1-1_1013_tr'
Warning: Removing person 'pedestrian_1-GW1_2048' at removal of vehicle 'pedestrian_1-GW1_2048_tr'
Warning: Person 'pedestrian_1-1-pt_3867' is jammed on edge ':148443_w2', time=19631.00.
Warning: Removing person 'pedestrian_1-GW2_928' at removal of vehicle 'pedestrian_1-GW2_928_tr'
Warning: Teleporting vehicle 'pedestrian_1-3_4761_tr'; waited too long (yield), lane='-152163#0_1', time=19643.00.
Warning: Vehicle 'pedestrian_1-3_4761_tr' ends teleporting on edge '-152873#2', time=19643.00.
Warning: Removing person 'pedestrian_GW1-1_3013' at removal of vehicle 'pedestrian_GW1-1_3013_tr'
Warning: Removing person 'pedestrian_GW1-1_3269' at removal of vehicle 'pedestrian_GW1-1_3269_tr'
Warning: Removing person 'pedestrian_GW1-1_2545' at removal of vehicle 'pedestrian_GW1-1_2545_tr'
Warning: Removing person 'pedestrian_GW1-1_368' at removal of vehicle 'pedestrian_GW1-1_368_tr'
Warning: Removing person 'pedestrian_GW1-1_3378' at removal of vehicle 'pedestrian_GW1-1_3378_tr'
Warning: Removing person 'pedestrian_GW1-1_431' at removal of vehicle 'pedestrian_GW1-1_431_tr'
Warning: Removing person 'pedestrian_1-GW1_1666' at removal of vehicle 'pedestrian_1-GW1_1666_tr'
Warning: Removing person 'pedestrian_1-GW1_1546' at removal of vehicle 'pedestrian_1-GW1_1546_tr'
Warning: Teleporting vehicle 'commercial_1-1_572'; waited too long (jam), lane='152960#8_1', time=19682.00.
Warning: Vehicle 'commercial_1-1_572' ends teleporting on edge '152960#10', time=19682.00.
Warning: Removing person 'pedestrian_GW1-1_2182' at removal of vehicle 'pedestrian_GW1-1_2182_tr'
Warning: Removing person 'pedestrian_1-GW1_1371' at removal of vehicle 'pedestrian_1-GW1_1371_tr'
Warning: Removing person 'pedestrian_1-GW2_350' at removal of vehicle 'pedestrian_1-GW2_350_tr'
Warning: Removing person 'pedestrian_GW2-1_551' at removal of vehicle 'pedestrian_GW2-1_551_tr'
Warning: Removing person 'pedestrian_GW1-1_2523' at removal of vehicle 'pedestrian_GW1-1_2523_tr'
Warning: Removing person 'pedestrian_GW1-1_1468' at removal of vehicle 'pedestrian_GW1-1_1468_tr'
Warning: Teleporting vehicle 'commercial_2-1_305'; waited too long (yield), lane=':142062_1_0', time=19698.00.
Warning: Teleporting vehicle 'pedestrian_1-3_1723_tr'; waited too long (yield), lane='152457#1_1', time=19700.00.
Warning: Removing person 'pedestrian_1-GW1_375' at removal of vehicle 'pedestrian_1-GW1_375_tr'
Warning: Vehicle 'commercial_2-1_305' ends teleporting on edge '153406#0', time=19702.00.
Warning: Teleporting vehicle 'commercial_1-1_430'; waited too long (yield), lane='-152781_1', time=19703.00.
Warning: Vehicle 'commercial_1-1_430' ends teleporting on edge '-152716', time=19703.00.
Warning: Removing person 'pedestrian_1-GW2_1686' at removal of vehicle 'pedestrian_1-GW2_1686_tr'
Warning: Vehicle 'pedestrian_1-3_1723_tr' ends teleporting on edge '-152165#0', time=19705.00.
Warning: Removing person 'pedestrian_GW2-1_111' at removal of vehicle 'pedestrian_GW2-1_111_tr'
Warning: Removing person 'pedestrian_1-GW1_74' at removal of vehicle 'pedestrian_1-GW1_74_tr'
Warning: Removing person 'pedestrian_GW1-1_3692' at removal of vehicle 'pedestrian_GW1-1_3692_tr'
Warning: Teleporting vehicle 'pedestrian_1-3_2174_tr'; waited too long (yield), lane=':143537_3_0', time=19716.00.
Warning: Vehicle 'pedestrian_1-3_2174_tr' ends teleporting on edge '152878', time=19716.00.
Warning: Removing person 'pedestrian_GW1-1_1567' at removal of vehicle 'pedestrian_GW1-1_1567_tr'
Warning: Removing person 'pedestrian_GW2-1_2913' at removal of vehicle 'pedestrian_GW2-1_2913_tr'
Warning: Removing person 'pedestrian_1-GW1_1699' at removal of vehicle 'pedestrian_1-GW1_1699_tr'
Warning: Teleporting vehicle 'pedestrian_1-3_738_tr'; waited too long (yield), lane='-152650#1_1', time=19724.00.
Warning: Vehicle 'pedestrian_1-3_738_tr' ends teleporting on edge '152672#1', time=19724.00.
Warning: Removing person 'pedestrian_GW2-1_837' at removal of vehicle 'pedestrian_GW2-1_837_tr'
Warning: Removing person 'pedestrian_GW2-1_2531' at removal of vehicle 'pedestrian_GW2-1_2531_tr'
Warning: Teleporting vehicle 'pedestrian_1-1-pt_1780_tr'; waited too long (yield), lane='-152763_1', time=19728.00.
Warning: Vehicle 'pedestrian_1-1-pt_1780_tr' ends teleporting on edge '152776', time=19728.00.
Warning: Removing person 'pedestrian_1-GW1_821' at removal of vehicle 'pedestrian_1-GW1_821_tr'
Warning: Removing person 'pedestrian_1-GW1_1465' at removal of vehicle 'pedestrian_1-GW1_1465_tr'
Warning: Teleporting vehicle 'pedestrian_1-3_3763_tr'; waited too long (yield), lane=':cluster_136767_142947_144456_144838_5_0', time=19742.00.
Warning: Vehicle 'pedestrian_1-3_3763_tr' ends teleporting on edge '-152361', time=19742.00.
Warning: Removing person 'pedestrian_1-GW1_932' at removal of vehicle 'pedestrian_1-GW1_932_tr'
Warning: Removing person 'pedestrian_1-GW1_111' at removal of vehicle 'pedestrian_1-GW1_111_tr'
Warning: Person 'pedestrian_1-1-pt_6979' is jammed on edge ':144390_w0', time=19751.00.
Warning: Removing person 'pedestrian_GW2-1_718' at removal of vehicle 'pedestrian_GW2-1_718_tr'
Warning: Person 'pedestrian_1-1-pt_1669' is jammed on edge ':144986_w1', time=19758.00.
Warning: Removing person 'pedestrian_1-GW1_383' at removal of vehicle 'pedestrian_1-GW1_383_tr'
Warning: Removing person 'pedestrian_1-GW2_727' at removal of vehicle 'pedestrian_1-GW2_727_tr'
Warning: Removing person 'pedestrian_1-GW1_1558' at removal of vehicle 'pedestrian_1-GW1_1558_tr'
Warning: Removing person 'pedestrian_1-GW1_202' at removal of vehicle 'pedestrian_1-GW1_202_tr'
Warning: Person 'pedestrian_1-1-pt_8643' is jammed on edge ':144390_w0', time=19770.00.
Warning: Removing person 'pedestrian_1-GW1_1261' at removal of vehicle 'pedestrian_1-GW1_1261_tr'
Warning: Removing person 'pedestrian_GW1-1_2960' at removal of vehicle 'pedestrian_GW1-1_2960_tr'
Warning: Removing person 'pedestrian_GW1-1_3278' at removal of vehicle 'pedestrian_GW1-1_3278_tr'
Warning: Removing person 'pedestrian_1-GW1_2166' at removal of vehicle 'pedestrian_1-GW1_2166_tr'
Warning: Teleporting vehicle 'commercial_1-1_572'; waited too long (yield), lane='152960#10_1', time=19783.00.
Warning: Removing person 'pedestrian_1-GW2_1643' at removal of vehicle 'pedestrian_1-GW2_1643_tr'
Warning: Removing person 'pedestrian_GW2-1_594' at removal of vehicle 'pedestrian_GW2-1_594_tr'
Warning: Vehicle 'commercial_1-1_572' ends teleporting on edge '152959#3', time=19785.00.
Warning: Teleporting vehicle 'pedestrian_1-3_4695_tr'; waited too long (yield), lane='-152163#0_1', time=19789.00.
Warning: Teleporting vehicle 'pedestrian_1-1-veh_817_tr'; waited too long (yield), lane='152960#10_2', time=19791.00.
Warning: Vehicle 'pedestrian_1-1-veh_817_tr' ends teleporting on edge '152959#2', time=19791.00.
Warning: Teleporting vehicle 'pedestrian_1-1-veh_475_tr'; waited too long (yield), lane=':141683_3_0', time=19795.00.
Warning: Vehicle 'pedestrian_1-1-veh_475_tr' ends teleporting on edge '-152780', time=19795.00.
Warning: Removing person 'pedestrian_1-GW1_1312' at removal of vehicle 'pedestrian_1-GW1_1312_tr'
Warning: Removing person 'pedestrian_GW1-1_3032' at removal of vehicle 'pedestrian_GW1-1_3032_tr'
Warning: Removing person 'pedestrian_1-GW1_1622' at removal of vehicle 'pedestrian_1-GW1_1622_tr'
Warning: Removing person 'pedestrian_1-GW1_226' at removal of vehicle 'pedestrian_1-GW1_226_tr'
Warning: Vehicle 'pedestrian_1-3_4695_tr' ends teleporting on edge '-152873#1', time=19811.00.
Warning: Person 'pedestrian_1-1-pt_2647' is jammed on edge ':137164_c1', time=19814.00.
Warning: Removing person 'pedestrian_GW2-1_841' at removal of vehicle 'pedestrian_GW2-1_841_tr'
Warning: Teleporting vehicle 'pedestrian_1-2_3720_tr'; waited too long (yield), lane='152709#2_1', time=19816.00.
Warning: Vehicle 'pedestrian_1-2_3720_tr' ends teleporting on edge '-152706#0', time=19816.00.
Warning: Removing person 'pedestrian_GW1-1_988' at removal of vehicle 'pedestrian_GW1-1_988_tr'
Warning: Removing person 'pedestrian_1-GW1_118' at removal of vehicle 'pedestrian_1-GW1_118_tr'
Warning: Removing person 'pedestrian_GW2-1_2624' at removal of vehicle 'pedestrian_GW2-1_2624_tr'
Warning: Teleporting vehicle 'pedestrian_1-2_5453_tr'; waited too long (yield), lane='152808_2', time=19826.00.
Warning: Removing person 'pedestrian_1-GW1_1480' at removal of vehicle 'pedestrian_1-GW1_1480_tr'
Warning: Removing person 'pedestrian_1-GW1_1851' at removal of vehicle 'pedestrian_1-GW1_1851_tr'
Warning: Vehicle 'pedestrian_1-2_5453_tr' ends teleporting on edge '152959#4', time=19828.00.
Warning: Teleporting vehicle 'pedestrian_1-1-pt_3123_tr'; waited too long (yield), lane=':149647_2_0', time=19833.00.
Warning: Vehicle 'pedestrian_1-1-pt_3123_tr' ends teleporting on edge '152807', time=19833.00.
Warning: Teleporting vehicle 'pedestrian_1-3_2234_tr'; waited too long (yield), lane=':137955_2_0', time=19842.00.
Warning: Vehicle 'pedestrian_1-3_2234_tr' ends teleporting on edge '152770', time=19842.00.
Warning: Removing person 'pedestrian_GW1-1_1849' at removal of vehicle 'pedestrian_GW1-1_1849_tr'
Warning: Removing person 'pedestrian_GW1-1_3538' at removal of vehicle 'pedestrian_GW1-1_3538_tr'
Warning: Teleporting vehicle 'pedestrian_1-2_2944_tr'; waited too long (yield), lane='-152665_1', time=19858.00.
Warning: Removing person 'pedestrian_1-GW1_321' at removal of vehicle 'pedestrian_1-GW1_321_tr'
Warning: Vehicle 'pedestrian_1-2_2944_tr' ends teleporting on edge '-152716', time=19858.00.
Warning: Teleporting vehicle 'bus_2:Jardin.4'; waited too long (yield), lane='-152763_1', time=19863.00.
Warning: Vehicle 'bus_2:Jardin.4' ends teleporting on edge '152776', time=19863.00.
Warning: Teleporting vehicle 'bus_6:Larvotto.3'; waited too long (yield), lane='152451_1', time=19866.00.
Warning: Removing person 'pedestrian_GW1-1_3118' at removal of vehicle 'pedestrian_GW1-1_3118_tr'
Warning: Removing person 'pedestrian_1-GW1_1419' at removal of vehicle 'pedestrian_1-GW1_1419_tr'
Warning: Teleporting vehicle 'special_1-3_34'; waited too long (yield), lane='-152650#1_1', time=19871.00.
Warning: Vehicle 'special_1-3_34' ends teleporting on edge '152672#1', time=19871.00.
Warning: Removing person 'pedestrian_GW1-1_253' at removal of vehicle 'pedestrian_GW1-1_253_tr'
Warning: Vehicle 'bus_6:Larvotto.3' ends teleporting on edge '152398#0', time=19876.00.
Warning: Removing person 'pedestrian_GW1-1_3812' at removal of vehicle 'pedestrian_GW1-1_3812_tr'
Warning: Teleporting vehicle 'pedestrian_1-3_3480_tr'; waited too long (yield), lane='152967_1', time=19880.00.
Warning: Vehicle 'pedestrian_1-3_3480_tr' ends teleporting on edge '152816#2', time=19880.00.
Warning: Teleporting vehicle 'bus_2:Jardin.5'; waited too long (yield), lane='152774_1', time=19883.00.
Warning: Teleporting vehicle 'pedestrian_2-1_1272_tr'; waited too long (yield), lane='-152491#0_1', time=19883.00.
Warning: Vehicle 'pedestrian_2-1_1272_tr' ends teleporting on edge '152701#5', time=19883.00.
Warning: Vehicle 'bus_2:Jardin.5' ends teleporting on edge '-152760', time=19883.00.
Warning: Removing person 'pedestrian_1-GW2_1494' at removal of vehicle 'pedestrian_1-GW2_1494_tr'
Warning: Teleporting vehicle 'pedestrian_1-3_537_tr'; waited too long (jam), lane='152135#0_1', time=19887.00.
Warning: Removing person 'pedestrian_1-GW2_1086' at removal of vehicle 'pedestrian_1-GW2_1086_tr'
Warning: Vehicle 'pedestrian_1-3_537_tr' ends teleporting on edge '152135#1', time=19887.00.
Warning: Teleporting vehicle 'commercial_1-GW1_325'; waited too long (yield), lane=':137694_2_0', time=19890.00.
Warning: Vehicle 'commercial_1-GW1_325' ends teleporting on edge '152132', time=19890.00.
Warning: Teleporting vehicle 'pedestrian_1-2_1707_tr'; waited too long (yield), lane=':cluster_136767_142947_144456_144838_5_0', time=19894.00.
Warning: Vehicle 'pedestrian_1-2_1707_tr' ends teleporting on edge '-152361', time=19894.00.
Warning: Teleporting vehicle 'pedestrian_1-3_5244_tr'; waited too long (yield), lane='152825#1_1', time=19895.00.
Warning: Vehicle 'pedestrian_1-3_5244_tr' ends teleporting on edge '152960#10', time=19895.00.
Warning: Removing person 'pedestrian_1-GW1_23' at removal of vehicle 'pedestrian_1-GW1_23_tr'
Warning: Removing person 'pedestrian_GW1-1_2447' at removal of vehicle 'pedestrian_GW1-1_2447_tr'
Warning: Removing person 'pedestrian_1-GW1_705' at removal of vehicle 'pedestrian_1-GW1_705_tr'
Warning: Removing person 'pedestrian_GW2-1_2961' at removal of vehicle 'pedestrian_GW2-1_2961_tr'
Warning: Removing person 'pedestrian_1-GW1_1878' at removal of vehicle 'pedestrian_1-GW1_1878_tr'
Warning: Removing person 'pedestrian_1-GW2_566' at removal of vehicle 'pedestrian_1-GW2_566_tr'
Warning: Teleporting vehicle 'pedestrian_1-2_5421_tr'; waited too long (yield), lane='-153559#3_1', time=19915.00.
Warning: Removing person 'pedestrian_GW1-1_1667' at removal of vehicle 'pedestrian_GW1-1_1667_tr'
Warning: Vehicle 'pedestrian_1-2_5421_tr' ends teleporting on edge '-152898#0', time=19915.00.
Warning: Removing person 'pedestrian_GW2-1_1529' at removal of vehicle 'pedestrian_GW2-1_1529_tr'
Warning: Removing person 'pedestrian_1-GW1_57' at removal of vehicle 'pedestrian_1-GW1_57_tr'
Warning: Removing person 'pedestrian_1-GW1_1350' at removal of vehicle 'pedestrian_1-GW1_1350_tr'
Warning: Removing person 'pedestrian_1-GW1_990' at removal of vehicle 'pedestrian_1-GW1_990_tr'
Warning: Teleporting vehicle 'pedestrian_1-1-pt_954_tr'; waited too long (yield), lane=':135380_3_0', time=19925.00.
Warning: Vehicle 'pedestrian_1-1-pt_954_tr' ends teleporting on edge '152668#0', time=19925.00.
Warning: Removing person 'pedestrian_GW2-1_2190' at removal of vehicle 'pedestrian_GW2-1_2190_tr'
Warning: Removing person 'pedestrian_GW1-1_1858' at removal of vehicle 'pedestrian_GW1-1_1858_tr'
Warning: Removing person 'pedestrian_GW1-1_2220' at removal of vehicle 'pedestrian_GW1-1_2220_tr'
Warning: Removing person 'pedestrian_1-GW1_399' at removal of vehicle 'pedestrian_1-GW1_399_tr'
Warning: Removing person 'pedestrian_GW1-1_1820' at removal of vehicle 'pedestrian_GW1-1_1820_tr'
Warning: Removing person 'pedestrian_GW1-1_1228' at removal of vehicle 'pedestrian_GW1-1_1228_tr'
Warning: Teleporting vehicle 'commercial_1-2_231'; waited too long (yield), lane='152807_1', time=19952.00.
Warning: Vehicle 'commercial_1-2_231' ends teleporting on edge '152945#2', time=19952.00.
Warning: Teleporting vehicle 'commercial_1-1_430'; waited too long (yield), lane='-152716_1', time=19959.00.
Warning: Teleporting vehicle 'pedestrian_1-2_320_tr'; waited too long (yield), lane='-152781_1', time=19959.00.
Warning: Vehicle 'commercial_1-1_430' ends teleporting on edge '-152767#3', time=19959.00.
Warning: Vehicle 'pedestrian_1-2_320_tr' ends teleporting on edge '-152716', time=19959.00.
Warning: Teleporting vehicle 'commercial_1-2_276'; waited too long (yield), lane=':146732_10_0', time=19961.00.
Warning: Removing person 'pedestrian_GW1-1_1541' at removal of vehicle 'pedestrian_GW1-1_1541_tr'
Warning: Vehicle 'commercial_1-2_276' ends teleporting on edge '-152706#3', time=19961.00.
Warning: Person 'pedestrian_1-1-pt_2342' is jammed on edge ':151662_w0', time=19964.00.
Warning: Teleporting vehicle 'commercial_1-2_115'; waited too long (jam), lane='-152398#1_1', time=19964.00.
Warning: Person 'pedestrian_1-1-pt_1261' is jammed on edge ':147198_w1', time=19966.00.
Warning: Removing person 'pedestrian_1-GW1_872' at removal of vehicle 'pedestrian_1-GW1_872_tr'
Warning: Removing person 'pedestrian_GW2-1_3032' at removal of vehicle 'pedestrian_GW2-1_3032_tr'
Warning: Removing person 'pedestrian_1-GW2_768' at removal of vehicle 'pedestrian_1-GW2_768_tr'
Warning: Removing person 'pedestrian_GW1-1_1029' at removal of vehicle 'pedestrian_GW1-1_1029_tr'
Warning: Person 'pedestrian_1-1-pt_6931' is jammed on edge ':150022_c2', time=19978.00.
Warning: Person 'pedestrian_1-1-pt_1261' is jammed on edge ':147198_c0', time=19982.00.
Warning: Person 'pedestrian_1-1-pt_930' is jammed on edge ':151662_w1', time=19986.00.
Warning: Person 'pedestrian_1-1-pt_2612' is jammed on edge ':cluster_134941_144860_w0', time=19987.00.
Warning: Teleporting vehicle 'commercial_1-1_27'; waited too long (yield), lane=':141683_3_0', time=19992.00.
Warning: Vehicle 'commercial_1-1_27' ends teleporting on edge '-152780', time=19992.00.
Warning: Teleporting vehicle 'pedestrian_1-3_537_tr'; waited too long (yield), lane='152135#1_1', time=19994.00.
Warning: Teleporting vehicle 'special_2-1_16'; waited too long (yield), lane=':145190_1_0', time=19994.00.
Warning: Vehicle 'pedestrian_1-3_537_tr' ends teleporting on edge '153273#1', time=19994.00.
Warning: Vehicle 'special_2-1_16' ends teleporting on edge '-152617', time=19994.00.
Warning: Person 'pedestrian_1-1-pt_4187' is jammed on edge ':133313_w0', time=19995.00.
Warning: Vehicle 'commercial_1-2_115' ends teleporting on edge '152458#3', time=19999.00.
Warning: Removing person 'pedestrian_GW1-1_2788' at removal of vehicle 'pedestrian_GW1-1_2788_tr'
Warning: Removing person 'pedestrian_GW1-1_2881' at removal of vehicle 'pedestrian_GW1-1_2881_tr'
Warning: Teleporting vehicle 'pedestrian_1-1-pt_1508_tr'; waited too long (yield), lane='152832#6_1', time=20004.00.
Warning: Vehicle 'pedestrian_1-1-pt_1508_tr' ends teleporting on edge '-152870#3', time=20004.00.
Warning: Removing person 'pedestrian_GW1-1_769' at removal of vehicle 'pedestrian_GW1-1_769_tr'
Warning: Removing person 'pedestrian_1-GW1_578' at removal of vehicle 'pedestrian_1-GW1_578_tr'
Warning: Removing person 'pedestrian_1-GW2_1062' at removal of vehicle 'pedestrian_1-GW2_1062_tr'
Warning: Teleporting vehicle 'pedestrian_1-2_4700_tr'; waited too long (yield), lane='-152398#0_1', time=20009.00.
Warning: Teleporting vehicle 'commercial_2-1_170'; waited too long (yield), lane='152711#3_1', time=20015.00.
Warning: Vehicle 'commercial_2-1_170' ends teleporting on edge '-152701#3', time=20015.00.
Warning: Removing person 'pedestrian_GW1-1_2159' at removal of vehicle 'pedestrian_GW1-1_2159_tr'
Warning: Removing person 'pedestrian_GW1-1_2356' at removal of vehicle 'pedestrian_GW1-1_2356_tr'
Warning: Teleporting vehicle 'pedestrian_2-1_1770_tr'; waited too long (yield), lane='-153329#4_1', time=20019.00.
Warning: Vehicle 'pedestrian_2-1_1770_tr' ends teleporting on edge '-153331#11', time=20019.00.
Warning: Removing person 'pedestrian_2-1_4694' at removal of vehicle 'pedestrian_2-1_4694_tr'
Warning: Removing person 'pedestrian_GW1-1_2153' at removal of vehicle 'pedestrian_GW1-1_2153_tr'
Warning: Vehicle 'pedestrian_1-2_4700_tr' ends teleporting on edge '-152451', time=20021.00.
Warning: Removing person 'pedestrian_GW1-1_1113' at removal of vehicle 'pedestrian_GW1-1_1113_tr'
Warning: Person 'pedestrian_1-1-pt_4693' is jammed on edge ':137320_w2', time=20030.00.
Warning: Teleporting vehicle 'pedestrian_1-3_563_tr'; waited too long (yield), lane=':cluster_136767_142947_144456_144838_5_0', time=20030.00.
Warning: Vehicle 'pedestrian_1-3_563_tr' ends teleporting on edge '-152361', time=20030.00.
Warning: Removing person 'pedestrian_GW2-1_2871' at removal of vehicle 'pedestrian_GW2-1_2871_tr'
Warning: Teleporting vehicle 'pedestrian_1-3_1184_tr'; waited too long (yield), lane='152967_1', time=20034.00.
Warning: Vehicle 'pedestrian_1-3_1184_tr' ends teleporting on edge '152816#2', time=20034.00.
Warning: Removing person 'pedestrian_GW1-1_1985' at removal of vehicle 'pedestrian_GW1-1_1985_tr'
Warning: Teleporting vehicle 'pedestrian_1-3_104_tr'; waited too long (yield), lane='152825#1_1', time=20045.00.
Warning: Person 'pedestrian_1-1-pt_4693' is jammed on edge ':137320_c1', time=20047.00.
Warning: Vehicle 'pedestrian_1-3_104_tr' ends teleporting on edge '152959#2', time=20052.00.
Warning: Teleporting vehicle 'commercial_1-2_56'; waited too long (yield), lane='-153559#3_1', time=20053.00.
Warning: Removing person 'pedestrian_1-GW1_2192' at removal of vehicle 'pedestrian_1-GW1_2192_tr'
Warning: Person 'pedestrian_1-1-pt_8349' is jammed on edge ':143537_w2', time=20056.00.
Warning: Removing person 'pedestrian_GW1-1_2075' at removal of vehicle 'pedestrian_GW1-1_2075_tr'
Warning: Teleporting vehicle 'special_1-2_218'; waited too long (yield), lane=':135380_3_0', time=20060.00.
Warning: Vehicle 'special_1-2_218' ends teleporting on edge '152668#0', time=20060.00.
Warning: Teleporting vehicle 'bus_1:SaintRoman.5'; waited too long (yield), lane='-152760_1', time=20062.00.
Warning: Vehicle 'bus_1:SaintRoman.5' ends teleporting on edge '-152763', time=20062.00.
Warning: Removing person 'pedestrian_GW2-1_3056' at removal of vehicle 'pedestrian_GW2-1_3056_tr'
Warning: Teleporting vehicle 'pedestrian_1-3_3478_tr'; waited too long (yield), lane='-152676#0_1', time=20065.00.
Warning: Removing person 'pedestrian_GW1-1_317' at removal of vehicle 'pedestrian_GW1-1_317_tr'
Warning: Removing person 'pedestrian_GW1-1_3154' at removal of vehicle 'pedestrian_GW1-1_3154_tr'
Warning: Vehicle 'pedestrian_1-3_3478_tr' ends teleporting on edge '152677#4', time=20065.00.
Warning: Removing person 'pedestrian_GW2-1_519' at removal of vehicle 'pedestrian_GW2-1_519_tr'
Warning: Removing person 'pedestrian_GW2-1_2424' at removal of vehicle 'pedestrian_GW2-1_2424_tr'
Warning: Person 'pedestrian_1-1-pt_214' is jammed on edge ':144390_w0', time=20068.00.
Warning: Teleporting vehicle 'pedestrian_1-3_5245_tr'; waited too long (yield), lane=':144371_3_0', time=20068.00.
Warning: Vehicle 'pedestrian_1-3_5245_tr' ends teleporting on edge '152606#8', time=20068.00.
Warning: Removing person 'pedestrian_GW2-1_2762' at removal of vehicle 'pedestrian_GW2-1_2762_tr'
Warning: Removing person 'pedestrian_GW1-1_2571' at removal of vehicle 'pedestrian_GW1-1_2571_tr'
Warning: Removing person 'pedestrian_GW1-1_2758' at removal of vehicle 'pedestrian_GW1-1_2758_tr'
Warning: Removing person 'pedestrian_1-GW1_968' at removal of vehicle 'pedestrian_1-GW1_968_tr'
Warning: Removing person 'pedestrian_GW1-1_921' at removal of vehicle 'pedestrian_GW1-1_921_tr'
Warning: Removing person 'pedestrian_1-GW1_645' at removal of vehicle 'pedestrian_1-GW1_645_tr'
Warning: Removing person 'pedestrian_1-GW1_278' at removal of vehicle 'pedestrian_1-GW1_278_tr'
Warning: Teleporting vehicle 'special_1-3_122'; waited too long (yield), lane='-152666_1', time=20077.00.
Warning: Vehicle 'commercial_1-2_56' ends teleporting on edge '152974', time=20077.00.
Warning: Vehicle 'special_1-3_122' ends teleporting on edge '-152668#0', time=20077.00.
Warning: Removing person 'pedestrian_1-GW1_35' at removal of vehicle 'pedestrian_1-GW1_35_tr'
Warning: Removing person 'pedestrian_GW1-1_2320' at removal of vehicle 'pedestrian_GW1-1_2320_tr'
Warning: Removing person 'pedestrian_1-GW1_2155' at removal of vehicle 'pedestrian_1-GW1_2155_tr'
Warning: Teleporting vehicle 'pedestrian_2-1_3444_tr'; waited too long (jam), lane='152606#8_1', time=20099.00.
Warning: Removing person 'pedestrian_GW1-1_2549' at removal of vehicle 'pedestrian_GW1-1_2549_tr'
Warning: Vehicle 'pedestrian_2-1_3444_tr' ends teleporting on edge '152606#9', time=20099.00.
Warning: Teleporting vehicle 'bus_5:Hopital.5'; waited too long (yield), lane=':141846_12_0', time=20103.00.
Warning: Vehicle 'bus_5:Hopital.5' ends teleporting on edge '152535#0', time=20103.00.
Warning: Removing person 'pedestrian_GW1-1_1828' at removal of vehicle 'pedestrian_GW1-1_1828_tr'
Warning: Removing person 'pedestrian_GW1-1_190' at removal of vehicle 'pedestrian_GW1-1_190_tr'
Warning: Person 'pedestrian_1-1-pt_776' is jammed on edge ':134522_w0', time=20109.00.
Warning: Teleporting vehicle 'pedestrian_1-3_3509_tr'; waited too long (yield), lane=':142062_1_0', time=20115.00.
Warning: Removing person 'pedestrian_GW1-1_1362' at removal of vehicle 'pedestrian_GW1-1_1362_tr'
Warning: Teleporting vehicle 'pedestrian_1-1-veh_879_tr'; waited too long (yield), lane=':139010_2_0', time=20126.00.
Warning: Vehicle 'pedestrian_1-1-veh_879_tr' ends teleporting on edge '-152945#2', time=20126.00.
Warning: Teleporting vehicle 'pedestrian_1-1-veh_618_tr'; waited too long (yield), lane='-152878_1', time=20134.00.
Warning: Vehicle 'pedestrian_1-3_3509_tr' ends teleporting on edge '153406#1', time=20134.00.
Warning: Vehicle 'pedestrian_1-1-veh_618_tr' ends teleporting on edge '152883#1', time=20134.00.
Warning: Removing person 'pedestrian_1-GW2_1650' at removal of vehicle 'pedestrian_1-GW2_1650_tr'
Warning: Teleporting vehicle 'pedestrian_1-2_5244_tr'; waited too long (jam), lane=':141956_7_0', time=20145.00.
Warning: Vehicle 'pedestrian_1-2_5244_tr' ends teleporting on edge '152714', time=20145.00.
Warning: Person 'pedestrian_1-1-pt_525' is jammed on edge ':cluster_134941_144860_w2', time=20148.00.
Warning: Removing person 'pedestrian_GW1-1_3229' at removal of vehicle 'pedestrian_GW1-1_3229_tr'
Warning: Removing person 'pedestrian_GW1-1_141' at removal of vehicle 'pedestrian_GW1-1_141_tr'
Warning: Person 'pedestrian_1-1-pt_2647' is jammed on edge ':145241_c0', time=20151.00.
Warning: Person 'pedestrian_1-1-pt_8414' is jammed on edge ':145241_c0', time=20151.00.
Warning: Removing person 'pedestrian_GW2-1_1447' at removal of vehicle 'pedestrian_GW2-1_1447_tr'
Warning: Removing person 'pedestrian_1-GW1_1399' at removal of vehicle 'pedestrian_1-GW1_1399_tr'
Warning: Teleporting vehicle 'pedestrian_2-1_3608_tr'; waited too long (jam), lane=':146732_1_0', time=20156.00.
Warning: Teleporting vehicle 'special_1-1_125'; waited too long (yield), lane='-152716_1', time=20156.00.
Warning: Vehicle 'special_1-1_125' ends teleporting on edge '-152767#3', time=20156.00.
Warning: Vehicle 'pedestrian_2-1_3608_tr' ends teleporting on edge '-152701#2', time=20156.00.
Warning: Person 'pedestrian_1-1-pt_8208' is jammed on edge ':cluster_145129_151820_w1', time=20158.00.
Warning: Teleporting vehicle 'pedestrian_1-3_1344_tr'; waited too long (yield), lane='-152470_1', time=20159.00.
Warning: Vehicle 'pedestrian_1-3_1344_tr' ends teleporting on edge '153444#4', time=20159.00.
Warning: Teleporting vehicle 'bus_4:SaintRoman.1'; waited too long (jam), lane='-152873#1_1', time=20161.00.
Warning: Removing person 'pedestrian_GW1-1_3158' at removal of vehicle 'pedestrian_GW1-1_3158_tr'
Warning: Removing person 'pedestrian_GW1-1_3743' at removal of vehicle 'pedestrian_GW1-1_3743_tr'
Warning: Removing person 'pedestrian_1-GW1_1353' at removal of vehicle 'pedestrian_1-GW1_1353_tr'
Warning: Person 'pedestrian_1-1-pt_4741' is jammed on edge ':142855_c0', time=20163.00.
Warning: Removing person 'pedestrian_GW1-1_3266' at removal of vehicle 'pedestrian_GW1-1_3266_tr'
Warning: Removing person 'pedestrian_1-GW1_1387' at removal of vehicle 'pedestrian_1-GW1_1387_tr'
Warning: Removing person 'pedestrian_GW2-1_15' at removal of vehicle 'pedestrian_GW2-1_15_tr'
Warning: Teleporting vehicle 'pedestrian_1-2_5238_tr'; waited too long (yield), lane='-152682#1_1', time=20172.00.
Warning: Vehicle 'pedestrian_1-2_5238_tr' ends teleporting on edge '-153415#0', time=20172.00.
Warning: Teleporting vehicle 'pedestrian_1-3_2707_tr'; waited too long (yield), lane='-152763_1', time=20173.00.
Warning: Vehicle 'pedestrian_1-3_2707_tr' ends teleporting on edge '152776', time=20173.00.
Warning: Removing person 'pedestrian_1-GW1_1216' at removal of vehicle 'pedestrian_1-GW1_1216_tr'
Warning: Teleporting vehicle 'pedestrian_1-3_3899_tr'; waited too long (yield), lane=':cluster_136767_142947_144456_144838_5_0', time=20180.00.
Warning: Vehicle 'pedestrian_1-3_3899_tr' ends teleporting on edge '-152361', time=20180.00.
Warning: Teleporting vehicle 'pedestrian_1-2_3827_tr'; waited too long (yield), lane=':146732_13_0', time=20181.00.
Warning: Vehicle 'pedestrian_1-2_3827_tr' ends teleporting on edge '152701#3', time=20181.00.
Warning: Person 'pedestrian_1-1-pt_3095' is jammed on edge ':132625_w1', time=20182.00.
Warning: Removing person 'pedestrian_GW2-1_2986' at removal of vehicle 'pedestrian_GW2-1_2986_tr'
Warning: Teleporting vehicle 'pedestrian_1-3_905_tr'; waited too long (yield), lane=':144986_3_0', time=20184.00.
Warning: Vehicle 'pedestrian_1-3_905_tr' ends teleporting on edge '153398#0', time=20184.00.
Warning: Teleporting vehicle 'pedestrian_1-3_321_tr'; waited too long (yield), lane='-152665_1', time=20187.00.
Warning: Vehicle 'bus_4:SaintRoman.1' ends teleporting on edge '152983', time=20187.00.
Warning: Vehicle 'pedestrian_1-3_321_tr' ends teleporting on edge '-152716', time=20187.00.
Warning: Removing person 'pedestrian_GW1-1_1101' at removal of vehicle 'pedestrian_GW1-1_1101_tr'
Warning: Removing person 'pedestrian_GW1-1_3526' at removal of vehicle 'pedestrian_GW1-1_3526_tr'
Warning: Removing person 'pedestrian_1-GW2_1752' at removal of vehicle 'pedestrian_1-GW2_1752_tr'
Warning: Teleporting vehicle 'pedestrian_1-3_1670_tr'; waited too long (yield), lane='-152398#0_1', time=20196.00.
Warning: Removing person 'pedestrian_GW1-1_2484' at removal of vehicle 'pedestrian_GW1-1_2484_tr'
Warning: Removing person 'pedestrian_GW1-1_520' at removal of vehicle 'pedestrian_GW1-1_520_tr'
Warning: Removing person 'pedestrian_GW1-1_2841' at removal of vehicle 'pedestrian_GW1-1_2841_tr'
Warning: Teleporting vehicle 'pedestrian_1-3_1824_tr'; waited too long (yield), lane=':cluster_136022_151773_5_0', time=20204.00.
Warning: Vehicle 'pedestrian_1-3_1824_tr' ends teleporting on edge '152682#1', time=20204.00.
Warning: Teleporting vehicle 'pedestrian_1-1-pt_5863_tr'; waited too long (yield), lane=':135380_3_0', time=20207.00.
Warning: Vehicle 'pedestrian_1-1-pt_5863_tr' ends teleporting on edge '152668#0', time=20207.00.
Warning: Vehicle 'pedestrian_1-3_1670_tr' ends teleporting on edge '152458#0', time=20208.00.
Warning: Removing person 'pedestrian_GW1-1_3438' at removal of vehicle 'pedestrian_GW1-1_3438_tr'
Warning: Removing person 'pedestrian_GW2-1_2052' at removal of vehicle 'pedestrian_GW2-1_2052_tr'
Warning: Person 'pedestrian_1-1-pt_2882' is jammed on edge ':133469_c0', time=20214.00.
Warning: Removing person 'pedestrian_GW1-1_1191' at removal of vehicle 'pedestrian_GW1-1_1191_tr'
Warning: Removing person 'pedestrian_GW1-1_11' at removal of vehicle 'pedestrian_GW1-1_11_tr'
Warning: Teleporting vehicle 'pedestrian_1-1-veh_73_tr'; waited too long (yield), lane=':135380_3_0', time=20219.00.
Warning: Teleporting vehicle 'pedestrian_1-1-pt_980_tr'; waited too long (yield), lane='-152781_1', time=20219.00.
Warning: Removing person 'pedestrian_1-GW1_1061' at removal of vehicle 'pedestrian_1-GW1_1061_tr'
Warning: Vehicle 'pedestrian_1-1-veh_73_tr' ends teleporting on edge '152668#0', time=20219.00.
Warning: Vehicle 'pedestrian_1-1-pt_980_tr' ends teleporting on edge '152665', time=20219.00.
Warning: Removing person 'pedestrian_GW2-1_988' at removal of vehicle 'pedestrian_GW2-1_988_tr'
Warning: Person 'pedestrian_1-1-pt_7700' is jammed on edge ':cluster_134941_144860_w2', time=20228.00.
Warning: Teleporting vehicle 'special_1-1_141'; waited too long (yield), lane='-153400_1', time=20229.00.
Warning: Vehicle 'special_1-1_141' ends teleporting on edge '152648#1', time=20229.00.
Warning: Teleporting vehicle 'special_1-3_122'; waited too long (yield), lane='-152668#0_1', time=20241.00.
Warning: Vehicle 'special_1-3_122' ends teleporting on edge '152677#5', time=20241.00.
Warning: Teleporting vehicle 'pedestrian_1-3_1874_tr'; waited too long (yield), lane='152711#3_1', time=20244.00.
Warning: Vehicle 'pedestrian_1-3_1874_tr' ends teleporting on edge '-152701#3', time=20244.00.
Warning: Removing person 'pedestrian_GW1-1_3789' at removal of vehicle 'pedestrian_GW1-1_3789_tr'
Warning: Removing person 'pedestrian_GW1-1_3868' at removal of vehicle 'pedestrian_GW1-1_3868_tr'
Warning: Removing person 'pedestrian_1-GW2_1464' at removal of vehicle 'pedestrian_1-GW2_1464_tr'
Warning: Removing person 'pedestrian_1-GW1_1514' at removal of vehicle 'pedestrian_1-GW1_1514_tr'
Warning: Teleporting vehicle 'bus_2:Jardin.5'; waited too long (yield), lane='-152760_1', time=20250.00.
Warning: Vehicle 'bus_2:Jardin.5' ends teleporting on edge '-152763', time=20250.00.
Warning: Teleporting vehicle 'pedestrian_1-3_3763_tr'; waited too long (yield), lane='152361_1', time=20252.00.
Warning: Teleporting vehicle 'special_1-2_202'; waited too long (yield), lane='152767#3_1', time=20252.00.
Warning: Teleporting vehicle 'pedestrian_1-3_448_tr'; waited too long (yield), lane='152939#2_1', time=20252.00.
Warning: Vehicle 'special_1-2_202' ends teleporting on edge '152939#5', time=20252.00.
Warning: Vehicle 'pedestrian_1-3_3763_tr' ends teleporting on edge '152535#4', time=20252.00.
Warning: Vehicle 'pedestrian_1-3_448_tr' ends teleporting on edge '152546', time=20252.00.
Warning: Removing person 'pedestrian_GW1-1_2602' at removal of vehicle 'pedestrian_GW1-1_2602_tr'
Warning: Person 'pedestrian_1-1-pt_2297' is jammed on edge ':cluster_136399_138320_w2', time=20261.00.
Warning: Person 'pedestrian_1-1-pt_498' is jammed on edge ':141846_w1', time=20264.00.
Warning: Teleporting vehicle 'pedestrian_1-2_1875_tr'; waited too long (jam), lane=':133905_7_0', time=20266.00.
Warning: Vehicle 'pedestrian_1-2_1875_tr' ends teleporting on edge '-152810#0', time=20266.00.
Warning: Removing person 'pedestrian_GW1-1_3109' at removal of vehicle 'pedestrian_GW1-1_3109_tr'
Warning: Removing person 'pedestrian_1-GW1_1328' at removal of vehicle 'pedestrian_1-GW1_1328_tr'
Warning: Teleporting vehicle 'pedestrian_1-3_5062_tr'; waited too long (yield), lane='152936_1', time=20271.00.
Warning: Vehicle 'pedestrian_1-3_5062_tr' ends teleporting on edge '152162', time=20271.00.
Warning: Teleporting vehicle 'pedestrian_1-1-pt_3123_tr'; waited too long (yield), lane='152807_1', time=20272.00.
Warning: Vehicle 'pedestrian_1-1-pt_3123_tr' ends teleporting on edge '152945#2', time=20272.00.
Warning: Teleporting vehicle 'pedestrian_1-3_2702_tr'; waited too long (yield), lane='-152650#1_1', time=20280.00.
Warning: Removing person 'pedestrian_1-GW1_1942' at removal of vehicle 'pedestrian_1-GW1_1942_tr'
Warning: Vehicle 'pedestrian_1-3_2702_tr' ends teleporting on edge '152672#1', time=20280.00.
Warning: Removing person 'pedestrian_GW1-1_907' at removal of vehicle 'pedestrian_GW1-1_907_tr'
Warning: Removing person 'pedestrian_1-GW1_2182' at removal of vehicle 'pedestrian_1-GW1_2182_tr'
Warning: Person 'pedestrian_1-1-pt_4378' is jammed on edge ':147814_w1', time=20282.00.
Warning: Teleporting vehicle 'pedestrian_1-2_1660_tr'; waited too long (yield), lane='-153335#0_1', time=20283.00.
Warning: Vehicle 'pedestrian_1-2_1660_tr' ends teleporting on edge '-153444#0', time=20283.00.
Warning: Removing person 'pedestrian_GW1-1_3915' at removal of vehicle 'pedestrian_GW1-1_3915_tr'
Warning: Teleporting vehicle 'pedestrian_1-2_2116_tr'; waited too long (yield), lane=':cluster_135794_135910_2_0', time=20288.00.
Warning: Vehicle 'pedestrian_1-2_2116_tr' ends teleporting on edge '152657#0', time=20288.00.
Warning: Teleporting vehicle 'bus_6:Fontvieille.5'; waited too long (yield), lane=':141846_12_0', time=20290.00.
Warning: Teleporting vehicle 'pedestrian_1-1-veh_831_tr'; waited too long (jam), lane='-152777_1', time=20290.00.
Warning: Vehicle 'bus_6:Fontvieille.5' ends teleporting on edge '152535#0', time=20290.00.
Warning: Removing person 'pedestrian_GW2-1_542' at removal of vehicle 'pedestrian_GW2-1_542_tr'
Warning: Removing person 'pedestrian_GW1-1_2789' at removal of vehicle 'pedestrian_GW1-1_2789_tr'
Warning: Person 'pedestrian_1-1-pt_8791' is jammed on edge ':144371_w0', time=20295.00.
Warning: Removing person 'pedestrian_GW1-1_1698' at removal of vehicle 'pedestrian_GW1-1_1698_tr'
Warning: Removing person 'pedestrian_GW2-1_1169' at removal of vehicle 'pedestrian_GW2-1_1169_tr'
Warning: Removing person 'pedestrian_GW2-1_49' at removal of vehicle 'pedestrian_GW2-1_49_tr'
Warning: Vehicle 'pedestrian_1-1-veh_831_tr' ends teleporting on edge '152816#0', time=20305.00.
Warning: Person 'pedestrian_1-1-pt_7777' is jammed on edge ':147814_w1', time=20307.00.
Warning: Removing person 'pedestrian_GW2-1_2046' at removal of vehicle 'pedestrian_GW2-1_2046_tr'
Warning: Teleporting vehicle 'pedestrian_1-3_4738_tr'; waited too long (yield), lane='152900#1_1', time=20310.00.
Warning: Removing person 'pedestrian_1-GW1_649' at removal of vehicle 'pedestrian_1-GW1_649_tr'
Warning: Teleporting vehicle 'pedestrian_1-1-pt_3626_tr'; waited too long (yield), lane='-152763_1', time=20312.00.
Warning: Vehicle 'pedestrian_1-1-pt_3626_tr' ends teleporting on edge '152776', time=20312.00.
Warning: Person 'pedestrian_1-1-pt_395' is jammed on edge ':146024_w0', time=20315.00.
Warning: Removing person 'pedestrian_1-GW1_498' at removal of vehicle 'pedestrian_1-GW1_498_tr'
Warning: Person 'pedestrian_1-1-pt_6590' is jammed on edge ':141992_w1', time=20318.00.
Warning: Teleporting vehicle 'pedestrian_1-2_2407_tr'; waited too long (yield), lane='152807_1', time=20318.00.
Warning: Removing person 'pedestrian_GW2-1_1355' at removal of vehicle 'pedestrian_GW2-1_1355_tr'
Warning: Vehicle 'pedestrian_1-3_4738_tr' ends teleporting on edge '152973', time=20318.00.
Warning: Vehicle 'pedestrian_1-2_2407_tr' ends teleporting on edge '152945#2', time=20318.00.
Warning: Person 'pedestrian_1-1-pt_4078' is jammed on edge ':132957_w0', time=20322.00.
Warning: Teleporting vehicle 'pedestrian_1-2_4950_tr'; waited too long (yield), lane='152451_1', time=20328.00.
Warning: Removing person 'pedestrian_GW2-1_619' at removal of vehicle 'pedestrian_GW2-1_619_tr'
Warning: Vehicle 'pedestrian_1-2_4950_tr' ends teleporting on edge '-152966#1', time=20333.00.
Warning: Teleporting vehicle 'pedestrian_1-2_327_tr'; waited too long (yield), lane='153273#2_1', time=20335.00.
Warning: Vehicle 'pedestrian_1-2_327_tr' ends teleporting on edge '152960#10', time=20335.00.
Warning: Removing person 'pedestrian_1-GW2_1682' at removal of vehicle 'pedestrian_1-GW2_1682_tr'
Warning: Teleporting vehicle 'special_1-3_174'; waited too long (yield), lane=':cluster_136767_142947_144456_144838_5_0', time=20342.00.
Warning: Removing person 'pedestrian_GW2-1_843' at removal of vehicle 'pedestrian_GW2-1_843_tr'
Warning: Vehicle 'special_1-3_174' ends teleporting on edge '-152361', time=20342.00.
Warning: Removing person 'pedestrian_GW1-1_1303' at removal of vehicle 'pedestrian_GW1-1_1303_tr'
Warning: Person 'pedestrian_1-1-pt_297' is jammed on edge ':150755_w1', time=20346.00.
Warning: Teleporting vehicle 'pedestrian_1-1-pt_1928_tr'; waited too long (yield), lane='152812#5_1', time=20348.00.
Warning: Teleporting vehicle 'special_1-3_233'; waited too long (yield), lane='-152939#4_1', time=20350.00.
Warning: Removing person 'pedestrian_GW1-1_2623' at removal of vehicle 'pedestrian_GW1-1_2623_tr'
Warning: Vehicle 'special_1-3_233' ends teleporting on edge '152546', time=20350.00.
Warning: Teleporting vehicle 'pedestrian_1-2_105_tr'; waited too long (yield), lane=':146024_5_0', time=20351.00.
Warning: Vehicle 'pedestrian_1-2_105_tr' ends teleporting on edge '152666', time=20351.00.
Warning: Removing person 'pedestrian_GW1-1_1586' at removal of vehicle 'pedestrian_GW1-1_1586_tr'
Warning: Removing person 'pedestrian_GW1-1_3124' at removal of vehicle 'pedestrian_GW1-1_3124_tr'
Warning: Person 'pedestrian_1-1-pt_764' is jammed on edge ':147814_w1', time=20354.00.
Warning: Teleporting vehicle 'pedestrian_1-2_390_tr'; waited too long (yield), lane=':135380_3_0', time=20354.00.
Warning: Vehicle 'pedestrian_1-2_390_tr' ends teleporting on edge '152668#0', time=20354.00.
Warning: Removing person 'pedestrian_GW1-1_2498' at removal of vehicle 'pedestrian_GW1-1_2498_tr'
Warning: Person 'pedestrian_1-1-pt_2748' is jammed on edge ':144831_c2', time=20358.00.
Warning: Removing person 'pedestrian_GW1-1_1375' at removal of vehicle 'pedestrian_GW1-1_1375_tr'
Warning: Removing person 'pedestrian_GW1-1_600' at removal of vehicle 'pedestrian_GW1-1_600_tr'
Warning: Removing person 'pedestrian_GW1-1_3344' at removal of vehicle 'pedestrian_GW1-1_3344_tr'
Warning: Removing person 'pedestrian_1-GW1_1862' at removal of vehicle 'pedestrian_1-GW1_1862_tr'
Warning: Vehicle 'pedestrian_1-1-pt_1928_tr' ends teleporting on edge '152814#9', time=20371.00.
Warning: Teleporting vehicle 'pedestrian_1-2_1166_tr'; waited too long (yield), lane=':145315_3_0', time=20372.00.
Warning: Vehicle 'pedestrian_1-2_1166_tr' ends teleporting on edge '153400', time=20372.00.
Warning: Removing person 'pedestrian_1-GW1_1985' at removal of vehicle 'pedestrian_1-GW1_1985_tr'
Warning: Removing person 'pedestrian_1-GW2_774' at removal of vehicle 'pedestrian_1-GW2_774_tr'
Warning: Removing person 'pedestrian_GW2-1_1759' at removal of vehicle 'pedestrian_GW2-1_1759_tr'
Warning: Teleporting vehicle 'pedestrian_1-1-pt_3751_tr'; waited too long (yield), lane=':cluster_135808_144791_5_0', time=20379.00.
Warning: Teleporting vehicle 'pedestrian_2-1_532_tr'; waited too long (yield), lane='153554#3_1', time=20379.00.
Warning: Vehicle 'pedestrian_2-1_532_tr' ends teleporting on edge '152999', time=20379.00.
Warning: Vehicle 'pedestrian_1-1-pt_3751_tr' ends teleporting on edge '-152805#2', time=20379.00.
Warning: Removing person 'pedestrian_GW1-1_3704' at removal of vehicle 'pedestrian_GW1-1_3704_tr'
Warning: Removing person 'pedestrian_GW2-1_2574' at removal of vehicle 'pedestrian_GW2-1_2574_tr'
Warning: Removing person 'pedestrian_1-GW2_1698' at removal of vehicle 'pedestrian_1-GW2_1698_tr'
Warning: Person 'pedestrian_1-1-pt_552' is jammed on edge ':148443_w2', time=20387.00.
Warning: Teleporting vehicle 'pedestrian_1-3_5062_tr'; waited too long (yield), lane='152162_1', time=20389.00.
Warning: Teleporting vehicle 'special_2-1_16'; waited too long (yield), lane='-152610_1', time=20389.00.
Warning: Vehicle 'special_2-1_16' ends teleporting on edge '152602', time=20389.00.
Warning: Vehicle 'pedestrian_1-3_5062_tr' ends teleporting on edge '-152884#0', time=20389.00.
Warning: Removing person 'pedestrian_1-GW1_336' at removal of vehicle 'pedestrian_1-GW1_336_tr'
Warning: Removing person 'pedestrian_GW1-1_3883' at removal of vehicle 'pedestrian_GW1-1_3883_tr'
Warning: Removing person 'pedestrian_1-GW1_1352' at removal of vehicle 'pedestrian_1-GW1_1352_tr'
Warning: Removing person 'pedestrian_1-GW1_1585' at removal of vehicle 'pedestrian_1-GW1_1585_tr'
Warning: Teleporting vehicle 'pedestrian_1-2_5528_tr'; waited too long (yield), lane='-152400_1', time=20401.00.
Warning: Vehicle 'pedestrian_1-2_5528_tr' ends teleporting on edge '-152132', time=20401.00.
Warning: Removing person 'pedestrian_GW1-1_2184' at removal of vehicle 'pedestrian_GW1-1_2184_tr'
Warning: Person 'pedestrian_1-1-pt_5684' is jammed on edge ':134786_c0', time=20405.00.
Warning: Removing person 'pedestrian_1-GW1_1580' at removal of vehicle 'pedestrian_1-GW1_1580_tr'
Warning: Teleporting vehicle 'pedestrian_1-3_448_tr'; waited too long (yield), lane='152546_1', time=20408.00.
Warning: Vehicle 'pedestrian_1-3_448_tr' ends teleporting on edge '-152767#2', time=20408.00.
Warning: Teleporting vehicle 'commercial_1-GW2_196'; waited too long (yield), lane='152614_1', time=20410.00.
Warning: Vehicle 'commercial_1-GW2_196' ends teleporting on edge '152535#1', time=20410.00.
Warning: Teleporting vehicle 'pedestrian_1-3_1888_tr'; waited too long (yield), lane=':146732_10_0', time=20413.00.
Warning: Removing person 'pedestrian_GW2-1_1114' at removal of vehicle 'pedestrian_GW2-1_1114_tr'
Warning: Teleporting vehicle 'pedestrian_1-2_1707_tr'; waited too long (yield), lane='152361_1', time=20414.00.
Warning: Removing person 'pedestrian_1-GW1_2212' at removal of vehicle 'pedestrian_1-GW1_2212_tr'
Warning: Vehicle 'pedestrian_1-2_1707_tr' ends teleporting on edge '152535#4', time=20414.00.
Warning: Vehicle 'pedestrian_1-3_1888_tr' ends teleporting on edge '-152706#3', time=20415.00.
Warning: Removing person 'pedestrian_GW1-1_3764' at removal of vehicle 'pedestrian_GW1-1_3764_tr'
Warning: Removing person 'pedestrian_1-GW1_2161' at removal of vehicle 'pedestrian_1-GW1_2161_tr'
Warning: Teleporting vehicle 'pedestrian_1-3_5211_tr'; waited too long (wrong lane), lane='152959#3_2', time=20422.00.
Warning: Removing person 'pedestrian_1-GW1_228' at removal of vehicle 'pedestrian_1-GW1_228_tr'
Warning: Vehicle 'pedestrian_1-3_5211_tr' ends teleporting on edge '-152821#2', time=20422.00.
Warning: Removing person 'pedestrian_1-GW1_1110' at removal of vehicle 'pedestrian_1-GW1_1110_tr'
Warning: Teleporting vehicle 'special_2-1_43'; waited too long (yield), lane=':142062_1_0', time=20425.00.
Warning: Vehicle 'special_2-1_43' ends teleporting on edge '153406#0', time=20425.00.
Warning: Teleporting vehicle 'pedestrian_1-2_2472_tr'; waited too long (jam), lane='152883#1_1', time=20428.00.
Warning: Teleporting vehicle 'pedestrian_1-2_899_tr'; waited too long (yield), lane='-152491#0_1', time=20431.00.
Warning: Teleporting vehicle 'pedestrian_1-1-pt_8619_tr'; waited too long (yield), lane='152805#0_1', time=20431.00.
Warning: Vehicle 'pedestrian_1-2_899_tr' ends teleporting on edge '152701#5', time=20431.00.
Warning: Vehicle 'pedestrian_1-1-pt_8619_tr' ends teleporting on edge '-152831#1', time=20431.00.
Warning: Teleporting vehicle 'commercial_1-3_242'; waited too long (yield), lane='-152650#1_1', time=20432.00.
Warning: Vehicle 'commercial_1-3_242' ends teleporting on edge '152672#1', time=20432.00.
Warning: Removing person 'pedestrian_GW1-1_3034' at removal of vehicle 'pedestrian_GW1-1_3034_tr'
Warning: Teleporting vehicle 'pedestrian_3-1_5654_tr'; waited too long (yield), lane='152479_1', time=20436.00.
Warning: Vehicle 'pedestrian_3-1_5654_tr' ends teleporting on edge '-153394#2', time=20436.00.
Warning: Person 'pedestrian_1-1-pt_7251' is jammed on edge ':136403_w0', time=20439.00.
Warning: Person 'pedestrian_1-1-pt_6743' is jammed on edge ':137320_w2', time=20440.00.
Warning: Removing person 'pedestrian_GW1-1_1212' at removal of vehicle 'pedestrian_GW1-1_1212_tr'
Warning: Teleporting vehicle 'pedestrian_1-2_681_tr'; waited too long (yield), lane='152681_1', time=20441.00.
Warning: Teleporting vehicle 'pedestrian_1-3_4714_tr'; waited too long (yield), lane='152831#2_1', time=20441.00.
Warning: Vehicle 'pedestrian_1-2_681_tr' ends teleporting on edge '152649#3', time=20441.00.
Warning: Teleporting vehicle 'commercial_1-1_188'; waited too long (yield), lane='-152760_1', time=20443.00.
Warning: Vehicle 'commercial_1-1_188' ends teleporting on edge '-152763', time=20443.00.
Warning: Teleporting vehicle 'pedestrian_1-3_4703_tr'; waited too long (yield), lane='-152666_1', time=20445.00.
Warning: Vehicle 'pedestrian_1-2_2472_tr' ends teleporting on edge '153638', time=20445.00.
Warning: Vehicle 'pedestrian_1-3_4703_tr' ends teleporting on edge '152668#1', time=20445.00.
Warning: Removing person 'pedestrian_1-GW2_336' at removal of vehicle 'pedestrian_1-GW2_336_tr'
Warning: Removing person 'pedestrian_GW1-1_2724' at removal of vehicle 'pedestrian_GW1-1_2724_tr'
Warning: Removing person 'pedestrian_1-GW1_2206' at removal of vehicle 'pedestrian_1-GW1_2206_tr'
Warning: Vehicle 'pedestrian_1-3_4714_tr' ends teleporting on edge '152305', time=20453.00.
Warning: Teleporting vehicle 'commercial_1-2_93'; waited too long (yield), lane='-152398#2_1', time=20455.00.
Warning: Person 'pedestrian_1-1-pt_2483' is jammed on edge ':138267_w1', time=20456.00.
Warning: Teleporting vehicle 'pedestrian_1-3_1202_tr'; waited too long (yield), lane='152384_1', time=20457.00.
Warning: Teleporting vehicle 'pedestrian_1-1-veh_327_tr'; waited too long (yield), lane='-153006#0_1', time=20460.00.
Warning: Vehicle 'pedestrian_1-1-veh_327_tr' ends teleporting on edge '152899#2', time=20460.00.
Warning: Removing person 'pedestrian_GW1-1_1432' at removal of vehicle 'pedestrian_GW1-1_1432_tr'
Warning: Removing person 'pedestrian_1-GW1_167' at removal of vehicle 'pedestrian_1-GW1_167_tr'
Warning: Removing person 'pedestrian_1-GW1_518' at removal of vehicle 'pedestrian_1-GW1_518_tr'
Warning: Teleporting vehicle 'pedestrian_1-3_400_tr'; waited too long (yield), lane='-152716_1', time=20467.00.
Warning: Vehicle 'pedestrian_1-3_400_tr' ends teleporting on edge '-152767#3', time=20467.00.
Warning: Person 'pedestrian_1-1-pt_8040' is jammed on edge ':134432_w1', time=20469.00.
Warning: Removing person 'pedestrian_1-GW1_811' at removal of vehicle 'pedestrian_1-GW1_811_tr'
Warning: Removing person 'pedestrian_1-GW1_573' at removal of vehicle 'pedestrian_1-GW1_573_tr'
Warning: Teleporting vehicle 'bus_1:SaintRoman.6'; waited too long (yield), lane='152774_1', time=20471.00.
Warning: Vehicle 'bus_1:SaintRoman.6' ends teleporting on edge '-152760', time=20471.00.
Warning: Vehicle 'pedestrian_1-3_1202_tr' ends teleporting on edge '152816#0', time=20473.00.
Warning: Teleporting vehicle 'pedestrian_1-1-pt_5071_tr'; waited too long (yield), lane='-152781_1', time=20474.00.
Warning: Removing person 'pedestrian_GW1-1_3548' at removal of vehicle 'pedestrian_GW1-1_3548_tr'
Warning: Vehicle 'pedestrian_1-1-pt_5071_tr' ends teleporting on edge '-152716', time=20474.00.
Warning: Teleporting vehicle 'bus_4:SaintRoman.4'; waited too long (yield), lane='152451_1', time=20477.00.
Warning: Teleporting vehicle 'pedestrian_1-2_1525_tr'; waited too long (yield), lane='152939#2_1', time=20480.00.
Warning: Vehicle 'pedestrian_1-2_1525_tr' ends teleporting on edge '152546', time=20480.00.
Warning: Teleporting vehicle 'pedestrian_1-2_4592_tr'; waited too long (yield), lane=':140213_2_0', time=20481.00.
Warning: Vehicle 'pedestrian_1-2_4592_tr' ends teleporting on edge '152805#1', time=20481.00.
Warning: Vehicle 'commercial_1-2_93' ends teleporting on edge '-152298', time=20485.00.
Warning: Removing person 'pedestrian_GW1-1_3218' at removal of vehicle 'pedestrian_GW1-1_3218_tr'
Warning: Vehicle 'bus_4:SaintRoman.4' ends teleporting on edge '152458#2', time=20486.00.
Warning: Teleporting vehicle 'special_1-3_225'; waited too long (yield), lane='-152163#0_1', time=20488.00.
Warning: Teleporting vehicle 'pedestrian_1-3_1096_tr'; waited too long (yield), lane=':144371_3_0', time=20491.00.
Warning: Vehicle 'pedestrian_1-3_1096_tr' ends teleporting on edge '152606#8', time=20491.00.
Warning: Removing person 'pedestrian_GW1-1_3385' at removal of vehicle 'pedestrian_GW1-1_3385_tr'
Warning: Teleporting vehicle 'pedestrian_1-2_2620_tr'; waited too long (yield), lane='152672#2_1', time=20496.00.
Warning: Vehicle 'pedestrian_1-2_2620_tr' ends teleporting on edge '-152775#0', time=20496.00.
Warning: Teleporting vehicle 'commercial_1-2_172'; waited too long (yield), lane='153401_1', time=20497.00.
Warning: Teleporting vehicle 'commercial_1-GW1_13'; waited too long (yield), lane=':151696_3_0', time=20498.00.
Warning: Vehicle 'commercial_1-GW1_13' ends teleporting on edge '-152807', time=20498.00.
Warning: Teleporting vehicle 'pedestrian_1-2_5528_tr'; waited too long (jam), lane=':137694_5_0', time=20502.00.
Warning: Vehicle 'pedestrian_1-2_5528_tr' ends teleporting on edge '152418', time=20502.00.
Warning: Person 'pedestrian_1-1-pt_7678' is jammed on edge ':cluster_136767_142947_144456_144838_c3', time=20505.00.
Warning: Removing person 'pedestrian_1-GW1_1125' at removal of vehicle 'pedestrian_1-GW1_1125_tr'
Warning: Teleporting vehicle 'pedestrian_1-3_4921_tr'; waited too long (yield), lane=':139010_2_0', time=20508.00.
Warning: Vehicle 'pedestrian_1-3_4921_tr' ends teleporting on edge '-152945#2', time=20508.00.
Warning: Teleporting vehicle 'commercial_1-1_149'; waited too long (jam), lane='-152777_1', time=20509.00.
Warning: Vehicle 'special_1-3_225' ends teleporting on edge '-152873#1', time=20510.00.
Warning: Teleporting vehicle 'pedestrian_1-2_1275_tr'; waited too long (yield), lane='152287_0', time=20512.00.
Warning: Teleporting vehicle 'pedestrian_1-3_5269_tr'; waited too long (yield), lane='152967_1', time=20512.00.
Warning: Vehicle 'pedestrian_1-3_5269_tr' ends teleporting on edge '152816#2', time=20512.00.
Warning: Removing person 'pedestrian_GW1-1_3691' at removal of vehicle 'pedestrian_GW1-1_3691_tr'
Warning: Person 'pedestrian_1-1-pt_2835' is jammed on edge ':136403_w0', time=20514.00.
Warning: Teleporting vehicle 'pedestrian_1-3_537_tr'; waited too long (yield), lane='153273#2_1', time=20518.00.
Warning: Vehicle 'pedestrian_1-3_537_tr' ends teleporting on edge '152960#10', time=20518.00.
Warning: Person 'pedestrian_1-1-pt_3399' is jammed on edge ':141659_w0', time=20521.00.
Warning: Teleporting vehicle 'commercial_1-GW2_236'; waited too long (yield), lane='-152763_1', time=20525.00.
Warning: Vehicle 'commercial_1-GW2_236' ends teleporting on edge '152776', time=20525.00.
Warning: Teleporting vehicle 'special_1-3_34'; waited too long (yield), lane=':150994_2_0', time=20526.00.
Warning: Teleporting vehicle 'pedestrian_1-3_738_tr'; waited too long (yield), lane='-152665_1', time=20526.00.
Warning: Vehicle 'special_1-3_34' ends teleporting on edge '-152665', time=20526.00.
Warning: Vehicle 'pedestrian_1-2_1275_tr' ends teleporting on edge '152654#2', time=20527.00.
Warning: Person 'pedestrian_1-1-pt_525' is jammed on edge ':132112_w2', time=20530.00.
Warning: Person 'pedestrian_1-1-pt_953' is jammed on edge ':151662_c0', time=20530.00.
Warning: Removing person 'pedestrian_GW1-1_128' at removal of vehicle 'pedestrian_GW1-1_128_tr'
Warning: Vehicle 'commercial_1-2_172' ends teleporting on edge '153405#1', time=20534.00.
Warning: Vehicle 'pedestrian_1-3_738_tr' ends teleporting on edge '-152716', time=20534.00.
Warning: Teleporting vehicle 'pedestrian_1-3_1209_tr'; waited too long (yield), lane='152654#1_1', time=20536.00.
Warning: Vehicle 'pedestrian_1-3_1209_tr' ends teleporting on edge '152654#2', time=20536.00.
Warning: Vehicle 'commercial_1-1_149' ends teleporting on edge '152816#1', time=20538.00.
Warning: Removing person 'pedestrian_GW1-1_1463' at removal of vehicle 'pedestrian_GW1-1_1463_tr'
Warning: Removing person 'pedestrian_GW1-1_3866' at removal of vehicle 'pedestrian_GW1-1_3866_tr'
Warning: Removing person 'pedestrian_GW1-1_3335' at removal of vehicle 'pedestrian_GW1-1_3335_tr'
Warning: Teleporting vehicle 'pedestrian_1-3_563_tr'; waited too long (yield), lane='152361_1', time=20550.00.
Warning: Vehicle 'pedestrian_1-3_563_tr' ends teleporting on edge '152535#4', time=20550.00.
Warning: Removing person 'pedestrian_GW1-1_565' at removal of vehicle 'pedestrian_GW1-1_565_tr'
Warning: Teleporting vehicle 'bus_2:Monaco.6'; waited too long (yield), lane='152896_1', time=20553.00.
Warning: Person 'pedestrian_1-1-pt_2182' is jammed on edge ':138949_c0', time=20554.00.
Warning: Person 'pedestrian_1-1-pt_549' is jammed on edge ':139010_w0', time=20554.00.
Warning: Removing person 'pedestrian_GW1-1_505' at removal of vehicle 'pedestrian_GW1-1_505_tr'
Warning: Teleporting vehicle 'pedestrian_1-3_3474_tr'; waited too long (yield), lane='152780_1', time=20558.00.
Warning: Vehicle 'pedestrian_1-3_3474_tr' ends teleporting on edge '-152767#1', time=20558.00.
Warning: Teleporting vehicle 'pedestrian_2-1_90_tr'; waited too long (yield), lane=':136213_0_0', time=20559.00.
Warning: Removing person 'pedestrian_GW1-1_2037' at removal of vehicle 'pedestrian_GW1-1_2037_tr'
Warning: Removing person 'pedestrian_GW1-1_3209' at removal of vehicle 'pedestrian_GW1-1_3209_tr'
Warning: Removing person 'pedestrian_1-GW1_1776' at removal of vehicle 'pedestrian_1-GW1_1776_tr'
Warning: Vehicle 'pedestrian_2-1_90_tr' ends teleporting on edge '152466#1', time=20559.00.
Warning: Teleporting vehicle 'pedestrian_1-2_949_tr'; waited too long (yield), lane='152546_1', time=20560.00.
Warning: Vehicle 'pedestrian_1-2_949_tr' ends teleporting on edge '-152767#2', time=20560.00.
Warning: Teleporting vehicle 'pedestrian_2-1_4149_tr'; waited too long (yield), lane='153438_1', time=20561.00.
Warning: Removing person 'pedestrian_1-GW2_1509' at removal of vehicle 'pedestrian_1-GW2_1509_tr'
Warning: Vehicle 'pedestrian_2-1_4149_tr' ends teleporting on edge '152814#9', time=20561.00.
Warning: Removing person 'pedestrian_GW1-1_755' at removal of vehicle 'pedestrian_GW1-1_755_tr'
Warning: Vehicle 'bus_2:Monaco.6' ends teleporting on edge '152814#1', time=20564.00.
Warning: Teleporting vehicle 'pedestrian_2-1_1904_tr'; waited too long (jam), lane=':149354_2_0', time=20568.00.
Warning: Teleporting vehicle 'commercial_1-3_85'; waited too long (yield), lane=':cluster_136767_142947_144456_144838_5_0', time=20568.00.
Warning: Vehicle 'commercial_1-3_85' ends teleporting on edge '-152361', time=20568.00.
Warning: Vehicle 'pedestrian_2-1_1904_tr' ends teleporting on edge '152711#1', time=20568.00.
Warning: Teleporting vehicle 'pedestrian_1-1-pt_11_tr'; waited too long (yield), lane='152758_1', time=20571.00.
Warning: Vehicle 'pedestrian_1-1-pt_11_tr' ends teleporting on edge '152818#3', time=20571.00.
Warning: Teleporting vehicle 'pedestrian_2-1_1834_tr'; waited too long (yield), lane='152453_2', time=20572.00.
Warning: Vehicle 'pedestrian_2-1_1834_tr' ends teleporting on edge '152454#1', time=20572.00.
Warning: Removing person 'pedestrian_3-1_45' at removal of vehicle 'pedestrian_3-1_45_tr'
Warning: Removing person 'pedestrian_GW2-1_593' at removal of vehicle 'pedestrian_GW2-1_593_tr'
Warning: Removing person 'pedestrian_GW2-1_787' at removal of vehicle 'pedestrian_GW2-1_787_tr'
Warning: Removing person 'pedestrian_GW1-1_1189' at removal of vehicle 'pedestrian_GW1-1_1189_tr'
Warning: Removing person 'pedestrian_1-GW1_2185' at removal of vehicle 'pedestrian_1-GW1_2185_tr'
Warning: Teleporting vehicle 'pedestrian_1-3_5534_tr'; waited too long (jam), lane=':146732_5_0', time=20578.00.
Warning: Vehicle 'pedestrian_1-3_5534_tr' ends teleporting on edge '-152706#3', time=20578.00.
Warning: Teleporting vehicle 'pedestrian_1-2_4610_tr'; waited too long (yield), lane='-152767#0_1', time=20579.00.
Warning: Vehicle 'pedestrian_1-2_4610_tr' ends teleporting on edge '152701#1', time=20579.00.
Warning: Teleporting vehicle 'pedestrian_1-2_5974_tr'; waited too long (yield), lane='152681_1', time=20581.00.
Warning: Vehicle 'pedestrian_1-2_5974_tr' ends teleporting on edge '152649#3', time=20581.00.
Warning: Person 'pedestrian_1-1-pt_549' is jammed on edge ':139010_c2', time=20586.00.
Warning: Teleporting vehicle 'pedestrian_2-1_696_tr'; waited too long (yield), lane='152485_1', time=20586.00.
Warning: Vehicle 'pedestrian_2-1_696_tr' ends teleporting on edge '-153335#0', time=20586.00.
Warning: Removing person 'pedestrian_GW2-1_240' at removal of vehicle 'pedestrian_GW2-1_240_tr'
Warning: Teleporting vehicle 'bus_4:Fontvieille.6'; waited too long (yield), lane='-152349_1', time=20588.00.
Warning: Vehicle 'bus_4:Fontvieille.6' ends teleporting on edge '-152582#1', time=20588.00.
Warning: Teleporting vehicle 'pedestrian_2-1_5856_tr'; waited too long (yield), lane='-152996#0_1', time=20589.00.
Warning: Vehicle 'pedestrian_2-1_5856_tr' ends teleporting on edge '-153331#4', time=20589.00.
Warning: Removing person 'pedestrian_1-GW2_277' at removal of vehicle 'pedestrian_1-GW2_277_tr'
Warning: Person 'pedestrian_1-1-pt_3135' is jammed on edge ':135568_w0', time=20597.00.
Warning: Teleporting vehicle 'pedestrian_1-3_5153_tr'; waited too long (yield), lane='-152760_1', time=20597.00.
Warning: Removing person 'pedestrian_GW1-1_912' at removal of vehicle 'pedestrian_GW1-1_912_tr'
Warning: Vehicle 'pedestrian_1-3_5153_tr' ends teleporting on edge '-152763', time=20597.00.
Warning: Removing person 'pedestrian_1-GW1_916' at removal of vehicle 'pedestrian_1-GW1_916_tr'
Warning: Teleporting vehicle 'pedestrian_1-3_3148_tr'; waited too long (yield), lane='-152701#3_1', time=20601.00.
Warning: Removing person 'pedestrian_GW1-1_3491' at removal of vehicle 'pedestrian_GW1-1_3491_tr'
Warning: Teleporting vehicle 'bus_2:Jardin.6'; waited too long (yield), lane='-152773_1', time=20602.00.
Warning: Vehicle 'bus_2:Jardin.6' ends teleporting on edge '152774', time=20602.00.
Warning: Teleporting vehicle 'pedestrian_1-3_4474_tr'; waited too long (yield), lane=':141683_3_0', time=20604.00.
Warning: Vehicle 'pedestrian_1-3_4474_tr' ends teleporting on edge '-152780', time=20604.00.
Warning: Teleporting vehicle 'pedestrian_1-3_2025_tr'; waited too long (yield), lane='152664#6_1', time=20605.00.
Warning: Vehicle 'pedestrian_1-3_2025_tr' ends teleporting on edge '-152668#1', time=20605.00.
Warning: Teleporting vehicle 'commercial_1-2_261'; waited too long (yield), lane='152701#2_2', time=20606.00.
Warning: Removing person 'pedestrian_GW1-1_1473' at removal of vehicle 'pedestrian_GW1-1_1473_tr'
Warning: Teleporting vehicle 'pedestrian_1-3_2294_tr'; waited too long (yield), lane='-152781_1', time=20609.00.
Warning: Vehicle 'pedestrian_1-3_2294_tr' ends teleporting on edge '-152716', time=20609.00.
Warning: Teleporting vehicle 'pedestrian_1-3_479_tr'; waited too long (yield), lane='-152676#0_1', time=20610.00.
Warning: Teleporting vehicle 'pedestrian_1-2_4118_tr'; waited too long (yield), lane='-152801_1', time=20611.00.
Warning: Vehicle 'pedestrian_1-2_4118_tr' ends teleporting on edge '-152814#8', time=20611.00.
Warning: Removing person 'pedestrian_1-GW2_541' at removal of vehicle 'pedestrian_1-GW2_541_tr'
Warning: Teleporting vehicle 'pedestrian_1-3_3334_tr'; waited too long (yield), lane='-152830#0_1', time=20619.00.
Warning: Vehicle 'pedestrian_1-3_3334_tr' ends teleporting on edge '153441#2', time=20619.00.
Warning: Removing person 'pedestrian_GW1-1_2763' at removal of vehicle 'pedestrian_GW1-1_2763_tr'
Warning: Removing person 'pedestrian_1-GW1_368' at removal of vehicle 'pedestrian_1-GW1_368_tr'
Warning: Vehicle 'pedestrian_1-3_479_tr' ends teleporting on edge '152677#4', time=20623.00.
Warning: Removing person 'pedestrian_GW2-1_1531' at removal of vehicle 'pedestrian_GW2-1_1531_tr'
Warning: Vehicle 'pedestrian_1-3_3148_tr' ends teleporting on edge '-152706#2', time=20624.00.
Warning: Person 'pedestrian_1-1-pt_3931' is jammed on edge ':144986_w0', time=20627.00.
Warning: Removing person 'pedestrian_1-GW2_599' at removal of vehicle 'pedestrian_1-GW2_599_tr'
Warning: Removing person 'pedestrian_GW1-1_3741' at removal of vehicle 'pedestrian_GW1-1_3741_tr'
Warning: Teleporting vehicle 'pedestrian_1-3_2655_tr'; waited too long (yield), lane='152832#6_1', time=20631.00.
Warning: Vehicle 'pedestrian_1-3_2655_tr' ends teleporting on edge '152870#4', time=20631.00.
Warning: Teleporting vehicle 'pedestrian_1-2_5791_tr'; waited too long (yield), lane=':cluster_137509_149935_6_0', time=20632.00.
Warning: Teleporting vehicle 'pedestrian_1-1-pt_5207_tr'; waited too long (yield), lane=':149647_2_0', time=20632.00.
Warning: Teleporting vehicle 'pedestrian_2-1_44_tr'; waited too long (yield), lane='-152606#8_1', time=20632.00.
Warning: Vehicle 'pedestrian_1-2_5791_tr' ends teleporting on edge '-152381', time=20632.00.
Warning: Vehicle 'pedestrian_2-1_44_tr' ends teleporting on edge '-152606#7', time=20632.00.
Warning: Vehicle 'pedestrian_1-1-pt_5207_tr' ends teleporting on edge '152807', time=20632.00.
Warning: Person 'pedestrian_1-1-pt_1409' is jammed on edge ':148766_c0', time=20635.00.
Warning: Removing person 'pedestrian_GW1-1_1531' at removal of vehicle 'pedestrian_GW1-1_1531_tr'
Warning: Removing person 'pedestrian_GW1-1_2173' at removal of vehicle 'pedestrian_GW1-1_2173_tr'
Warning: Teleporting vehicle 'commercial_1-2_310'; waited too long (yield), lane='152825#1_1', time=20648.00.
Warning: Vehicle 'commercial_1-2_310' ends teleporting on edge '152960#10', time=20648.00.
Warning: Teleporting vehicle 'pedestrian_1-3_2797_tr'; waited too long (yield), lane='-152716_1', time=20657.00.
Warning: Teleporting vehicle 'pedestrian_1-3_4660_tr'; waited too long (yield), lane='-152451_1', time=20657.00.
Warning: Vehicle 'pedestrian_1-3_2797_tr' ends teleporting on edge '-152767#3', time=20657.00.
Warning: Vehicle 'pedestrian_1-3_4660_tr' ends teleporting on edge '152874#1', time=20657.00.
Warning: Removing person 'pedestrian_GW1-1_3622' at removal of vehicle 'pedestrian_GW1-1_3622_tr'
Warning: Teleporting vehicle 'pedestrian_2-1_5604_tr'; waited too long (yield), lane=':142062_1_0', time=20660.00.
Warning: Removing person 'pedestrian_GW1-1_2029' at removal of vehicle 'pedestrian_GW1-1_2029_tr'
Warning: Vehicle 'commercial_1-2_261' ends teleporting on edge '-152706#0', time=20663.00.
Warning: Removing person 'pedestrian_1-GW1_1170' at removal of vehicle 'pedestrian_1-GW1_1170_tr'
Warning: Removing person 'pedestrian_GW1-1_1034' at removal of vehicle 'pedestrian_GW1-1_1034_tr'
Warning: Removing person 'pedestrian_1-GW1_440' at removal of vehicle 'pedestrian_1-GW1_440_tr'
Warning: Teleporting vehicle 'pedestrian_1-1-veh_779_tr'; waited too long (yield), lane='152813_1', time=20669.00.
Warning: Teleporting vehicle 'pedestrian_1-3_958_tr'; waited too long (yield), lane='153273#2_1', time=20669.00.
Warning: Removing person 'pedestrian_GW2-1_2857' at removal of vehicle 'pedestrian_GW2-1_2857_tr'
Warning: Vehicle 'pedestrian_1-1-veh_779_tr' ends teleporting on edge '152814#9', time=20669.00.
Warning: Removing person 'pedestrian_GW1-1_2587' at removal of vehicle 'pedestrian_GW1-1_2587_tr'
Warning: Removing person 'pedestrian_1-GW1_1906' at removal of vehicle 'pedestrian_1-GW1_1906_tr'
Warning: Teleporting vehicle 'pedestrian_1-1-pt_8784_tr'; waited too long (yield), lane='152606#6_1', time=20674.00.
Warning: Vehicle 'pedestrian_1-1-pt_8784_tr' ends teleporting on edge '152606#7', time=20674.00.
Warning: Removing person 'pedestrian_1-GW1_1241' at removal of vehicle 'pedestrian_1-GW1_1241_tr'
Warning: Vehicle 'pedestrian_1-3_958_tr' ends teleporting on edge '152959#2', time=20678.00.
Warning: Vehicle 'pedestrian_2-1_5604_tr' ends teleporting on edge '153406#1', time=20679.00.
Warning: Person 'pedestrian_1-1-pt_3096' is jammed on edge ':147158_w2', time=20683.00.
Warning: Teleporting vehicle 'pedestrian_1-1-pt_5112_tr'; waited too long (yield), lane='-152774_1', time=20683.00.
Warning: Teleporting vehicle 'special_1-3_34'; waited too long (yield), lane='-152665_1', time=20683.00.
Warning: Vehicle 'pedestrian_1-1-pt_5112_tr' ends teleporting on edge '152773', time=20683.00.
Warning: Teleporting vehicle 'special_1-3_158'; waited too long (yield), lane=':150994_2_0', time=20684.00.
Warning: Teleporting vehicle 'bus_1:SaintRoman.5'; waited too long (yield), lane='-152763_1', time=20684.00.
Warning: Vehicle 'special_1-3_158' ends teleporting on edge '-152665', time=20684.00.
Warning: Vehicle 'bus_1:SaintRoman.5' ends teleporting on edge '152776', time=20684.00.
Warning: Teleporting vehicle 'pedestrian_1-3_1742_tr'; waited too long (yield), lane='-152805#1_1', time=20686.00.
Warning: Teleporting vehicle 'pedestrian_1-3_3840_tr'; waited too long (yield), lane='152654#1_1', time=20686.00.
Warning: Vehicle 'pedestrian_1-3_3840_tr' ends teleporting on edge '152654#2', time=20686.00.
Warning: Vehicle 'pedestrian_1-3_1742_tr' ends teleporting on edge '152831#2', time=20686.00.
Warning: Teleporting vehicle 'pedestrian_1-3_1594_tr'; waited too long (yield), lane='152967_1', time=20689.00.
Warning: Vehicle 'pedestrian_1-3_1594_tr' ends teleporting on edge '152816#2', time=20689.00.
Warning: Teleporting vehicle 'commercial_1-GW1_398'; waited too long (yield), lane='-152689_1', time=20693.00.
Warning: Removing person 'pedestrian_3-1_5414' at removal of vehicle 'pedestrian_3-1_5414_tr'
Warning: Removing person 'pedestrian_GW1-1_2156' at removal of vehicle 'pedestrian_GW1-1_2156_tr'
Warning: Vehicle 'commercial_1-GW1_398' ends teleporting on edge '-153331#2', time=20693.00.
Warning: Teleporting vehicle 'pedestrian_1-1-veh_469_tr'; waited too long (yield), lane='153438_1', time=20698.00.
Warning: Vehicle 'pedestrian_1-1-veh_469_tr' ends teleporting on edge '152814#9', time=20698.00.
Warning: Teleporting vehicle 'pedestrian_1-3_3899_tr'; waited too long (yield), lane='152361_1', time=20700.00.
Warning: Removing person 'pedestrian_1-GW1_1935' at removal of vehicle 'pedestrian_1-GW1_1935_tr'
Warning: Vehicle 'pedestrian_1-3_3899_tr' ends teleporting on edge '152535#4', time=20700.00.
Warning: Vehicle 'special_1-3_34' ends teleporting on edge '-152716', time=20701.00.
Warning: Removing person 'pedestrian_1-GW1_1977' at removal of vehicle 'pedestrian_1-GW1_1977_tr'
Warning: Teleporting vehicle 'bus_2:Jardin.6'; waited too long (yield), lane='152774_1', time=20703.00.
Warning: Vehicle 'bus_2:Jardin.6' ends teleporting on edge '-152760', time=20703.00.
Warning: Person 'pedestrian_1-1-pt_6424' is jammed on edge ':151662_w0', time=20704.00.
Warning: Teleporting vehicle 'special_1-2_202'; waited too long (yield), lane='152939#5_1', time=20705.00.
Warning: Vehicle 'special_1-2_202' ends teleporting on edge '-152702#1', time=20705.00.
Warning: Removing person 'pedestrian_1-GW1_1579' at removal of vehicle 'pedestrian_1-GW1_1579_tr'
Warning: Removing person 'pedestrian_GW1-1_1532' at removal of vehicle 'pedestrian_GW1-1_1532_tr'
Warning: Teleporting vehicle 'pedestrian_1-2_5258_tr'; waited too long (jam), lane='152960#8_2', time=20710.00.
Warning: Person 'pedestrian_1-1-pt_7667' is jammed on edge ':145627_w1', time=20712.00.
Warning: Teleporting vehicle 'pedestrian_1-2_512_tr'; waited too long (yield), lane='-152650#1_1', time=20712.00.
Warning: Removing person 'pedestrian_GW1-1_1338' at removal of vehicle 'pedestrian_GW1-1_1338_tr'
Warning: Removing person 'pedestrian_1-GW1_529' at removal of vehicle 'pedestrian_1-GW1_529_tr'
Warning: Vehicle 'pedestrian_1-2_512_tr' ends teleporting on edge '152672#1', time=20712.00.
Warning: Teleporting vehicle 'pedestrian_1-3_5545_tr'; waited too long (yield), lane='152681_1', time=20713.00.
Warning: Vehicle 'pedestrian_1-3_5545_tr' ends teleporting on edge '152649#3', time=20713.00.
Warning: Teleporting vehicle 'commercial_1-3_41'; waited too long (jam), lane='152960#8_1', time=20714.00.
Warning: Teleporting vehicle 'special_1-3_50'; waited too long (jam), lane='152960#8_1', time=20715.00.
Warning: Teleporting vehicle 'pedestrian_1-3_360_tr'; waited too long (yield), lane='-152163#0_1', time=20717.00.
Warning: Person 'pedestrian_1-1-pt_2677' is jammed on edge ':138342_c0', time=20719.00.
Warning: Vehicle 'pedestrian_1-2_5258_tr' ends teleporting on edge '152959#2', time=20720.00.
Warning: Teleporting vehicle 'pedestrian_2-1_1621_tr'; waited too long (yield), lane=':144986_3_0', time=20721.00.
Warning: Teleporting vehicle 'pedestrian_1-3_1374_tr'; waited too long (yield), lane=':cluster_136767_142947_144456_144838_5_0', time=20721.00.
Warning: Removing person 'pedestrian_1-GW1_879' at removal of vehicle 'pedestrian_1-GW1_879_tr'
Warning: Vehicle 'pedestrian_1-3_1374_tr' ends teleporting on edge '-152361', time=20721.00.
Warning: Vehicle 'pedestrian_2-1_1621_tr' ends teleporting on edge '153398#0', time=20721.00.
Warning: Person 'pedestrian_1-1-pt_2973' is jammed on edge ':cluster_134941_144860_w2', time=20723.00.
Warning: Teleporting vehicle 'commercial_1-GW2_111'; waited too long (jam), lane='-152601_1', time=20723.00.
Warning: Vehicle 'commercial_1-GW2_111' ends teleporting on edge '152614', time=20723.00.
Warning: Removing person 'pedestrian_GW1-1_2419' at removal of vehicle 'pedestrian_GW1-1_2419_tr'
Warning: Teleporting vehicle 'pedestrian_1-2_4607_tr'; waited too long (yield), lane='153559#2_1', time=20728.00.
Warning: Vehicle 'pedestrian_1-2_4607_tr' ends teleporting on edge '152898#1', time=20728.00.
Warning: Vehicle 'commercial_1-3_41' ends teleporting on edge '-152821#2', time=20728.00.
Warning: Vehicle 'special_1-3_50' ends teleporting on edge '-152821#2', time=20729.00.
Warning: Person 'pedestrian_1-1-pt_6424' is jammed on edge ':151662_c0', time=20730.00.
Warning: Removing person 'pedestrian_GW1-1_1648' at removal of vehicle 'pedestrian_GW1-1_1648_tr'
Warning: Teleporting vehicle 'pedestrian_1-2_4515_tr'; waited too long (yield), lane='152939#2_1', time=20735.00.
Warning: Vehicle 'pedestrian_1-2_4515_tr' ends teleporting on edge '152546', time=20735.00.
Warning: Person 'pedestrian_1-1-pt_247' is jammed on edge ':150147_w1', time=20737.00.
Warning: Removing person 'pedestrian_GW1-1_529' at removal of vehicle 'pedestrian_GW1-1_529_tr'
Warning: Person 'pedestrian_1-1-pt_5753' is jammed on edge ':149647_w2', time=20740.00.
Warning: Teleporting vehicle 'pedestrian_1-3_2319_tr'; waited too long (yield), lane='152960#10_2', time=20741.00.
Warning: Removing person 'pedestrian_GW1-1_1903' at removal of vehicle 'pedestrian_GW1-1_1903_tr'
Warning: Removing person 'pedestrian_GW1-1_3181' at removal of vehicle 'pedestrian_GW1-1_3181_tr'
Warning: Vehicle 'pedestrian_1-3_2319_tr' ends teleporting on edge '-152821#2', time=20744.00.
Warning: Teleporting vehicle 'special_1-3_25'; waited too long (yield), lane='-152783#0_1', time=20746.00.
Warning: Person 'pedestrian_1-1-pt_5222' is jammed on edge ':135568_w1', time=20749.00.
Warning: Teleporting vehicle 'commercial_1-2_310'; waited too long (yield), lane='152960#10_1', time=20749.00.
Warning: Vehicle 'commercial_1-2_310' ends teleporting on edge '152959#4', time=20752.00.
Warning: Removing person 'pedestrian_2-1_4630' at removal of vehicle 'pedestrian_2-1_4630_tr'
Warning: Person 'pedestrian_1-1-pt_3567' is jammed on edge ':148766_w0', time=20756.00.
Warning: Teleporting vehicle 'pedestrian_1-1-pt_3438_tr'; waited too long (yield), lane=':134207_5_0', time=20758.00.
Warning: Vehicle 'pedestrian_1-1-pt_3438_tr' ends teleporting on edge '-152606#6', time=20758.00.
Warning: Removing person 'pedestrian_GW1-1_1142' at removal of vehicle 'pedestrian_GW1-1_1142_tr'
Warning: Removing person 'pedestrian_1-GW2_1713' at removal of vehicle 'pedestrian_1-GW2_1713_tr'
Warning: Removing person 'pedestrian_GW1-1_1943' at removal of vehicle 'pedestrian_GW1-1_1943_tr'
Warning: Vehicle 'special_1-3_25' ends teleporting on edge '-152831#1', time=20765.00.
Warning: Person 'pedestrian_1-1-pt_4901' is jammed on edge ':148766_w0', time=20766.00.
Warning: Person 'pedestrian_1-1-pt_1121' is jammed on edge ':146276_c0', time=20768.00.
Warning: Teleporting vehicle 'commercial_1-2_117'; waited too long (yield), lane=':cluster_137509_149935_6_0', time=20768.00.
Warning: Vehicle 'commercial_1-2_117' ends teleporting on edge '-152381', time=20768.00.
Warning: Teleporting vehicle 'pedestrian_1-3_648_tr'; waited too long (yield), lane='152386#0_1', time=20769.00.
Warning: Removing person 'pedestrian_GW2-1_2232' at removal of vehicle 'pedestrian_GW2-1_2232_tr'
Warning: Vehicle 'pedestrian_1-3_648_tr' ends teleporting on edge '152386#1', time=20769.00.
Warning: Person 'pedestrian_1-1-pt_7601' is jammed on edge ':132112_w2', time=20770.00.
Warning: Vehicle 'pedestrian_1-3_360_tr' ends teleporting on edge '-152873#0', time=20770.00.
Warning: Removing person 'pedestrian_GW2-1_20' at removal of vehicle 'pedestrian_GW2-1_20_tr'
Warning: Teleporting vehicle 'commercial_1-3_67'; waited too long (yield), lane='-153006#0_1', time=20776.00.
Warning: Vehicle 'commercial_1-3_67' ends teleporting on edge '-152899#1', time=20776.00.
Warning: Teleporting vehicle 'commercial_1-3_276'; waited too long (wrong lane), lane='152814#8_2', time=20777.00.
Warning: Removing person 'pedestrian_GW1-1_1258' at removal of vehicle 'pedestrian_GW1-1_1258_tr'
Warning: Vehicle 'commercial_1-3_276' ends teleporting on edge '152801', time=20777.00.
Warning: Teleporting vehicle 'pedestrian_1-2_2372_tr'; waited too long (yield), lane='-152781_1', time=20778.00.
Warning: Vehicle 'pedestrian_1-2_2372_tr' ends teleporting on edge '-152716', time=20778.00.
Warning: Teleporting vehicle 'pedestrian_1-3_1666_tr'; waited too long (yield), lane=':137990_5_0', time=20780.00.
Warning: Vehicle 'pedestrian_1-3_1666_tr' ends teleporting on edge '-152653', time=20780.00.
Warning: Removing person 'pedestrian_1-GW1_1438' at removal of vehicle 'pedestrian_1-GW1_1438_tr'
Warning: Teleporting vehicle 'commercial_1-1_574'; waited too long (yield), lane=':134786_5_0', time=20785.00.
Warning: Vehicle 'commercial_1-1_574' ends teleporting on edge '-152830#2', time=20785.00.
Warning: Teleporting vehicle 'pedestrian_1-2_1581_tr'; waited too long (jam), lane=':151793_1_0', time=20788.00.
Warning: Teleporting vehicle 'pedestrian_2-1_5112_tr'; waited too long (yield), lane='-152902#0_1', time=20788.00.
Warning: Vehicle 'pedestrian_1-2_1581_tr' ends teleporting on edge '152318#3', time=20788.00.
Warning: Removing person 'pedestrian_1-GW2_215' at removal of vehicle 'pedestrian_1-GW2_215_tr'
Warning: Person 'pedestrian_1-1-pt_7412' is jammed on edge ':134786_w0', time=20790.00.
Warning: Vehicle 'pedestrian_2-1_5112_tr' ends teleporting on edge '-153008#7', time=20790.00.
Warning: Teleporting vehicle 'pedestrian_1-3_2174_tr'; waited too long (yield), lane='-153559#3_1', time=20793.00.
Warning: Vehicle 'pedestrian_1-3_2174_tr' ends teleporting on edge '152898#1', time=20793.00.
Warning: Teleporting vehicle 'pedestrian_1-3_1747_tr'; waited too long (yield), lane='-152491#0_1', time=20794.00.
Warning: Vehicle 'pedestrian_1-3_1747_tr' ends teleporting on edge '-152701#4', time=20794.00.
Warning: Removing person 'pedestrian_1-GW2_1408' at removal of vehicle 'pedestrian_1-GW2_1408_tr'
Warning: Person 'pedestrian_1-1-pt_8553' is jammed on edge ':148766_w1', time=20796.00.
Warning: Removing person 'pedestrian_GW2-1_506' at removal of vehicle 'pedestrian_GW2-1_506_tr'
Warning: Removing person 'pedestrian_GW2-1_1085' at removal of vehicle 'pedestrian_GW2-1_1085_tr'
Warning: Removing person 'pedestrian_GW1-1_2793' at removal of vehicle 'pedestrian_GW1-1_2793_tr'
Warning: Removing person 'pedestrian_GW1-1_393' at removal of vehicle 'pedestrian_GW1-1_393_tr'
Warning: Teleporting vehicle 'pedestrian_1-2_2260_tr'; waited too long (yield), lane='-153415#0_1', time=20806.00.
Warning: Removing person 'pedestrian_GW1-1_2223' at removal of vehicle 'pedestrian_GW1-1_2223_tr'
Warning: Teleporting vehicle 'pedestrian_1-3_2269_tr'; waited too long (yield), lane='152832#6_1', time=20808.00.
Warning: Vehicle 'pedestrian_1-3_2269_tr' ends teleporting on edge '152870#4', time=20808.00.
Warning: Vehicle 'pedestrian_1-2_2260_tr' ends teleporting on edge '153413#14', time=20810.00.
Warning: Person 'pedestrian_1-1-pt_5267' is jammed on edge ':145241_w0', time=20811.00.
Warning: Teleporting vehicle 'pedestrian_1-2_4658_tr'; waited too long (yield), lane='-152831#0_1', time=20812.00.
Warning: Teleporting vehicle 'commercial_1-GW1_13'; waited too long (yield), lane='-152807_1', time=20812.00.
Warning: Teleporting vehicle 'commercial_1-3_155'; waited too long (yield), lane='152347#1_1', time=20812.00.
Warning: Vehicle 'commercial_1-3_155' ends teleporting on edge '152535#0', time=20812.00.
Warning: Vehicle 'pedestrian_1-2_4658_tr' ends teleporting on edge '152816#4', time=20812.00.
Warning: Vehicle 'commercial_1-GW1_13' ends teleporting on edge '-152814#9', time=20812.00.
Warning: Teleporting vehicle 'bus_1:SaintRoman.6'; waited too long (yield), lane='-152760_1', time=20814.00.
Warning: Vehicle 'bus_1:SaintRoman.6' ends teleporting on edge '-152763', time=20814.00.
Warning: Teleporting vehicle 'pedestrian_1-1-pt_7104_tr'; waited too long (yield), lane='153214_0', time=20815.00.
Warning: Teleporting vehicle 'pedestrian_1-3_1490_tr'; waited too long (yield), lane='152686_1', time=20815.00.
Warning: Vehicle 'pedestrian_1-1-pt_7104_tr' ends teleporting on edge '152887#2', time=20815.00.
Warning: Vehicle 'pedestrian_1-3_1490_tr' ends teleporting on edge '152542', time=20815.00.
Warning: Teleporting vehicle 'pedestrian_1-1-pt_8795_tr'; waited too long (yield), lane='-152652#0_1', time=20817.00.
Warning: Vehicle 'pedestrian_1-1-pt_8795_tr' ends teleporting on edge '152667#11', time=20817.00.
Warning: Removing person 'pedestrian_GW2-1_470' at removal of vehicle 'pedestrian_GW2-1_470_tr'
Warning: Teleporting vehicle 'pedestrian_1-3_4842_tr'; waited too long (yield), lane='153273#2_1', time=20819.00.
Warning: Removing person 'pedestrian_1-GW1_1007' at removal of vehicle 'pedestrian_1-GW1_1007_tr'
Warning: Vehicle 'pedestrian_1-3_4842_tr' ends teleporting on edge '152960#10', time=20819.00.
Warning: Person 'pedestrian_1-1-pt_8820' is jammed on edge ':140444_w0', time=20820.00.
Warning: Teleporting vehicle 'pedestrian_3-1_5555_tr'; waited too long (yield), lane='153029_1', time=20821.00.
Warning: Teleporting vehicle 'commercial_1-GW2_111'; waited too long (yield), lane='152614_1', time=20824.00.
Warning: Teleporting vehicle 'pedestrian_1-3_1112_tr'; waited too long (yield), lane=':134149_1_0', time=20826.00.
Warning: Removing person 'pedestrian_1-GW1_548' at removal of vehicle 'pedestrian_1-GW1_548_tr'
Warning: Teleporting vehicle 'pedestrian_1-1-pt_985_tr'; waited too long (yield), lane='-152668#0_1', time=20834.00.
Warning: Removing person 'pedestrian_1-GW1_2003' at removal of vehicle 'pedestrian_1-GW1_2003_tr'
Warning: Vehicle 'pedestrian_1-1-pt_985_tr' ends teleporting on edge '152677#5', time=20834.00.
Warning: Teleporting vehicle 'pedestrian_1-2_1274_tr'; waited too long (yield), lane='152658#1_1', time=20835.00.
Warning: Removing person 'pedestrian_GW2-1_441' at removal of vehicle 'pedestrian_GW2-1_441_tr'
Warning: Vehicle 'pedestrian_1-2_1274_tr' ends teleporting on edge '152535#6', time=20835.00.
Warning: Teleporting vehicle 'pedestrian_1-3_2487_tr'; waited too long (yield), lane='-152805#1_1', time=20836.00.
Warning: Vehicle 'pedestrian_1-3_2487_tr' ends teleporting on edge '152831#2', time=20836.00.
Warning: Teleporting vehicle 'pedestrian_1-2_3345_tr'; waited too long (yield), lane=':141683_3_0', time=20837.00.
Warning: Vehicle 'pedestrian_1-2_3345_tr' ends teleporting on edge '-152780', time=20837.00.
Warning: Teleporting vehicle 'pedestrian_1-2_2756_tr'; waited too long (yield), lane='152654#1_1', time=20838.00.
Warning: Vehicle 'pedestrian_1-2_2756_tr' ends teleporting on edge '152654#2', time=20838.00.
Warning: Teleporting vehicle 'special_1-3_174'; waited too long (yield), lane='152361_1', time=20840.00.
Warning: Vehicle 'special_1-3_174' ends teleporting on edge '152535#4', time=20840.00.
Warning: Teleporting vehicle 'pedestrian_1-2_4473_tr'; waited too long (yield), lane=':139010_2_0', time=20841.00.
Warning: Vehicle 'pedestrian_1-2_4473_tr' ends teleporting on edge '-152945#2', time=20841.00.
Warning: Removing person 'pedestrian_GW1-1_3893' at removal of vehicle 'pedestrian_GW1-1_3893_tr'
Warning: Vehicle 'commercial_1-GW2_111' ends teleporting on edge '152603', time=20843.00.
Warning: Vehicle 'pedestrian_1-3_1112_tr' ends teleporting on edge '152900#1', time=20844.00.
Warning: Teleporting vehicle 'pedestrian_1-1-pt_4962_tr'; waited too long (yield), lane='152384_1', time=20845.00.
Warning: Vehicle 'pedestrian_1-1-pt_4962_tr' ends teleporting on edge '152816#0', time=20845.00.
Warning: Person 'pedestrian_1-1-pt_973' is jammed on edge ':137164_c1', time=20847.00.
Warning: Teleporting vehicle 'commercial_2-1_170'; waited too long (yield), lane='152780_1', time=20847.00.
Warning: Vehicle 'commercial_2-1_170' ends teleporting on edge '152767#2', time=20847.00.
Warning: Removing person 'pedestrian_1-GW1_429' at removal of vehicle 'pedestrian_1-GW1_429_tr'
Warning: Removing person 'pedestrian_1-GW1_987' at removal of vehicle 'pedestrian_1-GW1_987_tr'
Warning: Teleporting vehicle 'pedestrian_1-2_2670_tr'; waited too long (yield), lane='152384_1', time=20857.00.
Warning: Vehicle 'pedestrian_1-2_2670_tr' ends teleporting on edge '152816#0', time=20857.00.
Warning: Removing person 'pedestrian_GW1-1_678' at removal of vehicle 'pedestrian_GW1-1_678_tr'
Warning: Removing person 'pedestrian_GW1-1_3333' at removal of vehicle 'pedestrian_GW1-1_3333_tr'
Warning: Teleporting vehicle 'commercial_1-GW1_259'; waited too long (yield), lane='-152939#4_1', time=20860.00.
Warning: Vehicle 'commercial_1-GW1_259' ends teleporting on edge '-152939#2', time=20860.00.
Warning: Teleporting vehicle 'pedestrian_1-3_2582_tr'; waited too long (yield), lane='152711#3_1', time=20861.00.
Warning: Removing person 'pedestrian_GW1-1_773' at removal of vehicle 'pedestrian_GW1-1_773_tr'
Warning: Vehicle 'pedestrian_1-3_2582_tr' ends teleporting on edge '-152701#3', time=20861.00.
Warning: Removing person 'pedestrian_GW1-1_3182' at removal of vehicle 'pedestrian_GW1-1_3182_tr'
Warning: Person 'pedestrian_1-1-pt_1138' is jammed on edge ':132375_w1', time=20864.00.
Warning: Teleporting vehicle 'commercial_1-3_121'; waited too long (yield), lane='-152676#0_1', time=20864.00.
Warning: Vehicle 'commercial_1-3_121' ends teleporting on edge '152677#4', time=20864.00.
Warning: Teleporting vehicle 'pedestrian_1-3_5291_tr'; waited too long (yield), lane='152807_1', time=20865.00.
Warning: Vehicle 'pedestrian_1-3_5291_tr' ends teleporting on edge '-152945#1', time=20865.00.
Warning: Teleporting vehicle 'pedestrian_1-2_1129_tr'; waited too long (yield), lane='152681_1', time=20866.00.
Warning: Vehicle 'pedestrian_1-2_1129_tr' ends teleporting on edge '152649#3', time=20866.00.
Warning: Teleporting vehicle 'pedestrian_2-1_4462_tr'; waited too long (yield), lane=':141993_2_0', time=20868.00.
Warning: Vehicle 'pedestrian_2-1_4462_tr' ends teleporting on edge '-153010#1', time=20868.00.
Warning: Removing person 'pedestrian_1-GW1_1820' at removal of vehicle 'pedestrian_1-GW1_1820_tr'
Warning: Teleporting vehicle 'pedestrian_1-3_624_tr'; waited too long (yield), lane=':cluster_136767_142947_144456_144838_5_0', time=20871.00.
Warning: Teleporting vehicle 'bus_2:Jardin.5'; waited too long (yield), lane='-152763_1', time=20871.00.
Warning: Vehicle 'pedestrian_1-3_624_tr' ends teleporting on edge '-152361', time=20871.00.
Warning: Vehicle 'bus_2:Jardin.5' ends teleporting on edge '152776', time=20871.00.
Warning: Teleporting vehicle 'pedestrian_1-2_3697_tr'; waited too long (yield), lane='-152716_1', time=20873.00.
Warning: Vehicle 'pedestrian_1-2_3697_tr' ends teleporting on edge '-152767#3', time=20873.00.
Warning: Teleporting vehicle 'commercial_1-1_473'; waited too long (yield), lane='-152347#0_1', time=20875.00.
Warning: Removing person 'pedestrian_1-GW2_1712' at removal of vehicle 'pedestrian_1-GW2_1712_tr'
Warning: Vehicle 'commercial_1-1_473' ends teleporting on edge '152535#0', time=20875.00.
Warning: Removing person 'pedestrian_GW1-1_2658' at removal of vehicle 'pedestrian_GW1-1_2658_tr'
Warning: Teleporting vehicle 'pedestrian_1-1-pt_6784_tr'; waited too long (yield), lane='152945#2_1', time=20878.00.
Warning: Vehicle 'pedestrian_1-1-pt_6784_tr' ends teleporting on edge '-152814#10', time=20878.00.
Warning: Teleporting vehicle 'commercial_1-3_50'; waited too long (yield), lane='152712_1', time=20879.00.
Warning: Removing person 'pedestrian_GW1-1_2247' at removal of vehicle 'pedestrian_GW1-1_2247_tr'
Warning: Vehicle 'commercial_1-3_50' ends teleporting on edge '152491#5', time=20879.00.
Warning: Removing person 'pedestrian_1-GW1_1144' at removal of vehicle 'pedestrian_1-GW1_1144_tr'
Warning: Vehicle 'pedestrian_3-1_5555_tr' ends teleporting on edge '-153394#0', time=20882.00.
Warning: Removing person 'pedestrian_GW1-1_1106' at removal of vehicle 'pedestrian_GW1-1_1106_tr'
Warning: Removing person 'pedestrian_GW2-1_2021' at removal of vehicle 'pedestrian_GW2-1_2021_tr'
Warning: Teleporting vehicle 'pedestrian_1-1-veh_236_tr'; waited too long (yield), lane='152311_0', time=20893.00.
Warning: Teleporting vehicle 'pedestrian_2-1_3918_tr'; waited too long (yield), lane='-152707#0_1', time=20899.00.
Warning: Vehicle 'pedestrian_2-1_3918_tr' ends teleporting on edge '152706#2', time=20899.00.
Warning: Removing person 'pedestrian_1-GW1_360' at removal of vehicle 'pedestrian_1-GW1_360_tr'
Warning: Vehicle 'pedestrian_1-1-veh_236_tr' ends teleporting on edge '152312#3', time=20905.00.
Warning: Teleporting vehicle 'pedestrian_1-2_1592_tr'; waited too long (yield), lane='152967_1', time=20908.00.
Warning: Vehicle 'pedestrian_1-2_1592_tr' ends teleporting on edge '152816#2', time=20908.00.
Warning: Removing person 'pedestrian_GW1-1_2121' at removal of vehicle 'pedestrian_GW1-1_2121_tr'
Warning: Removing person 'pedestrian_1-GW1_295' at removal of vehicle 'pedestrian_1-GW1_295_tr'
Warning: Removing person 'pedestrian_GW1-1_3499' at removal of vehicle 'pedestrian_GW1-1_3499_tr'
Warning: Person 'pedestrian_1-1-pt_2249' is jammed on edge ':142756_w2', time=20920.00.
Warning: Teleporting vehicle 'pedestrian_1-3_1592_tr'; waited too long (yield), lane='152709#2_1', time=20923.00.
Warning: Removing person 'pedestrian_GW1-1_1054' at removal of vehicle 'pedestrian_GW1-1_1054_tr'
Warning: Removing person 'pedestrian_1-GW2_694' at removal of vehicle 'pedestrian_1-GW2_694_tr'
Warning: Person 'pedestrian_1-1-pt_1108' is jammed on edge ':148237_c0', time=20931.00.
Warning: Removing person 'pedestrian_GW1-1_3497' at removal of vehicle 'pedestrian_GW1-1_3497_tr'
Warning: Removing person 'pedestrian_1-GW1_408' at removal of vehicle 'pedestrian_1-GW1_408_tr'
Warning: Removing person 'pedestrian_GW2-1_1643' at removal of vehicle 'pedestrian_GW2-1_1643_tr'
Warning: Person 'pedestrian_1-1-pt_29' is jammed on edge ':151107_w0', time=20937.00.
Warning: Teleporting vehicle 'pedestrian_2-1_2243_tr'; waited too long (yield), lane='-152689_1', time=20938.00.
Warning: Vehicle 'pedestrian_2-1_2243_tr' ends teleporting on edge '-153331#2', time=20938.00.
Warning: Removing person 'pedestrian_1-GW2_894' at removal of vehicle 'pedestrian_1-GW2_894_tr'
Warning: Teleporting vehicle 'pedestrian_1-3_3064_tr'; waited too long (yield), lane=':142622_3_0', time=20941.00.
Warning: Vehicle 'pedestrian_1-3_3064_tr' ends teleporting on edge '153415#0', time=20941.00.
Warning: Person 'pedestrian_1-1-pt_6834' is jammed on edge ':150983_c0', time=20943.00.
Warning: Teleporting vehicle 'pedestrian_1-3_4051_tr'; waited too long (jam), lane='152973_1', time=20945.00.
Warning: Person 'pedestrian_1-1-pt_2867' is jammed on edge ':151662_w1', time=20946.00.
Warning: Teleporting vehicle 'commercial_1-GW1_415'; waited too long (yield), lane='-152895#1_1', time=20946.00.
Warning: Teleporting vehicle 'pedestrian_1-1-pt_5498_tr'; waited too long (jam), lane=':148634_0_0', time=20946.00.
Warning: Vehicle 'pedestrian_1-3_4051_tr' ends teleporting on edge '-152895#1', time=20946.00.
Warning: Vehicle 'commercial_1-GW1_415' ends teleporting on edge '-153476#0', time=20946.00.
Warning: Person 'pedestrian_1-1-pt_1544' is jammed on edge ':cluster_138810_140895_w1', time=20947.00.
Warning: Teleporting vehicle 'commercial_1-GW2_0'; waited too long (yield), lane='-152386#1_1', time=20947.00.
Warning: Vehicle 'commercial_1-GW2_0' ends teleporting on edge '-152831#0', time=20947.00.
Warning: Teleporting vehicle 'pedestrian_2-1_2035_tr'; waited too long (yield), lane=':134207_5_0', time=20948.00.
Warning: Teleporting vehicle 'pedestrian_1-2_3594_tr'; waited too long (yield), lane='-152831#0_1', time=20949.00.
Warning: Teleporting vehicle 'pedestrian_3-1_5452_tr'; waited too long (yield), lane='153456#6_1', time=20949.00.
Warning: Teleporting vehicle 'pedestrian_1-2_4719_tr'; waited too long (yield), lane='-152987#0_1', time=20949.00.
Warning: Removing person 'pedestrian_1-GW1_1963' at removal of vehicle 'pedestrian_1-GW1_1963_tr'
Warning: Vehicle 'pedestrian_1-2_3594_tr' ends teleporting on edge '152816#4', time=20949.00.
Warning: Vehicle 'pedestrian_1-2_4719_tr' ends teleporting on edge '-152969#3', time=20949.00.
Warning: Person 'pedestrian_1-1-pt_3327' is jammed on edge ':cluster_134941_144860_c3', time=20952.00.
Warning: Teleporting vehicle 'pedestrian_2-1_4942_tr'; waited too long (yield), lane='-152683_1', time=20952.00.
Warning: Removing person 'pedestrian_3-1_3801' at removal of vehicle 'pedestrian_3-1_3801_tr'
Warning: Vehicle 'pedestrian_2-1_4942_tr' ends teleporting on edge '152647#0', time=20952.00.
Warning: Person 'pedestrian_1-1-pt_29' is jammed on edge ':151107_c3', time=20953.00.
Warning: Removing person 'pedestrian_1-GW1_1032' at removal of vehicle 'pedestrian_1-GW1_1032_tr'
Warning: Removing person 'pedestrian_1-GW1_1272' at removal of vehicle 'pedestrian_1-GW1_1272_tr'
Warning: Vehicle 'pedestrian_2-1_2035_tr' ends teleporting on edge '-152606#5', time=20956.00.
Warning: Person 'pedestrian_1-1-pt_6176' is jammed on edge ':144390_w1', time=20957.00.
Warning: Removing person 'pedestrian_GW2-1_2482' at removal of vehicle 'pedestrian_GW2-1_2482_tr'
Warning: Vehicle 'pedestrian_1-1-pt_5498_tr' ends teleporting on edge '152312#3', time=20958.00.
Warning: Teleporting vehicle 'commercial_1-2_227'; waited too long (yield), lane='153398#3_1', time=20959.00.
Warning: Teleporting vehicle 'pedestrian_1-3_1624_tr'; waited too long (yield), lane='152832#6_1', time=20959.00.
Warning: Vehicle 'pedestrian_1-3_1624_tr' ends teleporting on edge '152870#4', time=20959.00.
Warning: Vehicle 'commercial_1-2_227' ends teleporting on edge '153396#4', time=20959.00.
Warning: Teleporting vehicle 'bus_M4:HotelVille.6'; waited too long (yield), lane='152920#2_1', time=20960.00.
Warning: Vehicle 'bus_M4:HotelVille.6' ends teleporting on edge '153010#0', time=20960.00.
Warning: Teleporting vehicle 'pedestrian_2-1_4923_tr'; waited too long (yield), lane='-153468#0_1', time=20961.00.
Warning: Vehicle 'pedestrian_2-1_4923_tr' ends teleporting on edge '152330#2', time=20961.00.
Warning: Vehicle 'pedestrian_3-1_5452_tr' ends teleporting on edge '152406', time=20962.00.
Warning: Teleporting vehicle 'pedestrian_1-3_104_tr'; waited too long (yield), lane='-152821#0_2', time=20964.00.
Warning: Removing person 'pedestrian_GW1-1_2627' at removal of vehicle 'pedestrian_GW1-1_2627_tr'
Warning: Vehicle 'pedestrian_1-3_104_tr' ends teleporting on edge '152137#6', time=20964.00.
Warning: Teleporting vehicle 'pedestrian_1-3_2025_tr'; waited too long (yield), lane='-152668#0_1', time=20966.00.
Warning: Vehicle 'pedestrian_1-3_2025_tr' ends teleporting on edge '152677#5', time=20966.00.
Warning: Removing person 'pedestrian_GW1-1_124' at removal of vehicle 'pedestrian_GW1-1_124_tr'
Warning: Teleporting vehicle 'pedestrian_1-3_1287_tr'; waited too long (yield), lane='153273#2_1', time=20969.00.
Warning: Vehicle 'pedestrian_1-3_1287_tr' ends teleporting on edge '152960#10', time=20969.00.
Warning: Teleporting vehicle 'pedestrian_1-1-pt_7620_tr'; waited too long (yield), lane='152384_1', time=20971.00.
Warning: Teleporting vehicle 'pedestrian_2-1_4331_tr'; waited too long (yield), lane='-152878_1', time=20971.00.
Warning: Vehicle 'pedestrian_2-1_4331_tr' ends teleporting on edge '152883#1', time=20971.00.
Warning: Vehicle 'pedestrian_1-1-pt_7620_tr' ends teleporting on edge '152816#0', time=20971.00.
Warning: Removing person 'pedestrian_GW1-1_1328' at removal of vehicle 'pedestrian_GW1-1_1328_tr'
Warning: Removing person 'pedestrian_GW1-1_1548' at removal of vehicle 'pedestrian_GW1-1_1548_tr'
Warning: Teleporting vehicle 'pedestrian_1-2_3871_tr'; waited too long (yield), lane=':141683_3_0', time=20974.00.
Warning: Teleporting vehicle 'commercial_3-1_96'; waited too long (yield), lane='152479_1', time=20974.00.
Warning: Removing person 'pedestrian_1-GW2_623' at removal of vehicle 'pedestrian_1-GW2_623_tr'
Warning: Vehicle 'commercial_3-1_96' ends teleporting on edge '-153394#2', time=20974.00.
Warning: Vehicle 'pedestrian_1-2_3871_tr' ends teleporting on edge '-152780', time=20974.00.
Warning: Teleporting vehicle 'pedestrian_1-2_5042_tr'; waited too long (yield), lane='152812#5_1', time=20975.00.
Warning: Removing person 'pedestrian_1-GW1_1277' at removal of vehicle 'pedestrian_1-GW1_1277_tr'
Warning: Vehicle 'pedestrian_1-2_5042_tr' ends teleporting on edge '152814#8', time=20975.00.
Warning: Person 'pedestrian_1-1-pt_1871' is jammed on edge ':131372_w0', time=20976.00.
Warning: Teleporting vehicle 'pedestrian_1-2_2030_tr'; waited too long (yield), lane=':134149_1_0', time=20977.00.
Warning: Vehicle 'pedestrian_1-2_2030_tr' ends teleporting on edge '152887#2', time=20977.00.
Warning: Person 'pedestrian_1-1-pt_3141' is jammed on edge ':132919_w1', time=20978.00.
Warning: Teleporting vehicle 'bus_5:Hopital.6'; waited too long (yield), lane=':141846_12_0', time=20978.00.
Warning: Teleporting vehicle 'special_1-2_148'; waited too long (yield), lane='152672#2_1', time=20978.00.
Warning: Vehicle 'special_1-2_148' ends teleporting on edge '-152775#0', time=20978.00.
Warning: Vehicle 'bus_5:Hopital.6' ends teleporting on edge '152535#0', time=20978.00.
Warning: Teleporting vehicle 'commercial_1-3_50'; waited too long (yield), lane='152491#5_1', time=20980.00.
Warning: Teleporting vehicle 'pedestrian_2-1_877_tr'; waited too long (jam), lane='152606#8_1', time=20980.00.
Warning: Vehicle 'commercial_1-3_50' ends teleporting on edge '-152693#1', time=20980.00.
Warning: Vehicle 'pedestrian_2-1_877_tr' ends teleporting on edge '152606#9', time=20980.00.
Warning: Teleporting vehicle 'pedestrian_1-3_2974_tr'; waited too long (jam), lane=':132043_1_0', time=20981.00.
Warning: Removing person 'pedestrian_1-GW1_1313' at removal of vehicle 'pedestrian_1-GW1_1313_tr'
Warning: Vehicle 'pedestrian_1-3_2974_tr' ends teleporting on edge '-152309', time=20984.00.
Warning: Vehicle 'pedestrian_1-3_1592_tr' ends teleporting on edge '-153413#16', time=20985.00.
Warning: Teleporting vehicle 'pedestrian_1-1-pt_8637_tr'; waited too long (yield), lane='-152774_1', time=20986.00.
Warning: Vehicle 'pedestrian_1-1-pt_8637_tr' ends teleporting on edge '152773', time=20986.00.
Warning: Teleporting vehicle 'pedestrian_1-3_2750_tr'; waited too long (yield), lane='-152805#1_1', time=20987.00.
Warning: Vehicle 'pedestrian_1-3_2750_tr' ends teleporting on edge '152831#2', time=20987.00.
Warning: Person 'pedestrian_1-1-pt_553' is jammed on edge ':137897_c0', time=20990.00.
Warning: Teleporting vehicle 'pedestrian_2-1_1407_tr'; waited too long (yield), lane='-152682#1_1', time=20997.00.
Warning: Vehicle 'pedestrian_2-1_1407_tr' ends teleporting on edge '-153415#0', time=20997.00.
Warning: Person 'pedestrian_1-1-pt_5999' is jammed on edge ':cluster_131481_145184_w0', time=21004.00.
Warning: Teleporting vehicle 'pedestrian_1-3_1184_tr'; waited too long (yield), lane=':142497_2_0', time=21005.00.
Warning: Vehicle 'pedestrian_1-3_1184_tr' ends teleporting on edge '152386#1', time=21005.00.
Warning: Teleporting vehicle 'pedestrian_1-2_1837_tr'; waited too long (yield), lane='152780_1', time=21006.00.
Warning: Vehicle 'pedestrian_1-2_1837_tr' ends teleporting on edge '-152767#1', time=21006.00.
Warning: Teleporting vehicle 'pedestrian_1-2_3490_tr'; waited too long (yield), lane=':140213_2_0', time=21008.00.
Warning: Vehicle 'pedestrian_1-2_3490_tr' ends teleporting on edge '152805#1', time=21008.00.
Warning: Removing person 'pedestrian_GW2-1_459' at removal of vehicle 'pedestrian_GW2-1_459_tr'
Warning: Person 'pedestrian_1-1-pt_8934' is jammed on edge ':132112_w2', time=21011.00.
Warning: Teleporting vehicle 'pedestrian_1-3_1099_tr'; waited too long (yield), lane='152711#3_1', time=21012.00.
Warning: Removing person 'pedestrian_GW2-1_3107' at removal of vehicle 'pedestrian_GW2-1_3107_tr'
Warning: Removing person 'pedestrian_GW1-1_15' at removal of vehicle 'pedestrian_GW1-1_15_tr'
Warning: Removing person 'pedestrian_GW1-1_3449' at removal of vehicle 'pedestrian_GW1-1_3449_tr'
Warning: Removing person 'pedestrian_GW1-1_3572' at removal of vehicle 'pedestrian_GW1-1_3572_tr'
Warning: Removing person 'pedestrian_1-GW1_427' at removal of vehicle 'pedestrian_1-GW1_427_tr'
Warning: Teleporting vehicle 'pedestrian_1-1-pt_1223_tr'; waited too long (yield), lane='-152347#0_1', time=21022.00.
Warning: Vehicle 'pedestrian_1-1-pt_1223_tr' ends teleporting on edge '152535#0', time=21022.00.
Warning: Teleporting vehicle 'pedestrian_1-2_704_tr'; waited too long (yield), lane=':cluster_136767_142947_144456_144838_5_0', time=21023.00.
Warning: Vehicle 'pedestrian_1-2_704_tr' ends teleporting on edge '-152361', time=21023.00.
Warning: Teleporting vehicle 'pedestrian_2-1_1662_tr'; waited too long (jam), lane='152711#2_1', time=21025.00.
Warning: Teleporting vehicle 'pedestrian_1-1-pt_7274_tr'; waited too long (yield), lane='153554#3_1', time=21025.00.
Warning: Vehicle 'pedestrian_2-1_1662_tr' ends teleporting on edge '152711#3', time=21025.00.
Warning: Vehicle 'pedestrian_1-1-pt_7274_tr' ends teleporting on edge '152999', time=21025.00.
Warning: Person 'pedestrian_1-1-pt_2016' is jammed on edge ':151107_w1', time=21030.00.
Warning: Teleporting vehicle 'pedestrian_1-2_1275_tr'; waited too long (yield), lane=':150503_3_0', time=21030.00.
Warning: Vehicle 'pedestrian_1-2_1275_tr' ends teleporting on edge '152654#4', time=21030.00.
Warning: Teleporting vehicle 'commercial_1-2_261'; waited too long (jam), lane='-152999_1', time=21031.00.
Warning: Vehicle 'commercial_1-2_261' ends teleporting on edge '-152997', time=21031.00.
Warning: Teleporting vehicle 'pedestrian_1-3_2395_tr'; waited too long (yield), lane=':136017_1_0', time=21032.00.
Warning: Removing person 'pedestrian_GW2-1_1613' at removal of vehicle 'pedestrian_GW2-1_1613_tr'
Warning: Vehicle 'pedestrian_1-3_2395_tr' ends teleporting on edge '152649#0', time=21032.00.
Warning: Removing person 'pedestrian_1-GW1_1658' at removal of vehicle 'pedestrian_1-GW1_1658_tr'
Warning: Removing person 'pedestrian_GW1-1_1286' at removal of vehicle 'pedestrian_GW1-1_1286_tr'
Warning: Removing person 'pedestrian_1-GW1_332' at removal of vehicle 'pedestrian_1-GW1_332_tr'
Warning: Removing person 'pedestrian_1-GW2_803' at removal of vehicle 'pedestrian_1-GW2_803_tr'
Warning: Teleporting vehicle 'pedestrian_1-3_2702_tr'; waited too long (yield), lane=':150994_2_0', time=21037.00.
Warning: Vehicle 'pedestrian_1-3_2702_tr' ends teleporting on edge '-152665', time=21037.00.
Warning: Person 'pedestrian_1-1-pt_1560' is jammed on edge ':148237_w1', time=21038.00.
Warning: Teleporting vehicle 'pedestrian_1-1-veh_692_tr'; waited too long (yield), lane='-153006#0_1', time=21038.00.
Warning: Removing person 'pedestrian_GW1-1_392' at removal of vehicle 'pedestrian_GW1-1_392_tr'
Warning: Vehicle 'pedestrian_1-1-veh_692_tr' ends teleporting on edge '152899#2', time=21038.00.
Warning: Vehicle 'pedestrian_1-3_1099_tr' ends teleporting on edge '-152701#2', time=21038.00.
Warning: Teleporting vehicle 'pedestrian_1-3_4441_tr'; waited too long (yield), lane='-152349_1', time=21040.00.
Warning: Vehicle 'pedestrian_1-3_4441_tr' ends teleporting on edge '152582#2', time=21040.00.
Warning: Removing person 'pedestrian_GW2-1_541' at removal of vehicle 'pedestrian_GW2-1_541_tr'
Warning: Person 'pedestrian_1-1-pt_7596' is jammed on edge ':143537_w2', time=21044.00.
Warning: Teleporting vehicle 'commercial_1-2_5'; waited too long (yield), lane='152967_1', time=21045.00.
Warning: Vehicle 'commercial_1-2_5' ends teleporting on edge '152816#2', time=21045.00.
Warning: Teleporting vehicle 'pedestrian_1-3_4051_tr'; waited too long (yield), lane='-152895#1_1', time=21047.00.
Warning: Vehicle 'pedestrian_1-3_4051_tr' ends teleporting on edge '153476#1', time=21047.00.
Warning: Teleporting vehicle 'pedestrian_1-3_3723_tr'; waited too long (yield), lane='152347#1_1', time=21048.00.
Warning: Vehicle 'pedestrian_1-3_3723_tr' ends teleporting on edge '152535#0', time=21048.00.
Warning: Removing person 'pedestrian_GW1-1_2633' at removal of vehicle 'pedestrian_GW1-1_2633_tr'
Warning: Person 'pedestrian_1-1-pt_2031' is jammed on edge ':cluster_138810_140895_w0', time=21052.00.
Warning: Removing person 'pedestrian_1-GW2_852' at removal of vehicle 'pedestrian_1-GW2_852_tr'
Warning: Teleporting vehicle 'commercial_1-2_172'; waited too long (yield), lane=':142062_1_0', time=21055.00.
Warning: Person 'pedestrian_1-1-pt_4507' is jammed on edge ':142134_w1', time=21056.00.
Warning: Teleporting vehicle 'pedestrian_1-3_2571_tr'; waited too long (yield), lane='152710_1', time=21056.00.
Warning: Teleporting vehicle 'pedestrian_1-2_2965_tr'; waited too long (yield), lane='-152650#1_1', time=21057.00.
Warning: Vehicle 'pedestrian_1-2_2965_tr' ends teleporting on edge '-152650#0', time=21057.00.
Warning: Person 'pedestrian_1-1-pt_214' is jammed on edge ':150755_w0', time=21058.00.
Warning: Teleporting vehicle 'pedestrian_1-2_125_tr'; waited too long (yield), lane='152466#1_1', time=21059.00.
Warning: Teleporting vehicle 'special_1-1_189'; waited too long (yield), lane='152830#2_1', time=21059.00.
Warning: Teleporting vehicle 'pedestrian_1-2_5264_tr'; waited too long (yield), lane='-152763_1', time=21059.00.
Warning: Vehicle 'pedestrian_1-2_5264_tr' ends teleporting on edge '152776', time=21059.00.
Warning: Vehicle 'pedestrian_1-2_125_tr' ends teleporting on edge '152943#0', time=21059.00.
Warning: Vehicle 'special_1-1_189' ends teleporting on edge '152836#5', time=21059.00.
Warning: Person 'pedestrian_1-1-pt_3548' is jammed on edge ':cluster_135794_135910_w1', time=21060.00.
Warning: Removing person 'pedestrian_1-GW1_1832' at removal of vehicle 'pedestrian_1-GW1_1832_tr'
Warning: Teleporting vehicle 'special_1-2_218'; waited too long (yield), lane='152668#2_1', time=21061.00.
Warning: Removing person 'pedestrian_GW1-1_2101' at removal of vehicle 'pedestrian_GW1-1_2101_tr'
Warning: Vehicle 'special_1-2_218' ends teleporting on edge '152714', time=21061.00.
Warning: Teleporting vehicle 'pedestrian_2-1_696_tr'; waited too long (yield), lane='-153335#0_1', time=21062.00.
Warning: Removing person 'pedestrian_1-GW1_189' at removal of vehicle 'pedestrian_1-GW1_189_tr'
Warning: Vehicle 'pedestrian_2-1_696_tr' ends teleporting on edge '-153444#0', time=21062.00.
Warning: Removing person 'pedestrian_1-GW1_422' at removal of vehicle 'pedestrian_1-GW1_422_tr'
Warning: Teleporting vehicle 'pedestrian_1-1-pt_1770_tr'; waited too long (jam), lane=':148634_0_0', time=21068.00.
Warning: Teleporting vehicle 'pedestrian_1-3_3357_tr'; waited too long (yield), lane='152309_0', time=21068.00.
Warning: Removing person 'pedestrian_GW1-1_3185' at removal of vehicle 'pedestrian_GW1-1_3185_tr'
Warning: Vehicle 'pedestrian_1-3_3357_tr' ends teleporting on edge '152312#3', time=21068.00.
Warning: Removing person 'pedestrian_GW2-1_149' at removal of vehicle 'pedestrian_GW2-1_149_tr'
Warning: Removing person 'pedestrian_1-GW1_1507' at removal of vehicle 'pedestrian_1-GW1_1507_tr'
Warning: Person 'pedestrian_1-1-pt_7896' is jammed on edge ':144371_w0', time=21070.00.
Warning: Teleporting vehicle 'commercial_1-3_85'; waited too long (yield), lane='152361_1', time=21071.00.
Warning: Vehicle 'commercial_1-3_85' ends teleporting on edge '152535#4', time=21071.00.
Warning: Teleporting vehicle 'pedestrian_1-2_3015_tr'; waited too long (yield), lane='152457#1_1', time=21073.00.
Warning: Vehicle 'pedestrian_1-2_3015_tr' ends teleporting on edge '152457#2', time=21073.00.
Warning: Person 'pedestrian_1-1-pt_4027' is jammed on edge ':132205_c0', time=21074.00.
Warning: Vehicle 'commercial_1-2_172' ends teleporting on edge '153406#1', time=21074.00.
Warning: Teleporting vehicle 'pedestrian_2-1_5359_tr'; waited too long (yield), lane=':131917_1_0', time=21076.00.
Warning: Vehicle 'pedestrian_2-1_5359_tr' ends teleporting on edge '-153484#1', time=21076.00.
Warning: Teleporting vehicle 'pedestrian_1-1-pt_5641_tr'; waited too long (yield), lane='152900#1_1', time=21077.00.
Warning: Removing person 'pedestrian_1-GW2_1543' at removal of vehicle 'pedestrian_1-GW2_1543_tr'
Warning: Teleporting vehicle 'pedestrian_1-1-veh_879_tr'; waited too long (yield), lane='-152807_1', time=21079.00.
Warning: Removing person 'pedestrian_2-1_4718' at removal of vehicle 'pedestrian_2-1_4718_tr'
Warning: Vehicle 'pedestrian_1-1-veh_879_tr' ends teleporting on edge '152814#10', time=21079.00.
Warning: Teleporting vehicle 'pedestrian_1-1-pt_8291_tr'; waited too long (yield), lane=':141683_3_0', time=21081.00.
Warning: Vehicle 'pedestrian_1-1-pt_8291_tr' ends teleporting on edge '-152780', time=21081.00.
Warning: Person 'pedestrian_1-1-pt_7896' is jammed on edge ':144371_c0', time=21084.00.
Warning: Teleporting vehicle 'pedestrian_1-2_5524_tr'; waited too long (yield), lane='-153418_1', time=21086.00.
Warning: Teleporting vehicle 'commercial_1-1_121'; waited too long (yield), lane='-152831#0_1', time=21086.00.
Warning: Vehicle 'commercial_1-1_121' ends teleporting on edge '152816#4', time=21086.00.
Warning: Vehicle 'pedestrian_1-2_5524_tr' ends teleporting on edge '-152693#2', time=21086.00.
Warning: Vehicle 'pedestrian_1-1-pt_5641_tr' ends teleporting on edge '152973', time=21087.00.
Warning: Teleporting vehicle 'pedestrian_1-3_4714_tr'; waited too long (jam), lane='152312#2_0', time=21089.00.
Warning: Vehicle 'pedestrian_1-3_4714_tr' ends teleporting on edge '-152309', time=21089.00.
Warning: Teleporting vehicle 'pedestrian_1-1-pt_2329_tr'; waited too long (yield), lane='152767#3_1', time=21090.00.
Warning: Vehicle 'pedestrian_1-1-pt_2329_tr' ends teleporting on edge '152939#5', time=21090.00.
Warning: Vehicle 'pedestrian_1-1-pt_1770_tr' ends teleporting on edge '-152305', time=21091.00.
Warning: Teleporting vehicle 'pedestrian_1-1-pt_7160_tr'; waited too long (yield), lane='152832#0_1', time=21092.00.
Warning: Removing person 'pedestrian_GW1-1_1657' at removal of vehicle 'pedestrian_GW1-1_1657_tr'
Warning: Vehicle 'pedestrian_1-1-pt_7160_tr' ends teleporting on edge '152832#1', time=21092.00.
Warning: Teleporting vehicle 'pedestrian_1-2_4580_tr'; waited too long (yield), lane='152654#1_1', time=21094.00.
Warning: Vehicle 'pedestrian_1-2_4580_tr' ends teleporting on edge '152654#2', time=21094.00.
Warning: Teleporting vehicle 'pedestrian_1-2_4907_tr'; waited too long (jam), lane='-152701#4_1', time=21096.00.
Warning: Vehicle 'pedestrian_1-2_4907_tr' ends teleporting on edge '-152701#3', time=21096.00.
Warning: Teleporting vehicle 'bus_6:Larvotto.4'; waited too long (yield), lane='152451_1', time=21097.00.
Warning: Vehicle 'bus_6:Larvotto.4' ends teleporting on edge '152458#0', time=21097.00.
Warning: Teleporting vehicle 'pedestrian_1-3_1734_tr'; waited too long (yield), lane='-152886#0_1', time=21099.00.
Warning: Removing person 'pedestrian_1-GW1_837' at removal of vehicle 'pedestrian_1-GW1_837_tr'
Warning: Vehicle 'pedestrian_1-3_2571_tr' ends teleporting on edge '-152706#3', time=21101.00.
Warning: Removing person 'pedestrian_1-GW2_653' at removal of vehicle 'pedestrian_1-GW2_653_tr'
Warning: Vehicle 'pedestrian_1-3_1734_tr' ends teleporting on edge '152975#4', time=21104.00.
Warning: Person 'pedestrian_1-1-pt_7691' is jammed on edge ':139070_w0', time=21106.00.
Warning: Teleporting vehicle 'pedestrian_1-1-veh_856_tr'; waited too long (yield), lane=':139010_2_0', time=21106.00.
Warning: Vehicle 'pedestrian_1-1-veh_856_tr' ends teleporting on edge '-152945#2', time=21106.00.
Warning: Teleporting vehicle 'pedestrian_1-3_1635_tr'; waited too long (yield), lane='152939#2_1', time=21108.00.
Warning: Vehicle 'pedestrian_1-3_1635_tr' ends teleporting on edge '152546', time=21108.00.
Warning: Removing person 'pedestrian_GW1-1_536' at removal of vehicle 'pedestrian_GW1-1_536_tr'
Warning: Removing person 'pedestrian_1-GW2_558' at removal of vehicle 'pedestrian_1-GW2_558_tr'
Warning: Teleporting vehicle 'pedestrian_1-3_4962_tr'; waited too long (yield), lane='152825#1_1', time=21110.00.
Warning: Removing person 'pedestrian_1-GW1_1198' at removal of vehicle 'pedestrian_1-GW1_1198_tr'
Warning: Teleporting vehicle 'commercial_1-1_136'; waited too long (jam), lane='152654#0_1', time=21112.00.
Warning: Teleporting vehicle 'pedestrian_2-1_5479_tr'; waited too long (yield), lane='152812#5_1', time=21113.00.
Warning: Vehicle 'pedestrian_2-1_5479_tr' ends teleporting on edge '152814#8', time=21113.00.
Warning: Person 'pedestrian_1-1-pt_1781' is jammed on edge ':151107_c1', time=21119.00.
Warning: Teleporting vehicle 'pedestrian_1-1-veh_236_tr'; waited too long (yield), lane='-152305_0', time=21119.00.
Warning: Teleporting vehicle 'pedestrian_1-1-veh_406_tr'; waited too long (yield), lane='153273#2_1', time=21121.00.
Warning: Teleporting vehicle 'pedestrian_1-2_5427_tr'; waited too long (yield), lane='152665_1', time=21122.00.
Warning: Vehicle 'pedestrian_1-2_5427_tr' ends teleporting on edge '152775#3', time=21122.00.
Warning: Vehicle 'pedestrian_1-3_4962_tr' ends teleporting on edge '-152821#2', time=21122.00.
Warning: Teleporting vehicle 'commercial_1-2_69'; waited too long (yield), lane='-152878_1', time=21123.00.
Warning: Removing person 'pedestrian_GW1-1_3349' at removal of vehicle 'pedestrian_GW1-1_3349_tr'
Warning: Teleporting vehicle 'pedestrian_2-1_1662_tr'; waited too long (yield), lane='152711#3_1', time=21126.00.
Warning: Removing person 'pedestrian_1-GW1_21' at removal of vehicle 'pedestrian_1-GW1_21_tr'
Warning: Vehicle 'pedestrian_1-1-veh_236_tr' ends teleporting on edge '152960#6', time=21127.00.
Warning: Vehicle 'commercial_1-1_136' ends teleporting on edge '-152662', time=21127.00.
Warning: Removing person 'pedestrian_GW1-1_1847' at removal of vehicle 'pedestrian_GW1-1_1847_tr'
Warning: Removing person 'pedestrian_1-GW1_1087' at removal of vehicle 'pedestrian_1-GW1_1087_tr'
Warning: Removing person 'pedestrian_1-GW2_1241' at removal of vehicle 'pedestrian_1-GW2_1241_tr'
Warning: Teleporting vehicle 'pedestrian_3-1_3731_tr'; waited too long (yield), lane='152479_1', time=21132.00.
Warning: Vehicle 'pedestrian_3-1_3731_tr' ends teleporting on edge '-153394#2', time=21132.00.
Warning: Removing person 'pedestrian_GW2-1_261' at removal of vehicle 'pedestrian_GW2-1_261_tr'
Warning: Vehicle 'pedestrian_1-1-veh_406_tr' ends teleporting on edge '-152821#2', time=21133.00.
Warning: Removing person 'pedestrian_1-GW2_641' at removal of vehicle 'pedestrian_1-GW2_641_tr'
Warning: Teleporting vehicle 'pedestrian_1-1-pt_3359_tr'; waited too long (yield), lane=':cluster_137509_149935_13_0', time=21137.00.
Warning: Vehicle 'pedestrian_1-1-pt_3359_tr' ends teleporting on edge '-152672#2', time=21137.00.
Warning: Teleporting vehicle 'pedestrian_1-3_3189_tr'; waited too long (yield), lane='-152781_1', time=21138.00.
Warning: Vehicle 'commercial_1-2_69' ends teleporting on edge '152883#1', time=21141.00.
Warning: Person 'pedestrian_1-1-pt_1949' is jammed on edge ':145011_c0', time=21142.00.
Warning: Teleporting vehicle 'pedestrian_1-2_4793_tr'; waited too long (yield), lane='152546_1', time=21142.00.
Warning: Teleporting vehicle 'special_1-3_122'; waited too long (yield), lane='152672#2_1', time=21142.00.
Warning: Vehicle 'pedestrian_1-2_4793_tr' ends teleporting on edge '-152767#2', time=21142.00.
Warning: Vehicle 'pedestrian_2-1_1662_tr' ends teleporting on edge '-152701#3', time=21143.00.
Warning: Removing person 'pedestrian_1-GW1_2246' at removal of vehicle 'pedestrian_1-GW1_2246_tr'
Warning: Teleporting vehicle 'pedestrian_1-3_4113_tr'; waited too long (yield), lane=':143537_3_0', time=21145.00.
Warning: Teleporting vehicle 'pedestrian_3-1_1844_tr'; waited too long (jam), lane='-153394#1_1', time=21145.00.
Warning: Vehicle 'pedestrian_1-3_4113_tr' ends teleporting on edge '152878', time=21145.00.
Warning: Teleporting vehicle 'pedestrian_1-1-pt_6651_tr'; waited too long (wrong lane), lane='-152810#1_1', time=21147.00.
Warning: Removing person 'pedestrian_1-GW1_302' at removal of vehicle 'pedestrian_1-GW1_302_tr'
Warning: Vehicle 'pedestrian_1-1-pt_6651_tr' ends teleporting on edge '-152804', time=21147.00.
Warning: Teleporting vehicle 'pedestrian_1-2_4574_tr'; waited too long (yield), lane='152664#6_1', time=21148.00.
Warning: Teleporting vehicle 'pedestrian_1-2_5474_tr'; waited too long (yield), lane='-152716_1', time=21148.00.
Warning: Vehicle 'pedestrian_1-2_5474_tr' ends teleporting on edge '-152767#3', time=21148.00.
Warning: Vehicle 'pedestrian_1-2_4574_tr' ends teleporting on edge '-152668#1', time=21148.00.
Warning: Teleporting vehicle 'pedestrian_2-1_3380_tr'; waited too long (yield), lane=':140764_1_0', time=21149.00.
Warning: Vehicle 'pedestrian_2-1_3380_tr' ends teleporting on edge '152996#0', time=21149.00.
Warning: Teleporting vehicle 'commercial_1-3_242'; waited too long (yield), lane='152775#2_2', time=21156.00.
Warning: Teleporting vehicle 'pedestrian_2-1_5890_tr'; waited too long (jam), lane='153404#7_1', time=21156.00.
Warning: Vehicle 'special_1-3_122' ends teleporting on edge '152775#2', time=21156.00.
Warning: Vehicle 'pedestrian_2-1_5890_tr' ends teleporting on edge '153404#8', time=21156.00.
Warning: Teleporting vehicle 'pedestrian_1-2_1411_tr'; waited too long (yield), lane='-152799_1', time=21157.00.
Warning: Removing person 'pedestrian_GW2-1_42' at removal of vehicle 'pedestrian_GW2-1_42_tr'
Warning: Person 'pedestrian_1-1-pt_8657' is jammed on edge ':133313_w1', time=21161.00.
Warning: Removing person 'pedestrian_1-GW1_880' at removal of vehicle 'pedestrian_1-GW1_880_tr'
Warning: Vehicle 'pedestrian_1-2_1411_tr' ends teleporting on edge '152773', time=21161.00.
Warning: Person 'pedestrian_1-1-pt_3430' is jammed on edge ':145241_w1', time=21168.00.
Warning: Removing person 'pedestrian_GW1-1_513' at removal of vehicle 'pedestrian_GW1-1_513_tr'
Warning: Removing person 'pedestrian_1-GW1_180' at removal of vehicle 'pedestrian_1-GW1_180_tr'
Warning: Removing person 'pedestrian_GW2-1_2128' at removal of vehicle 'pedestrian_GW2-1_2128_tr'
Warning: Teleporting vehicle 'pedestrian_1-1-pt_1475_tr'; waited too long (yield), lane='152311_0', time=21171.00.
Warning: Removing person 'pedestrian_1-GW1_888' at removal of vehicle 'pedestrian_1-GW1_888_tr'
Warning: Person 'pedestrian_1-1-pt_1903' is jammed on edge ':132625_w2', time=21174.00.
Warning: Removing person 'pedestrian_1-GW2_1005' at removal of vehicle 'pedestrian_1-GW2_1005_tr'
Warning: Person 'pedestrian_1-1-pt_973' is jammed on edge ':145241_w0', time=21175.00.
Warning: Vehicle 'commercial_1-3_242' ends teleporting on edge '152781', time=21176.00.
Warning: Teleporting vehicle 'pedestrian_1-2_3015_tr'; waited too long (yield), lane='152457#2_1', time=21178.00.
Warning: Vehicle 'pedestrian_1-2_3015_tr' ends teleporting on edge '152165#1', time=21178.00.
Warning: Teleporting vehicle 'commercial_1-1_69'; waited too long (yield), lane=':133905_5_0', time=21180.00.
Warning: Vehicle 'commercial_1-1_69' ends teleporting on edge '-152804', time=21180.00.
Warning: Removing person 'pedestrian_GW1-1_2438' at removal of vehicle 'pedestrian_GW1-1_2438_tr'
Warning: Removing person 'pedestrian_1-GW1_2172' at removal of vehicle 'pedestrian_1-GW1_2172_tr'
Warning: Teleporting vehicle 'pedestrian_1-1-pt_8022_tr'; waited too long (yield), lane='-152774_1', time=21183.00.
Warning: Vehicle 'pedestrian_1-1-pt_1475_tr' ends teleporting on edge '152312#3', time=21183.00.
Warning: Vehicle 'pedestrian_1-1-pt_8022_tr' ends teleporting on edge '152773', time=21183.00.
Warning: Removing person 'pedestrian_GW1-1_1912' at removal of vehicle 'pedestrian_GW1-1_1912_tr'
Warning: Teleporting vehicle 'pedestrian_1-3_3313_tr'; waited too long (jam), lane='153011#0_1', time=21186.00.
Warning: Vehicle 'pedestrian_1-3_3313_tr' ends teleporting on edge '153011#1', time=21186.00.
Warning: Teleporting vehicle 'pedestrian_1-3_2234_tr'; waited too long (yield), lane='-152650#1_1', time=21188.00.
Warning: Vehicle 'pedestrian_1-3_2234_tr' ends teleporting on edge '152688#0', time=21188.00.
Warning: Teleporting vehicle 'pedestrian_1-2_2741_tr'; waited too long (yield), lane='-152347#0_1', time=21189.00.
Warning: Vehicle 'pedestrian_1-2_2741_tr' ends teleporting on edge '152535#0', time=21189.00.
Warning: Removing person 'pedestrian_GW2-1_3101' at removal of vehicle 'pedestrian_GW2-1_3101_tr'
Warning: Person 'pedestrian_1-1-pt_2708' is jammed on edge ':145241_w1', time=21198.00.
Warning: Teleporting vehicle 'pedestrian_1-2_4333_tr'; waited too long (yield), lane='-152763_1', time=21198.00.
Warning: Removing person 'pedestrian_GW1-1_828' at removal of vehicle 'pedestrian_GW1-1_828_tr'
Warning: Removing person 'pedestrian_1-GW2_680' at removal of vehicle 'pedestrian_1-GW2_680_tr'
Warning: Vehicle 'pedestrian_1-2_4333_tr' ends teleporting on edge '152776', time=21198.00.
Warning: Teleporting vehicle 'pedestrian_2-1_3626_tr'; waited too long (yield), lane='-153335#0_1', time=21199.00.
Warning: Vehicle 'pedestrian_2-1_3626_tr' ends teleporting on edge '-153444#0', time=21199.00.
Warning: Removing person 'pedestrian_GW1-1_3146' at removal of vehicle 'pedestrian_GW1-1_3146_tr'
Warning: Teleporting vehicle 'pedestrian_1-2_3462_tr'; waited too long (yield), lane=':136017_1_0', time=21207.00.
Warning: Teleporting vehicle 'commercial_1-GW1_311'; waited too long (yield), lane='-152668#0_1', time=21207.00.
Warning: Removing person 'pedestrian_GW1-1_108' at removal of vehicle 'pedestrian_GW1-1_108_tr'
Warning: Vehicle 'pedestrian_1-2_3462_tr' ends teleporting on edge '152649#0', time=21207.00.
Warning: Vehicle 'commercial_1-GW1_311' ends teleporting on edge '152677#5', time=21207.00.
Warning: Removing person 'pedestrian_GW1-1_2934' at removal of vehicle 'pedestrian_GW1-1_2934_tr'
Warning: Removing person 'pedestrian_GW1-1_3536' at removal of vehicle 'pedestrian_GW1-1_3536_tr'
Warning: Removing person 'pedestrian_GW2-1_422' at removal of vehicle 'pedestrian_GW2-1_422_tr'
Warning: Teleporting vehicle 'commercial_1-1_422'; waited too long (yield), lane='152457#1_1', time=21211.00.
Warning: Vehicle 'commercial_1-1_422' ends teleporting on edge '152457#2', time=21211.00.
Warning: Vehicle 'pedestrian_1-3_3189_tr' ends teleporting on edge '-152767#3', time=21212.00.
Warning: Vehicle 'pedestrian_3-1_1844_tr' ends teleporting on edge '-153394#0', time=21213.00.
Warning: Teleporting vehicle 'pedestrian_1-3_2182_tr'; waited too long (yield), lane='152900#1_1', time=21214.00.
Warning: Removing person 'pedestrian_GW1-1_2031' at removal of vehicle 'pedestrian_GW1-1_2031_tr'
Warning: Vehicle 'pedestrian_1-3_2182_tr' ends teleporting on edge '152982#4', time=21214.00.
Warning: Teleporting vehicle 'commercial_1-GW1_232'; waited too long (yield), lane=':141683_3_0', time=21215.00.
Warning: Vehicle 'commercial_1-GW1_232' ends teleporting on edge '-152780', time=21215.00.
Warning: Teleporting vehicle 'pedestrian_1-3_1104_tr'; waited too long (yield), lane=':140213_2_0', time=21217.00.
Warning: Vehicle 'pedestrian_1-3_1104_tr' ends teleporting on edge '152805#1', time=21217.00.
Warning: Person 'pedestrian_1-1-pt_6672' is jammed on edge ':132375_w1', time=21219.00.
Warning: Teleporting vehicle 'pedestrian_1-2_1384_tr'; waited too long (yield), lane=':cluster_136767_142947_144456_144838_5_0', time=21219.00.
Warning: Removing person 'pedestrian_GW1-1_2653' at removal of vehicle 'pedestrian_GW1-1_2653_tr'
Warning: Removing person 'pedestrian_1-GW1_133' at removal of vehicle 'pedestrian_1-GW1_133_tr'
Warning: Vehicle 'pedestrian_1-2_1384_tr' ends teleporting on edge '-152361', time=21219.00.
Warning: Teleporting vehicle 'pedestrian_1-3_4771_tr'; waited too long (jam), lane='153405#1_1', time=21224.00.
Warning: Vehicle 'pedestrian_1-3_4771_tr' ends teleporting on edge '153405#2', time=21224.00.
Warning: Teleporting vehicle 'pedestrian_1-2_5770_tr'; waited too long (yield), lane=':cluster_136399_138320_5_0', time=21225.00.
Warning: Teleporting vehicle 'pedestrian_1-3_643_tr'; waited too long (yield), lane='152832#0_1', time=21225.00.
Warning: Vehicle 'pedestrian_1-2_5770_tr' ends teleporting on edge '153335#0', time=21225.00.
Warning: Vehicle 'pedestrian_1-3_643_tr' ends teleporting on edge '152832#1', time=21225.00.
Warning: Teleporting vehicle 'commercial_1-GW1_132'; waited too long (yield), lane=':cluster_136399_138320_5_0', time=21226.00.
Warning: Vehicle 'commercial_1-GW1_132' ends teleporting on edge '153335#0', time=21226.00.
Warning: Teleporting vehicle 'pedestrian_1-3_1811_tr'; waited too long (jam), lane='-152873#3_1', time=21228.00.
Warning: Teleporting vehicle 'pedestrian_1-3_1742_tr'; waited too long (yield), lane='152831#2_1', time=21228.00.
Warning: Removing person 'pedestrian_GW2-1_1838' at removal of vehicle 'pedestrian_GW2-1_1838_tr'
Warning: Vehicle 'pedestrian_1-3_1742_tr' ends teleporting on edge '152960#5', time=21228.00.
Warning: Person 'pedestrian_1-1-pt_2213' is jammed on edge ':144371_w0', time=21229.00.
Warning: Teleporting vehicle 'pedestrian_1-3_3422_tr'; waited too long (yield), lane='-153559#3_1', time=21230.00.
Warning: Vehicle 'pedestrian_1-3_3422_tr' ends teleporting on edge '-152898#0', time=21230.00.
Warning: Removing person 'pedestrian_GW2-1_1099' at removal of vehicle 'pedestrian_GW2-1_1099_tr'
Warning: Removing person 'pedestrian_1-GW2_1746' at removal of vehicle 'pedestrian_1-GW2_1746_tr'
Warning: Teleporting vehicle 'pedestrian_1-1-pt_6996_tr'; waited too long (yield), lane='-152831#0_1', time=21232.00.
Warning: Vehicle 'pedestrian_1-1-pt_6996_tr' ends teleporting on edge '152816#4', time=21232.00.
Warning: Teleporting vehicle 'bus_6:Fontvieille.6'; waited too long (yield), lane=':141846_12_0', time=21234.00.
Warning: Vehicle 'bus_6:Fontvieille.6' ends teleporting on edge '152535#0', time=21234.00.
Warning: Removing person 'pedestrian_GW2-1_699' at removal of vehicle 'pedestrian_GW2-1_699_tr'
Warning: Teleporting vehicle 'pedestrian_2-1_3808_tr'; waited too long (yield), lane=':142062_1_0', time=21239.00.
Warning: Teleporting vehicle 'pedestrian_1-3_4422_tr'; waited too long (yield), lane='153441#3_1', time=21239.00.
Warning: Teleporting vehicle 'pedestrian_1-2_2292_tr'; waited too long (yield), lane='152347#1_1', time=21239.00.
Warning: Vehicle 'pedestrian_1-3_4422_tr' ends teleporting on edge '-153440#0', time=21239.00.
Warning: Vehicle 'pedestrian_1-2_2292_tr' ends teleporting on edge '152535#0', time=21239.00.
Warning: Teleporting vehicle 'pedestrian_1-2_3885_tr'; waited too long (yield), lane='152967_1', time=21243.00.
Warning: Removing person 'pedestrian_GW1-1_1236' at removal of vehicle 'pedestrian_GW1-1_1236_tr'
Warning: Vehicle 'pedestrian_1-2_3885_tr' ends teleporting on edge '152816#2', time=21243.00.
Warning: Removing person 'pedestrian_GW1-1_227' at removal of vehicle 'pedestrian_GW1-1_227_tr'
Warning: Teleporting vehicle 'pedestrian_1-3_3737_tr'; waited too long (yield), lane=':142497_2_0', time=21247.00.
Warning: Vehicle 'pedestrian_1-3_3737_tr' ends teleporting on edge '152386#1', time=21247.00.
Warning: Teleporting vehicle 'pedestrian_1-3_2529_tr'; waited too long (yield), lane='152943#0_2', time=21249.00.
Warning: Vehicle 'pedestrian_1-3_2529_tr' ends teleporting on edge '152793', time=21249.00.
Warning: Teleporting vehicle 'commercial_1-1_495'; waited too long (jam), lane='152229_2', time=21250.00.
Warning: Person 'pedestrian_1-1-pt_4043' is jammed on edge ':141350_w2', time=21251.00.
Warning: Person 'pedestrian_1-1-pt_494' is jammed on edge ':148237_c0', time=21251.00.
Warning: Person 'pedestrian_1-1-pt_2162' is jammed on edge ':148237_c0', time=21251.00.
Warning: Teleporting vehicle 'pedestrian_1-1-pt_2688_tr'; waited too long (yield), lane=':145241_3_0', time=21251.00.
Warning: Vehicle 'pedestrian_1-1-pt_2688_tr' ends teleporting on edge '152701#0', time=21251.00.
Warning: Removing person 'pedestrian_GW1-1_1043' at removal of vehicle 'pedestrian_GW1-1_1043_tr'
Warning: Teleporting vehicle 'pedestrian_1-3_5580_tr'; waited too long (yield), lane=':139010_2_0', time=21256.00.
Warning: Teleporting vehicle 'pedestrian_1-3_4322_tr'; waited too long (yield), lane='152805#0_1', time=21256.00.
Warning: Vehicle 'pedestrian_1-3_5580_tr' ends teleporting on edge '-152945#2', time=21256.00.
Warning: Vehicle 'pedestrian_1-3_4322_tr' ends teleporting on edge '152805#1', time=21256.00.
Warning: Removing person 'pedestrian_1-GW1_1062' at removal of vehicle 'pedestrian_1-GW1_1062_tr'
Warning: Vehicle 'pedestrian_2-1_3808_tr' ends teleporting on edge '153406#1', time=21258.00.
Warning: Removing person 'pedestrian_GW1-1_2858' at removal of vehicle 'pedestrian_GW1-1_2858_tr'
Warning: Teleporting vehicle 'commercial_1-GW1_203'; waited too long (yield), lane=':cluster_137367_144583_146539_147417_1_0', time=21261.00.
Warning: Vehicle 'commercial_1-GW1_203' ends teleporting on edge '-152658#1', time=21261.00.
Warning: Teleporting vehicle 'commercial_1-2_224'; waited too long (yield), lane='-152606#8_1', time=21262.00.
Warning: Removing person 'pedestrian_1-GW1_1484' at removal of vehicle 'pedestrian_1-GW1_1484_tr'
Warning: Vehicle 'commercial_1-2_224' ends teleporting on edge '-152606#7', time=21262.00.
Warning: Person 'pedestrian_1-1-pt_2016' is jammed on edge ':151662_w1', time=21263.00.
Warning: Teleporting vehicle 'pedestrian_1-2_3130_tr'; waited too long (yield), lane='-153418_1', time=21264.00.
Warning: Teleporting vehicle 'special_1-3_122'; waited too long (yield), lane='152775#2_2', time=21264.00.
Warning: Removing person 'pedestrian_GW1-1_1160' at removal of vehicle 'pedestrian_GW1-1_1160_tr'
Warning: Vehicle 'pedestrian_1-2_3130_tr' ends teleporting on edge '-152693#2', time=21264.00.
Warning: Removing person 'pedestrian_1-GW1_193' at removal of vehicle 'pedestrian_1-GW1_193_tr'
Warning: Person 'pedestrian_1-1-pt_5687' is jammed on edge ':141683_w0', time=21268.00.
Warning: Teleporting vehicle 'pedestrian_1-3_163_tr'; waited too long (yield), lane=':144371_3_0', time=21270.00.
Warning: Teleporting vehicle 'commercial_1-1_348'; waited too long (jam), lane='-152777_1', time=21270.00.
Warning: Removing person 'pedestrian_GW1-1_2583' at removal of vehicle 'pedestrian_GW1-1_2583_tr'
Warning: Vehicle 'pedestrian_1-3_163_tr' ends teleporting on edge '152606#8', time=21270.00.
Warning: Vehicle 'pedestrian_1-3_1811_tr' ends teleporting on edge '-152873#0', time=21271.00.
Warning: Teleporting vehicle 'pedestrian_1-3_4703_tr'; waited too long (yield), lane='152668#2_1', time=21272.00.
Warning: Teleporting vehicle 'special_1-2_70'; waited too long (yield), lane='153273#2_1', time=21272.00.
Warning: Vehicle 'pedestrian_1-3_4703_tr' ends teleporting on edge '152714', time=21272.00.
Warning: Vehicle 'special_1-2_70' ends teleporting on edge '152960#10', time=21272.00.
Warning: Removing person 'pedestrian_GW2-1_3091' at removal of vehicle 'pedestrian_GW2-1_3091_tr'
Warning: Removing person 'pedestrian_1-GW2_115' at removal of vehicle 'pedestrian_1-GW2_115_tr'
Warning: Person 'pedestrian_1-1-pt_8435' is jammed on edge ':139701_w0', time=21275.00.
Warning: Teleporting vehicle 'commercial_1-3_72'; waited too long (yield), lane='152546_1', time=21275.00.
Warning: Vehicle 'commercial_1-3_72' ends teleporting on edge '-152767#2', time=21275.00.
Warning: Person 'pedestrian_1-1-pt_1322' is jammed on edge ':150983_w1', time=21278.00.
Warning: Teleporting vehicle 'commercial_1-1_68'; waited too long (yield), lane='-152987#0_1', time=21278.00.
Warning: Removing person 'pedestrian_GW2-1_1873' at removal of vehicle 'pedestrian_GW2-1_1873_tr'
Warning: Vehicle 'commercial_1-1_68' ends teleporting on edge '-152969#3', time=21278.00.
Warning: Person 'pedestrian_1-1-pt_7631' is jammed on edge ':151040_w2', time=21279.00.
Warning: Teleporting vehicle 'pedestrian_1-3_1270_tr'; waited too long (yield), lane='152451_1', time=21279.00.
Warning: Vehicle 'pedestrian_1-3_1270_tr' ends teleporting on edge '152458#0', time=21279.00.
Warning: Vehicle 'commercial_1-1_495' ends teleporting on edge '152943#1', time=21279.00.
Warning: Removing person 'pedestrian_GW1-1_3155' at removal of vehicle 'pedestrian_GW1-1_3155_tr'
Warning: Removing person 'pedestrian_1-GW1_2089' at removal of vehicle 'pedestrian_1-GW1_2089_tr'
Warning: Vehicle 'special_1-3_122' ends teleporting on edge '152781', time=21284.00.
Warning: Teleporting vehicle 'pedestrian_1-3_626_tr'; waited too long (yield), lane='152945#2_1', time=21285.00.
Warning: Vehicle 'pedestrian_1-3_626_tr' ends teleporting on edge '-152814#10', time=21285.00.
Warning: Teleporting vehicle 'pedestrian_1-3_1411_tr'; waited too long (jam), lane='152781_1', time=21286.00.
Warning: Vehicle 'pedestrian_1-3_1411_tr' ends teleporting on edge '152546', time=21286.00.
Warning: Person 'pedestrian_1-1-pt_8872' is jammed on edge ':cluster_135677_147474_w3', time=21287.00.
Warning: Teleporting vehicle 'pedestrian_1-3_3313_tr'; waited too long (yield), lane='153011#1_1', time=21287.00.
Warning: Vehicle 'pedestrian_1-3_3313_tr' ends teleporting on edge '152649#1', time=21287.00.
Warning: Removing person 'pedestrian_1-GW2_554' at removal of vehicle 'pedestrian_1-GW2_554_tr'
Warning: Teleporting vehicle 'pedestrian_1-2_2337_tr'; waited too long (yield), lane='152672#2_1', time=21289.00.
Warning: Vehicle 'pedestrian_1-2_2337_tr' ends teleporting on edge '-152775#0', time=21289.00.
Warning: Removing person 'pedestrian_1-GW1_2078' at removal of vehicle 'pedestrian_1-GW1_2078_tr'
Warning: Removing person 'pedestrian_GW2-1_1658' at removal of vehicle 'pedestrian_GW2-1_1658_tr'
Warning: Removing person 'pedestrian_GW1-1_1118' at removal of vehicle 'pedestrian_GW1-1_1118_tr'
Warning: Removing person 'pedestrian_1-GW1_855' at removal of vehicle 'pedestrian_1-GW1_855_tr'
Warning: Person 'pedestrian_1-1-pt_494' is jammed on edge ':148237_c0', time=21296.00.
Warning: Person 'pedestrian_1-1-pt_2162' is jammed on edge ':148237_c0', time=21296.00.
Warning: Teleporting vehicle 'pedestrian_1-2_935_tr'; waited too long (yield), lane='152387_1', time=21296.00.
Warning: Vehicle 'pedestrian_1-2_935_tr' ends teleporting on edge '152816#1', time=21296.00.
Warning: Teleporting vehicle 'pedestrian_1-2_5383_tr'; waited too long (yield), lane='152780_1', time=21298.00.
Warning: Vehicle 'pedestrian_1-2_5383_tr' ends teleporting on edge '152767#2', time=21298.00.
Warning: Teleporting vehicle 'commercial_1-GW1_271'; waited too long (yield), lane=':141956_4_0', time=21299.00.
Warning: Teleporting vehicle 'pedestrian_1-2_647_tr'; waited too long (yield), lane=':138808_8_0', time=21299.00.
Warning: Removing person 'pedestrian_1-GW1_294' at removal of vehicle 'pedestrian_1-GW1_294_tr'
Warning: Vehicle 'commercial_1-1_348' ends teleporting on edge '152816#1', time=21299.00.
Warning: Vehicle 'commercial_1-GW1_271' ends teleporting on edge '-152668#2', time=21299.00.
Warning: Vehicle 'pedestrian_1-2_647_tr' ends teleporting on edge '152820', time=21299.00.
Warning: Removing person 'pedestrian_GW1-1_3472' at removal of vehicle 'pedestrian_GW1-1_3472_tr'
Warning: Person 'pedestrian_1-1-pt_2880' is jammed on edge ':137164_w0', time=21301.00.
Warning: Removing person 'pedestrian_GW1-1_1640' at removal of vehicle 'pedestrian_GW1-1_1640_tr'
Warning: Removing person 'pedestrian_1-GW1_1205' at removal of vehicle 'pedestrian_1-GW1_1205_tr'
Warning: Teleporting vehicle 'pedestrian_2-1_4462_tr'; waited too long (yield), lane=':141286_1_0', time=21306.00.
Warning: Vehicle 'pedestrian_2-1_4462_tr' ends teleporting on edge '152922', time=21306.00.
Warning: Teleporting vehicle 'pedestrian_1-1-pt_871_tr'; waited too long (yield), lane='152654#2_1', time=21307.00.
Warning: Vehicle 'pedestrian_1-1-pt_871_tr' ends teleporting on edge '152654#3', time=21307.00.
Warning: Removing person 'pedestrian_GW2-1_205' at removal of vehicle 'pedestrian_GW2-1_205_tr'
Warning: Removing person 'pedestrian_1-GW1_1647' at removal of vehicle 'pedestrian_1-GW1_1647_tr'
Warning: Teleporting vehicle 'pedestrian_1-3_3445_tr'; waited too long (yield), lane=':144986_3_0', time=21311.00.
Warning: Vehicle 'pedestrian_1-3_3445_tr' ends teleporting on edge '153398#0', time=21311.00.
Warning: Teleporting vehicle 'commercial_1-1_422'; waited too long (yield), lane='152457#2_1', time=21312.00.
Warning: Removing person 'pedestrian_GW1-1_2437' at removal of vehicle 'pedestrian_GW1-1_2437_tr'
Warning: Vehicle 'commercial_1-1_422' ends teleporting on edge '-152165#0', time=21312.00.
Warning: Teleporting vehicle 'special_2-1_170'; waited too long (yield), lane='-152491#0_1', time=21315.00.
Warning: Vehicle 'special_2-1_170' ends teleporting on edge '152701#5', time=21315.00.
Warning: Teleporting vehicle 'pedestrian_1-3_4775_tr'; waited too long (jam), lane='152973_1', time=21316.00.
Warning: Vehicle 'pedestrian_1-3_4775_tr' ends teleporting on edge '-152895#1', time=21316.00.
Warning: Teleporting vehicle 'bus_6:Fontvieille.0'; waited too long (jam), lane='152535#6_1', time=21317.00.
Warning: Teleporting vehicle 'pedestrian_1-3_1374_tr'; waited too long (yield), lane='152361_1', time=21318.00.
Warning: Removing person 'pedestrian_GW1-1_535' at removal of vehicle 'pedestrian_GW1-1_535_tr'
Warning: Vehicle 'pedestrian_1-3_1374_tr' ends teleporting on edge '152535#4', time=21318.00.
Warning: Removing person 'pedestrian_GW1-1_1550' at removal of vehicle 'pedestrian_GW1-1_1550_tr'
Warning: Removing person 'pedestrian_GW1-1_3507' at removal of vehicle 'pedestrian_GW1-1_3507_tr'
Warning: Removing person 'pedestrian_GW2-1_2398' at removal of vehicle 'pedestrian_GW2-1_2398_tr'
Warning: Teleporting vehicle 'commercial_1-2_276'; waited too long (yield), lane=':142622_3_0', time=21325.00.
Warning: Teleporting vehicle 'pedestrian_1-2_5076_tr'; waited too long (yield), lane='152825#1_1', time=21325.00.
Warning: Vehicle 'commercial_1-2_276' ends teleporting on edge '153415#0', time=21325.00.
Warning: Teleporting vehicle 'pedestrian_1-3_648_tr'; waited too long (yield), lane='-152783#0_1', time=21327.00.
Warning: Vehicle 'pedestrian_1-3_648_tr' ends teleporting on edge '152805#2', time=21327.00.
Warning: Removing person 'pedestrian_1-GW1_66' at removal of vehicle 'pedestrian_1-GW1_66_tr'
Warning: Removing person 'pedestrian_GW1-1_3262' at removal of vehicle 'pedestrian_GW1-1_3262_tr'
Warning: Removing person 'pedestrian_3-1_3803' at removal of vehicle 'pedestrian_3-1_3803_tr'
Warning: Removing person 'pedestrian_GW2-1_224' at removal of vehicle 'pedestrian_GW2-1_224_tr'
Warning: Removing person 'pedestrian_GW2-1_336' at removal of vehicle 'pedestrian_GW2-1_336_tr'
Warning: Vehicle 'pedestrian_1-2_5076_tr' ends teleporting on edge '152959#2', time=21331.00.
Warning: Person 'pedestrian_1-1-pt_8027' is jammed on edge ':142801_c0', time=21332.00.
Warning: Removing person 'pedestrian_GW2-1_2077' at removal of vehicle 'pedestrian_GW2-1_2077_tr'
Warning: Teleporting vehicle 'pedestrian_1-3_5349_tr'; waited too long (yield), lane='-152763_1', time=21335.00.
Warning: Vehicle 'pedestrian_1-3_5349_tr' ends teleporting on edge '152776', time=21335.00.
Warning: Teleporting vehicle 'pedestrian_1-2_4832_tr'; waited too long (yield), lane='153438_1', time=21336.00.
Warning: Vehicle 'pedestrian_1-2_4832_tr' ends teleporting on edge '-152814#8', time=21336.00.
Warning: Teleporting vehicle 'pedestrian_1-3_4323_tr'; waited too long (yield), lane='-152701#3_2', time=21337.00.
Warning: Vehicle 'pedestrian_1-3_4323_tr' ends teleporting on edge '-152701#2', time=21337.00.
Warning: Teleporting vehicle 'pedestrian_1-2_3295_tr'; waited too long (yield), lane='152309_0', time=21339.00.
Warning: Vehicle 'pedestrian_1-2_3295_tr' ends teleporting on edge '152312#3', time=21339.00.
Warning: Removing person 'pedestrian_GW1-1_321' at removal of vehicle 'pedestrian_GW1-1_321_tr'
Warning: Removing person 'pedestrian_1-GW2_586' at removal of vehicle 'pedestrian_1-GW2_586_tr'
Warning: Removing person 'pedestrian_1-GW1_908' at removal of vehicle 'pedestrian_1-GW1_908_tr'
Warning: Removing person 'pedestrian_1-GW2_1153' at removal of vehicle 'pedestrian_1-GW2_1153_tr'
Warning: Person 'pedestrian_1-1-pt_6563' is jammed on edge ':144371_w2', time=21344.00.
Warning: Removing person 'pedestrian_1-GW1_56' at removal of vehicle 'pedestrian_1-GW1_56_tr'
Warning: Removing person 'pedestrian_GW1-1_1533' at removal of vehicle 'pedestrian_GW1-1_1533_tr'
Warning: Vehicle 'bus_6:Fontvieille.0' ends teleporting on edge '152670#3', time=21345.00.
Warning: Person 'pedestrian_1-1-pt_2691' is jammed on edge ':148679_w0', time=21347.00.
Warning: Teleporting vehicle 'pedestrian_1-2_2229_tr'; waited too long (yield), lane='-152878_1', time=21348.00.
Warning: Removing person 'pedestrian_GW1-1_358' at removal of vehicle 'pedestrian_GW1-1_358_tr'
Warning: Person 'pedestrian_1-1-pt_4412' is jammed on edge ':145241_w1', time=21351.00.
Warning: Person 'pedestrian_1-1-pt_1963' is jammed on edge ':145241_w1', time=21351.00.
Warning: Teleporting vehicle 'bus_1:Monaco.7'; waited too long (yield), lane='152349_1', time=21351.00.
Warning: Vehicle 'bus_1:Monaco.7' ends teleporting on edge '152582#1', time=21351.00.
Warning: Person 'pedestrian_1-1-pt_2182' is jammed on edge ':133626_c0', time=21352.00.
Warning: Teleporting vehicle 'pedestrian_1-1-pt_8619_tr'; waited too long (yield), lane='-152831#0_1', time=21353.00.
Warning: Vehicle 'pedestrian_1-1-pt_8619_tr' ends teleporting on edge '152816#4', time=21353.00.
Warning: Vehicle 'pedestrian_1-2_2229_tr' ends teleporting on edge '152883#1', time=21355.00.
Warning: Removing person 'pedestrian_GW2-1_2269' at removal of vehicle 'pedestrian_GW2-1_2269_tr'
Warning: Removing person 'pedestrian_1-GW2_969' at removal of vehicle 'pedestrian_1-GW2_969_tr'
Warning: Teleporting vehicle 'pedestrian_2-1_5302_tr'; waited too long (yield), lane='-153649#0_1', time=21359.00.
Warning: Teleporting vehicle 'commercial_1-2_261'; waited too long (jam), lane='-153413#16_1', time=21359.00.
Warning: Vehicle 'commercial_1-2_261' ends teleporting on edge '-153413#15', time=21359.00.
Warning: Vehicle 'pedestrian_2-1_5302_tr' ends teleporting on edge '153413#9', time=21359.00.
Warning: Person 'pedestrian_1-1-pt_1255' is jammed on edge ':138739_w0', time=21364.00.
Warning: Removing person 'pedestrian_GW1-1_3961' at removal of vehicle 'pedestrian_GW1-1_3961_tr'
Warning: Person 'pedestrian_1-1-pt_1963' is jammed on edge ':145241_c0', time=21366.00.
Warning: Person 'pedestrian_1-1-pt_4412' is jammed on edge ':145241_c0', time=21366.00.
Warning: Teleporting vehicle 'commercial_1-2_244'; waited too long (yield), lane='-152661_1', time=21366.00.
Warning: Vehicle 'commercial_1-2_244' ends teleporting on edge '-152668#2', time=21366.00.
Warning: Removing person 'pedestrian_GW1-1_2570' at removal of vehicle 'pedestrian_GW1-1_2570_tr'
Warning: Removing person 'pedestrian_GW1-1_2200' at removal of vehicle 'pedestrian_GW1-1_2200_tr'
Warning: Person 'pedestrian_1-1-pt_8092' is jammed on edge ':145241_c0', time=21369.00.
Warning: Teleporting vehicle 'pedestrian_2-1_2265_tr'; waited too long (yield), lane='153405#3_1', time=21369.00.
Warning: Person 'pedestrian_1-1-pt_6404' is jammed on edge ':144390_w0', time=21371.00.
Warning: Vehicle 'pedestrian_2-1_2265_tr' ends teleporting on edge '153406#0', time=21372.00.
Warning: Teleporting vehicle 'pedestrian_1-2_5661_tr'; waited too long (yield), lane='152811_1', time=21375.00.
Warning: Teleporting vehicle 'pedestrian_1-3_1864_tr'; waited too long (jam), lane='153405#1_1', time=21375.00.
Warning: Removing person 'pedestrian_1-GW1_1854' at removal of vehicle 'pedestrian_1-GW1_1854_tr'
Warning: Vehicle 'pedestrian_1-3_1864_tr' ends teleporting on edge '153405#2', time=21375.00.
Warning: Vehicle 'pedestrian_1-2_5661_tr' ends teleporting on edge '152816#5', time=21375.00.
Warning: Person 'pedestrian_1-1-pt_494' is jammed on edge ':148237_c0', time=21376.00.
Warning: Person 'pedestrian_1-1-pt_2162' is jammed on edge ':148237_c0', time=21377.00.
Warning: Teleporting vehicle 'pedestrian_1-2_2750_tr'; waited too long (yield), lane=':139010_2_0', time=21377.00.
Warning: Removing person 'pedestrian_GW1-1_2300' at removal of vehicle 'pedestrian_GW1-1_2300_tr'
Warning: Vehicle 'pedestrian_1-2_2750_tr' ends teleporting on edge '-152945#2', time=21377.00.
Warning: Removing person 'pedestrian_1-GW1_1509' at removal of vehicle 'pedestrian_1-GW1_1509_tr'
Warning: Teleporting vehicle 'pedestrian_1-3_4518_tr'; waited too long (yield), lane='152831#2_1', time=21379.00.
Warning: Vehicle 'pedestrian_1-3_4518_tr' ends teleporting on edge '152305', time=21379.00.
Warning: Teleporting vehicle 'pedestrian_1-3_2199_tr'; waited too long (yield), lane=':cluster_136767_142947_144456_144838_5_0', time=21381.00.
Warning: Teleporting vehicle 'bus_3:Otto.3'; waited too long (yield), lane='152967_1', time=21381.00.
Warning: Removing person 'pedestrian_GW1-1_3419' at removal of vehicle 'pedestrian_GW1-1_3419_tr'
Warning: Vehicle 'pedestrian_1-3_2199_tr' ends teleporting on edge '-152361', time=21381.00.
Warning: Person 'pedestrian_1-1-pt_4412' is jammed on edge ':145241_c0', time=21382.00.
Warning: Person 'pedestrian_1-1-pt_8618' is jammed on edge ':140336_c0', time=21382.00.
Warning: Teleporting vehicle 'commercial_1-2_300'; waited too long (yield), lane='152466#1_1', time=21382.00.
Warning: Removing person 'pedestrian_GW1-1_1214' at removal of vehicle 'pedestrian_GW1-1_1214_tr'
Warning: Vehicle 'commercial_1-2_300' ends teleporting on edge '152943#0', time=21382.00.
Warning: Teleporting vehicle 'pedestrian_1-2_2783_tr'; waited too long (jam), lane='152883#1_1', time=21383.00.
Warning: Vehicle 'pedestrian_1-2_2783_tr' ends teleporting on edge '152883#2', time=21383.00.
Warning: Teleporting vehicle 'pedestrian_1-3_3965_tr'; waited too long (yield), lane=':141683_3_0', time=21384.00.
Warning: Teleporting vehicle 'pedestrian_1-2_3727_tr'; waited too long (yield), lane='-152767#0_1', time=21384.00.
Warning: Teleporting vehicle 'pedestrian_1-3_3773_tr'; waited too long (yield), lane='-153559#3_1', time=21384.00.
Warning: Vehicle 'pedestrian_1-2_3727_tr' ends teleporting on edge '-152701#0', time=21384.00.
Warning: Vehicle 'pedestrian_1-3_3773_tr' ends teleporting on edge '152898#1', time=21384.00.
Warning: Vehicle 'pedestrian_1-3_3965_tr' ends teleporting on edge '-152780', time=21384.00.
Warning: Removing person 'pedestrian_GW1-1_3261' at removal of vehicle 'pedestrian_GW1-1_3261_tr'
Warning: Removing person 'pedestrian_GW1-1_3932' at removal of vehicle 'pedestrian_GW1-1_3932_tr'
Warning: Vehicle 'bus_3:Otto.3' ends teleporting on edge '152816#2', time=21386.00.
Warning: Removing person 'pedestrian_GW2-1_1680' at removal of vehicle 'pedestrian_GW2-1_1680_tr'
Warning: Teleporting vehicle 'pedestrian_1-3_4902_tr'; waited too long (jam), lane='152711#2_1', time=21388.00.
Warning: Teleporting vehicle 'pedestrian_1-3_3904_tr'; waited too long (yield), lane='-152451_1', time=21388.00.
Warning: Teleporting vehicle 'pedestrian_1-3_905_tr'; waited too long (jam), lane='153011#0_1', time=21389.00.
Warning: Removing person 'pedestrian_1-GW1_87' at removal of vehicle 'pedestrian_1-GW1_87_tr'
Warning: Vehicle 'pedestrian_1-3_905_tr' ends teleporting on edge '153011#1', time=21389.00.
Warning: Removing person 'pedestrian_GW1-1_3037' at removal of vehicle 'pedestrian_GW1-1_3037_tr'
Warning: Teleporting vehicle 'pedestrian_1-3_1411_tr'; waited too long (yield), lane='152546_1', time=21391.00.
Warning: Vehicle 'pedestrian_1-3_3904_tr' ends teleporting on edge '152874#3', time=21391.00.
Warning: Person 'pedestrian_1-1-pt_7244' is jammed on edge ':141648_w0', time=21392.00.
Warning: Teleporting vehicle 'pedestrian_2-1_6107_tr'; waited too long (yield), lane='152354#1_1', time=21393.00.
Warning: Teleporting vehicle 'pedestrian_1-3_2025_tr'; waited too long (yield), lane='152677#5_1', time=21401.00.
Warning: Teleporting vehicle 'bus_4:Fontvieille.4'; waited too long (yield), lane='153376_1', time=21403.00.
Warning: Teleporting vehicle 'pedestrian_2-1_2506_tr'; waited too long (jam), lane='153404#7_1', time=21403.00.
Warning: Vehicle 'bus_4:Fontvieille.4' ends teleporting on edge '152221', time=21403.00.
Warning: Vehicle 'pedestrian_2-1_2506_tr' ends teleporting on edge '153404#8', time=21403.00.
Warning: Removing person 'pedestrian_GW1-1_2878' at removal of vehicle 'pedestrian_GW1-1_2878_tr'
Warning: Teleporting vehicle 'pedestrian_1-3_4916_tr'; waited too long (yield), lane='152812#5_1', time=21406.00.
Warning: Vehicle 'pedestrian_1-3_4916_tr' ends teleporting on edge '152814#8', time=21406.00.
Warning: Vehicle 'pedestrian_2-1_6107_tr' ends teleporting on edge '-152667#10', time=21406.00.
Warning: Person 'pedestrian_1-1-pt_2138' is jammed on edge ':141350_w2', time=21407.00.
Warning: Teleporting vehicle 'pedestrian_1-2_475_tr'; waited too long (yield), lane='152805#0_1', time=21407.00.
Warning: Removing person 'pedestrian_GW1-1_634' at removal of vehicle 'pedestrian_GW1-1_634_tr'
Warning: Vehicle 'pedestrian_1-2_475_tr' ends teleporting on edge '-152831#1', time=21407.00.
Warning: Teleporting vehicle 'special_1-3_53'; waited too long (jam), lane='152677#4_1', time=21408.00.
Warning: Teleporting vehicle 'pedestrian_1-1-veh_129_tr'; waited too long (yield), lane='-152766#0_1', time=21408.00.
Warning: Vehicle 'pedestrian_1-3_2025_tr' ends teleporting on edge '152650#0', time=21408.00.
Warning: Vehicle 'pedestrian_1-1-veh_129_tr' ends teleporting on edge '152960#7', time=21408.00.
Warning: Teleporting vehicle 'pedestrian_1-1-pt_2680_tr'; waited too long (yield), lane='-152606#8_1', time=21409.00.
Warning: Vehicle 'pedestrian_1-1-pt_2680_tr' ends teleporting on edge '-152606#7', time=21409.00.
Warning: Teleporting vehicle 'pedestrian_1-3_5622_tr'; waited too long (jam), lane='-152676#1_1', time=21410.00.
Warning: Vehicle 'pedestrian_1-3_4902_tr' ends teleporting on edge '-152701#3', time=21411.00.
Warning: Removing person 'pedestrian_GW2-1_1823' at removal of vehicle 'pedestrian_GW2-1_1823_tr'
Warning: Teleporting vehicle 'pedestrian_1-3_4775_tr'; waited too long (yield), lane='-152895#1_1', time=21417.00.
Warning: Removing person 'pedestrian_GW2-1_2051' at removal of vehicle 'pedestrian_GW2-1_2051_tr'
Warning: Vehicle 'pedestrian_1-3_4775_tr' ends teleporting on edge '-153476#0', time=21417.00.
Warning: Teleporting vehicle 'pedestrian_1-1-pt_4889_tr'; waited too long (yield), lane=':141350_3_0', time=21418.00.
Warning: Teleporting vehicle 'pedestrian_1-3_2897_tr'; waited too long (yield), lane='152384_1', time=21418.00.
Warning: Vehicle 'pedestrian_1-3_2897_tr' ends teleporting on edge '152816#0', time=21418.00.
Warning: Vehicle 'pedestrian_1-1-pt_4889_tr' ends teleporting on edge '-152595#1', time=21418.00.
Warning: Removing person 'pedestrian_GW1-1_2257' at removal of vehicle 'pedestrian_GW1-1_2257_tr'
Warning: Removing person 'pedestrian_1-GW2_1096' at removal of vehicle 'pedestrian_1-GW2_1096_tr'
Warning: Vehicle 'pedestrian_1-3_5622_tr' ends teleporting on edge '152677#4', time=21422.00.
Warning: Teleporting vehicle 'pedestrian_1-3_5418_tr'; waited too long (jam), lane='152677#3_1', time=21424.00.
Warning: Vehicle 'pedestrian_1-3_1411_tr' ends teleporting on edge '-152767#1', time=21424.00.
Warning: Teleporting vehicle 'bus_2:Jardin.7'; waited too long (yield), lane='-152773_1', time=21426.00.
Warning: Vehicle 'bus_2:Jardin.7' ends teleporting on edge '152774', time=21426.00.
Warning: Teleporting vehicle 'pedestrian_1-2_390_tr'; waited too long (yield), lane='152668#2_1', time=21428.00.
Warning: Vehicle 'pedestrian_1-2_390_tr' ends teleporting on edge '152667#4', time=21428.00.
Warning: Person 'pedestrian_1-1-pt_3931' is jammed on edge ':132919_w0', time=21429.00.
Warning: Removing person 'pedestrian_GW2-1_11' at removal of vehicle 'pedestrian_GW2-1_11_tr'
Warning: Removing person 'pedestrian_1-GW1_1902' at removal of vehicle 'pedestrian_1-GW1_1902_tr'
Warning: Removing person 'pedestrian_1-GW2_1569' at removal of vehicle 'pedestrian_1-GW2_1569_tr'
Warning: Teleporting vehicle 'pedestrian_1-1-pt_5850_tr'; waited too long (yield), lane='-153006#0_1', time=21432.00.
Warning: Vehicle 'pedestrian_1-1-pt_5850_tr' ends teleporting on edge '152899#2', time=21432.00.
Warning: Teleporting vehicle 'pedestrian_1-3_738_tr'; waited too long (yield), lane='-152716_1', time=21434.00.
Warning: Vehicle 'pedestrian_1-3_738_tr' ends teleporting on edge '-152767#3', time=21434.00.
Warning: Vehicle 'special_1-3_53' ends teleporting on edge '152677#5', time=21434.00.
Warning: Teleporting vehicle 'pedestrian_1-2_2331_tr'; waited too long (yield), lane='152665_1', time=21437.00.
Warning: Teleporting vehicle 'pedestrian_1-2_1650_tr'; waited too long (yield), lane='152830#2_1', time=21437.00.
Warning: Removing person 'pedestrian_GW1-1_940' at removal of vehicle 'pedestrian_GW1-1_940_tr'
Warning: Vehicle 'pedestrian_1-2_1650_tr' ends teleporting on edge '152836#5', time=21437.00.
Warning: Vehicle 'pedestrian_1-2_2331_tr' ends teleporting on edge '152775#3', time=21437.00.
Warning: Vehicle 'pedestrian_1-3_5418_tr' ends teleporting on edge '152677#4', time=21439.00.
Warning: Person 'pedestrian_1-1-pt_3095' is jammed on edge ':137320_w2', time=21440.00.
Warning: Teleporting vehicle 'commercial_1-2_326'; waited too long (yield), lane='-152386#1_1', time=21440.00.
Warning: Removing person 'pedestrian_3-1_3358' at removal of vehicle 'pedestrian_3-1_3358_tr'
Warning: Vehicle 'commercial_1-2_326' ends teleporting on edge '-152386#0', time=21440.00.
Warning: Removing person 'pedestrian_1-GW1_2102' at removal of vehicle 'pedestrian_1-GW1_2102_tr'
Warning: Teleporting vehicle 'pedestrian_1-2_950_tr'; waited too long (yield), lane='152711#3_1', time=21446.00.
Warning: Vehicle 'pedestrian_1-2_950_tr' ends teleporting on edge '-152701#3', time=21446.00.
Warning: Teleporting vehicle 'pedestrian_1-1-veh_569_tr'; waited too long (yield), lane=':150994_2_0', time=21447.00.
Warning: Teleporting vehicle 'pedestrian_2-1_2868_tr'; waited too long (yield), lane='152895#0_1', time=21447.00.
Warning: Teleporting vehicle 'commercial_1-1_84'; waited too long (yield), lane='152457#1_1', time=21447.00.
Warning: Vehicle 'pedestrian_1-1-veh_569_tr' ends teleporting on edge '-152665', time=21447.00.
Warning: Vehicle 'commercial_1-1_84' ends teleporting on edge '152457#2', time=21447.00.
Warning: Vehicle 'pedestrian_2-1_2868_tr' ends teleporting on edge '-153476#0', time=21447.00.
Warning: Teleporting vehicle 'pedestrian_1-1-pt_8637_tr'; waited too long (yield), lane='153280_0', time=21449.00.
Warning: Teleporting vehicle 'special_1-2_290'; waited too long (yield), lane='152654#3_1', time=21449.00.
Warning: Teleporting vehicle 'bus_2:Jardin.6'; waited too long (yield), lane='-152760_1', time=21449.00.
Warning: Vehicle 'pedestrian_1-1-pt_8637_tr' ends teleporting on edge '-152860', time=21449.00.
Warning: Person 'pedestrian_1-1-pt_363' is jammed on edge ':132074_w1', time=21450.00.
Warning: Teleporting vehicle 'pedestrian_1-1-pt_3108_tr'; waited too long (yield), lane=':138267_5_0', time=21450.00.
Warning: Removing person 'pedestrian_GW1-1_1756' at removal of vehicle 'pedestrian_GW1-1_1756_tr'
Warning: Vehicle 'pedestrian_1-1-pt_3108_tr' ends teleporting on edge '152801', time=21450.00.
Warning: Teleporting vehicle 'bus_2:Monaco.7'; waited too long (yield), lane='152896_1', time=21452.00.
Warning: Vehicle 'bus_2:Monaco.7' ends teleporting on edge '152814#1', time=21452.00.
Warning: Teleporting vehicle 'pedestrian_1-3_3118_tr'; waited too long (yield), lane='-152676#0_1', time=21453.00.
Warning: Teleporting vehicle 'pedestrian_1-2_4118_tr'; waited too long (yield), lane='-152812#4_1', time=21455.00.
Warning: Vehicle 'pedestrian_1-2_4118_tr' ends teleporting on edge '-152812#3', time=21455.00.
Warning: Teleporting vehicle 'pedestrian_1-3_1336_tr'; waited too long (yield), lane=':141956_4_0', time=21456.00.
Warning: Vehicle 'pedestrian_1-3_1336_tr' ends teleporting on edge '-152668#2', time=21456.00.
Warning: Removing person 'pedestrian_1-GW2_1146' at removal of vehicle 'pedestrian_1-GW2_1146_tr'
Warning: Removing person 'pedestrian_1-GW2_1472' at removal of vehicle 'pedestrian_1-GW2_1472_tr'
Warning: Removing person 'pedestrian_GW1-1_2163' at removal of vehicle 'pedestrian_GW1-1_2163_tr'
Warning: Person 'pedestrian_1-1-pt_23' is jammed on edge ':142022_c0', time=21460.00.
Warning: Teleporting vehicle 'pedestrian_1-3_1112_tr'; waited too long (yield), lane='152900#1_1', time=21460.00.
Warning: Removing person 'pedestrian_GW1-1_3742' at removal of vehicle 'pedestrian_GW1-1_3742_tr'
Warning: Vehicle 'pedestrian_1-3_1112_tr' ends teleporting on edge '152982#4', time=21460.00.
Warning: Removing person 'pedestrian_GW1-1_1308' at removal of vehicle 'pedestrian_GW1-1_1308_tr'
Warning: Removing person 'pedestrian_GW1-1_1694' at removal of vehicle 'pedestrian_GW1-1_1694_tr'
Warning: Removing person 'pedestrian_3-1_3632' at removal of vehicle 'pedestrian_3-1_3632_tr'
Warning: Removing person 'pedestrian_GW1-1_3213' at removal of vehicle 'pedestrian_GW1-1_3213_tr'
Warning: Teleporting vehicle 'pedestrian_1-2_4073_tr'; waited too long (yield), lane='153401_1', time=21467.00.
Warning: Vehicle 'pedestrian_1-2_4073_tr' ends teleporting on edge '152647#2', time=21467.00.
Warning: Teleporting vehicle 'pedestrian_1-3_624_tr'; waited too long (yield), lane='152361_1', time=21469.00.
Warning: Vehicle 'pedestrian_1-3_624_tr' ends teleporting on edge '152535#4', time=21469.00.
Warning: Removing person 'pedestrian_1-GW1_14' at removal of vehicle 'pedestrian_1-GW1_14_tr'
Warning: Teleporting vehicle 'pedestrian_1-1-pt_1071_tr'; waited too long (yield), lane='-152830#0_1', time=21471.00.
Warning: Vehicle 'pedestrian_1-1-pt_1071_tr' ends teleporting on edge '-153441#1', time=21471.00.
Warning: Person 'pedestrian_1-1-pt_7700' is jammed on edge ':146732_w1', time=21472.00.
Warning: Person 'pedestrian_1-1-pt_3067' is jammed on edge ':150062_w2', time=21473.00.
Warning: Teleporting vehicle 'pedestrian_1-1-pt_5689_tr'; waited too long (yield), lane='-152763_1', time=21474.00.
Warning: Vehicle 'pedestrian_1-1-pt_5689_tr' ends teleporting on edge '152776', time=21474.00.
Warning: Teleporting vehicle 'pedestrian_1-2_949_tr'; waited too long (jam), lane=':146732_5_0', time=21477.00.
Warning: Teleporting vehicle 'pedestrian_2-1_760_tr'; waited too long (yield), lane='153410#9_1', time=21477.00.
Warning: Removing person 'pedestrian_GW1-1_2351' at removal of vehicle 'pedestrian_GW1-1_2351_tr'
Warning: Vehicle 'special_1-2_290' ends teleporting on edge '152670#3', time=21477.00.
Warning: Vehicle 'pedestrian_1-2_949_tr' ends teleporting on edge '-152706#3', time=21477.00.
Warning: Vehicle 'pedestrian_2-1_760_tr' ends teleporting on edge '-153331#2', time=21477.00.
Warning: Teleporting vehicle 'bus_5:Larvotto.0'; waited too long (yield), lane='152945#2_1', time=21478.00.
Warning: Removing person 'pedestrian_1-GW2_1344' at removal of vehicle 'pedestrian_1-GW2_1344_tr'
Warning: Vehicle 'bus_5:Larvotto.0' ends teleporting on edge '152814#11', time=21478.00.
Warning: Teleporting vehicle 'pedestrian_1-2_3858_tr'; waited too long (yield), lane=':144371_3_0', time=21479.00.
Warning: Removing person 'pedestrian_GW1-1_1980' at removal of vehicle 'pedestrian_GW1-1_1980_tr'
Warning: Vehicle 'pedestrian_1-2_3858_tr' ends teleporting on edge '152606#8', time=21479.00.
Warning: Teleporting vehicle 'commercial_1-1_629'; waited too long (yield), lane='152780_1', time=21480.00.
Warning: Vehicle 'commercial_1-1_629' ends teleporting on edge '-152767#1', time=21480.00.
Warning: Teleporting vehicle 'pedestrian_1-3_1592_tr'; waited too long (yield), lane=':142622_3_0', time=21482.00.
Warning: Removing person 'pedestrian_GW2-1_2070' at removal of vehicle 'pedestrian_GW2-1_2070_tr'
Warning: Vehicle 'pedestrian_1-3_1592_tr' ends teleporting on edge '153415#0', time=21482.00.
Warning: Removing person 'pedestrian_1-GW1_673' at removal of vehicle 'pedestrian_1-GW1_673_tr'
Warning: Teleporting vehicle 'pedestrian_2-1_3376_tr'; waited too long (yield), lane='-152878_1', time=21485.00.
Warning: Vehicle 'pedestrian_2-1_3376_tr' ends teleporting on edge '152883#1', time=21485.00.
Warning: Teleporting vehicle 'commercial_1-GW2_0'; waited too long (yield), lane='-152831#0_1', time=21486.00.
Warning: Teleporting vehicle 'commercial_1-GW1_263'; waited too long (jam), lane='152935_1', time=21486.00.
Warning: Vehicle 'commercial_1-GW1_263' ends teleporting on edge '152806', time=21486.00.
Warning: Vehicle 'commercial_1-GW2_0' ends teleporting on edge '152816#4', time=21486.00.
Warning: Removing person 'pedestrian_1-GW2_598' at removal of vehicle 'pedestrian_1-GW2_598_tr'
Warning: Person 'pedestrian_1-1-pt_3021' is jammed on edge ':136403_w1', time=21488.00.
Warning: Removing person 'pedestrian_GW2-1_2406' at removal of vehicle 'pedestrian_GW2-1_2406_tr'
Warning: Teleporting vehicle 'pedestrian_1-3_4468_tr'; waited too long (yield), lane='-152799_1', time=21491.00.
Warning: Teleporting vehicle 'pedestrian_1-2_3883_tr'; waited too long (yield), lane='152672#2_1', time=21492.00.
Warning: Teleporting vehicle 'commercial_1-3_207'; waited too long (jam), lane='152290_0', time=21492.00.
Warning: Vehicle 'pedestrian_1-2_3883_tr' ends teleporting on edge '-152775#0', time=21492.00.
Warning: Teleporting vehicle 'pedestrian_1-3_3480_tr'; waited too long (jam), lane='152805#1_1', time=21495.00.
Warning: Removing person 'pedestrian_GW1-1_763' at removal of vehicle 'pedestrian_GW1-1_763_tr'
Warning: Removing person 'pedestrian_1-GW1_1201' at removal of vehicle 'pedestrian_1-GW1_1201_tr'
Warning: Vehicle 'pedestrian_1-3_4468_tr' ends teleporting on edge '152773', time=21495.00.
Warning: Removing person 'pedestrian_1-GW1_355' at removal of vehicle 'pedestrian_1-GW1_355_tr'
Warning: Teleporting vehicle 'pedestrian_1-3_3809_tr'; waited too long (yield), lane='152287_0', time=21499.00.
Warning: Vehicle 'pedestrian_1-3_3809_tr' ends teleporting on edge '152654#1', time=21499.00.
Warning: Vehicle 'pedestrian_1-3_3480_tr' ends teleporting on edge '152805#2', time=21502.00.
Warning: Person 'pedestrian_1-1-pt_1681' is jammed on edge ':144371_w0', time=21503.00.
Warning: Teleporting vehicle 'pedestrian_1-3_3546_tr'; waited too long (yield), lane='152677#2_1', time=21503.00.
Warning: Teleporting vehicle 'bus_1:SaintRoman.2'; waited too long (yield), lane='152817#3_1', time=21503.00.
Warning: Vehicle 'pedestrian_1-3_3546_tr' ends teleporting on edge '152677#3', time=21503.00.
Warning: Teleporting vehicle 'pedestrian_2-1_2506_tr'; waited too long (yield), lane='153404#8_1', time=21504.00.
Warning: Removing person 'pedestrian_GW1-1_413' at removal of vehicle 'pedestrian_GW1-1_413_tr'
Warning: Removing person 'pedestrian_1-GW2_1607' at removal of vehicle 'pedestrian_1-GW2_1607_tr'
Warning: Person 'pedestrian_1-1-pt_2771' is jammed on edge ':137164_w0', time=21507.00.
Warning: Vehicle 'bus_1:SaintRoman.2' ends teleporting on edge '152959#1', time=21507.00.
Warning: Vehicle 'pedestrian_2-1_2506_tr' ends teleporting on edge '153003#1', time=21507.00.
Warning: Vehicle 'pedestrian_1-3_3118_tr' ends teleporting on edge '152650#0', time=21508.00.
Warning: Person 'pedestrian_1-1-pt_2483' is jammed on edge ':151737_c0', time=21513.00.
Warning: Teleporting vehicle 'pedestrian_1-1-veh_368_tr'; waited too long (yield), lane=':139010_2_0', time=21515.00.
Warning: Vehicle 'pedestrian_1-1-veh_368_tr' ends teleporting on edge '-152945#2', time=21515.00.
Warning: Teleporting vehicle 'pedestrian_1-1-pt_1533_tr'; waited too long (yield), lane=':cluster_145129_151820_6_0', time=21516.00.
Warning: Vehicle 'pedestrian_1-1-pt_1533_tr' ends teleporting on edge '152396#1', time=21516.00.
Warning: Teleporting vehicle 'commercial_1-3_50'; waited too long (yield), lane='152709#2_1', time=21517.00.
Warning: Teleporting vehicle 'pedestrian_2-1_4803_tr'; waited too long (yield), lane='-152902#0_1', time=21518.00.
Warning: Vehicle 'pedestrian_2-1_4803_tr' ends teleporting on edge '152402#1', time=21518.00.
Warning: Removing person 'pedestrian_1-GW1_1518' at removal of vehicle 'pedestrian_1-GW1_1518_tr'
Warning: Person 'pedestrian_1-1-pt_2067' is jammed on edge ':147158_w0', time=21521.00.
Warning: Teleporting vehicle 'pedestrian_1-1-pt_4058_tr'; waited too long (jam), lane=':148634_0_0', time=21521.00.
Warning: Teleporting vehicle 'pedestrian_1-2_1760_tr'; waited too long (yield), lane='-152896_1', time=21525.00.
Warning: Teleporting vehicle 'pedestrian_1-3_1790_tr'; waited too long (yield), lane='-152767#0_1', time=21525.00.
Warning: Teleporting vehicle 'pedestrian_1-3_4102_tr'; waited too long (yield), lane='152451_1', time=21525.00.
Warning: Vehicle 'pedestrian_1-3_1790_tr' ends teleporting on edge '-152701#0', time=21525.00.
Warning: Vehicle 'pedestrian_1-3_4102_tr' ends teleporting on edge '152458#0', time=21525.00.
Warning: Vehicle 'pedestrian_1-2_1760_tr' ends teleporting on edge '-152814#1', time=21525.00.
Warning: Teleporting vehicle 'special_1-1_89'; waited too long (jam), lane='153405#1_1', time=21526.00.
Warning: Removing person 'pedestrian_1-GW2_579' at removal of vehicle 'pedestrian_1-GW2_579_tr'
Warning: Vehicle 'special_1-1_89' ends teleporting on edge '153405#2', time=21526.00.
Warning: Teleporting vehicle 'pedestrian_1-3_1738_tr'; waited too long (yield), lane=':142062_1_0', time=21528.00.
Warning: Teleporting vehicle 'pedestrian_1-1-pt_7979_tr'; waited too long (yield), lane='-152606#8_1', time=21530.00.
Warning: Vehicle 'pedestrian_1-1-pt_7979_tr' ends teleporting on edge '-152606#7', time=21530.00.
Warning: Teleporting vehicle 'pedestrian_1-1-pt_2266_tr'; waited too long (yield), lane='152546_1', time=21531.00.
Warning: Vehicle 'pedestrian_1-1-pt_2266_tr' ends teleporting on edge '-152767#2', time=21531.00.
Warning: Teleporting vehicle 'commercial_1-2_288'; waited too long (yield), lane=':cluster_136767_142947_144456_144838_5_0', time=21532.00.
Warning: Removing person 'pedestrian_1-GW2_846' at removal of vehicle 'pedestrian_1-GW2_846_tr'
Warning: Vehicle 'commercial_1-2_288' ends teleporting on edge '-152361', time=21532.00.
Warning: Vehicle 'pedestrian_1-1-pt_4058_tr' ends teleporting on edge '152312#3', time=21533.00.
Warning: Teleporting vehicle 'commercial_1-1_334'; waited too long (yield), lane=':141683_3_0', time=21535.00.
Warning: Vehicle 'commercial_1-1_334' ends teleporting on edge '-152780', time=21535.00.
Warning: Person 'pedestrian_1-1-pt_6397' is jammed on edge ':cluster_138810_140895_w1', time=21537.00.
Warning: Vehicle 'bus_2:Jardin.6' ends teleporting on edge '152776', time=21538.00.
Warning: Teleporting vehicle 'pedestrian_1-2_3005_tr'; waited too long (yield), lane='153559#2_1', time=21541.00.
Warning: Vehicle 'pedestrian_1-2_3005_tr' ends teleporting on edge '153559#3', time=21541.00.
Warning: Teleporting vehicle 'pedestrian_1-2_2965_tr'; waited too long (yield), lane=':135380_3_0', time=21544.00.
Warning: Vehicle 'pedestrian_1-2_2965_tr' ends teleporting on edge '152668#0', time=21544.00.
Warning: Removing person 'pedestrian_GW2-1_2010' at removal of vehicle 'pedestrian_GW2-1_2010_tr'
Warning: Teleporting vehicle 'commercial_1-1_84'; waited too long (yield), lane='152457#2_1', time=21548.00.
Warning: Vehicle 'commercial_1-1_84' ends teleporting on edge '152165#1', time=21548.00.
Warning: Removing person 'pedestrian_GW1-1_1601' at removal of vehicle 'pedestrian_GW1-1_1601_tr'
Warning: Removing person 'pedestrian_GW1-1_1580' at removal of vehicle 'pedestrian_GW1-1_1580_tr'
Warning: Removing person 'pedestrian_GW2-1_1616' at removal of vehicle 'pedestrian_GW2-1_1616_tr'
Warning: Teleporting vehicle 'pedestrian_1-1-pt_3870_tr'; waited too long (yield), lane='152466#1_1', time=21562.00.
Warning: Vehicle 'pedestrian_1-1-pt_3870_tr' ends teleporting on edge '152943#0', time=21562.00.
Warning: Teleporting vehicle 'pedestrian_1-3_4000_tr'; waited too long (yield), lane='-153556_1', time=21563.00.
Warning: Vehicle 'pedestrian_1-3_4000_tr' ends teleporting on edge '-153413#16', time=21563.00.
Warning: Teleporting vehicle 'commercial_1-3_162'; waited too long (yield), lane='152595#1_1', time=21564.00.
Warning: Vehicle 'commercial_1-3_162' ends teleporting on edge '152937#4', time=21564.00.
Warning: Teleporting vehicle 'pedestrian_1-3_644_tr'; waited too long (jam), lane='152677#4_1', time=21566.00.
Warning: Teleporting vehicle 'pedestrian_2-1_5970_tr'; waited too long (yield), lane='-153006#0_1', time=21566.00.
Warning: Vehicle 'pedestrian_2-1_5970_tr' ends teleporting on edge '152899#2', time=21566.00.
Warning: Person 'pedestrian_1-1-pt_5648' is jammed on edge ':cluster_137367_144583_146539_147417_w4', time=21567.00.
Warning: Teleporting vehicle 'pedestrian_1-3_3249_tr'; waited too long (yield), lane='152967_1', time=21568.00.
Warning: Vehicle 'pedestrian_1-3_3249_tr' ends teleporting on edge '152816#2', time=21568.00.
Warning: Removing person 'pedestrian_1-GW2_1292' at removal of vehicle 'pedestrian_1-GW2_1292_tr'
Warning: Teleporting vehicle 'pedestrian_1-2_4887_tr'; waited too long (yield), lane='-152886#0_1', time=21570.00.
Warning: Vehicle 'pedestrian_1-2_4887_tr' ends teleporting on edge '152975#4', time=21570.00.
Warning: Teleporting vehicle 'commercial_3-1_112'; waited too long (yield), lane='152479_1', time=21574.00.
Warning: Removing person 'pedestrian_1-GW1_308' at removal of vehicle 'pedestrian_1-GW1_308_tr'
Warning: Removing person 'pedestrian_GW1-1_2586' at removal of vehicle 'pedestrian_GW1-1_2586_tr'
Warning: Teleporting vehicle 'pedestrian_1-3_4283_tr'; waited too long (jam), lane='152677#3_1', time=21578.00.
Warning: Vehicle 'pedestrian_1-3_4283_tr' ends teleporting on edge '152677#4', time=21578.00.
Warning: Teleporting vehicle 'pedestrian_2-1_4638_tr'; waited too long (yield), lane='152938#2_1', time=21581.00.
Warning: Vehicle 'pedestrian_2-1_4638_tr' ends teleporting on edge '152419#1', time=21581.00.
Warning: Person 'pedestrian_1-1-pt_677' is jammed on edge ':141920_c0', time=21582.00.
Warning: Teleporting vehicle 'pedestrian_1-3_3915_tr'; waited too long (yield), lane='152711#3_1', time=21582.00.
Warning: Person 'pedestrian_1-1-pt_6397' is jammed on edge ':cluster_138810_140895_c1', time=21585.00.
Warning: Teleporting vehicle 'pedestrian_1-1-pt_1673_tr'; waited too long (yield), lane='152825#1_1', time=21592.00.
Warning: Teleporting vehicle 'pedestrian_1-2_3163_tr'; waited too long (yield), lane='152825#1_1', time=21593.00.
Warning: Vehicle 'pedestrian_1-3_3915_tr' ends teleporting on edge '-152701#3', time=21594.00.
Warning: Removing person 'pedestrian_GW2-1_2916' at removal of vehicle 'pedestrian_GW2-1_2916_tr'
Warning: Teleporting vehicle 'pedestrian_1-1-pt_7354_tr'; waited too long (yield), lane=':145828_7_0', time=21596.00.
Warning: Vehicle 'pedestrian_1-1-pt_7354_tr' ends teleporting on edge '152896', time=21596.00.
Warning: Teleporting vehicle 'commercial_1-GW1_368'; waited too long (jam), lane='152647#1_1', time=21597.00.
Warning: Teleporting vehicle 'pedestrian_1-3_390_tr'; waited too long (yield), lane='-152163#0_1', time=21597.00.
Warning: Teleporting vehicle 'pedestrian_1-2_4676_tr'; waited too long (yield), lane='-152491#0_1', time=21599.00.
Warning: Teleporting vehicle 'pedestrian_1-2_901_tr'; waited too long (yield), lane='-152650#1_1', time=21599.00.
Warning: Teleporting vehicle 'pedestrian_1-3_3575_tr'; waited too long (yield), lane='152939#5_1', time=21599.00.
Warning: Teleporting vehicle 'pedestrian_2-1_2807_tr'; waited too long (yield), lane='152607_1', time=21599.00.
Warning: Teleporting vehicle 'commercial_1-2_323'; waited too long (yield), lane='153401_1', time=21599.00.
Warning: Removing person 'pedestrian_1-GW2_651' at removal of vehicle 'pedestrian_1-GW2_651_tr'
Warning: Vehicle 'pedestrian_2-1_2807_tr' ends teleporting on edge '152363#3', time=21599.00.
Warning: Vehicle 'pedestrian_1-2_4676_tr' ends teleporting on edge '152701#5', time=21599.00.
Warning: Vehicle 'pedestrian_1-3_3575_tr' ends teleporting on edge '-152775#5', time=21599.00.
Warning: Teleporting vehicle 'pedestrian_1-2_3514_tr'; waited too long (yield), lane='-152610_1', time=21601.00.
Warning: Vehicle 'pedestrian_1-2_3514_tr' ends teleporting on edge '-152605#2', time=21601.00.
Warning: Person 'pedestrian_1-1-pt_3552' is jammed on edge ':134522_w0', time=21603.00.
Warning: Teleporting vehicle 'pedestrian_1-2_134_tr'; waited too long (yield), lane='-152682#1_1', time=21603.00.
Warning: Teleporting vehicle 'pedestrian_1-2_285_tr'; waited too long (yield), lane=':146732_10_0', time=21604.00.
Warning: Vehicle 'pedestrian_1-2_285_tr' ends teleporting on edge '-152706#3', time=21604.00.
Warning: Vehicle 'pedestrian_1-2_901_tr' ends teleporting on edge '152672#2', time=21604.00.
Warning: Removing person 'pedestrian_GW1-1_795' at removal of vehicle 'pedestrian_GW1-1_795_tr'
Warning: Vehicle 'pedestrian_1-2_134_tr' ends teleporting on edge '-153415#0', time=21605.00.
Warning: Person 'pedestrian_1-1-pt_4507' is jammed on edge ':148876_w1', time=21606.00.
Warning: Vehicle 'pedestrian_1-1-pt_1673_tr' ends teleporting on edge '152959#4', time=21606.00.
Warning: Person 'pedestrian_1-1-pt_6649' is jammed on edge ':132625_w1', time=21607.00.
Warning: Vehicle 'pedestrian_1-2_3163_tr' ends teleporting on edge '152959#4', time=21607.00.
Warning: Teleporting vehicle 'pedestrian_1-2_2479_tr'; waited too long (jam), lane=':132043_1_0', time=21609.00.
Warning: Person 'pedestrian_1-1-pt_8363' is jammed on edge ':138949_c0', time=21611.00.
Warning: Teleporting vehicle 'pedestrian_1-1-veh_837_tr'; waited too long (yield), lane='152900#1_1', time=21611.00.
Warning: Teleporting vehicle 'pedestrian_1-1-veh_569_tr'; waited too long (yield), lane='-152665_1', time=21612.00.
Warning: Vehicle 'pedestrian_1-1-veh_569_tr' ends teleporting on edge '152381', time=21612.00.
Warning: Vehicle 'pedestrian_1-2_2479_tr' ends teleporting on edge '-152309', time=21612.00.
Warning: Vehicle 'commercial_1-3_50' ends teleporting on edge '153415#0', time=21613.00.
Warning: Teleporting vehicle 'pedestrian_1-3_2882_tr'; waited too long (jam), lane='-152812#5_1', time=21615.00.
Warning: Vehicle 'pedestrian_1-3_2882_tr' ends teleporting on edge '-152812#4', time=21615.00.
Warning: Teleporting vehicle 'pedestrian_1-2_5698_tr'; waited too long (yield), lane=':144371_3_0', time=21617.00.
Warning: Vehicle 'pedestrian_1-2_5698_tr' ends teleporting on edge '152606#8', time=21617.00.
Warning: Teleporting vehicle 'pedestrian_1-3_5622_tr'; waited too long (jam), lane=':135380_1_0', time=21619.00.
Warning: Removing person 'pedestrian_3-1_3832' at removal of vehicle 'pedestrian_3-1_3832_tr'
Warning: Vehicle 'pedestrian_1-1-veh_837_tr' ends teleporting on edge '152973', time=21621.00.
Warning: Teleporting vehicle 'pedestrian_2-1_6256_tr'; waited too long (yield), lane='-152878_1', time=21622.00.
Warning: Teleporting vehicle 'pedestrian_1-1-veh_42_tr'; waited too long (yield), lane='-152451_1', time=21622.00.
Warning: Vehicle 'pedestrian_1-1-veh_42_tr' ends teleporting on edge '152874#1', time=21622.00.
Warning: Person 'pedestrian_1-1-pt_2503' is jammed on edge ':138707_c0', time=21624.00.
Warning: Vehicle 'commercial_1-3_207' ends teleporting on edge '-152662', time=21625.00.
Warning: Teleporting vehicle 'pedestrian_1-2_2552_tr'; waited too long (yield), lane='-152666_1', time=21626.00.
Warning: Vehicle 'pedestrian_1-2_2552_tr' ends teleporting on edge '152668#1', time=21626.00.
Warning: Teleporting vehicle 'pedestrian_1-2_4473_tr'; waited too long (yield), lane='-152807_1', time=21627.00.
Warning: Teleporting vehicle 'pedestrian_1-1-pt_6561_tr'; waited too long (yield), lane='152780_1', time=21627.00.
Warning: Teleporting vehicle 'pedestrian_1-2_5297_tr'; waited too long (yield), lane='152347#1_1', time=21627.00.
Warning: Removing person 'pedestrian_GW1-1_3211' at removal of vehicle 'pedestrian_GW1-1_3211_tr'
Warning: Vehicle 'pedestrian_1-1-pt_6561_tr' ends teleporting on edge '152767#2', time=21627.00.
Warning: Vehicle 'pedestrian_1-2_5297_tr' ends teleporting on edge '152535#0', time=21627.00.
Warning: Vehicle 'pedestrian_1-2_4473_tr' ends teleporting on edge '152814#10', time=21627.00.
Warning: Vehicle 'pedestrian_1-3_1738_tr' ends teleporting on edge '152940', time=21627.00.
Warning: Vehicle 'pedestrian_2-1_6256_tr' ends teleporting on edge '152883#1', time=21628.00.
Warning: Person 'pedestrian_1-1-pt_4788' is jammed on edge ':138267_w2', time=21629.00.
Warning: Removing person 'pedestrian_1-GW1_1698' at removal of vehicle 'pedestrian_1-GW1_1698_tr'
Warning: Teleporting vehicle 'pedestrian_1-1-veh_425_tr'; waited too long (yield), lane='-152760_1', time=21631.00.
Warning: Removing person 'pedestrian_1-GW1_2240' at removal of vehicle 'pedestrian_1-GW1_2240_tr'
Warning: Teleporting vehicle 'commercial_1-3_276'; waited too long (yield), lane='152782_1', time=21634.00.
Warning: Removing person 'pedestrian_GW2-1_2561' at removal of vehicle 'pedestrian_GW2-1_2561_tr'
Warning: Removing person 'pedestrian_GW1-1_1096' at removal of vehicle 'pedestrian_GW1-1_1096_tr'
Warning: Teleporting vehicle 'pedestrian_1-1-pt_134_tr'; waited too long (yield), lane='-152830#0_1', time=21636.00.
Warning: Vehicle 'pedestrian_1-1-pt_134_tr' ends teleporting on edge '-153441#1', time=21636.00.
Warning: Teleporting vehicle 'pedestrian_1-1-pt_8038_tr'; waited too long (yield), lane='153438_1', time=21638.00.
Warning: Removing person 'pedestrian_1-GW1_1359' at removal of vehicle 'pedestrian_1-GW1_1359_tr'
Warning: Vehicle 'pedestrian_1-1-pt_8038_tr' ends teleporting on edge '152801', time=21638.00.
Warning: Teleporting vehicle 'pedestrian_1-3_3809_tr'; waited too long (yield), lane='152654#1_1', time=21639.00.
Warning: Teleporting vehicle 'pedestrian_1-1-pt_2390_tr'; waited too long (yield), lane='-152831#0_1', time=21639.00.
Warning: Removing person 'pedestrian_2-1_1651' at removal of vehicle 'pedestrian_2-1_1651_tr'
Warning: Vehicle 'pedestrian_1-1-pt_2390_tr' ends teleporting on edge '152816#4', time=21639.00.
Warning: Teleporting vehicle 'pedestrian_1-2_4580_tr'; waited too long (yield), lane=':150503_3_0', time=21641.00.
Warning: Vehicle 'pedestrian_1-2_4580_tr' ends teleporting on edge '152654#4', time=21641.00.
Warning: Teleporting vehicle 'pedestrian_1-1-pt_1022_tr'; waited too long (jam), lane=':148634_0_0', time=21642.00.
Warning: Teleporting vehicle 'pedestrian_1-2_2871_tr'; waited too long (yield), lane='-152799_1', time=21643.00.
Warning: Teleporting vehicle 'pedestrian_1-2_1688_tr'; waited too long (yield), lane='152672#2_1', time=21643.00.
Warning: Vehicle 'pedestrian_1-2_1688_tr' ends teleporting on edge '-152775#0', time=21643.00.
Warning: Person 'pedestrian_1-1-pt_776' is jammed on edge ':136403_w0', time=21644.00.
Warning: Teleporting vehicle 'pedestrian_1-3_4803_tr'; waited too long (yield), lane='152677#5_1', time=21644.00.
Warning: Vehicle 'pedestrian_1-3_5622_tr' ends teleporting on edge '152677#5', time=21644.00.
Warning: Removing person 'pedestrian_1-GW2_494' at removal of vehicle 'pedestrian_1-GW2_494_tr'
Warning: Person 'pedestrian_1-1-pt_2542' is jammed on edge ':140688_c0', time=21648.00.
Warning: Teleporting vehicle 'pedestrian_1-2_5655_tr'; waited too long (yield), lane='-152831#0_1', time=21649.00.
Warning: Teleporting vehicle 'pedestrian_1-3_799_tr'; waited too long (yield), lane='152287_0', time=21649.00.
Warning: Vehicle 'commercial_1-3_276' ends teleporting on edge '152870#0', time=21649.00.
Warning: Vehicle 'pedestrian_1-3_3809_tr' ends teleporting on edge '152654#2', time=21649.00.
Warning: Vehicle 'pedestrian_1-3_799_tr' ends teleporting on edge '152654#1', time=21649.00.
Warning: Vehicle 'pedestrian_1-2_5655_tr' ends teleporting on edge '152816#4', time=21649.00.
Warning: Person 'pedestrian_1-1-pt_3888' is jammed on edge ':133313_w0', time=21651.00.
Warning: Teleporting vehicle 'special_1-2_217'; waited too long (jam), lane='-153331#1_1', time=21651.00.
Warning: Vehicle 'special_1-2_217' ends teleporting on edge '-153331#0', time=21651.00.
Warning: Person 'pedestrian_1-1-pt_205' is jammed on edge ':140256_w1', time=21653.00.
Warning: Person 'pedestrian_1-1-pt_665' is jammed on edge ':143468_c0', time=21653.00.
Warning: Removing person 'pedestrian_GW2-1_477' at removal of vehicle 'pedestrian_GW2-1_477_tr'
Warning: Teleporting vehicle 'pedestrian_1-3_2986_tr'; waited too long (jam), lane='152772_1', time=21654.00.
Warning: Vehicle 'pedestrian_1-1-pt_1022_tr' ends teleporting on edge '152312#3', time=21654.00.
Warning: Vehicle 'pedestrian_1-2_2871_tr' ends teleporting on edge '152772', time=21654.00.
Warning: Teleporting vehicle 'pedestrian_1-1-pt_6761_tr'; waited too long (yield), lane='152386#0_1', time=21655.00.
Warning: Vehicle 'pedestrian_1-1-pt_6761_tr' ends teleporting on edge '-152831#0', time=21655.00.
Warning: Person 'pedestrian_1-1-pt_7412' is jammed on edge ':134522_w0', time=21657.00.
Warning: Vehicle 'pedestrian_1-3_644_tr' ends teleporting on edge '152672#1', time=21657.00.
Warning: Removing person 'pedestrian_GW1-1_3470' at removal of vehicle 'pedestrian_GW1-1_3470_tr'
Warning: Teleporting vehicle 'pedestrian_1-3_4206_tr'; waited too long (jam), lane='-152999_1', time=21659.00.
Warning: Removing person 'pedestrian_GW2-1_2103' at removal of vehicle 'pedestrian_GW2-1_2103_tr'
Warning: Vehicle 'pedestrian_1-3_4206_tr' ends teleporting on edge '-152997', time=21659.00.
Warning: Removing person 'pedestrian_GW1-1_1979' at removal of vehicle 'pedestrian_GW1-1_1979_tr'
Warning: Removing person 'pedestrian_1-GW2_398' at removal of vehicle 'pedestrian_1-GW2_398_tr'
Warning: Removing person 'pedestrian_GW2-1_3009' at removal of vehicle 'pedestrian_GW2-1_3009_tr'
Warning: Person 'pedestrian_1-1-pt_5143' is jammed on edge ':cluster_136674_151012_w0', time=21663.00.
Warning: Teleporting vehicle 'pedestrian_1-3_1859_tr'; waited too long (yield), lane='153554#3_1', time=21664.00.
Warning: Vehicle 'pedestrian_1-3_1859_tr' ends teleporting on edge '152999', time=21664.00.
Warning: Teleporting vehicle 'pedestrian_1-3_5025_tr'; waited too long (yield), lane='152546_1', time=21665.00.
Warning: Teleporting vehicle 'commercial_1-1_168'; waited too long (yield), lane=':cluster_136674_151012_4_0', time=21666.00.
Warning: Removing person 'pedestrian_1-GW2_1038' at removal of vehicle 'pedestrian_1-GW2_1038_tr'
Warning: Vehicle 'commercial_1-1_168' ends teleporting on edge '152824#0', time=21666.00.
Warning: Vehicle 'pedestrian_1-3_4803_tr' ends teleporting on edge '152672#2', time=21667.00.
Warning: Teleporting vehicle 'pedestrian_1-1-veh_757_tr'; waited too long (yield), lane=':139010_2_0', time=21668.00.
Warning: Teleporting vehicle 'pedestrian_1-2_4610_tr'; waited too long (yield), lane=':146732_10_0', time=21668.00.
Warning: Teleporting vehicle 'pedestrian_1-3_3916_tr'; waited too long (yield), lane='152658#1_1', time=21668.00.
Warning: Vehicle 'pedestrian_1-2_4610_tr' ends teleporting on edge '-152706#3', time=21668.00.
Warning: Vehicle 'pedestrian_1-1-veh_757_tr' ends teleporting on edge '-152945#2', time=21668.00.
Warning: Teleporting vehicle 'pedestrian_1-3_4202_tr'; waited too long (yield), lane=':151040_2_0', time=21669.00.
Warning: Vehicle 'pedestrian_1-3_4202_tr' ends teleporting on edge '152987#0', time=21669.00.
Warning: Teleporting vehicle 'pedestrian_1-2_5595_tr'; waited too long (yield), lane='-152774_1', time=21670.00.
Warning: Teleporting vehicle 'pedestrian_1-2_5947_tr'; waited too long (yield), lane='-152652#0_1', time=21670.00.
Warning: Removing person 'pedestrian_GW1-1_3810' at removal of vehicle 'pedestrian_GW1-1_3810_tr'
Warning: Vehicle 'pedestrian_1-2_5947_tr' ends teleporting on edge '-152667#10', time=21670.00.
Warning: Person 'pedestrian_1-1-pt_1771' is jammed on edge ':144755_c0', time=21671.00.
Warning: Teleporting vehicle 'pedestrian_1-3_4552_tr'; waited too long (yield), lane='-152707#0_1', time=21674.00.
Warning: Vehicle 'pedestrian_1-3_4552_tr' ends teleporting on edge '152706#2', time=21674.00.
Warning: Person 'pedestrian_1-1-pt_2012' is jammed on edge ':137694_c0', time=21676.00.
Warning: Teleporting vehicle 'pedestrian_1-2_2054_tr'; waited too long (yield), lane='152451_1', time=21676.00.
Warning: Removing person 'pedestrian_1-GW1_824' at removal of vehicle 'pedestrian_1-GW1_824_tr'
Warning: Vehicle 'pedestrian_1-2_2054_tr' ends teleporting on edge '152458#0', time=21676.00.
Warning: Removing person 'pedestrian_1-GW2_1028' at removal of vehicle 'pedestrian_1-GW2_1028_tr'
Warning: Teleporting vehicle 'pedestrian_1-3_4771_tr'; waited too long (yield), lane=':142062_1_0', time=21678.00.
Warning: Removing person 'pedestrian_GW1-1_2404' at removal of vehicle 'pedestrian_GW1-1_2404_tr'
Warning: Removing person 'pedestrian_GW2-1_2441' at removal of vehicle 'pedestrian_GW2-1_2441_tr'
Warning: Person 'pedestrian_1-1-pt_4171' is jammed on edge ':147645_w1', time=21679.00.
Warning: Teleporting vehicle 'pedestrian_1-1-veh_886_tr'; waited too long (yield), lane='152824#1_2', time=21679.00.
Warning: Removing person 'pedestrian_GW1-1_1479' at removal of vehicle 'pedestrian_GW1-1_1479_tr'
Warning: Removing person 'pedestrian_1-GW1_663' at removal of vehicle 'pedestrian_1-GW1_663_tr'
Warning: Vehicle 'pedestrian_1-1-veh_886_tr' ends teleporting on edge '152137#7', time=21679.00.
Warning: Person 'pedestrian_1-1-pt_2334' is jammed on edge ':149647_w0', time=21680.00.
Warning: Teleporting vehicle 'pedestrian_1-1-pt_3610_tr'; waited too long (yield), lane=':149647_2_0', time=21681.00.
Warning: Teleporting vehicle 'pedestrian_1-1-pt_8022_tr'; waited too long (yield), lane='153280_0', time=21681.00.
Warning: Vehicle 'pedestrian_1-1-pt_8022_tr' ends teleporting on edge '-152860', time=21681.00.
Warning: Vehicle 'pedestrian_1-1-pt_3610_tr' ends teleporting on edge '152807', time=21681.00.
Warning: Removing person 'pedestrian_GW2-1_1599' at removal of vehicle 'pedestrian_GW2-1_1599_tr'
Warning: Teleporting vehicle 'pedestrian_2-1_3196_tr'; waited too long (yield), lane='-153554#0_1', time=21684.00.
Warning: Removing person 'pedestrian_3-1_881' at removal of vehicle 'pedestrian_3-1_881_tr'
Warning: Vehicle 'pedestrian_2-1_3196_tr' ends teleporting on edge '-153404#0', time=21684.00.
Warning: Teleporting vehicle 'pedestrian_1-2_2611_tr'; waited too long (jam), lane='153405#1_1', time=21686.00.
Warning: Vehicle 'pedestrian_1-2_2611_tr' ends teleporting on edge '153405#2', time=21686.00.
Warning: Person 'pedestrian_1-1-pt_4628' is jammed on edge ':151299_w0', time=21688.00.
Warning: Person 'pedestrian_1-1-pt_1322' is jammed on edge ':144390_w0', time=21690.00.
Warning: Teleporting vehicle 'pedestrian_1-3_1751_tr'; waited too long (yield), lane=':cluster_136767_142947_144456_144838_5_0', time=21690.00.
Warning: Removing person 'pedestrian_GW2-1_1637' at removal of vehicle 'pedestrian_GW2-1_1637_tr'
Warning: Vehicle 'pedestrian_1-3_1751_tr' ends teleporting on edge '-152361', time=21690.00.
Warning: Teleporting vehicle 'pedestrian_1-3_417_tr'; waited too long (yield), lane='-153559#3_1', time=21691.00.
Warning: Vehicle 'pedestrian_1-3_417_tr' ends teleporting on edge '152898#1', time=21691.00.
Warning: Teleporting vehicle 'pedestrian_1-3_5222_tr'; waited too long (yield), lane=':141683_3_0', time=21694.00.
Warning: Removing person 'pedestrian_GW2-1_3117' at removal of vehicle 'pedestrian_GW2-1_3117_tr'
Warning: Removing person 'pedestrian_1-GW1_1688' at removal of vehicle 'pedestrian_1-GW1_1688_tr'
Warning: Vehicle 'pedestrian_1-3_5025_tr' ends teleporting on edge '-152767#1', time=21698.00.
Warning: Removing person 'pedestrian_GW1-1_4001' at removal of vehicle 'pedestrian_GW1-1_4001_tr'
Warning: Person 'pedestrian_1-1-pt_2334' is jammed on edge ':149647_c0', time=21700.00.
Warning: Vehicle 'pedestrian_1-3_5222_tr' ends teleporting on edge '-152780', time=21702.00.
Warning: Teleporting vehicle 'pedestrian_1-3_2782_tr'; waited too long (yield), lane='152686_1', time=21703.00.
Warning: Vehicle 'pedestrian_1-3_2782_tr' ends teleporting on edge '152542', time=21703.00.
Warning: Teleporting vehicle 'pedestrian_1-2_3051_tr'; waited too long (yield), lane='152887#2_1', time=21705.00.
Warning: Vehicle 'pedestrian_1-2_3051_tr' ends teleporting on edge '-152900#0', time=21705.00.
Warning: Teleporting vehicle 'pedestrian_1-2_704_tr'; waited too long (yield), lane='152361_1', time=21706.00.
Warning: Vehicle 'pedestrian_1-2_704_tr' ends teleporting on edge '152535#4', time=21706.00.
Warning: Vehicle 'pedestrian_1-2_5595_tr' ends teleporting on edge '152772', time=21707.00.
Warning: Teleporting vehicle 'pedestrian_1-2_385_tr'; waited too long (yield), lane=':152093_5_0', time=21708.00.
Warning: Vehicle 'pedestrian_1-2_385_tr' ends teleporting on edge '152491#0', time=21708.00.
Warning: Teleporting vehicle 'pedestrian_1-1-pt_4710_tr'; waited too long (yield), lane='152311_0', time=21710.00.
Warning: Removing person 'pedestrian_GW1-1_3751' at removal of vehicle 'pedestrian_GW1-1_3751_tr'
Warning: Vehicle 'pedestrian_1-3_390_tr' ends teleporting on edge '152983', time=21710.00.
Warning: Teleporting vehicle 'commercial_1-2_93'; waited too long (jam), lane='-152873#1_1', time=21711.00.
Warning: Teleporting vehicle 'pedestrian_1-1-pt_528_tr'; waited too long (yield), lane='-152763_1', time=21711.00.
Warning: Vehicle 'pedestrian_1-1-pt_528_tr' ends teleporting on edge '152776', time=21711.00.
Warning: Teleporting vehicle 'commercial_1-1_188'; waited too long (yield), lane='-152763_1', time=21712.00.
Warning: Vehicle 'pedestrian_1-1-veh_425_tr' ends teleporting on edge '-152763', time=21712.00.
Warning: Vehicle 'commercial_1-1_188' ends teleporting on edge '152776', time=21712.00.
Warning: Teleporting vehicle 'bus_4:SaintRoman.3'; waited too long (jam), lane='-152873#3_1', time=21713.00.
Warning: Teleporting vehicle 'pedestrian_1-2_3615_tr'; waited too long (yield), lane='152983_1', time=21714.00.
Warning: Vehicle 'pedestrian_1-2_3615_tr' ends teleporting on edge '152982#3', time=21714.00.
Warning: Person 'pedestrian_1-1-pt_1322' is jammed on edge ':144390_c0', time=21718.00.
Warning: Person 'pedestrian_1-1-pt_2835' is jammed on edge ':144850_w0', time=21718.00.
Warning: Teleporting vehicle 'pedestrian_1-3_1025_tr'; waited too long (yield), lane='-152767#0_1', time=21719.00.
Warning: Removing person 'pedestrian_GW2-1_157' at removal of vehicle 'pedestrian_GW2-1_157_tr'
Warning: Removing person 'pedestrian_1-GW2_404' at removal of vehicle 'pedestrian_1-GW2_404_tr'
Warning: Vehicle 'pedestrian_1-3_1025_tr' ends teleporting on edge '-152701#0', time=21719.00.
Warning: Teleporting vehicle 'bus_6:Larvotto.3'; waited too long (jam), lane='-152873#2_1', time=21722.00.
Warning: Teleporting vehicle 'pedestrian_1-3_5420_tr'; waited too long (yield), lane='152668#2_1', time=21722.00.
Warning: Vehicle 'bus_4:SaintRoman.3' ends teleporting on edge '-152873#2', time=21722.00.
Warning: Vehicle 'bus_6:Larvotto.3' ends teleporting on edge '-152873#1', time=21722.00.
Warning: Vehicle 'pedestrian_1-3_5420_tr' ends teleporting on edge '152714', time=21722.00.
Warning: Vehicle 'pedestrian_1-1-pt_4710_tr' ends teleporting on edge '152312#3', time=21722.00.
Warning: Teleporting vehicle 'pedestrian_1-3_4028_tr'; waited too long (yield), lane='-152668#0_1', time=21723.00.
Warning: Teleporting vehicle 'pedestrian_1-3_373_tr'; waited too long (yield), lane='152831#2_1', time=21723.00.
Warning: Removing person 'pedestrian_GW2-1_2488' at removal of vehicle 'pedestrian_GW2-1_2488_tr'
Warning: Removing person 'pedestrian_1-GW1_1000' at removal of vehicle 'pedestrian_1-GW1_1000_tr'
Warning: Vehicle 'pedestrian_1-3_373_tr' ends teleporting on edge '152960#5', time=21723.00.
Warning: Removing person 'pedestrian_GW1-1_1711' at removal of vehicle 'pedestrian_GW1-1_1711_tr'
Warning: Teleporting vehicle 'pedestrian_1-2_3087_tr'; waited too long (yield), lane='-152491#0_1', time=21726.00.
Warning: Vehicle 'pedestrian_1-2_3087_tr' ends teleporting on edge '152701#5', time=21726.00.
Warning: Removing person 'pedestrian_1-GW1_651' at removal of vehicle 'pedestrian_1-GW1_651_tr'
Warning: Teleporting vehicle 'pedestrian_1-1-pt_4743_tr'; waited too long (yield), lane='152945#2_1', time=21730.00.
Warning: Vehicle 'pedestrian_1-1-pt_4743_tr' ends teleporting on edge '152814#11', time=21730.00.
Warning: Person 'pedestrian_1-1-pt_4554' is jammed on edge ':140193_c0', time=21731.00.
Warning: Teleporting vehicle 'pedestrian_1-2_2032_tr'; waited too long (yield), lane='152825#1_1', time=21731.00.
Warning: Vehicle 'pedestrian_1-2_2032_tr' ends teleporting on edge '152960#10', time=21731.00.
Warning: Teleporting vehicle 'pedestrian_1-3_2882_tr'; waited too long (yield), lane='-152812#4_1', time=21732.00.
Warning: Removing person 'pedestrian_1-GW1_830' at removal of vehicle 'pedestrian_1-GW1_830_tr'
Warning: Vehicle 'pedestrian_1-3_2882_tr' ends teleporting on edge '-152812#3', time=21732.00.
Warning: Teleporting vehicle 'pedestrian_1-3_1161_tr'; waited too long (jam), lane='-152966#1_1', time=21733.00.
Warning: Teleporting vehicle 'pedestrian_2-1_5420_tr'; waited too long (yield), lane='152711#3_1', time=21733.00.
Warning: Vehicle 'pedestrian_2-1_5420_tr' ends teleporting on edge '152701#4', time=21733.00.
Warning: Teleporting vehicle 'commercial_1-GW1_404'; waited too long (yield), lane='-152886#0_1', time=21735.00.
Warning: Teleporting vehicle 'pedestrian_1-3_536_tr'; waited too long (jam), lane='152859_1', time=21736.00.
Warning: Removing person 'pedestrian_1-GW2_1678' at removal of vehicle 'pedestrian_1-GW2_1678_tr'
Warning: Teleporting vehicle 'pedestrian_2-1_5851_tr'; waited too long (yield), lane='-152610_1', time=21738.00.
Warning: Vehicle 'pedestrian_2-1_5851_tr' ends teleporting on edge '152602', time=21738.00.
Warning: Teleporting vehicle 'pedestrian_1-2_5197_tr'; waited too long (yield), lane='-152682#1_1', time=21740.00.
Warning: Vehicle 'pedestrian_1-2_5197_tr' ends teleporting on edge '-153415#0', time=21740.00.
Warning: Person 'pedestrian_1-1-pt_6910' is jammed on edge ':136673_w0', time=21741.00.
Warning: Teleporting vehicle 'pedestrian_1-3_2969_tr'; waited too long (yield), lane='152354#1_1', time=21741.00.
Warning: Removing person 'pedestrian_GW2-1_2185' at removal of vehicle 'pedestrian_GW2-1_2185_tr'
Warning: Vehicle 'pedestrian_1-3_2986_tr' ends teleporting on edge '152776', time=21743.00.
Warning: Teleporting vehicle 'pedestrian_1-3_5175_tr'; waited too long (yield), lane=':137990_5_0', time=21744.00.
Warning: Removing person 'pedestrian_GW1-1_837' at removal of vehicle 'pedestrian_GW1-1_837_tr'
Warning: Vehicle 'pedestrian_1-3_5175_tr' ends teleporting on edge '-152653', time=21744.00.
Warning: Person 'pedestrian_1-1-pt_4221' is jammed on edge ':133905_w2', time=21745.00.
Warning: Teleporting vehicle 'pedestrian_1-2_3132_tr'; waited too long (yield), lane='152135#1_1', time=21745.00.
Warning: Teleporting vehicle 'pedestrian_1-3_4518_tr'; waited too long (jam), lane=':132043_1_0', time=21745.00.
Warning: Vehicle 'pedestrian_1-2_3132_tr' ends teleporting on edge '153273#1', time=21745.00.
Warning: Person 'pedestrian_1-1-pt_4407' is jammed on edge ':151662_w1', time=21747.00.
Warning: Teleporting vehicle 'pedestrian_1-2_2961_tr'; waited too long (yield), lane='152967_1', time=21747.00.
Warning: Vehicle 'pedestrian_1-2_2961_tr' ends teleporting on edge '152816#2', time=21747.00.
Warning: Vehicle 'pedestrian_1-3_4518_tr' ends teleporting on edge '-152309', time=21748.00.
Warning: Teleporting vehicle 'pedestrian_1-2_4088_tr'; waited too long (jam), lane='-152823#1_1', time=21749.00.
Warning: Vehicle 'commercial_1-GW1_404' ends teleporting on edge '152975#1', time=21749.00.
Warning: Teleporting vehicle 'pedestrian_1-3_799_tr'; waited too long (yield), lane='152654#1_1', time=21750.00.
Warning: Removing person 'pedestrian_1-GW1_2162' at removal of vehicle 'pedestrian_1-GW1_2162_tr'
Warning: Teleporting vehicle 'pedestrian_1-3_1845_tr'; waited too long (yield), lane=':144371_3_0', time=21752.00.
Warning: Vehicle 'pedestrian_1-3_4028_tr' ends teleporting on edge '152677#5', time=21752.00.
Warning: Vehicle 'pedestrian_1-2_4088_tr' ends teleporting on edge '-152823#0', time=21752.00.
Warning: Vehicle 'pedestrian_1-3_1845_tr' ends teleporting on edge '152606#8', time=21752.00.
Warning: Teleporting vehicle 'pedestrian_2-1_4462_tr'; waited too long (yield), lane='-152919#0_1', time=21753.00.
Warning: Teleporting vehicle 'pedestrian_1-1-pt_3751_tr'; waited too long (yield), lane='-152831#0_1', time=21753.00.
Warning: Vehicle 'pedestrian_1-1-pt_3751_tr' ends teleporting on edge '152816#4', time=21753.00.
Warning: Vehicle 'pedestrian_2-1_4462_tr' ends teleporting on edge '-153476#20', time=21753.00.
Warning: Vehicle 'pedestrian_1-3_2969_tr' ends teleporting on edge '-152667#10', time=21754.00.
Warning: Teleporting vehicle 'pedestrian_1-2_782_tr'; waited too long (yield), lane='-152451_1', time=21755.00.
Warning: Vehicle 'pedestrian_1-2_782_tr' ends teleporting on edge '153638', time=21758.00.
Warning: Vehicle 'pedestrian_1-3_1161_tr' ends teleporting on edge '-152886#0', time=21759.00.
Warning: Removing person 'pedestrian_GW1-1_3177' at removal of vehicle 'pedestrian_GW1-1_3177_tr'
Warning: Teleporting vehicle 'pedestrian_1-1-pt_5007_tr'; waited too long (jam), lane=':148634_0_0', time=21763.00.
Warning: Teleporting vehicle 'pedestrian_1-3_958_tr'; waited too long (yield), lane='-152821#0_2', time=21763.00.
Warning: Removing person 'pedestrian_1-GW1_917' at removal of vehicle 'pedestrian_1-GW1_917_tr'
Warning: Teleporting vehicle 'pedestrian_1-2_3009_tr'; waited too long (yield), lane='-152878_1', time=21764.00.
Warning: Vehicle 'pedestrian_1-2_3009_tr' ends teleporting on edge '-152883#0', time=21764.00.
Warning: Vehicle 'pedestrian_1-3_958_tr' ends teleporting on edge '152137#0', time=21766.00.
Warning: Teleporting vehicle 'pedestrian_1-3_4355_tr'; waited too long (yield), lane='-152760_1', time=21768.00.
Warning: Person 'pedestrian_1-1-pt_7201' is jammed on edge ':133905_w1', time=21769.00.
Warning: Person 'pedestrian_1-1-pt_3358' is jammed on edge ':139010_w2', time=21771.00.
Warning: Removing person 'pedestrian_3-1_4505' at removal of vehicle 'pedestrian_3-1_4505_tr'
Warning: Removing person 'pedestrian_GW1-1_3096' at removal of vehicle 'pedestrian_GW1-1_3096_tr'
Warning: Person 'pedestrian_1-1-pt_586' is jammed on edge ':139010_w2', time=21775.00.
Warning: Teleporting vehicle 'pedestrian_1-1-pt_4990_tr'; waited too long (yield), lane='152457#1_1', time=21775.00.
Warning: Removing person 'pedestrian_1-GW1_98' at removal of vehicle 'pedestrian_1-GW1_98_tr'
Warning: Vehicle 'pedestrian_1-3_4771_tr' ends teleporting on edge '152940', time=21775.00.
Warning: Vehicle 'pedestrian_1-1-pt_5007_tr' ends teleporting on edge '-152309', time=21775.00.
Warning: Removing person 'pedestrian_1-GW1_350' at removal of vehicle 'pedestrian_1-GW1_350_tr'
Warning: Teleporting vehicle 'commercial_2-1_44'; waited too long (yield), lane='153404#8_1', time=21777.00.
Warning: Vehicle 'commercial_2-1_44' ends teleporting on edge '153003#0', time=21777.00.
Warning: Teleporting vehicle 'commercial_1-3_267'; waited too long (jam), lane='152960#7_1', time=21778.00.
Warning: Teleporting vehicle 'pedestrian_2-1_1008_tr'; waited too long (yield), lane='-153361#0_1', time=21778.00.
Warning: Vehicle 'pedestrian_2-1_1008_tr' ends teleporting on edge '153326#3', time=21778.00.
Warning: Teleporting vehicle 'pedestrian_1-2_722_tr'; waited too long (yield), lane=':133905_5_0', time=21780.00.
Warning: Vehicle 'pedestrian_1-2_722_tr' ends teleporting on edge '-152804', time=21780.00.
Warning: Vehicle 'pedestrian_1-1-pt_4990_tr' ends teleporting on edge '152165#1', time=21780.00.
Warning: Teleporting vehicle 'pedestrian_1-2_296_tr'; waited too long (yield), lane='152708#1_1', time=21782.00.
Warning: Removing person 'pedestrian_GW2-1_65' at removal of vehicle 'pedestrian_GW2-1_65_tr'
Warning: Vehicle 'pedestrian_1-2_296_tr' ends teleporting on edge '-152706#2', time=21782.00.
Warning: Teleporting vehicle 'pedestrian_1-2_811_tr'; waited too long (yield), lane='-152831#0_1', time=21783.00.
Warning: Vehicle 'pedestrian_1-2_811_tr' ends teleporting on edge '152816#4', time=21783.00.
Warning: Person 'pedestrian_1-1-pt_1363' is jammed on edge ':135568_w1', time=21786.00.
Warning: Teleporting vehicle 'pedestrian_1-1-veh_198_tr'; waited too long (yield), lane='152457#1_1', time=21787.00.
Warning: Removing person 'pedestrian_1-GW1_2042' at removal of vehicle 'pedestrian_1-GW1_2042_tr'
Warning: Teleporting vehicle 'special_1-2_217'; waited too long (yield), lane='-153331#0_1', time=21788.00.
Warning: Teleporting vehicle 'pedestrian_1-1-pt_7917_tr'; waited too long (yield), lane='153559#2_1', time=21788.00.
Warning: Vehicle 'pedestrian_1-1-pt_7917_tr' ends teleporting on edge '152898#1', time=21788.00.
Warning: Vehicle 'special_1-2_217' ends teleporting on edge '-153415#1', time=21788.00.
Warning: Removing person 'pedestrian_1-GW1_41' at removal of vehicle 'pedestrian_1-GW1_41_tr'
Warning: Teleporting vehicle 'pedestrian_1-2_2017_tr'; waited too long (yield), lane='152805#2_1', time=21791.00.
Warning: Removing person 'pedestrian_GW1-1_2097' at removal of vehicle 'pedestrian_GW1-1_2097_tr'
Warning: Vehicle 'pedestrian_1-2_2017_tr' ends teleporting on edge '-152766#1', time=21791.00.
Warning: Vehicle 'pedestrian_1-1-veh_198_tr' ends teleporting on edge '152165#1', time=21792.00.
Warning: Teleporting vehicle 'pedestrian_1-3_3263_tr'; waited too long (yield), lane='152654#2_1', time=21793.00.
Warning: Vehicle 'pedestrian_1-3_799_tr' ends teleporting on edge '152654#2', time=21793.00.
Warning: Teleporting vehicle 'pedestrian_1-3_307_tr'; waited too long (jam), lane='152960#8_1', time=21794.00.
Warning: Removing person 'pedestrian_GW2-1_926' at removal of vehicle 'pedestrian_GW2-1_926_tr'
Warning: Removing person 'pedestrian_GW2-1_2099' at removal of vehicle 'pedestrian_GW2-1_2099_tr'
Warning: Teleporting vehicle 'pedestrian_3-1_2823_tr'; waited too long (jam), lane='-153394#1_1', time=21797.00.
Warning: Teleporting vehicle 'pedestrian_1-2_2866_tr'; waited too long (yield), lane='152681_1', time=21798.00.
Warning: Vehicle 'pedestrian_1-2_2866_tr' ends teleporting on edge '152649#3', time=21798.00.
Warning: Person 'pedestrian_1-1-pt_1363' is jammed on edge ':135568_c0', time=21799.00.
Warning: Teleporting vehicle 'commercial_2-1_86'; waited too long (jam), lane='-152615#2_1', time=21799.00.
Warning: Teleporting vehicle 'pedestrian_1-3_4134_tr'; waited too long (yield), lane='152287_0', time=21799.00.
Warning: Vehicle 'pedestrian_1-3_4134_tr' ends teleporting on edge '152654#1', time=21799.00.
Warning: Vehicle 'commercial_2-1_86' ends teleporting on edge '-152615#1', time=21799.00.
Warning: Person 'pedestrian_1-1-pt_6649' is jammed on edge ':132625_w2', time=21800.00.
Warning: Removing person 'pedestrian_1-GW1_340' at removal of vehicle 'pedestrian_1-GW1_340_tr'
Warning: Vehicle 'pedestrian_1-3_307_tr' ends teleporting on edge '152959#2', time=21801.00.
Warning: Teleporting vehicle 'pedestrian_1-2_2927_tr'; waited too long (yield), lane='152811_1', time=21803.00.
Warning: Teleporting vehicle 'pedestrian_1-3_2083_tr'; waited too long (yield), lane='-152812#0_1', time=21803.00.
Warning: Removing person 'pedestrian_GW1-1_3175' at removal of vehicle 'pedestrian_GW1-1_3175_tr'
Warning: Vehicle 'pedestrian_1-3_2083_tr' ends teleporting on edge '153441#1', time=21803.00.
Warning: Vehicle 'pedestrian_1-2_2927_tr' ends teleporting on edge '152816#5', time=21803.00.
Warning: Removing person 'pedestrian_GW1-1_2530' at removal of vehicle 'pedestrian_GW1-1_2530_tr'
Warning: Teleporting vehicle 'pedestrian_2-1_5557_tr'; waited too long (yield), lane='152479_1', time=21808.00.
Warning: Vehicle 'pedestrian_2-1_5557_tr' ends teleporting on edge '-153394#2', time=21808.00.
Warning: Teleporting vehicle 'pedestrian_1-1-pt_661_tr'; waited too long (yield), lane='-152801_1', time=21811.00.
Warning: Removing person 'pedestrian_1-GW1_2041' at removal of vehicle 'pedestrian_1-GW1_2041_tr'
Warning: Vehicle 'pedestrian_1-1-pt_661_tr' ends teleporting on edge '-152814#8', time=21811.00.
Warning: Teleporting vehicle 'pedestrian_1-1-pt_8236_tr'; waited too long (yield), lane='-152801_1', time=21812.00.
Warning: Vehicle 'pedestrian_1-3_536_tr' ends teleporting on edge '152776', time=21812.00.
Warning: Vehicle 'pedestrian_1-1-pt_8236_tr' ends teleporting on edge '152814#9', time=21812.00.
Warning: Teleporting vehicle 'pedestrian_1-2_5319_tr'; waited too long (yield), lane=':142622_3_0', time=21813.00.
Warning: Vehicle 'pedestrian_1-2_5319_tr' ends teleporting on edge '153415#0', time=21813.00.
Warning: Removing person 'pedestrian_GW1-1_901' at removal of vehicle 'pedestrian_GW1-1_901_tr'
Warning: Teleporting vehicle 'pedestrian_2-1_5642_tr'; waited too long (yield), lane='152403_2', time=21815.00.
Warning: Teleporting vehicle 'pedestrian_3-1_1904_tr'; waited too long (jam), lane='-153394#2_1', time=21815.00.
Warning: Vehicle 'pedestrian_2-1_5642_tr' ends teleporting on edge '152538#0', time=21815.00.
Warning: Teleporting vehicle 'pedestrian_1-2_4515_tr'; waited too long (yield), lane='152546_1', time=21816.00.
Warning: Vehicle 'pedestrian_1-2_4515_tr' ends teleporting on edge '-152767#2', time=21816.00.
Warning: Removing person 'pedestrian_GW1-1_2148' at removal of vehicle 'pedestrian_GW1-1_2148_tr'
Warning: Removing person 'pedestrian_1-GW1_32' at removal of vehicle 'pedestrian_1-GW1_32_tr'
Warning: Teleporting vehicle 'pedestrian_1-3_4072_tr'; waited too long (yield), lane='-152966#0_1', time=21819.00.
Warning: Vehicle 'pedestrian_1-3_4072_tr' ends teleporting on edge '152886#1', time=21819.00.
Warning: Removing person 'pedestrian_1-GW1_2223' at removal of vehicle 'pedestrian_1-GW1_2223_tr'
Warning: Teleporting vehicle 'pedestrian_1-3_1410_tr'; waited too long (yield), lane='152832#0_1', time=21821.00.
Warning: Removing person 'pedestrian_1-GW1_756' at removal of vehicle 'pedestrian_1-GW1_756_tr'
Warning: Vehicle 'pedestrian_1-3_1410_tr' ends teleporting on edge '152832#1', time=21821.00.
Warning: Teleporting vehicle 'pedestrian_1-2_2229_tr'; waited too long (yield), lane='152883#2_1', time=21822.00.
Warning: Teleporting vehicle 'pedestrian_1-2_698_tr'; waited too long (jam), lane='152883#1_1', time=21822.00.
Warning: Teleporting vehicle 'pedestrian_1-2_1840_tr'; waited too long (yield), lane='-152163#0_1', time=21822.00.
Warning: Vehicle 'pedestrian_1-2_2229_tr' ends teleporting on edge '152874#5', time=21822.00.
Warning: Vehicle 'pedestrian_1-2_698_tr' ends teleporting on edge '152883#2', time=21822.00.
Warning: Removing person 'pedestrian_GW1-1_116' at removal of vehicle 'pedestrian_GW1-1_116_tr'
Warning: Teleporting vehicle 'pedestrian_1-2_4229_tr'; waited too long (yield), lane='-152676#0_1', time=21824.00.
Warning: Removing person 'pedestrian_GW1-1_758' at removal of vehicle 'pedestrian_GW1-1_758_tr'
Warning: Vehicle 'pedestrian_1-2_4229_tr' ends teleporting on edge '152677#4', time=21824.00.
Warning: Teleporting vehicle 'pedestrian_1-1-pt_5146_tr'; waited too long (yield), lane='152807_1', time=21825.00.
Warning: Vehicle 'pedestrian_1-1-pt_5146_tr' ends teleporting on edge '152945#2', time=21825.00.
Warning: Removing person 'pedestrian_1-GW1_909' at removal of vehicle 'pedestrian_1-GW1_909_tr'
Warning: Removing person 'pedestrian_3-1_413' at removal of vehicle 'pedestrian_3-1_413_tr'
Warning: Removing person 'pedestrian_GW2-1_3018' at removal of vehicle 'pedestrian_GW2-1_3018_tr'
Warning: Vehicle 'commercial_1-3_267' ends teleporting on edge '-152821#2', time=21828.00.
Warning: Teleporting vehicle 'pedestrian_1-3_5373_tr'; waited too long (jam), lane=':138948_1_0', time=21829.00.
Warning: Teleporting vehicle 'pedestrian_1-3_1864_tr'; waited too long (yield), lane=':142062_1_0', time=21829.00.
Warning: Removing person 'pedestrian_2-1_5503' at removal of vehicle 'pedestrian_2-1_5503_tr'
Warning: Teleporting vehicle 'pedestrian_1-3_3095_tr'; waited too long (yield), lane='153398#3_1', time=21830.00.
Warning: Vehicle 'pedestrian_1-3_5373_tr' ends teleporting on edge '152137#7', time=21830.00.
Warning: Vehicle 'pedestrian_1-3_3095_tr' ends teleporting on edge '153396#4', time=21830.00.
Warning: Person 'pedestrian_1-1-pt_7804' is jammed on edge ':137694_w3', time=21831.00.
Warning: Teleporting vehicle 'pedestrian_2-1_857_tr'; waited too long (yield), lane='152887#2_1', time=21833.00.
Warning: Vehicle 'pedestrian_2-1_857_tr' ends teleporting on edge '-152900#0', time=21833.00.
Warning: Teleporting vehicle 'pedestrian_1-1-veh_425_tr'; waited too long (yield), lane='-152763_1', time=21834.00.
Warning: Teleporting vehicle 'pedestrian_1-3_1164_tr'; waited too long (wrong lane), lane='152959#3_2', time=21839.00.
Warning: Vehicle 'pedestrian_1-3_1164_tr' ends teleporting on edge '-152821#2', time=21839.00.
Warning: Teleporting vehicle 'pedestrian_1-2_5383_tr'; waited too long (yield), lane=':cluster_134941_144860_11_0', time=21840.00.
Warning: Teleporting vehicle 'pedestrian_1-2_4554_tr'; waited too long (jam), lane='153011#0_1', time=21840.00.
Warning: Vehicle 'pedestrian_1-2_5383_tr' ends teleporting on edge '152939#4', time=21840.00.
Warning: Vehicle 'pedestrian_1-2_4554_tr' ends teleporting on edge '153011#1', time=21840.00.
Warning: Teleporting vehicle 'pedestrian_1-2_1384_tr'; waited too long (yield), lane='152361_1', time=21841.00.
Warning: Vehicle 'pedestrian_1-2_1384_tr' ends teleporting on edge '152535#4', time=21841.00.
Warning: Person 'pedestrian_1-1-pt_3532' is jammed on edge ':132625_w2', time=21843.00.
Warning: Vehicle 'pedestrian_1-1-veh_425_tr' ends teleporting on edge '152776', time=21843.00.
Warning: Removing person 'pedestrian_GW2-1_631' at removal of vehicle 'pedestrian_GW2-1_631_tr'
Warning: Vehicle 'pedestrian_1-2_1840_tr' ends teleporting on edge '152396#1', time=21844.00.
Warning: Person 'pedestrian_1-1-pt_6430' is jammed on edge ':143768_w3', time=21846.00.
Warning: Teleporting vehicle 'pedestrian_2-1_2536_tr'; waited too long (yield), lane=':136017_1_0', time=21846.00.
Warning: Person 'pedestrian_1-1-pt_4472' is jammed on edge ':141956_w2', time=21847.00.
Warning: Teleporting vehicle 'pedestrian_1-2_4384_tr'; waited too long (yield), lane='-152948#0_1', time=21847.00.
Warning: Teleporting vehicle 'pedestrian_1-2_1378_tr'; waited too long (yield), lane='152945#2_1', time=21847.00.
Warning: Vehicle 'pedestrian_1-2_1378_tr' ends teleporting on edge '-152814#10', time=21847.00.
Warning: Vehicle 'pedestrian_1-2_4384_tr' ends teleporting on edge '-152672#1', time=21847.00.
Warning: Removing person 'pedestrian_GW2-1_351' at removal of vehicle 'pedestrian_GW2-1_351_tr'
Warning: Teleporting vehicle 'pedestrian_1-2_29_tr'; waited too long (yield), lane=':146732_10_0', time=21850.00.
Warning: Vehicle 'pedestrian_1-2_29_tr' ends teleporting on edge '-152706#3', time=21850.00.
Warning: Vehicle 'pedestrian_2-1_2536_tr' ends teleporting on edge '152649#1', time=21851.00.
Warning: Teleporting vehicle 'pedestrian_1-2_430_tr'; waited too long (yield), lane='152677#5_1', time=21854.00.
Warning: Teleporting vehicle 'pedestrian_1-2_402_tr'; waited too long (yield), lane='-152830#0_1', time=21854.00.
Warning: Vehicle 'pedestrian_1-2_402_tr' ends teleporting on edge '153441#2', time=21854.00.
Warning: Removing person 'pedestrian_GW1-1_3077' at removal of vehicle 'pedestrian_GW1-1_3077_tr'
Warning: Removing person 'pedestrian_1-GW1_2151' at removal of vehicle 'pedestrian_1-GW1_2151_tr'
Warning: Teleporting vehicle 'pedestrian_1-1-pt_6117_tr'; waited too long (yield), lane='153271_0', time=21857.00.
Warning: Vehicle 'pedestrian_1-1-pt_6117_tr' ends teleporting on edge '152811', time=21857.00.
Warning: Teleporting vehicle 'pedestrian_1-2_5474_tr'; waited too long (yield), lane='-152767#2_1', time=21859.00.
Warning: Person 'pedestrian_1-1-pt_4671' is jammed on edge ':148237_c0', time=21861.00.
Warning: Vehicle 'pedestrian_1-3_3263_tr' ends teleporting on edge '152677#0', time=21861.00.
Warning: Teleporting vehicle 'pedestrian_1-3_3474_tr'; waited too long (yield), lane='-152767#0_1', time=21863.00.
Warning: Vehicle 'pedestrian_1-3_3474_tr' ends teleporting on edge '-152701#0', time=21863.00.
Warning: Removing person 'pedestrian_GW2-1_1975' at removal of vehicle 'pedestrian_GW2-1_1975_tr'
Warning: Teleporting vehicle 'pedestrian_1-1-pt_3718_tr'; waited too long (yield), lane='152311_0', time=21867.00.
Warning: Vehicle 'pedestrian_1-2_430_tr' ends teleporting on edge '152672#1', time=21867.00.
Warning: Teleporting vehicle 'pedestrian_1-1-pt_1022_tr'; waited too long (yield), lane='-152305_0', time=21868.00.
Warning: Vehicle 'pedestrian_1-1-pt_1022_tr' ends teleporting on edge '-152831#2', time=21868.00.
Warning: Teleporting vehicle 'pedestrian_1-2_1260_tr'; waited too long (yield), lane='152466#1_1', time=21869.00.
Warning: Removing person 'pedestrian_GW1-1_2034' at removal of vehicle 'pedestrian_GW1-1_2034_tr'
Warning: Vehicle 'pedestrian_1-2_1260_tr' ends teleporting on edge '152943#0', time=21869.00.
Warning: Teleporting vehicle 'commercial_1-GW2_231'; waited too long (yield), lane='153554#3_1', time=21870.00.
Warning: Person 'pedestrian_1-1-pt_3002' is jammed on edge ':149203_c0', time=21872.00.
Warning: Vehicle 'commercial_1-GW2_231' ends teleporting on edge '-152997', time=21872.00.
Warning: Teleporting vehicle 'pedestrian_1-3_2750_tr'; waited too long (yield), lane='152831#2_1', time=21873.00.
Warning: Removing person 'pedestrian_3-1_1246' at removal of vehicle 'pedestrian_3-1_1246_tr'
Warning: Vehicle 'pedestrian_1-3_2750_tr' ends teleporting on edge '152960#5', time=21873.00.
Warning: Teleporting vehicle 'pedestrian_1-2_1085_tr'; waited too long (yield), lane='152668#2_1', time=21874.00.
Warning: Vehicle 'pedestrian_1-2_1085_tr' ends teleporting on edge '152667#4', time=21874.00.
Warning: Teleporting vehicle 'commercial_1-GW2_51'; waited too long (yield), lane='-152668#0_1', time=21875.00.
Warning: Teleporting vehicle 'pedestrian_1-3_1824_tr'; waited too long (yield), lane='-152682#1_1', time=21876.00.
Warning: Vehicle 'pedestrian_1-3_1824_tr' ends teleporting on edge '153415#1', time=21876.00.
Warning: Person 'pedestrian_1-1-pt_8586' is jammed on edge ':150684_w2', time=21877.00.
Warning: Vehicle 'pedestrian_3-1_2823_tr' ends teleporting on edge '-152413#2', time=21877.00.
Warning: Person 'pedestrian_1-1-pt_4988' is jammed on edge ':149647_w2', time=21878.00.
Warning: Teleporting vehicle 'pedestrian_2-1_1998_tr'; waited too long (yield), lane=':144233_2_0', time=21879.00.
Warning: Teleporting vehicle 'bus_5:Hopital.7'; waited too long (yield), lane=':141846_12_0', time=21879.00.
Warning: Removing person 'pedestrian_GW2-1_1883' at removal of vehicle 'pedestrian_GW2-1_1883_tr'
Warning: Vehicle 'pedestrian_2-1_1998_tr' ends teleporting on edge '153443', time=21879.00.
Warning: Vehicle 'bus_5:Hopital.7' ends teleporting on edge '152535#0', time=21879.00.
Warning: Person 'pedestrian_1-1-pt_4823' is jammed on edge ':134207_w1', time=21881.00.
Warning: Teleporting vehicle 'commercial_1-GW2_213'; waited too long (yield), lane=':140213_2_0', time=21881.00.
Warning: Teleporting vehicle 'pedestrian_1-3_4459_tr'; waited too long (yield), lane='152967_1', time=21881.00.
Warning: Removing person 'pedestrian_GW1-1_3300' at removal of vehicle 'pedestrian_GW1-1_3300_tr'
Warning: Vehicle 'commercial_1-GW2_213' ends teleporting on edge '152805#1', time=21881.00.
Warning: Removing person 'pedestrian_1-GW1_1392' at removal of vehicle 'pedestrian_1-GW1_1392_tr'
Warning: Teleporting vehicle 'pedestrian_1-1-pt_5197_tr'; waited too long (jam), lane=':148634_0_0', time=21884.00.
Warning: Vehicle 'commercial_1-GW1_368' ends teleporting on edge '152174#1', time=21884.00.
Warning: Teleporting vehicle 'pedestrian_1-3_3148_tr'; waited too long (jam), lane='-153413#16_1', time=21886.00.
Warning: Vehicle 'pedestrian_1-3_3148_tr' ends teleporting on edge '-153413#15', time=21886.00.
Warning: Vehicle 'commercial_1-2_323' ends teleporting on edge '152174#1', time=21886.00.
Warning: Teleporting vehicle 'pedestrian_2-1_5383_tr'; waited too long (yield), lane='153438_1', time=21888.00.
Warning: Vehicle 'pedestrian_1-3_4355_tr' ends teleporting on edge '152776', time=21888.00.
Warning: Vehicle 'pedestrian_2-1_5383_tr' ends teleporting on edge '152814#9', time=21888.00.
Warning: Teleporting vehicle 'pedestrian_1-2_2030_tr'; waited too long (yield), lane='152900#1_1', time=21889.00.
Warning: Teleporting vehicle 'pedestrian_1-3_4908_tr'; waited too long (jam), lane='152773_1', time=21889.00.
Warning: Vehicle 'pedestrian_1-2_2030_tr' ends teleporting on edge '152982#4', time=21889.00.
Warning: Vehicle 'pedestrian_1-1-pt_3718_tr' ends teleporting on edge '-152305', time=21890.00.
Warning: Person 'pedestrian_1-1-pt_7730' is jammed on edge ':139483_w1', time=21891.00.
Warning: Teleporting vehicle 'pedestrian_1-3_3391_tr'; waited too long (yield), lane='152457#2_1', time=21891.00.
Warning: Vehicle 'pedestrian_1-3_3391_tr' ends teleporting on edge '152165#1', time=21891.00.
Warning: Person 'pedestrian_1-1-pt_2750' is jammed on edge ':142968_c0', time=21892.00.
Warning: Teleporting vehicle 'pedestrian_1-3_1760_tr'; waited too long (yield), lane='-152799_1', time=21892.00.
Warning: Teleporting vehicle 'special_1-3_25'; waited too long (yield), lane='-152805#1_1', time=21894.00.
Warning: Teleporting vehicle 'commercial_1-GW1_13'; waited too long (yield), lane='152782_1', time=21894.00.
Warning: Removing person 'pedestrian_GW1-1_3193' at removal of vehicle 'pedestrian_GW1-1_3193_tr'
Warning: Vehicle 'commercial_1-2_93' ends teleporting on edge '-152895#1', time=21894.00.
Warning: Vehicle 'special_1-3_25' ends teleporting on edge '152831#2', time=21894.00.
Warning: Person 'pedestrian_1-1-pt_2542' is jammed on edge ':150735_c0', time=21895.00.
Warning: Removing person 'pedestrian_GW1-1_1186' at removal of vehicle 'pedestrian_GW1-1_1186_tr'
Warning: Vehicle 'pedestrian_1-3_1760_tr' ends teleporting on edge '152773', time=21896.00.
Warning: Vehicle 'pedestrian_1-1-pt_5197_tr' ends teleporting on edge '-152309', time=21896.00.
Warning: Vehicle 'pedestrian_1-3_3916_tr' ends teleporting on edge '152677#0', time=21896.00.
Warning: Teleporting vehicle 'commercial_1-GW2_1'; waited too long (jam), lane=':132043_1_0', time=21897.00.
Warning: Teleporting vehicle 'pedestrian_1-2_2576_tr'; waited too long (yield), lane='152654#1_1', time=21898.00.
Warning: Removing person 'pedestrian_GW2-1_2622' at removal of vehicle 'pedestrian_GW2-1_2622_tr'
Warning: Removing person 'pedestrian_GW2-1_681' at removal of vehicle 'pedestrian_GW2-1_681_tr'
Warning: Teleporting vehicle 'pedestrian_1-2_77_tr'; waited too long (jam), lane='153405#0_1', time=21900.00.
Warning: Teleporting vehicle 'pedestrian_1-3_1874_tr'; waited too long (jam), lane='-152999_1', time=21900.00.
Warning: Vehicle 'commercial_1-GW2_1' ends teleporting on edge '-152309', time=21900.00.
Warning: Vehicle 'pedestrian_1-3_4459_tr' ends teleporting on edge '152816#3', time=21900.00.
Warning: Removing person 'pedestrian_1-GW1_214' at removal of vehicle 'pedestrian_1-GW1_214_tr'
Warning: Removing person 'pedestrian_GW1-1_666' at removal of vehicle 'pedestrian_GW1-1_666_tr'
Warning: Teleporting vehicle 'pedestrian_1-2_2862_tr'; waited too long (yield), lane=':144371_3_0', time=21903.00.
Warning: Vehicle 'pedestrian_1-2_2862_tr' ends teleporting on edge '152606#8', time=21903.00.
Warning: Removing person 'pedestrian_GW2-1_1921' at removal of vehicle 'pedestrian_GW2-1_1921_tr'
Warning: Teleporting vehicle 'commercial_2-1_86'; waited too long (yield), lane='-152615#1_1', time=21905.00.
Warning: Teleporting vehicle 'pedestrian_1-1-pt_1829_tr'; waited too long (yield), lane=':133905_5_0', time=21905.00.
Warning: Vehicle 'pedestrian_1-1-pt_1829_tr' ends teleporting on edge '-152804', time=21905.00.
Warning: Vehicle 'commercial_2-1_86' ends teleporting on edge '-152615#0', time=21905.00.
Warning: Teleporting vehicle 'pedestrian_1-2_4772_tr'; waited too long (yield), lane='-152666_1', time=21909.00.
Warning: Teleporting vehicle 'pedestrian_1-3_2234_tr'; waited too long (jam), lane='152688#1_1', time=21911.00.
Warning: Teleporting vehicle 'pedestrian_2-1_2969_tr'; waited too long (yield), lane='152812#5_1', time=21911.00.
Warning: Vehicle 'pedestrian_2-1_2969_tr' ends teleporting on edge '152814#8', time=21911.00.
Warning: Vehicle 'pedestrian_1-3_2234_tr' ends teleporting on edge '152688#2', time=21911.00.
Warning: Teleporting vehicle 'pedestrian_1-3_3956_tr'; waited too long (yield), lane=':132513_1_0', time=21912.00.
Warning: Teleporting vehicle 'pedestrian_1-1-pt_6187_tr'; waited too long (yield), lane='153559#2_1', time=21913.00.
Warning: Removing person 'pedestrian_GW2-1_1951' at removal of vehicle 'pedestrian_GW2-1_1951_tr'
Warning: Vehicle 'pedestrian_1-1-pt_6187_tr' ends teleporting on edge '152898#1', time=21913.00.
Warning: Removing person 'pedestrian_1-GW1_921' at removal of vehicle 'pedestrian_1-GW1_921_tr'
Warning: Removing person 'pedestrian_1-GW1_2129' at removal of vehicle 'pedestrian_1-GW1_2129_tr'
Warning: Vehicle 'pedestrian_1-3_3956_tr' ends teleporting on edge '-152163#1', time=21914.00.
Warning: Teleporting vehicle 'commercial_1-2_156'; waited too long (jam), lane='-152398#3_1', time=21915.00.
Warning: Person 'pedestrian_1-1-pt_4158' is jammed on edge ':144850_w0', time=21916.00.
Warning: Removing person 'pedestrian_GW1-1_3054' at removal of vehicle 'pedestrian_GW1-1_3054_tr'
Warning: Vehicle 'pedestrian_1-2_4772_tr' ends teleporting on edge '-152668#0', time=21918.00.
Warning: Teleporting vehicle 'pedestrian_1-2_3490_tr'; waited too long (yield), lane='-152386#1_1', time=21919.00.
Warning: Teleporting vehicle 'pedestrian_1-2_5414_tr'; waited too long (yield), lane='152785#0_1', time=21919.00.
Warning: Vehicle 'pedestrian_1-2_3490_tr' ends teleporting on edge '-152386#0', time=21919.00.
Warning: Vehicle 'pedestrian_1-2_5414_tr' ends teleporting on edge '152944#2', time=21921.00.
Warning: Vehicle 'commercial_1-GW2_51' ends teleporting on edge '-152657#2', time=21921.00.
Warning: Person 'pedestrian_1-1-pt_4788' is jammed on edge ':150684_w1', time=21923.00.
Warning: Teleporting vehicle 'pedestrian_1-2_431_tr'; waited too long (yield), lane='-152451_1', time=21923.00.
Warning: Vehicle 'commercial_1-GW1_13' ends teleporting on edge '152870#1', time=21923.00.
Warning: Person 'pedestrian_1-1-pt_4397' is jammed on edge ':142327_w1', time=21924.00.
Warning: Teleporting vehicle 'special_1-1_257'; waited too long (yield), lane='-152807_1', time=21924.00.
Warning: Vehicle 'special_1-1_257' ends teleporting on edge '152814#10', time=21924.00.
Warning: Teleporting vehicle 'pedestrian_1-1-veh_687_tr'; waited too long (yield), lane='152457#1_1', time=21925.00.
Warning: Removing person 'pedestrian_GW1-1_2113' at removal of vehicle 'pedestrian_GW1-1_2113_tr'
Warning: Vehicle 'pedestrian_1-2_431_tr' ends teleporting on edge '152874#2', time=21925.00.
Warning: Vehicle 'pedestrian_1-1-veh_687_tr' ends teleporting on edge '152457#2', time=21925.00.
Warning: Removing person 'pedestrian_GW1-1_1950' at removal of vehicle 'pedestrian_GW1-1_1950_tr'
Warning: Removing person 'pedestrian_1-GW1_658' at removal of vehicle 'pedestrian_1-GW1_658_tr'
Warning: Removing person 'pedestrian_GW1-1_2167' at removal of vehicle 'pedestrian_GW1-1_2167_tr'
Warning: Teleporting vehicle 'bus_2:Jardin.1'; waited too long (yield), lane='-152821#0_1', time=21930.00.
Warning: Vehicle 'bus_2:Jardin.1' ends teleporting on edge '152137#6', time=21930.00.
Warning: Vehicle 'pedestrian_1-3_4908_tr' ends teleporting on edge '152776', time=21930.00.
Warning: Teleporting vehicle 'pedestrian_1-1-pt_6052_tr'; waited too long (jam), lane='-152873#0_1', time=21931.00.
Warning: Teleporting vehicle 'pedestrian_1-2_698_tr'; waited too long (yield), lane='152883#2_1', time=21933.00.
Warning: Teleporting vehicle 'pedestrian_1-3_1184_tr'; waited too long (yield), lane='152805#2_1', time=21936.00.
Warning: Teleporting vehicle 'pedestrian_1-3_1884_tr'; waited too long (yield), lane='152397#0_1', time=21936.00.
Warning: Vehicle 'pedestrian_1-3_1184_tr' ends teleporting on edge '-152766#1', time=21936.00.
Warning: Vehicle 'pedestrian_3-1_1904_tr' ends teleporting on edge '-152413#2', time=21936.00.
Warning: Vehicle 'pedestrian_1-3_1874_tr' ends teleporting on edge '153415#0', time=21937.00.
Warning: Removing person 'pedestrian_3-1_3590' at removal of vehicle 'pedestrian_3-1_3590_tr'
Warning: Person 'pedestrian_1-1-pt_787' is jammed on edge ':138267_w2', time=21939.00.
Warning: Teleporting vehicle 'pedestrian_1-1-veh_509_tr'; waited too long (yield), lane='-152939#0_1', time=21940.00.
Warning: Vehicle 'pedestrian_1-1-veh_509_tr' ends teleporting on edge '152810#1', time=21940.00.
Warning: Person 'pedestrian_1-1-pt_4397' is jammed on edge ':142327_c0', time=21942.00.
Warning: Vehicle 'pedestrian_1-2_698_tr' ends teleporting on edge '153638', time=21942.00.
Warning: Vehicle 'pedestrian_1-3_1884_tr' ends teleporting on edge '-152163#1', time=21943.00.
Warning: Removing person 'pedestrian_GW1-1_1986' at removal of vehicle 'pedestrian_GW1-1_1986_tr'
Warning: Removing person 'pedestrian_GW2-1_1346' at removal of vehicle 'pedestrian_GW2-1_1346_tr'
Warning: Vehicle 'pedestrian_1-2_5474_tr' ends teleporting on edge '-152780', time=21945.00.
Warning: Vehicle 'pedestrian_1-2_2576_tr' ends teleporting on edge '152534#0', time=21945.00.
Warning: Removing person 'pedestrian_GW2-1_2793' at removal of vehicle 'pedestrian_GW2-1_2793_tr'
Warning: Teleporting vehicle 'special_1-1_239'; waited too long (yield), lane=':146732_3_0', time=21949.00.
Warning: Teleporting vehicle 'pedestrian_1-3_4000_tr'; waited too long (yield), lane=':142622_3_0', time=21949.00.
Warning: Teleporting vehicle 'pedestrian_1-3_5046_tr'; waited too long (yield), lane='152287_0', time=21949.00.
Warning: Removing person 'pedestrian_3-1_3765' at removal of vehicle 'pedestrian_3-1_3765_tr'
Warning: Vehicle 'special_1-1_239' ends teleporting on edge '152780', time=21949.00.
Warning: Vehicle 'pedestrian_1-3_4000_tr' ends teleporting on edge '153415#0', time=21949.00.
Warning: Teleporting vehicle 'pedestrian_2-1_4015_tr'; waited too long (yield), lane='152403_2', time=21952.00.
Warning: Teleporting vehicle 'pedestrian_1-3_1635_tr'; waited too long (yield), lane='152546_1', time=21952.00.
Warning: Vehicle 'pedestrian_1-3_1635_tr' ends teleporting on edge '-152767#2', time=21952.00.
Warning: Vehicle 'pedestrian_2-1_4015_tr' ends teleporting on edge '152538#0', time=21952.00.
Warning: Removing person 'pedestrian_GW1-1_219' at removal of vehicle 'pedestrian_GW1-1_219_tr'
Warning: Teleporting vehicle 'special_1-3_124'; waited too long (yield), lane='-152781_1', time=21957.00.
Warning: Vehicle 'special_1-3_124' ends teleporting on edge '-152716', time=21957.00.
Warning: Removing person 'pedestrian_1-GW1_1203' at removal of vehicle 'pedestrian_1-GW1_1203_tr'
Warning: Teleporting vehicle 'pedestrian_1-3_3240_tr'; waited too long (yield), lane='152654#3_1', time=21959.00.
Warning: Removing person 'pedestrian_GW1-1_106' at removal of vehicle 'pedestrian_GW1-1_106_tr'
Warning: Teleporting vehicle 'pedestrian_1-1-veh_368_tr'; waited too long (yield), lane=':151696_0_0', time=21960.00.
Warning: Teleporting vehicle 'pedestrian_1-1-veh_431_tr'; waited too long (jam), lane='152535#6_1', time=21960.00.
Warning: Teleporting vehicle 'pedestrian_1-2_3240_tr'; waited too long (yield), lane='-152163#0_1', time=21960.00.
Warning: Vehicle 'pedestrian_1-2_3240_tr' ends teleporting on edge '-152873#2', time=21960.00.
Warning: Vehicle 'pedestrian_1-1-veh_368_tr' ends teleporting on edge '-152807', time=21960.00.
Warning: Teleporting vehicle 'pedestrian_2-1_4019_tr'; waited too long (jam), lane='153405#2_1', time=21963.00.
Warning: Teleporting vehicle 'pedestrian_1-2_973_tr'; waited too long (yield), lane='-152491#0_1', time=21963.00.
Warning: Teleporting vehicle 'pedestrian_1-2_1166_tr'; waited too long (jam), lane='153405#1_1', time=21963.00.
Warning: Teleporting vehicle 'commercial_1-3_206'; waited too long (jam), lane='152535#4_1', time=21963.00.
Warning: Vehicle 'pedestrian_1-2_1166_tr' ends teleporting on edge '153405#2', time=21963.00.
Warning: Vehicle 'pedestrian_1-2_973_tr' ends teleporting on edge '152701#5', time=21963.00.
Warning: Teleporting vehicle 'commercial_1-2_215'; waited too long (yield), lane='-152801_1', time=21964.00.
Warning: Vehicle 'commercial_1-2_215' ends teleporting on edge '152814#9', time=21964.00.
Warning: Teleporting vehicle 'pedestrian_1-3_3422_tr'; waited too long (yield), lane=':134149_1_0', time=21966.00.
Warning: Vehicle 'pedestrian_1-3_3422_tr' ends teleporting on edge '152887#2', time=21966.00.
Warning: Teleporting vehicle 'commercial_1-GW1_84'; waited too long (yield), lane='152349_1', time=21969.00.
Warning: Vehicle 'commercial_1-GW1_84' ends teleporting on edge '152582#1', time=21969.00.
Warning: Person 'pedestrian_1-1-pt_7938' is jammed on edge ':141956_w1', time=21970.00.
Warning: Person 'pedestrian_1-1-pt_761' is jammed on edge ':151696_w1', time=21971.00.
Warning: Teleporting vehicle 'pedestrian_1-3_589_tr'; waited too long (yield), lane=':152093_5_0', time=21971.00.
Warning: Teleporting vehicle 'pedestrian_1-1-veh_617_tr'; waited too long (yield), lane='-152763_1', time=21971.00.
Warning: Vehicle 'pedestrian_1-1-veh_617_tr' ends teleporting on edge '152776', time=21971.00.
Warning: Vehicle 'pedestrian_1-3_589_tr' ends teleporting on edge '152491#0', time=21971.00.
Warning: Person 'pedestrian_1-1-pt_1675' is jammed on edge ':134725_w0', time=21973.00.
Warning: Teleporting vehicle 'pedestrian_1-3_2199_tr'; waited too long (yield), lane='152361_1', time=21973.00.
Warning: Removing person 'pedestrian_GW1-1_2874' at removal of vehicle 'pedestrian_GW1-1_2874_tr'
Warning: Vehicle 'pedestrian_1-3_2199_tr' ends teleporting on edge '152535#4', time=21973.00.
Warning: Teleporting vehicle 'pedestrian_1-3_1151_tr'; waited too long (yield), lane='152983_1', time=21974.00.
Warning: Vehicle 'pedestrian_1-1-pt_6052_tr' ends teleporting on edge '152983', time=21974.00.
Warning: Teleporting vehicle 'pedestrian_1-2_4554_tr'; waited too long (yield), lane='153011#1_1', time=21976.00.
Warning: Teleporting vehicle 'pedestrian_1-3_5040_tr'; waited too long (jam), lane='153011#0_1', time=21976.00.
Warning: Removing person 'pedestrian_1-GW2_285' at removal of vehicle 'pedestrian_1-GW2_285_tr'
Warning: Vehicle 'pedestrian_1-2_4554_tr' ends teleporting on edge '152649#1', time=21976.00.
Warning: Vehicle 'pedestrian_1-3_5040_tr' ends teleporting on edge '153011#1', time=21976.00.
Warning: Teleporting vehicle 'pedestrian_1-1-pt_6761_tr'; waited too long (yield), lane='-152831#0_1', time=21978.00.
Warning: Vehicle 'pedestrian_1-1-pt_6761_tr' ends teleporting on edge '152816#4', time=21978.00.
Warning: Teleporting vehicle 'pedestrian_1-2_1788_tr'; waited too long (yield), lane='-152831#0_1', time=21979.00.
Warning: Removing person 'pedestrian_GW1-1_18' at removal of vehicle 'pedestrian_GW1-1_18_tr'
Warning: Vehicle 'pedestrian_1-2_1788_tr' ends teleporting on edge '152816#4', time=21979.00.
Warning: Person 'pedestrian_1-1-pt_8317' is jammed on edge ':151696_w1', time=21980.00.
Warning: Removing person 'pedestrian_1-GW1_971' at removal of vehicle 'pedestrian_1-GW1_971_tr'
Warning: Teleporting vehicle 'pedestrian_2-1_5313_tr'; waited too long (yield), lane='-152707#0_1', time=21981.00.
Warning: Vehicle 'pedestrian_2-1_5313_tr' ends teleporting on edge '152706#2', time=21981.00.
Warning: Person 'pedestrian_1-1-pt_6016' is jammed on edge ':147198_w1', time=21982.00.
Warning: Removing person 'pedestrian_1-GW2_999' at removal of vehicle 'pedestrian_1-GW2_999_tr'
Warning: Vehicle 'commercial_1-2_156' ends teleporting on edge '-152398#1', time=21982.00.
Warning: Person 'pedestrian_1-1-pt_697' is jammed on edge ':132185_c0', time=21985.00.
Warning: Teleporting vehicle 'pedestrian_1-1-pt_7931_tr'; waited too long (yield), lane=':138808_2_0', time=21985.00.
Warning: Removing person 'pedestrian_GW2-1_3066' at removal of vehicle 'pedestrian_GW2-1_3066_tr'
Warning: Vehicle 'pedestrian_1-1-pt_7931_tr' ends teleporting on edge '152787#0', time=21985.00.
Warning: Teleporting vehicle 'pedestrian_1-2_4490_tr'; waited too long (yield), lane=':138808_2_0', time=21986.00.
Warning: Teleporting vehicle 'pedestrian_1-3_340_tr'; waited too long (yield), lane='-152783#0_1', time=21986.00.
Warning: Teleporting vehicle 'pedestrian_1-2_4276_tr'; waited too long (yield), lane='153401_1', time=21986.00.
Warning: Vehicle 'pedestrian_1-2_4490_tr' ends teleporting on edge '152787#0', time=21986.00.
Warning: Vehicle 'pedestrian_1-2_77_tr' ends teleporting on edge '153405#2', time=21987.00.
Warning: Teleporting vehicle 'pedestrian_1-3_3718_tr'; waited too long (yield), lane='-152766#0_1', time=21988.00.
Warning: Vehicle 'pedestrian_1-3_3718_tr' ends teleporting on edge '152960#7', time=21988.00.
Warning: Teleporting vehicle 'pedestrian_1-1-veh_689_tr'; waited too long (yield), lane='-152349_1', time=21989.00.
Warning: Vehicle 'pedestrian_1-1-veh_689_tr' ends teleporting on edge '152582#2', time=21989.00.
Warning: Vehicle 'pedestrian_2-1_4019_tr' ends teleporting on edge '153406#0', time=21989.00.
Warning: Removing person 'pedestrian_GW2-1_1024' at removal of vehicle 'pedestrian_GW2-1_1024_tr'
Warning: Teleporting vehicle 'pedestrian_2-1_6243_tr'; waited too long (yield), lane='152909_1', time=21991.00.
Warning: Vehicle 'pedestrian_2-1_6243_tr' ends teleporting on edge '-153476#13', time=21991.00.
Warning: Teleporting vehicle 'pedestrian_1-2_5114_tr'; waited too long (yield), lane='-152648#0_1', time=21992.00.
Warning: Vehicle 'pedestrian_1-2_5114_tr' ends teleporting on edge '152647#1', time=21992.00.
Warning: Removing person 'pedestrian_GW1-1_1841' at removal of vehicle 'pedestrian_GW1-1_1841_tr'
Warning: Teleporting vehicle 'commercial_1-2_93'; waited too long (yield), lane='-152895#1_1', time=21995.00.
Warning: Teleporting vehicle 'pedestrian_1-2_4119_tr'; waited too long (jam), lane=':143085_0_0', time=21995.00.
Warning: Vehicle 'commercial_1-2_93' ends teleporting on edge '153476#1', time=21995.00.
Warning: Removing person 'pedestrian_GW2-1_2627' at removal of vehicle 'pedestrian_GW2-1_2627_tr'
Warning: Teleporting vehicle 'pedestrian_1-3_1760_tr'; waited too long (jam), lane='152773_1', time=21997.00.
Warning: Teleporting vehicle 'pedestrian_1-2_352_tr'; waited too long (yield), lane='-152760_1', time=21997.00.
Warning: Removing person 'pedestrian_GW1-1_638' at removal of vehicle 'pedestrian_GW1-1_638_tr'
Warning: Removing person 'pedestrian_1-GW1_262' at removal of vehicle 'pedestrian_1-GW1_262_tr'
Warning: Vehicle 'pedestrian_1-3_1760_tr' ends teleporting on edge '152772', time=21997.00.
Warning: Teleporting vehicle 'pedestrian_2-1_2758_tr'; waited too long (yield), lane=':136017_1_0', time=21998.00.
Warning: Removing person 'pedestrian_GW1-1_1422' at removal of vehicle 'pedestrian_GW1-1_1422_tr'
Warning: Vehicle 'pedestrian_2-1_2758_tr' ends teleporting on edge '152649#0', time=21998.00.
Warning: Person 'pedestrian_1-1-pt_7601' is jammed on edge ':cluster_135794_135910_w2', time=21999.00.
Warning: Person 'pedestrian_1-1-pt_1270' is jammed on edge ':148237_c0', time=21999.00.
Warning: Vehicle 'pedestrian_1-3_340_tr' ends teleporting on edge '-152766#1', time=22000.00.
Warning: Person 'pedestrian_1-1-pt_5139' is jammed on edge ':cluster_137509_149935_w0', time=22001.00.
Warning: Person 'pedestrian_1-1-pt_6563' is jammed on edge ':151662_w0', time=22002.00.
Warning: Teleporting vehicle 'pedestrian_1-3_3246_tr'; waited too long (yield), lane='152711#3_1', time=22003.00.
Warning: Teleporting vehicle 'pedestrian_1-3_2308_tr'; waited too long (jam), lane='-152873#1_1', time=22003.00.
Warning: Vehicle 'pedestrian_1-3_2308_tr' ends teleporting on edge '-152873#0', time=22003.00.
Warning: Vehicle 'pedestrian_1-3_3246_tr' ends teleporting on edge '-152701#3', time=22003.00.
Warning: Teleporting vehicle 'pedestrian_2-1_3714_tr'; waited too long (yield), lane='152466#1_1', time=22005.00.
Warning: Vehicle 'pedestrian_1-3_1151_tr' ends teleporting on edge '152973', time=22005.00.
Warning: Vehicle 'pedestrian_2-1_3714_tr' ends teleporting on edge '152943#0', time=22005.00.
Warning: Vehicle 'pedestrian_1-2_4276_tr' ends teleporting on edge '153396#0', time=22005.00.
Warning: Teleporting vehicle 'pedestrian_1-1-pt_748_tr'; waited too long (yield), lane='153270#1_0', time=22006.00.
Warning: Teleporting vehicle 'pedestrian_1-1-pt_2545_tr'; waited too long (jam), lane=':148634_0_0', time=22006.00.
Warning: Removing person 'pedestrian_GW1-1_2027' at removal of vehicle 'pedestrian_GW1-1_2027_tr'
Warning: Vehicle 'pedestrian_1-3_5046_tr' ends teleporting on edge '152654#3', time=22007.00.
Warning: Teleporting vehicle 'commercial_1-2_8'; waited too long (jam), lane='-152803_1', time=22008.00.
Warning: Vehicle 'pedestrian_1-3_1864_tr' ends teleporting on edge '152174#1', time=22010.00.
Warning: Teleporting vehicle 'special_1-3_249'; waited too long (yield), lane='152668#2_1', time=22011.00.
Warning: Vehicle 'special_1-3_249' ends teleporting on edge '152714', time=22011.00.
Warning: Teleporting vehicle 'pedestrian_1-3_2234_tr'; waited too long (yield), lane='152688#2_1', time=22012.00.
Warning: Vehicle 'pedestrian_1-3_2234_tr' ends teleporting on edge '152702#1', time=22012.00.
Warning: Person 'pedestrian_1-1-pt_4742' is jammed on edge ':150821_w1', time=22013.00.
Warning: Teleporting vehicle 'pedestrian_1-3_448_tr'; waited too long (yield), lane='-152767#0_1', time=22013.00.
Warning: Removing person 'pedestrian_GW1-1_3057' at removal of vehicle 'pedestrian_GW1-1_3057_tr'
Warning: Vehicle 'pedestrian_1-3_448_tr' ends teleporting on edge '-152701#0', time=22013.00.
Warning: Removing person 'pedestrian_GW1-1_1543' at removal of vehicle 'pedestrian_GW1-1_1543_tr'
Warning: Vehicle 'pedestrian_1-3_3240_tr' ends teleporting on edge '152677#0', time=22014.00.
Warning: Vehicle 'pedestrian_1-2_4119_tr' ends teleporting on edge '153405#0', time=22014.00.
Warning: Person 'pedestrian_1-1-pt_842' is jammed on edge ':151107_w1', time=22015.00.
Warning: Vehicle 'pedestrian_1-1-veh_431_tr' ends teleporting on edge '152677#0', time=22015.00.
Warning: Removing person 'pedestrian_GW1-1_1156' at removal of vehicle 'pedestrian_GW1-1_1156_tr'
Warning: Teleporting vehicle 'pedestrian_1-2_5365_tr'; waited too long (yield), lane='-153329#0_1', time=22017.00.
Warning: Vehicle 'pedestrian_1-2_5365_tr' ends teleporting on edge '152933#3', time=22017.00.
Warning: Vehicle 'pedestrian_1-1-pt_2545_tr' ends teleporting on edge '152312#3', time=22018.00.
Warning: Removing person 'pedestrian_3-1_1698' at removal of vehicle 'pedestrian_3-1_1698_tr'
Warning: Teleporting vehicle 'pedestrian_1-1-pt_6660_tr'; waited too long (yield), lane='152967_1', time=22020.00.
Warning: Removing person 'pedestrian_GW1-1_2133' at removal of vehicle 'pedestrian_GW1-1_2133_tr'
Warning: Vehicle 'pedestrian_1-1-pt_6660_tr' ends teleporting on edge '152816#2', time=22020.00.
Warning: Teleporting vehicle 'pedestrian_1-3_4343_tr'; waited too long (yield), lane='152811_1', time=22024.00.
Warning: Teleporting vehicle 'pedestrian_1-3_4080_tr'; waited too long (yield), lane='152900#1_1', time=22024.00.
Warning: Vehicle 'pedestrian_1-3_4343_tr' ends teleporting on edge '152816#5', time=22024.00.
Warning: Teleporting vehicle 'commercial_1-GW1_211'; waited too long (yield), lane='152831#2_1', time=22025.00.
Warning: Vehicle 'commercial_1-GW1_211' ends teleporting on edge '152960#5', time=22025.00.
Warning: Person 'pedestrian_1-1-pt_247' is jammed on edge ':142376_w1', time=22026.00.
Warning: Teleporting vehicle 'pedestrian_2-1_5073_tr'; waited too long (jam), lane='-153449#1_1', time=22027.00.
Warning: Teleporting vehicle 'pedestrian_1-3_5139_tr'; waited too long (jam), lane='-152701#4_1', time=22027.00.
Warning: Removing person 'pedestrian_GW1-1_523' at removal of vehicle 'pedestrian_GW1-1_523_tr'
Warning: Vehicle 'pedestrian_2-1_5073_tr' ends teleporting on edge '-153449#0', time=22027.00.
Warning: Teleporting vehicle 'pedestrian_1-1-pt_1064_tr'; waited too long (yield), lane='-152676#0_1', time=22029.00.
Warning: Vehicle 'pedestrian_1-1-pt_1064_tr' ends teleporting on edge '152677#4', time=22029.00.
Warning: Teleporting vehicle 'pedestrian_1-2_2316_tr'; waited too long (yield), lane='-152676#0_1', time=22030.00.
Warning: Removing person 'pedestrian_1-GW2_1625' at removal of vehicle 'pedestrian_1-GW2_1625_tr'
Warning: Teleporting vehicle 'pedestrian_1-2_1536_tr'; waited too long (yield), lane='152658#1_1', time=22031.00.
Warning: Removing person 'pedestrian_GW1-1_2748' at removal of vehicle 'pedestrian_GW1-1_2748_tr'
Warning: Vehicle 'pedestrian_1-3_4080_tr' ends teleporting on edge '152973', time=22032.00.
Warning: Teleporting vehicle 'pedestrian_1-2_158_tr'; waited too long (yield), lane='152967_1', time=22033.00.
Warning: Vehicle 'pedestrian_1-2_158_tr' ends teleporting on edge '152816#2', time=22033.00.
Warning: Teleporting vehicle 'pedestrian_2-1_843_tr'; waited too long (jam), lane='152647#1_1', time=22034.00.
Warning: Teleporting vehicle 'pedestrian_1-3_4134_tr'; waited too long (yield), lane='152654#1_1', time=22034.00.
Warning: Teleporting vehicle 'pedestrian_1-3_5012_tr'; waited too long (yield), lane=':cluster_137509_149935_6_0', time=22035.00.
Warning: Vehicle 'pedestrian_1-1-pt_748_tr' ends teleporting on edge '152818#1', time=22035.00.
Warning: Vehicle 'pedestrian_1-3_5012_tr' ends teleporting on edge '-152381', time=22035.00.
Warning: Teleporting vehicle 'pedestrian_1-3_5269_tr'; waited too long (yield), lane=':140213_2_0', time=22038.00.
Warning: Teleporting vehicle 'commercial_1-1_27'; waited too long (jam), lane='-152701#0_2', time=22038.00.
Warning: Teleporting vehicle 'pedestrian_1-3_592_tr'; waited too long (yield), lane='-152682#1_1', time=22038.00.
Warning: Removing person 'pedestrian_GW2-1_2789' at removal of vehicle 'pedestrian_GW2-1_2789_tr'
Warning: Vehicle 'pedestrian_1-3_5269_tr' ends teleporting on edge '152805#1', time=22038.00.
Warning: Vehicle 'commercial_1-1_27' ends teleporting on edge '152229', time=22038.00.
Warning: Vehicle 'pedestrian_1-3_592_tr' ends teleporting on edge '153415#1', time=22038.00.
Warning: Vehicle 'pedestrian_1-2_2316_tr' ends teleporting on edge '152677#4', time=22039.00.
Warning: Person 'pedestrian_1-1-pt_2549' is jammed on edge ':133676_w1', time=22040.00.
Warning: Removing person 'pedestrian_1-GW2_221' at removal of vehicle 'pedestrian_1-GW2_221_tr'
Warning: Teleporting vehicle 'pedestrian_2-1_1911_tr'; waited too long (yield), lane='153559#2_1', time=22042.00.
Warning: Teleporting vehicle 'commercial_1-GW1_263'; waited too long (yield), lane='-152799_1', time=22042.00.
Warning: Vehicle 'pedestrian_2-1_1911_tr' ends teleporting on edge '152898#1', time=22042.00.
Warning: Teleporting vehicle 'pedestrian_2-1_1149_tr'; waited too long (yield), lane=':145241_4_0', time=22043.00.
Warning: Vehicle 'pedestrian_2-1_1149_tr' ends teleporting on edge '152701#0', time=22043.00.
Warning: Teleporting vehicle 'pedestrian_1-1-pt_4329_tr'; waited too long (yield), lane='152590#2_1', time=22044.00.
Warning: Teleporting vehicle 'pedestrian_1-3_5521_tr'; waited too long (yield), lane='-152666_1', time=22044.00.
Warning: Teleporting vehicle 'pedestrian_2-1_5911_tr'; waited too long (jam), lane='152649#4_1', time=22044.00.
Warning: Removing person 'pedestrian_GW1-1_1658' at removal of vehicle 'pedestrian_GW1-1_1658_tr'
Warning: Vehicle 'pedestrian_1-1-pt_4329_tr' ends teleporting on edge '152582#2', time=22044.00.
Warning: Vehicle 'pedestrian_1-3_5521_tr' ends teleporting on edge '-152668#0', time=22044.00.
Warning: Teleporting vehicle 'pedestrian_1-2_5665_tr'; waited too long (yield), lane='152590#2_1', time=22045.00.
Warning: Vehicle 'pedestrian_1-2_5665_tr' ends teleporting on edge '152582#2', time=22045.00.
Warning: Removing person 'pedestrian_GW1-1_122' at removal of vehicle 'pedestrian_GW1-1_122_tr'
Warning: Removing person 'pedestrian_GW2-1_3072' at removal of vehicle 'pedestrian_GW2-1_3072_tr'
Warning: Removing person 'pedestrian_1-GW1_1724' at removal of vehicle 'pedestrian_1-GW1_1724_tr'
Warning: Teleporting vehicle 'pedestrian_1-3_4457_tr'; waited too long (jam), lane='152654#0_1', time=22049.00.
Warning: Teleporting vehicle 'commercial_1-1_472'; waited too long (yield), lane=':149647_2_0', time=22050.00.
Warning: Teleporting vehicle 'pedestrian_1-3_3357_tr'; waited too long (jam), lane='152312#2_0', time=22050.00.
Warning: Vehicle 'pedestrian_1-3_3357_tr' ends teleporting on edge '-152309', time=22050.00.
Warning: Vehicle 'commercial_1-1_472' ends teleporting on edge '152807', time=22050.00.
Warning: Teleporting vehicle 'commercial_1-GW2_213'; waited too long (jam), lane='152805#1_1', time=22052.00.
Warning: Removing person 'pedestrian_GW1-1_3873' at removal of vehicle 'pedestrian_GW1-1_3873_tr'
Warning: Vehicle 'pedestrian_2-1_5911_tr' ends teleporting on edge '153406#0', time=22052.00.
Warning: Teleporting vehicle 'pedestrian_1-3_1877_tr'; waited too long (yield), lane=':148443_1_0', time=22053.00.
Warning: Removing person 'pedestrian_GW1-1_52' at removal of vehicle 'pedestrian_GW1-1_52_tr'
Warning: Removing person 'pedestrian_GW1-1_849' at removal of vehicle 'pedestrian_GW1-1_849_tr'
Warning: Vehicle 'pedestrian_1-3_5139_tr' ends teleporting on edge '-152706#3', time=22053.00.
Warning: Vehicle 'pedestrian_2-1_843_tr' ends teleporting on edge '153405#0', time=22053.00.
Warning: Vehicle 'pedestrian_1-3_1877_tr' ends teleporting on edge '-152546', time=22053.00.
Warning: Teleporting vehicle 'commercial_1-3_267'; waited too long (jam), lane='-152821#2_1', time=22054.00.
Warning: Teleporting vehicle 'pedestrian_1-3_4842_tr'; waited too long (yield), lane='-152821#0_2', time=22054.00.
Warning: Vehicle 'pedestrian_1-2_1536_tr' ends teleporting on edge '152535#6', time=22054.00.
Warning: Teleporting vehicle 'pedestrian_2-1_4792_tr'; waited too long (yield), lane='-152451_1', time=22058.00.
Warning: Vehicle 'pedestrian_1-3_4842_tr' ends teleporting on edge '152137#0', time=22058.00.
Warning: Teleporting vehicle 'pedestrian_1-1-pt_4091_tr'; waited too long (yield), lane='-152774_1', time=22059.00.
Warning: Vehicle 'pedestrian_1-1-pt_4091_tr' ends teleporting on edge '152773', time=22059.00.
Warning: Vehicle 'commercial_1-2_8' ends teleporting on edge '-152774', time=22059.00.
Warning: Teleporting vehicle 'pedestrian_1-2_4515_tr'; waited too long (yield), lane='-152767#2_1', time=22061.00.
Warning: Vehicle 'pedestrian_2-1_4792_tr' ends teleporting on edge '153638', time=22061.00.
Warning: Teleporting vehicle 'pedestrian_1-3_2546_tr'; waited too long (yield), lane='152457#1_1', time=22062.00.
Warning: Vehicle 'pedestrian_1-3_2546_tr' ends teleporting on edge '152457#2', time=22062.00.
Warning: Teleporting vehicle 'pedestrian_1-2_394_tr'; waited too long (jam), lane='-152767#3_1', time=22063.00.
Warning: Vehicle 'pedestrian_1-2_394_tr' ends teleporting on edge '-152767#2', time=22063.00.
Warning: Vehicle 'pedestrian_1-3_4457_tr' ends teleporting on edge '-152662', time=22064.00.
Warning: Person 'pedestrian_1-1-pt_3625' is jammed on edge ':141846_w3', time=22065.00.
Warning: Teleporting vehicle 'pedestrian_1-3_1257_tr'; waited too long (jam), lane=':146732_5_0', time=22065.00.
Warning: Vehicle 'pedestrian_1-2_4515_tr' ends teleporting on edge '-152780', time=22065.00.
Warning: Vehicle 'commercial_1-GW2_213' ends teleporting on edge '-152766#1', time=22066.00.
Warning: Teleporting vehicle 'pedestrian_1-3_3320_tr'; waited too long (yield), lane='152832#6_1', time=22067.00.
Warning: Vehicle 'pedestrian_1-3_3320_tr' ends teleporting on edge '152870#4', time=22067.00.
Warning: Removing person 'pedestrian_GW1-1_1002' at removal of vehicle 'pedestrian_GW1-1_1002_tr'
Warning: Vehicle 'commercial_1-3_267' ends teleporting on edge '-152821#0', time=22069.00.
Warning: Teleporting vehicle 'pedestrian_1-2_5637_tr'; waited too long (yield), lane='-152391_1', time=22070.00.
Warning: Teleporting vehicle 'pedestrian_1-3_2891_tr'; waited too long (yield), lane='-152945#0_1', time=22070.00.
Warning: Vehicle 'pedestrian_1-3_2891_tr' ends teleporting on edge '153552#1', time=22070.00.
Warning: Vehicle 'pedestrian_1-2_5637_tr' ends teleporting on edge '152836#3', time=22070.00.
Warning: Removing person 'pedestrian_GW1-1_483' at removal of vehicle 'pedestrian_GW1-1_483_tr'
Warning: Teleporting vehicle 'pedestrian_2-1_3376_tr'; waited too long (jam), lane='152883#1_1', time=22074.00.
Warning: Teleporting vehicle 'commercial_1-GW2_170'; waited too long (jam), lane='152935_1', time=22075.00.
Warning: Teleporting vehicle 'pedestrian_1-1-pt_6689_tr'; waited too long (yield), lane='152311_0', time=22079.00.
Warning: Removing person 'pedestrian_3-1_4239' at removal of vehicle 'pedestrian_3-1_4239_tr'
Warning: Removing person 'pedestrian_1-GW1_2111' at removal of vehicle 'pedestrian_1-GW1_2111_tr'
Warning: Vehicle 'pedestrian_1-3_1257_tr' ends teleporting on edge '-152706#2', time=22082.00.
Warning: Removing person 'pedestrian_GW2-1_2554' at removal of vehicle 'pedestrian_GW2-1_2554_tr'
Warning: Removing person 'pedestrian_3-1_4046' at removal of vehicle 'pedestrian_3-1_4046_tr'
Warning: Person 'pedestrian_1-1-pt_3820' is jammed on edge ':132112_w3', time=22086.00.
Warning: Vehicle 'pedestrian_1-2_352_tr' ends teleporting on edge '152776', time=22086.00.
Warning: Vehicle 'pedestrian_2-1_3376_tr' ends teleporting on edge '152874#1', time=22087.00.
Warning: Teleporting vehicle 'pedestrian_1-3_2025_tr'; waited too long (yield), lane='152672#2_1', time=22088.00.
Warning: Vehicle 'pedestrian_1-3_2025_tr' ends teleporting on edge '-152775#0', time=22088.00.
Warning: Teleporting vehicle 'pedestrian_1-3_5426_tr'; waited too long (yield), lane=':146732_10_0', time=22089.00.
Warning: Removing person 'pedestrian_1-GW1_657' at removal of vehicle 'pedestrian_1-GW1_657_tr'
Warning: Vehicle 'pedestrian_1-3_5426_tr' ends teleporting on edge '-152706#3', time=22089.00.
Warning: Teleporting vehicle 'pedestrian_1-2_3146_tr'; waited too long (yield), lane=':137990_5_0', time=22090.00.
Warning: Teleporting vehicle 'pedestrian_1-1-pt_5746_tr'; waited too long (yield), lane='152767#3_1', time=22090.00.
Warning: Vehicle 'pedestrian_1-1-pt_5746_tr' ends teleporting on edge '152716', time=22090.00.
Warning: Vehicle 'pedestrian_1-2_3146_tr' ends teleporting on edge '-152653', time=22090.00.
Warning: Teleporting vehicle 'pedestrian_2-1_1646_tr'; waited too long (jam), lane='152973_1', time=22091.00.
Warning: Teleporting vehicle 'pedestrian_1-1-pt_6052_tr'; waited too long (yield), lane='152983_1', time=22091.00.
Warning: Removing person 'pedestrian_GW1-1_1201' at removal of vehicle 'pedestrian_GW1-1_1201_tr'
Warning: Vehicle 'pedestrian_1-1-pt_6052_tr' ends teleporting on edge '152982#3', time=22091.00.
Warning: Vehicle 'pedestrian_1-1-pt_6689_tr' ends teleporting on edge '152312#3', time=22091.00.
Warning: Vehicle 'pedestrian_2-1_1646_tr' ends teleporting on edge '-152895#1', time=22091.00.
Warning: Person 'pedestrian_1-1-pt_7177' is jammed on edge ':132375_w1', time=22092.00.
Warning: Teleporting vehicle 'pedestrian_2-1_5929_tr'; waited too long (jam), lane='153404#7_1', time=22093.00.
Warning: Teleporting vehicle 'pedestrian_1-3_2179_tr'; waited too long (yield), lane='-152347#0_1', time=22093.00.
Warning: Vehicle 'pedestrian_1-3_2179_tr' ends teleporting on edge '152535#0', time=22093.00.
Warning: Vehicle 'pedestrian_2-1_5929_tr' ends teleporting on edge '153404#8', time=22093.00.
Warning: Teleporting vehicle 'pedestrian_2-1_786_tr'; waited too long (yield), lane='152708#1_1', time=22094.00.
Warning: Removing person 'pedestrian_GW1-1_3457' at removal of vehicle 'pedestrian_GW1-1_3457_tr'
Warning: Removing person 'pedestrian_1-GW1_400' at removal of vehicle 'pedestrian_1-GW1_400_tr'
Warning: Vehicle 'commercial_1-GW2_170' ends teleporting on edge '-152799', time=22094.00.
Warning: Teleporting vehicle 'pedestrian_1-1-veh_374_tr'; waited too long (yield), lane='-152610_1', time=22095.00.
Warning: Vehicle 'pedestrian_1-1-veh_374_tr' ends teleporting on edge '152602', time=22095.00.
Warning: Removing person 'pedestrian_GW1-1_3121' at removal of vehicle 'pedestrian_GW1-1_3121_tr'
Warning: Person 'pedestrian_1-1-pt_2183' is jammed on edge ':147814_w1', time=22098.00.
Warning: Person 'pedestrian_1-1-pt_1763' is jammed on edge ':139070_w3', time=22099.00.
Warning: Teleporting vehicle 'pedestrian_1-2_4516_tr'; waited too long (yield), lane='152883#2_1', time=22100.00.
Warning: Teleporting vehicle 'pedestrian_3-1_1677_tr'; waited too long (yield), lane='152479_1', time=22100.00.
Warning: Teleporting vehicle 'pedestrian_1-2_1382_tr'; waited too long (jam), lane='153405#1_1', time=22101.00.
Warning: Person 'pedestrian_1-1-pt_8798' is jammed on edge ':139070_w2', time=22102.00.
Warning: Teleporting vehicle 'commercial_1-1_122'; waited too long (yield), lane='152681_1', time=22102.00.
Warning: Teleporting vehicle 'pedestrian_1-3_1985_tr'; waited too long (yield), lane='152546_1', time=22102.00.
Warning: Removing person 'pedestrian_GW2-1_1701' at removal of vehicle 'pedestrian_GW2-1_1701_tr'
Warning: Teleporting vehicle 'pedestrian_1-3_2158_tr'; waited too long (yield), lane='-152665_1', time=22106.00.
Warning: Teleporting vehicle 'pedestrian_1-3_2308_tr'; waited too long (jam), lane='-152873#0_1', time=22106.00.
Warning: Removing person 'pedestrian_GW1-1_242' at removal of vehicle 'pedestrian_GW1-1_242_tr'
Warning: Vehicle 'pedestrian_1-2_1382_tr' ends teleporting on edge '153406#0', time=22106.00.
Warning: Vehicle 'pedestrian_1-3_2158_tr' ends teleporting on edge '-152716', time=22106.00.
Warning: Removing person 'pedestrian_GW1-1_3963' at removal of vehicle 'pedestrian_GW1-1_3963_tr'
Warning: Teleporting vehicle 'pedestrian_1-1-veh_522_tr'; waited too long (yield), lane=':144371_3_0', time=22108.00.
Warning: Teleporting vehicle 'pedestrian_1-3_5153_tr'; waited too long (yield), lane='-152763_1', time=22108.00.
Warning: Vehicle 'pedestrian_1-3_5153_tr' ends teleporting on edge '152776', time=22108.00.
Warning: Vehicle 'pedestrian_1-1-veh_522_tr' ends teleporting on edge '152606#8', time=22108.00.
Warning: Vehicle 'pedestrian_1-2_4516_tr' ends teleporting on edge '153638', time=22109.00.
Warning: Teleporting vehicle 'pedestrian_1-1-pt_985_tr'; waited too long (jam), lane='152688#1_1', time=22110.00.
Warning: Removing person 'pedestrian_GW1-1_2215' at removal of vehicle 'pedestrian_GW1-1_2215_tr'
Warning: Vehicle 'pedestrian_2-1_786_tr' ends teleporting on edge '152701#3', time=22110.00.
Warning: Vehicle 'pedestrian_1-1-pt_985_tr' ends teleporting on edge '152688#2', time=22110.00.
Warning: Person 'pedestrian_1-1-pt_4262' is jammed on edge ':134432_w2', time=22111.00.
Warning: Removing person 'pedestrian_GW1-1_3371' at removal of vehicle 'pedestrian_GW1-1_3371_tr'
Warning: Teleporting vehicle 'pedestrian_1-2_258_tr'; waited too long (yield), lane='-152831#0_1', time=22116.00.
Warning: Vehicle 'pedestrian_1-2_258_tr' ends teleporting on edge '152816#4', time=22116.00.
Warning: Teleporting vehicle 'bus_2:Jardin.2'; waited too long (yield), lane=':148237_2_0', time=22118.00.
Warning: Vehicle 'bus_2:Jardin.2' ends teleporting on edge '-152821#2', time=22118.00.
Warning: Teleporting vehicle 'commercial_1-1_574'; waited too long (yield), lane='-152830#0_1', time=22119.00.
Warning: Teleporting vehicle 'pedestrian_1-1-pt_3610_tr'; waited too long (yield), lane='152807_1', time=22120.00.
Warning: Vehicle 'pedestrian_1-1-pt_3610_tr' ends teleporting on edge '152945#2', time=22120.00.
Warning: Teleporting vehicle 'pedestrian_1-3_3134_tr'; waited too long (yield), lane=':152093_5_0', time=22121.00.
Warning: Teleporting vehicle 'special_1-1_54'; waited too long (yield), lane='152813_1', time=22121.00.
Warning: Teleporting vehicle 'pedestrian_1-2_4574_tr'; waited too long (yield), lane='152677#5_1', time=22121.00.
Warning: Vehicle 'special_1-1_54' ends teleporting on edge '-152814#8', time=22121.00.
Warning: Vehicle 'pedestrian_1-3_3134_tr' ends teleporting on edge '152491#0', time=22121.00.
Warning: Teleporting vehicle 'pedestrian_1-3_5531_tr'; waited too long (yield), lane=':143379_1_0', time=22122.00.
Warning: Vehicle 'pedestrian_1-3_5531_tr' ends teleporting on edge '152965#0', time=22122.00.
Warning: Teleporting vehicle 'pedestrian_1-3_1666_tr'; waited too long (yield), lane='-152661_1', time=22123.00.
Warning: Teleporting vehicle 'pedestrian_1-2_1742_tr'; waited too long (jam), lane='152290_0', time=22123.00.
Warning: Vehicle 'commercial_3-1_112' ends teleporting on edge '-153394#0', time=22123.00.
Warning: Vehicle 'pedestrian_1-2_1742_tr' ends teleporting on edge '152287', time=22123.00.
Warning: Vehicle 'pedestrian_1-3_1666_tr' ends teleporting on edge '-152668#2', time=22123.00.
Warning: Teleporting vehicle 'commercial_1-2_288'; waited too long (yield), lane='152361_1', time=22124.00.
Warning: Vehicle 'commercial_1-2_288' ends teleporting on edge '152535#4', time=22124.00.
Warning: Teleporting vehicle 'pedestrian_2-1_3741_tr'; waited too long (yield), lane='-152919#0_1', time=22126.00.
Warning: Vehicle 'pedestrian_2-1_3741_tr' ends teleporting on edge '-153476#20', time=22126.00.
Warning: Teleporting vehicle 'pedestrian_1-2_240_tr'; waited too long (yield), lane='-152386#1_1', time=22127.00.
Warning: Teleporting vehicle 'commercial_1-1_31'; waited too long (yield), lane='-152349_1', time=22127.00.
Warning: Teleporting vehicle 'special_1-1_66'; waited too long (jam), lane='153011#0_1', time=22127.00.
Warning: Vehicle 'commercial_1-1_31' ends teleporting on edge '152582#2', time=22127.00.
Warning: Vehicle 'special_1-1_66' ends teleporting on edge '153011#1', time=22127.00.
Warning: Vehicle 'pedestrian_1-2_240_tr' ends teleporting on edge '-152386#0', time=22127.00.
Warning: Teleporting vehicle 'pedestrian_1-3_1594_tr'; waited too long (yield), lane='-152783#0_1', time=22130.00.
Warning: Person 'pedestrian_1-1-pt_729' is jammed on edge ':143468_w0', time=22131.00.
Warning: Teleporting vehicle 'commercial_1-GW2_248'; waited too long (yield), lane='153273#2_1', time=22132.00.
Warning: Teleporting vehicle 'pedestrian_1-2_1964_tr'; waited too long (yield), lane='152780_1', time=22132.00.
Warning: Vehicle 'pedestrian_1-2_1964_tr' ends teleporting on edge '152767#2', time=22132.00.
Warning: Vehicle 'commercial_1-GW2_248' ends teleporting on edge '152960#10', time=22132.00.
Warning: Teleporting vehicle 'pedestrian_1-3_432_tr'; waited too long (yield), lane='-152886#0_1', time=22133.00.
Warning: Vehicle 'pedestrian_1-3_432_tr' ends teleporting on edge '152975#4', time=22133.00.
Warning: Teleporting vehicle 'bus_6:Fontvieille.7'; waited too long (yield), lane=':141846_12_0', time=22134.00.
Warning: Teleporting vehicle 'pedestrian_1-2_4997_tr'; waited too long (yield), lane='-152760_1', time=22134.00.
Warning: Teleporting vehicle 'bus_6:Larvotto.0'; waited too long (jam), lane='152883#0_1', time=22134.00.
Warning: Vehicle 'pedestrian_1-2_4997_tr' ends teleporting on edge '-152763', time=22134.00.
Warning: Vehicle 'bus_6:Fontvieille.7' ends teleporting on edge '152535#0', time=22134.00.
Warning: Teleporting vehicle 'pedestrian_2-1_5073_tr'; waited too long (yield), lane='-153449#0_1', time=22135.00.
Warning: Teleporting vehicle 'special_2-1_182'; waited too long (jam), lane='152706#1_1', time=22135.00.
Warning: Vehicle 'pedestrian_2-1_5073_tr' ends teleporting on edge '-153440#2', time=22135.00.
Warning: Vehicle 'commercial_1-1_122' ends teleporting on edge '152649#3', time=22135.00.
Warning: Teleporting vehicle 'pedestrian_1-2_4074_tr'; waited too long (yield), lane=':138808_2_0', time=22136.00.
Warning: Teleporting vehicle 'pedestrian_1-1-veh_62_tr'; waited too long (yield), lane='153438_1', time=22136.00.
Warning: Vehicle 'pedestrian_1-2_4074_tr' ends teleporting on edge '152787#0', time=22136.00.
Warning: Vehicle 'pedestrian_1-1-veh_62_tr' ends teleporting on edge '152814#9', time=22136.00.
Warning: Teleporting vehicle 'pedestrian_1-3_3737_tr'; waited too long (yield), lane='152805#2_1', time=22137.00.
Warning: Vehicle 'pedestrian_1-3_1594_tr' ends teleporting on edge '152805#2', time=22137.00.
Warning: Removing person 'pedestrian_GW1-1_2684' at removal of vehicle 'pedestrian_GW1-1_2684_tr'
Warning: Removing person 'pedestrian_GW2-1_1398' at removal of vehicle 'pedestrian_GW2-1_1398_tr'
Warning: Teleporting vehicle 'pedestrian_1-3_648_tr'; waited too long (yield), lane='-152766#0_1', time=22146.00.
Warning: Teleporting vehicle 'pedestrian_1-2_582_tr'; waited too long (jam), lane='152773_1', time=22146.00.
Warning: Vehicle 'pedestrian_1-2_582_tr' ends teleporting on edge '152772', time=22146.00.
Warning: Vehicle 'pedestrian_1-3_648_tr' ends teleporting on edge '152960#7', time=22146.00.
Warning: Vehicle 'pedestrian_1-2_4574_tr' ends teleporting on edge '152672#2', time=22146.00.
Warning: Teleporting vehicle 'commercial_1-GW1_311'; waited too long (jam), lane='152650#0_1', time=22148.00.
Warning: Removing person 'pedestrian_GW1-1_2198' at removal of vehicle 'pedestrian_GW1-1_2198_tr'
Warning: Removing person 'pedestrian_GW1-1_2470' at removal of vehicle 'pedestrian_GW1-1_2470_tr'
Warning: Teleporting vehicle 'pedestrian_2-1_4530_tr'; waited too long (jam), lane='152606#8_1', time=22149.00.
Warning: Vehicle 'pedestrian_2-1_4530_tr' ends teleporting on edge '152606#9', time=22149.00.
Warning: Teleporting vehicle 'pedestrian_1-3_3000_tr'; waited too long (yield), lane='152806_1', time=22150.00.
Warning: Removing person 'pedestrian_GW2-1_1100' at removal of vehicle 'pedestrian_GW2-1_1100_tr'
Warning: Vehicle 'pedestrian_1-3_3000_tr' ends teleporting on edge '-152803', time=22150.00.
Warning: Teleporting vehicle 'pedestrian_1-3_196_tr'; waited too long (yield), lane='152287_0', time=22151.00.
Warning: Vehicle 'commercial_1-1_574' ends teleporting on edge '-153441#0', time=22152.00.
Warning: Removing person 'pedestrian_GW2-1_2685' at removal of vehicle 'pedestrian_GW2-1_2685_tr'
Warning: Removing person 'pedestrian_1-GW1_1679' at removal of vehicle 'pedestrian_1-GW1_1679_tr'
Warning: Vehicle 'commercial_1-GW1_311' ends teleporting on edge '152672#2', time=22153.00.
Warning: Teleporting vehicle 'pedestrian_2-1_677_tr'; waited too long (yield), lane='-152807_1', time=22156.00.
Warning: Removing person 'pedestrian_GW2-1_412' at removal of vehicle 'pedestrian_GW2-1_412_tr'
Warning: Vehicle 'pedestrian_2-1_677_tr' ends teleporting on edge '152814#10', time=22156.00.
Warning: Teleporting vehicle 'pedestrian_1-3_1323_tr'; waited too long (jam), lane='152859_1', time=22157.00.
Warning: Teleporting vehicle 'pedestrian_1-3_1184_tr'; waited too long (jam), lane='-152766#1_1', time=22158.00.
Warning: Vehicle 'pedestrian_1-3_3737_tr' ends teleporting on edge '-152766#1', time=22158.00.
Warning: Teleporting vehicle 'pedestrian_1-2_4832_tr'; waited too long (yield), lane='-152812#4_1', time=22159.00.
Warning: Vehicle 'pedestrian_1-2_4832_tr' ends teleporting on edge '-152812#3', time=22159.00.
Warning: Teleporting vehicle 'pedestrian_2-1_2883_tr'; waited too long (yield), lane='-152996#0_1', time=22160.00.
Warning: Teleporting vehicle 'pedestrian_1-1-pt_6117_tr'; waited too long (yield), lane='152811_1', time=22160.00.
Warning: Vehicle 'pedestrian_1-1-pt_6117_tr' ends teleporting on edge '152816#5', time=22160.00.
Warning: Teleporting vehicle 'pedestrian_1-3_1018_tr'; waited too long (yield), lane='-152676#0_1', time=22161.00.
Warning: Vehicle 'pedestrian_1-3_1018_tr' ends teleporting on edge '152677#4', time=22161.00.
Warning: Removing person 'pedestrian_1-GW2_1171' at removal of vehicle 'pedestrian_1-GW2_1171_tr'
Warning: Teleporting vehicle 'pedestrian_1-3_5276_tr'; waited too long (yield), lane='-153400_1', time=22164.00.
Warning: Vehicle 'pedestrian_1-3_196_tr' ends teleporting on edge '152654#1', time=22164.00.
Warning: Vehicle 'pedestrian_1-3_5276_tr' ends teleporting on edge '-152648#0', time=22164.00.
Warning: Teleporting vehicle 'commercial_1-1_430'; waited too long (yield), lane='-152767#0_1', time=22165.00.
Warning: Removing person 'pedestrian_1-GW1_816' at removal of vehicle 'pedestrian_1-GW1_816_tr'
Warning: Vehicle 'commercial_1-1_430' ends teleporting on edge '-152701#0', time=22165.00.
Warning: Teleporting vehicle 'pedestrian_1-2_3900_tr'; waited too long (yield), lane='-153556_1', time=22166.00.
Warning: Vehicle 'pedestrian_1-2_3900_tr' ends teleporting on edge '-153413#16', time=22166.00.
Warning: Vehicle 'pedestrian_1-3_1985_tr' ends teleporting on edge '-152706#3', time=22167.00.
Warning: Teleporting vehicle 'commercial_1-GW1_283'; waited too long (yield), lane='152999_1', time=22168.00.
Warning: Teleporting vehicle 'pedestrian_1-3_3809_tr'; waited too long (yield), lane='152654#2_1', time=22168.00.
Warning: Removing person 'pedestrian_1-GW1_708' at removal of vehicle 'pedestrian_1-GW1_708_tr'
Warning: Teleporting vehicle 'pedestrian_1-2_2791_tr'; waited too long (yield), lane='152967_1', time=22169.00.
Warning: Removing person 'pedestrian_1-GW2_383' at removal of vehicle 'pedestrian_1-GW2_383_tr'
Warning: Vehicle 'pedestrian_1-2_2791_tr' ends teleporting on edge '152816#2', time=22169.00.
Warning: Removing person 'pedestrian_GW1-1_1557' at removal of vehicle 'pedestrian_GW1-1_1557_tr'
Warning: Vehicle 'special_2-1_182' ends teleporting on edge '-152701#2', time=22170.00.
Warning: Teleporting vehicle 'pedestrian_1-2_2813_tr'; waited too long (yield), lane='152665_1', time=22171.00.
Warning: Removing person 'pedestrian_3-1_61' at removal of vehicle 'pedestrian_3-1_61_tr'
Warning: Removing person 'pedestrian_GW1-1_578' at removal of vehicle 'pedestrian_GW1-1_578_tr'
Warning: Vehicle 'pedestrian_1-2_2813_tr' ends teleporting on edge '152775#3', time=22171.00.
Warning: Vehicle 'pedestrian_2-1_2883_tr' ends teleporting on edge '152689', time=22172.00.
Warning: Person 'pedestrian_1-1-pt_7179' is jammed on edge ':144371_w0', time=22174.00.
Warning: Vehicle 'pedestrian_1-3_4134_tr' ends teleporting on edge '152677#0', time=22174.00.
Warning: Teleporting vehicle 'pedestrian_1-2_901_tr'; waited too long (yield), lane=':150994_2_0', time=22175.00.
Warning: Teleporting vehicle 'pedestrian_2-1_2243_tr'; waited too long (jam), lane='-153331#1_1', time=22175.00.
Warning: Removing person 'pedestrian_GW1-1_485' at removal of vehicle 'pedestrian_GW1-1_485_tr'
Warning: Removing person 'pedestrian_1-GW1_618' at removal of vehicle 'pedestrian_1-GW1_618_tr'
Warning: Vehicle 'commercial_1-GW1_263' ends teleporting on edge '152817#0', time=22175.00.
Warning: Vehicle 'pedestrian_1-2_901_tr' ends teleporting on edge '-152665', time=22175.00.
Warning: Removing person 'pedestrian_GW1-1_2559' at removal of vehicle 'pedestrian_GW1-1_2559_tr'
Warning: Person 'pedestrian_1-1-pt_8227' is jammed on edge ':133676_w1', time=22178.00.
Warning: Teleporting vehicle 'pedestrian_1-2_1483_tr'; waited too long (yield), lane='-152606#8_1', time=22181.00.
Warning: Vehicle 'pedestrian_1-2_1483_tr' ends teleporting on edge '-152606#7', time=22181.00.
Warning: Removing person 'pedestrian_GW1-1_621' at removal of vehicle 'pedestrian_GW1-1_621_tr'
Warning: Removing person 'pedestrian_GW1-1_1959' at removal of vehicle 'pedestrian_GW1-1_1959_tr'
Warning: Removing person 'pedestrian_GW1-1_3974' at removal of vehicle 'pedestrian_GW1-1_3974_tr'
Warning: Person 'pedestrian_1-1-pt_8482' is jammed on edge ':139324_w1', time=22183.00.
Warning: Teleporting vehicle 'commercial_1-2_244'; waited too long (jam), lane='-152668#1_1', time=22183.00.
Warning: Teleporting vehicle 'pedestrian_1-2_4047_tr'; waited too long (yield), lane='-152668#0_1', time=22184.00.
Warning: Teleporting vehicle 'pedestrian_2-1_4148_tr'; waited too long (yield), lane='-152652#0_1', time=22185.00.
Warning: Teleporting vehicle 'pedestrian_1-2_209_tr'; waited too long (yield), lane=':cluster_136767_142947_144456_144838_5_0', time=22185.00.
Warning: Vehicle 'pedestrian_2-1_4148_tr' ends teleporting on edge '-152667#10', time=22185.00.
Warning: Vehicle 'pedestrian_1-2_209_tr' ends teleporting on edge '-152361', time=22185.00.
Warning: Teleporting vehicle 'pedestrian_1-3_2846_tr'; waited too long (yield), lane='153401_1', time=22187.00.
Warning: Removing person 'pedestrian_GW1-1_550' at removal of vehicle 'pedestrian_GW1-1_550_tr'
Warning: Teleporting vehicle 'bus_M4:Train.1'; waited too long (yield), lane=':141993_2_0', time=22189.00.
Warning: Vehicle 'bus_M4:Train.1' ends teleporting on edge '-153010#1', time=22189.00.
Warning: Teleporting vehicle 'pedestrian_1-2_2263_tr'; waited too long (yield), lane='-152163#0_1', time=22190.00.
Warning: Vehicle 'pedestrian_1-2_2263_tr' ends teleporting on edge '-152873#2', time=22190.00.
Warning: Vehicle 'pedestrian_1-3_1184_tr' ends teleporting on edge '-152766#0', time=22191.00.
Warning: Vehicle 'pedestrian_2-1_2243_tr' ends teleporting on edge '-153415#1', time=22191.00.
Warning: Removing person 'pedestrian_1-GW2_736' at removal of vehicle 'pedestrian_1-GW2_736_tr'
Warning: Vehicle 'commercial_1-GW1_283' ends teleporting on edge '152706#2', time=22192.00.
Warning: Removing person 'pedestrian_GW2-1_1642' at removal of vehicle 'pedestrian_GW2-1_1642_tr'
Warning: Teleporting vehicle 'pedestrian_1-3_365_tr'; waited too long (yield), lane='-152666_1', time=22194.00.
Warning: Teleporting vehicle 'commercial_1-2_105'; waited too long (yield), lane='-152707#0_1', time=22194.00.
Warning: Vehicle 'pedestrian_1-3_1323_tr' ends teleporting on edge '152772', time=22194.00.
Warning: Person 'pedestrian_1-1-pt_2741' is jammed on edge ':145241_w1', time=22195.00.
Warning: Teleporting vehicle 'commercial_1-3_268'; waited too long (yield), lane='-152400_1', time=22195.00.
Warning: Teleporting vehicle 'pedestrian_1-3_1937_tr'; waited too long (yield), lane='-152354#0_1', time=22196.00.
Warning: Teleporting vehicle 'pedestrian_1-3_2294_tr'; waited too long (jam), lane='-152767#3_1', time=22197.00.
Warning: Vehicle 'commercial_1-3_268' ends teleporting on edge '152418', time=22197.00.
Warning: Person 'pedestrian_1-1-pt_6642' is jammed on edge ':151662_w1', time=22198.00.
Warning: Teleporting vehicle 'pedestrian_2-1_1646_tr'; waited too long (yield), lane='-152895#1_1', time=22198.00.
Warning: Removing person 'pedestrian_GW1-1_3460' at removal of vehicle 'pedestrian_GW1-1_3460_tr'
Warning: Vehicle 'pedestrian_2-1_1646_tr' ends teleporting on edge '-153476#0', time=22198.00.
Warning: Teleporting vehicle 'special_2-1_145'; waited too long (yield), lane='152971#5_1', time=22199.00.
Warning: Teleporting vehicle 'pedestrian_1-3_5269_tr'; waited too long (jam), lane='152805#1_1', time=22199.00.
Warning: Vehicle 'special_2-1_145' ends teleporting on edge '152813', time=22199.00.
Warning: Teleporting vehicle 'pedestrian_1-3_2011_tr'; waited too long (yield), lane='152809_1', time=22200.00.
Warning: Vehicle 'pedestrian_1-3_2011_tr' ends teleporting on edge '-152821#1', time=22200.00.
Warning: Teleporting vehicle 'pedestrian_1-2_4646_tr'; waited too long (yield), lane='152887#2_1', time=22201.00.
Warning: Vehicle 'pedestrian_1-2_4646_tr' ends teleporting on edge '-152900#0', time=22201.00.
Warning: Person 'pedestrian_1-1-pt_3189' is jammed on edge ':132375_w1', time=22202.00.
Warning: Teleporting vehicle 'pedestrian_1-3_3376_tr'; waited too long (yield), lane='-152821#0_1', time=22202.00.
Warning: Teleporting vehicle 'pedestrian_1-3_3731_tr'; waited too long (yield), lane='-152606#0_1', time=22204.00.
Warning: Removing person 'pedestrian_GW1-1_1776' at removal of vehicle 'pedestrian_GW1-1_1776_tr'
Warning: Vehicle 'pedestrian_1-3_1937_tr' ends teleporting on edge '152353#1', time=22204.00.
Warning: Vehicle 'pedestrian_1-3_3376_tr' ends teleporting on edge '-152139', time=22205.00.
Warning: Removing person 'pedestrian_GW1-1_1046' at removal of vehicle 'pedestrian_GW1-1_1046_tr'
Warning: Teleporting vehicle 'pedestrian_1-3_992_tr'; waited too long (jam), lane=':148634_1_0', time=22209.00.
Warning: Teleporting vehicle 'pedestrian_1-2_394_tr'; waited too long (yield), lane='-152767#2_1', time=22209.00.
Warning: Removing person 'pedestrian_GW1-1_1670' at removal of vehicle 'pedestrian_GW1-1_1670_tr'
Warning: Vehicle 'bus_6:Larvotto.0' skips stop on lane '153638_1' time=22210.00.
Warning: Vehicle 'pedestrian_1-3_3731_tr' ends teleporting on edge '152454#1', time=22210.00.
Warning: Person 'pedestrian_1-1-pt_6834' is jammed on edge ':150755_w0', time=22211.00.
Warning: Vehicle 'bus_6:Larvotto.0' ends teleporting on edge '152297#0', time=22211.00.
Warning: Removing person 'pedestrian_3-1_1734' at removal of vehicle 'pedestrian_3-1_1734_tr'
Warning: Vehicle 'commercial_1-3_206' ends teleporting on edge '152677#1', time=22212.00.
Warning: Vehicle 'pedestrian_1-2_4047_tr' ends teleporting on edge '152677#5', time=22212.00.
Warning: Teleporting vehicle 'special_2-1_215'; waited too long (yield), lane='152711#3_1', time=22213.00.
Warning: Vehicle 'special_2-1_215' ends teleporting on edge '152701#4', time=22213.00.
Warning: Teleporting vehicle 'pedestrian_1-1-veh_97_tr'; waited too long (yield), lane='152825#1_1', time=22215.00.
Warning: Vehicle 'pedestrian_1-1-veh_97_tr' ends teleporting on edge '152960#10', time=22215.00.
Warning: Person 'pedestrian_1-1-pt_6642' is jammed on edge ':151662_c0', time=22216.00.
Warning: Person 'pedestrian_1-1-pt_6961' is jammed on edge ':151107_w0', time=22218.00.
Warning: Teleporting vehicle 'special_1-1_89'; waited too long (yield), lane=':142062_1_0', time=22218.00.
Warning: Teleporting vehicle 'pedestrian_1-1-pt_3027_tr'; waited too long (yield), lane='152606#6_1', time=22218.00.
Warning: Vehicle 'pedestrian_1-1-pt_3027_tr' ends teleporting on edge '152606#7', time=22218.00.
Warning: Teleporting vehicle 'pedestrian_1-3_2440_tr'; waited too long (yield), lane='-152814#3_1', time=22219.00.
Warning: Vehicle 'pedestrian_1-3_2440_tr' ends teleporting on edge '-152814#2', time=22219.00.
Warning: Teleporting vehicle 'pedestrian_1-3_5499_tr'; waited too long (yield), lane='152831#2_1', time=22221.00.
Warning: Vehicle 'pedestrian_1-3_5499_tr' ends teleporting on edge '152960#5', time=22221.00.
Warning: Vehicle 'pedestrian_1-3_992_tr' ends teleporting on edge '-152309', time=22221.00.
Warning: Teleporting vehicle 'special_1-2_281'; waited too long (yield), lane='152775#0_2', time=22222.00.
Warning: Vehicle 'special_1-2_281' ends teleporting on edge '-152381', time=22222.00.
Warning: Teleporting vehicle 'pedestrian_1-2_1862_tr'; waited too long (yield), lane=':cluster_145129_151820_6_0', time=22223.00.
Warning: Teleporting vehicle 'pedestrian_1-3_2106_tr'; waited too long (jam), lane='-152693#1_1', time=22223.00.
Warning: Vehicle 'pedestrian_1-3_2106_tr' ends teleporting on edge '-152693#0', time=22223.00.
Warning: Vehicle 'pedestrian_1-2_1862_tr' ends teleporting on edge '152396#1', time=22223.00.
Warning: Removing person 'pedestrian_GW1-1_1975' at removal of vehicle 'pedestrian_GW1-1_1975_tr'
Warning: Removing person 'pedestrian_1-GW1_562' at removal of vehicle 'pedestrian_1-GW1_562_tr'
Warning: Person 'pedestrian_1-1-pt_6038' is jammed on edge ':148876_w1', time=22225.00.
Warning: Teleporting vehicle 'pedestrian_1-1-pt_7733_tr'; waited too long (yield), lane='-152823#0_1', time=22225.00.
Warning: Vehicle 'pedestrian_1-1-pt_7733_tr' ends teleporting on edge '-152832#3', time=22225.00.
Warning: Person 'pedestrian_1-1-pt_6279' is jammed on edge ':139010_w2', time=22226.00.
Warning: Teleporting vehicle 'pedestrian_1-2_5053_tr'; waited too long (yield), lane='152802_1', time=22228.00.
Warning: Teleporting vehicle 'pedestrian_1-1-pt_4313_tr'; waited too long (yield), lane='-152832#0_1', time=22228.00.
Warning: Vehicle 'pedestrian_1-2_5053_tr' ends teleporting on edge '152818#1', time=22228.00.
Warning: Vehicle 'pedestrian_1-1-pt_4313_tr' ends teleporting on edge '-152987#1', time=22228.00.
Warning: Teleporting vehicle 'pedestrian_1-2_2642_tr'; waited too long (yield), lane='-152832#0_1', time=22229.00.
Warning: Teleporting vehicle 'pedestrian_1-2_4347_tr'; waited too long (yield), lane='152714_1', time=22229.00.
Warning: Vehicle 'pedestrian_1-2_4347_tr' ends teleporting on edge '152174#0', time=22229.00.
Warning: Vehicle 'pedestrian_1-2_2642_tr' ends teleporting on edge '-152987#1', time=22229.00.
Warning: Vehicle 'commercial_1-2_105' ends teleporting on edge '-152701#2', time=22229.00.
Warning: Teleporting vehicle 'commercial_1-3_265'; waited too long (yield), lane=':151696_3_0', time=22232.00.
Warning: Vehicle 'commercial_1-3_265' ends teleporting on edge '-152807', time=22232.00.
Warning: Vehicle 'pedestrian_1-3_365_tr' ends teleporting on edge '152650#0', time=22233.00.
Warning: Removing person 'pedestrian_1-GW1_484' at removal of vehicle 'pedestrian_1-GW1_484_tr'
Warning: Vehicle 'pedestrian_3-1_1677_tr' ends teleporting on edge '-153394#2', time=22234.00.
Warning: Teleporting vehicle 'pedestrian_3-1_3296_tr'; waited too long (jam), lane='-153394#1_1', time=22235.00.
Warning: Teleporting vehicle 'pedestrian_1-2_4997_tr'; waited too long (yield), lane='-152763_1', time=22235.00.
Warning: Vehicle 'pedestrian_1-2_4997_tr' ends teleporting on edge '152776', time=22235.00.
Warning: Vehicle 'pedestrian_3-1_3296_tr' ends teleporting on edge '-153394#0', time=22235.00.
Warning: Teleporting vehicle 'special_1-1_273'; waited too long (yield), lane=':143468_3_0', time=22236.00.
Warning: Teleporting vehicle 'pedestrian_1-2_5154_tr'; waited too long (yield), lane='152654#1_1', time=22236.00.
Warning: Vehicle 'pedestrian_1-3_3809_tr' ends teleporting on edge '152677#0', time=22236.00.
Warning: Vehicle 'pedestrian_1-2_5154_tr' ends teleporting on edge '152654#2', time=22236.00.
Warning: Vehicle 'special_1-1_273' ends teleporting on edge '152895#1', time=22236.00.
Warning: Teleporting vehicle 'commercial_1-1_30'; waited too long (jam), lane='152883#1_1', time=22237.00.
Warning: Teleporting vehicle 'pedestrian_1-3_4341_tr'; waited too long (jam), lane='-152701#4_1', time=22237.00.
Warning: Person 'pedestrian_1-1-pt_5178' is jammed on edge ':140256_w1', time=22238.00.
Warning: Removing person 'pedestrian_1-GW1_1018' at removal of vehicle 'pedestrian_1-GW1_1018_tr'
Warning: Teleporting vehicle 'pedestrian_1-3_482_tr'; waited too long (yield), lane='-152648#0_1', time=22242.00.
Warning: Removing person 'pedestrian_3-1_2308' at removal of vehicle 'pedestrian_3-1_2308_tr'
Warning: Vehicle 'pedestrian_1-3_482_tr' ends teleporting on edge '152647#1', time=22242.00.
Warning: Teleporting vehicle 'commercial_1-GW2_170'; waited too long (yield), lane='-152799_1', time=22243.00.
Warning: Vehicle 'commercial_1-GW2_170' ends teleporting on edge '-152774', time=22243.00.
Warning: Teleporting vehicle 'pedestrian_1-3_3994_tr'; waited too long (yield), lane='-152716_1', time=22244.00.
Warning: Vehicle 'pedestrian_1-3_3994_tr' ends teleporting on edge '-152939#4', time=22244.00.
Warning: Teleporting vehicle 'commercial_1-2_114'; waited too long (yield), lane='152386#0_1', time=22245.00.
Warning: Vehicle 'commercial_1-2_114' ends teleporting on edge '-152831#0', time=22245.00.
Warning: Teleporting vehicle 'pedestrian_1-3_1113_tr'; waited too long (yield), lane='152647#2_1', time=22246.00.
Warning: Removing person 'pedestrian_GW2-1_2' at removal of vehicle 'pedestrian_GW2-1_2_tr'
Warning: Teleporting vehicle 'pedestrian_1-1-pt_5428_tr'; waited too long (yield), lane=':144371_3_0', time=22247.00.
Warning: Teleporting vehicle 'pedestrian_1-3_4957_tr'; waited too long (yield), lane='153559#2_1', time=22247.00.
Warning: Removing person 'pedestrian_GW2-1_1203' at removal of vehicle 'pedestrian_GW2-1_1203_tr'
Warning: Vehicle 'pedestrian_1-3_4957_tr' ends teleporting on edge '152898#1', time=22247.00.
Warning: Vehicle 'pedestrian_1-1-pt_5428_tr' ends teleporting on edge '152606#8', time=22247.00.
Warning: Removing person 'pedestrian_GW1-1_1718' at removal of vehicle 'pedestrian_GW1-1_1718_tr'
Warning: Teleporting vehicle 'pedestrian_1-1-pt_3348_tr'; waited too long (yield), lane='-152455_1', time=22249.00.
Warning: Removing person 'pedestrian_1-GW1_1926' at removal of vehicle 'pedestrian_1-GW1_1926_tr'
Warning: Vehicle 'pedestrian_1-1-pt_3348_tr' ends teleporting on edge '152965#1', time=22249.00.
Warning: Teleporting vehicle 'pedestrian_2-1_4530_tr'; waited too long (yield), lane='152606#9_1', time=22250.00.
Warning: Removing person 'pedestrian_GW2-1_2227' at removal of vehicle 'pedestrian_GW2-1_2227_tr'
Warning: Vehicle 'pedestrian_2-1_4530_tr' ends teleporting on edge '152513#1', time=22250.00.
Warning: Teleporting vehicle 'commercial_1-1_168'; waited too long (yield), lane='152824#1_1', time=22251.00.
Warning: Teleporting vehicle 'pedestrian_2-1_3420_tr'; waited too long (yield), lane='-152391_1', time=22251.00.
Warning: Vehicle 'pedestrian_2-1_3420_tr' ends teleporting on edge '152836#3', time=22251.00.
Warning: Person 'pedestrian_1-1-pt_5178' is jammed on edge ':140256_c0', time=22252.00.
Warning: Teleporting vehicle 'bus_1:Monaco.8'; waited too long (yield), lane='152349_1', time=22252.00.
Warning: Removing person 'pedestrian_3-1_4923' at removal of vehicle 'pedestrian_3-1_4923_tr'
Warning: Vehicle 'bus_1:Monaco.8' ends teleporting on edge '152582#1', time=22252.00.
Warning: Teleporting vehicle 'pedestrian_1-2_1584_tr'; waited too long (yield), lane='-152831#0_1', time=22253.00.
Warning: Teleporting vehicle 'pedestrian_1-2_314_tr'; waited too long (yield), lane='152546_1', time=22253.00.
Warning: Teleporting vehicle 'pedestrian_1-1-veh_893_tr'; waited too long (jam), lane='-152823#1_1', time=22253.00.
Warning: Vehicle 'pedestrian_1-2_1584_tr' ends teleporting on edge '152816#4', time=22253.00.
Warning: Teleporting vehicle 'pedestrian_1-3_531_tr'; waited too long (yield), lane='152996#8_1', time=22254.00.
Warning: Vehicle 'commercial_1-1_168' ends teleporting on edge '152137#0', time=22254.00.
Warning: Vehicle 'commercial_1-1_30' ends teleporting on edge '153638', time=22254.00.
Warning: Vehicle 'pedestrian_1-3_531_tr' ends teleporting on edge '-153399#0', time=22254.00.
Warning: Removing person 'pedestrian_GW2-1_1277' at removal of vehicle 'pedestrian_GW2-1_1277_tr'
Warning: Teleporting vehicle 'pedestrian_1-2_2073_tr'; waited too long (yield), lane='-152455_1', time=22257.00.
Warning: Vehicle 'pedestrian_1-3_5269_tr' ends teleporting on edge '152960#7', time=22258.00.
Warning: Vehicle 'pedestrian_1-2_394_tr' ends teleporting on edge '-152780', time=22258.00.
Warning: Person 'pedestrian_1-1-pt_80' is jammed on edge ':142801_w1', time=22259.00.
Warning: Teleporting vehicle 'pedestrian_2-1_739_tr'; waited too long (yield), lane='153554#3_1', time=22259.00.
Warning: Vehicle 'pedestrian_2-1_739_tr' ends teleporting on edge '152999', time=22259.00.
Warning: Teleporting vehicle 'pedestrian_1-3_402_tr'; waited too long (yield), lane='-153415#0_1', time=22260.00.
Warning: Vehicle 'pedestrian_1-3_402_tr' ends teleporting on edge '153413#14', time=22260.00.
Warning: Teleporting vehicle 'pedestrian_1-3_626_tr'; waited too long (yield), lane=':138267_5_0', time=22261.00.
Warning: Removing person 'pedestrian_GW2-1_1740' at removal of vehicle 'pedestrian_GW2-1_1740_tr'
Warning: Vehicle 'pedestrian_1-3_626_tr' ends teleporting on edge '152801', time=22261.00.
Warning: Person 'pedestrian_1-1-pt_5346' is jammed on edge ':134522_w0', time=22262.00.
Warning: Vehicle 'pedestrian_1-3_2294_tr' ends teleporting on edge '-152706#3', time=22262.00.
Warning: Teleporting vehicle 'pedestrian_2-1_4953_tr'; waited too long (yield), lane='153008#7_1', time=22263.00.
Warning: Teleporting vehicle 'pedestrian_1-3_288_tr'; waited too long (jam), lane='152960#8_1', time=22263.00.
Warning: Vehicle 'pedestrian_1-3_288_tr' ends teleporting on edge '152960#10', time=22263.00.
Warning: Teleporting vehicle 'pedestrian_2-1_4357_tr'; waited too long (yield), lane=':141286_1_0', time=22264.00.
Warning: Vehicle 'pedestrian_2-1_4357_tr' ends teleporting on edge '152922', time=22264.00.
Warning: Teleporting vehicle 'pedestrian_1-3_4785_tr'; waited too long (yield), lane='-152462_1', time=22265.00.
Warning: Vehicle 'commercial_1-2_244' ends teleporting on edge '152672#1', time=22265.00.
Warning: Teleporting vehicle 'pedestrian_1-1-veh_213_tr'; waited too long (jam), lane=':148634_0_0', time=22266.00.
Warning: Teleporting vehicle 'pedestrian_1-2_2711_tr'; waited too long (yield), lane='152811_1', time=22266.00.
Warning: Vehicle 'pedestrian_1-2_2711_tr' ends teleporting on edge '152816#5', time=22266.00.
Warning: Teleporting vehicle 'pedestrian_1-2_3908_tr'; waited too long (yield), lane='152900#1_1', time=22269.00.
Warning: Teleporting vehicle 'bus_1:SaintRoman.7'; waited too long (yield), lane='-152760_1', time=22269.00.
Warning: Vehicle 'pedestrian_1-2_3908_tr' ends teleporting on edge '152982#4', time=22269.00.
Warning: Person 'pedestrian_1-1-pt_8861' is jammed on edge ':140336_w0', time=22270.00.
Warning: Teleporting vehicle 'commercial_1-GW2_168'; waited too long (yield), lane='152780_1', time=22270.00.
Warning: Removing person 'pedestrian_GW1-1_2891' at removal of vehicle 'pedestrian_GW1-1_2891_tr'
Warning: Removing person 'pedestrian_GW2-1_1234' at removal of vehicle 'pedestrian_GW2-1_1234_tr'
Warning: Vehicle 'pedestrian_1-2_2073_tr' ends teleporting on edge '152319', time=22270.00.
Warning: Vehicle 'commercial_1-GW2_168' ends teleporting on edge '152767#2', time=22270.00.
Warning: Removing person 'pedestrian_GW2-1_668' at removal of vehicle 'pedestrian_GW2-1_668_tr'
Warning: Teleporting vehicle 'pedestrian_1-3_479_tr'; waited too long (jam), lane='152688#1_1', time=22272.00.
Warning: Removing person 'pedestrian_GW1-1_2308' at removal of vehicle 'pedestrian_GW1-1_2308_tr'
Warning: Vehicle 'pedestrian_1-3_479_tr' ends teleporting on edge '152688#2', time=22272.00.
Warning: Teleporting vehicle 'pedestrian_1-3_1594_tr'; waited too long (yield), lane='152805#2_1', time=22273.00.
Warning: Teleporting vehicle 'pedestrian_1-1-veh_436_tr'; waited too long (yield), lane=':138808_2_0', time=22274.00.
Warning: Vehicle 'pedestrian_1-1-veh_893_tr' ends teleporting on edge '-152832#2', time=22274.00.
Warning: Vehicle 'pedestrian_1-1-veh_436_tr' ends teleporting on edge '152787#0', time=22274.00.
Warning: Teleporting vehicle 'pedestrian_1-3_1738_tr'; waited too long (yield), lane='152940_1', time=22275.00.
Warning: Vehicle 'pedestrian_1-3_4785_tr' ends teleporting on edge '152960#3', time=22275.00.
Warning: Teleporting vehicle 'bus_2:Jardin.8'; waited too long (yield), lane='-152773_1', time=22276.00.
Warning: Vehicle 'bus_2:Jardin.8' ends teleporting on edge '152774', time=22276.00.
Warning: Teleporting vehicle 'special_1-1_46'; waited too long (yield), lane=':cluster_137509_149935_6_0', time=22277.00.
Warning: Vehicle 'special_1-1_46' ends teleporting on edge '-152381', time=22277.00.
Warning: Teleporting vehicle 'pedestrian_2-1_1127_tr'; waited too long (yield), lane='-152873#1_1', time=22278.00.
Warning: Vehicle 'pedestrian_2-1_1127_tr' ends teleporting on edge '-152894#1', time=22278.00.
Warning: Vehicle 'pedestrian_2-1_4953_tr' ends teleporting on edge '152899#0', time=22278.00.
Warning: Vehicle 'pedestrian_1-1-veh_213_tr' ends teleporting on edge '152312#3', time=22278.00.
Warning: Person 'pedestrian_1-1-pt_3431' is jammed on edge ':cluster_136767_142947_144456_144838_w4', time=22280.00.
Warning: Teleporting vehicle 'commercial_1-GW2_156'; waited too long (yield), lane=':146732_10_0', time=22280.00.
Warning: Removing person 'pedestrian_1-GW2_723' at removal of vehicle 'pedestrian_1-GW2_723_tr'
Warning: Teleporting vehicle 'pedestrian_1-2_2684_tr'; waited too long (yield), lane=':cluster_134941_144860_5_0', time=22281.00.
Warning: Removing person 'pedestrian_GW2-1_2741' at removal of vehicle 'pedestrian_GW2-1_2741_tr'
Warning: Vehicle 'pedestrian_1-2_2684_tr' ends teleporting on edge '-152939#2', time=22281.00.
Warning: Teleporting vehicle 'pedestrian_1-3_4803_tr'; waited too long (yield), lane='-152665_1', time=22284.00.
Warning: Vehicle 'pedestrian_1-3_4803_tr' ends teleporting on edge '-152716', time=22284.00.
Warning: Teleporting vehicle 'commercial_1-1_576'; waited too long (yield), lane='-152886#0_1', time=22285.00.
Warning: Vehicle 'commercial_1-1_576' ends teleporting on edge '152975#4', time=22285.00.
Warning: Vehicle 'pedestrian_1-3_1738_tr' ends teleporting on edge '152174#1', time=22286.00.
Warning: Vehicle 'pedestrian_1-2_314_tr' ends teleporting on edge '-152767#1', time=22286.00.
Warning: Person 'pedestrian_1-1-pt_280' is jammed on edge ':137769_w1', time=22287.00.
Warning: Person 'pedestrian_1-1-pt_7664' is jammed on edge ':142497_w0', time=22287.00.
Warning: Teleporting vehicle 'pedestrian_1-3_1751_tr'; waited too long (yield), lane='152361_1', time=22287.00.
Warning: Teleporting vehicle 'pedestrian_2-1_4091_tr'; waited too long (yield), lane='153438_1', time=22287.00.
Warning: Vehicle 'pedestrian_1-3_1751_tr' ends teleporting on edge '152535#4', time=22287.00.
Warning: Vehicle 'pedestrian_2-1_4091_tr' ends teleporting on edge '152814#9', time=22287.00.
Warning: Removing person 'pedestrian_GW1-1_1470' at removal of vehicle 'pedestrian_GW1-1_1470_tr'
Warning: Person 'pedestrian_1-1-pt_962' is jammed on edge ':151107_w1', time=22289.00.
Warning: Removing person 'pedestrian_3-1_2757' at removal of vehicle 'pedestrian_3-1_2757_tr'
Warning: Removing person 'pedestrian_1-GW1_1713' at removal of vehicle 'pedestrian_1-GW1_1713_tr'
Warning: Teleporting vehicle 'pedestrian_1-3_49_tr'; waited too long (yield), lane='-152814#3_2', time=22290.00.
Warning: Vehicle 'pedestrian_1-3_49_tr' ends teleporting on edge '-152814#2', time=22290.00.
Warning: Teleporting vehicle 'commercial_1-3_135'; waited too long (yield), lane='152760_1', time=22292.00.
Warning: Teleporting vehicle 'pedestrian_2-1_2848_tr'; waited too long (yield), lane='152943#0_2', time=22292.00.
Warning: Teleporting vehicle 'pedestrian_1-3_1104_tr'; waited too long (yield), lane='-152766#0_1', time=22292.00.
Warning: Vehicle 'pedestrian_1-3_1104_tr' ends teleporting on edge '152960#7', time=22292.00.
Warning: Vehicle 'pedestrian_2-1_2848_tr' ends teleporting on edge '152793', time=22292.00.
Warning: Person 'pedestrian_1-1-pt_6270' is jammed on edge ':134149_w0', time=22293.00.
Warning: Removing person 'pedestrian_3-1_551' at removal of vehicle 'pedestrian_3-1_551_tr'
Warning: Removing person 'pedestrian_GW1-1_3390' at removal of vehicle 'pedestrian_GW1-1_3390_tr'
Warning: Teleporting vehicle 'commercial_1-GW1_50'; waited too long (yield), lane='152672#2_1', time=22295.00.
Warning: Vehicle 'commercial_1-GW1_50' ends teleporting on edge '-152775#0', time=22295.00.
Warning: Person 'pedestrian_1-1-pt_6649' is jammed on edge ':138180_c0', time=22296.00.
Warning: Person 'pedestrian_1-1-pt_214' is jammed on edge ':139070_w3', time=22296.00.
Warning: Removing person 'pedestrian_1-GW1_1200' at removal of vehicle 'pedestrian_1-GW1_1200_tr'
Warning: Person 'pedestrian_1-1-pt_1507' is jammed on edge ':136673_w0', time=22297.00.
Warning: Vehicle 'commercial_1-GW2_156' ends teleporting on edge '-152708#1', time=22297.00.
Warning: Person 'pedestrian_1-1-pt_8405' is jammed on edge ':141659_w0', time=22298.00.
Warning: Teleporting vehicle 'pedestrian_1-3_5041_tr'; waited too long (yield), lane=':142497_2_0', time=22298.00.
Warning: Teleporting vehicle 'pedestrian_1-2_845_tr'; waited too long (yield), lane='-152996#0_1', time=22298.00.
Warning: Vehicle 'pedestrian_1-3_5041_tr' ends teleporting on edge '152386#1', time=22298.00.
Warning: Vehicle 'pedestrian_1-2_845_tr' ends teleporting on edge '-153331#4', time=22298.00.
Warning: Person 'pedestrian_1-1-pt_2743' is jammed on edge ':cluster_145129_151820_w1', time=22299.00.
Warning: Teleporting vehicle 'pedestrian_1-2_2029_tr'; waited too long (yield), lane=':133905_5_0', time=22299.00.
Warning: Teleporting vehicle 'pedestrian_1-3_307_tr'; waited too long (jam), lane='-152821#2_2', time=22299.00.
Warning: Removing person 'pedestrian_GW1-1_43' at removal of vehicle 'pedestrian_GW1-1_43_tr'
Warning: Vehicle 'pedestrian_1-2_2029_tr' ends teleporting on edge '-152804', time=22299.00.
Warning: Vehicle 'pedestrian_1-3_307_tr' ends teleporting on edge '-152821#1', time=22299.00.
Warning: Teleporting vehicle 'pedestrian_1-3_47_tr'; waited too long (yield), lane='152287_0', time=22300.00.
Warning: Removing person 'pedestrian_GW1-1_2949' at removal of vehicle 'pedestrian_GW1-1_2949_tr'
Warning: Vehicle 'pedestrian_1-3_4341_tr' ends teleporting on edge '-152706#2', time=22300.00.
Warning: Removing person 'pedestrian_GW1-1_273' at removal of vehicle 'pedestrian_GW1-1_273_tr'
Warning: Teleporting vehicle 'special_1-3_225'; waited too long (yield), lane='152983_1', time=22302.00.
Warning: Removing person 'pedestrian_GW2-1_46' at removal of vehicle 'pedestrian_GW2-1_46_tr'
Warning: Person 'pedestrian_1-1-pt_4171' is jammed on edge ':148766_c0', time=22303.00.
Warning: Teleporting vehicle 'bus_6:Larvotto.3'; waited too long (jam), lane='-152873#0_1', time=22303.00.
Warning: Teleporting vehicle 'special_1-3_174'; waited too long (jam), lane='152535#6_1', time=22303.00.
Warning: Teleporting vehicle 'pedestrian_1-2_4572_tr'; waited too long (yield), lane='152457#1_1', time=22304.00.
Warning: Teleporting vehicle 'pedestrian_1-2_4284_tr'; waited too long (yield), lane='152967_1', time=22307.00.
Warning: Removing person 'pedestrian_1-GW1_612' at removal of vehicle 'pedestrian_1-GW1_612_tr'
Warning: Vehicle 'pedestrian_1-3_2308_tr' ends teleporting on edge '152982#4', time=22307.00.
Warning: Vehicle 'pedestrian_1-2_4284_tr' ends teleporting on edge '152816#2', time=22307.00.
Warning: Teleporting vehicle 'pedestrian_1-2_2993_tr'; waited too long (jam), lane='152859_1', time=22308.00.
Warning: Teleporting vehicle 'pedestrian_2-1_302_tr'; waited too long (yield), lane='-153006#0_1', time=22308.00.
Warning: Vehicle 'pedestrian_1-3_47_tr' ends teleporting on edge '152654#1', time=22308.00.
Warning: Vehicle 'pedestrian_2-1_302_tr' ends teleporting on edge '152899#2', time=22308.00.
Warning: Teleporting vehicle 'pedestrian_1-3_3839_tr'; waited too long (jam), lane='-152784#0_1', time=22309.00.
Warning: Vehicle 'pedestrian_1-2_4572_tr' ends teleporting on edge '-152165#0', time=22309.00.
Warning: Teleporting vehicle 'pedestrian_1-2_1309_tr'; waited too long (yield), lane='152653_1', time=22310.00.
Warning: Vehicle 'pedestrian_1-2_1309_tr' ends teleporting on edge '152667#9', time=22310.00.
Warning: Teleporting vehicle 'commercial_1-GW1_283'; waited too long (jam), lane='152706#2_1', time=22311.00.
Warning: Teleporting vehicle 'pedestrian_1-3_1404_tr'; waited too long (jam), lane='-152949_1', time=22311.00.
Warning: Teleporting vehicle 'pedestrian_2-1_1388_tr'; waited too long (yield), lane=':142273_1_0', time=22312.00.
Warning: Vehicle 'pedestrian_2-1_1388_tr' ends teleporting on edge '153380#5', time=22312.00.
Warning: Teleporting vehicle 'pedestrian_1-3_4017_tr'; waited too long (yield), lane='-152781_1', time=22313.00.
Warning: Vehicle 'pedestrian_1-3_4017_tr' ends teleporting on edge '-152716', time=22313.00.
Warning: Removing person 'pedestrian_1-GW1_209' at removal of vehicle 'pedestrian_1-GW1_209_tr'
Warning: Removing person 'pedestrian_GW2-1_1511' at removal of vehicle 'pedestrian_GW2-1_1511_tr'
Warning: Removing person 'pedestrian_GW2-1_1030' at removal of vehicle 'pedestrian_GW2-1_1030_tr'
Warning: Teleporting vehicle 'pedestrian_1-3_4206_tr'; waited too long (yield), lane=':142622_3_0', time=22318.00.
Warning: Removing person 'pedestrian_GW1-1_2500' at removal of vehicle 'pedestrian_GW1-1_2500_tr'
Warning: Vehicle 'pedestrian_1-3_4206_tr' ends teleporting on edge '153415#0', time=22318.00.
Warning: Teleporting vehicle 'pedestrian_1-3_5521_tr'; waited too long (yield), lane='-152668#0_1', time=22319.00.
Warning: Teleporting vehicle 'pedestrian_1-2_3132_tr'; waited too long (yield), lane='153273#2_1', time=22320.00.
Warning: Teleporting vehicle 'pedestrian_1-3_375_tr'; waited too long (jam), lane='-152676#1_1', time=22320.00.
Warning: Teleporting vehicle 'pedestrian_2-1_1762_tr'; waited too long (yield), lane=':146732_13_0', time=22321.00.
Warning: Vehicle 'pedestrian_2-1_1762_tr' ends teleporting on edge '152701#3', time=22321.00.
Warning: Vehicle 'pedestrian_1-2_3132_tr' ends teleporting on edge '152960#10', time=22321.00.
Warning: Person 'pedestrian_1-1-pt_1034' is jammed on edge ':131617_w1', time=22322.00.
Warning: Removing person 'pedestrian_1-GW1_550' at removal of vehicle 'pedestrian_1-GW1_550_tr'
Warning: Person 'pedestrian_1-1-pt_4949' is jammed on edge ':151040_w2', time=22323.00.
Warning: Removing person 'pedestrian_GW2-1_2166' at removal of vehicle 'pedestrian_GW2-1_2166_tr'
Warning: Teleporting vehicle 'pedestrian_1-1-pt_7529_tr'; waited too long (yield), lane='152534#7_1', time=22325.00.
Warning: Teleporting vehicle 'pedestrian_1-3_4283_tr'; waited too long (yield), lane='152677#5_1', time=22325.00.
Warning: Vehicle 'pedestrian_1-1-pt_7529_tr' ends teleporting on edge '152535#0', time=22325.00.
Warning: Vehicle 'pedestrian_1-3_5521_tr' ends teleporting on edge '152677#5', time=22325.00.
Warning: Teleporting vehicle 'pedestrian_1-3_3318_tr'; waited too long (yield), lane='-152805#1_1', time=22327.00.
Warning: Removing person 'pedestrian_GW1-1_1551' at removal of vehicle 'pedestrian_GW1-1_1551_tr'
Warning: Vehicle 'commercial_1-GW1_283' ends teleporting on edge '-152701#2', time=22327.00.
Warning: Vehicle 'pedestrian_1-3_3318_tr' ends teleporting on edge '152831#2', time=22327.00.
Warning: Removing person 'pedestrian_1-GW1_293' at removal of vehicle 'pedestrian_1-GW1_293_tr'
Warning: Vehicle 'pedestrian_1-3_1404_tr' ends teleporting on edge '-152668#2', time=22328.00.
Warning: Teleporting vehicle 'pedestrian_1-2_3655_tr'; waited too long (yield), lane='152832#6_1', time=22329.00.
Warning: Vehicle 'pedestrian_1-2_3655_tr' ends teleporting on edge '-152870#3', time=22329.00.
Warning: Vehicle 'special_1-3_225' ends teleporting on edge '152973', time=22329.00.
Warning: Teleporting vehicle 'pedestrian_1-1-pt_2825_tr'; waited too long (yield), lane=':134207_5_0', time=22330.00.
Warning: Teleporting vehicle 'commercial_1-1_98'; waited too long (yield), lane='152701#2_2', time=22330.00.
Warning: Vehicle 'pedestrian_1-1-pt_2825_tr' ends teleporting on edge '-152606#6', time=22330.00.
Warning: Teleporting vehicle 'pedestrian_1-3_3719_tr'; waited too long (jam), lane='152297#1_0', time=22331.00.
Warning: Removing person 'pedestrian_GW2-1_1202' at removal of vehicle 'pedestrian_GW2-1_1202_tr'
Warning: Teleporting vehicle 'pedestrian_1-3_1850_tr'; waited too long (yield), lane=':137990_5_0', time=22332.00.
Warning: Teleporting vehicle 'pedestrian_2-1_5359_tr'; waited too long (yield), lane='152962_1', time=22332.00.
Warning: Teleporting vehicle 'commercial_1-1_326'; waited too long (jam), lane='152535#4_1', time=22332.00.
Warning: Vehicle 'pedestrian_2-1_5359_tr' ends teleporting on edge '-153445#1', time=22332.00.
Warning: Vehicle 'pedestrian_1-3_375_tr' ends teleporting on edge '152677#4', time=22332.00.
Warning: Vehicle 'pedestrian_1-3_1850_tr' ends teleporting on edge '-152653', time=22332.00.
Warning: Person 'pedestrian_1-1-pt_7675' is jammed on edge ':141868_w1', time=22335.00.
Warning: Vehicle 'pedestrian_1-3_3839_tr' ends teleporting on edge '-152766#1', time=22335.00.
Warning: Teleporting vehicle 'pedestrian_1-1-pt_1928_tr'; waited too long (yield), lane='152785#0_1', time=22336.00.
Warning: Removing person 'pedestrian_3-1_1768' at removal of vehicle 'pedestrian_3-1_1768_tr'
Warning: Removing person 'pedestrian_GW2-1_588' at removal of vehicle 'pedestrian_GW2-1_588_tr'
Warning: Removing person 'pedestrian_GW2-1_1098' at removal of vehicle 'pedestrian_GW2-1_1098_tr'
Warning: Vehicle 'pedestrian_1-1-pt_1928_tr' ends teleporting on edge '152819', time=22336.00.
Warning: Vehicle 'pedestrian_1-3_1594_tr' ends teleporting on edge '152960#7', time=22338.00.
Warning: Person 'pedestrian_1-1-pt_5858' is jammed on edge ':137164_c1', time=22340.00.
Warning: Person 'pedestrian_1-1-pt_8586' is jammed on edge ':140444_c0', time=22340.00.
Warning: Teleporting vehicle 'pedestrian_1-3_3792_tr'; waited too long (yield), lane='152658#1_1', time=22340.00.
Warning: Teleporting vehicle 'bus_1:SaintRoman.3'; waited too long (yield), lane='152817#3_1', time=22343.00.
Warning: Teleporting vehicle 'commercial_1-1_27'; waited too long (jam), lane='152229_2', time=22343.00.
Warning: Removing person 'pedestrian_GW2-1_2330' at removal of vehicle 'pedestrian_GW2-1_2330_tr'
Warning: Vehicle 'pedestrian_1-2_2993_tr' ends teleporting on edge '152772', time=22345.00.
Warning: Teleporting vehicle 'pedestrian_1-1-veh_864_tr'; waited too long (yield), lane='-152666_1', time=22346.00.
Warning: Vehicle 'pedestrian_1-1-veh_864_tr' ends teleporting on edge '-152668#0', time=22346.00.
Warning: Teleporting vehicle 'pedestrian_1-1-pt_6933_tr'; waited too long (yield), lane='-152823#0_1', time=22347.00.
Warning: Teleporting vehicle 'pedestrian_1-3_3086_tr'; waited too long (yield), lane='152827#1_1', time=22347.00.
Warning: Teleporting vehicle 'pedestrian_1-1-pt_690_tr'; waited too long (yield), lane='-152610_1', time=22347.00.
Warning: Vehicle 'bus_1:SaintRoman.3' ends teleporting on edge '152959#1', time=22347.00.
Warning: Vehicle 'commercial_1-1_98' ends teleporting on edge '-152708#1', time=22347.00.
Warning: Vehicle 'pedestrian_1-1-pt_6933_tr' ends teleporting on edge '-152832#3', time=22347.00.
Warning: Vehicle 'pedestrian_1-1-pt_690_tr' ends teleporting on edge '152602', time=22347.00.
Warning: Teleporting vehicle 'special_1-3_34'; waited too long (jam), lane='-152767#3_1', time=22348.00.
Warning: Removing person 'pedestrian_GW1-1_309' at removal of vehicle 'pedestrian_GW1-1_309_tr'
Warning: Teleporting vehicle 'bus_1:Monaco.0'; waited too long (yield), lane='-152661_1', time=22349.00.
Warning: Teleporting vehicle 'pedestrian_2-1_5081_tr'; waited too long (yield), lane='-153008#0_1', time=22349.00.
Warning: Teleporting vehicle 'pedestrian_1-3_2559_tr'; waited too long (yield), lane='152668#2_1', time=22349.00.
Warning: Vehicle 'bus_1:Monaco.0' ends teleporting on edge '-152667#3', time=22349.00.
Warning: Vehicle 'pedestrian_1-3_2559_tr' ends teleporting on edge '152714', time=22349.00.
Warning: Vehicle 'pedestrian_2-1_5081_tr' ends teleporting on edge '-153476#9', time=22349.00.
Warning: Vehicle 'pedestrian_1-3_3086_tr' ends teleporting on edge '153552#1', time=22349.00.
Warning: Removing person 'pedestrian_GW1-1_91' at removal of vehicle 'pedestrian_GW1-1_91_tr'
Warning: Removing person 'pedestrian_GW1-1_3202' at removal of vehicle 'pedestrian_GW1-1_3202_tr'
Warning: Person 'pedestrian_1-1-pt_5999' is jammed on edge ':150284_c1', time=22351.00.
Warning: Vehicle 'pedestrian_1-3_4283_tr' ends teleporting on edge '152672#2', time=22351.00.
Warning: Person 'pedestrian_1-1-pt_4043' is jammed on edge ':148679_w0', time=22352.00.
Warning: Removing person 'pedestrian_GW1-1_1795' at removal of vehicle 'pedestrian_GW1-1_1795_tr'
Warning: Teleporting vehicle 'pedestrian_1-1-pt_5146_tr'; waited too long (yield), lane='152945#2_1', time=22354.00.
Warning: Removing person 'pedestrian_GW1-1_975' at removal of vehicle 'pedestrian_GW1-1_975_tr'
Warning: Vehicle 'pedestrian_1-1-pt_5146_tr' ends teleporting on edge '152814#11', time=22354.00.
Warning: Person 'pedestrian_1-1-pt_6716' is jammed on edge ':141992_w2', time=22355.00.
Warning: Vehicle 'bus_6:Larvotto.3' ends teleporting on edge '152983', time=22355.00.
Warning: Teleporting vehicle 'pedestrian_1-3_2487_tr'; waited too long (jam), lane=':148634_1_0', time=22358.00.
Warning: Teleporting vehicle 'pedestrian_1-3_618_tr'; waited too long (yield), lane='152971#5_1', time=22358.00.
Warning: Vehicle 'pedestrian_1-3_618_tr' ends teleporting on edge '152813', time=22358.00.
Warning: Teleporting vehicle 'pedestrian_1-1-pt_7452_tr'; waited too long (yield), lane='152887#2_1', time=22360.00.
Warning: Teleporting vehicle 'pedestrian_1-3_1613_tr'; waited too long (yield), lane='-152767#0_1', time=22360.00.
Warning: Vehicle 'pedestrian_1-3_1613_tr' ends teleporting on edge '-152701#0', time=22360.00.
Warning: Vehicle 'pedestrian_1-1-pt_7452_tr' ends teleporting on edge '152900#1', time=22360.00.
Warning: Teleporting vehicle 'pedestrian_2-1_4458_tr'; waited too long (yield), lane='152887#2_1', time=22361.00.
Warning: Removing person 'pedestrian_3-1_4133' at removal of vehicle 'pedestrian_3-1_4133_tr'
Warning: Vehicle 'pedestrian_2-1_4458_tr' ends teleporting on edge '-152900#0', time=22361.00.
Warning: Person 'pedestrian_1-1-pt_4251' is jammed on edge ':151107_w0', time=22363.00.
Warning: Teleporting vehicle 'pedestrian_1-2_2022_tr'; waited too long (yield), lane='-152606#0_1', time=22363.00.
Warning: Teleporting vehicle 'pedestrian_1-2_1431_tr'; waited too long (yield), lane='-152701#3_1', time=22363.00.
Warning: Vehicle 'pedestrian_1-2_2022_tr' ends teleporting on edge '152454#4', time=22363.00.
Warning: Removing person 'pedestrian_3-1_4234' at removal of vehicle 'pedestrian_3-1_4234_tr'
Warning: Removing person 'pedestrian_1-GW1_1890' at removal of vehicle 'pedestrian_1-GW1_1890_tr'
Warning: Person 'pedestrian_1-1-pt_1464' is jammed on edge ':147158_w0', time=22365.00.
Warning: Teleporting vehicle 'pedestrian_1-3_1198_tr'; waited too long (yield), lane='-152814#3_1', time=22366.00.
Warning: Teleporting vehicle 'commercial_1-2_150'; waited too long (yield), lane='-152163#0_1', time=22366.00.
Warning: Vehicle 'pedestrian_1-3_1198_tr' ends teleporting on edge '-152814#2', time=22366.00.
Warning: Teleporting vehicle 'special_1-3_259'; waited too long (yield), lane='-152682#1_1', time=22367.00.
Warning: Vehicle 'special_1-3_259' ends teleporting on edge '-153415#0', time=22367.00.
Warning: Teleporting vehicle 'pedestrian_1-2_5524_tr'; waited too long (yield), lane='152709#2_1', time=22368.00.
Warning: Teleporting vehicle 'pedestrian_1-3_251_tr'; waited too long (yield), lane='-152763_1', time=22368.00.
Warning: Removing person 'pedestrian_GW1-1_3604' at removal of vehicle 'pedestrian_GW1-1_3604_tr'
Warning: Vehicle 'pedestrian_1-3_251_tr' ends teleporting on edge '152776', time=22368.00.
Warning: Teleporting vehicle 'special_1-2_114'; waited too long (jam), lane=':138737_7_0', time=22369.00.
Warning: Teleporting vehicle 'pedestrian_2-1_1514_tr'; waited too long (yield), lane=':138851_5_0', time=22369.00.
Warning: Teleporting vehicle 'pedestrian_1-3_4798_tr'; waited too long (yield), lane='152387_1', time=22369.00.
Warning: Vehicle 'pedestrian_2-1_1514_tr' ends teleporting on edge '152812#4', time=22369.00.
Warning: Vehicle 'pedestrian_1-3_4798_tr' ends teleporting on edge '152816#1', time=22369.00.
Warning: Vehicle 'special_1-2_114' ends teleporting on edge '152821#2', time=22369.00.
Warning: Teleporting vehicle 'commercial_1-3_310'; waited too long (jam), lane='153406#0_1', time=22370.00.
Warning: Removing person 'pedestrian_GW1-1_3836' at removal of vehicle 'pedestrian_GW1-1_3836_tr'
Warning: Vehicle 'pedestrian_1-3_2487_tr' ends teleporting on edge '-152309', time=22370.00.
Warning: Teleporting vehicle 'pedestrian_1-2_2611_tr'; waited too long (yield), lane='153405#3_1', time=22371.00.
Warning: Vehicle 'pedestrian_1-2_2611_tr' ends teleporting on edge '153406#0', time=22371.00.
Warning: Teleporting vehicle 'pedestrian_1-1-pt_800_tr'; waited too long (yield), lane='-152807_1', time=22372.00.
Warning: Vehicle 'pedestrian_1-1-pt_800_tr' ends teleporting on edge '152814#10', time=22372.00.
Warning: Teleporting vehicle 'pedestrian_1-3_479_tr'; waited too long (yield), lane='152688#2_1', time=22373.00.
Warning: Vehicle 'pedestrian_1-3_479_tr' ends teleporting on edge '152702#1', time=22373.00.
Warning: Teleporting vehicle 'pedestrian_1-1-pt_3535_tr'; waited too long (yield), lane=':143768_10_0', time=22374.00.
Warning: Vehicle 'pedestrian_1-1-pt_3535_tr' ends teleporting on edge '-152590#2', time=22374.00.
Warning: Teleporting vehicle 'pedestrian_1-3_2996_tr'; waited too long (jam), lane='153405#1_1', time=22375.00.
Warning: Teleporting vehicle 'pedestrian_2-1_314_tr'; waited too long (jam), lane='153405#2_1', time=22376.00.
Warning: Teleporting vehicle 'commercial_2-1_37'; waited too long (yield), lane=':144233_2_0', time=22376.00.
Warning: Teleporting vehicle 'pedestrian_1-3_4828_tr'; waited too long (yield), lane='152832#0_1', time=22376.00.
Warning: Vehicle 'pedestrian_1-3_4828_tr' ends teleporting on edge '152832#1', time=22376.00.
Warning: Vehicle 'pedestrian_2-1_314_tr' ends teleporting on edge '153405#3', time=22376.00.
Warning: Vehicle 'pedestrian_1-3_2996_tr' ends teleporting on edge '153405#2', time=22376.00.
Warning: Vehicle 'commercial_2-1_37' ends teleporting on edge '153443', time=22376.00.
Warning: Teleporting vehicle 'pedestrian_1-3_738_tr'; waited too long (yield), lane='-152767#2_1', time=22378.00.
Warning: Removing person 'pedestrian_GW1-1_1452' at removal of vehicle 'pedestrian_GW1-1_1452_tr'
Warning: Removing person 'pedestrian_GW1-1_3477' at removal of vehicle 'pedestrian_GW1-1_3477_tr'
Warning: Teleporting vehicle 'special_1-2_111'; waited too long (yield), lane=':131784_1_0', time=22379.00.
Warning: Teleporting vehicle 'pedestrian_1-3_4468_tr'; waited too long (jam), lane='152773_1', time=22379.00.
Warning: Teleporting vehicle 'pedestrian_2-1_1999_tr'; waited too long (jam), lane='152649#4_1', time=22379.00.
Warning: Teleporting vehicle 'commercial_1-2_227'; waited too long (jam), lane='152649#1_1', time=22379.00.
Warning: Vehicle 'special_1-2_111' ends teleporting on edge '-152832#0', time=22379.00.
Warning: Teleporting vehicle 'pedestrian_1-2_3798_tr'; waited too long (yield), lane='-152812#4_1', time=22381.00.
Warning: Vehicle 'pedestrian_1-2_3798_tr' ends teleporting on edge '-152812#3', time=22381.00.
Warning: Person 'pedestrian_1-1-pt_7730' is jammed on edge ':150983_w1', time=22383.00.
Warning: Teleporting vehicle 'pedestrian_1-1-veh_856_tr'; waited too long (yield), lane='-152807_1', time=22384.00.
Warning: Vehicle 'pedestrian_1-1-veh_856_tr' ends teleporting on edge '152814#10', time=22384.00.
Warning: Person 'pedestrian_1-1-pt_2474' is jammed on edge ':140144_w0', time=22386.00.
Warning: Teleporting vehicle 'commercial_1-1_220'; waited too long (yield), lane='152311_0', time=22386.00.
Warning: Removing person 'pedestrian_GW1-1_1052' at removal of vehicle 'pedestrian_GW1-1_1052_tr'
Warning: Teleporting vehicle 'pedestrian_1-2_5741_tr'; waited too long (yield), lane='-152939#0_1', time=22387.00.
Warning: Vehicle 'pedestrian_1-2_5741_tr' ends teleporting on edge '152810#1', time=22387.00.
Warning: Teleporting vehicle 'pedestrian_1-3_2791_tr'; waited too long (yield), lane=':134149_1_0', time=22388.00.
Warning: Vehicle 'pedestrian_1-3_2791_tr' ends teleporting on edge '152887#2', time=22388.00.
Warning: Teleporting vehicle 'pedestrian_1-3_2650_tr'; waited too long (yield), lane=':142742_4_0', time=22389.00.
Warning: Vehicle 'pedestrian_1-3_2650_tr' ends teleporting on edge '-152836#6', time=22389.00.
Warning: Teleporting vehicle 'commercial_1-GW2_77'; waited too long (yield), lane='152546_1', time=22390.00.
Warning: Teleporting vehicle 'commercial_1-1_404'; waited too long (jam), lane='-152823#1_1', time=22390.00.
Warning: Removing person 'pedestrian_GW1-1_2502' at removal of vehicle 'pedestrian_GW1-1_2502_tr'
Warning: Removing person 'pedestrian_GW2-1_1472' at removal of vehicle 'pedestrian_GW2-1_1472_tr'
Warning: Teleporting vehicle 'bus_4:Fontvieille.8'; waited too long (yield), lane='-152349_1', time=22391.00.
Warning: Removing person 'pedestrian_GW1-1_320' at removal of vehicle 'pedestrian_GW1-1_320_tr'
Warning: Removing person 'pedestrian_GW1-1_703' at removal of vehicle 'pedestrian_GW1-1_703_tr'
Warning: Teleporting vehicle 'pedestrian_1-3_2502_tr'; waited too long (yield), lane='153401_1', time=22392.00.
Warning: Teleporting vehicle 'bus_4:SaintRoman.6'; waited too long (yield), lane='152451_1', time=22392.00.
Warning: Teleporting vehicle 'pedestrian_1-2_1783_tr'; waited too long (yield), lane=':141846_12_0', time=22394.00.
Warning: Teleporting vehicle 'pedestrian_1-2_4126_tr'; waited too long (yield), lane='-152455_1', time=22394.00.
Warning: Vehicle 'pedestrian_1-2_1783_tr' ends teleporting on edge '152535#0', time=22394.00.
Warning: Vehicle 'pedestrian_1-2_4126_tr' ends teleporting on edge '152965#1', time=22394.00.
Warning: Vehicle 'pedestrian_1-2_5524_tr' ends teleporting on edge '-152997', time=22395.00.
Warning: Teleporting vehicle 'pedestrian_2-1_3366_tr'; waited too long (yield), lane=':143731_3_0', time=22396.00.
Warning: Removing person 'pedestrian_GW1-1_3101' at removal of vehicle 'pedestrian_GW1-1_3101_tr'
Warning: Vehicle 'pedestrian_1-2_1431_tr' ends teleporting on edge '-152706#1', time=22396.00.
Warning: Vehicle 'pedestrian_2-1_3366_tr' ends teleporting on edge '-152894#0', time=22396.00.
Warning: Teleporting vehicle 'commercial_1-2_156'; waited too long (yield), lane='-152398#0_1', time=22397.00.
Warning: Teleporting vehicle 'pedestrian_1-2_2093_tr'; waited too long (yield), lane='152647#2_1', time=22397.00.
Warning: Teleporting vehicle 'pedestrian_1-3_4384_tr'; waited too long (jam), lane='152649#5_1', time=22398.00.
Warning: Person 'pedestrian_1-1-pt_1346' is jammed on edge ':133865_w0', time=22399.00.
Warning: Teleporting vehicle 'commercial_1-GW1_253'; waited too long (yield), lane='152398#4_1', time=22399.00.
Warning: Teleporting vehicle 'pedestrian_1-2_1272_tr'; waited too long (yield), lane='153559#2_1', time=22399.00.
Warning: Teleporting vehicle 'pedestrian_2-1_5115_tr'; waited too long (yield), lane='152354#1_1', time=22399.00.
Warning: Teleporting vehicle 'pedestrian_1-3_4292_tr'; waited too long (yield), lane='152714_1', time=22399.00.
Warning: Removing person 'pedestrian_GW1-1_2825' at removal of vehicle 'pedestrian_GW1-1_2825_tr'
Warning: Vehicle 'special_1-1_89' ends teleporting on edge '152174#1', time=22399.00.
Warning: Vehicle 'pedestrian_1-2_1272_tr' ends teleporting on edge '152898#1', time=22399.00.
Warning: Teleporting vehicle 'pedestrian_1-3_1099_tr'; waited too long (jam), lane='-152701#0_2', time=22400.00.
Warning: Vehicle 'commercial_1-1_27' ends teleporting on edge '152785#2', time=22400.00.
Warning: Vehicle 'pedestrian_1-3_1099_tr' ends teleporting on edge '152229', time=22400.00.
Warning: Vehicle 'commercial_1-1_404' ends teleporting on edge '-152832#3', time=22401.00.
Warning: Teleporting vehicle 'pedestrian_1-3_2662_tr'; waited too long (yield), lane='-152823#0_1', time=22402.00.
Warning: Teleporting vehicle 'commercial_1-2_326'; waited too long (yield), lane='152811_1', time=22402.00.
Warning: Vehicle 'pedestrian_1-3_2662_tr' ends teleporting on edge '152832#4', time=22402.00.
Warning: Vehicle 'commercial_1-2_326' ends teleporting on edge '152816#5', time=22402.00.
Warning: Vehicle 'bus_4:SaintRoman.6' ends teleporting on edge '152398#0', time=22402.00.
Warning: Teleporting vehicle 'bus_2:Jardin.2'; waited too long (jam), lane='-152821#2_1', time=22404.00.
Warning: Teleporting vehicle 'pedestrian_1-3_4695_tr'; waited too long (jam), lane='152973_1', time=22404.00.
Warning: Vehicle 'pedestrian_1-3_4695_tr' ends teleporting on edge '-152895#1', time=22404.00.
Warning: Teleporting vehicle 'pedestrian_1-1-pt_2738_tr'; waited too long (jam), lane=':139970_5_0', time=22405.00.
Warning: Vehicle 'pedestrian_1-1-pt_2738_tr' ends teleporting on edge '-152987#1', time=22405.00.
Warning: Teleporting vehicle 'pedestrian_1-2_684_tr'; waited too long (jam), lane=':139970_5_0', time=22406.00.
Warning: Teleporting vehicle 'pedestrian_2-1_5204_tr'; waited too long (yield), lane='-152652#0_1', time=22406.00.
Warning: Removing person 'pedestrian_1-GW2_987' at removal of vehicle 'pedestrian_1-GW2_987_tr'
Warning: Vehicle 'pedestrian_2-1_5204_tr' ends teleporting on edge '-152667#10', time=22406.00.
Warning: Vehicle 'pedestrian_1-2_684_tr' ends teleporting on edge '-152987#1', time=22406.00.
Warning: Vehicle 'pedestrian_2-1_5115_tr' ends teleporting on edge '-152652#0', time=22406.00.
Warning: Vehicle 'pedestrian_1-2_2093_tr' ends teleporting on edge '153405#0', time=22406.00.
Warning: Teleporting vehicle 'pedestrian_1-3_1778_tr'; waited too long (yield), lane='-152648#0_1', time=22407.00.
Warning: Removing person 'pedestrian_GW1-1_1128' at removal of vehicle 'pedestrian_GW1-1_1128_tr'
Warning: Removing person 'pedestrian_GW1-1_137' at removal of vehicle 'pedestrian_GW1-1_137_tr'
Warning: Vehicle 'commercial_1-2_150' ends teleporting on edge '-152873#0', time=22409.00.
Warning: Vehicle 'commercial_1-2_156' ends teleporting on edge '-152451', time=22409.00.
Warning: Vehicle 'commercial_1-1_220' ends teleporting on edge '-152831#2', time=22410.00.
Warning: Teleporting vehicle 'commercial_1-2_291'; waited too long (yield), lane=':149647_2_0', time=22411.00.
Warning: Removing person 'pedestrian_3-1_1434' at removal of vehicle 'pedestrian_3-1_1434_tr'
Warning: Vehicle 'commercial_1-2_291' ends teleporting on edge '152807', time=22411.00.
Warning: Vehicle 'pedestrian_1-3_2846_tr' ends teleporting on edge '152684', time=22411.00.
Warning: Vehicle 'bus_4:Fontvieille.8' ends teleporting on edge '-152582#0', time=22411.00.
Warning: Person 'pedestrian_1-1-pt_5235' is jammed on edge ':149803_w0', time=22412.00.
Warning: Vehicle 'pedestrian_1-3_4292_tr' ends teleporting on edge '152174#0', time=22412.00.
Warning: Teleporting vehicle 'pedestrian_1-3_5158_tr'; waited too long (jam), lane='152960#8_1', time=22413.00.
Warning: Vehicle 'pedestrian_1-3_5158_tr' ends teleporting on edge '152960#10', time=22413.00.
Warning: Person 'pedestrian_1-1-pt_5649' is jammed on edge ':137990_w2', time=22416.00.
Warning: Removing person 'pedestrian_GW1-1_3120' at removal of vehicle 'pedestrian_GW1-1_3120_tr'
Warning: Removing person 'pedestrian_GW2-1_907' at removal of vehicle 'pedestrian_GW2-1_907_tr'
Warning: Vehicle 'bus_2:Jardin.2' ends teleporting on edge '-152821#1', time=22417.00.
Warning: Teleporting vehicle 'pedestrian_1-2_5797_tr'; waited too long (yield), lane='-152451_1', time=22418.00.
Warning: Teleporting vehicle 'pedestrian_1-3_557_tr'; waited too long (yield), lane=':cluster_137509_149935_6_0', time=22419.00.
Warning: Teleporting vehicle 'pedestrian_1-2_4413_tr'; waited too long (yield), lane='152808_2', time=22419.00.
Warning: Teleporting vehicle 'pedestrian_1-3_3670_tr'; waited too long (yield), lane=':cluster_136399_138320_5_0', time=22419.00.
Warning: Vehicle 'pedestrian_1-3_3670_tr' ends teleporting on edge '153335#0', time=22419.00.
Warning: Vehicle 'pedestrian_1-3_557_tr' ends teleporting on edge '-152381', time=22419.00.
Warning: Removing person 'pedestrian_GW1-1_2636' at removal of vehicle 'pedestrian_GW1-1_2636_tr'
Warning: Vehicle 'pedestrian_1-2_5797_tr' ends teleporting on edge '152874#2', time=22420.00.
Warning: Vehicle 'pedestrian_1-2_4413_tr' ends teleporting on edge '152959#4', time=22421.00.
Warning: Removing person 'pedestrian_GW1-1_3791' at removal of vehicle 'pedestrian_GW1-1_3791_tr'
Warning: Teleporting vehicle 'pedestrian_2-1_5088_tr'; waited too long (yield), lane='153438_1', time=22423.00.
Warning: Removing person 'pedestrian_GW2-1_1171' at removal of vehicle 'pedestrian_GW2-1_1171_tr'
Warning: Vehicle 'pedestrian_2-1_5088_tr' ends teleporting on edge '152814#9', time=22423.00.
Warning: Teleporting vehicle 'pedestrian_1-2_5979_tr'; waited too long (yield), lane='152825#1_1', time=22424.00.
Warning: Teleporting vehicle 'commercial_1-GW1_48'; waited too long (jam), lane='153404#7_1', time=22424.00.
Warning: Removing person 'pedestrian_GW1-1_2669' at removal of vehicle 'pedestrian_GW1-1_2669_tr'
Warning: Vehicle 'commercial_1-GW1_48' ends teleporting on edge '153404#8', time=22424.00.
Warning: Teleporting vehicle 'pedestrian_1-3_4412_tr'; waited too long (yield), lane='152590#2_1', time=22425.00.
Warning: Vehicle 'commercial_1-3_135' ends teleporting on edge '152817#0', time=22425.00.
Warning: Teleporting vehicle 'bus_2:Monaco.8'; waited too long (yield), lane='152896_1', time=22426.00.
Warning: Teleporting vehicle 'pedestrian_1-3_5521_tr'; waited too long (yield), lane='152677#5_1', time=22426.00.
Warning: Vehicle 'pedestrian_1-3_5521_tr' ends teleporting on edge '152650#0', time=22426.00.
Warning: Vehicle 'pedestrian_1-3_1778_tr' ends teleporting on edge '152647#1', time=22426.00.
Warning: Vehicle 'bus_2:Monaco.8' ends teleporting on edge '152814#1', time=22426.00.
Warning: Person 'pedestrian_1-1-pt_3247' is jammed on edge ':144371_c0', time=22427.00.
Warning: Person 'pedestrian_1-1-pt_5876' is jammed on edge ':148766_c0', time=22427.00.
Warning: Teleporting vehicle 'pedestrian_1-3_4068_tr'; waited too long (yield), lane='152780_1', time=22428.00.
Warning: Vehicle 'pedestrian_1-3_4068_tr' ends teleporting on edge '152767#2', time=22428.00.
Warning: Teleporting vehicle 'pedestrian_1-3_1287_tr'; waited too long (yield), lane='-152821#0_2', time=22430.00.
Warning: Vehicle 'pedestrian_1-3_1287_tr' ends teleporting on edge '152137#6', time=22430.00.
Warning: Teleporting vehicle 'pedestrian_1-3_74_tr'; waited too long (jam), lane='-152605#2_1', time=22434.00.
Warning: Vehicle 'pedestrian_1-3_74_tr' ends teleporting on edge '-152605#1', time=22434.00.
Warning: Removing person 'pedestrian_1-GW1_1374' at removal of vehicle 'pedestrian_1-GW1_1374_tr'
Warning: Person 'pedestrian_1-1-pt_4252' is jammed on edge ':132919_w1', time=22436.00.
Warning: Removing person 'pedestrian_3-1_3539' at removal of vehicle 'pedestrian_3-1_3539_tr'
Warning: Teleporting vehicle 'commercial_1-2_143'; waited too long (yield), lane='152453_1', time=22437.00.
Warning: Removing person 'pedestrian_GW1-1_782' at removal of vehicle 'pedestrian_GW1-1_782_tr'
Warning: Vehicle 'commercial_1-2_143' ends teleporting on edge '152454#1', time=22437.00.
Warning: Vehicle 'pedestrian_1-2_5979_tr' ends teleporting on edge '-152821#2', time=22438.00.
Warning: Teleporting vehicle 'commercial_1-2_207'; waited too long (yield), lane='-152801_1', time=22439.00.
Warning: Teleporting vehicle 'pedestrian_1-3_42_tr'; waited too long (yield), lane='152361_1', time=22439.00.
Warning: Vehicle 'pedestrian_1-3_42_tr' ends teleporting on edge '152535#4', time=22439.00.
Warning: Teleporting vehicle 'bus_1:Monaco.5'; waited too long (jam), lane='-152223_1', time=22440.00.
Warning: Vehicle 'pedestrian_1-3_738_tr' ends teleporting on edge '-152780', time=22440.00.
Warning: Vehicle 'bus_1:Monaco.5' ends teleporting on edge '-152169', time=22440.00.
Warning: Teleporting vehicle 'pedestrian_2-1_4511_tr'; waited too long (yield), lane=':149250_3_0', time=22442.00.
Warning: Teleporting vehicle 'pedestrian_1-3_3528_tr'; waited too long (yield), lane='-152886#0_1', time=22442.00.
Warning: Removing person 'pedestrian_1-GW1_524' at removal of vehicle 'pedestrian_1-GW1_524_tr'
Warning: Vehicle 'pedestrian_2-1_4511_tr' ends teleporting on edge '153439#0', time=22442.00.
Warning: Person 'pedestrian_1-1-pt_3046' is jammed on edge ':134522_w0', time=22443.00.
Warning: Person 'pedestrian_1-1-pt_5447' is jammed on edge ':cluster_135677_147474_w3', time=22443.00.
Warning: Teleporting vehicle 'commercial_1-3_240'; waited too long (yield), lane='152967_1', time=22445.00.
Warning: Vehicle 'pedestrian_1-3_4412_tr' ends teleporting on edge '-152582#0', time=22445.00.
Warning: Vehicle 'commercial_1-3_240' ends teleporting on edge '152816#2', time=22445.00.
Warning: Vehicle 'pedestrian_1-3_3719_tr' ends teleporting on edge '152967', time=22445.00.
Warning: Teleporting vehicle 'pedestrian_2-1_921_tr'; waited too long (yield), lane='153480#7_1', time=22446.00.
Warning: Teleporting vehicle 'commercial_2-1_176'; waited too long (jam), lane='153406#1_1', time=22446.00.
Warning: Vehicle 'pedestrian_2-1_921_tr' ends teleporting on edge '152585#1', time=22446.00.
Warning: Vehicle 'bus_1:SaintRoman.7' ends teleporting on edge '152817#0', time=22446.00.
Warning: Teleporting vehicle 'pedestrian_1-2_1898_tr'; waited too long (jam), lane='152606#8_1', time=22447.00.
Warning: Removing person 'pedestrian_3-1_5756' at removal of vehicle 'pedestrian_3-1_5756_tr'
Warning: Vehicle 'pedestrian_1-2_1898_tr' ends teleporting on edge '152606#9', time=22447.00.
Warning: Removing person 'pedestrian_1-GW1_541' at removal of vehicle 'pedestrian_1-GW1_541_tr'
Warning: Teleporting vehicle 'commercial_1-2_249'; waited too long (yield), lane='152287_0', time=22451.00.
Warning: Teleporting vehicle 'pedestrian_1-3_1320_tr'; waited too long (yield), lane='153273#2_1', time=22452.00.
Warning: Teleporting vehicle 'pedestrian_1-2_5063_tr'; waited too long (yield), lane='153554#3_1', time=22454.00.
Warning: Teleporting vehicle 'pedestrian_1-1-pt_8647_tr'; waited too long (yield), lane='152466#1_1', time=22454.00.
Warning: Teleporting vehicle 'pedestrian_1-2_430_tr'; waited too long (yield), lane='152672#2_1', time=22454.00.
Warning: Removing person 'pedestrian_1-GW1_1955' at removal of vehicle 'pedestrian_1-GW1_1955_tr'
Warning: Vehicle 'pedestrian_1-2_430_tr' ends teleporting on edge '-152775#0', time=22454.00.
Warning: Vehicle 'pedestrian_1-2_5063_tr' ends teleporting on edge '-152997', time=22454.00.
Warning: Teleporting vehicle 'bus_2:Jardin.7'; waited too long (yield), lane='-152760_1', time=22455.00.
Warning: Teleporting vehicle 'pedestrian_1-2_3375_tr'; waited too long (yield), lane='152983_1', time=22455.00.
Warning: Vehicle 'pedestrian_1-2_3375_tr' ends teleporting on edge '152982#3', time=22455.00.
Warning: Person 'pedestrian_1-1-pt_7954' is jammed on edge ':145241_c0', time=22457.00.
Warning: Teleporting vehicle 'pedestrian_1-1-pt_8424_tr'; waited too long (yield), lane='152785#0_1', time=22457.00.
Warning: Teleporting vehicle 'pedestrian_1-3_3718_tr'; waited too long (jam), lane='152960#8_1', time=22457.00.
Warning: Vehicle 'pedestrian_1-1-pt_8424_tr' ends teleporting on edge '152819', time=22457.00.
Warning: Teleporting vehicle 'pedestrian_2-1_4149_tr'; waited too long (yield), lane='152785#0_1', time=22458.00.
Warning: Removing person 'pedestrian_1-GW1_24' at removal of vehicle 'pedestrian_1-GW1_24_tr'
Warning: Vehicle 'pedestrian_2-1_4149_tr' ends teleporting on edge '152944#2', time=22460.00.
Warning: Removing person 'pedestrian_1-GW1_227' at removal of vehicle 'pedestrian_1-GW1_227_tr'
Warning: Teleporting vehicle 'bus_5:Hopital.1'; waited too long (jam), lane='152535#6_1', time=22462.00.
Warning: Removing person 'pedestrian_3-1_5183' at removal of vehicle 'pedestrian_3-1_5183_tr'
Warning: Removing person 'pedestrian_1-GW1_312' at removal of vehicle 'pedestrian_1-GW1_312_tr'
Warning: Removing person 'pedestrian_1-GW1_2190' at removal of vehicle 'pedestrian_1-GW1_2190_tr'