user_id,neighbor_id,duration_seconds
P0,P37,3.900000000000002
P0,P193,2.0000000000000004
P0,P168,3.3000000000000016
P0,P285,2.800000000000001
P0,P5,2.1000000000000005
P0,P208,3.5000000000000018
P0,P144,6.299999999999994
P0,P210,8.099999999999987
P0,P125,6.199999999999994
P0,P161,7.39999999999999
P0,P330,14.899999999999963
P0,P130,7.499999999999989
P0,P200,7.599999999999989
P0,P279,4.300000000000001
P0,P349,7.39999999999999
P1,P112,2.500000000000001
P1,P280,6.8999999999999915
P1,P19,4.000000000000002
P1,P83,3.1000000000000014
P1,P254,7.599999999999989
P1,P272,3.4000000000000017
P1,P23,8.199999999999987
P1,P359,3.700000000000002
P1,P335,7.499999999999989
P1,P296,2.800000000000001
P1,P47,3.1000000000000014
P1,P402,3.2000000000000015
P1,P478,4.699999999999999
P1,P218,4.200000000000001
P1,P16,7.29999999999999
P1,P101,132.99999999999673
P1,P313,1.9000000000000006
P1,P5,7.999999999999988
P1,P85,5.799999999999995
P2,P494,3.4000000000000017
P2,P96,4.200000000000001
P2,P307,1.9000000000000006
P2,P300,2.3000000000000007
P2,P485,2.800000000000001
P2,P79,2.400000000000001
P2,P111,3.5000000000000018
P2,P213,2.9000000000000012
P2,P417,3.2000000000000015
P2,P204,2.700000000000001
P2,P278,7.799999999999988
P2,P127,212.19999999999223
P2,P163,1.7000000000000004
P2,P267,1.8000000000000005
P2,P27,3.700000000000002
P2,P355,2.800000000000001
P2,P381,2.0000000000000004
P2,P403,1.6000000000000003
P2,P507,3.3000000000000016
P2,P158,4.5
P2,P82,3.4000000000000017
P2,P342,1.8000000000000005
P2,P337,4.4
P2,P386,2.800000000000001
P2,P461,7.499999999999989
P2,P502,3.800000000000002
P2,P294,8.099999999999987
P2,P450,7.39999999999999
P2,P28,5.799999999999995
P2,P88,1.6000000000000003
P2,P274,527.3000000000513
P2,P506,1.5000000000000002
P2,P443,5.1999999999999975
P2,P98,7.499999999999989
P2,P247,7.499999999999989
P2,P376,5.899999999999995
P2,P89,7.799999999999988
P2,P471,6.799999999999992
P3,P225,1.3
P3,P194,3.4000000000000017
P3,P481,3.900000000000002
P3,P157,5.799999999999995
P3,P327,2.0000000000000004
P3,P506,2.700000000000001
P3,P212,1.9000000000000006
P3,P102,2.0000000000000004
P3,P349,3.2000000000000015
P3,P42,2.500000000000001
P3,P189,2.9000000000000012
P3,P146,2.9000000000000012
P3,P92,3.700000000000002
P3,P432,2.0000000000000004
P3,P409,2.600000000000001
P3,P115,6.399999999999993
P3,P448,3.0000000000000013
P3,P404,2.2000000000000006
P3,P53,3.1000000000000014
P3,P257,8.499999999999986
P3,P114,2.600000000000001
P3,P487,2.0000000000000004
P3,P26,2.500000000000001
P3,P73,3.0000000000000013
P3,P347,2.1000000000000005
P3,P458,1.9000000000000006
P3,P499,3.5000000000000018
P3,P7,2.800000000000001
P3,P269,6.799999999999992
P3,P354,2.700000000000001
P3,P250,6.999999999999991
P3,P30,6.499999999999993
P3,P427,3.4000000000000017
P3,P333,14.399999999999965
P3,P390,1.7000000000000004
P3,P440,1.9000000000000006
P3,P24,13.499999999999968
P3,P220,14.099999999999966
P3,P480,3.3000000000000016
P3,P260,14.599999999999964
P3,P32,3.700000000000002
P3,P18,3.700000000000002
P3,P396,2.400000000000001
P3,P329,6.799999999999992
P3,P6,1.0999999999999999
P3,P65,5.399999999999997
P3,P184,2.0000000000000004
P3,P63,1.5000000000000002
P4,P342,26.300000000000104
P4,P415,2.3000000000000007
P4,P139,2.400000000000001
P4,P50,2.9000000000000012
P4,P299,4.5
P4,P148,7.899999999999988
P4,P455,5.1999999999999975
P4,P124,4.699999999999999
P4,P450,4.999999999999998
P4,P28,6.8999999999999915
P4,P145,1.2
P4,P56,7.499999999999989
P4,P312,7.499999999999989
P4,P123,0.8999999999999999
P4,P301,8.899999999999984
P4,P295,4.4
P4,P464,5.399999999999997
P4,P45,5.099999999999998
P4,P431,4.999999999999998
P4,P206,5.899999999999995
P4,P486,7.699999999999989
P4,P402,2.700000000000001
P4,P353,3.0000000000000013
P4,P43,2.2000000000000006
P4,P24,5.4999999999999964
P4,P65,6.299999999999994
P4,P333,5.4999999999999964
P4,P396,3.900000000000002
P4,P30,7.899999999999988
P4,P489,1.7000000000000004
P4,P250,6.499999999999993
P4,P77,9.099999999999984
P4,P164,9.099999999999984
P4,P86,2.3000000000000007
P4,P75,5.699999999999996
P4,P269,5.799999999999995
P4,P140,4.899999999999999
P4,P17,3.1000000000000014
P4,P475,5.1999999999999975
P4,P257,8.499999999999986
P4,P115,6.699999999999992
P4,P498,6.699999999999992
P4,P184,2.0000000000000004
P4,P201,7.999999999999988
P4,P157,3.0000000000000013
P4,P47,7.29999999999999
P4,P63,1.6000000000000003
P4,P508,2.800000000000001
P4,P130,3.3000000000000016
P4,P265,2.700000000000001
P4,P96,3.1000000000000014
P4,P89,6.199999999999994
P5,P201,2.9000000000000012
P5,P137,3.1000000000000014
P5,P160,3.600000000000002
P5,P0,2.1000000000000005
P5,P100,12.299999999999972
P5,P107,5.399999999999997
P5,P306,6.5999999999999925
P5,P313,7.999999999999988
P5,P85,5.799999999999995
P5,P287,4.699999999999999
P5,P1,7.999999999999988
P6,P222,3.1000000000000014
P6,P93,5.099999999999998
P6,P211,2.400000000000001
P6,P126,143.9999999999961
P6,P395,5.899999999999995
P6,P359,4.200000000000001
P6,P149,3.700000000000002
P6,P118,2.3000000000000007
P6,P97,3.600000000000002
P6,P96,3.0000000000000013
P6,P375,3.600000000000002
P6,P344,3.0000000000000013
P6,P156,1.8000000000000005
P6,P307,4.899999999999999
P6,P79,1.8000000000000005
P6,P300,4.999999999999998
P6,P44,2.800000000000001
P6,P485,5.899999999999995
P6,P111,5.399999999999997
P6,P213,2.3000000000000007
P6,P417,2.700000000000001
P6,P204,2.9000000000000012
P6,P23,7.19999999999999
P6,P343,368.80000000001536
P6,P314,1.9000000000000006
P6,P278,7.099999999999991
P6,P25,250.59999999999005
P6,P163,2.800000000000001
P6,P267,2.1000000000000005
P6,P164,4.699999999999999
P6,P27,3.3000000000000016
P6,P355,3.4000000000000017
P6,P381,3.5000000000000018
P6,P403,4.4
P6,P507,2.9000000000000012
P6,P158,2.800000000000001
P6,P342,3.2000000000000015
P6,P337,3.3000000000000016
P6,P281,2.800000000000001
P6,P335,5.399999999999997
P6,P258,1.7000000000000004
P6,P298,1.7000000000000004
P6,P193,3.5000000000000018
P6,P439,5.599999999999996
P6,P309,2.0000000000000004
P6,P147,2.9000000000000012
P6,P179,1.8000000000000005
P6,P452,2.2000000000000006
P6,P181,2.0000000000000004
P6,P341,2.9000000000000012
P6,P217,1.8000000000000005
P6,P481,2.2000000000000006
P6,P194,2.2000000000000006
P6,P305,6.799999999999992
P6,P327,3.2000000000000015
P6,P155,3.900000000000002
P6,P212,2.700000000000001
P6,P102,1.8000000000000005
P6,P58,4.799999999999999
P6,P191,3.900000000000002
P6,P349,2.600000000000001
P6,P42,4.200000000000001
P6,P189,2.500000000000001
P6,P92,3.0000000000000013
P6,P432,3.2000000000000015
P6,P409,4.999999999999998
P6,P448,2.500000000000001
P6,P404,4.100000000000001
P6,P53,2.700000000000001
P6,P324,5.599999999999996
P6,P114,2.500000000000001
P6,P487,3.1000000000000014
P6,P26,2.1000000000000005
P6,P73,1.5000000000000002
P6,P347,3.3000000000000016
P6,P458,0.9999999999999999
P6,P499,2.1000000000000005
P6,P277,5.599999999999996
P6,P7,4.000000000000002
P6,P293,1.5000000000000002
P6,P354,2.600000000000001
P6,P115,6.099999999999994
P6,P257,6.699999999999992
P6,P427,2.500000000000001
P6,P13,2.800000000000001
P6,P269,6.699999999999992
P6,P236,200.09999999999292
P6,P250,5.599999999999996
P6,P390,2.1000000000000005
P6,P440,3.900000000000002
P6,P30,7.099999999999991
P6,P330,2.800000000000001
P6,P475,1.9000000000000006
P6,P333,11.599999999999975
P6,P65,16.499999999999964
P6,P24,16.499999999999964
P6,P128,2.400000000000001
P6,P184,4.699999999999999
P6,P454,2.400000000000001
P6,P200,2.500000000000001
P6,P141,3.600000000000002
P6,P140,4.999999999999998
P6,P36,2.400000000000001
P6,P74,4.000000000000002
P6,P233,15.399999999999961
P6,P398,3.0000000000000013
P6,P322,2.800000000000001
P6,P38,14.599999999999964
P6,P71,2.9000000000000012
P6,P113,2.0000000000000004
P6,P402,3.3000000000000016
P6,P353,2.9000000000000012
P6,P43,2.0000000000000004
P6,P332,89.99999999999916
P6,P3,1.0999999999999999
P6,P157,2.0000000000000004
P7,P12,1.9000000000000006
P7,P212,2.700000000000001
P7,P189,2.9000000000000012
P7,P26,2.600000000000001
P7,P499,2.9000000000000012
P7,P243,3.1000000000000014
P7,P427,3.5000000000000018
P7,P354,2.400000000000001
P7,P78,3.5000000000000018
P7,P330,5.1999999999999975
P7,P38,3.0000000000000013
P7,P387,0.9999999999999999
P7,P398,2.600000000000001
P7,P32,2.3000000000000007
P7,P486,3.1000000000000014
P7,P18,1.7000000000000004
P7,P24,6.099999999999994
P7,P135,3.4000000000000017
P7,P464,2.400000000000001
P7,P333,8.199999999999987
P7,P141,2.500000000000001
P7,P440,2.400000000000001
P7,P378,3.2000000000000015
P7,P30,6.099999999999994
P7,P134,3.900000000000002
P7,P456,3.5000000000000018
P7,P468,4.799999999999999
P7,P40,3.5000000000000018
P7,P269,5.799999999999995
P7,P3,2.800000000000001
P7,P65,2.400000000000001
P7,P127,3.0000000000000013
P7,P491,4.6
P7,P257,6.399999999999993
P7,P277,80.09999999999972
P7,P115,5.899999999999995
P7,P171,3.0000000000000013
P7,P370,3.600000000000002
P7,P465,2.9000000000000012
P7,P246,4.6
P7,P25,4.300000000000001
P7,P343,3.0000000000000013
P7,P6,4.000000000000002
P7,P75,2.2000000000000006
P7,P245,2.0000000000000004
P7,P329,3.600000000000002
P7,P394,2.3000000000000007
P7,P324,6.5999999999999925
P7,P242,2.400000000000001
P7,P133,5.099999999999998
P7,P201,1.9000000000000006
P7,P419,1.9000000000000006
P7,P142,2.3000000000000007
P7,P505,4.000000000000002
P7,P431,2.3000000000000007
P7,P240,4.5
P7,P58,7.099999999999991
P7,P358,4.300000000000001
P7,P433,2.0000000000000004
P7,P80,3.0000000000000013
P7,P305,6.499999999999993
P7,P121,2.700000000000001
P7,P280,4.6
P7,P112,3.0000000000000013
P7,P282,3.1000000000000014
P7,P248,2.3000000000000007
P7,P434,6.299999999999994
P7,P374,2.800000000000001
P7,P62,346.0000000000102
P7,P430,1.8000000000000005
P7,P70,7.499999999999989
P7,P409,7.39999999999999
P7,P272,2.9000000000000012
P7,P68,7.39999999999999
P7,P359,3.800000000000002
P7,P8,4.699999999999999
P7,P296,2.800000000000001
P7,P47,2.500000000000001
P7,P278,6.8999999999999915
P7,P309,6.8999999999999915
P7,P402,5.699999999999996
P7,P439,6.5999999999999925
P7,P446,86.49999999999936
P7,P353,3.2000000000000015
P7,P43,2.800000000000001
P7,P23,5.4999999999999964
P7,P418,2.500000000000001
P7,P160,2.500000000000001
P7,P335,7.699999999999989
P7,P218,1.6000000000000003
P7,P509,5.099999999999998
P7,P116,6.799999999999992
P7,P228,4.699999999999999
P7,P199,10.09999999999998
P7,P86,1.8000000000000005
P7,P344,3.2000000000000015
P7,P314,6.699999999999992
P7,P395,9.099999999999984
P7,P403,3.700000000000002
P7,P73,2.500000000000001
P8,P307,5.999999999999995
P8,P45,20.900000000000027
P8,P205,3.2000000000000015
P8,P163,2.600000000000001
P8,P262,11.199999999999976
P8,P27,4.300000000000001
P8,P511,2.600000000000001
P8,P398,4.699999999999999
P8,P76,3.0000000000000013
P8,P325,2.3000000000000007
P8,P126,1.6000000000000003
P8,P342,10.399999999999979
P8,P249,3.1000000000000014
P8,P337,9.099999999999984
P8,P335,2.600000000000001
P8,P281,2.400000000000001
P8,P23,4.699999999999999
P8,P258,2.9000000000000012
P8,P298,3.600000000000002
P8,P193,2.0000000000000004
P8,P147,1.7000000000000004
P8,P425,2.500000000000001
P8,P179,2.400000000000001
P8,P452,2.9000000000000012
P8,P181,3.800000000000002
P8,P439,4.5
P8,P386,1.9000000000000006
P8,P194,8.799999999999985
P8,P481,2.3000000000000007
P8,P278,5.999999999999995
P8,P309,5.999999999999995
P8,P327,2.0000000000000004
P8,P12,2.3000000000000007
P8,P212,3.4000000000000017
P8,P430,11.199999999999976
P8,P191,7.099999999999991
P8,P349,6.099999999999994
P8,P42,6.5999999999999925
P8,P189,6.099999999999994
P8,P92,9.499999999999982
P8,P432,7.999999999999988
P8,P404,5.799999999999995
P8,P272,10.599999999999978
P8,P53,7.599999999999989
P8,P114,4.699999999999999
P8,P73,4.899999999999999
P8,P487,7.19999999999999
P8,P383,6.299999999999994
P8,P458,14.999999999999963
P8,P347,8.599999999999985
P8,P380,8.999999999999984
P8,P446,5.899999999999995
P8,P62,14.899999999999963
P8,P359,7.499999999999989
P8,P7,4.699999999999999
P8,P296,6.799999999999992
P8,P49,6.499999999999993
P8,P47,6.199999999999994
P8,P139,5.599999999999996
P8,P444,7.699999999999989
P8,P261,8.099999999999987
P8,P402,6.199999999999994
P8,P241,7.39999999999999
P8,P479,5.899999999999995
P8,P353,6.099999999999994
P8,P174,8.199999999999987
P8,P154,7.699999999999989
P8,P427,9.89999999999998
P8,P43,7.19999999999999
P8,P13,7.599999999999989
P8,P418,9.099999999999984
P8,P160,6.999999999999991
P8,P488,9.199999999999983
P8,P473,7.599999999999989
P8,P164,5.799999999999995
P8,P371,6.5999999999999925
P8,P440,5.999999999999995
P8,P396,8.999999999999984
P8,P232,4.999999999999998
P8,P218,14.199999999999966
P8,P496,5.299999999999997
P8,P136,7.099999999999991
P8,P265,11.199999999999976
P8,P393,6.699999999999992
P8,P415,7.599999999999989
P8,P86,6.8999999999999915
P8,P158,6.399999999999993
P8,P128,5.399999999999997
P8,P173,7.699999999999989
P8,P246,8.099999999999987
P8,P63,7.39999999999999
P8,P105,7.599999999999989
P8,P141,6.199999999999994
P8,P508,8.999999999999984
P8,P74,7.899999999999988
P8,P300,6.199999999999994
P8,P81,7.999999999999988
P8,P490,4.999999999999998
P8,P317,8.699999999999985
P8,P195,6.299999999999994
P8,P267,5.699999999999996
P8,P423,6.199999999999994
P8,P83,7.599999999999989
P8,P161,7.699999999999989
P8,P457,6.999999999999991
P8,P407,5.099999999999998
P8,P397,8.899999999999984
P8,P169,5.699999999999996
P8,P82,6.399999999999993
P8,P334,6.399999999999993
P8,P176,9.099999999999984
P8,P155,9.399999999999983
P8,P326,7.29999999999999
P8,P480,8.099999999999987
P8,P385,5.1999999999999975
P8,P41,6.099999999999994
P8,P9,5.899999999999995
P8,P109,7.19999999999999
P8,P424,6.099999999999994
P8,P499,6.8999999999999915
P8,P394,8.399999999999986
P9,P427,5.799999999999995
P9,P354,15.499999999999961
P9,P78,4.000000000000002
P9,P330,4.799999999999999
P9,P38,3.0000000000000013
P9,P387,2.600000000000001
P9,P398,3.5000000000000018
P9,P32,2.500000000000001
P9,P486,2.500000000000001
P9,P18,1.9000000000000006
P9,P24,7.29999999999999
P9,P135,3.900000000000002
P9,P464,2.400000000000001
P9,P333,7.499999999999989
P9,P440,1.7000000000000004
P9,P141,2.3000000000000007
P9,P378,4.999999999999998
P9,P30,17.69999999999998
P9,P420,14.799999999999963
P9,P178,3.0000000000000013
P9,P463,5.4999999999999964
P9,P498,75.49999999999999
P9,P250,5.699999999999996
P9,P77,5.4999999999999964
P9,P164,5.4999999999999964
P9,P75,7.099999999999991
P9,P396,2.400000000000001
P9,P269,5.399999999999997
P9,P140,5.799999999999995
P9,P475,5.099999999999998
P9,P257,5.799999999999995
P9,P115,7.099999999999991
P9,P201,5.999999999999995
P9,P489,2.800000000000001
P9,P47,7.499999999999989
P9,P86,2.0000000000000004
P9,P158,2.600000000000001
P9,P17,3.1000000000000014
P9,P324,8.099999999999987
P9,P469,7.39999999999999
P9,P184,3.700000000000002
P9,P63,3.0000000000000013
P9,P58,6.499999999999993
P9,P105,2.700000000000001
P9,P62,2.600000000000001
P9,P305,9.799999999999981
P9,P265,3.0000000000000013
P9,P508,2.400000000000001
P9,P130,2.9000000000000012
P9,P109,114.39999999999777
P9,P81,2.700000000000001
P9,P317,2.500000000000001
P9,P195,2.400000000000001
P9,P267,3.0000000000000013
P9,P337,1.8000000000000005
P9,P342,2.1000000000000005
P9,P161,1.7000000000000004
P9,P83,3.4000000000000017
P9,P434,8.499999999999986
P9,P70,7.19999999999999
P9,P82,4.300000000000001
P9,P205,7.699999999999989
P9,P409,6.499999999999993
P9,P155,2.0000000000000004
P9,P68,7.099999999999991
P9,P8,5.899999999999995
P9,P278,5.599999999999996
P9,P309,5.599999999999996
P9,P439,5.799999999999995
P9,P502,4.000000000000002
P9,P258,6.199999999999994
P10,P245,0.30000000000000004
P10,P83,1.8000000000000005
P10,P470,2.500000000000001
P10,P170,8.899999999999984
P10,P211,7.699999999999989
P10,P92,8.299999999999986
P11,P272,2.1000000000000005
P11,P402,6.199999999999994
P11,P447,3.1000000000000014
P11,P85,4.000000000000002
P11,P187,2.0000000000000004
P11,P228,2.400000000000001
P11,P21,2.3000000000000007
P11,P340,2.400000000000001
P11,P466,1.7000000000000004
P11,P176,2.1000000000000005
P11,P477,4.300000000000001
P11,P175,10.29999999999998
P11,P317,8.499999999999986
P11,P107,5.299999999999997
P11,P306,10.09999999999998
P11,P17,7.29999999999999
P11,P169,5.899999999999995
P11,P44,11.199999999999976
P11,P161,7.29999999999999
P11,P417,5.999999999999995
P11,P101,8.199999999999987
P11,P212,6.299999999999994
P11,P293,7.29999999999999
P11,P240,11.499999999999975
P11,P430,10.699999999999978
P11,P403,5.799999999999995
P11,P298,5.399999999999997
P12,P212,1.3
P12,P7,1.9000000000000006
P12,P506,93.99999999999893
P12,P36,2.9000000000000012
P12,P407,3.3000000000000016
P12,P48,1.8000000000000005
P12,P99,1.6000000000000003
P12,P155,31.200000000000173
P12,P431,2.0000000000000004
P12,P240,2.1000000000000005
P12,P358,2.600000000000001
P12,P121,2.700000000000001
P12,P80,3.4000000000000017
P12,P280,3.3000000000000016
P12,P451,3.3000000000000016
P12,P434,4.000000000000002
P12,P112,2.400000000000001
P12,P282,2.700000000000001
P12,P89,2.500000000000001
P12,P248,3.0000000000000013
P12,P68,7.699999999999989
P12,P374,2.2000000000000006
P12,P8,2.3000000000000007
P12,P430,2.0000000000000004
P12,P278,8.599999999999985
P12,P309,8.599999999999985
P12,P439,7.29999999999999
P12,P272,2.800000000000001
P12,P23,5.899999999999995
P12,P359,4.699999999999999
P12,P296,2.2000000000000006
P12,P335,8.399999999999986
P12,P47,2.400000000000001
P12,P402,2.500000000000001
P12,P353,2.2000000000000006
P12,P43,2.1000000000000005
P12,P116,5.899999999999995
P12,P287,2.3000000000000007
P12,P418,2.0000000000000004
P12,P160,3.3000000000000016
P12,P79,3.2000000000000015
P12,P199,7.39999999999999
P12,P169,4.4
P12,P393,2.0000000000000004
P12,P479,8.499999999999986
P12,P279,2.800000000000001
P13,P278,7.999999999999988
P13,P348,2.3000000000000007
P13,P267,2.2000000000000006
P13,P448,2.2000000000000006
P13,P22,8.099999999999987
P13,P114,4.6
P13,P462,8.499999999999986
P13,P423,34.50000000000022
P13,P393,2.700000000000001
P13,P250,7.799999999999988
P13,P171,1.7000000000000004
P13,P370,2.9000000000000012
P13,P269,7.099999999999991
P13,P25,1.9000000000000006
P13,P343,2.1000000000000005
P13,P6,2.800000000000001
P13,P75,2.600000000000001
P13,P329,2.600000000000001
P13,P245,2.700000000000001
P13,P394,4.100000000000001
P13,P257,7.39999999999999
P13,P115,7.899999999999988
P13,P242,2.0000000000000004
P13,P201,1.7000000000000004
P13,P142,2.600000000000001
P13,P419,4.200000000000001
P13,P505,2.800000000000001
P13,P431,1.7000000000000004
P13,P26,2.2000000000000006
P13,P240,2.700000000000001
P13,P358,2.2000000000000006
P13,P433,2.3000000000000007
P13,P80,2.400000000000001
P13,P121,2.9000000000000012
P13,P280,3.0000000000000013
P13,P112,6.199999999999994
P13,P324,7.799999999999988
P13,P282,2.800000000000001
P13,P354,5.999999999999995
P13,P58,6.399999999999993
P13,P248,1.8000000000000005
P13,P305,7.499999999999989
P13,P374,2.500000000000001
P13,P430,2.600000000000001
P13,P272,2.400000000000001
P13,P434,6.499999999999993
P13,P70,5.299999999999997
P13,P359,1.9000000000000006
P13,P296,3.900000000000002
P13,P47,3.3000000000000016
P13,P409,7.29999999999999
P13,P402,2.800000000000001
P13,P277,3.5000000000000018
P13,P68,6.8999999999999915
P13,P353,2.800000000000001
P13,P43,2.3000000000000007
P13,P8,7.599999999999989
P13,P418,4.799999999999999
P13,P160,2.9000000000000012
P13,P309,5.099999999999998
P13,P164,5.699999999999996
P13,P439,8.599999999999985
P13,P49,10.599999999999978
P13,P23,9.299999999999983
P13,P218,3.4000000000000017
P13,P335,9.89999999999998
P13,P258,2.800000000000001
P13,P86,3.700000000000002
P13,P158,4.000000000000002
P13,P194,3.3000000000000016
P13,P97,2.0000000000000004
P13,P129,5.599999999999996
P13,P483,6.299999999999994
P13,P268,7.599999999999989
P13,P497,6.799999999999992
P13,P259,6.999999999999991
P13,P286,6.799999999999992
P14,P317,0.30000000000000004
P14,P194,2.1000000000000005
P14,P132,4.4
P14,P366,2.1000000000000005
P14,P397,2.700000000000001
P14,P119,1.5000000000000002
P14,P437,6.5999999999999925
P14,P203,1.8000000000000005
P14,P71,2.600000000000001
P14,P448,3.3000000000000016
P14,P113,2.2000000000000006
P14,P398,2.3000000000000007
P14,P233,5.4999999999999964
P14,P402,2.500000000000001
P14,P353,0.9999999999999999
P14,P43,4.899999999999999
P14,P24,7.39999999999999
P14,P65,5.899999999999995
P14,P333,10.09999999999998
P14,P30,5.399999999999997
P14,P250,7.099999999999991
P14,P77,8.999999999999984
P14,P164,8.999999999999984
P14,P75,6.199999999999994
P14,P269,5.699999999999996
P14,P184,2.400000000000001
P14,P140,7.599999999999989
P14,P475,4.999999999999998
P14,P157,2.0000000000000004
P14,P63,2.500000000000001
P14,P257,7.999999999999988
P14,P115,6.099999999999994
P14,P498,6.099999999999994
P14,P130,2.9000000000000012
P14,P265,2.9000000000000012
P14,P201,7.39999999999999
P14,P47,6.999999999999991
P14,P81,2.400000000000001
P14,P138,1.7000000000000004
P14,P195,1.9000000000000006
P14,P267,3.0000000000000013
P14,P126,6.999999999999991
P14,P330,4.6
P14,P342,2.0000000000000004
P14,P161,2.400000000000001
P14,P324,10.19999999999998
P14,P83,2.500000000000001
P14,P469,8.099999999999987
P15,P396,13.599999999999968
P15,P496,5.1999999999999975
P15,P212,11.699999999999974
P16,P382,7.099999999999991
P16,P86,6.099999999999994
P16,P307,5.4999999999999964
P16,P359,5.999999999999995
P16,P147,6.699999999999992
P16,P485,8.299999999999986
P16,P1,7.29999999999999
P16,P122,7.19999999999999
P16,P161,8.099999999999987
P16,P128,6.199999999999994
P16,P88,5.1999999999999975
P17,P107,5.699999999999996
P17,P59,3.2000000000000015
P17,P360,4.999999999999998
P17,P466,2.800000000000001
P17,P477,5.1999999999999975
P17,P175,2.3000000000000007
P17,P11,7.29999999999999
P17,P216,5.599999999999996
P17,P275,4.000000000000002
P17,P308,7.599999999999989
P17,P254,8.799999999999985
P17,P430,3.0000000000000013
P17,P305,7.799999999999988
P17,P465,5.599999999999996
P17,P334,2.0000000000000004
P17,P176,2.500000000000001
P17,P58,7.499999999999989
P17,P145,2.2000000000000006
P17,P354,5.799999999999995
P17,P218,2.9000000000000012
P17,P326,4.799999999999999
P17,P480,1.9000000000000006
P17,P324,7.29999999999999
P17,P469,2.700000000000001
P17,P9,3.1000000000000014
P17,P394,2.3000000000000007
P17,P236,4.799999999999999
P17,P418,1.7000000000000004
P17,P47,6.099999999999994
P17,P51,2.400000000000001
P17,P280,2.700000000000001
P17,P201,7.39999999999999
P17,P115,5.999999999999995
P17,P498,5.999999999999995
P17,P257,7.899999999999988
P17,P475,8.499999999999986
P17,P4,3.1000000000000014
P17,P140,4.799999999999999
P17,P269,5.599999999999996
P17,P75,5.099999999999998
P17,P77,5.799999999999995
P17,P164,5.799999999999995
P17,P272,3.0000000000000013
P17,P250,7.599999999999989
P17,P22,4.899999999999999
P18,P77,3.2000000000000015
P18,P39,5.599999999999996
P18,P341,2.9000000000000012
P18,P147,3.3000000000000016
P18,P179,4.200000000000001
P18,P452,3.600000000000002
P18,P181,3.1000000000000014
P18,P217,4.100000000000001
P18,P481,2.3000000000000007
P18,P30,7.999999999999988
P18,P506,4.4
P18,P212,4.000000000000002
P18,P349,3.3000000000000016
P18,P189,2.700000000000001
P18,P146,3.0000000000000013
P18,P92,3.2000000000000015
P18,P432,3.3000000000000016
P18,P53,2.500000000000001
P18,P404,3.700000000000002
P18,P333,5.799999999999995
P18,P487,3.2000000000000015
P18,P26,1.6000000000000003
P18,P347,1.7000000000000004
P18,P499,2.400000000000001
P18,P9,1.9000000000000006
P18,P24,5.599999999999996
P18,P7,1.7000000000000004
P18,P113,2.600000000000001
P18,P354,2.800000000000001
P18,P250,4.4
P18,P427,3.0000000000000013
P18,P390,4.699999999999999
P18,P233,6.299999999999994
P18,P330,4.100000000000001
P18,P128,2.1000000000000005
P18,P449,2.600000000000001
P18,P38,4.699999999999999
P18,P200,2.1000000000000005
P18,P413,2.800000000000001
P18,P3,3.700000000000002
P18,P182,10.899999999999977
P18,P445,6.8999999999999915
P19,P153,0.6
P19,P1,4.000000000000002
P19,P175,5.699999999999996
P19,P249,11.799999999999974
P20,P282,5.799999999999995
P20,P79,1.9000000000000006
P20,P52,5.899999999999995
P20,P164,6.399999999999993
P20,P34,8.499999999999986
P20,P173,13.399999999999968
P20,P425,6.799999999999992
P20,P444,16.399999999999963
P20,P88,8.099999999999987
P20,P488,12.499999999999972
P20,P41,6.299999999999994
P20,P106,4.899999999999999
P20,P299,5.399999999999997
P20,P370,9.89999999999998
P20,P458,5.899999999999995
P21,P11,2.3000000000000007
P21,P466,2.9000000000000012
P21,P176,2.500000000000001
P21,P477,2.0000000000000004
P21,P175,5.399999999999997
P21,P346,5.399999999999997
P21,P317,6.699999999999992
P21,P235,15.199999999999962
P21,P44,6.399999999999993
P21,P107,7.19999999999999
P21,P306,7.999999999999988
P21,P169,6.199999999999994
P21,P197,14.499999999999964
P21,P85,5.699999999999996
P21,P417,7.19999999999999
P21,P101,6.199999999999994
P21,P212,4.6
P21,P403,11.199999999999976
P21,P97,7.699999999999989
P21,P298,6.399999999999993
P22,P383,4.000000000000002
P22,P400,5.1999999999999975
P22,P462,1.8000000000000005
P22,P13,8.099999999999987
P22,P114,8.099999999999987
P22,P393,13.399999999999968
P22,P245,15.099999999999962
P22,P350,8.899999999999984
P22,P280,7.599999999999989
P22,P17,4.899999999999999
P23,P125,3.2000000000000015
P23,P393,9.799999999999981
P23,P306,2.3000000000000007
P23,P131,3.800000000000002
P23,P171,6.399999999999993
P23,P204,8.499999999999986
P23,P343,9.89999999999998
P23,P25,10.399999999999979
P23,P6,7.19999999999999
P23,P75,6.399999999999993
P23,P314,9.099999999999984
P23,P435,6.699999999999992
P23,P55,6.199999999999994
P23,P245,5.899999999999995
P23,P329,7.899999999999988
P23,P394,6.799999999999992
P23,P62,19.80000000000001
P23,P242,7.099999999999991
P23,P255,6.5999999999999925
P23,P133,6.799999999999992
P23,P419,7.099999999999991
P23,P201,4.999999999999998
P23,P163,6.099999999999994
P23,P431,5.899999999999995
P23,P240,5.899999999999995
P23,P106,6.799999999999992
P23,P267,10.399999999999979
P23,P68,5.999999999999995
P23,P27,9.89999999999998
P23,P164,18.099999999999987
P23,P358,5.299999999999997
P23,P381,5.999999999999995
P23,P80,7.39999999999999
P23,P403,4.899999999999999
P23,P284,4.999999999999998
P23,P451,5.299999999999997
P23,P434,6.8999999999999915
P23,P280,6.299999999999994
P23,P112,7.999999999999988
P23,P479,13.499999999999968
P23,P282,4.699999999999999
P23,P507,9.799999999999981
P23,P89,5.999999999999995
P23,P158,16.19999999999996
P23,P248,8.899999999999984
P23,P249,6.799999999999992
P23,P342,14.399999999999965
P23,P337,15.499999999999961
P23,P374,7.899999999999988
P23,P335,7.599999999999989
P23,P281,8.399999999999986
P23,P8,4.699999999999999
P23,P258,12.99999999999997
P23,P298,10.399999999999979
P23,P193,8.399999999999986
P23,P147,7.499999999999989
P23,P425,8.199999999999987
P23,P179,6.099999999999994
P23,P452,7.599999999999989
P23,P181,7.799999999999988
P23,P386,7.999999999999988
P23,P194,13.399999999999968
P23,P481,6.499999999999993
P23,P272,5.999999999999995
P23,P1,8.199999999999987
P23,P327,7.099999999999991
P23,P12,5.899999999999995
P23,P191,8.299999999999986
P23,P359,4.6
P23,P349,9.299999999999983
P23,P296,6.499999999999993
P23,P42,7.19999999999999
P23,P189,6.8999999999999915
P23,P92,6.299999999999994
P23,P47,7.599999999999989
P23,P404,7.499999999999989
P23,P432,6.499999999999993
P23,P53,5.799999999999995
P23,P402,6.999999999999991
P23,P114,7.099999999999991
P23,P73,5.099999999999998
P23,P383,7.999999999999988
P23,P487,9.699999999999982
P23,P353,7.699999999999989
P23,P347,7.39999999999999
P23,P458,13.499999999999968
P23,P380,5.899999999999995
P23,P43,7.099999999999991
P23,P446,6.799999999999992
P23,P7,5.4999999999999964
P23,P418,6.099999999999994
P23,P160,6.8999999999999915
P23,P444,7.999999999999988
P23,P139,6.999999999999991
P23,P261,5.299999999999997
P23,P241,7.599999999999989
P23,P174,5.099999999999998
P23,P154,6.8999999999999915
P23,P427,19.200000000000003
P23,P13,9.299999999999983
P23,P218,13.199999999999969
P23,P488,6.699999999999992
P23,P473,6.699999999999992
P23,P440,5.599999999999996
P23,P371,6.8999999999999915
P23,P86,7.799999999999988
P23,P232,7.499999999999989
P23,P136,8.199999999999987
P23,P265,5.899999999999995
P23,P415,6.799999999999992
P23,P253,6.399999999999993
P23,P128,6.199999999999994
P23,P63,8.999999999999984
P23,P111,7.099999999999991
P23,P105,8.099999999999987
P23,P173,5.1999999999999975
P23,P508,8.199999999999987
P23,P246,5.899999999999995
P23,P300,10.09999999999998
P23,P132,11.099999999999977
P23,P81,5.899999999999995
P23,P317,11.799999999999974
P23,P195,9.699999999999982
P23,P141,8.399999999999986
P23,P161,7.999999999999988
P23,P83,8.099999999999987
P23,P477,7.699999999999989
P23,P74,5.899999999999995
P23,P490,6.399999999999993
P23,P169,6.299999999999994
P23,P82,8.699999999999985
P23,P423,5.999999999999995
P23,P155,9.399999999999983
P23,P457,7.099999999999991
P23,P407,4.699999999999999
P23,P397,7.19999999999999
P23,P334,5.4999999999999964
P23,P176,6.399999999999993
P23,P502,9.499999999999982
P23,P480,8.999999999999984
P23,P385,8.499999999999986
P24,P377,102.19999999999847
P24,P278,2.9000000000000012
P24,P348,10.999999999999977
P24,P381,2.400000000000001
P24,P403,3.0000000000000013
P24,P190,2.800000000000001
P24,P346,3.4000000000000017
P24,P507,2.500000000000001
P24,P158,2.1000000000000005
P24,P436,5.599999999999996
P24,P269,2.400000000000001
P24,P342,4.000000000000002
P24,P337,2.800000000000001
P24,P91,5.099999999999998
P24,P371,7.29999999999999
P24,P452,5.899999999999995
P24,P147,8.599999999999985
P24,P341,5.899999999999995
P24,P179,6.699999999999992
P24,P385,4.799999999999999
P24,P30,6.199999999999994
P24,P387,4.899999999999999
P24,P481,5.799999999999995
P24,P506,6.799999999999992
P24,P212,9.89999999999998
P24,P333,6.699999999999992
P24,P140,10.599999999999978
P24,P349,7.29999999999999
P24,P146,7.599999999999989
P24,P92,6.5999999999999925
P24,P32,7.39999999999999
P24,P486,7.19999999999999
P24,P432,6.799999999999992
P24,P53,7.799999999999988
P24,P404,5.299999999999997
P24,P487,4.300000000000001
P24,P26,17.899999999999984
P24,P347,5.399999999999997
P24,P499,5.699999999999996
P24,P18,5.599999999999996
P24,P9,7.29999999999999
P24,P7,6.099999999999994
P24,P113,11.899999999999974
P24,P135,8.299999999999986
P24,P354,7.699999999999989
P24,P250,6.299999999999994
P24,P464,7.39999999999999
P24,P141,10.799999999999978
P24,P440,15.99999999999996
P24,P378,12.79999999999997
P24,P427,7.999999999999988
P24,P134,12.79999999999997
P24,P456,14.999999999999963
P24,P390,6.499999999999993
P24,P413,12.89999999999997
P24,P468,5.799999999999995
P24,P40,12.89999999999997
P24,P3,13.499999999999968
P24,P330,7.599999999999989
P24,P127,6.999999999999991
P24,P491,11.699999999999974
P24,P475,7.19999999999999
P24,P171,6.099999999999994
P24,P370,7.099999999999991
P24,P343,7.799999999999988
P24,P236,11.999999999999973
P24,P6,16.499999999999964
P24,P128,8.399999999999986
P24,P184,8.099999999999987
P24,P329,5.4999999999999964
P24,P454,5.699999999999996
P24,P242,15.99999999999996
P24,P419,7.799999999999988
P24,P200,7.699999999999989
P24,P431,7.999999999999988
P24,P358,7.099999999999991
P24,P203,4.799999999999999
P24,P80,5.399999999999997
P24,P121,12.79999999999997
P24,P36,6.8999999999999915
P24,P112,14.999999999999963
P24,P74,8.299999999999986
P24,P398,12.299999999999972
P24,P322,6.999999999999991
P24,P480,4.699999999999999
P24,P71,8.099999999999987
P24,P448,8.199999999999987
P24,P402,4.799999999999999
P24,P353,5.899999999999995
P24,P43,7.899999999999988
P24,P4,5.4999999999999964
P24,P272,5.899999999999995
P24,P396,6.999999999999991
P24,P14,7.39999999999999
P24,P76,5.899999999999995
P24,P150,5.999999999999995
P25,P112,20.40000000000002
P25,P93,7.599999999999989
P25,P211,4.699999999999999
P25,P395,8.299999999999986
P25,P359,2.500000000000001
P25,P149,2.500000000000001
P25,P343,675.200000000085
P25,P118,3.2000000000000015
P25,P97,4.000000000000002
P25,P96,4.799999999999999
P25,P375,2.600000000000001
P25,P344,2.3000000000000007
P25,P156,3.0000000000000013
P25,P307,2.800000000000001
P25,P79,2.500000000000001
P25,P485,2.2000000000000006
P25,P300,1.3
P25,P44,2.500000000000001
P25,P111,2.600000000000001
P25,P213,2.9000000000000012
P25,P417,2.2000000000000006
P25,P204,3.700000000000002
P25,P23,10.399999999999979
P25,P314,2.1000000000000005
P25,P278,5.4999999999999964
P25,P6,250.59999999999005
P25,P163,5.399999999999997
P25,P267,2.0000000000000004
P25,P164,1.6000000000000003
P25,P27,4.000000000000002
P25,P355,2.0000000000000004
P25,P381,1.5000000000000002
P25,P403,4.699999999999999
P25,P507,1.8000000000000005
P25,P158,2.0000000000000004
P25,P342,2.800000000000001
P25,P337,3.800000000000002
P25,P281,3.800000000000002
P25,P335,2.0000000000000004
P25,P258,2.0000000000000004
P25,P298,2.3000000000000007
P25,P439,3.600000000000002
P25,P309,2.3000000000000007
P25,P147,1.8000000000000005
P25,P179,2.9000000000000012
P25,P452,2.600000000000001
P25,P181,2.700000000000001
P25,P341,3.5000000000000018
P25,P217,2.800000000000001
P25,P194,3.700000000000002
P25,P481,2.500000000000001
P25,P305,5.799999999999995
P25,P327,2.600000000000001
P25,P155,4.699999999999999
P25,P212,2.2000000000000006
P25,P102,2.2000000000000006
P25,P58,7.599999999999989
P25,P191,1.6000000000000003
P25,P349,2.800000000000001
P25,P42,4.4
P25,P189,3.3000000000000016
P25,P92,6.099999999999994
P25,P432,3.600000000000002
P25,P409,2.2000000000000006
P25,P448,5.899999999999995
P25,P324,6.699999999999992
P25,P404,3.2000000000000015
P25,P53,2.800000000000001
P25,P114,3.5000000000000018
P25,P487,2.600000000000001
P25,P26,2.0000000000000004
P25,P73,2.3000000000000007
P25,P347,2.3000000000000007
P25,P458,2.0000000000000004
P25,P499,2.1000000000000005
P25,P277,3.2000000000000015
P25,P7,4.300000000000001
P25,P293,3.1000000000000014
P25,P354,2.600000000000001
P25,P115,6.499999999999993
P25,P257,5.699999999999996
P25,P427,2.9000000000000012
P25,P13,1.9000000000000006
P25,P269,5.899999999999995
P25,P250,7.499999999999989
P25,P390,3.800000000000002
P25,P440,2.3000000000000007
P25,P30,7.39999999999999
P25,P232,3.600000000000002
P25,P377,2.3000000000000007
P25,P265,2.0000000000000004
P25,P90,2.400000000000001
P25,P373,5.899999999999995
P25,P264,2.2000000000000006
P25,P498,2.500000000000001
P25,P285,2.500000000000001
P25,P464,5.399999999999997
P25,P45,10.29999999999998
P25,P275,3.600000000000002
P26,P7,2.600000000000001
P26,P427,5.899999999999995
P26,P354,2.600000000000001
P26,P250,7.899999999999988
P26,P330,5.999999999999995
P26,P487,122.7999999999973
P26,P38,4.000000000000002
P26,P387,1.9000000000000006
P26,P398,4.799999999999999
P26,P32,2.1000000000000005
P26,P486,5.699999999999996
P26,P24,17.899999999999984
P26,P18,1.6000000000000003
P26,P333,13.199999999999969
P26,P135,3.5000000000000018
P26,P464,2.600000000000001
P26,P141,4.699999999999999
P26,P440,4.4
P26,P378,2.1000000000000005
P26,P51,5.299999999999997
P26,P30,17.099999999999973
P26,P73,2.0000000000000004
P26,P134,3.1000000000000014
P26,P456,2.0000000000000004
P26,P269,18.9
P26,P40,2.2000000000000006
P26,P468,6.799999999999992
P26,P3,2.500000000000001
P26,P257,13.299999999999969
P26,P115,13.899999999999967
P26,P65,11.899999999999974
P26,P127,1.9000000000000006
P26,P491,2.0000000000000004
P26,P171,2.3000000000000007
P26,P370,2.1000000000000005
P26,P465,3.0000000000000013
P26,P246,2.2000000000000006
P26,P25,2.0000000000000004
P26,P343,2.3000000000000007
P26,P6,2.1000000000000005
P26,P75,10.599999999999978
P26,P324,12.299999999999972
P26,P329,1.6000000000000003
P26,P245,1.6000000000000003
P26,P394,2.2000000000000006
P26,P139,2.3000000000000007
P26,P154,2.500000000000001
P26,P13,2.2000000000000006
P26,P473,1.8000000000000005
P26,P201,5.999999999999995
P26,P390,2.600000000000001
P26,P232,1.6000000000000003
P26,P475,3.2000000000000015
P26,P377,2.400000000000001
P26,P265,2.0000000000000004
P26,P128,2.500000000000001
P26,P454,3.0000000000000013
P26,P200,5.999999999999995
P26,P140,1.8000000000000005
P26,P36,2.9000000000000012
P26,P74,1.5000000000000002
P26,P233,6.399999999999993
P26,P322,3.1000000000000014
P26,P332,2.400000000000001
P26,P372,14.199999999999966
P26,P152,9.099999999999984
P27,P460,1.2
P27,P256,2.800000000000001
P27,P480,2.800000000000001
P27,P8,4.300000000000001
P27,P262,8.899999999999984
P27,P162,3.600000000000002
P27,P471,2.700000000000001
P27,P45,3.1000000000000014
P27,P511,2.500000000000001
P27,P77,2.500000000000001
P27,P76,2.800000000000001
P27,P325,1.8000000000000005
P27,P378,2.800000000000001
P27,P238,2.3000000000000007
P27,P58,2.1000000000000005
P27,P110,2.800000000000001
P27,P305,6.399999999999993
P27,P51,3.3000000000000016
P27,P251,1.7000000000000004
P27,P134,5.299999999999997
P27,P456,1.9000000000000006
P27,P137,2.700000000000001
P27,P103,2.0000000000000004
P27,P40,6.199999999999994
P27,P468,2.500000000000001
P27,P324,2.400000000000001
P27,P318,2.600000000000001
P27,P65,2.2000000000000006
P27,P2,3.700000000000002
P27,P127,2.1000000000000005
P27,P491,3.0000000000000013
P27,P171,5.999999999999995
P27,P465,1.8000000000000005
P27,P246,11.099999999999977
P27,P343,1.6000000000000003
P27,P164,10.999999999999977
P27,P6,3.3000000000000016
P27,P25,4.000000000000002
P27,P75,3.900000000000002
P27,P55,2.800000000000001
P27,P245,2.9000000000000012
P27,P329,2.3000000000000007
P27,P394,3.0000000000000013
P27,P62,2.0000000000000004
P27,P242,3.2000000000000015
P27,P278,6.399999999999993
P27,P133,2.3000000000000007
P27,P419,2.600000000000001
P27,P201,3.700000000000002
P27,P431,2.1000000000000005
P27,P240,2.3000000000000007
P27,P106,3.900000000000002
P27,P68,2.1000000000000005
P27,P23,9.89999999999998
P27,P358,3.800000000000002
P27,P80,2.3000000000000007
P27,P451,2.9000000000000012
P27,P434,2.1000000000000005
P27,P284,2.2000000000000006
P27,P280,2.9000000000000012
P27,P112,2.3000000000000007
P27,P479,2.3000000000000007
P27,P89,3.600000000000002
P27,P248,3.800000000000002
P27,P374,3.700000000000002
P27,P116,15.499999999999961
P27,P199,25.700000000000095
P27,P272,2.700000000000001
P27,P314,25.40000000000009
P27,P181,2.9000000000000012
P27,P179,2.0000000000000004
P27,P452,5.299999999999997
P27,P211,2.0000000000000004
P27,P386,2.2000000000000006
P27,P481,2.400000000000001
P27,P158,3.900000000000002
P27,P344,2.800000000000001
P27,P170,8.299999999999986
P27,P395,14.699999999999964
P27,P357,19.200000000000003
P27,P380,2.1000000000000005
P27,P490,2.500000000000001
P27,P484,2.800000000000001
P27,P423,2.600000000000001
P27,P457,2.500000000000001
P27,P407,3.700000000000002
P27,P397,1.3
P27,P228,9.099999999999984
P27,P334,2.3000000000000007
P28,P197,7.29999999999999
P28,P423,7.39999999999999
P28,P361,7.29999999999999
P28,P4,6.8999999999999915
P28,P2,5.799999999999995
P28,P407,7.39999999999999
P28,P340,7.499999999999989
P28,P331,5.4999999999999964
P28,P95,6.399999999999993
P29,P245,3.1000000000000014
P29,P447,7.099999999999991
P29,P291,5.399999999999997
P29,P84,6.699999999999992
P29,P509,6.299999999999994
P29,P188,8.299999999999986
P29,P165,7.19999999999999
P29,P229,9.399999999999983
P29,P204,6.699999999999992
P29,P466,6.699999999999992
P30,P36,7.699999999999989
P30,P369,2.600000000000001
P30,P45,4.6
P30,P385,2.2000000000000006
P30,P387,3.600000000000002
P30,P24,6.199999999999994
P30,P140,8.299999999999986
P30,P32,3.2000000000000015
P30,P486,3.700000000000002
P30,P217,5.1999999999999975
P30,P481,6.299999999999994
P30,P18,7.999999999999988
P30,P506,7.499999999999989
P30,P212,4.899999999999999
P30,P135,5.699999999999996
P30,P232,15.69999999999996
P30,P464,6.999999999999991
P30,P349,7.999999999999988
P30,P141,15.499999999999961
P30,P502,5.699999999999996
P30,P440,12.399999999999972
P30,P189,6.5999999999999925
P30,P378,8.399999999999986
P30,P92,5.099999999999998
P30,P146,7.19999999999999
P30,P432,6.199999999999994
P30,P404,7.899999999999988
P30,P53,7.39999999999999
P30,P487,8.099999999999987
P30,P51,13.399999999999968
P30,P26,17.099999999999973
P30,P73,7.29999999999999
P30,P347,6.799999999999992
P30,P458,7.099999999999991
P30,P499,5.699999999999996
P30,P9,17.69999999999998
P30,P7,6.099999999999994
P30,P113,12.599999999999971
P30,P354,4.999999999999998
P30,P250,6.5999999999999925
P30,P134,10.19999999999998
P30,P456,7.099999999999991
P30,P40,33.0000000000002
P30,P468,9.299999999999983
P30,P3,6.499999999999993
P30,P65,6.399999999999993
P30,P427,7.999999999999988
P30,P127,4.6
P30,P491,13.799999999999967
P30,P171,6.799999999999992
P30,P370,5.599999999999996
P30,P390,7.799999999999988
P30,P343,6.399999999999993
P30,P25,7.39999999999999
P30,P6,7.099999999999991
P30,P236,14.699999999999964
P30,P329,6.099999999999994
P30,P330,5.599999999999996
P30,P242,14.199999999999966
P30,P475,7.499999999999989
P30,P377,7.099999999999991
P30,P142,5.999999999999995
P30,P419,9.199999999999983
P30,P505,5.099999999999998
P30,P265,9.599999999999982
P30,P431,6.999999999999991
P30,P321,8.899999999999984
P30,P358,6.5999999999999925
P30,P128,7.499999999999989
P30,P433,6.8999999999999915
P30,P203,5.299999999999997
P30,P80,6.8999999999999915
P30,P121,12.399999999999972
P30,P280,5.699999999999996
P30,P112,7.799999999999988
P30,P282,4.999999999999998
P30,P454,5.1999999999999975
P30,P200,8.699999999999985
P30,P248,14.099999999999966
P30,P374,9.199999999999983
P30,P74,6.499999999999993
P30,P470,7.799999999999988
P30,P398,11.599999999999975
P30,P71,7.499999999999989
P30,P448,8.399999999999986
P30,P322,6.999999999999991
P30,P359,6.499999999999993
P30,P264,9.499999999999982
P30,P402,5.899999999999995
P30,P326,8.099999999999987
P30,P353,5.699999999999996
P30,P480,11.399999999999975
P30,P466,7.19999999999999
P30,P43,8.399999999999986
P30,P498,6.499999999999993
P30,P396,8.099999999999987
P30,P4,7.899999999999988
P30,P489,6.5999999999999925
P30,P86,7.999999999999988
P30,P272,9.399999999999983
P30,P14,5.399999999999997
P30,P184,6.5999999999999925
P30,P76,8.899999999999984
P30,P157,8.199999999999987
P30,P150,6.299999999999994
P30,P63,8.199999999999987
P30,P130,0.6
P31,P473,199.09999999999297
P31,P197,2.700000000000001
P31,P209,6.699999999999992
P32,P420,2.1000000000000005
P32,P436,2.3000000000000007
P32,P82,4.899999999999999
P32,P486,73.20000000000012
P32,P341,1.9000000000000006
P32,P452,2.400000000000001
P32,P147,1.8000000000000005
P32,P179,1.9000000000000006
P32,P30,3.2000000000000015
P32,P481,2.700000000000001
P32,P506,2.3000000000000007
P32,P212,3.700000000000002
P32,P333,5.899999999999995
P32,P349,2.2000000000000006
P32,P146,2.700000000000001
P32,P92,3.0000000000000013
P32,P24,7.39999999999999
P32,P432,3.0000000000000013
P32,P53,1.5000000000000002
P32,P404,4.5
P32,P487,2.700000000000001
P32,P26,2.1000000000000005
P32,P347,5.299999999999997
P32,P499,2.0000000000000004
P32,P9,2.500000000000001
P32,P7,2.3000000000000007
P32,P113,7.19999999999999
P32,P354,3.1000000000000014
P32,P250,2.9000000000000012
P32,P233,10.29999999999998
P32,P427,2.500000000000001
P32,P390,2.1000000000000005
P32,P367,5.699999999999996
P32,P76,4.000000000000002
P32,P445,11.499999999999975
P32,P3,3.700000000000002
P33,P314,3.900000000000002
P33,P207,2.0000000000000004
P33,P67,8.099999999999987
P33,P322,4.100000000000001
P33,P161,3.3000000000000016
P33,P423,2.2000000000000006
P33,P51,5.4999999999999964
P33,P171,2.800000000000001
P33,P215,5.599999999999996
P33,P256,7.39999999999999
P34,P501,6.799999999999992
P34,P425,2.2000000000000006
P34,P315,5.699999999999996
P34,P388,5.899999999999995
P34,P20,8.499999999999986
P34,P173,8.199999999999987
P34,P444,11.399999999999975
P34,P88,10.999999999999977
P34,P336,2.0000000000000004
P34,P414,3.5000000000000018
P34,P389,3.900000000000002
P34,P37,6.499999999999993
P34,P57,5.099999999999998
P34,P474,8.499999999999986
P34,P509,4.999999999999998
P34,P93,5.1999999999999975
P34,P117,3.3000000000000016
P34,P86,2.1000000000000005
P34,P495,8.499999999999986
P34,P344,7.499999999999989
P34,P193,6.199999999999994
P34,P181,6.8999999999999915
P34,P452,5.399999999999997
P34,P386,5.1999999999999975
P34,P187,10.699999999999978
P34,P481,6.099999999999994
P34,P478,12.89999999999997
P34,P60,9.299999999999983
P34,P349,9.199999999999983
P34,P42,13.799999999999967
P34,P189,14.599999999999964
P34,P97,5.399999999999997
P34,P300,5.299999999999997
P34,P53,6.299999999999994
P34,P404,17.299999999999976
P34,P432,16.399999999999963
P34,P317,6.5999999999999925
P34,P114,10.499999999999979
P34,P383,15.399999999999961
P34,P204,7.999999999999988
P34,P347,6.199999999999994
P34,P337,7.29999999999999
P34,P342,10.399999999999979
P34,P83,4.699999999999999
P34,P261,5.299999999999997
P34,P241,7.999999999999988
P34,P169,5.399999999999997
P34,P155,8.699999999999985
P34,P281,6.299999999999994
P34,P488,10.19999999999998
P34,P440,6.099999999999994
P34,P232,6.8999999999999915
P34,P136,7.799999999999988
P34,P141,9.699999999999982
P34,P306,6.699999999999992
P34,P477,5.299999999999997
P34,P74,7.29999999999999
P35,P162,26.300000000000104
P35,P412,2.500000000000001
P35,P490,0.1
P35,P231,17.59999999999998
P36,P30,7.699999999999989
P36,P12,2.9000000000000012
P36,P92,4.5
P36,P427,1.9000000000000006
P36,P387,2.2000000000000006
P36,P50,3.900000000000002
P36,P398,4.799999999999999
P36,P140,113.69999999999781
P36,P378,4.000000000000002
P36,P38,4.999999999999998
P36,P348,3.2000000000000015
P36,P413,3.5000000000000018
P36,P40,3.0000000000000013
P36,P468,3.0000000000000013
P36,P104,2.600000000000001
P36,P370,4.000000000000002
P36,P233,5.399999999999997
P36,P236,3.1000000000000014
P36,P6,2.400000000000001
P36,P242,2.9000000000000012
P36,P419,2.1000000000000005
P36,P26,2.9000000000000012
P36,P358,2.600000000000001
P36,P203,2.500000000000001
P36,P80,2.600000000000001
P36,P121,3.600000000000002
P36,P24,6.8999999999999915
P36,P112,2.3000000000000007
P36,P65,7.099999999999991
P36,P333,7.39999999999999
P36,P470,1.7000000000000004
P36,P250,7.19999999999999
P36,P77,7.19999999999999
P36,P75,9.499999999999982
P36,P269,4.699999999999999
P36,P475,9.099999999999984
P36,P71,2.3000000000000007
P36,P448,2.1000000000000005
P36,P257,8.199999999999987
P36,P359,4.100000000000001
P36,P115,6.499999999999993
P36,P201,9.099999999999984
P36,P47,4.899999999999999
P36,P402,3.2000000000000015
P36,P277,2.500000000000001
P36,P353,2.500000000000001
P36,P43,2.3000000000000007
P36,P324,7.499999999999989
P36,P418,2.700000000000001
P36,P160,3.0000000000000013
P36,P164,3.4000000000000017
P36,P354,5.1999999999999975
P36,P58,9.99999999999998
P36,P396,3.2000000000000015
P36,P305,5.4999999999999964
P36,P218,2.600000000000001
P36,P434,8.999999999999984
P36,P86,1.6000000000000003
P36,P158,6.499999999999993
P36,P70,8.599999999999985
P36,P194,2.600000000000001
P36,P435,6.299999999999994
P36,P351,5.099999999999998
P37,P0,3.900000000000002
P37,P286,8.599999999999985
P37,P159,10.699999999999978
P37,P350,2.2000000000000006
P37,P364,3.0000000000000013
P37,P60,8.399999999999986
P37,P303,7.19999999999999
P37,P273,6.799999999999992
P37,P225,8.599999999999985
P37,P336,14.299999999999965
P37,P414,7.799999999999988
P37,P389,14.599999999999964
P37,P34,6.499999999999993
P37,P81,6.799999999999992
P37,P162,7.19999999999999
P37,P275,5.1999999999999975
P37,P157,8.099999999999987
P37,P126,7.19999999999999
P37,P487,6.099999999999994
P37,P432,6.8999999999999915
P38,P481,3.4000000000000017
P38,P506,2.2000000000000006
P38,P212,2.600000000000001
P38,P349,4.4
P38,P146,2.800000000000001
P38,P92,2.3000000000000007
P38,P189,4.300000000000001
P38,P432,2.700000000000001
P38,P53,4.000000000000002
P38,P26,4.000000000000002
P38,P487,4.5
P38,P499,2.3000000000000007
P38,P347,3.4000000000000017
P38,P9,3.0000000000000013
P38,P7,3.0000000000000013
P38,P354,3.600000000000002
P38,P250,3.700000000000002
P38,P233,3.2000000000000015
P38,P427,6.999999999999991
P38,P387,16.599999999999966
P38,P50,6.799999999999992
P38,P330,6.5999999999999925
P38,P398,11.799999999999974
P38,P140,16.399999999999963
P38,P128,7.099999999999991
P38,P449,8.599999999999985
P38,P18,4.699999999999999
P38,P141,13.999999999999966
P38,P200,7.499999999999989
P38,P378,11.599999999999975
P38,P36,4.999999999999998
P38,P348,8.099999999999987
P38,P40,18.19999999999999
P38,P468,8.399999999999986
P38,P104,6.099999999999994
P38,P322,6.299999999999994
P38,P370,15.499999999999961
P38,P6,14.599999999999964
P38,P419,7.19999999999999
P38,P358,14.099999999999966
P38,P80,6.999999999999991
P38,P119,5.899999999999995
P38,P290,4.300000000000001
P38,P150,6.8999999999999915
P38,P71,12.099999999999973
P38,P113,5.299999999999997
P38,P332,6.999999999999991
P38,P402,7.19999999999999
P38,P353,5.699999999999996
P38,P284,6.799999999999992
P38,P151,6.499999999999993
P39,P393,3.600000000000002
P39,P77,10.599999999999978
P39,P140,6.699999999999992
P39,P18,5.599999999999996
P39,P113,14.699999999999964
P39,P236,5.899999999999995
P39,P203,6.5999999999999925
P39,P430,13.999999999999966
P39,P457,4.799999999999999
P40,P43,10.499999999999979
P40,P470,3.0000000000000013
P40,P101,2.0000000000000004
P40,P222,3.2000000000000015
P40,P395,1.7000000000000004
P40,P329,3.4000000000000017
P40,P359,3.2000000000000015
P40,P97,3.3000000000000016
P40,P118,2.600000000000001
P40,P344,3.600000000000002
P40,P307,2.2000000000000006
P40,P300,1.7000000000000004
P40,P79,2.0000000000000004
P40,P111,3.4000000000000017
P40,P213,3.0000000000000013
P40,P278,3.1000000000000014
P40,P457,3.900000000000002
P40,P204,4.300000000000001
P40,P468,442.9000000000322
P40,P163,3.2000000000000015
P40,P267,3.2000000000000015
P40,P27,6.199999999999994
P40,P355,1.5000000000000002
P40,P381,4.999999999999998
P40,P403,3.1000000000000014
P40,P507,2.700000000000001
P40,P158,6.499999999999993
P40,P82,2.3000000000000007
P40,P305,5.799999999999995
P40,P342,3.600000000000002
P40,P337,2.2000000000000006
P40,P58,5.599999999999996
P40,P281,3.4000000000000017
P40,P335,3.900000000000002
P40,P298,2.800000000000001
P40,P439,3.0000000000000013
P40,P147,3.800000000000002
P40,P179,1.3
P40,P341,2.1000000000000005
P40,P452,3.3000000000000016
P40,P181,2.600000000000001
P40,P217,2.600000000000001
P40,P481,1.9000000000000006
P40,P194,3.3000000000000016
P40,P157,5.799999999999995
P40,P327,2.800000000000001
P40,P506,2.700000000000001
P40,P212,2.3000000000000007
P40,P102,1.5000000000000002
P40,P349,2.500000000000001
P40,P42,2.3000000000000007
P40,P189,2.0000000000000004
P40,P146,2.800000000000001
P40,P92,2.3000000000000007
P40,P115,9.599999999999982
P40,P432,2.500000000000001
P40,P257,8.299999999999986
P40,P448,2.400000000000001
P40,P404,2.3000000000000007
P40,P53,2.9000000000000012
P40,P114,2.500000000000001
P40,P487,2.400000000000001
P40,P26,2.2000000000000006
P40,P73,3.700000000000002
P40,P347,3.2000000000000015
P40,P458,3.3000000000000016
P40,P499,2.800000000000001
P40,P269,10.699999999999978
P40,P7,3.5000000000000018
P40,P113,5.1999999999999975
P40,P354,1.8000000000000005
P40,P250,5.899999999999995
P40,P30,33.0000000000002
P40,P427,1.5000000000000002
P40,P333,16.599999999999966
P40,P390,2.500000000000001
P40,P440,2.800000000000001
P40,P24,12.89999999999997
P40,P330,3.700000000000002
P40,P413,90.09999999999916
P40,P475,3.4000000000000017
P40,P128,2.700000000000001
P40,P233,13.499999999999968
P40,P454,2.700000000000001
P40,P200,2.400000000000001
P40,P141,3.700000000000002
P40,P140,1.9000000000000006
P40,P36,3.0000000000000013
P40,P398,4.100000000000001
P40,P38,18.19999999999999
P40,P322,1.6000000000000003
P40,P387,3.2000000000000015
P40,P332,2.800000000000001
P40,P80,3.2000000000000015
P40,P71,2.600000000000001
P40,P402,2.800000000000001
P40,P353,2.700000000000001
P40,P65,8.299999999999986
P40,P184,2.500000000000001
P40,P63,5.4999999999999964
P40,P112,1.6000000000000003
P40,P130,0.6
P41,P111,2.500000000000001
P41,P213,4.799999999999999
P41,P417,3.800000000000002
P41,P204,1.5000000000000002
P41,P278,11.999999999999973
P41,P314,2.1000000000000005
P41,P430,3.600000000000002
P41,P249,5.4999999999999964
P41,P351,4.999999999999998
P41,P315,2.700000000000001
P41,P20,6.299999999999994
P41,P67,15.099999999999962
P41,P377,2.0000000000000004
P41,P283,2.2000000000000006
P41,P345,3.1000000000000014
P41,P70,7.999999999999988
P41,P427,2.700000000000001
P41,P82,3.2000000000000015
P41,P205,8.199999999999987
P41,P409,7.599999999999989
P41,P155,1.9000000000000006
P41,P68,5.599999999999996
P41,P8,6.099999999999994
P41,P309,5.999999999999995
P41,P439,6.8999999999999915
P41,P258,5.599999999999996
P41,P502,2.0000000000000004
P41,P49,7.899999999999988
P41,P132,7.899999999999988
P42,P312,2.400000000000001
P42,P328,5.799999999999995
P42,P110,2.400000000000001
P42,P51,3.2000000000000015
P42,P269,7.799999999999988
P42,P134,2.0000000000000004
P42,P257,6.799999999999992
P42,P456,2.2000000000000006
P42,P103,3.4000000000000017
P42,P40,2.3000000000000007
P42,P468,2.600000000000001
P42,P3,2.500000000000001
P42,P65,2.0000000000000004
P42,P127,3.3000000000000016
P42,P491,3.600000000000002
P42,P171,1.8000000000000005
P42,P324,6.199999999999994
P42,P465,1.5000000000000002
P42,P246,2.400000000000001
P42,P25,4.4
P42,P343,2.600000000000001
P42,P6,4.200000000000001
P42,P75,2.600000000000001
P42,P58,7.19999999999999
P42,P245,2.800000000000001
P42,P329,2.700000000000001
P42,P394,3.3000000000000016
P42,P305,6.199999999999994
P42,P242,2.500000000000001
P42,P133,3.5000000000000018
P42,P201,2.600000000000001
P42,P419,2.3000000000000007
P42,P431,2.3000000000000007
P42,P70,40.70000000000031
P42,P240,1.8000000000000005
P42,P358,2.500000000000001
P42,P121,2.800000000000001
P42,P80,1.8000000000000005
P42,P280,2.700000000000001
P42,P112,2.3000000000000007
P42,P434,7.599999999999989
P42,P282,2.700000000000001
P42,P89,2.400000000000001
P42,P248,3.900000000000002
P42,P374,3.4000000000000017
P42,P68,7.799999999999988
P42,P430,2.600000000000001
P42,P8,6.5999999999999925
P42,P272,2.400000000000001
P42,P278,7.29999999999999
P42,P309,7.29999999999999
P42,P439,7.19999999999999
P42,P359,3.600000000000002
P42,P296,2.2000000000000006
P42,P23,7.19999999999999
P42,P47,2.1000000000000005
P42,P402,1.9000000000000006
P42,P335,7.599999999999989
P42,P353,3.2000000000000015
P42,P43,3.900000000000002
P42,P287,3.2000000000000015
P42,P418,2.2000000000000006
P42,P160,3.1000000000000014
P42,P79,2.0000000000000004
P42,P116,5.899999999999995
P42,P228,5.899999999999995
P42,P199,6.499999999999993
P42,P509,3.5000000000000018
P42,P314,7.499999999999989
P42,P395,6.399999999999993
P42,P86,2.9000000000000012
P42,P344,2.2000000000000006
P42,P93,5.699999999999996
P42,P117,10.899999999999977
P42,P187,3.700000000000002
P42,P60,2.400000000000001
P42,P495,10.599999999999978
P42,P34,13.799999999999967
P42,P97,3.4000000000000017
P42,P300,3.5000000000000018
P42,P317,2.400000000000001
P42,P204,3.1000000000000014
P42,P163,9.699999999999982
P42,P337,2.500000000000001
P42,P342,4.100000000000001
P42,P83,4.100000000000001
P42,P500,12.89999999999997
P42,P118,11.799999999999974
P42,P452,15.499999999999961
P42,P281,2.1000000000000005
P42,P149,9.99999999999998
P42,P391,13.999999999999966
P42,P181,10.29999999999998
P42,P347,2.800000000000001
P42,P136,2.3000000000000007
P42,P114,8.199999999999987
P42,P173,2.800000000000001
P42,P507,8.599999999999985
P42,P88,2.0000000000000004
P42,P141,1.8000000000000005
P42,P477,2.600000000000001
P42,P74,4.200000000000001
P42,P490,2.800000000000001
P42,P473,4.899999999999999
P42,P484,0.4
P43,P40,10.499999999999979
P43,P401,4.5
P43,P414,3.600000000000002
P43,P389,2.800000000000001
P43,P121,4.100000000000001
P43,P160,5.299999999999997
P43,P224,8.799999999999985
P43,P267,1.5000000000000002
P43,P381,2.0000000000000004
P43,P93,8.499999999999986
P43,P507,5.299999999999997
P43,P395,6.999999999999991
P43,P342,2.9000000000000012
P43,P249,2.800000000000001
P43,P314,6.5999999999999925
P43,P337,2.600000000000001
P43,P281,3.800000000000002
P43,P298,3.900000000000002
P43,P193,3.900000000000002
P43,P199,10.499999999999979
P43,P179,2.2000000000000006
P43,P181,2.0000000000000004
P43,P452,1.7000000000000004
P43,P386,3.0000000000000013
P43,P481,4.100000000000001
P43,P116,9.99999999999998
P43,P12,2.1000000000000005
P43,P349,3.3000000000000016
P43,P42,3.900000000000002
P43,P189,2.500000000000001
P43,P92,2.700000000000001
P43,P404,2.9000000000000012
P43,P432,4.200000000000001
P43,P53,3.600000000000002
P43,P335,5.299999999999997
P43,P73,3.5000000000000018
P43,P114,4.4
P43,P383,1.8000000000000005
P43,P487,1.9000000000000006
P43,P347,3.0000000000000013
P43,P458,1.7000000000000004
P43,P380,4.300000000000001
P43,P23,7.099999999999991
P43,P446,2.700000000000001
P43,P62,2.600000000000001
P43,P7,2.800000000000001
P43,P49,2.400000000000001
P43,P444,0.9999999999999999
P43,P139,2.600000000000001
P43,P439,4.799999999999999
P43,P261,2.2000000000000006
P43,P278,6.8999999999999915
P43,P309,6.8999999999999915
P43,P241,1.6000000000000003
P43,P479,3.700000000000002
P43,P174,3.700000000000002
P43,P154,2.500000000000001
P43,P427,3.900000000000002
P43,P8,7.19999999999999
P43,P13,2.3000000000000007
P43,P488,3.4000000000000017
P43,P68,9.599999999999982
P43,P473,2.3000000000000007
P43,P409,7.099999999999991
P43,P371,3.1000000000000014
P43,P440,1.8000000000000005
P43,P232,2.9000000000000012
P43,P330,1.9000000000000006
P43,P70,9.399999999999983
P43,P270,2.700000000000001
P43,P136,6.399999999999993
P43,P434,9.499999999999982
P43,P265,2.600000000000001
P43,P393,3.4000000000000017
P43,P415,3.900000000000002
P43,P234,2.1000000000000005
P43,P128,1.7000000000000004
P43,P184,4.000000000000002
P43,P305,8.099999999999987
P43,P454,4.000000000000002
P43,P246,3.1000000000000014
P43,P58,5.999999999999995
P43,P200,3.600000000000002
P43,P354,10.499999999999979
P43,P141,2.2000000000000006
P43,P324,6.099999999999994
P43,P36,2.3000000000000007
P43,P74,3.5000000000000018
P43,P484,2.500000000000001
P43,P47,5.799999999999995
P43,P201,7.39999999999999
P43,P115,7.19999999999999
P43,P257,8.899999999999984
P43,P475,5.1999999999999975
P43,P140,5.699999999999996
P43,P269,7.39999999999999
P43,P75,8.599999999999985
P43,P134,4.000000000000002
P43,P264,2.400000000000001
P43,P77,6.699999999999992
P43,P250,6.499999999999993
P43,P326,3.1000000000000014
P43,P480,1.7000000000000004
P43,P466,2.700000000000001
P43,P30,8.399999999999986
P43,P491,5.1999999999999975
P43,P236,3.0000000000000013
P43,P333,7.499999999999989
P43,P65,7.39999999999999
P43,P24,7.899999999999988
P43,P4,2.2000000000000006
P43,P119,2.600000000000001
P43,P272,4.200000000000001
P43,P14,4.899999999999999
P43,P378,2.0000000000000004
P43,P290,2.600000000000001
P43,P233,5.999999999999995
P43,P242,2.3000000000000007
P43,P150,3.0000000000000013
P43,P413,3.1000000000000014
P43,P6,2.0000000000000004
P43,P332,4.699999999999999
P44,P287,1.9000000000000006
P44,P125,2.9000000000000012
P44,P393,2.9000000000000012
P44,P166,3.0000000000000013
P44,P109,2.500000000000001
P44,P485,57.400000000000546
P44,P171,2.9000000000000012
P44,P79,187.29999999999364
P44,P300,223.3999999999916
P44,P25,2.500000000000001
P44,P343,1.6000000000000003
P44,P126,2.3000000000000007
P44,P6,2.800000000000001
P44,P75,1.5000000000000002
P44,P435,1.9000000000000006
P44,P55,4.5
P44,P329,2.3000000000000007
P44,P394,4.100000000000001
P44,P242,3.5000000000000018
P44,P133,3.5000000000000018
P44,P201,3.5000000000000018
P44,P419,2.400000000000001
P44,P431,6.8999999999999915
P44,P199,7.999999999999988
P44,P240,2.0000000000000004
P44,P106,2.1000000000000005
P44,P68,2.400000000000001
P44,P116,2.600000000000001
P44,P358,3.800000000000002
P44,P297,3.600000000000002
P44,P80,2.600000000000001
P44,P284,2.600000000000001
P44,P434,2.700000000000001
P44,P280,2.9000000000000012
P44,P451,2.2000000000000006
P44,P112,5.1999999999999975
P44,P395,5.599999999999996
P44,P479,2.600000000000001
P44,P492,17.899999999999984
P44,P89,2.500000000000001
P44,P459,3.5000000000000018
P44,P93,7.499999999999989
P44,P248,4.799999999999999
P44,P374,2.3000000000000007
P44,P495,6.8999999999999915
P44,P272,3.2000000000000015
P44,P83,1.8000000000000005
P44,P167,6.499999999999993
P44,P346,2.500000000000001
P44,P447,6.799999999999992
P44,P317,2.0000000000000004
P44,P21,6.399999999999993
P44,P107,2.800000000000001
P44,P306,2.1000000000000005
P44,P169,2.400000000000001
P44,P11,11.199999999999976
P44,P175,2.0000000000000004
P44,P416,2.700000000000001
P44,P61,2.700000000000001
P44,P364,9.399999999999983
P44,P368,5.1999999999999975
P44,P366,10.09999999999998
P45,P457,3.700000000000002
P45,P8,20.900000000000027
P45,P27,3.1000000000000014
P45,P30,4.6
P45,P191,4.699999999999999
P45,P404,4.799999999999999
P45,P206,2.2000000000000006
P45,P113,2.600000000000001
P45,P184,2.500000000000001
P45,P464,7.29999999999999
P45,P4,5.099999999999998
P45,P112,6.399999999999993
P45,P108,7.29999999999999
P45,P152,4.699999999999999
P45,P146,5.299999999999997
P45,P25,10.29999999999998
P46,P494,6.299999999999994
P46,P382,8.199999999999987
P46,P144,7.29999999999999
P46,P84,6.8999999999999915
P46,P156,8.099999999999987
P46,P195,8.699999999999985
P46,P492,5.299999999999997
P47,P418,12.499999999999972
P47,P86,10.19999999999998
P47,P422,3.700000000000002
P47,P492,3.0000000000000013
P47,P249,2.600000000000001
P47,P342,2.700000000000001
P47,P199,6.799999999999992
P47,P337,1.9000000000000006
P47,P281,1.7000000000000004
P47,P258,3.1000000000000014
P47,P298,1.8000000000000005
P47,P116,6.5999999999999925
P47,P193,3.1000000000000014
P47,P179,1.7000000000000004
P47,P181,4.000000000000002
P47,P452,1.9000000000000006
P47,P386,1.9000000000000006
P47,P194,3.0000000000000013
P47,P481,3.0000000000000013
P47,P1,3.1000000000000014
P47,P12,2.400000000000001
P47,P335,5.4999999999999964
P47,P191,4.699999999999999
P47,P349,2.600000000000001
P47,P42,2.1000000000000005
P47,P189,4.799999999999999
P47,P92,2.800000000000001
P47,P23,7.599999999999989
P47,P432,3.1000000000000014
P47,P404,2.700000000000001
P47,P53,2.600000000000001
P47,P114,2.2000000000000006
P47,P73,3.1000000000000014
P47,P383,2.0000000000000004
P47,P487,1.4000000000000001
P47,P458,2.400000000000001
P47,P347,4.300000000000001
P47,P439,5.799999999999995
P47,P380,2.9000000000000012
P47,P278,7.29999999999999
P47,P309,7.29999999999999
P47,P446,3.0000000000000013
P47,P7,2.500000000000001
P47,P62,2.600000000000001
P47,P49,2.2000000000000006
P47,P8,6.199999999999994
P47,P139,1.6000000000000003
P47,P444,2.800000000000001
P47,P261,2.600000000000001
P47,P241,3.5000000000000018
P47,P479,2.700000000000001
P47,P68,5.599999999999996
P47,P174,4.300000000000001
P47,P154,2.1000000000000005
P47,P409,7.699999999999989
P47,P427,1.5000000000000002
P47,P13,3.3000000000000016
P47,P473,2.3000000000000007
P47,P70,7.699999999999989
P47,P371,2.500000000000001
P47,P440,2.800000000000001
P47,P434,6.999999999999991
P47,P232,3.600000000000002
P47,P330,1.8000000000000005
P47,P270,2.700000000000001
P47,P136,2.400000000000001
P47,P265,12.499999999999972
P47,P393,3.1000000000000014
P47,P415,2.600000000000001
P47,P305,7.39999999999999
P47,P58,5.299999999999997
P47,P128,4.000000000000002
P47,P184,8.799999999999985
P47,P354,4.5
P47,P454,2.1000000000000005
P47,P246,3.0000000000000013
P47,P324,6.999999999999991
P47,P200,2.9000000000000012
P47,P141,2.700000000000001
P47,P36,4.899999999999999
P47,P74,5.099999999999998
P47,P402,7.29999999999999
P47,P277,5.599999999999996
P47,P353,7.099999999999991
P47,P484,6.5999999999999925
P47,P43,5.799999999999995
P47,P164,7.599999999999989
P47,P397,7.599999999999989
P47,P465,6.499999999999993
P47,P334,4.699999999999999
P47,P396,5.799999999999995
P47,P176,9.499999999999982
P47,P264,9.299999999999983
P47,P326,6.8999999999999915
P47,P480,7.899999999999988
P47,P466,9.799999999999981
P47,P491,6.8999999999999915
P47,P469,7.29999999999999
P47,P489,5.399999999999997
P47,P9,7.499999999999989
P47,P236,6.199999999999994
P47,P394,5.799999999999995
P47,P158,7.099999999999991
P47,P17,6.099999999999994
P47,P51,11.299999999999976
P47,P280,6.5999999999999925
P47,P157,8.199999999999987
P47,P4,7.29999999999999
P47,P63,7.29999999999999
P47,P130,6.699999999999992
P47,P272,8.599999999999985
P47,P138,13.299999999999969
P47,P14,6.999999999999991
P47,P81,6.5999999999999925
P47,P195,6.499999999999993
P47,P267,5.299999999999997
P48,P12,1.8000000000000005
P48,P206,4.5
P48,P290,2.600000000000001
P48,P260,5.599999999999996
P48,P180,8.699999999999985
P48,P286,12.499999999999972
P48,P259,10.499999999999979
P48,P275,4.899999999999999
P49,P270,5.699999999999996
P49,P124,4.100000000000001
P49,P238,2.500000000000001
P49,P262,8.899999999999984
P49,P177,2.2000000000000006
P49,P152,2.800000000000001
P49,P131,2.9000000000000012
P49,P354,6.5999999999999925
P49,P358,2.1000000000000005
P49,P58,5.4999999999999964
P49,P433,2.400000000000001
P49,P80,3.3000000000000016
P49,P121,1.9000000000000006
P49,P280,2.9000000000000012
P49,P112,2.9000000000000012
P49,P282,2.0000000000000004
P49,P305,10.799999999999978
P49,P248,2.3000000000000007
P49,P374,2.1000000000000005
P49,P434,6.399999999999993
P49,P430,3.5000000000000018
P49,P70,9.699999999999982
P49,P272,2.400000000000001
P49,P409,8.099999999999987
P49,P68,5.699999999999996
P49,P359,2.400000000000001
P49,P296,2.600000000000001
P49,P8,6.499999999999993
P49,P47,2.2000000000000006
P49,P402,2.600000000000001
P49,P278,6.5999999999999925
P49,P309,6.5999999999999925
P49,P353,3.2000000000000015
P49,P439,8.699999999999985
P49,P43,2.400000000000001
P49,P444,5.699999999999996
P49,P139,7.39999999999999
P49,P261,5.399999999999997
P49,P418,5.1999999999999975
P49,P160,5.099999999999998
P49,P241,6.399999999999993
P49,P479,7.899999999999988
P49,P164,7.499999999999989
P49,P174,6.399999999999993
P49,P154,5.299999999999997
P49,P427,15.59999999999996
P49,P13,10.599999999999978
P49,P218,15.199999999999962
P49,P488,6.999999999999991
P49,P473,9.099999999999984
P49,P440,10.499999999999979
P49,P371,5.099999999999998
P49,P232,5.999999999999995
P49,P258,6.799999999999992
P49,P86,7.999999999999988
P49,P158,5.999999999999995
P49,P136,5.699999999999996
P49,P265,8.199999999999987
P49,P393,5.799999999999995
P49,P415,6.8999999999999915
P49,P458,6.199999999999994
P49,P194,7.599999999999989
P49,P253,6.5999999999999925
P49,P128,5.299999999999997
P49,P63,7.799999999999988
P49,P111,8.399999999999986
P49,P173,8.399999999999986
P49,P105,5.799999999999995
P49,P246,7.599999999999989
P49,P508,7.899999999999988
P49,P62,6.699999999999992
P49,P300,7.899999999999988
P49,P81,6.699999999999992
P49,P317,6.799999999999992
P49,P195,5.799999999999995
P49,P267,4.100000000000001
P49,P141,7.999999999999988
P49,P477,10.899999999999977
P49,P337,9.499999999999982
P49,P342,7.19999999999999
P49,P74,9.199999999999983
P49,P161,8.899999999999984
P49,P83,7.29999999999999
P49,P490,9.199999999999983
P49,P423,5.999999999999995
P49,P169,5.799999999999995
P49,P82,6.499999999999993
P49,P457,6.299999999999994
P49,P155,4.699999999999999
P49,P407,6.699999999999992
P49,P397,7.599999999999989
P49,P334,7.699999999999989
P49,P176,7.19999999999999
P49,P480,8.399999999999986
P49,P385,9.99999999999998
P49,P502,4.6
P49,P41,7.899999999999988
P49,P132,1368.5999999998508
P50,P4,2.9000000000000012
P50,P455,1.9000000000000006
P50,P107,2.800000000000001
P50,P148,4.000000000000002
P50,P178,3.5000000000000018
P50,P243,2.500000000000001
P50,P469,4.6
P50,P38,6.799999999999992
P50,P330,1.6000000000000003
P50,P128,2.3000000000000007
P50,P449,3.700000000000002
P50,P200,2.800000000000001
P50,P36,3.900000000000002
P51,P344,3.1000000000000014
P51,P300,2.2000000000000006
P51,P111,3.0000000000000013
P51,P213,2.800000000000001
P51,P278,3.2000000000000015
P51,P457,2.2000000000000006
P51,P204,2.800000000000001
P51,P144,3.600000000000002
P51,P163,2.600000000000001
P51,P267,7.39999999999999
P51,P27,3.3000000000000016
P51,P355,2.1000000000000005
P51,P381,2.400000000000001
P51,P305,15.199999999999962
P51,P403,1.5000000000000002
P51,P58,13.199999999999969
P51,P346,4.6
P51,P507,2.1000000000000005
P51,P158,3.3000000000000016
P51,P82,6.099999999999994
P51,P342,5.899999999999995
P51,P337,5.399999999999997
P51,P281,2.500000000000001
P51,P298,5.899999999999995
P51,P439,3.0000000000000013
P51,P147,3.1000000000000014
P51,P179,3.3000000000000016
P51,P341,2.400000000000001
P51,P452,3.900000000000002
P51,P181,2.2000000000000006
P51,P217,2.3000000000000007
P51,P481,2.1000000000000005
P51,P257,13.599999999999968
P51,P327,2.500000000000001
P51,P506,2.3000000000000007
P51,P212,2.3000000000000007
P51,P102,1.9000000000000006
P51,P269,13.699999999999967
P51,P349,2.700000000000001
P51,P42,3.2000000000000015
P51,P189,2.600000000000001
P51,P92,3.900000000000002
P51,P146,2.400000000000001
P51,P432,2.9000000000000012
P51,P404,1.7000000000000004
P51,P53,2.0000000000000004
P51,P487,4.300000000000001
P51,P26,5.299999999999997
P51,P30,13.399999999999968
P51,P73,4.000000000000002
P51,P458,2.800000000000001
P51,P33,5.4999999999999964
P51,P433,2.9000000000000012
P51,P280,1.7000000000000004
P51,P374,1.9000000000000006
P51,P463,7.099999999999991
P51,P250,5.999999999999995
P51,P77,7.29999999999999
P51,P164,7.29999999999999
P51,P75,8.499999999999986
P51,P140,7.29999999999999
P51,P489,3.900000000000002
P51,P475,5.699999999999996
P51,P86,3.3000000000000016
P51,P115,5.799999999999995
P51,P498,5.799999999999995
P51,P201,5.799999999999995
P51,P17,2.400000000000001
P51,P47,11.299999999999976
P51,P184,2.2000000000000006
P51,P157,2.800000000000001
P51,P63,2.600000000000001
P51,P324,6.699999999999992
P51,P469,7.29999999999999
P51,P130,1.7000000000000004
P51,P508,2.600000000000001
P51,P265,2.9000000000000012
P51,P354,9.099999999999984
P51,P81,2.600000000000001
P51,P317,2.3000000000000007
P51,P195,1.8000000000000005
P51,P330,2.9000000000000012
P51,P161,2.500000000000001
P51,P83,4.699999999999999
P51,P427,2.700000000000001
P51,P434,5.899999999999995
P51,P155,2.800000000000001
P51,P70,6.799999999999992
P51,P205,4.899999999999999
P51,P409,5.699999999999996
P52,P339,2.500000000000001
P52,P20,5.899999999999995
P52,P311,33.80000000000021
P52,P91,2.3000000000000007
P52,P227,6.299999999999994
P52,P348,7.999999999999988
P52,P293,6.399999999999993
P52,P103,7.599999999999989
P52,P465,16.499999999999964
P52,P184,9.099999999999984
P53,P330,2.2000000000000006
P53,P38,4.000000000000002
P53,P387,2.0000000000000004
P53,P404,217.49999999999193
P53,P398,2.600000000000001
P53,P140,3.600000000000002
P53,P32,1.5000000000000002
P53,P486,2.500000000000001
P53,P24,7.799999999999988
P53,P333,6.199999999999994
P53,P18,2.500000000000001
P53,P135,4.000000000000002
P53,P464,2.1000000000000005
P53,P141,3.0000000000000013
P53,P440,2.3000000000000007
P53,P378,2.9000000000000012
P53,P30,7.39999999999999
P53,P51,2.0000000000000004
P53,P269,6.499999999999993
P53,P134,2.3000000000000007
P53,P456,4.6
P53,P40,2.9000000000000012
P53,P468,2.500000000000001
P53,P257,5.899999999999995
P53,P3,3.1000000000000014
P53,P115,7.999999999999988
P53,P65,2.0000000000000004
P53,P127,2.1000000000000005
P53,P491,2.800000000000001
P53,P171,2.1000000000000005
P53,P370,2.0000000000000004
P53,P465,2.800000000000001
P53,P246,1.8000000000000005
P53,P25,2.800000000000001
P53,P343,2.1000000000000005
P53,P6,2.700000000000001
P53,P324,5.299999999999997
P53,P75,1.8000000000000005
P53,P329,3.0000000000000013
P53,P245,2.0000000000000004
P53,P394,1.3
P53,P242,2.700000000000001
P53,P58,6.399999999999993
P53,P133,2.0000000000000004
P53,P201,3.700000000000002
P53,P419,2.2000000000000006
P53,P505,3.4000000000000017
P53,P305,11.499999999999975
P53,P431,3.600000000000002
P53,P240,4.799999999999999
P53,P358,2.3000000000000007
P53,P80,3.4000000000000017
P53,P121,2.400000000000001
P53,P280,3.1000000000000014
P53,P112,2.800000000000001
P53,P282,2.700000000000001
P53,P434,6.999999999999991
P53,P248,1.8000000000000005
P53,P70,8.099999999999987
P53,P374,2.500000000000001
P53,P430,2.700000000000001
P53,P409,6.799999999999992
P53,P68,6.699999999999992
P53,P272,3.2000000000000015
P53,P8,7.599999999999989
P53,P278,7.099999999999991
P53,P309,7.099999999999991
P53,P439,8.099999999999987
P53,P359,3.1000000000000014
P53,P296,1.9000000000000006
P53,P47,2.600000000000001
P53,P23,5.799999999999995
P53,P402,2.2000000000000006
P53,P353,2.600000000000001
P53,P432,34.900000000000226
P53,P335,7.39999999999999
P53,P43,3.600000000000002
P53,P287,3.3000000000000016
P53,P418,2.0000000000000004
P53,P160,2.800000000000001
P53,P116,7.39999999999999
P53,P228,5.299999999999997
P53,P509,2.500000000000001
P53,P199,7.799999999999988
P53,P314,9.699999999999982
P53,P395,5.299999999999997
P53,P86,4.000000000000002
P53,P344,4.000000000000002
P53,P93,4.999999999999998
P53,P117,5.099999999999998
P53,P60,2.1000000000000005
P53,P495,6.699999999999992
P53,P300,2.9000000000000012
P53,P34,6.299999999999994
P53,P317,2.400000000000001
P53,P204,2.700000000000001
P53,P342,2.800000000000001
P53,P337,2.700000000000001
P53,P83,1.7000000000000004
P53,P163,7.899999999999988
P53,P500,4.899999999999999
P53,P118,5.099999999999998
P53,P452,7.29999999999999
P53,P281,3.1000000000000014
P53,P149,3.2000000000000015
P53,P391,7.39999999999999
P53,P181,2.600000000000001
P53,P507,2.3000000000000007
P53,P261,13.09999999999997
P53,P481,5.699999999999996
P54,P363,3.700000000000002
P54,P169,3.700000000000002
P54,P498,45.00000000000037
P54,P202,7.899999999999988
P54,P244,4.799999999999999
P54,P239,5.599999999999996
P54,P146,13.699999999999967
P54,P448,5.799999999999995
P55,P470,1.9000000000000006
P55,P89,3.0000000000000013
P55,P75,0.1
P55,P222,2.800000000000001
P55,P93,4.999999999999998
P55,P211,2.800000000000001
P55,P359,5.999999999999995
P55,P395,6.399999999999993
P55,P149,1.8000000000000005
P55,P118,4.6
P55,P97,5.299999999999997
P55,P96,3.1000000000000014
P55,P375,3.4000000000000017
P55,P344,2.800000000000001
P55,P156,1.9000000000000006
P55,P435,90.79999999999912
P55,P79,2.800000000000001
P55,P485,1.8000000000000005
P55,P44,4.5
P55,P300,3.5000000000000018
P55,P111,2.1000000000000005
P55,P213,2.3000000000000007
P55,P417,3.800000000000002
P55,P204,2.600000000000001
P55,P314,2.3000000000000007
P55,P23,6.199999999999994
P55,P163,2.600000000000001
P55,P278,6.5999999999999925
P55,P267,3.3000000000000016
P55,P164,3.800000000000002
P55,P27,2.800000000000001
P55,P355,2.2000000000000006
P55,P381,2.600000000000001
P55,P403,3.1000000000000014
P55,P507,3.600000000000002
P55,P158,2.1000000000000005
P55,P342,3.700000000000002
P55,P337,2.1000000000000005
P55,P281,4.000000000000002
P55,P274,4.000000000000002
P55,P446,2.500000000000001
P55,P376,6.299999999999994
P55,P241,4.4
P55,P98,4.699999999999999
P55,P247,4.699999999999999
P55,P162,2.3000000000000007
P55,P471,2.500000000000001
P55,P443,4.4
P55,P166,6.699999999999992
P55,P421,7.39999999999999
P55,P428,7.099999999999991
P55,P251,7.899999999999988
P55,P455,7.39999999999999
P55,P207,8.599999999999985
P55,P351,7.599999999999989
P55,P100,1.9000000000000006
P56,P461,2.800000000000001
P56,P313,2.500000000000001
P56,P480,4.699999999999999
P56,P335,2.500000000000001
P56,P309,3.1000000000000014
P56,P331,1.9000000000000006
P56,P214,7.599999999999989
P56,P76,5.999999999999995
P56,P423,6.399999999999993
P56,P4,7.499999999999989
P57,P61,3.600000000000002
P57,P60,12.399999999999972
P57,P159,1.9000000000000006
P57,P350,2.9000000000000012
P57,P364,2.1000000000000005
P57,P336,2.700000000000001
P57,P414,7.699999999999989
P57,P389,13.399999999999968
P57,P273,4.4
P57,P355,5.1999999999999975
P57,P235,7.19999999999999
P57,P34,5.099999999999998
P57,P197,15.099999999999962
P57,P81,5.599999999999996
P57,P275,17.099999999999973
P57,P162,6.799999999999992
P57,P270,8.499999999999986
P57,P234,9.99999999999998
P57,P405,7.599999999999989
P57,P487,7.899999999999988
P57,P432,5.699999999999996
P58,P395,3.800000000000002
P58,P329,12.599999999999971
P58,P359,9.599999999999982
P58,P344,3.3000000000000016
P58,P300,3.0000000000000013
P58,P396,12.199999999999973
P58,P111,2.3000000000000007
P58,P213,3.1000000000000014
P58,P278,4.000000000000002
P58,P457,9.499999999999982
P58,P204,2.400000000000001
P58,P144,1.9000000000000006
P58,P110,75.59999999999998
P58,P163,2.0000000000000004
P58,P267,11.099999999999977
P58,P305,6.499999999999993
P58,P27,2.1000000000000005
P58,P355,3.1000000000000014
P58,P381,2.0000000000000004
P58,P403,6.499999999999993
P58,P51,13.199999999999969
P58,P507,5.4999999999999964
P58,P158,16.599999999999966
P58,P82,10.499999999999979
P58,P134,5.799999999999995
P58,P456,7.899999999999988
P58,P103,6.799999999999992
P58,P137,6.099999999999994
P58,P177,7.799999999999988
P58,P342,16.19999999999996
P58,P337,14.899999999999963
P58,P40,5.599999999999996
P58,P468,6.299999999999994
P58,P281,5.4999999999999964
P58,P335,8.099999999999987
P58,P258,7.599999999999989
P58,P324,5.999999999999995
P58,P298,5.699999999999996
P58,P318,7.099999999999991
P58,P439,7.599999999999989
P58,P309,8.499999999999986
P58,P65,6.999999999999991
P58,P147,9.599999999999982
P58,P452,8.299999999999986
P58,P179,6.299999999999994
P58,P127,7.899999999999988
P58,P341,8.699999999999985
P58,P491,6.999999999999991
P58,P181,8.999999999999984
P58,P217,6.5999999999999925
P58,P194,6.099999999999994
P58,P481,5.399999999999997
P58,P171,5.999999999999995
P58,P465,12.79999999999997
P58,P327,5.999999999999995
P58,P155,5.799999999999995
P58,P212,6.299999999999994
P58,P246,11.499999999999975
P58,P102,6.099999999999994
P58,P25,7.599999999999989
P58,P343,7.39999999999999
P58,P6,4.799999999999999
P58,P75,9.199999999999983
P58,P191,6.5999999999999925
P58,P349,7.899999999999988
P58,P42,7.19999999999999
P58,P189,6.5999999999999925
P58,P70,6.799999999999992
P58,P245,5.099999999999998
P58,P92,8.299999999999986
P58,P394,11.799999999999974
P58,P432,7.799999999999988
P58,P409,8.499999999999986
P58,P448,10.999999999999977
P58,P242,5.799999999999995
P58,P404,4.899999999999999
P58,P53,6.399999999999993
P58,P133,7.799999999999988
P58,P201,5.399999999999997
P58,P419,7.899999999999988
P58,P114,6.8999999999999915
P58,P487,6.999999999999991
P58,P197,4.6
P58,P505,8.699999999999985
P58,P73,7.19999999999999
P58,P347,5.699999999999996
P58,P458,5.799999999999995
P58,P431,6.799999999999992
P58,P380,7.999999999999988
P58,P240,7.699999999999989
P58,P277,15.89999999999996
P58,P7,7.099999999999991
P58,P358,9.299999999999983
P58,P49,5.4999999999999964
P58,P433,6.999999999999991
P58,P80,8.199999999999987
P58,P121,8.099999999999987
P58,P280,13.299999999999969
P58,P112,6.199999999999994
P58,P282,5.699999999999996
P58,P139,7.29999999999999
P58,P261,10.29999999999998
P58,P174,8.999999999999984
P58,P154,8.799999999999985
P58,P427,5.699999999999996
P58,P13,6.399999999999993
P58,P248,5.699999999999996
P58,P374,6.999999999999991
P58,P473,7.799999999999988
P58,P430,11.799999999999974
P58,P440,7.899999999999988
P58,P232,5.599999999999996
P58,P330,10.599999999999978
P58,P272,6.699999999999992
P58,P136,6.699999999999992
P58,P265,6.099999999999994
P58,P393,5.1999999999999975
P58,P415,5.1999999999999975
P58,P296,9.099999999999984
P58,P47,5.299999999999997
P58,P128,8.999999999999984
P58,P184,13.699999999999967
P58,P353,5.4999999999999964
P58,P454,6.799999999999992
P58,P43,5.999999999999995
P58,P200,7.599999999999989
P58,P418,14.299999999999965
P58,P160,6.999999999999991
P58,P141,7.099999999999991
P58,P164,6.199999999999994
P58,P441,5.699999999999996
P58,P36,9.99999999999998
P58,P74,5.899999999999995
P58,P218,13.799999999999967
P58,P423,6.099999999999994
P58,P397,5.1999999999999975
P58,P86,8.299999999999986
P58,P334,6.799999999999992
P58,P176,6.299999999999994
P58,P17,7.499999999999989
P58,P145,5.4999999999999964
P58,P326,6.999999999999991
P58,P480,5.599999999999996
P58,P385,6.199999999999994
P58,P63,7.099999999999991
P58,P9,6.499999999999993
P58,P105,12.89999999999997
P58,P236,7.899999999999988
P58,P62,5.999999999999995
P58,P508,6.999999999999991
P58,P130,5.999999999999995
P58,P81,8.499999999999986
P58,P317,8.799999999999985
P58,P195,5.299999999999997
P58,P161,6.5999999999999925
P58,P83,7.899999999999988
P58,P223,6.499999999999993
P58,P222,6.699999999999992
P59,P360,9.89999999999998
P59,P384,3.900000000000002
P59,P17,3.2000000000000015
P59,P475,6.499999999999993
P59,P286,15.79999999999996
P59,P477,2.800000000000001
P59,P259,5.699999999999996
P59,P264,1.2
P60,P255,2.3000000000000007
P60,P57,12.399999999999972
P60,P159,4.6
P60,P350,2.500000000000001
P60,P364,8.099999999999987
P60,P172,6.699999999999992
P60,P37,8.399999999999986
P60,P496,3.3000000000000016
P60,P336,4.100000000000001
P60,P414,2.2000000000000006
P60,P389,2.400000000000001
P60,P282,2.500000000000001
P60,P474,7.999999999999988
P60,P93,16.499999999999964
P60,P296,4.899999999999999
P60,P353,2.500000000000001
P60,P495,12.099999999999973
P60,P193,2.500000000000001
P60,P478,2.9000000000000012
P60,P34,9.299999999999983
P60,P349,3.0000000000000013
P60,P42,2.400000000000001
P60,P189,3.800000000000002
P60,P53,2.1000000000000005
P60,P404,3.3000000000000016
P60,P432,3.3000000000000016
P60,P114,2.500000000000001
P60,P383,2.0000000000000004
P60,P132,2.600000000000001
P60,P117,5.799999999999995
P60,P347,2.500000000000001
P60,P243,2.800000000000001
P60,P78,6.499999999999993
P60,P392,5.699999999999996
P61,P195,2.400000000000001
P61,P279,4.699999999999999
P61,P364,2.500000000000001
P61,P57,3.600000000000002
P61,P360,15.69999999999996
P61,P350,2.500000000000001
P61,P213,8.099999999999987
P61,P483,8.299999999999986
P61,P268,8.099999999999987
P61,P497,8.499999999999986
P61,P44,2.700000000000001
P61,P349,2.400000000000001
P61,P125,6.199999999999994
P62,P227,5.1999999999999975
P62,P308,6.399999999999993
P62,P242,75.99999999999996
P62,P204,3.4000000000000017
P62,P314,15.89999999999996
P62,P23,19.80000000000001
P62,P255,3.800000000000002
P62,P163,3.1000000000000014
P62,P278,22.50000000000005
P62,P267,2.800000000000001
P62,P27,2.0000000000000004
P62,P164,4.899999999999999
P62,P381,1.7000000000000004
P62,P403,2.0000000000000004
P62,P507,3.4000000000000017
P62,P158,1.8000000000000005
P62,P342,3.600000000000002
P62,P337,2.0000000000000004
P62,P281,4.300000000000001
P62,P335,16.19999999999996
P62,P258,7.699999999999989
P62,P298,2.9000000000000012
P62,P193,2.400000000000001
P62,P439,15.199999999999962
P62,P309,18.39999999999999
P62,P147,3.0000000000000013
P62,P179,3.2000000000000015
P62,P181,3.0000000000000013
P62,P452,4.799999999999999
P62,P341,4.799999999999999
P62,P277,5.099999999999998
P62,P434,13.299999999999969
P62,P374,1.9000000000000006
P62,P7,346.0000000000102
P62,P430,2.600000000000001
P62,P70,17.399999999999977
P62,P409,13.899999999999967
P62,P272,2.400000000000001
P62,P68,17.399999999999977
P62,P446,46.30000000000039
P62,P359,4.300000000000001
P62,P8,14.899999999999963
P62,P296,2.800000000000001
P62,P47,2.600000000000001
P62,P402,4.899999999999999
P62,P353,4.200000000000001
P62,P43,2.600000000000001
P62,P160,3.2000000000000015
P62,P418,2.9000000000000012
P62,P218,4.200000000000001
P62,P509,2.1000000000000005
P62,P116,17.49999999999998
P62,P228,18.799999999999997
P62,P199,13.899999999999967
P62,P86,3.0000000000000013
P62,P344,8.799999999999985
P62,P170,10.19999999999998
P62,P488,1.8000000000000005
P62,P473,2.9000000000000012
P62,P440,3.3000000000000016
P62,P371,2.0000000000000004
P62,P232,2.400000000000001
P62,P136,3.800000000000002
P62,P393,2.0000000000000004
P62,P415,2.500000000000001
P62,P253,2.0000000000000004
P62,P128,3.0000000000000013
P62,P173,2.500000000000001
P62,P508,130.49999999999687
P62,P246,2.800000000000001
P62,P49,6.699999999999992
P62,P141,2.600000000000001
P62,P74,3.0000000000000013
P62,P265,76.19999999999995
P62,P490,3.0000000000000013
P62,P423,3.3000000000000016
P62,P205,8.199999999999987
P62,P457,2.2000000000000006
P62,P407,2.1000000000000005
P62,P397,3.700000000000002
P62,P465,1.9000000000000006
P62,P334,2.2000000000000006
P62,P176,2.600000000000001
P62,P145,1.7000000000000004
P62,P326,3.600000000000002
P62,P480,1.9000000000000006
P62,P385,2.1000000000000005
P62,P305,6.5999999999999925
P62,P9,2.600000000000001
P62,P394,2.3000000000000007
P62,P236,4.200000000000001
P62,P58,5.999999999999995
P62,P354,6.5999999999999925
P62,P223,2.3000000000000007
P62,P222,3.1000000000000014
P63,P110,0.6
P63,P166,3.800000000000002
P63,P133,3.900000000000002
P63,P451,2.600000000000001
P63,P228,14.199999999999966
P63,P111,2.400000000000001
P63,P357,7.999999999999988
P63,P212,2.700000000000001
P63,P156,4.6
P63,P191,4.5
P63,P93,14.499999999999964
P63,P344,7.19999999999999
P63,P117,13.699999999999967
P63,P114,1.6000000000000003
P63,P132,4.300000000000001
P63,P383,5.1999999999999975
P63,P347,2.500000000000001
P63,P444,2.1000000000000005
P63,P261,3.2000000000000015
P63,P395,5.799999999999995
P63,P241,2.9000000000000012
P63,P314,8.599999999999985
P63,P154,4.4
P63,P427,2.3000000000000007
P63,P170,7.39999999999999
P63,P199,7.39999999999999
P63,P488,2.0000000000000004
P63,P473,2.700000000000001
P63,P440,2.1000000000000005
P63,P371,3.0000000000000013
P63,P116,7.699999999999989
P63,P232,1.7000000000000004
P63,P136,2.700000000000001
P63,P335,4.699999999999999
P63,P393,2.600000000000001
P63,P415,2.700000000000001
P63,P253,2.2000000000000006
P63,P128,3.1000000000000014
P63,P23,8.999999999999984
P63,P49,7.799999999999988
P63,P173,2.800000000000001
P63,P258,7.499999999999989
P63,P246,4.000000000000002
P63,P439,5.799999999999995
P63,P278,5.999999999999995
P63,P309,5.999999999999995
P63,P8,7.39999999999999
P63,P141,3.1000000000000014
P63,P68,7.999999999999988
P63,P74,3.3000000000000016
P63,P409,8.399999999999986
P63,P490,3.1000000000000014
P63,P205,5.999999999999995
P63,P423,2.800000000000001
P63,P70,7.099999999999991
P63,P457,3.600000000000002
P63,P407,2.3000000000000007
P63,P434,8.699999999999985
P63,P397,3.5000000000000018
P63,P465,2.400000000000001
P63,P334,1.8000000000000005
P63,P176,3.1000000000000014
P63,P145,3.1000000000000014
P63,P218,2.500000000000001
P63,P326,3.2000000000000015
P63,P480,4.799999999999999
P63,P385,2.2000000000000006
P63,P305,7.099999999999991
P63,P58,7.099999999999991
P63,P9,3.0000000000000013
P63,P354,5.4999999999999964
P63,P236,2.9000000000000012
P63,P394,4.4
P63,P469,6.8999999999999915
P63,P418,3.3000000000000016
P63,P324,6.5999999999999925
P63,P51,2.600000000000001
P63,P280,2.9000000000000012
P63,P4,1.6000000000000003
P63,P47,7.29999999999999
P63,P201,4.899999999999999
P63,P115,6.699999999999992
P63,P498,6.699999999999992
P63,P257,8.099999999999987
P63,P272,2.700000000000001
P63,P14,2.500000000000001
P63,P475,7.899999999999988
P63,P140,7.19999999999999
P63,P269,6.499999999999993
P63,P75,6.099999999999994
P63,P121,2.0000000000000004
P63,P77,6.499999999999993
P63,P164,6.499999999999993
P63,P250,5.599999999999996
P63,P248,3.600000000000002
P63,P76,1.9000000000000006
P63,P242,2.700000000000001
P63,P150,1.6000000000000003
P63,P30,8.199999999999987
P63,P40,5.4999999999999964
P63,P112,3.1000000000000014
P63,P3,1.5000000000000002
P64,P363,9.099999999999984
P64,P129,2.800000000000001
P64,P166,2.700000000000001
P64,P109,3.1000000000000014
P64,P126,2.800000000000001
P64,P153,6.8999999999999915
P64,P82,7.099999999999991
P64,P279,7.099999999999991
P64,P508,15.99999999999996
P64,P102,7.099999999999991
P64,P100,6.099999999999994
P64,P441,7.19999999999999
P65,P395,2.700000000000001
P65,P359,2.800000000000001
P65,P149,4.000000000000002
P65,P118,0.9999999999999999
P65,P97,3.0000000000000013
P65,P344,2.2000000000000006
P65,P307,2.0000000000000004
P65,P300,5.099999999999998
P65,P485,4.300000000000001
P65,P79,2.9000000000000012
P65,P111,2.500000000000001
P65,P213,2.500000000000001
P65,P417,2.0000000000000004
P65,P278,5.999999999999995
P65,P204,1.7000000000000004
P65,P163,1.6000000000000003
P65,P267,2.600000000000001
P65,P27,2.2000000000000006
P65,P355,2.400000000000001
P65,P381,2.500000000000001
P65,P403,5.099999999999998
P65,P507,3.4000000000000017
P65,P158,4.200000000000001
P65,P82,3.1000000000000014
P65,P342,2.400000000000001
P65,P337,4.000000000000002
P65,P281,2.500000000000001
P65,P335,1.8000000000000005
P65,P258,2.0000000000000004
P65,P305,7.39999999999999
P65,P298,3.2000000000000015
P65,P439,4.300000000000001
P65,P309,1.9000000000000006
P65,P58,6.999999999999991
P65,P147,2.1000000000000005
P65,P452,1.7000000000000004
P65,P179,2.400000000000001
P65,P341,2.3000000000000007
P65,P181,2.500000000000001
P65,P217,2.0000000000000004
P65,P194,2.400000000000001
P65,P481,3.4000000000000017
P65,P327,2.3000000000000007
P65,P212,2.1000000000000005
P65,P102,2.800000000000001
P65,P324,4.300000000000001
P65,P349,2.400000000000001
P65,P42,2.0000000000000004
P65,P189,2.700000000000001
P65,P146,2.2000000000000006
P65,P92,1.8000000000000005
P65,P432,2.700000000000001
P65,P409,2.800000000000001
P65,P448,10.599999999999978
P65,P404,1.9000000000000006
P65,P53,2.0000000000000004
P65,P114,3.0000000000000013
P65,P487,2.2000000000000006
P65,P26,11.899999999999974
P65,P73,3.600000000000002
P65,P115,9.699999999999982
P65,P347,1.8000000000000005
P65,P458,3.0000000000000013
P65,P257,8.899999999999984
P65,P499,3.4000000000000017
P65,P7,2.400000000000001
P65,P354,2.0000000000000004
P65,P269,7.899999999999988
P65,P250,8.199999999999987
P65,P427,3.800000000000002
P65,P30,6.399999999999993
P65,P390,3.2000000000000015
P65,P440,3.600000000000002
P65,P333,7.499999999999989
P65,P330,7.799999999999988
P65,P127,4.699999999999999
P65,P491,16.499999999999964
P65,P171,8.599999999999985
P65,P475,6.199999999999994
P65,P370,6.699999999999992
P65,P343,6.999999999999991
P65,P236,13.09999999999997
P65,P6,16.499999999999964
P65,P128,5.599999999999996
P65,P184,8.599999999999985
P65,P329,6.8999999999999915
P65,P242,16.29999999999996
P65,P454,9.89999999999998
P65,P419,8.199999999999987
P65,P431,7.699999999999989
P65,P200,8.599999999999985
P65,P358,5.599999999999996
P65,P141,5.4999999999999964
P65,P203,8.599999999999985
P65,P80,5.299999999999997
P65,P121,13.199999999999969
P65,P140,7.899999999999988
P65,P112,12.199999999999973
P65,P36,7.099999999999991
P65,P74,5.699999999999996
P65,P398,10.599999999999978
P65,P322,6.5999999999999925
P65,P134,7.099999999999991
P65,P480,5.699999999999996
P65,P71,5.099999999999998
P65,P113,7.29999999999999
P65,P402,5.899999999999995
P65,P353,6.5999999999999925
P65,P43,7.39999999999999
P65,P4,6.299999999999994
P65,P456,5.4999999999999964
P65,P396,8.599999999999985
P65,P272,7.699999999999989
P65,P14,5.899999999999995
P65,P76,7.19999999999999
P65,P150,7.699999999999989
P65,P40,8.299999999999986
P65,P413,6.399999999999993
P65,P3,5.399999999999997
P66,P215,2.500000000000001
P66,P360,5.4999999999999964
P66,P231,1.9000000000000006
P66,P450,14.799999999999963
P66,P274,2.600000000000001
P66,P443,12.399999999999972
P66,P315,11.099999999999977
P66,P364,10.499999999999979
P66,P412,2.500000000000001
P66,P230,2.1000000000000005
P66,P99,6.5999999999999925
P66,P359,3.1000000000000014
P67,P210,2.0000000000000004
P67,P421,6.5999999999999925
P67,P33,8.099999999999987
P67,P383,9.399999999999983
P67,P489,6.499999999999993
P67,P196,7.899999999999988
P67,P41,15.099999999999962
P67,P315,7.39999999999999
P67,P424,6.8999999999999915
P67,P377,9.299999999999983
P67,P283,5.599999999999996
P67,P345,5.799999999999995
P68,P248,6.699999999999992
P68,P438,11.399999999999975
P68,P359,9.599999999999982
P68,P149,2.0000000000000004
P68,P93,10.09999999999998
P68,P118,3.0000000000000013
P68,P97,3.3000000000000016
P68,P96,4.000000000000002
P68,P344,3.800000000000002
P68,P375,2.800000000000001
P68,P156,3.900000000000002
P68,P395,7.799999999999988
P68,P44,2.400000000000001
P68,P79,2.3000000000000007
P68,P300,9.99999999999998
P68,P485,2.800000000000001
P68,P111,2.500000000000001
P68,P199,6.699999999999992
P68,P213,2.9000000000000012
P68,P417,2.0000000000000004
P68,P204,2.3000000000000007
P68,P314,3.2000000000000015
P68,P255,1.6000000000000003
P68,P163,2.2000000000000006
P68,P267,9.299999999999983
P68,P23,5.999999999999995
P68,P27,2.1000000000000005
P68,P164,10.499999999999979
P68,P381,2.9000000000000012
P68,P403,1.7000000000000004
P68,P278,7.39999999999999
P68,P507,2.0000000000000004
P68,P158,11.099999999999977
P68,P342,9.399999999999983
P68,P337,8.799999999999985
P68,P281,9.199999999999983
P68,P335,5.599999999999996
P68,P358,5.899999999999995
P68,P258,4.699999999999999
P68,P298,6.399999999999993
P68,P80,6.5999999999999925
P68,P451,5.099999999999998
P68,P434,5.4999999999999964
P68,P280,7.099999999999991
P68,P284,8.799999999999985
P68,P193,7.39999999999999
P68,P439,6.199999999999994
P68,P112,6.199999999999994
P68,P309,5.299999999999997
P68,P282,10.09999999999998
P68,P147,4.6
P68,P425,6.099999999999994
P68,P179,5.599999999999996
P68,P452,7.499999999999989
P68,P181,7.699999999999989
P68,P386,7.599999999999989
P68,P194,13.499999999999968
P68,P481,7.599999999999989
P68,P89,6.999999999999991
P68,P327,8.199999999999987
P68,P12,7.699999999999989
P68,P212,8.299999999999986
P68,P374,8.099999999999987
P68,P191,8.099999999999987
P68,P349,8.999999999999984
P68,P42,7.799999999999988
P68,P189,8.699999999999985
P68,P430,9.299999999999983
P68,P92,6.999999999999991
P68,P432,4.899999999999999
P68,P404,5.1999999999999975
P68,P53,6.699999999999992
P68,P114,9.599999999999982
P68,P197,8.799999999999985
P68,P73,9.499999999999982
P68,P383,7.19999999999999
P68,P487,7.099999999999991
P68,P458,10.999999999999977
P68,P347,6.8999999999999915
P68,P272,5.899999999999995
P68,P380,5.599999999999996
P68,P446,9.599999999999982
P68,P62,17.399999999999977
P68,P7,7.39999999999999
P68,P277,11.799999999999974
P68,P49,5.699999999999996
P68,P139,7.899999999999988
P68,P444,7.19999999999999
P68,P296,6.199999999999994
P68,P261,6.499999999999993
P68,P241,5.799999999999995
P68,P479,4.799999999999999
P68,P47,5.599999999999996
P68,P174,5.299999999999997
P68,P402,7.39999999999999
P68,P154,6.799999999999992
P68,P427,13.09999999999997
P68,P13,6.8999999999999915
P68,P353,6.5999999999999925
P68,P488,6.299999999999994
P68,P43,9.599999999999982
P68,P473,5.899999999999995
P68,P418,11.999999999999973
P68,P371,5.1999999999999975
P68,P160,6.799999999999992
P68,P440,6.8999999999999915
P68,P232,7.499999999999989
P68,P396,10.09999999999998
P68,P270,6.999999999999991
P68,P218,12.79999999999997
P68,P136,5.799999999999995
P68,P265,13.499999999999968
P68,P496,7.899999999999988
P68,P393,6.199999999999994
P68,P415,8.099999999999987
P68,P234,6.499999999999993
P68,P345,5.799999999999995
P68,P128,9.599999999999982
P68,P86,8.199999999999987
P68,P173,6.999999999999991
P68,P246,7.899999999999988
P68,P141,5.999999999999995
P68,P63,7.999999999999988
P68,P74,5.699999999999996
P68,P105,5.999999999999995
P68,P490,7.099999999999991
P68,P508,6.999999999999991
P68,P423,7.699999999999989
P68,P81,4.999999999999998
P68,P317,6.5999999999999925
P68,P195,8.099999999999987
P68,P457,7.19999999999999
P68,P407,6.099999999999994
P68,P397,6.399999999999993
P68,P161,6.699999999999992
P68,P83,8.199999999999987
P68,P465,6.699999999999992
P68,P334,7.999999999999988
P68,P176,8.799999999999985
P68,P169,5.699999999999996
P68,P82,6.099999999999994
P68,P326,7.099999999999991
P68,P480,6.099999999999994
P68,P385,6.499999999999993
P68,P155,7.099999999999991
P68,P41,5.599999999999996
P68,P9,7.099999999999991
P68,P109,6.5999999999999925
P68,P424,4.300000000000001
P68,P499,7.699999999999989
P68,P394,6.5999999999999925
P68,P236,7.29999999999999
P69,P449,6.5999999999999925
P69,P508,5.4999999999999964
P69,P130,5.899999999999995
P69,P166,6.8999999999999915
P69,P198,4.899999999999999
P70,P81,10.599999999999978
P70,P510,1.9000000000000006
P70,P197,8.899999999999984
P70,P152,2.400000000000001
P70,P177,2.9000000000000012
P70,P318,1.9000000000000006
P70,P189,81.49999999999964
P70,P58,6.799999999999992
P70,P245,1.3
P70,P329,2.600000000000001
P70,P394,9.399999999999983
P70,P305,4.6
P70,P242,2.500000000000001
P70,P133,1.7000000000000004
P70,P201,3.0000000000000013
P70,P419,3.0000000000000013
P70,P431,3.5000000000000018
P70,P42,40.70000000000031
P70,P240,2.500000000000001
P70,P358,2.0000000000000004
P70,P121,2.500000000000001
P70,P80,1.9000000000000006
P70,P280,1.5000000000000002
P70,P112,5.1999999999999975
P70,P434,5.799999999999995
P70,P282,1.7000000000000004
P70,P89,6.699999999999992
P70,P92,6.799999999999992
P70,P409,8.799999999999985
P70,P432,5.799999999999995
P70,P248,6.399999999999993
P70,P404,6.499999999999993
P70,P53,8.099999999999987
P70,P114,11.999999999999973
P70,P73,7.099999999999991
P70,P487,8.299999999999986
P70,P383,5.399999999999997
P70,P374,9.399999999999983
P70,P458,6.399999999999993
P70,P347,5.799999999999995
P70,P380,6.499999999999993
P70,P446,8.999999999999984
P70,P430,6.099999999999994
P70,P62,17.399999999999977
P70,P7,7.499999999999989
P70,P277,14.399999999999965
P70,P49,9.699999999999982
P70,P139,7.599999999999989
P70,P261,5.1999999999999975
P70,P272,8.099999999999987
P70,P241,5.699999999999996
P70,P174,7.19999999999999
P70,P154,7.499999999999989
P70,P427,12.69999999999997
P70,P13,5.299999999999997
P70,P359,5.699999999999996
P70,P296,6.299999999999994
P70,P473,6.499999999999993
P70,P47,7.699999999999989
P70,P371,6.5999999999999925
P70,P440,6.299999999999994
P70,P402,5.699999999999996
P70,P353,5.699999999999996
P70,P232,6.499999999999993
P70,P330,11.899999999999974
P70,P43,9.399999999999983
P70,P270,8.099999999999987
P70,P418,14.099999999999966
P70,P160,7.699999999999989
P70,P136,6.299999999999994
P70,P265,13.499999999999968
P70,P164,5.599999999999996
P70,P393,9.89999999999998
P70,P415,6.199999999999994
P70,P396,5.899999999999995
P70,P234,5.999999999999995
P70,P128,11.199999999999976
P70,P218,15.59999999999996
P70,P246,6.5999999999999925
P70,P345,8.399999999999986
P70,P86,6.099999999999994
P70,P141,4.100000000000001
P70,P158,9.499999999999982
P70,P205,6.399999999999993
P70,P36,8.599999999999985
P70,P74,6.999999999999991
P70,P194,7.099999999999991
P70,P490,7.699999999999989
P70,P423,5.699999999999996
P70,P63,7.099999999999991
P70,P457,7.29999999999999
P70,P105,13.299999999999969
P70,P407,7.19999999999999
P70,P508,6.099999999999994
P70,P130,4.699999999999999
P70,P397,8.199999999999987
P70,P300,4.899999999999999
P70,P465,9.99999999999998
P70,P317,6.8999999999999915
P70,P195,4.999999999999998
P70,P334,7.699999999999989
P70,P267,6.699999999999992
P70,P176,4.699999999999999
P70,P145,6.8999999999999915
P70,P337,6.799999999999992
P70,P342,6.499999999999993
P70,P326,7.699999999999989
P70,P480,7.19999999999999
P70,P161,5.699999999999996
P70,P83,6.299999999999994
P70,P385,7.599999999999989
P70,P41,7.999999999999988
P70,P9,7.19999999999999
P70,P109,8.799999999999985
P70,P424,9.399999999999983
P70,P499,6.5999999999999925
P70,P82,9.499999999999982
P70,P236,7.19999999999999
P70,P155,7.599999999999989
P70,P51,6.799999999999992
P71,P143,2.2000000000000006
P71,P346,2.600000000000001
P71,P469,2.400000000000001
P71,P146,2.700000000000001
P71,P214,2.2000000000000006
P71,P321,34.50000000000022
P71,P131,2.1000000000000005
P71,P324,8.699999999999985
P71,P448,87.39999999999931
P71,P240,2.1000000000000005
P71,P454,2.500000000000001
P71,P246,1.8000000000000005
P71,P200,3.4000000000000017
P71,P201,8.399999999999986
P71,P115,7.599999999999989
P71,P257,6.799999999999992
P71,P141,1.7000000000000004
P71,P36,2.3000000000000007
P71,P475,7.39999999999999
P71,P74,2.600000000000001
P71,P140,7.39999999999999
P71,P269,5.999999999999995
P71,P75,5.599999999999996
P71,P77,5.4999999999999964
P71,P250,6.8999999999999915
P71,P30,7.499999999999989
P71,P322,2.700000000000001
P71,P134,4.000000000000002
P71,P333,6.8999999999999915
P71,P480,2.2000000000000006
P71,P65,5.099999999999998
P71,P24,8.099999999999987
P71,P491,2.2000000000000006
P71,P236,2.3000000000000007
P71,P233,7.29999999999999
P71,P119,2.800000000000001
P71,P14,2.600000000000001
P71,P378,2.2000000000000006
P71,P290,13.399999999999968
P71,P150,2.3000000000000007
P71,P40,2.600000000000001
P71,P38,12.099999999999973
P71,P6,2.9000000000000012
P71,P353,2.2000000000000006
P71,P284,2.0000000000000004
P72,P242,5.699999999999996
P72,P283,13.299999999999969
P72,P158,14.499999999999964
P72,P258,12.399999999999972
P72,P174,5.799999999999995
P72,P97,7.699999999999989
P73,P295,4.4
P73,P377,3.2000000000000015
P73,P138,2.1000000000000005
P73,P232,3.2000000000000015
P73,P373,2.3000000000000007
P73,P51,4.000000000000002
P73,P30,7.29999999999999
P73,P26,2.0000000000000004
P73,P134,2.9000000000000012
P73,P456,2.700000000000001
P73,P269,7.19999999999999
P73,P40,3.700000000000002
P73,P468,1.8000000000000005
P73,P3,3.0000000000000013
P73,P257,6.299999999999994
P73,P65,3.600000000000002
P73,P115,8.999999999999984
P73,P127,3.0000000000000013
P73,P491,2.600000000000001
P73,P171,2.3000000000000007
P73,P370,2.2000000000000006
P73,P465,2.2000000000000006
P73,P246,2.400000000000001
P73,P25,2.3000000000000007
P73,P343,1.8000000000000005
P73,P6,1.5000000000000002
P73,P75,1.7000000000000004
P73,P324,4.999999999999998
P73,P245,0.9999999999999999
P73,P329,1.4000000000000001
P73,P394,2.500000000000001
P73,P242,2.0000000000000004
P73,P133,1.8000000000000005
P73,P201,3.600000000000002
P73,P419,3.0000000000000013
P73,P505,3.700000000000002
P73,P58,7.19999999999999
P73,P431,1.5000000000000002
P73,P240,5.599999999999996
P73,P305,6.5999999999999925
P73,P487,118.09999999999756
P73,P358,2.3000000000000007
P73,P80,3.2000000000000015
P73,P121,2.700000000000001
P73,P197,128.79999999999697
P73,P280,3.0000000000000013
P73,P112,2.800000000000001
P73,P282,2.2000000000000006
P73,P434,7.699999999999989
P73,P248,2.700000000000001
P73,P70,7.099999999999991
P73,P374,2.9000000000000012
P73,P114,221.2999999999917
P73,P430,2.9000000000000012
P73,P409,7.499999999999989
P73,P68,9.499999999999982
P73,P383,111.89999999999792
P73,P272,2.400000000000001
P73,P8,4.899999999999999
P73,P278,6.299999999999994
P73,P309,6.299999999999994
P73,P359,2.2000000000000006
P73,P296,2.2000000000000006
P73,P439,6.999999999999991
P73,P47,3.1000000000000014
P73,P402,2.400000000000001
P73,P23,5.099999999999998
P73,P353,4.4
P73,P43,3.5000000000000018
P73,P335,6.099999999999994
P73,P287,2.500000000000001
P73,P418,3.700000000000002
P73,P160,3.0000000000000013
P73,P116,5.899999999999995
P73,P509,2.700000000000001
P73,P228,6.799999999999992
P73,P199,6.5999999999999925
P73,P86,2.9000000000000012
P73,P314,5.999999999999995
P73,P395,13.09999999999997
P73,P344,2.9000000000000012
P73,P403,1.5000000000000002
P73,P7,2.500000000000001
P73,P484,2.2000000000000006
P73,P423,2.600000000000001
P73,P457,2.0000000000000004
P74,P132,12.599999999999971
P74,P154,71.10000000000024
P74,P128,1.7000000000000004
P74,P215,8.199999999999987
P74,P256,5.1999999999999975
P74,P135,1.8000000000000005
P74,P370,2.500000000000001
P74,P233,7.39999999999999
P74,P6,4.000000000000002
P74,P242,2.2000000000000006
P74,P419,2.500000000000001
P74,P26,1.5000000000000002
P74,P358,4.4
P74,P203,5.099999999999998
P74,P80,2.800000000000001
P74,P24,8.299999999999986
P74,P65,5.699999999999996
P74,P333,9.699999999999982
P74,P30,6.499999999999993
P74,P470,2.2000000000000006
P74,P250,4.899999999999999
P74,P77,6.299999999999994
P74,P75,8.299999999999986
P74,P269,6.499999999999993
P74,P140,6.799999999999992
P74,P71,2.600000000000001
P74,P448,5.299999999999997
P74,P475,7.099999999999991
P74,P359,2.400000000000001
P74,P257,7.499999999999989
P74,P115,9.399999999999983
P74,P201,5.799999999999995
P74,P47,5.099999999999998
P74,P402,2.400000000000001
P74,P277,4.5
P74,P353,2.500000000000001
P74,P43,3.5000000000000018
P74,P324,6.099999999999994
P74,P418,2.0000000000000004
P74,P160,2.0000000000000004
P74,P164,2.800000000000001
P74,P354,6.699999999999992
P74,P58,5.899999999999995
P74,P396,4.000000000000002
P74,P305,7.39999999999999
P74,P218,1.8000000000000005
P74,P86,4.4
P74,P434,6.699999999999992
P74,P158,3.1000000000000014
P74,P70,6.999999999999991
P74,P194,1.9000000000000006
P74,P205,9.599999999999982
P74,P409,6.199999999999994
P74,P63,3.3000000000000016
P74,P68,5.699999999999996
P74,P105,1.8000000000000005
P74,P265,2.600000000000001
P74,P62,3.0000000000000013
P74,P508,2.700000000000001
P74,P8,7.899999999999988
P74,P300,2.2000000000000006
P74,P81,4.000000000000002
P74,P317,3.600000000000002
P74,P195,4.000000000000002
P74,P278,5.699999999999996
P74,P309,5.699999999999996
P74,P267,2.700000000000001
P74,P439,5.999999999999995
P74,P258,5.899999999999995
P74,P337,1.7000000000000004
P74,P342,3.600000000000002
P74,P49,9.199999999999983
P74,P161,1.6000000000000003
P74,P83,3.800000000000002
P74,P23,5.899999999999995
P74,P427,2.2000000000000006
P74,P169,4.4
P74,P82,3.0000000000000013
P74,P335,6.8999999999999915
P74,P344,6.8999999999999915
P74,P155,3.4000000000000017
P74,P116,7.499999999999989
P74,P228,6.499999999999993
P74,P246,6.499999999999993
P74,P170,7.799999999999988
P74,P199,7.799999999999988
P74,P314,8.299999999999986
P74,P395,10.699999999999978
P74,P478,3.600000000000002
P74,P189,1.7000000000000004
P74,P415,4.000000000000002
P74,P93,12.599999999999971
P74,P473,6.699999999999992
P74,P117,7.19999999999999
P74,P446,1.5000000000000002
P74,P404,3.1000000000000014
P74,P42,4.200000000000001
P74,P306,2.500000000000001
P74,P495,8.699999999999985
P74,P34,7.29999999999999
P74,P383,1.9000000000000006
P74,P149,6.699999999999992
P74,P380,1.6000000000000003
P75,P433,9.499999999999982
P75,P418,2.600000000000001
P75,P101,2.500000000000001
P75,P89,5.399999999999997
P75,P55,0.1
P75,P222,3.4000000000000017
P75,P93,6.299999999999994
P75,P211,2.0000000000000004
P75,P395,5.699999999999996
P75,P359,8.899999999999984
P75,P149,2.9000000000000012
P75,P118,1.8000000000000005
P75,P97,2.600000000000001
P75,P96,2.500000000000001
P75,P375,4.100000000000001
P75,P344,2.500000000000001
P75,P156,3.0000000000000013
P75,P79,2.800000000000001
P75,P300,3.0000000000000013
P75,P485,2.400000000000001
P75,P44,1.5000000000000002
P75,P111,2.1000000000000005
P75,P213,1.7000000000000004
P75,P417,1.7000000000000004
P75,P204,2.700000000000001
P75,P23,6.399999999999993
P75,P314,2.2000000000000006
P75,P163,2.600000000000001
P75,P278,8.399999999999986
P75,P267,3.3000000000000016
P75,P164,9.599999999999982
P75,P27,3.900000000000002
P75,P355,2.0000000000000004
P75,P381,1.9000000000000006
P75,P403,3.0000000000000013
P75,P507,1.9000000000000006
P75,P158,2.3000000000000007
P75,P342,2.9000000000000012
P75,P337,1.8000000000000005
P75,P281,2.0000000000000004
P75,P335,1.7000000000000004
P75,P258,2.500000000000001
P75,P298,1.6000000000000003
P75,P439,2.3000000000000007
P75,P193,3.800000000000002
P75,P309,2.600000000000001
P75,P147,2.2000000000000006
P75,P179,2.0000000000000004
P75,P452,2.800000000000001
P75,P181,2.9000000000000012
P75,P341,5.1999999999999975
P75,P217,2.0000000000000004
P75,P194,2.3000000000000007
P75,P481,2.800000000000001
P75,P327,1.9000000000000006
P75,P155,4.100000000000001
P75,P305,5.599999999999996
P75,P212,3.3000000000000016
P75,P102,3.1000000000000014
P75,P58,9.199999999999983
P75,P191,3.2000000000000015
P75,P349,1.9000000000000006
P75,P42,2.600000000000001
P75,P189,2.600000000000001
P75,P92,2.9000000000000012
P75,P432,4.5
P75,P409,3.700000000000002
P75,P448,12.199999999999973
P75,P404,3.800000000000002
P75,P53,1.8000000000000005
P75,P114,1.9000000000000006
P75,P324,4.799999999999999
P75,P487,2.1000000000000005
P75,P26,10.599999999999978
P75,P73,1.7000000000000004
P75,P347,2.500000000000001
P75,P458,4.000000000000002
P75,P499,3.3000000000000016
P75,P277,10.699999999999978
P75,P7,2.2000000000000006
P75,P293,2.0000000000000004
P75,P354,2.3000000000000007
P75,P115,5.4999999999999964
P75,P257,7.799999999999988
P75,P427,2.1000000000000005
P75,P13,2.600000000000001
P75,P269,6.399999999999993
P75,P473,4.5
P75,P329,6.799999999999992
P75,P390,5.399999999999997
P75,P245,16.499999999999964
P75,P394,17.099999999999973
P75,P440,5.399999999999997
P75,P242,12.099999999999973
P75,P142,5.899999999999995
P75,P419,6.499999999999993
P75,P505,6.5999999999999925
P75,P232,5.699999999999996
P75,P330,6.499999999999993
P75,P431,7.19999999999999
P75,P475,6.299999999999994
P75,P377,7.799999999999988
P75,P358,5.399999999999997
P75,P203,5.599999999999996
P75,P265,15.499999999999961
P75,P393,7.899999999999988
P75,P121,15.399999999999961
P75,P80,5.1999999999999975
P75,P280,9.099999999999984
P75,P282,6.799999999999992
P75,P112,5.899999999999995
P75,P128,7.099999999999991
P75,P248,11.399999999999975
P75,P454,9.099999999999984
P75,P374,4.4
P75,P200,6.999999999999991
P75,P77,7.099999999999991
P75,P470,8.599999999999985
P75,P141,6.199999999999994
P75,P140,6.399999999999993
P75,P36,9.499999999999982
P75,P74,8.299999999999986
P75,P71,5.599999999999996
P75,P484,7.099999999999991
P75,P113,5.299999999999997
P75,P402,6.799999999999992
P75,P353,5.799999999999995
P75,P43,8.599999999999985
P75,P134,7.099999999999991
P75,P264,6.199999999999994
P75,P326,7.099999999999991
P75,P480,5.899999999999995
P75,P466,6.699999999999992
P75,P491,6.699999999999992
P75,P469,8.999999999999984
P75,P9,7.099999999999991
P75,P498,5.599999999999996
P75,P396,4.899999999999999
P75,P236,6.5999999999999925
P75,P51,8.499999999999986
P75,P489,6.5999999999999925
P75,P86,5.099999999999998
P75,P4,5.699999999999996
P75,P17,5.099999999999998
P75,P272,7.599999999999989
P75,P14,6.199999999999994
P75,P184,9.099999999999984
P75,P157,6.8999999999999915
P75,P63,6.099999999999994
P75,P130,8.499999999999986
P75,P76,5.799999999999995
P75,P150,8.899999999999984
P75,P81,7.499999999999989
P76,P461,6.799999999999992
P76,P27,2.800000000000001
P76,P8,3.0000000000000013
P76,P335,4.100000000000001
P76,P258,2.1000000000000005
P76,P309,2.400000000000001
P76,P331,2.9000000000000012
P76,P155,2.1000000000000005
P76,P380,2.0000000000000004
P76,P321,1.6000000000000003
P76,P136,2.1000000000000005
P76,P56,5.999999999999995
P76,P412,2.3000000000000007
P76,P32,4.000000000000002
P76,P108,1.6000000000000003
P76,P419,2.400000000000001
P76,P396,2.700000000000001
P76,P329,5.399999999999997
P76,P24,5.899999999999995
P76,P65,7.19999999999999
P76,P333,9.799999999999981
P76,P184,4.100000000000001
P76,P30,8.899999999999984
P76,P157,2.0000000000000004
P76,P63,1.9000000000000006
P76,P250,5.099999999999998
P76,P77,8.499999999999986
P76,P164,8.499999999999986
P76,P130,3.900000000000002
P76,P75,5.799999999999995
P76,P265,2.3000000000000007
P76,P269,8.999999999999984
P76,P81,2.3000000000000007
P76,P140,8.099999999999987
P76,P475,1.3
P77,P207,3.900000000000002
P77,P385,2.500000000000001
P77,P39,10.599999999999978
P77,P140,8.599999999999985
P77,P27,2.500000000000001
P77,P18,3.2000000000000015
P77,P164,1475.6999999997533
P77,P113,7.899999999999988
P77,P430,6.299999999999994
P77,P311,7.29999999999999
P77,P470,6.999999999999991
P77,P75,7.099999999999991
P77,P141,7.999999999999988
P77,P36,7.19999999999999
P77,P74,6.299999999999994
P77,P71,5.4999999999999964
P77,P448,5.999999999999995
P77,P359,6.5999999999999925
P77,P245,8.299999999999986
P77,P402,6.099999999999994
P77,P353,9.89999999999998
P77,P134,4.999999999999998
P77,P264,6.499999999999993
P77,P43,6.699999999999992
P77,P326,5.1999999999999975
P77,P480,6.299999999999994
P77,P466,6.799999999999992
P77,P491,10.499999999999979
P77,P9,5.4999999999999964
P77,P498,5.099999999999998
P77,P396,5.999999999999995
P77,P236,5.1999999999999975
P77,P51,7.29999999999999
P77,P280,5.999999999999995
P77,P489,10.899999999999977
P77,P4,9.099999999999984
P77,P86,4.699999999999999
P77,P17,5.799999999999995
P77,P272,7.39999999999999
P77,P14,8.999999999999984
P77,P184,6.399999999999993
P77,P157,6.5999999999999925
P77,P121,6.099999999999994
P77,P63,6.499999999999993
P77,P248,4.899999999999999
P77,P76,8.499999999999986
P77,P242,5.099999999999998
P77,P130,8.699999999999985
P77,P150,5.4999999999999964
P77,P265,6.199999999999994
P78,P417,4.999999999999998
P78,P231,2.600000000000001
P78,P478,3.2000000000000015
P78,P487,5.899999999999995
P78,P499,2.400000000000001
P78,P347,2.600000000000001
P78,P9,4.000000000000002
P78,P7,3.5000000000000018
P78,P354,4.799999999999999
P78,P250,2.700000000000001
P78,P233,2.2000000000000006
P78,P427,2.600000000000001
P78,P428,9.599999999999982
P78,P222,5.399999999999997
P78,P235,2.2000000000000006
P78,P60,6.499999999999993
P78,P172,7.899999999999988
P78,P281,6.399999999999993
P79,P20,1.9000000000000006
P79,P170,3.1000000000000014
P79,P411,2.2000000000000006
P79,P134,1.9000000000000006
P79,P424,3.900000000000002
P79,P300,92.49999999999902
P79,P361,2.500000000000001
P79,P40,2.0000000000000004
P79,P485,177.4999999999942
P79,P324,2.1000000000000005
P79,P65,2.9000000000000012
P79,P2,2.400000000000001
P79,P491,5.399999999999997
P79,P131,3.1000000000000014
P79,P171,2.800000000000001
P79,P44,187.29999999999364
P79,P25,2.500000000000001
P79,P343,2.700000000000001
P79,P6,1.8000000000000005
P79,P126,3.800000000000002
P79,P75,2.800000000000001
P79,P55,2.800000000000001
P79,P435,3.0000000000000013
P79,P329,1.9000000000000006
P79,P394,3.0000000000000013
P79,P242,2.800000000000001
P79,P133,2.1000000000000005
P79,P201,2.600000000000001
P79,P419,3.3000000000000016
P79,P199,12.99999999999997
P79,P431,2.800000000000001
P79,P240,1.8000000000000005
P79,P106,2.800000000000001
P79,P68,2.3000000000000007
P79,P116,12.79999999999997
P79,P358,2.500000000000001
P79,P297,2.9000000000000012
P79,P80,2.600000000000001
P79,P284,2.400000000000001
P79,P434,3.1000000000000014
P79,P280,2.0000000000000004
P79,P451,2.400000000000001
P79,P112,2.500000000000001
P79,P395,10.399999999999979
P79,P479,2.0000000000000004
P79,P89,2.400000000000001
P79,P459,2.800000000000001
P79,P492,5.999999999999995
P79,P93,11.899999999999974
P79,P248,4.699999999999999
P79,P374,2.3000000000000007
P79,P495,11.299999999999976
P79,P272,3.3000000000000016
P79,P296,4.4
P79,P500,13.599999999999968
P79,P353,1.9000000000000006
P79,P118,11.499999999999975
P79,P418,3.1000000000000014
P79,P417,2.2000000000000006
P79,P204,3.600000000000002
P79,P163,3.900000000000002
P79,P273,2.600000000000001
P79,P381,3.3000000000000016
P79,P507,1.7000000000000004
P79,P249,3.4000000000000017
P79,P342,3.800000000000002
P79,P337,1.9000000000000006
P79,P281,2.3000000000000007
P79,P298,1.6000000000000003
P79,P193,2.1000000000000005
P79,P314,8.199999999999987
P79,P179,2.800000000000001
P79,P181,1.7000000000000004
P79,P452,4.000000000000002
P79,P386,3.0000000000000013
P79,P481,3.5000000000000018
P79,P12,3.2000000000000015
P79,P349,2.400000000000001
P79,P42,2.0000000000000004
P79,P189,1.6000000000000003
P79,P92,0.9999999999999999
P79,P208,220.39999999999176
P79,P308,5.799999999999995
P79,P91,6.299999999999994
P79,P366,7.599999999999989
P79,P368,8.399999999999986
P79,P217,7.699999999999989
P79,P207,5.599999999999996
P80,P434,281.3999999999955
P80,P112,27.300000000000118
P80,P358,107.39999999999817
P80,P284,233.799999999991
P80,P297,205.19999999999263
P80,P359,2.600000000000001
P80,P149,2.9000000000000012
P80,P118,2.400000000000001
P80,P97,3.2000000000000015
P80,P93,6.699999999999992
P80,P96,2.500000000000001
P80,P344,1.7000000000000004
P80,P375,3.4000000000000017
P80,P156,2.0000000000000004
P80,P395,9.99999999999998
P80,P79,2.600000000000001
P80,P44,2.600000000000001
P80,P300,2.600000000000001
P80,P485,5.099999999999998
P80,P111,3.900000000000002
P80,P417,2.2000000000000006
P80,P199,4.999999999999998
P80,P204,2.800000000000001
P80,P116,6.499999999999993
P80,P314,2.700000000000001
P80,P255,2.0000000000000004
P80,P163,2.2000000000000006
P80,P267,2.400000000000001
P80,P27,2.3000000000000007
P80,P164,4.000000000000002
P80,P381,3.2000000000000015
P80,P23,7.39999999999999
P80,P403,2.400000000000001
P80,P507,4.5
P80,P278,7.19999999999999
P80,P158,3.1000000000000014
P80,P342,1.9000000000000006
P80,P337,1.5000000000000002
P80,P281,2.3000000000000007
P80,P335,2.600000000000001
P80,P258,2.9000000000000012
P80,P298,1.7000000000000004
P80,P68,6.5999999999999925
P80,P193,2.500000000000001
P80,P439,2.500000000000001
P80,P309,4.100000000000001
P80,P147,4.200000000000001
P80,P179,2.600000000000001
P80,P452,3.700000000000002
P80,P181,3.0000000000000013
P80,P386,2.800000000000001
P80,P217,5.299999999999997
P80,P481,4.5
P80,P194,2.2000000000000006
P80,P121,259.7999999999906
P80,P327,4.200000000000001
P80,P12,3.4000000000000017
P80,P212,2.9000000000000012
P80,P191,2.700000000000001
P80,P349,2.500000000000001
P80,P42,1.8000000000000005
P80,P70,1.9000000000000006
P80,P189,5.1999999999999975
P80,P92,2.400000000000001
P80,P409,3.2000000000000015
P80,P432,2.700000000000001
P80,P404,1.9000000000000006
P80,P53,3.4000000000000017
P80,P114,2.1000000000000005
P80,P197,2.3000000000000007
P80,P73,3.2000000000000015
P80,P487,5.599999999999996
P80,P458,1.7000000000000004
P80,P347,2.500000000000001
P80,P380,1.7000000000000004
P80,P277,2.3000000000000007
P80,P7,3.0000000000000013
P80,P305,6.199999999999994
P80,P49,3.3000000000000016
P80,P58,8.199999999999987
P80,P139,4.899999999999999
P80,P354,7.39999999999999
P80,P174,2.800000000000001
P80,P427,1.6000000000000003
P80,P154,2.3000000000000007
P80,P324,9.699999999999982
P80,P13,2.400000000000001
P80,P473,2.700000000000001
P80,P440,5.1999999999999975
P80,P201,8.099999999999987
P80,P115,5.899999999999995
P80,P232,1.8000000000000005
P80,P257,5.099999999999998
P80,P330,2.600000000000001
P80,P475,3.3000000000000016
P80,P269,8.699999999999985
P80,P265,2.3000000000000007
P80,P393,1.7000000000000004
P80,P75,5.1999999999999975
P80,P250,5.599999999999996
P80,P128,3.0000000000000013
P80,P30,6.8999999999999915
P80,P454,2.1000000000000005
P80,P200,3.3000000000000016
P80,P333,5.299999999999997
P80,P141,2.700000000000001
P80,P65,5.299999999999997
P80,P140,2.0000000000000004
P80,P24,5.399999999999997
P80,P203,21.20000000000003
P80,P36,2.600000000000001
P80,P74,2.800000000000001
P80,P398,2.400000000000001
P80,P322,2.600000000000001
P80,P233,7.39999999999999
P80,P134,2.0000000000000004
P80,P370,2.9000000000000012
P80,P38,6.999999999999991
P80,P119,4.799999999999999
P80,P378,3.2000000000000015
P80,P290,4.000000000000002
P80,P40,3.2000000000000015
P80,P332,3.900000000000002
P80,P151,2.400000000000001
P80,P468,4.200000000000001
P81,P70,10.599999999999978
P81,P286,9.299999999999983
P81,P259,2.500000000000001
P81,P360,13.599999999999968
P81,P350,2.2000000000000006
P81,P37,6.799999999999992
P81,P57,5.599999999999996
P81,P474,5.799999999999995
P81,P194,2.0000000000000004
P81,P187,3.700000000000002
P81,P393,2.500000000000001
P81,P415,2.2000000000000006
P81,P253,3.2000000000000015
P81,P128,2.9000000000000012
P81,P335,9.199999999999983
P81,P344,9.199999999999983
P81,P173,2.700000000000001
P81,P246,3.3000000000000016
P81,P23,5.899999999999995
P81,P49,6.699999999999992
P81,P132,6.699999999999992
P81,P258,4.799999999999999
P81,P439,5.899999999999995
P81,P141,2.700000000000001
P81,P278,6.199999999999994
P81,P309,6.199999999999994
P81,P74,4.000000000000002
P81,P8,7.999999999999988
P81,P490,2.700000000000001
P81,P423,2.800000000000001
P81,P68,4.999999999999998
P81,P409,7.499999999999989
P81,P457,1.4000000000000001
P81,P205,6.799999999999992
P81,P407,4.200000000000001
P81,P397,2.3000000000000007
P81,P465,2.3000000000000007
P81,P334,4.000000000000002
P81,P176,2.0000000000000004
P81,P434,10.399999999999979
P81,P145,3.0000000000000013
P81,P218,1.9000000000000006
P81,P326,3.1000000000000014
P81,P480,2.700000000000001
P81,P385,5.4999999999999964
P81,P9,2.700000000000001
P81,P109,2.1000000000000005
P81,P236,2.500000000000001
P81,P394,3.0000000000000013
P81,P305,7.499999999999989
P81,P418,1.3
P81,P58,8.499999999999986
P81,P51,2.600000000000001
P81,P280,4.899999999999999
P81,P354,6.099999999999994
P81,P105,3.3000000000000016
P81,P469,6.5999999999999925
P81,P324,5.999999999999995
P81,P272,3.800000000000002
P81,P138,2.3000000000000007
P81,P14,2.400000000000001
P81,P47,6.5999999999999925
P81,P201,5.799999999999995
P81,P115,8.099999999999987
P81,P498,8.099999999999987
P81,P257,5.599999999999996
P81,P121,2.800000000000001
P81,P475,6.799999999999992
P81,P140,7.39999999999999
P81,P248,2.0000000000000004
P81,P76,2.3000000000000007
P81,P242,2.400000000000001
P81,P269,7.499999999999989
P81,P150,2.500000000000001
P81,P75,7.499999999999989
P82,P143,9.299999999999983
P82,P32,4.899999999999999
P82,P141,5.1999999999999975
P82,P440,5.299999999999997
P82,P378,2.3000000000000007
P82,P110,2.9000000000000012
P82,P51,6.099999999999994
P82,P58,10.499999999999979
P82,P134,4.000000000000002
P82,P456,2.500000000000001
P82,P103,2.0000000000000004
P82,P137,3.3000000000000016
P82,P177,2.0000000000000004
P82,P305,13.299999999999969
P82,P468,2.600000000000001
P82,P40,2.3000000000000007
P82,P324,2.400000000000001
P82,P318,3.0000000000000013
P82,P65,3.1000000000000014
P82,P2,3.4000000000000017
P82,P127,2.800000000000001
P82,P491,1.9000000000000006
P82,P171,5.399999999999997
P82,P465,2.400000000000001
P82,P153,5.699999999999996
P82,P64,7.099999999999991
P82,P279,2.800000000000001
P82,P508,2.1000000000000005
P82,P224,6.5999999999999925
P82,P117,5.099999999999998
P82,P473,5.399999999999997
P82,P371,2.500000000000001
P82,P162,3.0000000000000013
P82,P93,7.499999999999989
P82,P232,2.400000000000001
P82,P169,50.90000000000045
P82,P136,4.300000000000001
P82,P395,6.8999999999999915
P82,P314,8.199999999999987
P82,P415,4.300000000000001
P82,P253,2.2000000000000006
P82,P170,7.099999999999991
P82,P199,7.099999999999991
P82,P228,8.099999999999987
P82,P173,1.6000000000000003
P82,P116,5.099999999999998
P82,P246,1.9000000000000006
P82,P335,7.499999999999989
P82,P344,7.499999999999989
P82,P477,2.3000000000000007
P82,P74,3.0000000000000013
P82,P490,1.4000000000000001
P82,P23,8.699999999999985
P82,P423,2.0000000000000004
P82,P49,6.499999999999993
P82,P132,6.499999999999993
P82,P258,7.499999999999989
P82,P457,2.2000000000000006
P82,P439,7.099999999999991
P82,P278,5.599999999999996
P82,P309,5.599999999999996
P82,P407,1.8000000000000005
P82,P397,1.9000000000000006
P82,P8,6.399999999999993
P82,P334,3.3000000000000016
P82,P176,1.6000000000000003
P82,P218,2.2000000000000006
P82,P68,6.099999999999994
P82,P326,2.2000000000000006
P82,P480,3.0000000000000013
P82,P409,5.299999999999997
P82,P385,3.0000000000000013
P82,P205,6.299999999999994
P82,P41,3.2000000000000015
P82,P9,4.300000000000001
P82,P109,2.500000000000001
P82,P424,1.6000000000000003
P82,P499,2.3000000000000007
P82,P70,9.499999999999982
P82,P394,3.800000000000002
P82,P236,1.8000000000000005
P82,P418,4.999999999999998
P82,P434,4.999999999999998
P82,P427,42.00000000000033
P82,P105,2.500000000000001
P82,P223,3.2000000000000015
P82,P222,2.700000000000001
P83,P245,5.799999999999995
P83,P10,1.8000000000000005
P83,P1,3.1000000000000014
P83,P170,9.299999999999983
P83,P167,6.5999999999999925
P83,P44,1.8000000000000005
P83,P117,10.799999999999978
P83,P391,10.09999999999998
P83,P344,8.199999999999987
P83,P417,2.400000000000001
P83,P97,2.800000000000001
P83,P507,5.399999999999997
P83,P281,2.500000000000001
P83,P298,1.8000000000000005
P83,P181,2.600000000000001
P83,P481,2.600000000000001
P83,P452,6.699999999999992
P83,P118,6.799999999999992
P83,P500,7.29999999999999
P83,P42,4.100000000000001
P83,P189,3.1000000000000014
P83,P163,6.8999999999999915
P83,P53,1.7000000000000004
P83,P404,1.8000000000000005
P83,P432,4.100000000000001
P83,P114,2.600000000000001
P83,P383,1.7000000000000004
P83,P347,4.5
P83,P34,4.699999999999999
P83,P495,7.699999999999989
P83,P444,2.3000000000000007
P83,P261,3.700000000000002
P83,P241,2.600000000000001
P83,P427,2.9000000000000012
P83,P93,6.999999999999991
P83,P488,2.400000000000001
P83,P473,2.3000000000000007
P83,P440,5.599999999999996
P83,P371,2.1000000000000005
P83,P395,5.699999999999996
P83,P232,3.1000000000000014
P83,P314,7.099999999999991
P83,P136,2.700000000000001
P83,P199,6.999999999999991
P83,P393,2.800000000000001
P83,P415,2.500000000000001
P83,P228,5.399999999999997
P83,P253,3.600000000000002
P83,P116,6.999999999999991
P83,P173,3.5000000000000018
P83,P246,4.100000000000001
P83,P335,4.999999999999998
P83,P161,169.79999999999464
P83,P141,2.700000000000001
P83,P23,8.099999999999987
P83,P477,3.0000000000000013
P83,P74,3.800000000000002
P83,P49,7.29999999999999
P83,P132,7.29999999999999
P83,P258,6.8999999999999915
P83,P490,3.5000000000000018
P83,P439,8.499999999999986
P83,P278,7.099999999999991
P83,P309,7.099999999999991
P83,P423,2.9000000000000012
P83,P457,5.599999999999996
P83,P8,7.599999999999989
P83,P407,2.3000000000000007
P83,P397,2.500000000000001
P83,P68,8.199999999999987
P83,P465,3.2000000000000015
P83,P334,6.299999999999994
P83,P409,8.399999999999986
P83,P176,2.400000000000001
P83,P205,5.599999999999996
P83,P218,2.700000000000001
P83,P326,5.999999999999995
P83,P480,2.3000000000000007
P83,P70,6.299999999999994
P83,P385,2.3000000000000007
P83,P434,8.999999999999984
P83,P9,3.4000000000000017
P83,P109,2.500000000000001
P83,P236,2.400000000000001
P83,P394,2.600000000000001
P83,P418,3.900000000000002
P83,P51,4.699999999999999
P83,P105,1.9000000000000006
P83,P305,8.899999999999984
P83,P58,7.899999999999988
P83,P354,8.399999999999986
P83,P469,6.299999999999994
P83,P272,3.3000000000000016
P83,P14,2.500000000000001
P83,P324,6.199999999999994
P84,P86,1.8000000000000005
P84,P271,7.999999999999988
P84,P382,2.0000000000000004
P84,P467,5.799999999999995
P84,P494,5.899999999999995
P84,P46,6.8999999999999915
P84,P345,2.600000000000001
P84,P178,8.299999999999986
P84,P29,6.699999999999992
P84,P252,9.599999999999982
P84,P363,6.999999999999991
P84,P217,5.799999999999995
P84,P165,3.0000000000000013
P84,P229,3.4000000000000017
P84,P379,4.300000000000001
P84,P285,4.999999999999998
P85,P447,102.69999999999844
P85,P11,4.000000000000002
P85,P466,3.600000000000002
P85,P176,2.600000000000001
P85,P477,2.400000000000001
P85,P175,5.699999999999996
P85,P167,12.89999999999997
P85,P149,5.299999999999997
P85,P296,2.9000000000000012
P85,P101,5.4999999999999964
P85,P226,15.59999999999996
P85,P317,2.500000000000001
P85,P107,4.699999999999999
P85,P306,2.0000000000000004
P85,P169,2.500000000000001
P85,P21,5.699999999999996
P85,P5,5.799999999999995
P85,P1,5.799999999999995
P86,P84,1.8000000000000005
P86,P47,10.19999999999998
P86,P482,2.800000000000001
P86,P16,6.099999999999994
P86,P495,14.499999999999964
P86,P296,2.700000000000001
P86,P156,75.69999999999997
P86,P500,13.699999999999967
P86,P118,13.09999999999997
P86,P353,2.700000000000001
P86,P418,5.099999999999998
P86,P300,2.500000000000001
P86,P163,10.19999999999998
P86,P507,2.600000000000001
P86,P342,3.4000000000000017
P86,P249,2.400000000000001
P86,P337,2.9000000000000012
P86,P281,4.699999999999999
P86,P298,2.9000000000000012
P86,P34,2.1000000000000005
P86,P193,2.700000000000001
P86,P181,3.0000000000000013
P86,P179,1.7000000000000004
P86,P452,4.000000000000002
P86,P386,2.0000000000000004
P86,P481,2.500000000000001
P86,P117,7.499999999999989
P86,P93,6.199999999999994
P86,P349,2.600000000000001
P86,P42,2.9000000000000012
P86,P189,5.599999999999996
P86,P53,4.000000000000002
P86,P404,2.9000000000000012
P86,P432,5.399999999999997
P86,P395,7.29999999999999
P86,P314,7.39999999999999
P86,P114,2.3000000000000007
P86,P73,2.9000000000000012
P86,P383,2.3000000000000007
P86,P347,2.400000000000001
P86,P380,2.3000000000000007
P86,P7,1.8000000000000005
P86,P62,3.0000000000000013
P86,P199,7.499999999999989
P86,P228,6.299999999999994
P86,P444,2.1000000000000005
P86,P258,10.499999999999979
P86,P261,5.1999999999999975
P86,P116,5.4999999999999964
P86,P241,3.900000000000002
P86,P479,2.9000000000000012
P86,P174,2.400000000000001
P86,P154,2.9000000000000012
P86,P427,4.699999999999999
P86,P13,3.700000000000002
P86,P488,2.3000000000000007
P86,P473,1.8000000000000005
P86,P335,7.599999999999989
P86,P440,2.700000000000001
P86,P371,3.2000000000000015
P86,P23,7.799999999999988
P86,P232,1.9000000000000006
P86,P49,7.999999999999988
P86,P136,2.400000000000001
P86,P439,7.39999999999999
P86,P265,1.4000000000000001
P86,P278,7.499999999999989
P86,P309,7.499999999999989
P86,P393,3.1000000000000014
P86,P415,4.4
P86,P8,6.8999999999999915
P86,P128,2.600000000000001
P86,P68,8.199999999999987
P86,P246,3.3000000000000016
P86,P409,5.699999999999996
P86,P70,6.099999999999994
P86,P141,2.800000000000001
P86,P205,2.0000000000000004
P86,P441,3.3000000000000016
P86,P36,1.6000000000000003
P86,P74,4.4
P86,P434,7.099999999999991
P86,P423,2.800000000000001
P86,P457,5.299999999999997
P86,P305,6.299999999999994
P86,P397,2.800000000000001
P86,P58,8.299999999999986
P86,P354,8.399999999999986
P86,P465,4.200000000000001
P86,P334,2.1000000000000005
P86,P176,2.500000000000001
P86,P218,1.6000000000000003
P86,P324,9.499999999999982
P86,P326,3.3000000000000016
P86,P480,4.799999999999999
P86,P491,2.400000000000001
P86,P469,2.600000000000001
P86,P9,2.0000000000000004
P86,P236,2.0000000000000004
P86,P394,4.000000000000002
P86,P201,7.599999999999989
P86,P115,6.099999999999994
P86,P498,6.099999999999994
P86,P257,6.199999999999994
P86,P51,3.3000000000000016
P86,P280,3.800000000000002
P86,P475,6.099999999999994
P86,P140,6.999999999999991
P86,P269,8.799999999999985
P86,P75,5.099999999999998
P86,P4,2.3000000000000007
P86,P77,4.699999999999999
P86,P164,4.699999999999999
P86,P250,7.499999999999989
P86,P30,7.999999999999988
P86,P282,3.0000000000000013
P86,P248,2.400000000000001
P86,P463,6.499999999999993
P86,P230,8.199999999999987
P87,P162,10.19999999999998
P87,P386,2.700000000000001
P87,P220,6.799999999999992
P87,P369,3.2000000000000015
P87,P469,5.299999999999997
P87,P320,1.6000000000000003
P88,P344,1.7000000000000004
P88,P396,2.700000000000001
P88,P164,2.700000000000001
P88,P34,10.999999999999977
P88,P425,2.9000000000000012
P88,P20,8.099999999999987
P88,P388,5.699999999999996
P88,P444,2.600000000000001
P88,P501,7.799999999999988
P88,P227,3.800000000000002
P88,P238,6.799999999999992
P88,P384,3.3000000000000016
P88,P2,1.6000000000000003
P88,P100,2.0000000000000004
P88,P16,5.1999999999999975
P88,P122,7.999999999999988
P88,P179,5.599999999999996
P88,P495,6.099999999999994
P88,P42,2.0000000000000004
P88,P306,2.800000000000001
P88,P149,9.299999999999983
P88,P383,2.3000000000000007
P88,P141,0.9999999999999999
P88,P380,4.699999999999999
P88,P507,6.299999999999994
P88,P481,2.500000000000001
P88,P163,10.399999999999979
P88,P261,3.2000000000000015
P89,P411,0.7999999999999999
P89,P104,3.3000000000000016
P89,P208,1.6000000000000003
P89,P75,5.399999999999997
P89,P55,3.0000000000000013
P89,P435,2.1000000000000005
P89,P419,2.9000000000000012
P89,P106,2.800000000000001
P89,P240,2.600000000000001
P89,P117,5.899999999999995
P89,P116,7.599999999999989
P89,P284,3.4000000000000017
P89,P297,3.2000000000000015
P89,P358,3.800000000000002
P89,P112,2.600000000000001
P89,P479,2.2000000000000006
P89,P500,8.199999999999987
P89,P495,27.40000000000012
P89,P391,1.9000000000000006
P89,P459,129.59999999999692
P89,P149,2.2000000000000006
P89,P118,2.700000000000001
P89,P97,3.0000000000000013
P89,P96,2.700000000000001
P89,P375,2.600000000000001
P89,P344,2.700000000000001
P89,P156,5.599999999999996
P89,P93,10.09999999999998
P89,P79,2.400000000000001
P89,P44,2.500000000000001
P89,P492,4.100000000000001
P89,P300,2.3000000000000007
P89,P485,1.6000000000000003
P89,P395,6.5999999999999925
P89,P417,4.5
P89,P204,3.0000000000000013
P89,P199,7.099999999999991
P89,P314,2.600000000000001
P89,P255,2.2000000000000006
P89,P163,2.500000000000001
P89,P267,4.300000000000001
P89,P27,3.600000000000002
P89,P381,2.800000000000001
P89,P403,2.600000000000001
P89,P507,2.600000000000001
P89,P23,5.999999999999995
P89,P158,3.3000000000000016
P89,P249,2.500000000000001
P89,P342,2.400000000000001
P89,P337,2.9000000000000012
P89,P278,7.699999999999989
P89,P281,2.1000000000000005
P89,P335,1.4000000000000001
P89,P258,2.0000000000000004
P89,P298,2.2000000000000006
P89,P193,2.9000000000000012
P89,P439,1.9000000000000006
P89,P309,2.700000000000001
P89,P147,3.1000000000000014
P89,P425,1.9000000000000006
P89,P179,3.0000000000000013
P89,P452,2.800000000000001
P89,P181,2.1000000000000005
P89,P386,2.700000000000001
P89,P194,2.2000000000000006
P89,P481,2.400000000000001
P89,P68,6.999999999999991
P89,P327,2.700000000000001
P89,P12,2.500000000000001
P89,P212,2.500000000000001
P89,P191,3.600000000000002
P89,P349,3.800000000000002
P89,P42,2.400000000000001
P89,P189,2.500000000000001
P89,P70,6.699999999999992
P89,P92,2.2000000000000006
P89,P409,2.600000000000001
P89,P432,3.5000000000000018
P89,P446,3.600000000000002
P89,P241,4.4
P89,P499,11.699999999999974
P89,P471,6.999999999999991
P89,P490,6.999999999999991
P89,P2,7.799999999999988
P89,P274,8.099999999999987
P89,P4,6.199999999999994
P89,P416,6.499999999999993
P90,P278,1.8000000000000005
P90,P298,1.7000000000000004
P90,P368,2.400000000000001
P90,P445,2.1000000000000005
P90,P157,2.500000000000001
P90,P178,3.4000000000000017
P90,P409,4.999999999999998
P90,P192,2.400000000000001
P90,P154,2.0000000000000004
P90,P295,19.400000000000006
P90,P469,2.500000000000001
P90,P285,2.0000000000000004
P90,P373,6.799999999999992
P90,P25,2.400000000000001
P90,P505,2.700000000000001
P90,P280,2.1000000000000005
P90,P282,2.3000000000000007
P90,P248,3.4000000000000017
P90,P374,3.800000000000002
P90,P156,1.9000000000000006
P90,P360,7.599999999999989
P91,P330,3.1000000000000014
P91,P24,5.099999999999998
P91,P385,2.400000000000001
P91,P387,3.3000000000000016
P91,P52,2.3000000000000007
P91,P157,16.99999999999997
P91,P506,14.499999999999964
P91,P499,12.99999999999997
P91,P293,5.799999999999995
P91,P425,6.699999999999992
P91,P208,13.899999999999967
P91,P492,12.599999999999971
P91,P79,6.299999999999994
P91,P489,6.999999999999991
P92,P221,2.600000000000001
P92,P510,4.4
P92,P426,3.0000000000000013
P92,P36,4.5
P92,P38,2.3000000000000007
P92,P189,139.39999999999637
P92,P387,2.800000000000001
P92,P398,3.1000000000000014
P92,P140,2.2000000000000006
P92,P24,6.5999999999999925
P92,P32,3.0000000000000013
P92,P486,2.3000000000000007
P92,P333,9.099999999999984
P92,P146,270.7999999999931
P92,P18,3.2000000000000015
P92,P135,2.1000000000000005
P92,P464,2.500000000000001
P92,P141,2.9000000000000012
P92,P440,3.1000000000000014
P92,P378,2.2000000000000006
P92,P30,5.099999999999998
P92,P51,3.900000000000002
P92,P269,7.599999999999989
P92,P134,2.700000000000001
P92,P456,3.5000000000000018
P92,P103,4.000000000000002
P92,P257,6.399999999999993
P92,P115,6.199999999999994
P92,P40,2.3000000000000007
P92,P468,1.5000000000000002
P92,P3,3.700000000000002
P92,P65,1.8000000000000005
P92,P127,3.800000000000002
P92,P491,3.700000000000002
P92,P171,2.800000000000001
P92,P370,1.8000000000000005
P92,P465,2.9000000000000012
P92,P324,11.399999999999975
P92,P246,2.0000000000000004
P92,P25,6.099999999999994
P92,P343,6.099999999999994
P92,P6,3.0000000000000013
P92,P75,2.9000000000000012
P92,P245,3.600000000000002
P92,P329,2.600000000000001
P92,P58,8.299999999999986
P92,P394,2.1000000000000005
P92,P242,2.3000000000000007
P92,P305,9.799999999999981
P92,P133,2.2000000000000006
P92,P201,2.600000000000001
P92,P419,2.0000000000000004
P92,P431,3.4000000000000017
P92,P240,2.9000000000000012
P92,P358,3.600000000000002
P92,P121,2.800000000000001
P92,P80,2.400000000000001
P92,P280,2.9000000000000012
P92,P112,4.300000000000001
P92,P282,1.9000000000000006
P92,P434,6.199999999999994
P92,P89,2.2000000000000006
P92,P70,6.799999999999992
P92,P248,2.500000000000001
P92,P374,2.600000000000001
P92,P430,3.2000000000000015
P92,P68,6.999999999999991
P92,P8,9.499999999999982
P92,P272,3.1000000000000014
P92,P278,7.599999999999989
P92,P309,7.599999999999989
P92,P439,7.799999999999988
P92,P359,3.1000000000000014
P92,P296,5.399999999999997
P92,P23,6.299999999999994
P92,P47,2.800000000000001
P92,P402,2.400000000000001
P92,P353,2.2000000000000006
P92,P335,8.799999999999985
P92,P43,2.700000000000001
P92,P287,2.700000000000001
P92,P418,2.0000000000000004
P92,P160,1.5000000000000002
P92,P79,0.9999999999999999
P92,P116,5.099999999999998
P92,P228,8.899999999999984
P92,P509,2.9000000000000012
P92,P199,10.399999999999979
P92,P314,7.999999999999988
P92,P170,3.600000000000002
P92,P10,8.299999999999986
P93,P418,10.799999999999978
P93,P101,1.8000000000000005
P93,P131,87.89999999999928
P93,P222,3.4000000000000017
P93,P25,7.599999999999989
P93,P6,5.099999999999998
P93,P126,8.199999999999987
P93,P75,6.299999999999994
P93,P55,4.999999999999998
P93,P211,7.899999999999988
P93,P435,5.099999999999998
P93,P199,4.999999999999998
P93,P414,5.899999999999995
P93,P419,8.999999999999984
P93,P201,6.199999999999994
P93,P359,8.399999999999986
P93,P431,7.29999999999999
P93,P389,5.799999999999995
P93,P106,5.899999999999995
P93,P240,5.899999999999995
P93,P149,7.29999999999999
P93,P68,10.09999999999998
P93,P117,11.299999999999976
P93,P118,4.899999999999999
P93,P116,5.299999999999997
P93,P97,8.399999999999986
P93,P358,4.799999999999999
P93,P297,5.399999999999997
P93,P80,6.699999999999992
P93,P434,6.399999999999993
P93,P284,8.499999999999986
P93,P280,6.8999999999999915
P93,P112,7.699999999999989
P93,P479,7.099999999999991
P93,P96,8.699999999999985
P93,P375,7.29999999999999
P93,P344,12.69999999999997
P93,P156,16.19999999999996
P93,P89,10.09999999999998
P93,P459,7.29999999999999
P93,P79,11.899999999999974
P93,P44,7.499999999999989
P93,P248,9.599999999999982
P93,P300,12.099999999999973
P93,P485,7.499999999999989
P93,P374,6.099999999999994
P93,P417,4.200000000000001
P93,P204,13.199999999999969
P93,P272,6.099999999999994
P93,P60,16.499999999999964
P93,P163,6.699999999999992
P93,P296,7.39999999999999
P93,P273,6.399999999999993
P93,P267,6.299999999999994
P93,P402,6.699999999999992
P93,P381,6.099999999999994
P93,P353,7.499999999999989
P93,P43,8.499999999999986
P93,P507,8.199999999999987
P93,P160,6.699999999999992
P93,P249,5.699999999999996
P93,P342,15.79999999999996
P93,P337,15.69999999999996
P93,P281,11.699999999999974
P93,P298,8.699999999999985
P93,P34,5.1999999999999975
P93,P509,9.399999999999983
P93,P193,7.499999999999989
P93,P181,7.19999999999999
P93,P179,7.999999999999988
P93,P452,6.699999999999992
P93,P386,6.399999999999993
P93,P481,6.999999999999991
P93,P86,6.199999999999994
P93,P63,14.499999999999964
P93,P349,9.299999999999983
P93,P42,5.699999999999996
P93,P189,11.899999999999974
P93,P53,4.999999999999998
P93,P404,15.99999999999996
P93,P432,11.899999999999974
P93,P114,8.299999999999986
P93,P132,14.099999999999966
P93,P383,6.499999999999993
P93,P347,7.099999999999991
P93,P444,7.599999999999989
P93,P261,8.599999999999985
P93,P241,7.19999999999999
P93,P317,8.899999999999984
P93,P427,13.699999999999967
P93,P83,6.999999999999991
P93,P488,7.29999999999999
P93,P473,7.29999999999999
P93,P440,7.899999999999988
P93,P371,5.099999999999998
P93,P162,6.5999999999999925
P93,P169,6.299999999999994
P93,P82,7.499999999999989
P93,P232,11.299999999999976
P93,P155,5.399999999999997
P93,P136,4.899999999999999
P93,P415,14.699999999999964
P93,P253,8.099999999999987
P93,P173,5.299999999999997
P93,P478,6.199999999999994
P93,P141,8.199999999999987
P93,P477,6.999999999999991
P93,P74,12.599999999999971
P93,P490,10.899999999999977
P93,P446,5.899999999999995
P93,P484,10.29999999999998
P93,P423,10.699999999999978
P94,P136,2.500000000000001
P94,P328,5.799999999999995
P94,P110,1.6000000000000003
P94,P349,4.4
P94,P311,1.9000000000000006
P94,P297,2.9000000000000012
P94,P488,2.2000000000000006
P94,P270,3.0000000000000013
P94,P234,3.1000000000000014
P94,P145,3.800000000000002
P94,P325,2.600000000000001
P94,P223,4.100000000000001
P94,P317,3.600000000000002
P95,P184,2.0000000000000004
P95,P230,3.4000000000000017
P95,P449,3.1000000000000014
P95,P207,8.399999999999986
P95,P455,6.099999999999994
P95,P334,2.800000000000001
P95,P428,8.299999999999986
P95,P166,7.099999999999991
P95,P223,2.2000000000000006
P95,P214,6.5999999999999925
P95,P372,8.099999999999987
P95,P450,8.399999999999986
P95,P28,6.399999999999993
P96,P2,4.200000000000001
P96,P131,2.500000000000001
P96,P25,4.799999999999999
P96,P343,1.5000000000000002
P96,P6,3.0000000000000013
P96,P126,2.9000000000000012
P96,P75,2.500000000000001
P96,P55,3.1000000000000014
P96,P435,5.099999999999998
P96,P394,2.500000000000001
P96,P199,1.7000000000000004
P96,P133,2.3000000000000007
P96,P419,2.2000000000000006
P96,P201,2.700000000000001
P96,P431,2.700000000000001
P96,P395,5.099999999999998
P96,P240,2.500000000000001
P96,P106,3.800000000000002
P96,P68,4.000000000000002
P96,P116,3.0000000000000013
P96,P358,4.100000000000001
P96,P297,2.700000000000001
P96,P80,2.500000000000001
P96,P434,4.5
P96,P284,2.700000000000001
P96,P280,4.899999999999999
P96,P112,2.400000000000001
P96,P479,1.9000000000000006
P96,P93,8.699999999999985
P96,P89,2.700000000000001
P96,P459,3.1000000000000014
P96,P248,2.700000000000001
P96,P374,2.9000000000000012
P96,P495,5.999999999999995
P96,P500,7.599999999999989
P96,P296,2.400000000000001
P96,P118,9.199999999999983
P96,P353,2.500000000000001
P96,P418,2.0000000000000004
P96,P300,2.400000000000001
P96,P216,7.19999999999999
P96,P308,6.399999999999993
P96,P254,6.5999999999999925
P96,P4,3.1000000000000014
P97,P489,4.000000000000002
P97,P118,144.39999999999608
P97,P40,3.3000000000000016
P97,P324,3.5000000000000018
P97,P65,3.0000000000000013
P97,P491,2.1000000000000005
P97,P131,2.700000000000001
P97,P25,4.000000000000002
P97,P343,2.1000000000000005
P97,P6,3.600000000000002
P97,P126,3.3000000000000016
P97,P75,2.600000000000001
P97,P55,5.299999999999997
P97,P435,2.9000000000000012
P97,P394,4.4
P97,P199,3.600000000000002
P97,P133,3.5000000000000018
P97,P419,5.099999999999998
P97,P395,7.799999999999988
P97,P201,2.0000000000000004
P97,P431,2.2000000000000006
P97,P106,1.5000000000000002
P97,P240,1.8000000000000005
P97,P68,3.3000000000000016
P97,P116,3.5000000000000018
P97,P93,8.399999999999986
P97,P358,3.4000000000000017
P97,P297,3.1000000000000014
P97,P80,3.2000000000000015
P97,P434,2.0000000000000004
P97,P284,2.800000000000001
P97,P280,2.700000000000001
P97,P112,2.600000000000001
P97,P479,1.5000000000000002
P97,P89,3.0000000000000013
P97,P459,2.700000000000001
P97,P248,2.3000000000000007
P97,P495,11.899999999999974
P97,P374,3.800000000000002
P97,P500,12.89999999999997
P97,P296,1.7000000000000004
P97,P101,1.6000000000000003
P97,P353,2.800000000000001
P97,P418,1.9000000000000006
P97,P83,2.800000000000001
P97,P391,6.699999999999992
P97,P507,3.0000000000000013
P97,P337,3.800000000000002
P97,P281,3.700000000000002
P97,P298,332.70000000000715
P97,P181,3.900000000000002
P97,P452,1.9000000000000006
P97,P386,2.500000000000001
P97,P481,2.400000000000001
P97,P163,5.899999999999995
P97,P349,2.1000000000000005
P97,P42,3.4000000000000017
P97,P189,2.800000000000001
P97,P34,5.399999999999997
P97,P179,7.699999999999989
P97,P122,9.099999999999984
P97,P13,2.0000000000000004
P97,P72,7.699999999999989
P97,P447,8.199999999999987
P97,P21,7.699999999999989
P98,P222,3.800000000000002
P98,P395,3.900000000000002
P98,P329,2.400000000000001
P98,P359,2.700000000000001
P98,P238,0.2
P98,P344,2.500000000000001
P98,P300,3.0000000000000013
P98,P111,2.0000000000000004
P98,P213,2.0000000000000004
P98,P278,3.4000000000000017
P98,P457,2.2000000000000006
P98,P376,6.8999999999999915
P98,P218,2.0000000000000004
P98,P274,25.900000000000098
P98,P424,7.999999999999988
P98,P446,7.19999999999999
P98,P270,9.499999999999982
P98,P241,7.39999999999999
P98,P55,4.699999999999999
P98,P162,7.29999999999999
P98,P451,6.399999999999993
P98,P471,7.799999999999988
P98,P499,17.899999999999984
P98,P144,6.799999999999992
P98,P2,7.499999999999989
P98,P247,5270.800000001644
P99,P286,7.099999999999991
P99,P12,1.6000000000000003
P99,P365,2.400000000000001
P99,P230,13.09999999999997
P99,P505,7.599999999999989
P99,P282,13.499999999999968
P99,P248,10.799999999999978
P99,P470,5.799999999999995
P99,P359,12.399999999999972
P99,P66,6.5999999999999925
P100,P356,2.3000000000000007
P100,P167,2.9000000000000012
P100,P283,2.1000000000000005
P100,P5,12.299999999999972
P100,P64,6.099999999999994
P100,P446,2.600000000000001
P100,P479,8.299999999999986
P100,P291,2.700000000000001
P100,P88,2.0000000000000004
P100,P441,2.800000000000001
P100,P153,5.999999999999995
P100,P435,6.999999999999991
P100,P55,1.9000000000000006
P101,P134,2.3000000000000007
P101,P350,2.600000000000001
P101,P40,2.0000000000000004
P101,P491,3.700000000000002
P101,P131,6.999999999999991
P101,P93,1.8000000000000005
P101,P208,2.1000000000000005
P101,P75,2.500000000000001
P101,P435,1.9000000000000006
P101,P419,4.100000000000001
P101,P106,1.9000000000000006
P101,P240,2.3000000000000007
P101,P117,3.0000000000000013
P101,P116,1.6000000000000003
P101,P284,2.9000000000000012
P101,P297,2.800000000000001
P101,P358,3.1000000000000014
P101,P112,2.600000000000001
P101,P479,3.1000000000000014
P101,P500,4.000000000000002
P101,P85,5.4999999999999964
P101,P97,1.6000000000000003
P101,P167,8.499999999999986
P101,P356,7.29999999999999
P101,P1,132.99999999999673
P101,P338,4.999999999999998
P101,P21,6.199999999999994
P101,P11,8.199999999999987
P101,P417,6.5999999999999925
P102,P301,7.499999999999989
P102,P136,1.7000000000000004
P102,P328,11.099999999999977
P102,P110,4.4
P102,P269,7.39999999999999
P102,P51,1.9000000000000006
P102,P257,7.799999999999988
P102,P230,11.599999999999975
P102,P134,2.1000000000000005
P102,P456,2.600000000000001
P102,P103,3.1000000000000014
P102,P40,1.5000000000000002
P102,P468,2.500000000000001
P102,P3,2.0000000000000004
P102,P65,2.800000000000001
P102,P127,2.1000000000000005
P102,P491,3.2000000000000015
P102,P171,2.600000000000001
P102,P465,2.3000000000000007
P102,P246,3.0000000000000013
P102,P58,6.099999999999994
P102,P25,2.2000000000000006
P102,P343,2.2000000000000006
P102,P6,1.8000000000000005
P102,P75,3.1000000000000014
P102,P305,6.199999999999994
P102,P245,2.500000000000001
P102,P329,3.600000000000002
P102,P394,3.2000000000000015
P102,P242,1.5000000000000002
P102,P133,2.600000000000001
P102,P201,5.4999999999999964
P102,P419,2.9000000000000012
P102,P431,2.600000000000001
P102,P240,1.8000000000000005
P102,P358,3.1000000000000014
P102,P153,6.999999999999991
P102,P283,3.0000000000000013
P102,P279,3.4000000000000017
P102,P64,7.099999999999991
P102,P508,1.9000000000000006
P102,P147,4.6
P103,P163,3.5000000000000018
P103,P267,3.600000000000002
P103,P27,2.0000000000000004
P103,P355,2.0000000000000004
P103,P381,2.700000000000001
P103,P403,2.700000000000001
P103,P137,250.59999999999005
P103,P507,5.099999999999998
P103,P158,4.6
P103,P305,5.799999999999995
P103,P82,2.0000000000000004
P103,P58,6.799999999999992
P103,P342,1.7000000000000004
P103,P337,3.4000000000000017
P103,P281,2.0000000000000004
P103,P298,1.9000000000000006
P103,P439,2.3000000000000007
P103,P147,3.0000000000000013
P103,P179,2.0000000000000004
P103,P341,2.9000000000000012
P103,P452,2.2000000000000006
P103,P181,3.3000000000000016
P103,P217,1.8000000000000005
P103,P481,4.5
P103,P157,4.300000000000001
P103,P194,2.500000000000001
P103,P327,4.200000000000001
P103,P506,1.8000000000000005
P103,P212,3.5000000000000018
P103,P102,3.1000000000000014
P103,P349,2.9000000000000012
P103,P42,3.4000000000000017
P103,P189,1.7000000000000004
P103,P115,2.9000000000000012
P103,P92,4.000000000000002
P103,P146,4.100000000000001
P103,P257,10.899999999999977
P103,P432,4.6
P103,P293,5.699999999999996
P103,P52,7.599999999999989
P103,P229,1.0999999999999999
P103,P176,3.3000000000000016
P103,P466,4.999999999999998
P104,P89,3.3000000000000016
P104,P411,7.999999999999988
P104,P128,4.699999999999999
P104,P454,1.9000000000000006
P104,P233,5.099999999999998
P104,P200,2.0000000000000004
P104,P141,2.800000000000001
P104,P140,4.100000000000001
P104,P36,2.600000000000001
P104,P398,3.4000000000000017
P104,P38,6.099999999999994
P104,P322,2.600000000000001
P104,P387,2.0000000000000004
P104,P304,7.29999999999999
P104,P151,2.700000000000001
P104,P367,9.399999999999983
P105,P192,2.600000000000001
P105,P409,37.90000000000027
P105,P412,1.7000000000000004
P105,P460,7.899999999999988
P105,P498,2.2000000000000006
P105,P365,2.700000000000001
P105,P315,2.500000000000001
P105,P510,9.099999999999984
P105,P172,6.499999999999993
P105,P506,3.2000000000000015
P105,P327,2.3000000000000007
P105,P447,12.099999999999973
P105,P382,5.399999999999997
P105,P265,3.5000000000000018
P105,P23,8.099999999999987
P105,P173,2.600000000000001
P105,P49,5.799999999999995
P105,P246,3.1000000000000014
P105,P258,6.499999999999993
P105,P439,6.799999999999992
P105,P278,8.499999999999986
P105,P309,8.499999999999986
P105,P8,7.599999999999989
P105,P141,2.500000000000001
P105,P74,1.8000000000000005
P105,P68,5.999999999999995
P105,P490,3.1000000000000014
P105,P205,7.899999999999988
P105,P423,2.9000000000000012
P105,P457,3.900000000000002
P105,P70,13.299999999999969
P105,P407,1.9000000000000006
P105,P397,2.500000000000001
P105,P434,18.39999999999999
P105,P465,5.299999999999997
P105,P334,2.0000000000000004
P105,P176,4.799999999999999
P105,P145,3.1000000000000014
P105,P218,5.1999999999999975
P105,P326,1.9000000000000006
P105,P480,2.500000000000001
P105,P385,2.3000000000000007
P105,P305,14.099999999999966
P105,P9,2.700000000000001
P105,P58,12.89999999999997
P105,P354,12.099999999999973
P105,P236,2.0000000000000004
P105,P394,2.700000000000001
P105,P418,2.600000000000001
P105,P469,12.89999999999997
P105,P280,17.49999999999998
P105,P81,3.3000000000000016
P105,P317,2.2000000000000006
P105,P195,2.600000000000001
P105,P267,1.9000000000000006
P105,P330,2.500000000000001
P105,P337,3.1000000000000014
P105,P342,2.1000000000000005
P105,P161,4.6
P105,P83,1.9000000000000006
P105,P427,2.400000000000001
P105,P82,2.500000000000001
P105,P155,2.600000000000001
P106,P240,278.6999999999949
P106,P418,2.3000000000000007
P106,P101,1.9000000000000006
P106,P89,2.800000000000001
P106,P359,2.500000000000001
P106,P93,5.899999999999995
P106,P149,2.700000000000001
P106,P118,2.400000000000001
P106,P97,1.5000000000000002
P106,P96,3.800000000000002
P106,P344,2.600000000000001
P106,P375,2.3000000000000007
P106,P395,6.199999999999994
P106,P156,3.0000000000000013
P106,P79,2.800000000000001
P106,P44,2.1000000000000005
P106,P485,2.3000000000000007
P106,P300,2.500000000000001
P106,P199,7.899999999999988
P106,P111,2.1000000000000005
P106,P213,2.3000000000000007
P106,P417,4.200000000000001
P106,P204,2.0000000000000004
P106,P314,2.400000000000001
P106,P255,1.5000000000000002
P106,P163,1.7000000000000004
P106,P23,6.799999999999992
P106,P267,3.3000000000000016
P106,P27,3.900000000000002
P106,P164,2.3000000000000007
P106,P381,6.199999999999994
P106,P403,1.8000000000000005
P106,P278,6.5999999999999925
P106,P507,2.3000000000000007
P106,P158,3.900000000000002
P106,P342,2.800000000000001
P106,P337,3.2000000000000015
P106,P425,3.5000000000000018
P106,P444,1.5000000000000002
P106,P488,2.700000000000001
P106,P20,4.899999999999999
P106,P173,1.9000000000000006
P106,P388,6.299999999999994
P106,P501,6.5999999999999925
P106,P123,2.1000000000000005
P107,P392,2.3000000000000007
P107,P261,2.700000000000001
P107,P17,5.699999999999996
P107,P256,2.700000000000001
P107,P169,3.800000000000002
P107,P415,1.4000000000000001
P107,P139,2.0000000000000004
P107,P50,2.800000000000001
P107,P285,3.2000000000000015
P107,P410,4.799999999999999
P107,P5,5.399999999999997
P107,P175,3.2000000000000015
P107,P11,5.299999999999997
P107,P44,2.800000000000001
P107,P21,7.19999999999999
P107,P447,6.099999999999994
P107,P147,3.1000000000000014
P107,P85,4.699999999999999
P108,P460,5.099999999999998
P108,P122,4.899999999999999
P108,P446,5.899999999999995
P108,P290,3.0000000000000013
P108,P76,1.6000000000000003
P108,P150,2.400000000000001
P108,P151,2.2000000000000006
P108,P464,6.499999999999993
P108,P45,7.29999999999999
P108,P431,4.300000000000001
P108,P206,5.4999999999999964
P108,P486,4.899999999999999
P108,P489,2.700000000000001
P108,P463,5.899999999999995
P109,P222,2.800000000000001
P109,P395,2.9000000000000012
P109,P329,4.200000000000001
P109,P359,2.700000000000001
P109,P44,2.500000000000001
P109,P251,0.4
P109,P172,2.500000000000001
P109,P64,3.1000000000000014
P109,P363,5.1999999999999975
P109,P313,2.0000000000000004
P109,P291,2.2000000000000006
P109,P424,5.099999999999998
P109,P370,4.699999999999999
P109,P9,114.39999999999777
P109,P81,2.1000000000000005
P109,P317,2.800000000000001
P109,P195,1.8000000000000005
P109,P267,3.1000000000000014
P109,P330,4.799999999999999
P109,P337,3.5000000000000018
P109,P342,1.9000000000000006
P109,P161,2.600000000000001
P109,P83,2.500000000000001
P109,P434,6.099999999999994
P109,P70,8.799999999999985
P109,P427,1.8000000000000005
P109,P82,2.500000000000001
P109,P205,6.8999999999999915
P109,P155,2.800000000000001
P109,P409,7.799999999999988
P109,P68,6.5999999999999925
P109,P8,7.19999999999999
P109,P278,6.099999999999994
P109,P309,6.099999999999994
P109,P439,7.39999999999999
P109,P502,3.3000000000000016
P110,P63,0.6
P110,P58,75.59999999999998
P110,P163,3.900000000000002
P110,P267,3.3000000000000016
P110,P305,9.399999999999983
P110,P27,2.800000000000001
P110,P355,3.5000000000000018
P110,P381,1.9000000000000006
P110,P403,3.800000000000002
P110,P346,1.8000000000000005
P110,P507,2.9000000000000012
P110,P158,2.500000000000001
P110,P82,2.9000000000000012
P110,P342,4.100000000000001
P110,P337,3.5000000000000018
P110,P281,2.400000000000001
P110,P298,3.3000000000000016
P110,P439,2.500000000000001
P110,P147,2.2000000000000006
P110,P179,1.9000000000000006
P110,P341,3.4000000000000017
P110,P452,2.700000000000001
P110,P181,3.1000000000000014
P110,P257,5.799999999999995
P110,P217,2.9000000000000012
P110,P481,1.9000000000000006
P110,P327,2.1000000000000005
P110,P506,1.8000000000000005
P110,P212,2.0000000000000004
P110,P102,4.4
P110,P269,4.799999999999999
P110,P94,1.6000000000000003
P110,P42,2.400000000000001
P110,P115,2.3000000000000007
P110,P467,2.700000000000001
P110,P328,8.399999999999986
P110,P473,2.1000000000000005
P110,P369,3.2000000000000015
P110,P182,7.899999999999988
P110,P469,1.7000000000000004
P110,P123,6.199999999999994
P110,P135,13.499999999999968
P111,P387,2.600000000000001
P111,P138,2.800000000000001
P111,P277,5.999999999999995
P111,P325,2.9000000000000012
P111,P232,2.2000000000000006
P111,P305,4.4
P111,P141,2.0000000000000004
P111,P98,2.0000000000000004
P111,P378,3.2000000000000015
P111,P238,4.899999999999999
P111,P58,2.3000000000000007
P111,P51,3.0000000000000013
P111,P488,2.700000000000001
P111,P424,3.700000000000002
P111,P134,4.000000000000002
P111,P361,2.500000000000001
P111,P40,3.4000000000000017
P111,P324,2.600000000000001
P111,P65,2.500000000000001
P111,P2,3.5000000000000018
P111,P491,2.1000000000000005
P111,P41,2.500000000000001
P111,P131,4.999999999999998
P111,P171,2.1000000000000005
P111,P343,2.800000000000001
P111,P25,2.600000000000001
P111,P126,2.600000000000001
P111,P6,5.399999999999997
P111,P75,2.1000000000000005
P111,P435,1.6000000000000003
P111,P55,2.1000000000000005
P111,P329,2.2000000000000006
P111,P394,2.3000000000000007
P111,P242,2.9000000000000012
P111,P133,3.2000000000000015
P111,P419,1.8000000000000005
P111,P201,5.099999999999998
P111,P431,3.4000000000000017
P111,P240,2.1000000000000005
P111,P106,2.1000000000000005
P111,P199,7.499999999999989
P111,P68,2.500000000000001
P111,P116,2.0000000000000004
P111,P358,2.2000000000000006
P111,P297,2.0000000000000004
P111,P80,3.900000000000002
P111,P434,3.800000000000002
P111,P284,3.600000000000002
P111,P451,2.3000000000000007
P111,P280,2.3000000000000007
P111,P112,1.6000000000000003
P111,P479,2.800000000000001
P111,P395,7.699999999999989
P111,P357,12.599999999999971
P111,P63,2.400000000000001
P111,P287,2.700000000000001
P111,P228,4.999999999999998
P111,P356,5.4999999999999964
P111,P474,8.399999999999986
P111,P23,7.099999999999991
P111,P49,8.399999999999986
P111,P173,1.8000000000000005
P111,P258,7.699999999999989
P111,P246,2.9000000000000012
P111,P439,6.199999999999994
P111,P278,5.999999999999995
P111,P309,5.999999999999995
P111,P477,3.1000000000000014
P111,P476,8.899999999999984
P111,P339,3.4000000000000017
P111,P411,5.299999999999997
P111,P288,6.8999999999999915
P112,P25,20.40000000000002
P112,P1,2.500000000000001
P112,P406,4.699999999999999
P112,P101,2.600000000000001
P112,P89,2.600000000000001
P112,P358,65.10000000000058
P112,P434,74.80000000000003
P112,P80,27.300000000000118
P112,P280,19.500000000000007
P112,P121,175.5999999999943
P112,P359,2.3000000000000007
P112,P149,2.0000000000000004
P112,P118,2.500000000000001
P112,P97,2.600000000000001
P112,P93,7.699999999999989
P112,P96,2.400000000000001
P112,P344,2.600000000000001
P112,P375,3.5000000000000018
P112,P156,3.2000000000000015
P112,P79,2.500000000000001
P112,P44,5.1999999999999975
P112,P395,8.099999999999987
P112,P479,10.799999999999978
P112,P300,3.0000000000000013
P112,P485,2.0000000000000004
P112,P111,1.6000000000000003
P112,P417,1.8000000000000005
P112,P199,8.699999999999985
P112,P204,1.8000000000000005
P112,P314,2.9000000000000012
P112,P116,6.399999999999993
P112,P255,3.3000000000000016
P112,P163,3.3000000000000016
P112,P267,2.500000000000001
P112,P27,2.3000000000000007
P112,P164,2.700000000000001
P112,P381,2.600000000000001
P112,P403,1.9000000000000006
P112,P23,7.999999999999988
P112,P507,1.9000000000000006
P112,P158,3.0000000000000013
P112,P278,6.399999999999993
P112,P342,3.0000000000000013
P112,P337,3.1000000000000014
P112,P281,1.8000000000000005
P112,P335,2.2000000000000006
P112,P258,3.800000000000002
P112,P298,4.799999999999999
P112,P193,2.3000000000000007
P112,P439,3.2000000000000015
P112,P68,6.199999999999994
P112,P309,3.1000000000000014
P112,P147,5.999999999999995
P112,P179,3.3000000000000016
P112,P452,1.9000000000000006
P112,P181,2.0000000000000004
P112,P386,4.999999999999998
P112,P481,2.0000000000000004
P112,P194,3.700000000000002
P112,P327,4.999999999999998
P112,P12,2.400000000000001
P112,P212,2.9000000000000012
P112,P191,3.4000000000000017
P112,P349,3.0000000000000013
P112,P42,2.3000000000000007
P112,P70,5.1999999999999975
P112,P189,2.400000000000001
P112,P92,4.300000000000001
P112,P409,4.4
P112,P432,1.8000000000000005
P112,P404,1.4000000000000001
P112,P53,2.800000000000001
P112,P114,1.7000000000000004
P112,P197,5.999999999999995
P112,P73,2.800000000000001
P112,P487,2.600000000000001
P112,P458,3.0000000000000013
P112,P347,2.800000000000001
P112,P380,2.500000000000001
P112,P277,5.299999999999997
P112,P7,3.0000000000000013
P112,P305,4.699999999999999
P112,P49,2.9000000000000012
P112,P58,6.199999999999994
P112,P139,2.700000000000001
P112,P354,8.199999999999987
P112,P174,2.500000000000001
P112,P282,152.49999999999562
P112,P427,3.0000000000000013
P112,P154,1.9000000000000006
P112,P13,6.199999999999994
P112,P324,9.799999999999981
P112,P473,2.0000000000000004
P112,P440,3.5000000000000018
P112,P201,7.599999999999989
P112,P232,1.8000000000000005
P112,P115,6.5999999999999925
P112,P330,2.3000000000000007
P112,P257,7.19999999999999
P112,P475,2.9000000000000012
P112,P265,2.500000000000001
P112,P393,2.1000000000000005
P112,P269,5.1999999999999975
P112,P75,5.899999999999995
P112,P250,5.699999999999996
P112,P128,4.000000000000002
P112,P30,7.799999999999988
P112,P454,4.300000000000001
P112,P200,1.7000000000000004
P112,P333,11.799999999999974
P112,P141,3.0000000000000013
P112,P140,4.799999999999999
P112,P65,12.199999999999973
P112,P36,2.3000000000000007
P112,P24,14.999999999999963
P112,P329,5.999999999999995
P112,P480,2.3000000000000007
P112,P464,5.399999999999997
P112,P45,6.399999999999993
P112,P431,4.6
P112,P413,107.69999999999816
P112,P184,2.400000000000001
P112,P157,2.700000000000001
P112,P63,3.1000000000000014
P112,P40,1.6000000000000003
P112,P130,0.5
P113,P309,4.999999999999998
P113,P184,3.3000000000000016
P113,P45,2.600000000000001
P113,P371,3.600000000000002
P113,P206,5.4999999999999964
P113,P486,4.799999999999999
P113,P32,7.19999999999999
P113,P18,2.600000000000001
P113,P24,11.899999999999974
P113,P135,2.500000000000001
P113,P464,1.8000000000000005
P113,P141,4.100000000000001
P113,P440,2.700000000000001
P113,P333,11.899999999999974
P113,P378,4.899999999999999
P113,P30,12.599999999999971
P113,P134,4.999999999999998
P113,P456,2.500000000000001
P113,P468,2.1000000000000005
P113,P40,5.1999999999999975
P113,P39,14.699999999999964
P113,P236,4.799999999999999
P113,P203,2.600000000000001
P113,P284,5.1999999999999975
P113,P77,7.899999999999988
P113,P311,6.5999999999999925
P113,P75,5.299999999999997
P113,P250,7.799999999999988
P113,P322,2.0000000000000004
P113,P480,3.800000000000002
P113,P466,1.9000000000000006
P113,P65,7.29999999999999
P113,P491,1.9000000000000006
P113,P119,2.3000000000000007
P113,P233,7.699999999999989
P113,P14,2.2000000000000006
P113,P290,5.599999999999996
P113,P150,2.800000000000001
P113,P6,2.0000000000000004
P113,P38,5.299999999999997
P113,P332,3.2000000000000015
P114,P136,9.99999999999998
P114,P462,2.3000000000000007
P114,P13,4.6
P114,P22,8.099999999999987
P114,P393,2.1000000000000005
P114,P134,2.400000000000001
P114,P269,5.899999999999995
P114,P456,2.0000000000000004
P114,P487,37.90000000000027
P114,P40,2.500000000000001
P114,P468,3.1000000000000014
P114,P3,2.600000000000001
P114,P257,5.999999999999995
P114,P115,7.999999999999988
P114,P65,3.0000000000000013
P114,P127,3.1000000000000014
P114,P491,3.700000000000002
P114,P171,2.600000000000001
P114,P370,3.3000000000000016
P114,P465,2.400000000000001
P114,P246,2.0000000000000004
P114,P25,3.5000000000000018
P114,P343,2.500000000000001
P114,P6,2.500000000000001
P114,P75,1.9000000000000006
P114,P324,7.599999999999989
P114,P329,3.0000000000000013
P114,P245,3.700000000000002
P114,P394,2.3000000000000007
P114,P242,4.5
P114,P133,3.700000000000002
P114,P201,2.1000000000000005
P114,P419,2.500000000000001
P114,P58,6.8999999999999915
P114,P505,2.600000000000001
P114,P431,2.0000000000000004
P114,P305,8.299999999999986
P114,P197,89.1999999999992
P114,P240,2.0000000000000004
P114,P358,4.200000000000001
P114,P80,2.1000000000000005
P114,P121,3.900000000000002
P114,P280,2.700000000000001
P114,P112,1.7000000000000004
P114,P282,2.1000000000000005
P114,P434,8.499999999999986
P114,P248,1.5000000000000002
P114,P70,11.999999999999973
P114,P374,3.800000000000002
P114,P73,221.2999999999917
P114,P430,5.299999999999997
P114,P409,7.29999999999999
P114,P68,9.599999999999982
P114,P272,2.3000000000000007
P114,P8,4.699999999999999
P114,P278,5.4999999999999964
P114,P309,5.4999999999999964
P114,P359,2.9000000000000012
P114,P296,2.600000000000001
P114,P439,6.299999999999994
P114,P47,2.2000000000000006
P114,P402,3.1000000000000014
P114,P23,7.099999999999991
P114,P353,2.600000000000001
P114,P43,4.4
P114,P335,7.599999999999989
P114,P287,2.2000000000000006
P114,P418,3.1000000000000014
P114,P160,4.5
P114,P383,87.69999999999929
P114,P116,5.999999999999995
P114,P509,2.2000000000000006
P114,P228,6.299999999999994
P114,P199,9.599999999999982
P114,P86,2.3000000000000007
P114,P314,9.299999999999983
P114,P395,4.999999999999998
P114,P344,2.600000000000001
P114,P132,3.1000000000000014
P114,P93,8.299999999999986
P114,P63,1.6000000000000003
P114,P117,6.099999999999994
P114,P60,2.500000000000001
P114,P300,2.600000000000001
P114,P495,5.4999999999999964
P114,P317,2.600000000000001
P114,P34,10.499999999999979
P114,P204,5.299999999999997
P114,P337,2.1000000000000005
P114,P342,2.700000000000001
P114,P83,2.600000000000001
P114,P163,6.199999999999994
P114,P500,1076.2000000001167
P114,P438,11.499999999999975
P114,P488,5.699999999999996
P114,P189,5.899999999999995
P114,P404,7.099999999999991
P114,P42,8.199999999999987
P114,P306,6.199999999999994
P114,P173,6.299999999999994
P114,P380,7.899999999999988
P114,P481,4.999999999999998
P114,P261,5.399999999999997
P114,P200,6.199999999999994
P114,P347,8.799999999999985
P115,P312,3.700000000000002
P115,P328,4.899999999999999
P115,P110,2.3000000000000007
P115,P269,9.199999999999983
P115,P134,1.4000000000000001
P115,P456,3.0000000000000013
P115,P103,2.9000000000000012
P115,P257,6.999999999999991
P115,P146,7.699999999999989
P115,P92,6.199999999999994
P115,P40,9.599999999999982
P115,P468,4.000000000000002
P115,P432,6.799999999999992
P115,P409,7.099999999999991
P115,P3,6.399999999999993
P115,P448,13.399999999999968
P115,P404,8.799999999999985
P115,P53,7.999999999999988
P115,P114,7.999999999999988
P115,P487,7.099999999999991
P115,P26,13.899999999999967
P115,P73,8.999999999999984
P115,P65,9.699999999999982
P115,P347,7.999999999999988
P115,P458,6.999999999999991
P115,P127,7.499999999999989
P115,P491,12.69999999999997
P115,P499,9.299999999999983
P115,P277,13.399999999999968
P115,P7,5.899999999999995
P115,P171,6.199999999999994
P115,P293,7.799999999999988
P115,P354,7.099999999999991
P115,P370,4.4
P115,P465,10.499999999999979
P115,P246,17.199999999999974
P115,P25,6.499999999999993
P115,P343,6.699999999999992
P115,P6,6.099999999999994
P115,P75,5.4999999999999964
P115,P329,6.699999999999992
P115,P245,8.799999999999985
P115,P154,6.099999999999994
P115,P394,12.299999999999972
P115,P427,7.29999999999999
P115,P13,7.899999999999988
P115,P242,7.499999999999989
P115,P142,6.799999999999992
P115,P505,7.099999999999991
P115,P419,5.699999999999996
P115,P473,5.399999999999997
P115,P431,6.999999999999991
P115,P390,8.299999999999986
P115,P440,8.599999999999985
P115,P358,7.899999999999988
P115,P433,8.599999999999985
P115,P80,5.899999999999995
P115,P121,13.699999999999967
P115,P280,14.299999999999965
P115,P282,5.399999999999997
P115,P232,4.999999999999998
P115,P112,6.5999999999999925
P115,P330,8.899999999999984
P115,P265,13.599999999999968
P115,P393,7.19999999999999
P115,P248,6.699999999999992
P115,P374,4.699999999999999
P115,P128,8.099999999999987
P115,P470,7.799999999999988
P115,P454,4.799999999999999
P115,P200,5.4999999999999964
P115,P71,7.599999999999989
P115,P141,5.599999999999996
P115,P359,6.699999999999992
P115,P36,6.499999999999993
P115,P74,9.399999999999983
P115,P402,5.099999999999998
P115,P484,5.799999999999995
P115,P353,9.499999999999982
P115,P43,7.19999999999999
P115,P418,12.89999999999997
P115,P397,5.699999999999996
P115,P164,5.999999999999995
P115,P334,8.599999999999985
P115,P176,6.399999999999993
P115,P264,6.099999999999994
P115,P396,7.29999999999999
P115,P326,8.599999999999985
P115,P480,5.799999999999995
P115,P466,4.999999999999998
P115,P469,5.1999999999999975
P115,P9,7.099999999999991
P115,P236,8.099999999999987
P115,P489,6.299999999999994
P115,P86,6.099999999999994
P115,P158,6.299999999999994
P115,P51,5.799999999999995
P115,P17,5.999999999999995
P115,P4,6.699999999999992
P115,P184,7.899999999999988
P115,P157,5.599999999999996
P115,P63,6.699999999999992
P115,P272,7.19999999999999
P115,P14,6.099999999999994
P115,P130,7.39999999999999
P115,P81,8.099999999999987
P115,P195,7.39999999999999
P115,P267,6.699999999999992
P115,P498,1187.7000000000153
P116,P418,7.39999999999999
P116,P101,1.6000000000000003
P116,P89,7.599999999999989
P116,P359,2.700000000000001
P116,P149,2.9000000000000012
P116,P118,2.1000000000000005
P116,P93,5.299999999999997
P116,P97,3.5000000000000018
P116,P96,3.0000000000000013
P116,P344,10.599999999999978
P116,P375,1.6000000000000003
P116,P156,2.3000000000000007
P116,P395,5.599999999999996
P116,P79,12.79999999999997
P116,P44,2.600000000000001
P116,P300,7.899999999999988
P116,P485,2.1000000000000005
P116,P111,2.0000000000000004
P116,P199,8.799999999999985
P116,P417,4.5
P116,P204,9.99999999999998
P116,P358,5.399999999999997
P116,P297,12.399999999999972
P116,P80,6.499999999999993
P116,P434,5.099999999999998
P116,P284,7.499999999999989
P116,P280,7.39999999999999
P116,P451,7.499999999999989
P116,P314,8.899999999999984
P116,P112,6.399999999999993
P116,P479,15.299999999999962
P116,P459,5.4999999999999964
P116,P255,6.5999999999999925
P116,P248,5.599999999999996
P116,P163,8.899999999999984
P116,P374,7.499999999999989
P116,P267,7.499999999999989
P116,P27,15.499999999999961
P116,P381,6.5999999999999925
P116,P403,5.4999999999999964
P116,P507,6.399999999999993
P116,P272,6.199999999999994
P116,P158,12.69999999999997
P116,P249,5.599999999999996
P116,P342,13.399999999999968
P116,P337,14.299999999999965
P116,P296,6.8999999999999915
P116,P281,7.29999999999999
P116,P258,13.999999999999966
P116,P298,6.399999999999993
P116,P47,6.5999999999999925
P116,P193,6.399999999999993
P116,P402,9.099999999999984
P116,P179,6.8999999999999915
P116,P181,7.499999999999989
P116,P452,10.999999999999977
P116,P386,6.399999999999993
P116,P353,7.699999999999989
P116,P481,6.499999999999993
P116,P43,9.99999999999998
P116,P12,5.899999999999995
P116,P287,6.099999999999994
P116,P160,5.099999999999998
P116,P349,7.099999999999991
P116,P42,5.899999999999995
P116,P189,8.999999999999984
P116,P92,5.099999999999998
P116,P53,7.39999999999999
P116,P432,8.499999999999986
P116,P404,4.699999999999999
P116,P114,5.999999999999995
P116,P73,5.899999999999995
P116,P383,8.999999999999984
P116,P509,7.999999999999988
P116,P347,5.599999999999996
P116,P380,5.699999999999996
P116,P7,6.799999999999992
P116,P446,5.799999999999995
P116,P62,17.49999999999998
P116,P444,8.499999999999986
P116,P261,4.999999999999998
P116,P86,5.4999999999999964
P116,P241,5.399999999999997
P116,P174,5.899999999999995
P116,P154,4.6
P116,P427,14.199999999999966
P116,P488,7.599999999999989
P116,P473,7.499999999999989
P116,P440,7.999999999999988
P116,P371,7.499999999999989
P116,P63,7.699999999999989
P116,P232,5.099999999999998
P116,P132,8.499999999999986
P116,P317,8.299999999999986
P116,P136,7.099999999999991
P116,P195,7.19999999999999
P116,P393,6.799999999999992
P116,P415,6.799999999999992
P116,P253,8.799999999999985
P116,P83,6.999999999999991
P116,P173,10.29999999999998
P116,P169,7.699999999999989
P116,P82,5.099999999999998
P116,P246,9.499999999999982
P116,P155,6.299999999999994
P116,P141,5.999999999999995
P116,P477,6.499999999999993
P116,P74,7.499999999999989
P116,P490,5.999999999999995
P116,P423,7.999999999999988
P116,P484,7.999999999999988
P116,P457,7.599999999999989
P116,P407,5.999999999999995
P116,P397,6.999999999999991
P116,P478,6.699999999999992
P116,P334,4.999999999999998
P117,P418,5.299999999999997
P117,P101,3.0000000000000013
P117,P89,5.899999999999995
P117,P359,1.7000000000000004
P117,P149,2.700000000000001
P117,P93,11.299999999999976
P117,P344,143.79999999999612
P117,P375,18.099999999999987
P117,P459,2.2000000000000006
P117,P248,1.7000000000000004
P117,P374,2.1000000000000005
P117,P495,14.299999999999965
P117,P296,3.1000000000000014
P117,P500,10.499999999999979
P117,P118,13.09999999999997
P117,P353,4.000000000000002
P117,P417,3.800000000000002
P117,P391,6.199999999999994
P117,P204,9.299999999999983
P117,P83,10.799999999999978
P117,P163,7.599999999999989
P117,P507,4.000000000000002
P117,P342,10.19999999999998
P117,P249,3.2000000000000015
P117,P337,12.599999999999971
P117,P281,11.399999999999975
P117,P298,2.400000000000001
P117,P34,3.3000000000000016
P117,P193,3.3000000000000016
P117,P181,8.199999999999987
P117,P179,6.799999999999992
P117,P452,8.599999999999985
P117,P386,8.499999999999986
P117,P481,6.099999999999994
P117,P86,7.499999999999989
P117,P478,12.499999999999972
P117,P63,13.699999999999967
P117,P349,6.5999999999999925
P117,P42,10.899999999999977
P117,P187,6.399999999999993
P117,P189,15.89999999999996
P117,P53,5.099999999999998
P117,P404,15.099999999999962
P117,P432,18.499999999999993
P117,P114,6.099999999999994
P117,P132,12.299999999999972
P117,P383,5.899999999999995
P117,P60,5.799999999999995
P117,P347,5.599999999999996
P117,P300,7.899999999999988
P117,P317,7.099999999999991
P117,P444,4.999999999999998
P117,P261,6.699999999999992
P117,P241,5.4999999999999964
P117,P427,12.599999999999971
P117,P488,5.399999999999997
P117,P169,4.899999999999999
P117,P82,5.099999999999998
P117,P440,7.39999999999999
P117,P371,6.5999999999999925
P117,P162,5.799999999999995
P117,P155,7.999999999999988
P117,P232,6.8999999999999915
P117,P136,7.599999999999989
P117,P415,15.99999999999996
P117,P253,6.299999999999994
P117,P173,5.999999999999995
P117,P141,6.299999999999994
P117,P477,5.599999999999996
P117,P74,7.19999999999999
P117,P446,10.999999999999977
P117,P490,7.699999999999989
P118,P306,1.8000000000000005
P118,P235,1.6000000000000003
P118,P488,15.199999999999962
P118,P134,2.3000000000000007
P118,P424,1.4000000000000001
P118,P97,144.39999999999608
P118,P40,2.600000000000001
P118,P324,2.3000000000000007
P118,P65,0.9999999999999999
P118,P491,4.5
P118,P131,2.800000000000001
P118,P25,3.2000000000000015
P118,P343,2.700000000000001
P118,P6,2.3000000000000007
P118,P126,3.5000000000000018
P118,P75,1.8000000000000005
P118,P55,4.6
P118,P435,2.2000000000000006
P118,P394,3.900000000000002
P118,P199,3.3000000000000016
P118,P133,4.699999999999999
P118,P395,9.299999999999983
P118,P419,3.0000000000000013
P118,P201,2.400000000000001
P118,P431,1.9000000000000006
P118,P106,2.400000000000001
P118,P240,3.0000000000000013
P118,P68,3.0000000000000013
P118,P93,4.899999999999999
P118,P116,2.1000000000000005
P118,P358,3.1000000000000014
P118,P297,2.600000000000001
P118,P80,2.400000000000001
P118,P434,2.2000000000000006
P118,P284,2.3000000000000007
P118,P280,2.9000000000000012
P118,P112,2.500000000000001
P118,P479,2.600000000000001
P118,P89,2.700000000000001
P118,P459,1.7000000000000004
P118,P248,6.099999999999994
P118,P495,9.599999999999982
P118,P374,2.2000000000000006
P118,P500,7.799999999999988
P118,P296,2.0000000000000004
P118,P96,9.199999999999983
P118,P117,13.09999999999997
P118,P344,14.999999999999963
P118,P156,9.799999999999981
P118,P86,13.09999999999997
P118,P353,8.099999999999987
P118,P79,11.499999999999975
P118,P300,13.399999999999968
P118,P418,6.799999999999992
P118,P417,6.699999999999992
P118,P204,12.499999999999972
P118,P507,12.69999999999997
P118,P337,12.199999999999973
P118,P281,13.799999999999967
P118,P298,7.19999999999999
P118,P317,8.499999999999986
P118,P181,7.29999999999999
P118,P452,5.899999999999995
P118,P481,13.399999999999968
P118,P83,6.799999999999992
P118,P42,11.799999999999974
P118,P53,5.099999999999998
P118,P404,15.79999999999996
P118,P432,18.699999999999996
P118,P383,16.19999999999996
P118,P149,7.699999999999989
P118,P347,12.69999999999997
P118,P261,14.599999999999964
P118,P136,6.399999999999993
P118,P380,7.19999999999999
P118,P173,6.099999999999994
P119,P429,5.999999999999995
P119,P498,2.0000000000000004
P119,P14,1.5000000000000002
P119,P412,1.8000000000000005
P119,P358,5.299999999999997
P119,P80,4.799999999999999
P119,P38,5.899999999999995
P119,P186,1.6000000000000003
P119,P71,2.800000000000001
P119,P448,4.300000000000001
P119,P113,2.3000000000000007
P119,P233,5.999999999999995
P119,P398,2.800000000000001
P119,P402,2.800000000000001
P119,P353,3.3000000000000016
P119,P43,2.600000000000001
P119,P411,5.699999999999996
P120,P420,3.3000000000000016
P120,P298,2.2000000000000006
P120,P157,5.799999999999995
P120,P409,6.499999999999993
P120,P154,4.799999999999999
P120,P246,11.199999999999976
P120,P176,21.00000000000003
P120,P186,8.499999999999986
P120,P463,7.899999999999988
P120,P334,5.899999999999995
P120,P350,6.699999999999992
P120,P370,8.699999999999985
P120,P158,7.699999999999989
P121,P43,4.100000000000001
P121,P272,2.500000000000001
P121,P222,2.9000000000000012
P121,P112,175.5999999999943
P121,P359,2.1000000000000005
P121,P149,4.300000000000001
P121,P341,2.3000000000000007
P121,P80,259.7999999999906
P121,P327,2.3000000000000007
P121,P12,2.700000000000001
P121,P212,3.0000000000000013
P121,P191,2.9000000000000012
P121,P349,5.1999999999999975
P121,P42,2.800000000000001
P121,P70,2.500000000000001
P121,P189,2.1000000000000005
P121,P92,2.800000000000001
P121,P409,1.8000000000000005
P121,P432,2.600000000000001
P121,P404,2.800000000000001
P121,P53,2.400000000000001
P121,P114,3.900000000000002
P121,P197,2.600000000000001
P121,P73,2.700000000000001
P121,P487,2.0000000000000004
P121,P458,3.5000000000000018
P121,P347,3.3000000000000016
P121,P380,3.0000000000000013
P121,P277,1.8000000000000005
P121,P7,2.700000000000001
P121,P305,5.899999999999995
P121,P49,1.9000000000000006
P121,P58,8.099999999999987
P121,P139,3.4000000000000017
P121,P354,6.5999999999999925
P121,P174,2.400000000000001
P121,P427,3.3000000000000016
P121,P154,2.600000000000001
P121,P280,25.40000000000009
P121,P324,5.1999999999999975
P121,P13,2.9000000000000012
P121,P473,3.600000000000002
P121,P440,2.9000000000000012
P121,P201,12.399999999999972
P121,P115,13.699999999999967
P121,P232,2.3000000000000007
P121,P257,13.09999999999997
P121,P330,4.000000000000002
P121,P475,8.199999999999987
P121,P269,10.999999999999977
P121,P265,3.700000000000002
P121,P393,1.7000000000000004
P121,P75,15.399999999999961
P121,P250,14.299999999999965
P121,P128,5.999999999999995
P121,P30,12.399999999999972
P121,P454,3.700000000000002
P121,P200,3.800000000000002
P121,P333,22.800000000000054
P121,P141,3.700000000000002
P121,P65,13.199999999999969
P121,P140,8.199999999999987
P121,P24,12.79999999999997
P121,P36,3.600000000000002
P121,P329,11.599999999999975
P121,P361,13.599999999999968
P121,P396,2.0000000000000004
P121,P184,2.0000000000000004
P121,P157,3.800000000000002
P121,P77,6.099999999999994
P121,P164,6.099999999999994
P121,P63,2.0000000000000004
P121,P130,1.9000000000000006
P121,P81,2.800000000000001
P121,P195,1.9000000000000006
P121,P498,6.199999999999994
P121,P267,2.700000000000001
P122,P317,3.900000000000002
P122,P345,2.9000000000000012
P122,P123,2.2000000000000006
P122,P108,4.899999999999999
P122,P482,2.400000000000001
P122,P485,3.5000000000000018
P122,P16,7.19999999999999
P122,P97,9.099999999999984
P122,P88,7.999999999999988
P123,P172,0.9999999999999999
P123,P345,2.800000000000001
P123,P363,4.000000000000002
P123,P122,2.2000000000000006
P123,P182,15.69999999999996
P123,P423,2.3000000000000007
P123,P263,2.1000000000000005
P123,P469,3.0000000000000013
P123,P4,0.8999999999999999
P123,P110,6.199999999999994
P123,P135,4.999999999999998
P123,P106,2.1000000000000005
P123,P318,1037.300000000152
P124,P455,2.2000000000000006
P124,P315,4.200000000000001
P124,P179,4.300000000000001
P124,P432,2.0000000000000004
P124,P49,4.100000000000001
P124,P140,2.400000000000001
P124,P4,4.699999999999999
P124,P156,6.699999999999992
P124,P387,11.599999999999975
P124,P287,7.999999999999988
P125,P474,2.600000000000001
P125,P44,2.9000000000000012
P125,P23,3.2000000000000015
P125,P165,3.0000000000000013
P125,P420,2.500000000000001
P125,P142,1.9000000000000006
P125,P203,2.700000000000001
P125,P402,1.5000000000000002
P125,P381,2.700000000000001
P125,P167,6.499999999999993
P125,P0,6.199999999999994
P125,P161,2.500000000000001
P125,P436,8.299999999999986
P125,P279,7.499999999999989
P125,P349,6.5999999999999925
P125,P61,6.199999999999994
P126,P391,1.6000000000000003
P126,P208,1.9000000000000006
P126,P93,8.199999999999987
P126,P211,3.4000000000000017
P126,P6,143.9999999999961
P126,P395,6.8999999999999915
P126,P359,2.500000000000001
P126,P149,3.3000000000000016
P126,P118,3.5000000000000018
P126,P97,3.3000000000000016
P126,P96,2.9000000000000012
P126,P375,3.700000000000002
P126,P344,2.700000000000001
P126,P156,3.5000000000000018
P126,P307,2.0000000000000004
P126,P79,3.800000000000002
P126,P300,4.899999999999999
P126,P485,6.099999999999994
P126,P44,2.3000000000000007
P126,P111,2.600000000000001
P126,P64,2.800000000000001
P126,P8,1.6000000000000003
P126,P130,2.400000000000001
P126,P252,2.700000000000001
P126,P363,8.699999999999985
P126,P313,2.600000000000001
P126,P275,1.8000000000000005
P126,P37,7.19999999999999
P126,P471,5.799999999999995
P126,P354,6.299999999999994
P126,P267,2.800000000000001
P126,P469,7.799999999999988
P126,P324,7.899999999999988
P126,P272,6.199999999999994
P126,P14,6.999999999999991
P126,P330,5.399999999999997
P126,P342,6.8999999999999915
P126,P161,6.199999999999994
P127,P2,212.19999999999223
P127,P163,2.700000000000001
P127,P267,2.400000000000001
P127,P27,2.1000000000000005
P127,P355,2.500000000000001
P127,P381,2.3000000000000007
P127,P403,3.600000000000002
P127,P507,2.800000000000001
P127,P158,4.000000000000002
P127,P82,2.800000000000001
P127,P342,1.6000000000000003
P127,P337,4.799999999999999
P127,P281,2.500000000000001
P127,P335,3.4000000000000017
P127,P258,2.700000000000001
P127,P298,3.1000000000000014
P127,P305,7.39999999999999
P127,P439,3.1000000000000014
P127,P309,2.2000000000000006
P127,P147,2.0000000000000004
P127,P179,2.700000000000001
P127,P452,2.9000000000000012
P127,P341,4.699999999999999
P127,P58,7.899999999999988
P127,P181,2.500000000000001
P127,P217,2.3000000000000007
P127,P194,2.700000000000001
P127,P481,1.8000000000000005
P127,P327,3.0000000000000013
P127,P212,4.300000000000001
P127,P102,2.1000000000000005
P127,P324,2.0000000000000004
P127,P349,1.7000000000000004
P127,P42,3.3000000000000016
P127,P189,2.700000000000001
P127,P92,3.800000000000002
P127,P146,4.300000000000001
P127,P491,27.000000000000114
P127,P432,3.2000000000000015
P127,P409,3.700000000000002
P127,P448,3.0000000000000013
P127,P404,2.2000000000000006
P127,P53,2.1000000000000005
P127,P114,3.1000000000000014
P127,P487,2.700000000000001
P127,P26,1.9000000000000006
P127,P73,3.0000000000000013
P127,P347,1.6000000000000003
P127,P458,1.8000000000000005
P127,P115,7.499999999999989
P127,P499,2.800000000000001
P127,P257,6.699999999999992
P127,P7,3.0000000000000013
P127,P293,1.4000000000000001
P127,P354,4.200000000000001
P127,P269,7.29999999999999
P127,P250,6.5999999999999925
P127,P427,2.3000000000000007
P127,P30,4.6
P127,P390,3.1000000000000014
P127,P440,2.500000000000001
P127,P333,5.399999999999997
P127,P330,4.200000000000001
P127,P65,4.699999999999999
P127,P24,6.999999999999991
P127,P480,1.6000000000000003
P127,P220,15.099999999999962
P127,P260,16.399999999999963
P127,P296,2.9000000000000012
P128,P241,4.4
P128,P74,1.7000000000000004
P128,P490,2.800000000000001
P128,P264,2.2000000000000006
P128,P387,2.800000000000001
P128,P50,2.3000000000000007
P128,P398,1.9000000000000006
P128,P140,2.500000000000001
P128,P38,7.099999999999991
P128,P18,2.1000000000000005
P128,P141,3.5000000000000018
P128,P378,2.400000000000001
P128,P348,1.8000000000000005
P128,P233,5.399999999999997
P128,P134,3.3000000000000016
P128,P413,3.1000000000000014
P128,P40,2.700000000000001
P128,P468,2.800000000000001
P128,P104,4.699999999999999
P128,P184,5.1999999999999975
P128,P491,3.4000000000000017
P128,P370,1.8000000000000005
P128,P236,2.600000000000001
P128,P6,2.400000000000001
P128,P24,8.399999999999986
P128,P65,5.599999999999996
P128,P329,2.600000000000001
P128,P333,7.499999999999989
P128,P242,3.1000000000000014
P128,P419,2.3000000000000007
P128,P431,3.2000000000000015
P128,P26,2.500000000000001
P128,P321,3.0000000000000013
P128,P358,2.700000000000001
P128,P30,7.499999999999989
P128,P433,3.1000000000000014
P128,P203,2.500000000000001
P128,P80,3.0000000000000013
P128,P121,5.999999999999995
P128,P280,2.9000000000000012
P128,P112,4.000000000000002
P128,P282,3.4000000000000017
P128,P250,4.699999999999999
P128,P75,7.099999999999991
P128,P269,6.499999999999993
P128,P475,6.099999999999994
P128,P248,2.3000000000000007
P128,P374,2.1000000000000005
P128,P257,6.299999999999994
P128,P115,8.099999999999987
P128,P201,7.699999999999989
P128,P470,2.700000000000001
P128,P324,7.899999999999988
P128,P448,4.899999999999999
P128,P359,4.799999999999999
P128,P354,6.299999999999994
P128,P47,4.000000000000002
P128,P58,8.999999999999984
P128,P277,2.9000000000000012
P128,P305,7.19999999999999
P128,P353,3.600000000000002
P128,P43,1.7000000000000004
P128,P418,2.3000000000000007
P128,P160,2.1000000000000005
P128,P164,2.3000000000000007
P128,P434,6.5999999999999925
P128,P396,2.2000000000000006
P128,P70,11.199999999999976
P128,P218,1.6000000000000003
P128,P409,8.899999999999984
P128,P345,2.9000000000000012
P128,P68,9.599999999999982
P128,P86,2.600000000000001
P128,P158,3.4000000000000017
P128,P8,5.399999999999997
P128,P278,6.999999999999991
P128,P309,6.999999999999991
P128,P458,3.0000000000000013
P128,P194,2.400000000000001
P128,P439,5.099999999999998
P128,P258,6.299999999999994
P128,P49,5.299999999999997
P128,P23,6.199999999999994
P128,P63,3.1000000000000014
P128,P62,3.0000000000000013
P128,P335,6.199999999999994
P128,P344,6.199999999999994
P128,P300,2.0000000000000004
P128,P132,4.000000000000002
P128,P81,2.9000000000000012
P128,P317,6.499999999999993
P128,P195,2.9000000000000012
P128,P204,1.5000000000000002
P128,P161,2.1000000000000005
P128,P16,6.199999999999994
P129,P239,3.1000000000000014
P129,P172,2.500000000000001
P129,P345,2.2000000000000006
P129,P64,2.800000000000001
P129,P195,1.8000000000000005
P129,P198,2.400000000000001
P129,P497,8.799999999999985
P129,P268,8.799999999999985
P129,P483,6.299999999999994
P129,P416,1.5000000000000002
P129,P157,6.499999999999993
P129,P13,5.599999999999996
P129,P336,8.399999999999986
P130,P313,4.200000000000001
P130,P291,2.9000000000000012
P130,P69,5.899999999999995
P130,P166,4.4
P130,P363,7.19999999999999
P130,P126,2.400000000000001
P130,P311,3.4000000000000017
P130,P494,8.199999999999987
P130,P330,3.600000000000002
P130,P0,7.499999999999989
P130,P341,8.499999999999986
P130,P407,1.0999999999999999
P130,P70,4.699999999999999
P130,P508,169.79999999999464
P130,P397,3.0000000000000013
P130,P465,3.600000000000002
P130,P265,65.00000000000058
P130,P334,4.300000000000001
P130,P434,5.699999999999996
P130,P176,1.9000000000000006
P130,P145,2.400000000000001
P130,P218,2.2000000000000006
P130,P326,4.100000000000001
P130,P480,2.9000000000000012
P130,P385,1.7000000000000004
P130,P9,2.9000000000000012
P130,P305,6.5999999999999925
P130,P394,2.3000000000000007
P130,P236,2.3000000000000007
P130,P58,5.999999999999995
P130,P354,7.699999999999989
P130,P418,2.400000000000001
P130,P51,1.7000000000000004
P130,P469,9.799999999999981
P130,P280,3.4000000000000017
P130,P324,7.599999999999989
P130,P4,3.3000000000000016
P130,P47,6.699999999999992
P130,P272,4.300000000000001
P130,P201,6.399999999999993
P130,P14,2.9000000000000012
P130,P115,7.39999999999999
P130,P498,7.39999999999999
P130,P257,7.999999999999988
P130,P475,5.799999999999995
P130,P140,5.1999999999999975
P130,P121,1.9000000000000006
P130,P269,9.99999999999998
P130,P248,2.2000000000000006
P130,P75,8.499999999999986
P130,P76,3.900000000000002
P130,P242,3.3000000000000016
P130,P77,8.699999999999985
P130,P164,8.699999999999985
P130,P150,1.9000000000000006
P130,P250,7.699999999999989
P130,P30,0.6
P130,P40,0.6
P130,P112,0.5
P131,P418,3.0000000000000013
P131,P101,6.999999999999991
P131,P93,87.89999999999928
P131,P222,2.0000000000000004
P131,P395,5.1999999999999975
P131,P359,1.4000000000000001
P131,P149,2.2000000000000006
P131,P97,2.700000000000001
P131,P118,2.800000000000001
P131,P96,2.500000000000001
P131,P375,3.4000000000000017
P131,P344,2.0000000000000004
P131,P171,4.100000000000001
P131,P307,3.900000000000002
P131,P485,3.600000000000002
P131,P79,3.1000000000000014
P131,P300,3.600000000000002
P131,P111,4.999999999999998
P131,P213,1.8000000000000005
P131,P417,11.499999999999975
P131,P23,3.800000000000002
P131,P204,5.599999999999996
P131,P314,2.3000000000000007
P131,P278,5.699999999999996
P131,P430,8.099999999999987
P131,P249,2.9000000000000012
P131,P197,4.100000000000001
P131,P380,1.8000000000000005
P131,P49,2.9000000000000012
P131,P261,1.7000000000000004
P131,P71,2.1000000000000005
P131,P136,3.600000000000002
P131,P288,2.2000000000000006
P131,P490,2.600000000000001
P131,P423,1.8000000000000005
P131,P212,3.1000000000000014
P131,P293,2.1000000000000005
P132,P74,12.599999999999971
P132,P14,4.4
P132,P302,3.800000000000002
P132,P172,8.399999999999986
P132,P327,1.7000000000000004
P132,P383,108.7999999999981
P132,P114,3.1000000000000014
P132,P93,14.099999999999966
P132,P63,4.300000000000001
P132,P117,12.299999999999972
P132,P60,2.600000000000001
P132,P179,8.299999999999986
P132,P347,1.6000000000000003
P132,P444,3.700000000000002
P132,P261,2.1000000000000005
P132,P241,2.9000000000000012
P132,P427,12.299999999999972
P132,P395,6.099999999999994
P132,P488,5.1999999999999975
P132,P314,8.099999999999987
P132,P473,2.9000000000000012
P132,P440,3.3000000000000016
P132,P371,4.100000000000001
P132,P170,6.999999999999991
P132,P199,6.999999999999991
P132,P232,1.7000000000000004
P132,P228,9.099999999999984
P132,P116,8.499999999999986
P132,P136,2.800000000000001
P132,P393,3.3000000000000016
P132,P415,2.700000000000001
P132,P253,2.1000000000000005
P132,P128,4.000000000000002
P132,P335,6.199999999999994
P132,P344,6.199999999999994
P132,P173,4.300000000000001
P132,P246,2.800000000000001
P132,P23,11.099999999999977
P132,P81,6.699999999999992
P132,P317,6.799999999999992
P132,P195,5.799999999999995
P132,P267,4.100000000000001
P132,P141,7.999999999999988
P132,P477,10.899999999999977
P132,P337,9.499999999999982
P132,P342,7.19999999999999
P132,P161,8.899999999999984
P132,P83,7.29999999999999
P132,P490,9.199999999999983
P132,P423,5.999999999999995
P132,P169,5.799999999999995
P132,P82,6.499999999999993
P132,P457,6.299999999999994
P132,P155,4.699999999999999
P132,P407,6.699999999999992
P132,P397,7.599999999999989
P132,P334,7.699999999999989
P132,P176,7.19999999999999
P132,P218,7.29999999999999
P132,P480,8.399999999999986
P132,P385,9.99999999999998
P132,P502,4.6
P132,P41,7.899999999999988
P132,P49,1368.5999999998508
P133,P63,3.900000000000002
P133,P357,1.8000000000000005
P133,P167,4.5
P133,P118,4.699999999999999
P133,P395,6.8999999999999915
P133,P97,3.5000000000000018
P133,P96,2.3000000000000007
P133,P344,3.4000000000000017
P133,P375,6.199999999999994
P133,P156,5.599999999999996
P133,P199,5.599999999999996
P133,P79,2.1000000000000005
P133,P485,3.800000000000002
P133,P44,3.5000000000000018
P133,P300,1.9000000000000006
P133,P111,3.2000000000000015
P133,P213,2.0000000000000004
P133,P417,4.899999999999999
P133,P204,2.0000000000000004
P133,P314,2.400000000000001
P133,P255,1.9000000000000006
P133,P23,6.799999999999992
P133,P163,1.6000000000000003
P133,P267,2.1000000000000005
P133,P27,2.3000000000000007
P133,P164,2.500000000000001
P133,P278,9.199999999999983
P133,P381,6.099999999999994
P133,P403,1.8000000000000005
P133,P201,15.299999999999962
P133,P507,2.700000000000001
P133,P158,2.800000000000001
P133,P342,3.5000000000000018
P133,P337,2.3000000000000007
P133,P281,1.5000000000000002
P133,P335,2.600000000000001
P133,P258,2.700000000000001
P133,P298,3.600000000000002
P133,P439,3.0000000000000013
P133,P193,3.5000000000000018
P133,P309,3.4000000000000017
P133,P147,2.700000000000001
P133,P179,3.5000000000000018
P133,P181,2.500000000000001
P133,P452,2.0000000000000004
P133,P341,2.0000000000000004
P133,P386,2.3000000000000007
P133,P217,1.9000000000000006
P133,P194,2.500000000000001
P133,P481,2.2000000000000006
P133,P327,1.5000000000000002
P133,P155,3.700000000000002
P133,P212,2.500000000000001
P133,P102,2.600000000000001
P133,P191,2.2000000000000006
P133,P349,6.399999999999993
P133,P42,3.5000000000000018
P133,P70,1.7000000000000004
P133,P189,2.0000000000000004
P133,P92,2.2000000000000006
P133,P305,6.399999999999993
P133,P432,1.8000000000000005
P133,P409,3.4000000000000017
P133,P448,3.1000000000000014
P133,P404,2.600000000000001
P133,P53,2.0000000000000004
P133,P58,7.799999999999988
P133,P114,3.700000000000002
P133,P487,2.400000000000001
P133,P197,4.200000000000001
P133,P73,1.8000000000000005
P133,P347,2.700000000000001
P133,P458,2.9000000000000012
P133,P277,3.0000000000000013
P133,P7,5.099999999999998
P133,P354,3.700000000000002
P133,P324,7.29999999999999
P133,P139,2.1000000000000005
P133,P321,4.000000000000002
P133,P415,4.799999999999999
P133,P143,7.19999999999999
P133,P460,13.999999999999966
P133,P312,13.699999999999967
P133,P137,6.699999999999992
P133,P160,2.2000000000000006
P134,P101,2.3000000000000007
P134,P222,2.400000000000001
P134,P395,2.3000000000000007
P134,P329,2.600000000000001
P134,P359,4.000000000000002
P134,P118,2.3000000000000007
P134,P424,178.39999999999415
P134,P344,2.0000000000000004
P134,P307,2.800000000000001
P134,P300,2.1000000000000005
P134,P79,1.9000000000000006
P134,P111,4.000000000000002
P134,P213,2.600000000000001
P134,P278,2.2000000000000006
P134,P457,2.9000000000000012
P134,P204,2.400000000000001
P134,P468,4.300000000000001
P134,P163,2.500000000000001
P134,P267,3.4000000000000017
P134,P27,5.299999999999997
P134,P355,2.600000000000001
P134,P381,5.099999999999998
P134,P403,3.2000000000000015
P134,P305,6.699999999999992
P134,P507,3.2000000000000015
P134,P158,2.800000000000001
P134,P82,4.000000000000002
P134,P58,5.799999999999995
P134,P342,2.800000000000001
P134,P337,4.000000000000002
P134,P281,3.5000000000000018
P134,P298,5.699999999999996
P134,P439,2.600000000000001
P134,P147,2.2000000000000006
P134,P179,2.600000000000001
P134,P341,6.299999999999994
P134,P452,2.400000000000001
P134,P181,1.7000000000000004
P134,P217,2.0000000000000004
P134,P157,4.4
P134,P481,4.100000000000001
P134,P194,1.5000000000000002
P134,P327,2.800000000000001
P134,P506,3.4000000000000017
P134,P212,2.800000000000001
P134,P102,2.1000000000000005
P134,P230,13.299999999999969
P134,P349,3.0000000000000013
P134,P257,7.599999999999989
P134,P42,2.0000000000000004
P134,P189,3.4000000000000017
P134,P115,1.4000000000000001
P134,P92,2.700000000000001
P134,P146,2.2000000000000006
P134,P432,2.800000000000001
P134,P448,6.499999999999993
P134,P404,3.0000000000000013
P134,P53,2.3000000000000007
P134,P269,9.399999999999983
P134,P114,2.400000000000001
P134,P487,4.100000000000001
P134,P26,3.1000000000000014
P134,P73,2.9000000000000012
P134,P347,2.1000000000000005
P134,P458,2.3000000000000007
P134,P499,2.2000000000000006
P134,P7,3.900000000000002
P134,P113,4.999999999999998
P134,P354,4.4
P134,P250,9.499999999999982
P134,P30,10.19999999999998
P134,P427,3.5000000000000018
P134,P333,13.399999999999968
P134,P24,12.79999999999997
P134,P390,3.0000000000000013
P134,P330,3.3000000000000016
P134,P128,3.3000000000000016
P134,P233,18.099999999999987
P134,P310,14.299999999999965
P134,P242,2.0000000000000004
P134,P203,2.800000000000001
P134,P80,2.0000000000000004
P134,P65,7.099999999999991
P134,P71,4.000000000000002
P134,P398,3.800000000000002
P134,P264,94.39999999999891
P134,P402,2.1000000000000005
P134,P353,2.600000000000001
P134,P77,4.999999999999998
P134,P43,4.000000000000002
P134,P75,7.099999999999991
P134,P311,6.399999999999993
P135,P207,2.3000000000000007
P135,P293,2.9000000000000012
P135,P439,3.700000000000002
P135,P147,3.5000000000000018
P135,P341,4.000000000000002
P135,P179,2.600000000000001
P135,P452,2.9000000000000012
P135,P232,7.29999999999999
P135,P269,7.799999999999988
P135,P181,1.6000000000000003
P135,P217,2.2000000000000006
P135,P481,2.9000000000000012
P135,P506,2.0000000000000004
P135,P212,2.0000000000000004
P135,P30,5.699999999999996
P135,P349,4.4
P135,P189,4.999999999999998
P135,P92,2.1000000000000005
P135,P146,3.0000000000000013
P135,P432,2.400000000000001
P135,P53,4.000000000000002
P135,P404,3.1000000000000014
P135,P487,3.0000000000000013
P135,P26,3.5000000000000018
P135,P333,7.29999999999999
P135,P347,3.1000000000000014
P135,P499,3.4000000000000017
P135,P9,3.900000000000002
P135,P7,3.4000000000000017
P135,P113,2.500000000000001
P135,P24,8.299999999999986
P135,P354,3.700000000000002
P135,P250,1.9000000000000006
P135,P427,5.099999999999998
P135,P390,2.9000000000000012
P135,P233,7.799999999999988
P135,P330,2.0000000000000004
P135,P74,1.8000000000000005
P135,P256,4.899999999999999
P135,P215,4.5
P135,P110,13.499999999999968
P135,P123,4.999999999999998
P135,P295,7.499999999999989
P135,P301,6.699999999999992
P136,P327,2.600000000000001
P136,P102,1.7000000000000004
P136,P94,2.500000000000001
P136,P114,9.99999999999998
P136,P475,1.9000000000000006
P136,P151,2.400000000000001
P136,P145,4.799999999999999
P136,P316,2.2000000000000006
P136,P180,10.599999999999978
P136,P76,2.1000000000000005
P136,P325,2.9000000000000012
P136,P131,3.600000000000002
P136,P377,5.799999999999995
P136,P272,3.700000000000002
P136,P354,5.4999999999999964
P136,P448,4.4
P136,P58,6.699999999999992
P136,P359,5.399999999999997
P136,P305,9.699999999999982
P136,P296,3.0000000000000013
P136,P47,2.400000000000001
P136,P402,2.2000000000000006
P136,P277,2.9000000000000012
P136,P353,1.8000000000000005
P136,P43,6.399999999999993
P136,P434,7.099999999999991
P136,P418,2.0000000000000004
P136,P160,2.3000000000000007
P136,P70,6.299999999999994
P136,P164,2.3000000000000007
P136,P396,3.5000000000000018
P136,P409,5.599999999999996
P136,P218,2.500000000000001
P136,P68,5.799999999999995
P136,P496,2.700000000000001
P136,P8,7.099999999999991
P136,P278,6.399999999999993
P136,P309,6.399999999999993
P136,P439,7.999999999999988
P136,P86,2.400000000000001
P136,P158,5.1999999999999975
P136,P258,5.999999999999995
P136,P49,5.699999999999996
P136,P23,8.199999999999987
P136,P458,1.7000000000000004
P136,P194,3.0000000000000013
P136,P335,7.29999999999999
P136,P344,7.29999999999999
P136,P63,2.700000000000001
P136,P62,3.800000000000002
P136,P300,3.3000000000000016
P136,P132,2.800000000000001
P136,P317,1.7000000000000004
P136,P116,7.099999999999991
P136,P195,3.800000000000002
P136,P204,2.700000000000001
P136,P228,5.399999999999997
P136,P337,2.700000000000001
P136,P342,3.0000000000000013
P136,P170,5.599999999999996
P136,P199,5.599999999999996
P136,P83,2.700000000000001
P136,P314,8.499999999999986
P136,P427,2.1000000000000005
P136,P169,3.1000000000000014
P136,P82,4.300000000000001
P136,P395,7.799999999999988
P136,P155,4.100000000000001
P136,P281,2.600000000000001
P136,P93,4.899999999999999
P136,P473,7.899999999999988
P136,P117,7.599999999999989
P136,P432,2.800000000000001
P136,P495,7.29999999999999
P136,P34,7.799999999999988
P136,P149,6.299999999999994
P136,P507,7.29999999999999
P136,P488,2.3000000000000007
P136,P189,3.5000000000000018
P136,P163,7.099999999999991
P136,P500,7.29999999999999
P136,P118,6.399999999999993
P136,P404,5.699999999999996
P136,P452,5.999999999999995
P136,P42,2.3000000000000007
P136,P181,6.999999999999991
P136,P383,0.9999999999999999
P136,P380,2.700000000000001
P136,P481,3.700000000000002
P136,P391,8.299999999999986
P136,P261,2.500000000000001
P136,P347,2.500000000000001
P136,P209,5.299999999999997
P137,P5,3.1000000000000014
P137,P468,2.800000000000001
P137,P163,2.400000000000001
P137,P267,3.2000000000000015
P137,P27,2.700000000000001
P137,P355,2.9000000000000012
P137,P381,1.7000000000000004
P137,P403,2.700000000000001
P137,P103,250.59999999999005
P137,P507,3.4000000000000017
P137,P158,2.3000000000000007
P137,P305,5.099999999999998
P137,P82,3.3000000000000016
P137,P58,6.099999999999994
P137,P342,1.7000000000000004
P137,P337,3.2000000000000015
P137,P281,1.8000000000000005
P137,P298,2.3000000000000007
P137,P439,2.9000000000000012
P137,P147,2.400000000000001
P137,P179,3.5000000000000018
P137,P341,3.0000000000000013
P137,P452,2.800000000000001
P137,P181,4.200000000000001
P137,P461,11.899999999999974
P137,P440,4.200000000000001
P137,P415,3.2000000000000015
P137,P240,2.0000000000000004
P137,P143,8.399999999999986
P137,P460,8.399999999999986
P137,P133,6.699999999999992
P137,P160,7.29999999999999
P138,P111,2.800000000000001
P138,P278,1.8000000000000005
P138,P457,3.5000000000000018
P138,P204,3.900000000000002
P138,P267,2.800000000000001
P138,P355,2.3000000000000007
P138,P381,3.3000000000000016
P138,P257,9.99999999999998
P138,P403,2.500000000000001
P138,P190,2.700000000000001
P138,P346,2.1000000000000005
P138,P507,3.5000000000000018
P138,P158,2.500000000000001
P138,P140,9.199999999999983
P138,P269,3.5000000000000018
P138,P342,2.2000000000000006
P138,P337,2.9000000000000012
P138,P281,3.900000000000002
P138,P439,4.4
P138,P181,1.9000000000000006
P138,P217,2.600000000000001
P138,P191,4.4
P138,P502,2.400000000000001
P138,P73,2.1000000000000005
P138,P458,2.600000000000001
P138,P377,3.0000000000000013
P138,P301,6.499999999999993
P138,P219,7.19999999999999
P138,P397,2.0000000000000004
P138,P325,4.000000000000002
P138,P223,5.999999999999995
P138,P318,8.599999999999985
P138,P319,10.399999999999979
P138,P508,3.0000000000000013
P138,P47,13.299999999999969
P138,P81,2.3000000000000007
P138,P14,1.7000000000000004
P139,P4,2.400000000000001
P139,P455,2.600000000000001
P139,P107,2.0000000000000004
P139,P148,2.400000000000001
P139,P194,4.300000000000001
P139,P178,2.700000000000001
P139,P243,1.9000000000000006
P139,P143,6.299999999999994
P139,P242,2.400000000000001
P139,P133,2.1000000000000005
P139,P201,1.8000000000000005
P139,P419,1.9000000000000006
P139,P142,1.9000000000000006
P139,P505,3.2000000000000015
P139,P324,9.599999999999982
P139,P431,2.700000000000001
P139,P26,2.3000000000000007
P139,P240,2.2000000000000006
P139,P358,1.7000000000000004
P139,P433,2.500000000000001
P139,P80,4.899999999999999
P139,P354,6.8999999999999915
P139,P121,3.4000000000000017
P139,P280,3.2000000000000015
P139,P112,2.700000000000001
P139,P282,2.500000000000001
P139,P58,7.29999999999999
P139,P305,8.499999999999986
P139,P248,4.300000000000001
P139,P374,2.800000000000001
P139,P430,2.0000000000000004
P139,P434,9.99999999999998
P139,P70,7.599999999999989
P139,P272,1.8000000000000005
P139,P409,5.299999999999997
P139,P359,2.500000000000001
P139,P68,7.899999999999988
P139,P444,222.39999999999165
P139,P296,2.9000000000000012
P139,P47,1.6000000000000003
P139,P8,5.599999999999996
P139,P402,4.5
P139,P353,4.300000000000001
P139,P278,7.799999999999988
P139,P309,7.799999999999988
P139,P439,6.299999999999994
P139,P43,2.600000000000001
P139,P49,7.39999999999999
P139,P418,3.5000000000000018
P139,P160,2.9000000000000012
P139,P23,6.999999999999991
P139,P164,4.100000000000001
P139,P335,11.899999999999974
P139,P218,5.099999999999998
P139,P509,3.4000000000000017
P139,P261,3.2000000000000015
P139,P241,2.800000000000001
P139,P479,2.0000000000000004
P139,P174,2.2000000000000006
P139,P154,0.7999999999999999
P139,P270,8.499999999999986
P139,P234,5.999999999999995
P139,P405,5.599999999999996
P139,P197,9.799999999999981
P140,P393,3.3000000000000016
P140,P77,8.599999999999985
P140,P39,6.699999999999992
P140,P138,9.199999999999983
P140,P269,8.699999999999985
P140,P342,4.699999999999999
P140,P337,2.700000000000001
P140,P341,3.3000000000000016
P140,P147,3.3000000000000016
P140,P452,3.4000000000000017
P140,P179,1.9000000000000006
P140,P263,0.1
P140,P30,8.299999999999986
P140,P481,2.700000000000001
P140,P506,2.600000000000001
P140,P212,2.3000000000000007
P140,P333,6.8999999999999915
P140,P24,10.599999999999978
P140,P349,2.500000000000001
P140,P146,2.400000000000001
P140,P92,2.2000000000000006
P140,P432,2.700000000000001
P140,P53,3.600000000000002
P140,P404,3.2000000000000015
P140,P124,2.400000000000001
P140,P38,16.399999999999963
P140,P128,2.500000000000001
P140,P449,3.2000000000000015
P140,P200,4.000000000000002
P140,P36,113.69999999999781
P140,P378,2.800000000000001
P140,P348,2.2000000000000006
P140,P413,3.4000000000000017
P140,P40,1.9000000000000006
P140,P468,1.7000000000000004
P140,P104,4.100000000000001
P140,P370,2.2000000000000006
P140,P233,6.999999999999991
P140,P236,7.599999999999989
P140,P6,4.999999999999998
P140,P242,9.299999999999983
P140,P419,2.2000000000000006
P140,P26,1.8000000000000005
P140,P358,3.1000000000000014
P140,P203,2.9000000000000012
P140,P80,2.0000000000000004
P140,P121,8.199999999999987
P140,P65,7.899999999999988
P140,P112,4.799999999999999
P140,P470,2.700000000000001
P140,P250,9.199999999999983
P140,P75,6.399999999999993
P140,P74,6.799999999999992
P140,P71,7.39999999999999
P140,P448,6.999999999999991
P140,P359,4.200000000000001
P140,P484,6.199999999999994
P140,P402,5.399999999999997
P140,P277,6.699999999999992
P140,P353,7.899999999999988
P140,P43,5.699999999999996
P140,P264,6.5999999999999925
P140,P164,6.399999999999993
P140,P326,5.4999999999999964
P140,P480,5.799999999999995
P140,P466,7.699999999999989
P140,P396,5.899999999999995
P140,P491,6.8999999999999915
P140,P469,6.299999999999994
P140,P9,5.799999999999995
P140,P498,7.099999999999991
P140,P394,6.099999999999994
P140,P51,7.29999999999999
P140,P280,6.499999999999993
P140,P489,8.099999999999987
P140,P86,6.999999999999991
P140,P4,4.899999999999999
P140,P17,4.799999999999999
P140,P272,8.199999999999987
P140,P184,5.4999999999999964
P140,P14,7.599999999999989
P140,P157,7.599999999999989
P140,P63,7.19999999999999
P140,P130,5.1999999999999975
P140,P265,5.599999999999996
P140,P81,7.39999999999999
P140,P248,8.199999999999987
P140,P76,8.099999999999987
P141,P395,14.199999999999966
P141,P329,4.100000000000001
P141,P359,4.100000000000001
P141,P344,10.599999999999978
P141,P300,5.899999999999995
P141,P111,2.0000000000000004
P141,P213,2.600000000000001
P141,P278,6.299999999999994
P141,P457,2.400000000000001
P141,P204,3.4000000000000017
P141,P144,2.600000000000001
P141,P163,11.799999999999974
P141,P305,14.099999999999966
P141,P267,7.29999999999999
P141,P355,2.2000000000000006
P141,P381,3.800000000000002
P141,P403,2.500000000000001
P141,P346,2.500000000000001
P141,P507,11.099999999999977
P141,P158,6.299999999999994
P141,P82,5.1999999999999975
P141,P342,4.999999999999998
P141,P337,5.699999999999996
P141,P281,1.5000000000000002
P141,P257,14.399999999999965
P141,P439,8.499999999999986
P141,P147,2.3000000000000007
P141,P179,2.1000000000000005
P141,P341,1.9000000000000006
P141,P452,1.3
P141,P181,1.9000000000000006
P141,P217,3.5000000000000018
P141,P481,5.399999999999997
P141,P269,13.499999999999968
P141,P506,1.7000000000000004
P141,P212,4.899999999999999
P141,P349,2.700000000000001
P141,P502,4.6
P141,P30,15.499999999999961
P141,P189,6.299999999999994
P141,P92,2.9000000000000012
P141,P146,2.2000000000000006
P141,P440,73.4000000000001
P141,P432,1.9000000000000006
P141,P53,3.0000000000000013
P141,P404,4.6
P141,P487,3.0000000000000013
P141,P26,4.699999999999999
P141,P347,2.600000000000001
P141,P499,2.800000000000001
P141,P9,2.3000000000000007
P141,P7,2.500000000000001
P141,P113,4.100000000000001
P141,P333,10.29999999999998
P141,P354,9.699999999999982
P141,P250,13.399999999999968
P141,P24,10.799999999999978
P141,P427,5.299999999999997
P141,P390,5.599999999999996
P141,P378,2.800000000000001
P141,P233,11.999999999999973
P141,P330,3.4000000000000017
P141,P128,3.5000000000000018
P141,P449,3.2000000000000015
P141,P38,13.999999999999966
P141,P200,3.4000000000000017
P141,P348,5.4999999999999964
P141,P413,3.3000000000000016
P141,P40,3.700000000000002
P141,P468,5.699999999999996
P141,P104,2.800000000000001
P141,P370,2.700000000000001
P141,P236,3.4000000000000017
P141,P6,3.600000000000002
P141,P242,3.900000000000002
P141,P419,1.5000000000000002
P141,P358,2.2000000000000006
P141,P65,5.4999999999999964
P141,P203,3.1000000000000014
P141,P80,2.700000000000001
P141,P121,3.700000000000002
P141,P112,3.0000000000000013
P141,P470,1.6000000000000003
P141,P77,7.999999999999988
P141,P75,6.199999999999994
P141,P475,7.099999999999991
P141,P71,1.7000000000000004
P141,P448,2.2000000000000006
P141,P115,5.599999999999996
P141,P201,8.199999999999987
P141,P47,2.700000000000001
P141,P277,2.2000000000000006
P141,P353,4.799999999999999
P141,P324,5.699999999999996
P141,P43,2.2000000000000006
P141,P418,4.000000000000002
P141,P160,1.6000000000000003
P141,P58,7.099999999999991
P141,P164,3.900000000000002
P141,P396,2.400000000000001
P141,P218,2.3000000000000007
P141,P434,4.5
P141,P86,2.800000000000001
P141,P70,4.100000000000001
P141,P194,2.700000000000001
P141,P409,7.799999999999988
P141,P68,5.999999999999995
P141,P63,3.1000000000000014
P141,P105,2.500000000000001
P141,P8,6.199999999999994
P141,P265,2.400000000000001
P141,P62,2.600000000000001
P141,P508,2.3000000000000007
P141,P309,4.300000000000001
P141,P81,2.700000000000001
P141,P317,3.4000000000000017
P141,P258,6.8999999999999915
P141,P195,3.3000000000000016
P141,P49,7.999999999999988
P141,P132,7.999999999999988
P141,P23,8.399999999999986
P141,P161,2.800000000000001
P141,P83,2.700000000000001
P141,P335,8.399999999999986
P141,P169,1.4000000000000001
P141,P155,2.3000000000000007
P141,P116,5.999999999999995
P141,P228,5.699999999999996
P141,P246,5.699999999999996
P141,P170,6.399999999999993
P141,P199,6.399999999999993
P141,P314,5.899999999999995
P141,P478,2.700000000000001
P141,P93,8.199999999999987
P141,P415,3.700000000000002
P141,P473,8.099999999999987
P141,P117,6.299999999999994
P141,P446,2.0000000000000004
P141,P495,7.499999999999989
P141,P42,1.8000000000000005
P141,P34,9.699999999999982
P141,P306,1.9000000000000006
P141,P149,5.399999999999997
P141,P383,2.500000000000001
P141,P88,0.9999999999999999
P141,P380,2.3000000000000007
P141,P261,2.400000000000001
P142,P382,88.89999999999922
P142,P125,1.9000000000000006
P142,P346,2.9000000000000012
P142,P347,2.400000000000001
P142,P458,2.500000000000001
P142,P505,57.80000000000055
P142,P277,2.800000000000001
P142,P7,2.3000000000000007
P142,P354,2.600000000000001
P142,P419,48.300000000000416
P142,P324,6.199999999999994
P142,P139,1.9000000000000006
P142,P201,8.699999999999985
P142,P154,2.3000000000000007
P142,P427,3.0000000000000013
P142,P13,2.600000000000001
P142,P115,6.799999999999992
P142,P473,3.700000000000002
P142,P257,8.799999999999985
P142,P390,2.800000000000001
P142,P440,2.500000000000001
P142,P269,6.199999999999994
P142,P75,5.899999999999995
P142,P232,2.400000000000001
P142,P330,2.800000000000001
P142,P250,8.299999999999986
P142,P475,2.9000000000000012
P142,P377,2.0000000000000004
P142,P30,5.999999999999995
P142,P265,3.5000000000000018
P143,P71,2.2000000000000006
P143,P354,3.2000000000000015
P143,P82,9.299999999999983
P143,P275,6.299999999999994
P143,P316,8.799999999999985
P143,P368,9.499999999999982
P143,P194,8.799999999999985
P143,P165,6.299999999999994
P143,P139,6.299999999999994
P143,P321,5.399999999999997
P143,P415,8.799999999999985
P143,P449,5.1999999999999975
P143,P133,7.19999999999999
P143,P137,8.399999999999986
P143,P326,5.4999999999999964
P143,P146,5.099999999999998
P143,P160,7.19999999999999
P143,P320,9.99999999999998
P144,P325,2.700000000000001
P144,P232,2.9000000000000012
P144,P305,2.800000000000001
P144,P141,2.600000000000001
P144,P378,2.800000000000001
P144,P238,4.000000000000002
P144,P58,1.9000000000000006
P144,P51,3.600000000000002
P144,P251,2.800000000000001
P144,P456,2.9000000000000012
P144,P0,6.299999999999994
P144,P341,5.099999999999998
P144,P46,7.29999999999999
P144,P173,1.9000000000000006
P144,P98,6.799999999999992
P144,P247,6.799999999999992
P144,P192,7.29999999999999
P145,P268,3.4000000000000017
P145,P450,5.4999999999999964
P145,P380,2.0000000000000004
P145,P316,140.19999999999632
P145,P321,2.0000000000000004
P145,P180,14.099999999999966
P145,P136,4.799999999999999
P145,P490,3.900000000000002
P145,P325,2.3000000000000007
P145,P4,1.2
P145,P94,3.800000000000002
P145,P296,3.5000000000000018
P145,P354,6.399999999999993
P145,P17,2.2000000000000006
P145,P58,5.4999999999999964
P145,P305,7.39999999999999
P145,P184,2.2000000000000006
P145,P63,3.1000000000000014
P145,P105,3.1000000000000014
P145,P62,1.7000000000000004
P145,P265,1.9000000000000006
P145,P508,3.0000000000000013
P145,P130,2.400000000000001
P145,P300,4.5
P145,P218,31.300000000000175
P145,P81,3.0000000000000013
P145,P434,9.399999999999983
P145,P317,2.2000000000000006
P145,P195,3.800000000000002
P145,P267,2.400000000000001
P145,P70,6.8999999999999915
P145,P330,2.3000000000000007
P145,P337,3.4000000000000017
P145,P342,5.1999999999999975
P145,P161,2.700000000000001
P146,P510,5.099999999999998
P146,P154,3.2000000000000015
P146,P71,2.700000000000001
P146,P330,2.3000000000000007
P146,P38,2.800000000000001
P146,P387,2.500000000000001
P146,P398,2.0000000000000004
P146,P140,2.400000000000001
P146,P24,7.599999999999989
P146,P32,2.700000000000001
P146,P486,2.500000000000001
P146,P333,6.299999999999994
P146,P92,270.7999999999931
P146,P18,3.0000000000000013
P146,P135,3.0000000000000013
P146,P464,3.3000000000000016
P146,P141,2.2000000000000006
P146,P440,2.700000000000001
P146,P378,1.8000000000000005
P146,P30,7.19999999999999
P146,P51,2.400000000000001
P146,P269,6.199999999999994
P146,P134,2.2000000000000006
P146,P456,2.2000000000000006
P146,P103,4.100000000000001
P146,P257,6.999999999999991
P146,P115,7.699999999999989
P146,P40,2.800000000000001
P146,P468,2.3000000000000007
P146,P3,2.9000000000000012
P146,P65,2.2000000000000006
P146,P127,4.300000000000001
P146,P491,4.200000000000001
P146,P266,4.6
P146,P299,2.2000000000000006
P146,P326,3.2000000000000015
P146,P368,15.59999999999996
P146,P449,2.800000000000001
P146,P262,8.099999999999987
P146,P143,5.099999999999998
P146,P465,5.399999999999997
P146,P498,2.800000000000001
P146,P373,5.899999999999995
P146,P426,7.499999999999989
P146,P45,5.299999999999997
P146,P54,13.699999999999967
P146,P448,3.3000000000000016
P147,P427,3.2000000000000015
P147,P354,2.400000000000001
P147,P250,4.799999999999999
P147,P341,303.20000000000044
P147,P330,3.600000000000002
P147,P179,159.09999999999525
P147,P371,3.700000000000002
P147,P24,8.599999999999985
P147,P452,190.29999999999347
P147,P385,2.1000000000000005
P147,P387,2.500000000000001
P147,P140,3.3000000000000016
P147,P32,1.8000000000000005
P147,P486,3.3000000000000016
P147,P18,3.3000000000000016
P147,P269,4.699999999999999
P147,P135,3.5000000000000018
P147,P232,2.2000000000000006
P147,P141,2.3000000000000007
P147,P440,2.600000000000001
P147,P378,3.3000000000000016
P147,P257,7.999999999999988
P147,P110,2.2000000000000006
P147,P51,3.1000000000000014
P147,P134,2.2000000000000006
P147,P456,1.8000000000000005
P147,P137,2.400000000000001
P147,P103,3.0000000000000013
P147,P40,3.800000000000002
P147,P468,3.2000000000000015
P147,P324,2.2000000000000006
P147,P65,2.1000000000000005
P147,P58,9.599999999999982
P147,P127,2.0000000000000004
P147,P491,2.800000000000001
P147,P305,5.1999999999999975
P147,P171,2.9000000000000012
P147,P465,1.8000000000000005
P147,P246,2.0000000000000004
P147,P343,2.600000000000001
P147,P25,1.8000000000000005
P147,P6,2.9000000000000012
P147,P75,2.2000000000000006
P147,P245,3.5000000000000018
P147,P329,2.2000000000000006
P147,P394,3.3000000000000016
P147,P62,3.0000000000000013
P147,P242,1.9000000000000006
P147,P133,2.700000000000001
P147,P201,3.2000000000000015
P147,P419,3.4000000000000017
P147,P431,3.1000000000000014
P147,P240,5.999999999999995
P147,P358,2.400000000000001
P147,P80,4.200000000000001
P147,P451,2.500000000000001
P147,P280,3.0000000000000013
P147,P434,2.3000000000000007
P147,P112,5.999999999999995
P147,P282,2.0000000000000004
P147,P68,4.6
P147,P425,65.20000000000057
P147,P89,3.1000000000000014
P147,P248,1.9000000000000006
P147,P278,10.09999999999998
P147,P309,10.09999999999998
P147,P374,2.0000000000000004
P147,P439,5.099999999999998
P147,P8,1.7000000000000004
P147,P23,7.499999999999989
P147,P272,2.800000000000001
P147,P335,6.699999999999992
P147,P359,2.500000000000001
P147,P296,1.9000000000000006
P147,P16,6.699999999999992
P147,P107,3.1000000000000014
P147,P102,4.6
P147,P375,5.599999999999996
P148,P298,4.699999999999999
P148,P415,1.8000000000000005
P148,P139,2.400000000000001
P148,P50,4.000000000000002
P148,P455,8.699999999999985
P148,P4,7.899999999999988
P149,P65,4.000000000000002
P149,P491,4.200000000000001
P149,P131,2.2000000000000006
P149,P25,2.500000000000001
P149,P6,3.700000000000002
P149,P126,3.3000000000000016
P149,P75,2.9000000000000012
P149,P55,1.8000000000000005
P149,P435,5.299999999999997
P149,P394,3.1000000000000014
P149,P199,5.699999999999996
P149,P395,6.399999999999993
P149,P419,3.1000000000000014
P149,P201,4.999999999999998
P149,P431,5.4999999999999964
P149,P389,2.600000000000001
P149,P106,2.700000000000001
P149,P240,2.600000000000001
P149,P93,7.29999999999999
P149,P68,2.0000000000000004
P149,P117,2.700000000000001
P149,P116,2.9000000000000012
P149,P297,1.7000000000000004
P149,P358,2.500000000000001
P149,P80,2.9000000000000012
P149,P284,4.100000000000001
P149,P434,4.200000000000001
P149,P280,3.1000000000000014
P149,P112,2.0000000000000004
P149,P121,4.300000000000001
P149,P479,2.500000000000001
P149,P89,2.2000000000000006
P149,P459,2.400000000000001
P149,P495,7.29999999999999
P149,P248,2.1000000000000005
P149,P374,2.500000000000001
P149,P85,5.299999999999997
P149,P408,10.999999999999977
P149,P507,3.4000000000000017
P149,P298,2.500000000000001
P149,P481,2.2000000000000006
P149,P391,7.29999999999999
P149,P42,9.99999999999998
P149,P53,3.2000000000000015
P149,P404,9.89999999999998
P149,P432,9.199999999999983
P149,P452,5.999999999999995
P149,P383,8.099999999999987
P149,P118,7.699999999999989
P149,P347,1.7000000000000004
P149,P500,5.799999999999995
P149,P261,2.0000000000000004
P149,P163,7.999999999999988
P149,P488,5.899999999999995
P149,P440,8.299999999999986
P149,P232,6.199999999999994
P149,P136,6.299999999999994
P149,P478,6.299999999999994
P149,P189,8.799999999999985
P149,P173,7.799999999999988
P149,P88,9.299999999999983
P149,P306,5.599999999999996
P149,P141,5.399999999999997
P149,P477,5.999999999999995
P149,P74,6.699999999999992
P150,P349,4.6
P150,P108,2.400000000000001
P150,P38,6.8999999999999915
P150,P71,2.3000000000000007
P150,P113,2.800000000000001
P150,P402,3.600000000000002
P150,P353,2.2000000000000006
P150,P43,3.0000000000000013
P150,P233,7.499999999999989
P150,P24,5.999999999999995
P150,P65,7.699999999999989
P150,P333,6.999999999999991
P150,P184,4.4
P150,P157,4.000000000000002
P150,P30,6.299999999999994
P150,P63,1.6000000000000003
P150,P250,6.8999999999999915
P150,P130,1.9000000000000006
P150,P77,5.4999999999999964
P150,P164,5.4999999999999964
P150,P265,2.3000000000000007
P150,P75,8.899999999999984
P150,P81,2.500000000000001
P150,P269,0.1
P151,P266,7.699999999999989
P151,P468,2.500000000000001
P151,P496,1.6000000000000003
P151,P163,4.5
P151,P335,2.700000000000001
P151,P309,2.600000000000001
P151,P331,2.800000000000001
P151,P380,2.9000000000000012
P151,P180,6.199999999999994
P151,P321,3.800000000000002
P151,P136,2.400000000000001
P151,P429,5.4999999999999964
P151,P108,2.2000000000000006
P151,P104,2.700000000000001
P151,P304,7.799999999999988
P151,P80,2.400000000000001
P151,P402,4.300000000000001
P151,P353,2.9000000000000012
P151,P284,5.999999999999995
P151,P38,6.499999999999993
P152,P399,5.999999999999995
P152,P190,2.600000000000001
P152,P461,5.4999999999999964
P152,P177,108.99999999999808
P152,P155,1.9000000000000006
P152,P70,2.400000000000001
P152,P197,4.100000000000001
P152,P49,2.800000000000001
P152,P261,2.800000000000001
P152,P262,7.19999999999999
P152,P460,6.5999999999999925
P152,P426,5.799999999999995
P152,P285,1.7000000000000004
P152,P464,5.1999999999999975
P152,P45,4.699999999999999
P152,P296,2.400000000000001
P152,P26,9.099999999999984
P153,P19,0.6
P153,P279,7.29999999999999
P153,P64,6.8999999999999915
P153,P82,5.699999999999996
P153,P508,15.99999999999996
P153,P102,6.999999999999991
P153,P200,5.1999999999999975
P153,P441,6.299999999999994
P153,P100,5.999999999999995
P154,P146,3.2000000000000015
P154,P74,71.10000000000024
P154,P90,2.0000000000000004
P154,P415,1.7000000000000004
P154,P192,9.399999999999983
P154,P120,4.799999999999999
P154,P246,2.400000000000001
P154,P236,3.4000000000000017
P154,P115,6.099999999999994
P154,P394,2.2000000000000006
P154,P242,2.800000000000001
P154,P427,207.89999999999247
P154,P201,3.600000000000002
P154,P142,2.3000000000000007
P154,P419,2.600000000000001
P154,P505,2.700000000000001
P154,P431,1.8000000000000005
P154,P26,2.500000000000001
P154,P240,3.700000000000002
P154,P358,6.299999999999994
P154,P433,2.700000000000001
P154,P324,7.29999999999999
P154,P80,2.3000000000000007
P154,P121,2.600000000000001
P154,P280,2.3000000000000007
P154,P112,1.9000000000000006
P154,P282,2.3000000000000007
P154,P354,6.099999999999994
P154,P58,8.799999999999985
P154,P248,5.4999999999999964
P154,P305,7.699999999999989
P154,P374,3.4000000000000017
P154,P430,2.800000000000001
P154,P434,6.199999999999994
P154,P272,2.800000000000001
P154,P70,7.499999999999989
P154,P359,3.1000000000000014
P154,P296,2.2000000000000006
P154,P409,4.999999999999998
P154,P47,2.1000000000000005
P154,P402,2.1000000000000005
P154,P277,3.3000000000000016
P154,P68,6.799999999999992
P154,P353,5.1999999999999975
P154,P8,7.699999999999989
P154,P43,2.500000000000001
P154,P418,3.800000000000002
P154,P160,1.7000000000000004
P154,P278,5.299999999999997
P154,P309,5.299999999999997
P154,P439,6.299999999999994
P154,P164,2.0000000000000004
P154,P49,5.299999999999997
P154,P23,6.8999999999999915
P154,P218,3.0000000000000013
P154,P139,0.7999999999999999
P154,P335,5.799999999999995
P154,P258,2.9000000000000012
P154,P86,2.9000000000000012
P154,P158,3.4000000000000017
P154,P116,4.6
P154,P344,3.1000000000000014
P154,P228,6.8999999999999915
P154,P170,5.4999999999999964
P154,P199,5.4999999999999964
P154,P63,4.4
P154,P314,7.19999999999999
P154,P395,5.099999999999998
P154,P357,7.099999999999991
P155,P429,2.800000000000001
P155,P184,4.699999999999999
P155,P295,4.200000000000001
P155,P377,3.800000000000002
P155,P76,2.1000000000000005
P155,P325,2.3000000000000007
P155,P152,1.9000000000000006
P155,P177,1.9000000000000006
P155,P318,3.3000000000000016
P155,P506,1.4000000000000001
P155,P465,4.200000000000001
P155,P58,5.799999999999995
P155,P246,9.99999999999998
P155,P25,4.699999999999999
P155,P6,3.900000000000002
P155,P343,2.400000000000001
P155,P75,4.100000000000001
P155,P305,6.099999999999994
P155,P245,3.0000000000000013
P155,P329,2.3000000000000007
P155,P394,7.19999999999999
P155,P242,3.0000000000000013
P155,P133,3.700000000000002
P155,P201,2.0000000000000004
P155,P419,1.7000000000000004
P155,P12,31.200000000000173
P155,P431,2.800000000000001
P155,P341,8.199999999999987
P155,P213,2.600000000000001
P155,P273,5.099999999999998
P155,P169,1.6000000000000003
P155,P163,5.899999999999995
P155,P261,2.2000000000000006
P155,P34,8.699999999999985
P155,P495,5.399999999999997
P155,P488,3.600000000000002
P155,P440,1.8000000000000005
P155,P371,3.900000000000002
P155,P117,7.999999999999988
P155,P473,6.699999999999992
P155,P232,2.400000000000001
P155,P93,5.399999999999997
P155,P136,4.100000000000001
P155,P415,2.600000000000001
P155,P395,4.899999999999999
P155,P314,6.499999999999993
P155,P253,2.2000000000000006
P155,P170,8.099999999999987
P155,P199,8.099999999999987
P155,P173,2.9000000000000012
P155,P228,7.699999999999989
P155,P116,6.299999999999994
P155,P141,2.3000000000000007
P155,P477,5.299999999999997
P155,P74,3.4000000000000017
P155,P335,4.699999999999999
P155,P344,4.699999999999999
P155,P490,2.9000000000000012
P155,P423,1.9000000000000006
P155,P23,9.399999999999983
P155,P457,2.1000000000000005
P155,P49,4.699999999999999
P155,P132,4.699999999999999
P155,P407,1.8000000000000005
P155,P258,7.39999999999999
P155,P397,3.3000000000000016
P155,P439,6.199999999999994
P155,P278,6.099999999999994
P155,P309,6.099999999999994
P155,P334,1.9000000000000006
P155,P176,2.700000000000001
P155,P218,2.2000000000000006
P155,P8,9.399999999999983
P155,P326,3.600000000000002
P155,P480,1.8000000000000005
P155,P385,4.699999999999999
P155,P68,7.099999999999991
P155,P41,1.9000000000000006
P155,P9,2.0000000000000004
P155,P109,2.800000000000001
P155,P409,7.799999999999988
P155,P424,2.700000000000001
P155,P499,1.7000000000000004
P155,P205,7.29999999999999
P155,P236,2.600000000000001
P155,P418,5.4999999999999964
P155,P70,7.599999999999989
P155,P51,2.800000000000001
P155,P105,2.600000000000001
P155,P434,7.099999999999991
P156,P25,3.0000000000000013
P156,P343,2.500000000000001
P156,P126,3.5000000000000018
P156,P6,1.8000000000000005
P156,P75,3.0000000000000013
P156,P55,1.9000000000000006
P156,P435,3.4000000000000017
P156,P394,2.0000000000000004
P156,P199,8.299999999999986
P156,P133,5.599999999999996
P156,P419,2.700000000000001
P156,P201,2.9000000000000012
P156,P431,2.9000000000000012
P156,P240,2.1000000000000005
P156,P106,3.0000000000000013
P156,P395,4.200000000000001
P156,P68,3.900000000000002
P156,P116,2.3000000000000007
P156,P297,6.399999999999993
P156,P358,5.999999999999995
P156,P80,2.0000000000000004
P156,P434,3.1000000000000014
P156,P284,3.5000000000000018
P156,P451,1.9000000000000006
P156,P280,2.800000000000001
P156,P112,3.2000000000000015
P156,P479,1.7000000000000004
P156,P93,16.19999999999996
P156,P89,5.599999999999996
P156,P459,2.3000000000000007
P156,P248,2.700000000000001
P156,P374,2.3000000000000007
P156,P495,15.59999999999996
P156,P296,3.700000000000002
P156,P86,75.69999999999997
P156,P500,12.199999999999973
P156,P118,9.799999999999981
P156,P353,1.7000000000000004
P156,P226,13.899999999999967
P156,P417,4.699999999999999
P156,P204,2.400000000000001
P156,P273,2.600000000000001
P156,P163,4.100000000000001
P156,P507,4.799999999999999
P156,P249,4.6
P156,P342,3.0000000000000013
P156,P63,4.6
P156,P191,4.5
P156,P197,3.600000000000002
P156,P46,8.099999999999987
P156,P382,4.000000000000002
P156,P195,3.5000000000000018
P156,P494,5.399999999999997
P156,P410,7.999999999999988
P156,P235,3.800000000000002
P156,P124,6.699999999999992
P156,P90,1.9000000000000006
P156,P454,2.500000000000001
P157,P90,2.500000000000001
P157,P120,5.799999999999995
P157,P481,57.90000000000055
P157,P194,49.600000000000435
P157,P134,4.4
P157,P456,4.000000000000002
P157,P103,4.300000000000001
P157,P40,5.799999999999995
P157,P468,2.1000000000000005
P157,P3,5.799999999999995
P157,P370,4.200000000000001
P157,P91,16.99999999999997
P157,P208,2.800000000000001
P157,P159,3.4000000000000017
P157,P161,2.0000000000000004
P157,P209,1.7000000000000004
P157,P291,5.699999999999996
P157,P129,6.499999999999993
P157,P503,6.8999999999999915
P157,P37,8.099999999999987
P157,P484,2.3000000000000007
P157,P177,2.1000000000000005
P157,P491,4.699999999999999
P157,P324,5.899999999999995
P157,P51,2.800000000000001
P157,P280,2.3000000000000007
P157,P47,8.199999999999987
P157,P4,3.0000000000000013
P157,P201,9.499999999999982
P157,P115,5.599999999999996
P157,P498,5.599999999999996
P157,P257,7.899999999999988
P157,P272,2.1000000000000005
P157,P14,2.0000000000000004
P157,P475,7.19999999999999
P157,P140,7.599999999999989
P157,P269,5.4999999999999964
P157,P75,6.8999999999999915
P157,P77,6.5999999999999925
P157,P164,6.5999999999999925
P157,P121,3.800000000000002
P157,P250,6.299999999999994
P157,P248,1.9000000000000006
P157,P76,2.0000000000000004
P157,P242,3.0000000000000013
P157,P30,8.199999999999987
P157,P150,4.000000000000002
P157,P112,2.700000000000001
P157,P6,2.0000000000000004
P158,P429,2.400000000000001
P158,P186,4.6
P158,P24,2.1000000000000005
P158,P436,67.90000000000042
P158,P387,2.2000000000000006
P158,P385,1.9000000000000006
P158,P138,2.500000000000001
P158,P257,6.099999999999994
P158,P277,3.4000000000000017
P158,P232,7.19999999999999
P158,P141,6.299999999999994
P158,P440,4.899999999999999
P158,P378,1.9000000000000006
P158,P110,2.500000000000001
P158,P51,3.3000000000000016
P158,P58,16.599999999999966
P158,P134,2.800000000000001
P158,P456,1.8000000000000005
P158,P103,4.6
P158,P305,14.299999999999965
P158,P137,2.3000000000000007
P158,P177,2.700000000000001
P158,P40,6.499999999999993
P158,P468,3.2000000000000015
P158,P324,10.899999999999977
P158,P318,2.500000000000001
P158,P65,4.200000000000001
P158,P2,4.5
P158,P127,4.000000000000002
P158,P491,6.299999999999994
P158,P171,1.9000000000000006
P158,P465,8.499999999999986
P158,P246,6.799999999999992
P158,P25,2.0000000000000004
P158,P343,2.800000000000001
P158,P6,2.800000000000001
P158,P75,2.3000000000000007
P158,P55,2.1000000000000005
P158,P245,2.2000000000000006
P158,P329,2.2000000000000006
P158,P394,5.899999999999995
P158,P62,1.8000000000000005
P158,P242,2.2000000000000006
P158,P133,2.800000000000001
P158,P201,7.799999999999988
P158,P419,2.600000000000001
P158,P431,2.500000000000001
P158,P240,2.1000000000000005
P158,P106,3.900000000000002
P158,P68,11.099999999999977
P158,P358,1.9000000000000006
P158,P80,3.1000000000000014
P158,P278,16.19999999999996
P158,P451,2.2000000000000006
P158,P434,10.799999999999978
P158,P280,3.700000000000002
P158,P284,4.5
P158,P112,3.0000000000000013
P158,P479,4.5
P158,P282,5.599999999999996
P158,P89,3.3000000000000016
P158,P23,16.19999999999996
P158,P248,3.700000000000002
P158,P374,2.0000000000000004
P158,P272,2.1000000000000005
P158,P116,12.69999999999997
P158,P72,14.499999999999964
P158,P258,63.10000000000063
P158,P27,3.900000000000002
P158,P228,5.699999999999996
P158,P261,1.7000000000000004
P158,P241,2.2000000000000006
P158,P174,2.2000000000000006
P158,P154,3.4000000000000017
P158,P427,2.700000000000001
P158,P13,4.000000000000002
P158,P488,2.2000000000000006
P158,P473,2.700000000000001
P158,P335,4.899999999999999
P158,P371,2.700000000000001
P158,P49,5.999999999999995
P158,P136,5.1999999999999975
P158,P265,2.800000000000001
P158,P439,5.999999999999995
P158,P393,2.800000000000001
P158,P415,4.100000000000001
P158,P309,9.399999999999983
P158,P128,3.4000000000000017
P158,P8,6.399999999999993
P158,P173,3.0000000000000013
P158,P409,5.599999999999996
P158,P70,9.499999999999982
P158,P205,1.8000000000000005
P158,P36,6.499999999999993
P158,P74,3.1000000000000014
P158,P423,2.2000000000000006
P158,P457,3.5000000000000018
P158,P397,2.600000000000001
P158,P334,3.600000000000002
P158,P354,5.999999999999995
P158,P176,2.3000000000000007
P158,P218,2.0000000000000004
P158,P326,2.600000000000001
P158,P480,2.500000000000001
P158,P469,3.2000000000000015
P158,P9,2.600000000000001
P158,P236,4.100000000000001
P158,P47,7.099999999999991
P158,P418,3.600000000000002
P158,P115,6.299999999999994
P158,P498,6.299999999999994
P158,P311,7.799999999999988
P158,P120,7.699999999999989
P158,P192,7.599999999999989
P159,P364,6.299999999999994
P159,P57,1.9000000000000006
P159,P37,10.699999999999978
P159,P60,4.6
P159,P303,3.5000000000000018
P159,P273,3.1000000000000014
P159,P350,3.0000000000000013
P159,P413,3.700000000000002
P159,P336,3.900000000000002
P159,P190,2.2000000000000006
P159,P157,3.4000000000000017
P159,P161,3.600000000000002
P159,P209,3.1000000000000014
P159,P489,4.200000000000001
P159,P293,2.9000000000000012
P159,P255,6.499999999999993
P159,P286,13.399999999999968
P159,P389,2.0000000000000004
P159,P487,2.2000000000000006
P159,P432,4.5
P160,P255,5.399999999999997
P160,P285,2.3000000000000007
P160,P5,3.600000000000002
P160,P208,3.4000000000000017
P160,P224,10.19999999999998
P160,P43,5.299999999999997
P160,P283,4.100000000000001
P160,P507,5.399999999999997
P160,P93,6.699999999999992
P160,P249,1.7000000000000004
P160,P342,3.3000000000000016
P160,P337,1.7000000000000004
P160,P281,1.9000000000000006
P160,P395,4.5
P160,P298,5.699999999999996
P160,P314,9.799999999999981
P160,P193,2.3000000000000007
P160,P181,2.400000000000001
P160,P179,3.4000000000000017
P160,P452,4.6
P160,P345,2.700000000000001
P160,P386,2.3000000000000007
P160,P199,7.099999999999991
P160,P481,4.000000000000002
P160,P12,3.3000000000000016
P160,P116,5.099999999999998
P160,P349,2.0000000000000004
P160,P418,324.0000000000052
P160,P42,3.1000000000000014
P160,P189,4.000000000000002
P160,P92,1.5000000000000002
P160,P53,2.800000000000001
P160,P432,2.1000000000000005
P160,P404,3.900000000000002
P160,P73,3.0000000000000013
P160,P114,4.5
P160,P383,2.800000000000001
P160,P335,6.799999999999992
P160,P347,3.1000000000000014
P160,P380,2.0000000000000004
P160,P446,2.3000000000000007
P160,P7,2.500000000000001
P160,P62,3.2000000000000015
P160,P23,6.8999999999999915
P160,P139,2.9000000000000012
P160,P444,3.700000000000002
P160,P261,3.3000000000000016
P160,P49,5.099999999999998
P160,P241,3.0000000000000013
P160,P479,2.400000000000001
P160,P174,2.400000000000001
P160,P439,6.799999999999992
P160,P154,1.7000000000000004
P160,P278,7.099999999999991
P160,P309,7.099999999999991
P160,P427,2.500000000000001
P160,P13,2.9000000000000012
P160,P8,6.999999999999991
P160,P488,3.800000000000002
P160,P473,2.700000000000001
P160,P371,2.0000000000000004
P160,P440,4.899999999999999
P160,P68,6.799999999999992
P160,P409,7.999999999999988
P160,P232,3.0000000000000013
P160,P270,3.800000000000002
P160,P70,7.699999999999989
P160,P136,2.3000000000000007
P160,P265,3.3000000000000016
P160,P393,3.0000000000000013
P160,P415,4.799999999999999
P160,P434,11.899999999999974
P160,P234,3.0000000000000013
P160,P128,2.1000000000000005
P160,P184,2.9000000000000012
P160,P454,2.400000000000001
P160,P246,3.5000000000000018
P160,P305,7.899999999999988
P160,P200,1.5000000000000002
P160,P58,6.999999999999991
P160,P354,7.699999999999989
P160,P141,1.6000000000000003
P160,P36,3.0000000000000013
P160,P74,2.0000000000000004
P160,P324,6.8999999999999915
P160,P430,2.3000000000000007
P160,P484,3.5000000000000018
P160,P457,2.400000000000001
P160,P143,7.19999999999999
P160,P460,7.499999999999989
P160,P133,2.2000000000000006
P160,P137,7.29999999999999
P160,P312,5.999999999999995
P161,P429,2.1000000000000005
P161,P295,4.5
P161,P460,3.600000000000002
P161,P229,4.000000000000002
P161,P412,1.8000000000000005
P161,P205,6.499999999999993
P161,P33,3.3000000000000016
P161,P209,176.59999999999425
P161,P175,3.1000000000000014
P161,P159,3.600000000000002
P161,P157,2.0000000000000004
P161,P11,7.29999999999999
P161,P125,2.500000000000001
P161,P0,7.39999999999999
P161,P16,8.099999999999987
P161,P128,2.1000000000000005
P161,P173,3.2000000000000015
P161,P246,1.8000000000000005
P161,P335,7.499999999999989
P161,P344,7.499999999999989
P161,P83,169.79999999999464
P161,P141,2.800000000000001
P161,P23,7.999999999999988
P161,P477,2.700000000000001
P161,P74,1.6000000000000003
P161,P49,8.899999999999984
P161,P132,8.899999999999984
P161,P258,11.099999999999977
P161,P490,2.400000000000001
P161,P439,6.999999999999991
P161,P278,7.999999999999988
P161,P309,7.999999999999988
P161,P423,2.2000000000000006
P161,P457,5.299999999999997
P161,P8,7.699999999999989
P161,P407,3.600000000000002
P161,P397,2.400000000000001
P161,P68,6.699999999999992
P161,P465,3.4000000000000017
P161,P409,6.8999999999999915
P161,P334,2.800000000000001
P161,P176,2.500000000000001
P161,P218,2.0000000000000004
P161,P145,2.700000000000001
P161,P326,2.9000000000000012
P161,P480,2.500000000000001
P161,P70,5.699999999999996
P161,P385,4.899999999999999
P161,P434,8.999999999999984
P161,P9,1.7000000000000004
P161,P109,2.600000000000001
P161,P236,2.0000000000000004
P161,P394,2.0000000000000004
P161,P418,1.8000000000000005
P161,P51,2.500000000000001
P161,P105,4.6
P161,P305,5.999999999999995
P161,P58,6.5999999999999925
P161,P354,6.299999999999994
P161,P469,8.999999999999984
P161,P272,2.2000000000000006
P161,P324,6.499999999999993
P161,P14,2.400000000000001
P161,P126,6.199999999999994
P162,P87,10.19999999999998
P162,P163,1.8000000000000005
P162,P205,1.8000000000000005
P162,P27,3.600000000000002
P162,P262,8.299999999999986
P162,P35,26.300000000000104
P162,P261,2.2000000000000006
P162,P239,2.2000000000000006
P162,P424,3.0000000000000013
P162,P55,2.3000000000000007
P162,P98,7.29999999999999
P162,P247,7.29999999999999
P162,P451,2.9000000000000012
P162,P37,7.19999999999999
P162,P57,6.799999999999992
P162,P275,3.0000000000000013
P162,P474,8.699999999999985
P162,P427,3.700000000000002
P162,P93,6.5999999999999925
P162,P169,2.3000000000000007
P162,P82,3.0000000000000013
P162,P473,8.199999999999987
P162,P117,5.799999999999995
P162,P224,9.299999999999983
P163,P480,4.799999999999999
P163,P205,113.29999999999784
P163,P8,2.600000000000001
P163,P162,1.8000000000000005
P163,P471,2.700000000000001
P163,P258,2.3000000000000007
P163,P151,4.5
P163,P511,1.9000000000000006
P163,P277,1.7000000000000004
P163,P325,1.9000000000000006
P163,P232,2.0000000000000004
P163,P305,3.4000000000000017
P163,P141,11.799999999999974
P163,P378,5.099999999999998
P163,P238,2.700000000000001
P163,P58,2.0000000000000004
P163,P110,3.900000000000002
P163,P51,2.600000000000001
P163,P251,3.900000000000002
P163,P424,4.999999999999998
P163,P134,2.500000000000001
P163,P456,3.0000000000000013
P163,P137,2.400000000000001
P163,P103,3.5000000000000018
P163,P40,3.2000000000000015
P163,P468,2.700000000000001
P163,P324,2.2000000000000006
P163,P318,2.700000000000001
P163,P65,1.6000000000000003
P163,P127,2.700000000000001
P163,P2,1.7000000000000004
P163,P491,2.700000000000001
P163,P171,2.2000000000000006
P163,P465,3.800000000000002
P163,P6,2.800000000000001
P163,P25,5.399999999999997
P163,P343,5.099999999999998
P163,P278,7.899999999999988
P163,P75,2.600000000000001
P163,P435,4.000000000000002
P163,P55,2.600000000000001
P163,P245,2.500000000000001
P163,P329,2.800000000000001
P163,P394,2.400000000000001
P163,P62,3.1000000000000014
P163,P242,2.3000000000000007
P163,P133,1.6000000000000003
P163,P419,2.9000000000000012
P163,P201,2.400000000000001
P163,P23,6.099999999999994
P163,P431,3.1000000000000014
P163,P240,1.9000000000000006
P163,P106,1.7000000000000004
P163,P68,2.2000000000000006
P163,P358,2.9000000000000012
P163,P80,2.2000000000000006
P163,P297,3.800000000000002
P163,P284,3.0000000000000013
P163,P434,3.5000000000000018
P163,P451,2.500000000000001
P163,P280,3.0000000000000013
P163,P112,3.3000000000000016
P163,P479,3.2000000000000015
P163,P459,2.9000000000000012
P163,P89,2.500000000000001
P163,P248,3.900000000000002
P163,P116,8.899999999999984
P163,P374,2.3000000000000007
P163,P199,7.599999999999989
P163,P314,5.799999999999995
P163,P395,7.29999999999999
P163,P272,3.3000000000000016
P163,P296,3.4000000000000017
P163,P93,6.699999999999992
P163,P402,2.1000000000000005
P163,P273,35.70000000000024
P163,P353,2.700000000000001
P163,P495,6.499999999999993
P163,P418,1.7000000000000004
P163,P79,3.900000000000002
P163,P156,4.100000000000001
P163,P509,9.099999999999984
P163,P117,7.599999999999989
P163,P86,10.19999999999998
P163,P507,14.799999999999963
P163,P344,8.699999999999985
P163,P342,14.899999999999963
P163,P249,6.199999999999994
P163,P337,17.399999999999977
P163,P187,6.699999999999992
P163,P281,13.699999999999967
P163,P298,8.399999999999986
P163,P181,7.999999999999988
P163,P452,5.999999999999995
P163,P386,8.099999999999987
P163,P481,15.399999999999961
P163,P97,5.899999999999995
P163,P300,7.899999999999988
P163,P317,5.799999999999995
P163,P204,5.299999999999997
P163,P349,14.899999999999963
P163,P42,9.699999999999982
P163,P189,11.299999999999976
P163,P83,6.8999999999999915
P163,P53,7.899999999999988
P163,P404,14.199999999999966
P163,P432,14.799999999999963
P163,P114,6.199999999999994
P163,P383,17.099999999999973
P163,P347,11.099999999999977
P163,P169,7.099999999999991
P163,P155,5.899999999999995
P163,P261,14.899999999999963
P163,P149,7.999999999999988
P163,P488,12.99999999999997
P163,P136,7.099999999999991
P163,P173,5.399999999999997
P163,P306,4.999999999999998
P163,P200,5.099999999999998
P163,P380,9.199999999999983
P163,P88,10.399999999999979
P164,P339,3.0000000000000013
P164,P20,6.399999999999993
P164,P173,1.9000000000000006
P164,P444,10.29999999999998
P164,P88,2.700000000000001
P164,P77,1475.6999999997533
P164,P488,5.4999999999999964
P164,P361,2.500000000000001
P164,P246,4.6
P164,P343,4.4
P164,P6,4.699999999999999
P164,P25,1.6000000000000003
P164,P27,10.999999999999977
P164,P75,9.599999999999982
P164,P55,3.800000000000002
P164,P245,3.600000000000002
P164,P329,4.799999999999999
P164,P394,2.800000000000001
P164,P62,4.899999999999999
P164,P242,7.099999999999991
P164,P133,2.500000000000001
P164,P278,12.599999999999971
P164,P419,3.3000000000000016
P164,P201,8.899999999999984
P164,P431,3.2000000000000015
P164,P240,3.900000000000002
P164,P106,2.3000000000000007
P164,P68,10.499999999999979
P164,P23,18.099999999999987
P164,P358,2.3000000000000007
P164,P80,4.000000000000002
P164,P434,10.799999999999978
P164,P451,2.600000000000001
P164,P284,2.800000000000001
P164,P280,9.399999999999983
P164,P112,2.700000000000001
P164,P479,6.699999999999992
P164,P191,2.3000000000000007
P164,P487,2.400000000000001
P164,P458,2.3000000000000007
P164,P139,4.100000000000001
P164,P261,3.3000000000000016
P164,P241,4.300000000000001
P164,P49,7.499999999999989
P164,P174,2.1000000000000005
P164,P154,2.0000000000000004
P164,P427,2.2000000000000006
P164,P13,5.699999999999996
P164,P439,7.099999999999991
P164,P309,5.599999999999996
P164,P473,3.700000000000002
P164,P8,5.799999999999995
P164,P371,3.2000000000000015
P164,P440,2.3000000000000007
P164,P232,2.800000000000001
P164,P409,5.099999999999998
P164,P270,1.8000000000000005
P164,P136,2.3000000000000007
P164,P265,8.799999999999985
P164,P393,4.4
P164,P70,5.599999999999996
P164,P415,2.2000000000000006
P164,P234,5.399999999999997
P164,P128,2.3000000000000007
P164,P184,10.29999999999998
P164,P454,2.3000000000000007
P164,P200,2.3000000000000007
P164,P305,5.1999999999999975
P164,P141,3.900000000000002
P164,P58,6.199999999999994
P164,P354,6.199999999999994
P164,P36,3.4000000000000017
P164,P74,2.800000000000001
P164,P430,2.700000000000001
P164,P324,7.899999999999988
P164,P484,1.8000000000000005
P164,P457,4.6
P164,P47,7.599999999999989
P164,P397,2.700000000000001
P164,P465,2.400000000000001
P164,P115,5.999999999999995
P164,P257,5.699999999999996
P164,P264,2.3000000000000007
P164,P475,5.699999999999996
P164,P140,6.399999999999993
P164,P326,3.2000000000000015
P164,P269,6.499999999999993
P164,P480,1.9000000000000006
P164,P466,2.3000000000000007
P164,P491,8.899999999999984
P164,P9,5.4999999999999964
P164,P498,5.099999999999998
P164,P396,5.999999999999995
P164,P236,5.1999999999999975
P164,P51,7.29999999999999
P164,P489,10.899999999999977
P164,P4,9.099999999999984
P164,P86,4.699999999999999
P164,P17,5.799999999999995
P164,P272,7.39999999999999
P164,P14,8.999999999999984
P164,P157,6.5999999999999925
P164,P121,6.099999999999994
P164,P63,6.499999999999993
P164,P248,4.899999999999999
P164,P76,8.499999999999986
P164,P130,8.699999999999985
P164,P150,5.4999999999999964
P165,P125,3.0000000000000013
P165,P194,3.0000000000000013
P165,P143,6.299999999999994
P165,P460,6.5999999999999925
P165,P415,2.600000000000001
P165,P312,7.699999999999989
P165,P196,8.199999999999987
P165,P198,2.700000000000001
P165,P84,3.0000000000000013
P165,P217,6.799999999999992
P165,P509,5.1999999999999975
P165,P363,5.299999999999997
P165,P188,2.1000000000000005
P165,P252,6.999999999999991
P165,P29,7.19999999999999
P165,P178,7.699999999999989
P165,P204,3.2000000000000015
P165,P218,29.300000000000146
P165,P478,1.8000000000000005
P166,P63,3.800000000000002
P166,P44,3.0000000000000013
P166,P172,3.0000000000000013
P166,P64,2.700000000000001
P166,P363,8.399999999999986
P166,P130,4.4
P166,P69,6.8999999999999915
P166,P95,7.099999999999991
P166,P55,6.699999999999992
P167,P100,2.9000000000000012
P167,P356,8.599999999999985
P167,P133,4.5
P167,P175,6.999999999999991
P167,P359,6.099999999999994
P167,P402,13.09999999999997
P167,P85,12.89999999999997
P167,P187,7.099999999999991
P167,P375,7.29999999999999
P167,P485,12.199999999999973
P167,P101,8.499999999999986
P167,P83,6.5999999999999925
P167,P44,6.499999999999993
P167,P381,5.4999999999999964
P167,P317,9.99999999999998
P167,P125,6.499999999999993
P167,P417,6.8999999999999915
P167,P306,7.799999999999988
P167,P169,6.299999999999994
P167,P313,6.299999999999994
P167,P249,7.29999999999999
P167,P371,6.399999999999993
P167,P298,8.199999999999987
P167,P253,6.699999999999992
P168,P0,3.3000000000000016
P168,P292,6.799999999999992
P169,P190,0.1
P169,P263,2.600000000000001
P169,P335,9.89999999999998
P169,P107,3.800000000000002
P169,P264,3.700000000000002
P169,P498,2.9000000000000012
P169,P54,3.700000000000002
P169,P365,2.1000000000000005
P169,P175,2.500000000000001
P169,P11,5.899999999999995
P169,P44,2.400000000000001
P169,P21,6.199999999999994
P169,P447,7.29999999999999
P169,P85,2.500000000000001
P169,P12,4.4
P169,P417,3.1000000000000014
P169,P167,6.299999999999994
P169,P155,1.6000000000000003
P169,P347,3.700000000000002
P169,P163,7.099999999999991
P169,P261,3.700000000000002
P169,P241,2.2000000000000006
P169,P34,5.399999999999997
P169,P495,6.499999999999993
P169,P488,5.799999999999995
P169,P117,4.899999999999999
P169,P473,9.299999999999983
P169,P440,3.1000000000000014
P169,P371,3.1000000000000014
P169,P162,2.3000000000000007
P169,P93,6.299999999999994
P169,P232,1.7000000000000004
P169,P82,50.90000000000045
P169,P395,9.399999999999983
P169,P136,3.1000000000000014
P169,P314,6.5999999999999925
P169,P415,4.5
P169,P427,157.49999999999534
P169,P253,2.3000000000000007
P169,P170,8.999999999999984
P169,P199,8.999999999999984
P169,P228,7.799999999999988
P169,P173,2.600000000000001
P169,P116,7.699999999999989
P169,P246,3.0000000000000013
P169,P141,1.4000000000000001
P169,P344,7.999999999999988
P169,P477,1.4000000000000001
P169,P74,4.4
P169,P490,1.7000000000000004
P169,P23,6.299999999999994
P169,P423,4.300000000000001
P169,P49,5.799999999999995
P169,P132,5.799999999999995
P169,P258,8.899999999999984
P169,P439,9.89999999999998
P169,P457,2.600000000000001
P169,P278,6.999999999999991
P169,P309,6.999999999999991
P169,P407,3.3000000000000016
P169,P397,1.9000000000000006
P169,P8,5.699999999999996
P169,P334,2.9000000000000012
P169,P176,1.8000000000000005
P169,P218,2.0000000000000004
P169,P68,5.699999999999996
P169,P177,7.999999999999988
P170,P79,3.1000000000000014
P170,P245,4.799999999999999
P170,P83,9.299999999999983
P170,P401,3.2000000000000015
P170,P307,6.199999999999994
P170,P10,8.899999999999984
P170,P211,2.800000000000001
P170,P92,3.600000000000002
P170,P62,10.19999999999998
P170,P314,7.099999999999991
P170,P27,8.299999999999986
P170,P444,2.0000000000000004
P170,P261,3.700000000000002
P170,P241,6.8999999999999915
P170,P154,5.4999999999999964
P170,P427,12.199999999999973
P170,P63,7.39999999999999
P170,P488,9.99999999999998
P170,P473,5.399999999999997
P170,P440,5.099999999999998
P170,P371,5.399999999999997
P170,P300,6.199999999999994
P170,P132,6.999999999999991
P170,P317,7.19999999999999
P170,P195,6.099999999999994
P170,P232,5.899999999999995
P170,P204,7.19999999999999
P170,P337,5.999999999999995
P170,P342,5.999999999999995
P170,P136,5.599999999999996
P170,P415,9.89999999999998
P170,P393,6.799999999999992
P170,P253,6.099999999999994
P170,P169,8.999999999999984
P170,P82,7.099999999999991
P170,P155,8.099999999999987
P170,P173,4.6
P170,P141,6.399999999999993
P170,P477,7.19999999999999
P170,P74,7.799999999999988
P170,P490,7.39999999999999
P170,P423,7.799999999999988
P170,P484,5.799999999999995
P170,P478,7.39999999999999
P170,P457,4.6
P170,P407,4.899999999999999
P170,P189,6.099999999999994
P170,P397,7.19999999999999
P170,P199,2389.1999999989225
P171,P338,4.5
P171,P344,3.2000000000000015
P171,P131,4.100000000000001
P171,P307,4.899999999999999
P171,P485,3.0000000000000013
P171,P79,2.800000000000001
P171,P44,2.9000000000000012
P171,P300,5.099999999999998
P171,P111,2.1000000000000005
P171,P213,2.3000000000000007
P171,P417,2.9000000000000012
P171,P23,6.399999999999993
P171,P204,1.9000000000000006
P171,P314,2.9000000000000012
P171,P278,6.8999999999999915
P171,P465,16.09999999999996
P171,P163,2.2000000000000006
P171,P267,2.0000000000000004
P171,P27,5.999999999999995
P171,P355,2.700000000000001
P171,P381,5.4999999999999964
P171,P403,1.7000000000000004
P171,P507,2.600000000000001
P171,P158,1.9000000000000006
P171,P82,5.399999999999997
P171,P342,2.3000000000000007
P171,P337,2.700000000000001
P171,P281,3.800000000000002
P171,P335,3.5000000000000018
P171,P258,2.9000000000000012
P171,P298,2.3000000000000007
P171,P439,2.1000000000000005
P171,P309,2.600000000000001
P171,P147,2.9000000000000012
P171,P179,3.4000000000000017
P171,P341,2.2000000000000006
P171,P452,1.9000000000000006
P171,P181,2.3000000000000007
P171,P305,8.299999999999986
P171,P217,3.800000000000002
P171,P194,2.500000000000001
P171,P481,2.800000000000001
P171,P58,5.999999999999995
P171,P327,2.0000000000000004
P171,P212,3.2000000000000015
P171,P102,2.600000000000001
P171,P349,1.6000000000000003
P171,P324,7.099999999999991
P171,P42,1.8000000000000005
P171,P189,2.700000000000001
P171,P92,2.800000000000001
P171,P432,3.4000000000000017
P171,P409,3.3000000000000016
P171,P448,5.099999999999998
P171,P404,3.4000000000000017
P171,P53,2.1000000000000005
P171,P114,2.600000000000001
P171,P487,2.2000000000000006
P171,P26,2.3000000000000007
P171,P73,2.3000000000000007
P171,P347,2.1000000000000005
P171,P458,2.9000000000000012
P171,P499,2.400000000000001
P171,P277,2.700000000000001
P171,P7,3.0000000000000013
P171,P115,6.199999999999994
P171,P293,2.400000000000001
P171,P354,2.1000000000000005
P171,P257,7.999999999999988
P171,P269,6.299999999999994
P171,P427,2.400000000000001
P171,P13,1.7000000000000004
P171,P250,8.199999999999987
P171,P30,6.799999999999992
P171,P390,3.3000000000000016
P171,P440,2.400000000000001
P171,P330,2.9000000000000012
P171,P333,8.799999999999985
P171,P475,5.299999999999997
P171,P65,8.599999999999985
P171,P24,6.099999999999994
P171,P276,4.300000000000001
P171,P480,3.4000000000000017
P171,P220,9.89999999999998
P171,P260,6.099999999999994
P171,P33,2.800000000000001
P171,P504,6.499999999999993
P171,P227,7.699999999999989
P172,P200,2.0000000000000004
P172,P123,0.9999999999999999
P172,P129,2.500000000000001
P172,P166,3.0000000000000013
P172,P109,2.500000000000001
P172,P60,6.699999999999992
P172,P508,7.39999999999999
P172,P218,5.599999999999996
P172,P331,8.499999999999986
P172,P105,6.499999999999993
P172,P132,8.399999999999986
P172,P292,6.399999999999993
P172,P235,4.899999999999999
P172,P243,5.099999999999998
P172,P78,7.899999999999988
P172,P281,6.8999999999999915
P172,P491,9.199999999999983
P173,P503,5.399999999999997
P173,P417,4.699999999999999
P173,P164,1.9000000000000006
P173,P34,8.199999999999987
P173,P20,13.399999999999968
P173,P425,2.9000000000000012
P173,P388,12.79999999999997
P173,P501,15.59999999999996
P173,P106,1.9000000000000006
P173,P299,0.9999999999999999
P173,P144,1.9000000000000006
P173,P68,6.999999999999991
P173,P158,3.0000000000000013
P173,P458,5.599999999999996
P173,P8,7.699999999999989
P173,P194,2.700000000000001
P173,P278,6.699999999999992
P173,P309,6.699999999999992
P173,P439,8.099999999999987
P173,P63,2.800000000000001
P173,P258,7.799999999999988
P173,P111,1.8000000000000005
P173,P49,8.399999999999986
P173,P105,2.600000000000001
P173,P23,5.1999999999999975
P173,P62,2.500000000000001
P173,P300,3.0000000000000013
P173,P132,4.300000000000001
P173,P81,2.700000000000001
P173,P317,3.600000000000002
P173,P195,3.0000000000000013
P173,P335,5.099999999999998
P173,P344,5.099999999999998
P173,P204,5.4999999999999964
P173,P337,2.700000000000001
P173,P342,2.1000000000000005
P173,P161,3.2000000000000015
P173,P83,3.5000000000000018
P173,P116,10.29999999999998
P173,P427,2.3000000000000007
P173,P169,2.600000000000001
P173,P82,1.6000000000000003
P173,P228,6.199999999999994
P173,P155,2.9000000000000012
P173,P170,4.6
P173,P199,4.6
P173,P314,6.499999999999993
P173,P395,7.19999999999999
P173,P93,5.299999999999997
P173,P473,7.599999999999989
P173,P117,5.999999999999995
P173,P478,3.5000000000000018
P173,P189,2.1000000000000005
P173,P495,7.499999999999989
P173,P149,7.799999999999988
P173,P507,6.199999999999994
P173,P404,2.400000000000001
P173,P42,2.800000000000001
P173,P163,5.399999999999997
P173,P306,3.800000000000002
P173,P114,6.299999999999994
P173,P500,6.299999999999994
P173,P383,3.5000000000000018
P173,P380,2.3000000000000007
P173,P481,2.700000000000001
P173,P118,6.099999999999994
P173,P261,2.2000000000000006
P173,P452,7.099999999999991
P173,P347,2.700000000000001
P173,P181,6.999999999999991
P173,P209,3.3000000000000016
P173,P391,7.799999999999988
P174,P334,4.699999999999999
P174,P319,8.799999999999985
P174,P421,4.100000000000001
P174,P240,0.30000000000000004
P174,P358,2.0000000000000004
P174,P324,5.299999999999997
P174,P433,2.9000000000000012
P174,P80,2.800000000000001
P174,P121,2.400000000000001
P174,P280,1.7000000000000004
P174,P112,2.500000000000001
P174,P282,4.300000000000001
P174,P354,4.999999999999998
P174,P58,8.999999999999984
P174,P248,4.300000000000001
P174,P305,7.39999999999999
P174,P374,3.3000000000000016
P174,P430,4.999999999999998
P174,P434,4.799999999999999
P174,P272,2.800000000000001
P174,P70,7.19999999999999
P174,P359,2.1000000000000005
P174,P296,2.3000000000000007
P174,P409,5.399999999999997
P174,P47,4.300000000000001
P174,P68,5.299999999999997
P174,P402,4.100000000000001
P174,P277,3.600000000000002
P174,P353,2.0000000000000004
P174,P8,8.199999999999987
P174,P43,3.700000000000002
P174,P278,7.39999999999999
P174,P309,7.39999999999999
P174,P418,1.7000000000000004
P174,P160,2.400000000000001
P174,P439,5.799999999999995
P174,P164,2.1000000000000005
P174,P49,6.399999999999993
P174,P23,5.099999999999998
P174,P218,6.399999999999993
P174,P139,2.2000000000000006
P174,P335,5.4999999999999964
P174,P258,2.500000000000001
P174,P86,2.400000000000001
P174,P158,2.2000000000000006
P174,P116,5.899999999999995
P174,P344,2.9000000000000012
P174,P228,6.999999999999991
P174,P72,5.799999999999995
P175,P19,5.699999999999996
P175,P167,6.999999999999991
P175,P402,4.000000000000002
P175,P85,5.699999999999996
P175,P187,2.1000000000000005
P175,P447,5.899999999999995
P175,P228,2.2000000000000006
P175,P21,5.399999999999997
P175,P11,10.29999999999998
P175,P317,2.600000000000001
P175,P107,3.2000000000000015
P175,P306,2.400000000000001
P175,P17,2.3000000000000007
P175,P169,2.500000000000001
P175,P209,2.700000000000001
P175,P161,3.1000000000000014
P175,P44,2.0000000000000004
P175,P417,1.8000000000000005
P175,P191,3.4000000000000017
P175,P240,5.4999999999999964
P175,P494,7.099999999999991
P176,P287,3.4000000000000017
P176,P198,3.4000000000000017
P176,P402,2.800000000000001
P176,P447,3.0000000000000013
P176,P85,2.600000000000001
P176,P187,2.3000000000000007
P176,P228,2.500000000000001
P176,P21,2.500000000000001
P176,P340,2.800000000000001
P176,P11,2.1000000000000005
P176,P317,6.199999999999994
P176,P103,3.3000000000000016
P176,P192,6.8999999999999915
P176,P120,21.00000000000003
P176,P334,2.2000000000000006
P176,P418,2.500000000000001
P176,P311,5.999999999999995
P176,P115,6.399999999999993
P176,P201,8.299999999999986
P176,P396,3.2000000000000015
P176,P47,9.499999999999982
P176,P324,5.599999999999996
P176,P86,2.500000000000001
P176,P158,2.3000000000000007
P176,P354,6.999999999999991
P176,P58,6.299999999999994
P176,P17,2.500000000000001
P176,P305,6.8999999999999915
P176,P184,2.9000000000000012
P176,P63,3.1000000000000014
P176,P105,4.799999999999999
P176,P62,2.600000000000001
P176,P265,2.600000000000001
P176,P508,1.8000000000000005
P176,P130,1.9000000000000006
P176,P300,2.9000000000000012
P176,P434,7.599999999999989
P176,P81,2.0000000000000004
P176,P195,2.700000000000001
P176,P267,2.9000000000000012
P176,P70,4.699999999999999
P176,P337,2.0000000000000004
P176,P342,3.800000000000002
P176,P161,2.500000000000001
P176,P205,6.799999999999992
P176,P83,2.400000000000001
P176,P409,9.199999999999983
P176,P68,8.799999999999985
P176,P427,3.2000000000000015
P176,P169,1.8000000000000005
P176,P82,1.6000000000000003
P176,P8,9.099999999999984
P176,P155,2.700000000000001
P176,P278,5.999999999999995
P176,P309,5.999999999999995
P176,P439,7.799999999999988
P176,P258,7.699999999999989
P176,P49,7.19999999999999
P176,P132,7.19999999999999
P176,P218,77.99999999999984
P176,P23,6.399999999999993
P176,P502,3.2000000000000015
P176,P335,10.09999999999998
P176,P344,10.09999999999998
P176,P478,1.9000000000000006
P177,P308,8.899999999999984
P177,P496,2.500000000000001
P177,P158,2.700000000000001
P177,P305,5.899999999999995
P177,P82,2.0000000000000004
P177,P58,7.799999999999988
P177,P342,1.5000000000000002
P177,P337,2.2000000000000006
P177,P335,3.0000000000000013
P177,P258,2.500000000000001
P177,P309,2.1000000000000005
P177,P152,108.99999999999808
P177,P155,1.9000000000000006
P177,P70,2.9000000000000012
P177,P197,4.000000000000002
P177,P49,2.2000000000000006
P177,P261,2.0000000000000004
P177,P262,14.399999999999965
P177,P445,4.5
P177,P238,13.799999999999967
P177,P384,6.699999999999992
P177,P157,2.1000000000000005
P177,P491,6.299999999999994
P177,P169,7.999999999999988
P178,P192,4.999999999999998
P178,P90,3.4000000000000017
P178,P415,2.600000000000001
P178,P139,2.700000000000001
P178,P50,3.5000000000000018
P178,P294,8.299999999999986
P178,P251,3.1000000000000014
P178,P420,14.099999999999966
P178,P467,12.399999999999972
P178,P9,3.0000000000000013
P178,P287,2.600000000000001
P178,P84,8.299999999999986
P178,P509,7.19999999999999
P178,P188,7.099999999999991
P178,P322,7.099999999999991
P178,P165,7.699999999999989
P178,P229,5.399999999999997
P178,P204,6.799999999999992
P178,P466,7.999999999999988
P179,P233,4.200000000000001
P179,P124,4.300000000000001
P179,P295,1.6000000000000003
P179,P320,5.099999999999998
P179,P147,159.09999999999525
P179,P371,10.999999999999977
P179,P341,212.7999999999922
P179,P24,6.699999999999992
P179,P385,3.0000000000000013
P179,P387,2.600000000000001
P179,P452,354.5000000000121
P179,P140,1.9000000000000006
P179,P32,1.9000000000000006
P179,P486,1.9000000000000006
P179,P18,4.200000000000001
P179,P269,6.399999999999993
P179,P135,2.600000000000001
P179,P232,3.0000000000000013
P179,P141,2.1000000000000005
P179,P440,3.2000000000000015
P179,P378,2.3000000000000007
P179,P257,7.899999999999988
P179,P110,1.9000000000000006
P179,P51,3.3000000000000016
P179,P134,2.600000000000001
P179,P456,3.3000000000000016
P179,P137,3.5000000000000018
P179,P103,2.0000000000000004
P179,P40,1.3
P179,P468,3.900000000000002
P179,P324,1.7000000000000004
P179,P65,2.400000000000001
P179,P127,2.700000000000001
P179,P58,6.299999999999994
P179,P491,2.600000000000001
P179,P305,8.899999999999984
P179,P171,3.4000000000000017
P179,P465,3.900000000000002
P179,P246,2.800000000000001
P179,P343,2.9000000000000012
P179,P25,2.9000000000000012
P179,P6,1.8000000000000005
P179,P75,2.0000000000000004
P179,P245,1.8000000000000005
P179,P329,2.400000000000001
P179,P394,2.1000000000000005
P179,P181,166.9999999999948
P179,P62,3.2000000000000015
P179,P242,2.3000000000000007
P179,P133,3.5000000000000018
P179,P201,5.799999999999995
P179,P419,2.9000000000000012
P179,P431,2.800000000000001
P179,P240,4.100000000000001
P179,P358,2.600000000000001
P179,P80,2.600000000000001
P179,P451,2.1000000000000005
P179,P434,2.800000000000001
P179,P280,2.800000000000001
P179,P112,3.3000000000000016
P179,P282,1.9000000000000006
P179,P68,5.599999999999996
P179,P89,3.0000000000000013
P179,P248,2.600000000000001
P179,P374,3.4000000000000017
P179,P278,8.199999999999987
P179,P309,8.199999999999987
P179,P439,9.799999999999981
P179,P8,2.400000000000001
P179,P430,4.4
P179,P23,6.099999999999994
P179,P272,3.600000000000002
P179,P335,5.699999999999996
P179,P359,3.1000000000000014
P179,P296,1.8000000000000005
P179,P47,1.7000000000000004
P179,P402,2.0000000000000004
P179,P116,6.8999999999999915
P179,P353,5.099999999999998
P179,P43,2.2000000000000006
P179,P199,10.599999999999978
P179,P287,1.7000000000000004
P179,P418,5.1999999999999975
P179,P160,3.4000000000000017
P179,P79,2.800000000000001
P179,P27,2.0000000000000004
P179,P228,3.1000000000000014
P179,P314,7.19999999999999
P179,P395,6.499999999999993
P179,P509,3.5000000000000018
P179,P93,7.999999999999988
P179,P117,6.799999999999992
P179,P86,1.7000000000000004
P179,P97,7.699999999999989
P179,P132,8.299999999999986
P179,P415,14.399999999999965
P179,P253,8.499999999999986
P179,P446,7.19999999999999
P179,P88,5.599999999999996
P180,P331,4.300000000000001
P180,P230,2.600000000000001
P180,P264,2.9000000000000012
P180,P380,3.3000000000000016
P180,P151,6.199999999999994
P180,P321,7.999999999999988
P180,P145,14.099999999999966
P180,P316,7.699999999999989
P180,P136,10.599999999999978
P180,P325,10.999999999999977
P180,P441,8.299999999999986
P180,P490,6.299999999999994
P180,P48,8.699999999999985
P180,P223,6.8999999999999915
P180,P320,5.4999999999999964
P181,P186,3.4000000000000017
P181,P219,2.500000000000001
P181,P377,4.5
P181,P138,1.9000000000000006
P181,P18,3.1000000000000014
P181,P135,1.6000000000000003
P181,P232,1.7000000000000004
P181,P269,9.89999999999998
P181,P141,1.9000000000000006
P181,P440,4.100000000000001
P181,P378,2.2000000000000006
P181,P257,7.19999999999999
P181,P110,3.1000000000000014
P181,P51,2.2000000000000006
P181,P134,1.7000000000000004
P181,P456,2.600000000000001
P181,P137,4.200000000000001
P181,P103,3.3000000000000016
P181,P40,2.600000000000001
P181,P468,2.400000000000001
P181,P324,1.8000000000000005
P181,P65,2.500000000000001
P181,P127,2.500000000000001
P181,P491,2.2000000000000006
P181,P58,8.999999999999984
P181,P171,2.3000000000000007
P181,P305,4.799999999999999
P181,P465,2.700000000000001
P181,P246,0.9999999999999999
P181,P343,4.4
P181,P25,2.700000000000001
P181,P6,2.0000000000000004
P181,P452,287.39999999999685
P181,P75,2.9000000000000012
P181,P341,107.09999999999819
P181,P245,3.700000000000002
P181,P329,3.600000000000002
P181,P394,2.400000000000001
P181,P179,166.9999999999948
P181,P62,3.0000000000000013
P181,P242,3.2000000000000015
P181,P133,2.500000000000001
P181,P201,3.5000000000000018
P181,P419,4.999999999999998
P181,P431,2.9000000000000012
P181,P240,3.0000000000000013
P181,P358,2.700000000000001
P181,P80,3.0000000000000013
P181,P451,3.0000000000000013
P181,P434,4.899999999999999
P181,P280,5.599999999999996
P181,P112,2.0000000000000004
P181,P282,4.6
P181,P68,7.699999999999989
P181,P89,2.1000000000000005
P181,P248,2.3000000000000007
P181,P374,2.2000000000000006
P181,P278,6.799999999999992
P181,P309,6.799999999999992
P181,P439,8.199999999999987
P181,P8,3.800000000000002
P181,P430,2.400000000000001
P181,P23,7.799999999999988
P181,P272,2.400000000000001
P181,P335,6.499999999999993
P181,P359,2.9000000000000012
P181,P296,2.400000000000001
P181,P47,4.000000000000002
P181,P402,3.2000000000000015
P181,P116,7.499999999999989
P181,P353,4.899999999999999
P181,P43,2.0000000000000004
P181,P199,9.89999999999998
P181,P287,3.4000000000000017
P181,P418,2.500000000000001
P181,P160,2.400000000000001
P181,P79,1.7000000000000004
P181,P27,2.9000000000000012
P181,P228,2.0000000000000004
P181,P314,6.299999999999994
P181,P395,6.199999999999994
P181,P509,4.000000000000002
P181,P93,7.19999999999999
P181,P117,8.199999999999987
P181,P86,3.0000000000000013
P181,P344,3.800000000000002
P181,P495,5.4999999999999964
P181,P34,6.8999999999999915
P181,P187,3.0000000000000013
P181,P163,7.999999999999988
P181,P97,3.900000000000002
P181,P300,6.399999999999993
P181,P500,7.29999999999999
P181,P317,3.2000000000000015
P181,P118,7.29999999999999
P181,P204,2.0000000000000004
P181,P83,2.600000000000001
P181,P391,17.899999999999984
P181,P42,10.29999999999998
P181,P53,2.600000000000001
P181,P404,11.099999999999977
P181,P383,9.799999999999981
P181,P347,8.999999999999984
P181,P507,5.699999999999996
P181,P261,14.199999999999966
P181,P313,6.999999999999991
P181,P298,5.599999999999996
P181,P136,6.999999999999991
P181,P380,7.19999999999999
P181,P481,6.799999999999992
P181,P173,6.999999999999991
P181,P209,8.399999999999986
P182,P484,2.2000000000000006
P182,P510,2.3000000000000007
P182,P321,3.1000000000000014
P182,P220,8.999999999999984
P182,P256,8.899999999999984
P182,P123,15.69999999999996
P182,P423,8.999999999999984
P182,P110,7.899999999999988
P182,P469,6.499999999999993
P182,P263,7.899999999999988
P182,P18,10.899999999999977
P182,P277,6.5999999999999925
P183,P272,5.4999999999999964
P183,P442,2.800000000000001
P183,P216,6.099999999999994
P183,P489,5.899999999999995
P183,P222,7.499999999999989
P183,P187,8.299999999999986
P184,P268,7.39999999999999
P184,P95,2.0000000000000004
P184,P155,4.699999999999999
P184,P467,2.0000000000000004
P184,P276,4.100000000000001
P184,P206,8.799999999999985
P184,P113,3.3000000000000016
P184,P369,2.3000000000000007
P184,P45,2.500000000000001
P184,P464,4.4
P184,P486,8.099999999999987
P184,P128,5.1999999999999975
P184,P491,2.3000000000000007
P184,P370,4.000000000000002
P184,P236,7.699999999999989
P184,P6,4.699999999999999
P184,P24,8.099999999999987
P184,P65,8.599999999999985
P184,P329,2.800000000000001
P184,P333,17.69999999999998
P184,P242,4.300000000000001
P184,P52,9.099999999999984
P184,P272,5.699999999999996
P184,P296,1.9000000000000006
P184,P354,16.99999999999997
P184,P47,8.799999999999985
P184,P58,13.699999999999967
P184,P277,2.2000000000000006
P184,P305,15.99999999999996
P184,P353,2.400000000000001
P184,P43,4.000000000000002
P184,P418,6.499999999999993
P184,P160,2.9000000000000012
P184,P164,10.29999999999998
P184,P407,2.500000000000001
P184,P397,2.2000000000000006
P184,P465,2.9000000000000012
P184,P334,2.600000000000001
P184,P176,2.9000000000000012
P184,P145,2.2000000000000006
P184,P218,5.299999999999997
P184,P326,5.599999999999996
P184,P480,2.3000000000000007
P184,P385,1.8000000000000005
P184,P9,3.700000000000002
P184,P469,7.599999999999989
P184,P394,4.899999999999999
P184,P324,6.5999999999999925
P184,P51,2.2000000000000006
P184,P280,2.2000000000000006
P184,P201,5.299999999999997
P184,P4,2.0000000000000004
P184,P115,7.899999999999988
P184,P498,7.899999999999988
P184,P257,5.999999999999995
P184,P475,7.39999999999999
P184,P140,5.4999999999999964
P184,P14,2.400000000000001
P184,P269,5.899999999999995
P184,P75,9.099999999999984
P184,P77,6.399999999999993
P184,P250,7.799999999999988
P184,P121,2.0000000000000004
P184,P30,6.5999999999999925
P184,P76,4.100000000000001
P184,P150,4.4
P184,P40,2.500000000000001
P184,P112,2.400000000000001
P184,P3,2.0000000000000004
P185,P363,33.500000000000206
P185,P466,4.999999999999998
P185,P382,3.2000000000000015
P185,P327,6.8999999999999915
P186,P158,4.6
P186,P281,3.900000000000002
P186,P181,3.4000000000000017
P186,P217,3.5000000000000018
P186,P301,9.599999999999982
P186,P320,5.599999999999996
P186,P334,2.800000000000001
P186,P192,4.999999999999998
P186,P120,8.499999999999986
P186,P264,3.0000000000000013
P186,P326,3.800000000000002
P186,P370,4.6
P186,P233,5.099999999999998
P186,P119,1.6000000000000003
P186,P378,1.6000000000000003
P186,P290,2.0000000000000004
P186,P413,2.3000000000000007
P187,P11,2.0000000000000004
P187,P466,3.4000000000000017
P187,P176,2.3000000000000007
P187,P477,2.1000000000000005
P187,P447,5.999999999999995
P187,P175,2.1000000000000005
P187,P224,5.4999999999999964
P187,P167,7.099999999999991
P187,P342,2.1000000000000005
P187,P337,3.1000000000000014
P187,P163,6.699999999999992
P187,P281,3.1000000000000014
P187,P298,2.2000000000000006
P187,P181,3.0000000000000013
P187,P452,2.400000000000001
P187,P386,2.800000000000001
P187,P481,5.399999999999997
P187,P34,10.699999999999978
P187,P478,3.0000000000000013
P187,P495,6.799999999999992
P187,P349,2.0000000000000004
P187,P42,3.700000000000002
P187,P117,6.399999999999993
P187,P442,7.999999999999988
P187,P81,3.700000000000002
P187,P502,3.800000000000002
P187,P341,7.499999999999989
P187,P216,5.4999999999999964
P187,P449,1.9000000000000006
P187,P213,4.799999999999999
P187,P183,8.299999999999986
P187,P325,3.1000000000000014
P188,P205,3.4000000000000017
P188,P494,11.799999999999974
P188,P178,7.099999999999991
P188,P29,8.299999999999986
P188,P252,6.5999999999999925
P188,P165,2.1000000000000005
P188,P363,8.499999999999986
P188,P229,1.8000000000000005
P188,P217,7.099999999999991
P189,P7,2.9000000000000012
P189,P427,6.299999999999994
P189,P354,1.9000000000000006
P189,P250,3.1000000000000014
P189,P214,2.500000000000001
P189,P330,2.2000000000000006
P189,P38,4.300000000000001
P189,P92,139.39999999999637
P189,P387,2.1000000000000005
P189,P398,3.800000000000002
P189,P333,7.19999999999999
P189,P18,2.700000000000001
P189,P135,4.999999999999998
P189,P464,2.3000000000000007
P189,P141,6.299999999999994
P189,P440,3.5000000000000018
P189,P378,3.0000000000000013
P189,P30,6.5999999999999925
P189,P502,3.700000000000002
P189,P51,2.600000000000001
P189,P269,5.599999999999996
P189,P134,3.4000000000000017
P189,P456,2.500000000000001
P189,P257,6.099999999999994
P189,P103,1.7000000000000004
P189,P40,2.0000000000000004
P189,P468,4.5
P189,P3,2.9000000000000012
P189,P65,2.700000000000001
P189,P127,2.700000000000001
P189,P491,2.3000000000000007
P189,P171,2.700000000000001
P189,P324,6.399999999999993
P189,P465,2.3000000000000007
P189,P246,25.500000000000092
P189,P25,3.3000000000000016
P189,P343,2.3000000000000007
P189,P6,2.500000000000001
P189,P75,2.600000000000001
P189,P70,81.49999999999964
P189,P58,6.5999999999999925
P189,P245,1.6000000000000003
P189,P329,2.9000000000000012
P189,P394,2.800000000000001
P189,P305,6.999999999999991
P189,P242,2.800000000000001
P189,P133,2.0000000000000004
P189,P201,2.800000000000001
P189,P419,2.800000000000001
P189,P431,3.4000000000000017
P189,P240,6.399999999999993
P189,P358,5.899999999999995
P189,P121,2.1000000000000005
P189,P80,5.1999999999999975
P189,P280,3.4000000000000017
P189,P112,2.400000000000001
P189,P434,5.099999999999998
P189,P282,2.0000000000000004
P189,P89,2.500000000000001
P189,P248,1.9000000000000006
P189,P374,2.400000000000001
P189,P68,8.699999999999985
P189,P430,2.3000000000000007
P189,P8,6.099999999999994
P189,P272,2.3000000000000007
P189,P278,4.699999999999999
P189,P309,4.699999999999999
P189,P439,7.29999999999999
P189,P359,1.6000000000000003
P189,P296,3.4000000000000017
P189,P23,6.8999999999999915
P189,P47,4.799999999999999
P189,P402,2.3000000000000007
P189,P335,9.099999999999984
P189,P353,2.0000000000000004
P189,P43,2.500000000000001
P189,P287,2.0000000000000004
P189,P418,2.400000000000001
P189,P160,4.000000000000002
P189,P79,1.6000000000000003
P189,P116,8.999999999999984
P189,P228,27.600000000000122
P189,P199,12.099999999999973
P189,P509,3.900000000000002
P189,P314,13.199999999999969
P189,P395,16.29999999999996
P189,P86,5.599999999999996
P189,P344,3.700000000000002
P189,P93,11.899999999999974
P189,P117,15.89999999999996
P189,P60,3.800000000000002
P189,P495,13.499999999999968
P189,P34,14.599999999999964
P189,P97,2.800000000000001
P189,P300,2.2000000000000006
P189,P317,2.2000000000000006
P189,P204,3.0000000000000013
P189,P163,11.299999999999976
P189,P337,1.6000000000000003
P189,P342,1.8000000000000005
P189,P83,3.1000000000000014
P189,P500,13.499999999999968
P189,P438,12.69999999999997
P189,P114,5.899999999999995
P189,P136,3.5000000000000018
P189,P507,6.5999999999999925
P189,P149,8.799999999999985
P189,P173,2.1000000000000005
P189,P473,9.399999999999983
P189,P477,1.9000000000000006
P189,P74,1.7000000000000004
P189,P490,2.2000000000000006
P189,P484,2.1000000000000005
P189,P423,2.3000000000000007
P189,P415,19.0
P189,P457,2.800000000000001
P189,P407,2.700000000000001
P189,P170,6.099999999999994
P189,P397,2.400000000000001
P190,P169,0.1
P190,P330,1.9000000000000006
P190,P24,2.800000000000001
P190,P387,1.9000000000000006
P190,P385,1.6000000000000003
P190,P138,2.700000000000001
P190,P257,8.499999999999986
P190,P293,4.4
P190,P461,5.599999999999996
P190,P152,2.600000000000001
P190,P399,6.399999999999993
P190,P159,2.2000000000000006
P190,P444,4.699999999999999
P190,P241,2.0000000000000004
P190,P440,3.700000000000002
P190,P291,2.3000000000000007
P191,P289,2.1000000000000005
P191,P45,4.699999999999999
P191,P138,4.4
P191,P246,2.9000000000000012
P191,P25,1.6000000000000003
P191,P343,1.4000000000000001
P191,P6,3.900000000000002
P191,P75,3.2000000000000015
P191,P58,6.5999999999999925
P191,P245,2.0000000000000004
P191,P329,1.8000000000000005
P191,P305,7.499999999999989
P191,P394,3.1000000000000014
P191,P242,2.700000000000001
P191,P133,2.2000000000000006
P191,P201,3.1000000000000014
P191,P419,2.1000000000000005
P191,P431,4.000000000000002
P191,P240,4.6
P191,P358,4.100000000000001
P191,P121,2.9000000000000012
P191,P80,2.700000000000001
P191,P280,2.9000000000000012
P191,P434,2.9000000000000012
P191,P112,3.4000000000000017
P191,P282,2.1000000000000005
P191,P89,3.600000000000002
P191,P248,2.2000000000000006
P191,P374,2.2000000000000006
P191,P68,8.099999999999987
P191,P430,2.400000000000001
P191,P8,7.099999999999991
P191,P278,6.5999999999999925
P191,P309,6.5999999999999925
P191,P272,5.299999999999997
P191,P439,6.099999999999994
P191,P23,8.299999999999986
P191,P359,3.1000000000000014
P191,P296,1.6000000000000003
P191,P47,4.699999999999999
P191,P164,2.3000000000000007
P191,P63,4.5
P191,P156,4.5
P191,P422,7.19999999999999
P191,P175,3.4000000000000017
P191,P483,9.199999999999983
P192,P376,4.4
P192,P178,4.999999999999998
P192,P510,4.100000000000001
P192,P409,2.500000000000001
P192,P105,2.600000000000001
P192,P90,2.400000000000001
P192,P415,2.9000000000000012
P192,P154,9.399999999999983
P192,P285,7.29999999999999
P192,P246,13.499999999999968
P192,P176,6.8999999999999915
P192,P186,4.999999999999998
P192,P334,9.499999999999982
P192,P387,6.799999999999992
P192,P144,7.29999999999999
P192,P158,7.599999999999989
P193,P0,2.0000000000000004
P193,P6,3.5000000000000018
P193,P75,3.800000000000002
P193,P439,219.09999999999184
P193,P245,1.7000000000000004
P193,P329,4.100000000000001
P193,P394,4.699999999999999
P193,P62,2.400000000000001
P193,P242,3.0000000000000013
P193,P133,3.5000000000000018
P193,P201,2.400000000000001
P193,P419,2.3000000000000007
P193,P431,3.0000000000000013
P193,P240,3.0000000000000013
P193,P358,2.3000000000000007
P193,P80,2.500000000000001
P193,P451,2.1000000000000005
P193,P434,1.9000000000000006
P193,P280,3.0000000000000013
P193,P284,0.1
P193,P68,7.39999999999999
P193,P112,2.3000000000000007
P193,P282,2.3000000000000007
P193,P89,2.9000000000000012
P193,P248,1.6000000000000003
P193,P278,9.89999999999998
P193,P374,1.7000000000000004
P193,P8,2.0000000000000004
P193,P23,8.399999999999986
P193,P272,1.5000000000000002
P193,P335,7.099999999999991
P193,P359,2.400000000000001
P193,P296,1.6000000000000003
P193,P47,3.1000000000000014
P193,P116,6.399999999999993
P193,P402,2.3000000000000007
P193,P353,1.8000000000000005
P193,P199,9.099999999999984
P193,P43,3.900000000000002
P193,P287,3.900000000000002
P193,P418,2.400000000000001
P193,P160,2.3000000000000007
P193,P79,2.1000000000000005
P193,P314,4.300000000000001
P193,P395,6.399999999999993
P193,P228,2.3000000000000007
P193,P509,2.3000000000000007
P193,P93,7.499999999999989
P193,P117,3.3000000000000016
P193,P86,2.700000000000001
P193,P495,8.699999999999985
P193,P344,3.0000000000000013
P193,P34,6.199999999999994
P193,P60,2.500000000000001
P193,P444,2.800000000000001
P193,P241,3.4000000000000017
P193,P440,3.5000000000000018
P194,P14,2.1000000000000005
P194,P316,2.600000000000001
P194,P139,4.300000000000001
P194,P231,2.1000000000000005
P194,P143,8.799999999999985
P194,P165,3.0000000000000013
P194,P157,49.600000000000435
P194,P134,1.5000000000000002
P194,P456,3.4000000000000017
P194,P481,607.9000000000697
P194,P103,2.500000000000001
P194,P40,3.3000000000000016
P194,P468,1.8000000000000005
P194,P3,3.4000000000000017
P194,P324,2.9000000000000012
P194,P65,2.400000000000001
P194,P127,2.700000000000001
P194,P491,2.700000000000001
P194,P58,6.099999999999994
P194,P171,2.500000000000001
P194,P465,2.800000000000001
P194,P305,6.8999999999999915
P194,P246,7.19999999999999
P194,P25,3.700000000000002
P194,P343,18.599999999999994
P194,P6,2.2000000000000006
P194,P75,2.3000000000000007
P194,P245,1.7000000000000004
P194,P329,2.2000000000000006
P194,P394,2.700000000000001
P194,P242,4.6
P194,P133,2.500000000000001
P194,P201,4.899999999999999
P194,P419,3.5000000000000018
P194,P431,5.699999999999996
P194,P240,1.7000000000000004
P194,P358,2.500000000000001
P194,P80,2.2000000000000006
P194,P451,4.899999999999999
P194,P280,2.0000000000000004
P194,P434,7.39999999999999
P194,P112,3.700000000000002
P194,P282,2.700000000000001
P194,P68,13.499999999999968
P194,P89,2.2000000000000006
P194,P248,2.600000000000001
P194,P374,3.1000000000000014
P194,P8,8.799999999999985
P194,P278,16.29999999999996
P194,P309,16.29999999999996
P194,P430,2.500000000000001
P194,P439,14.799999999999963
P194,P23,13.399999999999968
P194,P272,2.2000000000000006
P194,P335,13.299999999999969
P194,P359,2.400000000000001
P194,P296,3.900000000000002
P194,P47,3.0000000000000013
P194,P402,3.800000000000002
P194,P218,2.1000000000000005
P194,P338,18.099999999999987
P194,P81,2.0000000000000004
P194,P13,3.3000000000000016
P194,P440,2.0000000000000004
P194,P371,2.800000000000001
P194,P232,2.0000000000000004
P194,P344,7.099999999999991
P194,P136,3.0000000000000013
P194,P265,2.2000000000000006
P194,P393,2.3000000000000007
P194,P415,1.9000000000000006
P194,P49,7.599999999999989
P194,P258,5.999999999999995
P194,P253,2.3000000000000007
P194,P128,2.400000000000001
P194,P173,2.700000000000001
P194,P141,2.700000000000001
P194,P409,6.699999999999992
P194,P205,8.899999999999984
P194,P36,2.600000000000001
P194,P74,1.9000000000000006
P194,P70,7.099999999999991
P194,P490,2.3000000000000007
P194,P423,3.0000000000000013
P194,P457,3.1000000000000014
P194,P407,6.199999999999994
P194,P397,2.3000000000000007
P194,P466,1.3
P194,P461,7.499999999999989
P194,P496,7.899999999999988
P194,P300,3.0000000000000013
P195,P61,2.400000000000001
P195,P483,5.999999999999995
P195,P268,6.799999999999992
P195,P497,6.299999999999994
P195,P129,1.8000000000000005
P195,P271,5.899999999999995
P195,P494,4.4
P195,P156,3.5000000000000018
P195,P46,8.699999999999985
P195,P382,6.399999999999993
P195,P170,6.099999999999994
P195,P199,6.099999999999994
P195,P232,2.0000000000000004
P195,P228,7.899999999999988
P195,P136,3.800000000000002
P195,P116,7.19999999999999
P195,P393,2.1000000000000005
P195,P415,2.700000000000001
P195,P253,2.600000000000001
P195,P128,2.9000000000000012
P195,P335,8.799999999999985
P195,P344,8.799999999999985
P195,P173,3.0000000000000013
P195,P246,2.700000000000001
P195,P23,9.699999999999982
P195,P49,5.799999999999995
P195,P132,5.799999999999995
P195,P141,3.3000000000000016
P195,P258,4.999999999999998
P195,P439,9.099999999999984
P195,P477,3.5000000000000018
P195,P74,4.000000000000002
P195,P278,7.799999999999988
P195,P309,7.799999999999988
P195,P490,1.5000000000000002
P195,P8,6.299999999999994
P195,P423,3.800000000000002
P195,P317,26.600000000000108
P195,P68,8.099999999999987
P195,P457,2.600000000000001
P195,P409,8.599999999999985
P195,P407,2.400000000000001
P195,P205,8.999999999999984
P195,P397,3.3000000000000016
P195,P465,2.9000000000000012
P195,P334,4.100000000000001
P195,P70,4.999999999999998
P195,P176,2.700000000000001
P195,P218,3.1000000000000014
P195,P145,3.800000000000002
P195,P326,2.9000000000000012
P195,P434,7.29999999999999
P195,P480,1.9000000000000006
P195,P385,3.4000000000000017
P195,P109,1.8000000000000005
P195,P9,2.400000000000001
P195,P394,2.2000000000000006
P195,P236,3.0000000000000013
P195,P418,3.3000000000000016
P195,P305,7.599999999999989
P195,P51,1.8000000000000005
P195,P280,2.400000000000001
P195,P58,5.299999999999997
P195,P105,2.600000000000001
P195,P354,6.799999999999992
P195,P469,9.499999999999982
P195,P324,4.6
P195,P272,3.3000000000000016
P195,P14,1.9000000000000006
P195,P47,6.499999999999993
P195,P201,8.099999999999987
P195,P115,7.39999999999999
P195,P498,7.39999999999999
P195,P121,1.9000000000000006
P195,P257,7.799999999999988
P195,P248,3.5000000000000018
P196,P306,4.799999999999999
P196,P411,3.4000000000000017
P196,P496,2.600000000000001
P196,P210,1.9000000000000006
P196,P67,7.899999999999988
P196,P302,7.699999999999989
P196,P214,13.299999999999969
P196,P165,8.199999999999987
P196,P340,6.999999999999991
P197,P476,1.0999999999999999
P197,P28,7.29999999999999
P197,P200,4.699999999999999
P197,P229,2.400000000000001
P197,P31,2.700000000000001
P197,P70,8.899999999999984
P197,P177,4.000000000000002
P197,P152,4.100000000000001
P197,P318,3.1000000000000014
P197,P131,4.100000000000001
P197,P487,122.89999999999729
P197,P133,4.200000000000001
P197,P201,2.2000000000000006
P197,P419,2.400000000000001
P197,P58,4.6
P197,P505,2.0000000000000004
P197,P431,2.3000000000000007
P197,P114,89.1999999999992
P197,P305,6.799999999999992
P197,P240,1.3
P197,P358,2.2000000000000006
P197,P80,2.3000000000000007
P197,P121,2.600000000000001
P197,P73,128.79999999999697
P197,P280,3.5000000000000018
P197,P112,5.999999999999995
P197,P282,2.3000000000000007
P197,P434,9.399999999999983
P197,P248,2.700000000000001
P197,P374,2.700000000000001
P197,P430,3.800000000000002
P197,P409,6.399999999999993
P197,P68,8.799999999999985
P197,P272,1.9000000000000006
P197,P57,15.099999999999962
P197,P156,3.600000000000002
P197,P235,1.8000000000000005
P197,P21,14.499999999999964
P197,P243,5.4999999999999964
P197,P139,9.799999999999981
P198,P287,9.499999999999982
P198,P176,3.4000000000000017
P198,P483,5.899999999999995
P198,P268,10.09999999999998
P198,P497,6.799999999999992
P198,P129,2.400000000000001
P198,P292,3.800000000000002
P198,P360,10.29999999999998
P198,P223,2.800000000000001
P198,P165,2.700000000000001
P198,P214,5.899999999999995
P198,P69,4.899999999999999
P198,P217,2.400000000000001
P199,P211,2.1000000000000005
P199,P414,5.999999999999995
P199,P93,4.999999999999998
P199,P359,1.9000000000000006
P199,P149,5.699999999999996
P199,P395,8.399999999999986
P199,P118,3.3000000000000016
P199,P97,3.600000000000002
P199,P96,1.7000000000000004
P199,P344,10.09999999999998
P199,P375,3.4000000000000017
P199,P156,8.299999999999986
P199,P133,5.599999999999996
P199,P419,6.299999999999994
P199,P201,6.699999999999992
P199,P79,12.99999999999997
P199,P431,9.199999999999983
P199,P44,7.999999999999988
P199,P485,8.399999999999986
P199,P300,11.899999999999974
P199,P240,7.499999999999989
P199,P106,7.899999999999988
P199,P111,7.499999999999989
P199,P68,6.699999999999992
P199,P213,8.099999999999987
P199,P116,8.799999999999985
P199,P358,5.1999999999999975
P199,P417,6.999999999999991
P199,P297,11.299999999999976
P199,P80,4.999999999999998
P199,P434,6.199999999999994
P199,P284,6.5999999999999925
P199,P451,7.19999999999999
P199,P280,5.399999999999997
P199,P112,8.699999999999985
P199,P479,15.099999999999962
P199,P204,16.99999999999997
P199,P459,8.899999999999984
P199,P89,7.099999999999991
P199,P314,8.599999999999985
P199,P248,5.599999999999996
P199,P255,15.99999999999996
P199,P374,5.599999999999996
P199,P163,7.599999999999989
P199,P267,6.099999999999994
P199,P27,25.700000000000095
P199,P381,7.899999999999988
P199,P403,7.999999999999988
P199,P272,7.29999999999999
P199,P507,6.8999999999999915
P199,P296,8.399999999999986
P199,P249,10.499999999999979
P199,P342,15.299999999999962
P199,P47,6.799999999999992
P199,P337,10.699999999999978
P199,P402,7.29999999999999
P199,P281,5.899999999999995
P199,P353,5.999999999999995
P199,P298,4.799999999999999
P199,P193,9.099999999999984
P199,P43,10.499999999999979
P199,P181,9.89999999999998
P199,P179,10.599999999999978
P199,P452,6.999999999999991
P199,P287,5.699999999999996
P199,P345,11.299999999999976
P199,P386,6.999999999999991
P199,P418,6.299999999999994
P199,P160,7.099999999999991
P199,P481,5.299999999999997
P199,P12,7.39999999999999
P199,P228,5.799999999999995
P199,P349,7.29999999999999
P199,P42,6.499999999999993
P199,P189,12.099999999999973
P199,P509,9.99999999999998
P199,P92,10.399999999999979
P199,P53,7.799999999999988
P199,P432,8.599999999999985
P199,P404,4.999999999999998
P199,P73,6.5999999999999925
P199,P114,9.599999999999982
P199,P383,6.699999999999992
P199,P347,5.999999999999995
P199,P380,7.499999999999989
P199,P7,10.09999999999998
P199,P446,6.199999999999994
P199,P62,13.899999999999967
P199,P86,7.499999999999989
P199,P444,5.299999999999997
P199,P261,8.199999999999987
P199,P241,6.699999999999992
P199,P154,5.4999999999999964
P199,P427,12.199999999999973
P199,P63,7.39999999999999
P199,P488,9.99999999999998
P199,P473,5.399999999999997
P199,P440,5.099999999999998
P199,P371,5.399999999999997
P199,P132,6.999999999999991
P199,P317,7.19999999999999
P199,P195,6.099999999999994
P199,P232,5.899999999999995
P199,P136,5.599999999999996
P199,P83,6.999999999999991
P199,P415,9.89999999999998
P199,P393,6.799999999999992
P199,P253,6.099999999999994
P199,P169,8.999999999999984
P199,P82,7.099999999999991
P199,P155,8.099999999999987
P199,P173,4.6
P199,P141,6.399999999999993
P199,P477,7.19999999999999
P199,P74,7.799999999999988
P199,P490,7.39999999999999
P199,P423,7.799999999999988
P199,P484,5.799999999999995
P199,P478,7.39999999999999
P199,P457,4.6
P199,P407,4.899999999999999
P199,P397,7.19999999999999
P199,P170,2389.1999999989225
P200,P172,2.0000000000000004
P200,P197,4.699999999999999
P200,P264,3.1000000000000014
P200,P387,2.800000000000001
P200,P50,2.800000000000001
P200,P398,2.9000000000000012
P200,P140,4.000000000000002
P200,P18,2.1000000000000005
P200,P141,3.4000000000000017
P200,P38,7.499999999999989
P200,P378,3.5000000000000018
P200,P348,2.3000000000000007
P200,P413,4.000000000000002
P200,P40,2.400000000000001
P200,P468,1.5000000000000002
P200,P104,2.0000000000000004
P200,P233,8.399999999999986
P200,P370,2.700000000000001
P200,P236,2.600000000000001
P200,P6,2.500000000000001
P200,P242,2.700000000000001
P200,P419,3.5000000000000018
P200,P24,7.699999999999989
P200,P431,2.500000000000001
P200,P26,5.999999999999995
P200,P65,8.599999999999985
P200,P333,5.799999999999995
P200,P358,2.9000000000000012
P200,P203,5.699999999999996
P200,P80,3.3000000000000016
P200,P121,3.800000000000002
P200,P112,1.7000000000000004
P200,P30,8.699999999999985
P200,P248,3.0000000000000013
P200,P250,6.399999999999993
P200,P374,3.600000000000002
P200,P75,6.999999999999991
P200,P269,8.399999999999986
P200,P470,3.0000000000000013
P200,P475,7.999999999999988
P200,P257,4.899999999999999
P200,P115,5.4999999999999964
P200,P201,6.499999999999993
P200,P71,3.4000000000000017
P200,P448,4.5
P200,P359,2.800000000000001
P200,P47,2.9000000000000012
P200,P324,5.999999999999995
P200,P277,2.400000000000001
P200,P353,2.1000000000000005
P200,P43,3.600000000000002
P200,P354,7.19999999999999
P200,P58,7.599999999999989
P200,P418,1.3
P200,P160,1.5000000000000002
P200,P305,9.599999999999982
P200,P164,2.3000000000000007
P200,P396,1.9000000000000006
P200,P218,2.500000000000001
P200,P434,7.499999999999989
P200,P153,5.1999999999999975
P200,P279,78.49999999999982
P200,P0,7.599999999999989
P200,P349,2.800000000000001
P200,P488,3.3000000000000016
P200,P306,4.100000000000001
P200,P507,6.5999999999999925
P200,P383,2.400000000000001
P200,P163,5.099999999999998
P200,P380,3.1000000000000014
P200,P481,3.3000000000000016
P200,P261,2.400000000000001
P200,P114,6.199999999999994
P200,P500,6.199999999999994
P200,P347,2.1000000000000005
P201,P5,2.9000000000000012
P201,P324,12.099999999999973
P201,P208,2.700000000000001
P201,P435,3.900000000000002
P201,P93,6.199999999999994
P201,P359,9.399999999999983
P201,P149,4.999999999999998
P201,P118,2.400000000000001
P201,P97,2.0000000000000004
P201,P395,7.099999999999991
P201,P419,169.89999999999463
P201,P96,2.700000000000001
P201,P375,3.1000000000000014
P201,P344,2.2000000000000006
P201,P156,2.9000000000000012
P201,P199,6.699999999999992
P201,P79,2.600000000000001
P201,P485,2.9000000000000012
P201,P44,3.5000000000000018
P201,P300,2.700000000000001
P201,P111,5.099999999999998
P201,P213,2.500000000000001
P201,P417,3.1000000000000014
P201,P204,2.500000000000001
P201,P314,2.2000000000000006
P201,P255,2.1000000000000005
P201,P23,4.999999999999998
P201,P163,2.400000000000001
P201,P267,11.299999999999976
P201,P27,3.700000000000002
P201,P164,8.899999999999984
P201,P430,2.1000000000000005
P201,P278,6.299999999999994
P201,P381,1.8000000000000005
P201,P403,2.700000000000001
P201,P133,15.299999999999962
P201,P507,2.3000000000000007
P201,P158,7.799999999999988
P201,P342,1.9000000000000006
P201,P337,2.800000000000001
P201,P281,2.600000000000001
P201,P335,3.3000000000000016
P201,P258,2.500000000000001
P201,P298,3.0000000000000013
P201,P193,2.400000000000001
P201,P439,3.2000000000000015
P201,P309,2.400000000000001
P201,P147,3.2000000000000015
P201,P179,5.799999999999995
P201,P181,3.5000000000000018
P201,P452,2.2000000000000006
P201,P341,2.400000000000001
P201,P386,2.1000000000000005
P201,P217,2.1000000000000005
P201,P194,4.899999999999999
P201,P481,3.700000000000002
P201,P327,1.7000000000000004
P201,P155,2.0000000000000004
P201,P212,2.0000000000000004
P201,P102,5.4999999999999964
P201,P191,3.1000000000000014
P201,P349,2.1000000000000005
P201,P42,2.600000000000001
P201,P70,3.0000000000000013
P201,P189,2.800000000000001
P201,P92,2.600000000000001
P201,P305,8.899999999999984
P201,P432,2.800000000000001
P201,P409,2.700000000000001
P201,P448,10.799999999999978
P201,P404,3.2000000000000015
P201,P53,3.700000000000002
P201,P58,5.399999999999997
P201,P114,2.1000000000000005
P201,P487,2.600000000000001
P201,P197,2.2000000000000006
P201,P73,3.600000000000002
P201,P347,1.5000000000000002
P201,P458,2.400000000000001
P201,P277,9.699999999999982
P201,P7,1.9000000000000006
P201,P354,4.899999999999999
P201,P139,1.8000000000000005
P201,P142,8.699999999999985
P201,P154,3.600000000000002
P201,P427,1.8000000000000005
P201,P13,1.7000000000000004
P201,P505,6.799999999999992
P201,P431,5.4999999999999964
P201,P473,8.499999999999986
P201,P26,5.999999999999995
P201,P358,5.699999999999996
P201,P440,5.299999999999997
P201,P433,6.5999999999999925
P201,P80,8.099999999999987
P201,P121,12.399999999999972
P201,P280,16.99999999999997
P201,P282,6.499999999999993
P201,P112,7.599999999999989
P201,P232,7.29999999999999
P201,P330,7.499999999999989
P201,P248,8.399999999999986
P201,P265,12.69999999999997
P201,P393,7.099999999999991
P201,P374,5.699999999999996
P201,P128,7.699999999999989
P201,P470,6.699999999999992
P201,P454,5.899999999999995
P201,P246,7.699999999999989
P201,P200,6.499999999999993
P201,P71,8.399999999999986
P201,P141,8.199999999999987
P201,P36,9.099999999999984
P201,P74,5.799999999999995
P201,P402,6.099999999999994
P201,P484,6.999999999999991
P201,P353,6.399999999999993
P201,P43,7.39999999999999
P201,P418,11.499999999999975
P201,P397,6.499999999999993
P201,P465,5.799999999999995
P201,P334,9.299999999999983
P201,P176,8.299999999999986
P201,P396,6.5999999999999925
P201,P264,7.099999999999991
P201,P326,6.699999999999992
P201,P480,7.099999999999991
P201,P466,8.499999999999986
P201,P491,6.999999999999991
P201,P469,6.999999999999991
P201,P9,5.999999999999995
P201,P489,5.299999999999997
P201,P236,8.199999999999987
P201,P394,5.599999999999996
P201,P86,7.599999999999989
P201,P51,5.799999999999995
P201,P17,7.39999999999999
P201,P184,5.299999999999997
P201,P4,7.999999999999988
P201,P157,9.499999999999982
P201,P63,4.899999999999999
P201,P272,7.799999999999988
P201,P130,6.399999999999993
P201,P14,7.39999999999999
P201,P81,5.799999999999995
P201,P195,8.099999999999987
P202,P383,2.700000000000001
P202,P54,7.899999999999988
P202,P203,16.699999999999967
P202,P482,5.899999999999995
P203,P431,0.8999999999999999
P203,P125,2.700000000000001
P203,P311,2.600000000000001
P203,P275,3.0000000000000013
P203,P494,6.8999999999999915
P203,P113,2.600000000000001
P203,P39,6.5999999999999925
P203,P377,1.5000000000000002
P203,P75,5.599999999999996
P203,P265,3.1000000000000014
P203,P393,2.400000000000001
P203,P250,9.499999999999982
P203,P128,2.500000000000001
P203,P30,5.299999999999997
P203,P454,4.5
P203,P200,5.699999999999996
P203,P333,6.799999999999992
P203,P141,3.1000000000000014
P203,P65,8.599999999999985
P203,P140,2.9000000000000012
P203,P24,4.799999999999999
P203,P36,2.500000000000001
P203,P80,21.20000000000003
P203,P74,5.099999999999998
P203,P398,3.1000000000000014
P203,P322,1.9000000000000006
P203,P233,6.8999999999999915
P203,P134,2.800000000000001
P203,P14,1.8000000000000005
P203,P202,16.699999999999967
P203,P482,1.9000000000000006
P204,P372,6.499999999999993
P204,P387,2.700000000000001
P204,P138,3.900000000000002
P204,P277,2.2000000000000006
P204,P325,3.0000000000000013
P204,P232,7.19999999999999
P204,P305,3.800000000000002
P204,P141,3.4000000000000017
P204,P378,3.4000000000000017
P204,P238,4.799999999999999
P204,P58,2.400000000000001
P204,P51,2.800000000000001
P204,P134,2.400000000000001
P204,P424,3.4000000000000017
P204,P361,2.400000000000001
P204,P40,4.300000000000001
P204,P324,2.800000000000001
P204,P318,3.2000000000000015
P204,P65,1.7000000000000004
P204,P278,7.29999999999999
P204,P2,2.700000000000001
P204,P491,4.999999999999998
P204,P41,1.5000000000000002
P204,P131,5.599999999999996
P204,P171,1.9000000000000006
P204,P23,8.499999999999986
P204,P25,3.700000000000002
P204,P343,2.400000000000001
P204,P6,2.9000000000000012
P204,P75,2.700000000000001
P204,P435,2.600000000000001
P204,P55,2.600000000000001
P204,P329,3.3000000000000016
P204,P394,3.2000000000000015
P204,P62,3.4000000000000017
P204,P242,2.1000000000000005
P204,P133,2.0000000000000004
P204,P419,2.600000000000001
P204,P201,2.500000000000001
P204,P431,3.0000000000000013
P204,P240,2.2000000000000006
P204,P106,2.0000000000000004
P204,P68,2.3000000000000007
P204,P116,9.99999999999998
P204,P358,2.500000000000001
P204,P297,2.1000000000000005
P204,P80,2.800000000000001
P204,P434,3.2000000000000015
P204,P284,2.500000000000001
P204,P280,5.799999999999995
P204,P451,6.099999999999994
P204,P112,1.8000000000000005
P204,P479,4.000000000000002
P204,P199,16.99999999999997
P204,P459,2.500000000000001
P204,P89,3.0000000000000013
P204,P248,2.700000000000001
P204,P395,13.09999999999997
P204,P374,1.9000000000000006
P204,P93,13.199999999999969
P204,P272,2.700000000000001
P204,P296,5.399999999999997
P204,P495,12.299999999999972
P204,P353,2.9000000000000012
P204,P418,4.200000000000001
P204,P79,3.600000000000002
P204,P500,12.199999999999973
P204,P156,2.400000000000001
P204,P118,12.499999999999972
P204,P117,9.299999999999983
P204,P391,14.299999999999965
P204,P344,4.5
P204,P507,3.2000000000000015
P204,P281,2.0000000000000004
P204,P298,4.999999999999998
P204,P181,2.0000000000000004
P204,P452,2.9000000000000012
P204,P481,3.600000000000002
P204,P163,5.299999999999997
P204,P349,2.3000000000000007
P204,P42,3.1000000000000014
P204,P189,3.0000000000000013
P204,P53,2.700000000000001
P204,P404,3.4000000000000017
P204,P432,2.3000000000000007
P204,P114,5.299999999999997
P204,P383,2.800000000000001
P204,P34,7.999999999999988
P204,P347,2.1000000000000005
P204,P444,3.5000000000000018
P204,P261,2.400000000000001
P204,P241,2.600000000000001
P204,P427,2.1000000000000005
P204,P488,3.0000000000000013
P204,P473,3.2000000000000015
P204,P440,4.6
P204,P314,6.999999999999991
P204,P371,2.400000000000001
P204,P170,7.19999999999999
P204,P228,6.8999999999999915
P204,P136,2.700000000000001
P204,P393,2.0000000000000004
P204,P415,1.9000000000000006
P204,P253,2.800000000000001
P204,P128,1.5000000000000002
P204,P173,5.4999999999999964
P204,P484,2.500000000000001
P204,P165,3.2000000000000015
P204,P264,6.099999999999994
P204,P229,2.400000000000001
P204,P178,6.799999999999992
P204,P29,6.699999999999992
P204,P252,8.699999999999985
P205,P480,12.599999999999971
P205,P163,113.29999999999784
P205,P8,3.2000000000000015
P205,P162,1.8000000000000005
P205,P471,3.4000000000000017
P205,P188,3.4000000000000017
P205,P161,6.499999999999993
P205,P351,5.799999999999995
P205,P435,5.899999999999995
P205,P434,6.299999999999994
P205,P86,2.0000000000000004
P205,P158,1.8000000000000005
P205,P70,6.399999999999993
P205,P194,8.899999999999984
P205,P74,9.599999999999982
P205,P490,5.899999999999995
P205,P63,5.999999999999995
P205,P105,7.899999999999988
P205,P423,8.599999999999985
P205,P62,8.199999999999987
P205,P265,6.999999999999991
P205,P508,5.799999999999995
P205,P300,5.099999999999998
P205,P457,5.099999999999998
P205,P81,6.799999999999992
P205,P407,5.299999999999997
P205,P317,6.5999999999999925
P205,P195,8.999999999999984
P205,P397,6.699999999999992
P205,P267,7.099999999999991
P205,P465,6.5999999999999925
P205,P337,8.099999999999987
P205,P342,6.999999999999991
P205,P334,6.199999999999994
P205,P176,6.799999999999992
P205,P83,5.599999999999996
P205,P218,6.499999999999993
P205,P326,6.699999999999992
P205,P385,7.29999999999999
P205,P427,8.599999999999985
P205,P82,6.299999999999994
P205,P41,8.199999999999987
P205,P9,7.699999999999989
P205,P109,6.8999999999999915
P205,P424,5.1999999999999975
P205,P499,7.19999999999999
P205,P155,7.29999999999999
P205,P394,7.799999999999988
P205,P236,4.899999999999999
P205,P418,6.699999999999992
P205,P51,4.899999999999999
P206,P184,8.799999999999985
P206,P48,4.5
P206,P243,5.699999999999996
P206,P45,2.2000000000000006
P206,P371,2.3000000000000007
P206,P113,5.4999999999999964
P206,P464,8.299999999999986
P206,P475,7.499999999999989
P206,P491,13.699999999999967
P206,P272,6.699999999999992
P206,P4,5.899999999999995
P206,P108,5.4999999999999964
P207,P77,3.900000000000002
P207,P135,2.3000000000000007
P207,P33,2.0000000000000004
P207,P455,7.799999999999988
P207,P95,8.399999999999986
P207,P79,5.599999999999996
P207,P55,8.599999999999985
P208,P391,97.39999999999874
P208,P418,3.2000000000000015
P208,P101,2.1000000000000005
P208,P89,1.6000000000000003
P208,P201,2.700000000000001
P208,P126,1.9000000000000006
P208,P160,3.4000000000000017
P208,P0,3.5000000000000018
P208,P436,6.699999999999992
P208,P157,2.800000000000001
P208,P255,7.999999999999988
P208,P499,2.1000000000000005
P208,P293,2.400000000000001
P208,P91,13.899999999999967
P208,P308,11.299999999999976
P208,P79,220.39999999999176
P208,P492,2.3000000000000007
P208,P366,6.799999999999992
P209,P484,11.699999999999974
P209,P256,2.800000000000001
P209,P473,3.1000000000000014
P209,P31,6.699999999999992
P209,P161,176.59999999999425
P209,P175,2.700000000000001
P209,P159,3.1000000000000014
P209,P157,1.7000000000000004
P209,P136,5.299999999999997
P209,P391,7.099999999999991
P209,P173,3.3000000000000016
P209,P181,8.399999999999986
P209,P452,8.899999999999984
P210,P501,9.099999999999984
P210,P313,2.9000000000000012
P210,P291,2.700000000000001
P210,P67,2.0000000000000004
P210,P196,1.9000000000000006
P210,P308,7.499999999999989
P210,P430,2.400000000000001
P210,P0,8.099999999999987
P210,P436,6.999999999999991
P210,P349,4.4
P211,P474,5.399999999999997
P211,P350,3.3000000000000016
P211,P25,4.699999999999999
P211,P6,2.400000000000001
P211,P126,3.4000000000000017
P211,P75,2.0000000000000004
P211,P55,2.800000000000001
P211,P93,7.899999999999988
P211,P435,3.0000000000000013
P211,P199,2.1000000000000005
P211,P414,1.7000000000000004
P211,P431,2.2000000000000006
P211,P422,1.8000000000000005
P211,P492,4.5
P211,P386,2.800000000000001
P211,P27,2.0000000000000004
P211,P228,2.600000000000001
P211,P314,5.799999999999995
P211,P170,2.800000000000001
P211,P10,7.699999999999989
P212,P490,2.700000000000001
P212,P12,1.3
P212,P7,2.700000000000001
P212,P506,217.29999999999194
P212,P427,2.400000000000001
P212,P354,2.700000000000001
P212,P250,2.400000000000001
P212,P330,3.3000000000000016
P212,P38,2.600000000000001
P212,P371,2.600000000000001
P212,P387,3.800000000000002
P212,P24,9.89999999999998
P212,P140,2.3000000000000007
P212,P32,3.700000000000002
P212,P486,2.500000000000001
P212,P18,4.000000000000002
P212,P30,4.899999999999999
P212,P135,2.0000000000000004
P212,P232,2.0000000000000004
P212,P141,4.899999999999999
P212,P440,3.0000000000000013
P212,P378,2.3000000000000007
P212,P269,8.099999999999987
P212,P110,2.0000000000000004
P212,P51,2.3000000000000007
P212,P257,6.099999999999994
P212,P134,2.800000000000001
P212,P456,4.899999999999999
P212,P103,3.5000000000000018
P212,P40,2.3000000000000007
P212,P468,2.3000000000000007
P212,P3,1.9000000000000006
P212,P324,2.600000000000001
P212,P65,2.1000000000000005
P212,P127,4.300000000000001
P212,P491,2.3000000000000007
P212,P171,3.2000000000000015
P212,P465,1.9000000000000006
P212,P58,6.299999999999994
P212,P246,2.1000000000000005
P212,P25,2.2000000000000006
P212,P343,2.700000000000001
P212,P6,2.700000000000001
P212,P75,3.3000000000000016
P212,P305,8.399999999999986
P212,P245,2.700000000000001
P212,P329,2.600000000000001
P212,P394,2.700000000000001
P212,P242,2.0000000000000004
P212,P133,2.500000000000001
P212,P201,2.0000000000000004
P212,P419,2.500000000000001
P212,P431,1.5000000000000002
P212,P240,3.5000000000000018
P212,P358,2.3000000000000007
P212,P121,3.0000000000000013
P212,P80,2.9000000000000012
P212,P280,2.9000000000000012
P212,P451,2.3000000000000007
P212,P434,2.800000000000001
P212,P112,2.9000000000000012
P212,P282,2.9000000000000012
P212,P89,2.500000000000001
P212,P248,3.0000000000000013
P212,P68,8.299999999999986
P212,P374,3.700000000000002
P212,P8,3.4000000000000017
P212,P430,4.5
P212,P278,7.799999999999988
P212,P309,7.799999999999988
P212,P63,2.700000000000001
P212,P396,2.500000000000001
P212,P496,3.600000000000002
P212,P15,11.699999999999974
P212,P21,4.6
P212,P11,6.299999999999994
P212,P417,6.999999999999991
P212,P131,3.1000000000000014
P213,P277,5.999999999999995
P213,P325,3.4000000000000017
P213,P232,2.2000000000000006
P213,P305,4.100000000000001
P213,P141,2.600000000000001
P213,P98,2.0000000000000004
P213,P378,1.6000000000000003
P213,P238,2.9000000000000012
P213,P58,3.1000000000000014
P213,P51,2.800000000000001
P213,P488,4.300000000000001
P213,P424,2.2000000000000006
P213,P134,2.600000000000001
P213,P361,2.1000000000000005
P213,P40,3.0000000000000013
P213,P324,2.800000000000001
P213,P65,2.500000000000001
P213,P2,2.9000000000000012
P213,P491,2.1000000000000005
P213,P41,4.799999999999999
P213,P131,1.8000000000000005
P213,P171,2.3000000000000007
P213,P25,2.9000000000000012
P213,P343,3.800000000000002
P213,P6,2.3000000000000007
P213,P75,1.7000000000000004
P213,P435,2.400000000000001
P213,P55,2.3000000000000007
P213,P329,0.9999999999999999
P213,P394,2.2000000000000006
P213,P242,6.299999999999994
P213,P133,2.0000000000000004
P213,P419,2.600000000000001
P213,P201,2.500000000000001
P213,P431,3.0000000000000013
P213,P106,2.3000000000000007
P213,P240,2.400000000000001
P213,P68,2.9000000000000012
P213,P199,8.099999999999987
P213,P478,4.000000000000002
P213,P155,2.600000000000001
P213,P341,6.5999999999999925
P213,P216,6.499999999999993
P213,P502,2.9000000000000012
P213,P61,8.099999999999987
P213,P449,7.19999999999999
P213,P187,4.799999999999999
P214,P397,2.600000000000001
P214,P71,2.2000000000000006
P214,P189,2.500000000000001
P214,P295,6.8999999999999915
P214,P301,5.599999999999996
P214,P312,7.39999999999999
P214,P56,7.599999999999989
P214,P441,1.8000000000000005
P214,P196,13.299999999999969
P214,P223,2.9000000000000012
P214,P95,6.5999999999999925
P214,P244,12.199999999999973
P214,P198,5.899999999999995
P214,P509,7.799999999999988
P214,P263,8.199999999999987
P215,P376,2.500000000000001
P215,P66,2.500000000000001
P215,P352,7.39999999999999
P215,P74,8.199999999999987
P215,P443,5.999999999999995
P215,P135,4.5
P215,P33,5.599999999999996
P216,P271,2.3000000000000007
P216,P183,6.099999999999994
P216,P433,8.299999999999986
P216,P478,4.899999999999999
P216,P213,6.499999999999993
P216,P502,6.099999999999994
P216,P17,5.599999999999996
P216,P187,5.4999999999999964
P216,P449,6.8999999999999915
P216,P96,7.19999999999999
P217,P386,169.79999999999464
P217,P186,3.5000000000000018
P217,P219,2.0000000000000004
P217,P377,2.9000000000000012
P217,P138,2.600000000000001
P217,P30,5.1999999999999975
P217,P18,4.100000000000001
P217,P135,2.2000000000000006
P217,P232,1.8000000000000005
P217,P269,6.799999999999992
P217,P141,3.5000000000000018
P217,P440,2.1000000000000005
P217,P378,2.0000000000000004
P217,P110,2.9000000000000012
P217,P257,5.899999999999995
P217,P51,2.3000000000000007
P217,P134,2.0000000000000004
P217,P456,3.2000000000000015
P217,P103,1.8000000000000005
P217,P40,2.600000000000001
P217,P468,2.500000000000001
P217,P324,2.0000000000000004
P217,P65,2.0000000000000004
P217,P127,2.3000000000000007
P217,P491,2.3000000000000007
P217,P58,6.5999999999999925
P217,P171,3.800000000000002
P217,P465,4.6
P217,P305,8.699999999999985
P217,P246,6.499999999999993
P217,P25,2.800000000000001
P217,P6,1.8000000000000005
P217,P343,2.2000000000000006
P217,P75,2.0000000000000004
P217,P245,3.4000000000000017
P217,P329,3.0000000000000013
P217,P394,3.1000000000000014
P217,P242,2.1000000000000005
P217,P133,1.9000000000000006
P217,P201,2.1000000000000005
P217,P419,4.699999999999999
P217,P431,2.0000000000000004
P217,P240,5.1999999999999975
P217,P358,2.500000000000001
P217,P80,5.299999999999997
P217,P470,4.6
P217,P252,8.299999999999986
P217,P291,2.0000000000000004
P217,P363,8.599999999999985
P217,P79,7.699999999999989
P217,P84,5.799999999999995
P217,P165,6.799999999999992
P217,P509,6.199999999999994
P217,P229,8.299999999999986
P217,P188,7.099999999999991
P217,P198,2.400000000000001
P218,P446,4.999999999999998
P218,P239,1.9000000000000006
P218,P247,5.1999999999999975
P218,P98,2.0000000000000004
P218,P424,4.899999999999999
P218,P376,11.499999999999975
P218,P172,5.599999999999996
P218,P194,2.1000000000000005
P218,P1,4.200000000000001
P218,P7,1.6000000000000003
P218,P62,4.200000000000001
P218,P444,4.999999999999998
P218,P139,5.099999999999998
P218,P261,2.0000000000000004
P218,P335,13.799999999999967
P218,P241,2.500000000000001
P218,P479,3.1000000000000014
P218,P174,6.399999999999993
P218,P154,3.0000000000000013
P218,P427,4.000000000000002
P218,P13,3.4000000000000017
P218,P23,13.199999999999969
P218,P488,2.800000000000001
P218,P49,15.199999999999962
P218,P473,1.2
P218,P439,12.79999999999997
P218,P440,2.3000000000000007
P218,P371,5.399999999999997
P218,P278,13.899999999999967
P218,P309,13.899999999999967
P218,P232,2.500000000000001
P218,P8,14.199999999999966
P218,P270,3.3000000000000016
P218,P68,12.79999999999997
P218,P136,2.500000000000001
P218,P265,6.5999999999999925
P218,P393,4.899999999999999
P218,P415,3.2000000000000015
P218,P409,11.999999999999973
P218,P234,2.700000000000001
P218,P128,1.6000000000000003
P218,P70,15.59999999999996
P218,P246,2.0000000000000004
P218,P434,12.79999999999997
P218,P200,2.500000000000001
P218,P141,2.3000000000000007
P218,P441,2.9000000000000012
P218,P36,2.600000000000001
P218,P74,1.8000000000000005
P218,P305,12.099999999999973
P218,P430,2.400000000000001
P218,P58,13.799999999999967
P218,P354,13.199999999999969
P218,P457,1.5000000000000002
P218,P324,11.799999999999974
P218,P489,1.9000000000000006
P218,P86,1.6000000000000003
P218,P158,2.0000000000000004
P218,P17,2.9000000000000012
P218,P184,5.299999999999997
P218,P63,2.500000000000001
P218,P105,5.1999999999999975
P218,P508,2.3000000000000007
P218,P130,2.2000000000000006
P218,P300,3.1000000000000014
P218,P145,31.300000000000175
P218,P81,1.9000000000000006
P218,P317,4.6
P218,P195,3.1000000000000014
P218,P267,2.800000000000001
P218,P330,3.4000000000000017
P218,P337,4.5
P218,P342,2.400000000000001
P218,P161,2.0000000000000004
P218,P83,2.700000000000001
P218,P205,6.499999999999993
P218,P169,2.0000000000000004
P218,P82,2.2000000000000006
P218,P155,2.2000000000000006
P218,P258,4.899999999999999
P218,P176,77.99999999999984
P218,P132,7.29999999999999
P218,P502,2.3000000000000007
P218,P344,6.399999999999993
P218,P165,29.300000000000146
P218,P478,2.1000000000000005
P219,P181,2.500000000000001
P219,P217,2.0000000000000004
P219,P301,5.4999999999999964
P219,P397,13.299999999999969
P219,P138,7.19999999999999
P220,P312,6.799999999999992
P220,P182,8.999999999999984
P220,P87,6.799999999999992
P220,P369,7.799999999999988
P220,P3,14.099999999999966
P220,P480,11.599999999999975
P220,P127,15.099999999999962
P220,P171,9.89999999999998
P220,P414,6.199999999999994
P221,P92,2.600000000000001
P221,P237,15.299999999999962
P221,P290,12.79999999999997
P221,P451,6.099999999999994
P222,P98,3.800000000000002
P222,P109,2.800000000000001
P222,P134,2.400000000000001
P222,P40,3.2000000000000015
P222,P491,3.1000000000000014
P222,P93,3.4000000000000017
P222,P131,2.0000000000000004
P222,P6,3.1000000000000014
P222,P75,3.4000000000000017
P222,P55,2.800000000000001
P222,P435,2.700000000000001
P222,P414,4.899999999999999
P222,P389,2.400000000000001
P222,P121,2.9000000000000012
P222,P272,6.299999999999994
P222,P496,2.2000000000000006
P222,P489,2.1000000000000005
P222,P183,7.499999999999989
P222,P78,5.399999999999997
P222,P511,4.699999999999999
P222,P388,7.899999999999988
P222,P223,79.19999999999978
P222,P62,3.1000000000000014
P222,P317,2.9000000000000012
P222,P337,3.4000000000000017
P222,P354,7.699999999999989
P222,P58,6.699999999999992
P222,P82,2.700000000000001
P222,P427,3.1000000000000014
P223,P308,6.5999999999999925
P223,P363,8.899999999999984
P223,P252,4.899999999999999
P223,P198,2.800000000000001
P223,P214,2.9000000000000012
P223,P95,2.2000000000000006
P223,P138,5.999999999999995
P223,P180,6.8999999999999915
P223,P94,4.100000000000001
P223,P222,79.19999999999978
P223,P62,2.3000000000000007
P223,P317,1.6000000000000003
P223,P337,2.500000000000001
P223,P354,7.699999999999989
P223,P58,6.499999999999993
P223,P82,3.2000000000000015
P223,P427,2.500000000000001
P223,P305,5.599999999999996
P224,P394,2.3000000000000007
P224,P431,3.800000000000002
P224,P160,10.19999999999998
P224,P187,5.4999999999999964
P224,P43,8.799999999999985
P224,P283,7.39999999999999
P224,P82,6.5999999999999925
P224,P162,9.299999999999983
P225,P440,2.1000000000000005
P225,P488,0.9999999999999999
P225,P348,1.9000000000000006
P225,P3,1.3
P225,P370,2.700000000000001
P225,P37,8.599999999999985
P225,P503,7.999999999999988
P226,P495,6.399999999999993
P226,P85,15.59999999999996
P226,P156,13.899999999999967
P226,P313,7.899999999999988
P227,P497,6.199999999999994
P227,P489,3.0000000000000013
P227,P62,5.1999999999999975
P227,P416,3.3000000000000016
P227,P293,3.700000000000002
P227,P52,6.299999999999994
P227,P88,3.800000000000002
P227,P407,8.799999999999985
P227,P229,5.399999999999997
P227,P379,8.999999999999984
P227,P171,7.699999999999989
P228,P11,2.400000000000001
P228,P466,2.800000000000001
P228,P176,2.500000000000001
P228,P477,9.299999999999983
P228,P175,2.2000000000000006
P228,P447,6.799999999999992
P228,P357,14.899999999999963
P228,P63,14.199999999999966
P228,P287,2.9000000000000012
P228,P111,4.999999999999998
P228,P193,2.3000000000000007
P228,P395,7.39999999999999
P228,P181,2.0000000000000004
P228,P179,3.1000000000000014
P228,P314,5.699999999999996
P228,P452,3.800000000000002
P228,P211,2.600000000000001
P228,P386,5.1999999999999975
P228,P481,3.900000000000002
P228,P199,5.799999999999995
P228,P349,5.399999999999997
P228,P42,5.899999999999995
P228,P189,27.600000000000122
P228,P92,8.899999999999984
P228,P53,5.299999999999997
P228,P432,6.699999999999992
P228,P404,6.699999999999992
P228,P509,7.29999999999999
P228,P114,6.299999999999994
P228,P73,6.799999999999992
P228,P383,6.799999999999992
P228,P347,8.899999999999984
P228,P380,7.499999999999989
P228,P7,4.699999999999999
P228,P446,10.899999999999977
P228,P62,18.799999999999997
P228,P258,6.699999999999992
P228,P86,6.299999999999994
P228,P444,8.899999999999984
P228,P158,5.699999999999996
P228,P261,5.799999999999995
P228,P241,7.999999999999988
P228,P344,6.199999999999994
P228,P479,7.39999999999999
P228,P174,6.999999999999991
P228,P154,6.8999999999999915
P228,P427,12.79999999999997
P228,P488,5.299999999999997
P228,P473,5.299999999999997
P228,P440,5.699999999999996
P228,P371,6.299999999999994
P228,P300,5.699999999999996
P228,P232,7.29999999999999
P228,P132,9.099999999999984
P228,P317,6.399999999999993
P228,P195,7.899999999999988
P228,P204,6.8999999999999915
P228,P136,5.399999999999997
P228,P337,7.099999999999991
P228,P342,7.499999999999989
P228,P393,8.199999999999987
P228,P415,13.599999999999968
P228,P83,5.399999999999997
P228,P253,9.299999999999983
P228,P169,7.799999999999988
P228,P82,8.099999999999987
P228,P173,6.199999999999994
P228,P155,7.699999999999989
P228,P141,5.699999999999996
P228,P74,6.499999999999993
P228,P490,7.999999999999988
P228,P423,8.199999999999987
P228,P484,6.699999999999992
P228,P457,7.899999999999988
P228,P407,6.299999999999994
P228,P478,7.499999999999989
P228,P397,4.999999999999998
P228,P27,9.099999999999984
P228,P246,1081.6000000001118
P229,P197,2.400000000000001
P229,P460,9.399999999999983
P229,P161,4.000000000000002
P229,P426,2.9000000000000012
P229,P103,1.0999999999999999
P229,P407,4.799999999999999
P229,P227,5.399999999999997
P229,P504,9.099999999999984
P229,P84,3.4000000000000017
P229,P509,2.3000000000000007
P229,P217,8.299999999999986
P229,P188,1.8000000000000005
P229,P363,6.999999999999991
P229,P252,9.299999999999983
P229,P29,9.399999999999983
P229,P178,5.399999999999997
P229,P204,2.400000000000001
P229,P466,2.700000000000001
P230,P345,2.2000000000000006
P230,P95,3.4000000000000017
P230,P180,2.600000000000001
P230,P316,3.700000000000002
P230,P277,6.999999999999991
P230,P102,11.599999999999975
P230,P134,13.299999999999969
P230,P409,3.5000000000000018
P230,P288,4.5
P230,P350,6.999999999999991
P230,P244,2.700000000000001
P230,P99,13.09999999999997
P230,P295,11.299999999999976
P230,P505,1.9000000000000006
P230,P470,2.2000000000000006
P230,P359,3.0000000000000013
P230,P66,2.1000000000000005
P230,P373,8.599999999999985
P230,P86,8.199999999999987
P231,P427,1.8000000000000005
P231,P354,2.600000000000001
P231,P481,3.0000000000000013
P231,P478,138.49999999999642
P231,P78,2.600000000000001
P231,P194,2.1000000000000005
P231,P363,10.999999999999977
P231,P369,2.400000000000001
P231,P66,1.9000000000000006
P231,P263,4.000000000000002
P231,P352,18.099999999999987
P231,P35,17.59999999999998
P232,P300,7.39999999999999
P232,P111,2.2000000000000006
P232,P213,2.2000000000000006
P232,P278,12.599999999999971
P232,P457,1.6000000000000003
P232,P204,7.19999999999999
P232,P144,2.9000000000000012
P232,P496,8.999999999999984
P232,P163,2.0000000000000004
P232,P267,4.300000000000001
P232,P355,2.600000000000001
P232,P381,2.600000000000001
P232,P403,5.099999999999998
P232,P346,3.2000000000000015
P232,P507,3.900000000000002
P232,P158,7.19999999999999
P232,P342,4.5
P232,P337,5.599999999999996
P232,P257,13.299999999999969
P232,P281,4.5
P232,P439,9.099999999999984
P232,P147,2.2000000000000006
P232,P341,2.9000000000000012
P232,P179,3.0000000000000013
P232,P452,2.800000000000001
P232,P135,7.29999999999999
P232,P269,11.999999999999973
P232,P181,1.7000000000000004
P232,P217,1.8000000000000005
P232,P481,4.200000000000001
P232,P506,2.700000000000001
P232,P212,2.0000000000000004
P232,P30,15.69999999999996
P232,P502,1.7000000000000004
P232,P73,3.2000000000000015
P232,P458,3.5000000000000018
P232,P25,3.600000000000002
P232,P242,3.600000000000002
P232,P250,9.099999999999984
P232,P142,2.400000000000001
P232,P419,2.0000000000000004
P232,P505,2.0000000000000004
P232,P75,5.699999999999996
P232,P431,2.400000000000001
P232,P26,1.6000000000000003
P232,P358,2.9000000000000012
P232,P433,3.0000000000000013
P232,P80,1.8000000000000005
P232,P121,2.3000000000000007
P232,P280,2.700000000000001
P232,P282,1.7000000000000004
P232,P112,1.8000000000000005
P232,P115,4.999999999999998
P232,P201,7.29999999999999
P232,P248,3.4000000000000017
P232,P374,2.1000000000000005
P232,P324,6.799999999999992
P232,P430,2.700000000000001
P232,P470,2.3000000000000007
P232,P354,9.399999999999983
P232,P58,5.599999999999996
P232,P272,2.0000000000000004
P232,P305,6.5999999999999925
P232,P359,2.600000000000001
P232,P296,2.700000000000001
P232,P47,3.600000000000002
P232,P402,2.2000000000000006
P232,P434,7.699999999999989
P232,P277,2.400000000000001
P232,P353,2.500000000000001
P232,P70,6.499999999999993
P232,P43,2.9000000000000012
P232,P418,2.9000000000000012
P232,P160,3.0000000000000013
P232,P409,8.099999999999987
P232,P164,2.800000000000001
P232,P68,7.499999999999989
P232,P396,1.7000000000000004
P232,P8,4.999999999999998
P232,P218,2.500000000000001
P232,P309,8.599999999999985
P232,P49,5.999999999999995
P232,P258,1.8000000000000005
P232,P86,1.9000000000000006
P232,P23,7.499999999999989
P232,P335,5.099999999999998
P232,P344,5.099999999999998
P232,P194,2.0000000000000004
P232,P63,1.7000000000000004
P232,P116,5.099999999999998
P232,P62,2.400000000000001
P232,P228,7.29999999999999
P232,P132,1.7000000000000004
P232,P317,4.000000000000002
P232,P195,2.0000000000000004
P232,P170,5.899999999999995
P232,P199,5.899999999999995
P232,P83,3.1000000000000014
P232,P314,7.099999999999991
P232,P395,5.699999999999996
P232,P427,1.9000000000000006
P232,P169,1.7000000000000004
P232,P82,2.400000000000001
P232,P93,11.299999999999976
P232,P155,2.400000000000001
P232,P473,6.799999999999992
P232,P117,6.8999999999999915
P232,P432,2.600000000000001
P232,P495,6.099999999999994
P232,P34,6.8999999999999915
P232,P149,6.199999999999994
P232,P298,2.0000000000000004
P233,P179,4.200000000000001
P233,P347,4.799999999999999
P233,P78,2.2000000000000006
P233,P330,10.399999999999979
P233,P38,3.2000000000000015
P233,P387,2.400000000000001
P233,P398,17.49999999999998
P233,P32,10.29999999999998
P233,P427,6.8999999999999915
P233,P390,5.399999999999997
P233,P18,6.299999999999994
P233,P135,7.799999999999988
P233,P141,11.999999999999973
P233,P378,13.899999999999967
P233,P348,5.899999999999995
P233,P128,5.399999999999997
P233,P134,18.099999999999987
P233,P413,12.099999999999973
P233,P40,13.499999999999968
P233,P468,5.399999999999997
P233,P454,8.099999999999987
P233,P104,5.099999999999998
P233,P200,8.399999999999986
P233,P370,15.79999999999996
P233,P140,6.999999999999991
P233,P36,5.399999999999997
P233,P74,7.39999999999999
P233,P6,15.399999999999961
P233,P242,20.000000000000014
P233,P419,9.299999999999983
P233,P26,6.399999999999993
P233,P322,7.599999999999989
P233,P358,9.199999999999983
P233,P203,6.8999999999999915
P233,P80,7.39999999999999
P233,P186,5.099999999999998
P233,P71,7.29999999999999
P233,P448,4.999999999999998
P233,P113,7.699999999999989
P233,P119,5.999999999999995
P233,P272,6.699999999999992
P233,P14,5.4999999999999964
P233,P290,6.799999999999992
P233,P402,6.8999999999999915
P233,P353,7.39999999999999
P233,P43,5.999999999999995
P233,P150,7.499999999999989
P233,P332,11.199999999999976
P233,P489,9.399999999999983
P234,P439,1.7000000000000004
P234,P334,4.000000000000002
P234,P94,3.1000000000000014
P234,P340,2.500000000000001
P234,P461,6.399999999999993
P234,P402,3.800000000000002
P234,P43,2.1000000000000005
P234,P418,1.9000000000000006
P234,P160,3.0000000000000013
P234,P164,5.399999999999997
P234,P434,5.799999999999995
P234,P396,2.400000000000001
P234,P70,5.999999999999995
P234,P218,2.700000000000001
P234,P409,7.799999999999988
P234,P68,6.499999999999993
P234,P139,5.999999999999995
P234,P508,4.899999999999999
P234,P57,9.99999999999998
P234,P270,7.799999999999988
P234,P292,2.500000000000001
P234,P355,12.89999999999997
P235,P395,3.600000000000002
P235,P329,4.4
P235,P359,1.6000000000000003
P235,P118,1.6000000000000003
P235,P57,7.19999999999999
P235,P21,15.199999999999962
P235,P197,1.8000000000000005
P235,P292,4.4
P235,P172,4.899999999999999
P235,P243,2.0000000000000004
P235,P78,2.2000000000000006
P235,P156,3.800000000000002
P236,P504,7.19999999999999
P236,P489,5.299999999999997
P236,P113,4.799999999999999
P236,P39,5.899999999999995
P236,P154,3.4000000000000017
P236,P6,200.09999999999292
P236,P250,12.69999999999997
P236,P390,3.0000000000000013
P236,P440,2.9000000000000012
P236,P30,14.699999999999964
P236,P330,4.5
P236,P475,12.89999999999997
P236,P333,13.699999999999967
P236,P65,13.09999999999997
P236,P24,11.999999999999973
P236,P128,2.600000000000001
P236,P184,7.699999999999989
P236,P454,1.8000000000000005
P236,P200,2.600000000000001
P236,P141,3.4000000000000017
P236,P140,7.599999999999989
P236,P36,3.1000000000000014
P236,P71,2.3000000000000007
P236,P448,2.400000000000001
P236,P398,2.600000000000001
P236,P402,2.600000000000001
P236,P353,6.5999999999999925
P236,P43,3.0000000000000013
P236,P396,2.400000000000001
P236,P77,5.1999999999999975
P236,P164,5.1999999999999975
P236,P75,6.5999999999999925
P236,P269,6.699999999999992
P236,P394,401.9000000000229
P236,P257,5.999999999999995
P236,P115,8.099999999999987
P236,P498,8.099999999999987
P236,P201,8.199999999999987
P236,P47,6.199999999999994
P236,P86,2.0000000000000004
P236,P158,4.100000000000001
P236,P17,4.799999999999999
P236,P324,6.8999999999999915
P236,P469,6.5999999999999925
P236,P63,2.9000000000000012
P236,P105,2.0000000000000004
P236,P354,7.899999999999988
P236,P62,4.200000000000001
P236,P58,7.899999999999988
P236,P508,3.5000000000000018
P236,P130,2.3000000000000007
P236,P305,6.399999999999993
P236,P81,2.500000000000001
P236,P317,4.300000000000001
P236,P195,3.0000000000000013
P236,P267,2.700000000000001
P236,P337,2.9000000000000012
P236,P342,2.400000000000001
P236,P161,2.0000000000000004
P236,P83,2.400000000000001
P236,P434,7.799999999999988
P236,P427,2.9000000000000012
P236,P82,1.8000000000000005
P236,P70,7.19999999999999
P236,P155,2.600000000000001
P236,P205,4.899999999999999
P236,P409,6.699999999999992
P236,P68,7.29999999999999
P237,P249,4.100000000000001
P237,P339,6.399999999999993
P237,P221,15.299999999999962
P237,P290,13.399999999999968
P237,P437,5.299999999999997
P237,P316,8.299999999999986
P238,P306,115.6999999999977
P238,P359,1.5000000000000002
P238,P378,43.300000000000345
P238,P98,0.2
P238,P344,2.2000000000000006
P238,P300,2.3000000000000007
P238,P111,4.899999999999999
P238,P213,2.9000000000000012
P238,P278,1.8000000000000005
P238,P457,2.600000000000001
P238,P204,4.799999999999999
P238,P144,4.000000000000002
P238,P163,2.700000000000001
P238,P305,5.799999999999995
P238,P267,2.2000000000000006
P238,P27,2.3000000000000007
P238,P355,3.3000000000000016
P238,P381,2.500000000000001
P238,P335,1.7000000000000004
P238,P258,3.3000000000000016
P238,P309,1.7000000000000004
P238,P331,2.0000000000000004
P238,P262,6.999999999999991
P238,P49,2.500000000000001
P238,P261,2.400000000000001
P238,P445,6.999999999999991
P238,P177,13.799999999999967
P238,P88,6.799999999999992
P238,P511,6.5999999999999925
P238,P244,13.299999999999969
P238,P385,6.499999999999993
P238,P321,7.599999999999989
P238,P285,5.999999999999995
P238,P263,7.499999999999989
P238,P384,3510.5999999979026
P239,P279,90.79999999999912
P239,P129,3.1000000000000014
P239,P376,1.9000000000000006
P239,P247,6.5999999999999925
P239,P218,1.9000000000000006
P239,P274,3.2000000000000015
P239,P446,1.9000000000000006
P239,P241,1.7000000000000004
P239,P463,2.2000000000000006
P239,P162,2.2000000000000006
P239,P54,5.599999999999996
P240,P106,278.6999999999949
P240,P418,2.9000000000000012
P240,P101,2.3000000000000007
P240,P89,2.600000000000001
P240,P359,4.100000000000001
P240,P93,5.899999999999995
P240,P149,2.600000000000001
P240,P118,3.0000000000000013
P240,P97,1.8000000000000005
P240,P96,2.500000000000001
P240,P344,3.1000000000000014
P240,P375,3.4000000000000017
P240,P395,4.899999999999999
P240,P156,2.1000000000000005
P240,P79,1.8000000000000005
P240,P44,2.0000000000000004
P240,P485,3.4000000000000017
P240,P300,3.2000000000000015
P240,P199,7.499999999999989
P240,P111,2.1000000000000005
P240,P213,2.400000000000001
P240,P417,3.3000000000000016
P240,P204,2.2000000000000006
P240,P314,3.5000000000000018
P240,P255,2.1000000000000005
P240,P163,1.9000000000000006
P240,P23,5.899999999999995
P240,P267,3.2000000000000015
P240,P27,2.3000000000000007
P240,P164,3.900000000000002
P240,P381,3.0000000000000013
P240,P403,2.400000000000001
P240,P278,8.999999999999984
P240,P507,2.700000000000001
P240,P158,2.1000000000000005
P240,P342,2.0000000000000004
P240,P337,1.8000000000000005
P240,P281,1.5000000000000002
P240,P335,4.200000000000001
P240,P258,2.700000000000001
P240,P298,2.3000000000000007
P240,P193,3.0000000000000013
P240,P439,3.3000000000000016
P240,P309,2.400000000000001
P240,P147,5.999999999999995
P240,P179,4.100000000000001
P240,P452,2.400000000000001
P240,P341,2.9000000000000012
P240,P181,3.0000000000000013
P240,P386,3.3000000000000016
P240,P217,5.1999999999999975
P240,P481,2.700000000000001
P240,P194,1.7000000000000004
P240,P327,4.6
P240,P12,2.1000000000000005
P240,P212,3.5000000000000018
P240,P102,1.8000000000000005
P240,P191,4.6
P240,P349,4.6
P240,P42,1.8000000000000005
P240,P70,2.500000000000001
P240,P189,6.399999999999993
P240,P92,2.9000000000000012
P240,P432,1.9000000000000006
P240,P409,2.2000000000000006
P240,P404,2.800000000000001
P240,P53,4.799999999999999
P240,P114,2.0000000000000004
P240,P197,1.3
P240,P487,2.0000000000000004
P240,P73,5.599999999999996
P240,P305,8.999999999999984
P240,P458,2.800000000000001
P240,P347,3.0000000000000013
P240,P380,2.0000000000000004
P240,P58,7.699999999999989
P240,P277,2.0000000000000004
P240,P7,4.5
P240,P354,9.199999999999983
P240,P139,2.2000000000000006
P240,P324,11.399999999999975
P240,P174,0.30000000000000004
P240,P154,3.700000000000002
P240,P427,2.600000000000001
P240,P13,2.700000000000001
P240,P321,2.2000000000000006
P240,P415,1.5000000000000002
P240,P137,2.0000000000000004
P240,P71,2.1000000000000005
P240,P448,2.9000000000000012
P240,P471,9.599999999999982
P240,P331,4.000000000000002
P240,P11,11.499999999999975
P240,P175,5.4999999999999964
P241,P128,4.4
P241,P379,2.9000000000000012
P241,P239,1.7000000000000004
P241,P334,4.4
P241,P424,2.800000000000001
P241,P98,7.39999999999999
P241,P247,7.39999999999999
P241,P55,4.4
P241,P376,6.8999999999999915
P241,P451,2.3000000000000007
P241,P274,4.699999999999999
P241,P89,4.4
P241,P272,2.3000000000000007
P241,P70,5.699999999999996
P241,P409,5.1999999999999975
P241,P359,2.3000000000000007
P241,P296,2.1000000000000005
P241,P68,5.799999999999995
P241,P47,3.5000000000000018
P241,P402,2.3000000000000007
P241,P8,7.39999999999999
P241,P479,55.900000000000524
P241,P353,4.699999999999999
P241,P43,1.6000000000000003
P241,P278,8.499999999999986
P241,P309,8.499999999999986
P241,P439,6.399999999999993
P241,P418,3.800000000000002
P241,P160,3.0000000000000013
P241,P49,6.399999999999993
P241,P164,4.300000000000001
P241,P23,7.599999999999989
P241,P218,2.500000000000001
P241,P335,7.799999999999988
P241,P139,2.800000000000001
P241,P258,2.600000000000001
P241,P86,3.900000000000002
P241,P116,5.399999999999997
P241,P158,2.2000000000000006
P241,P228,7.999999999999988
P241,P344,2.400000000000001
P241,P199,6.699999999999992
P241,P170,6.8999999999999915
P241,P314,7.599999999999989
P241,P63,2.9000000000000012
P241,P395,5.699999999999996
P241,P300,3.3000000000000016
P241,P132,2.9000000000000012
P241,P93,7.19999999999999
P241,P317,3.2000000000000015
P241,P204,2.600000000000001
P241,P117,5.4999999999999964
P241,P337,2.500000000000001
P241,P342,2.3000000000000007
P241,P83,2.600000000000001
P241,P495,5.4999999999999964
P241,P34,7.999999999999988
P241,P169,2.2000000000000006
P241,P478,3.800000000000002
P241,P190,2.0000000000000004
P241,P193,3.4000000000000017
P241,P444,4.6
P241,P440,1.7000000000000004
P241,P291,6.699999999999992
P242,P72,5.699999999999996
P242,P485,1.9000000000000006
P242,P79,2.800000000000001
P242,P44,3.5000000000000018
P242,P300,5.699999999999996
P242,P111,2.9000000000000012
P242,P213,6.299999999999994
P242,P417,2.3000000000000007
P242,P62,75.99999999999996
P242,P204,2.1000000000000005
P242,P314,5.699999999999996
P242,P23,7.099999999999991
P242,P255,4.200000000000001
P242,P163,2.3000000000000007
P242,P278,8.299999999999986
P242,P267,2.500000000000001
P242,P27,3.2000000000000015
P242,P164,7.099999999999991
P242,P381,5.4999999999999964
P242,P403,2.0000000000000004
P242,P507,4.899999999999999
P242,P158,2.2000000000000006
P242,P342,2.600000000000001
P242,P337,1.7000000000000004
P242,P281,2.3000000000000007
P242,P335,2.3000000000000007
P242,P258,2.600000000000001
P242,P298,1.7000000000000004
P242,P193,3.0000000000000013
P242,P439,2.3000000000000007
P242,P309,2.800000000000001
P242,P147,1.9000000000000006
P242,P179,2.3000000000000007
P242,P181,3.2000000000000015
P242,P452,3.800000000000002
P242,P341,1.7000000000000004
P242,P386,3.2000000000000015
P242,P217,2.1000000000000005
P242,P194,4.6
P242,P481,5.299999999999997
P242,P327,2.9000000000000012
P242,P155,3.0000000000000013
P242,P212,2.0000000000000004
P242,P102,1.5000000000000002
P242,P191,2.700000000000001
P242,P349,2.600000000000001
P242,P42,2.500000000000001
P242,P70,2.500000000000001
P242,P189,2.800000000000001
P242,P92,2.3000000000000007
P242,P305,5.4999999999999964
P242,P432,5.299999999999997
P242,P409,2.1000000000000005
P242,P448,2.2000000000000006
P242,P58,5.799999999999995
P242,P404,1.7000000000000004
P242,P53,2.700000000000001
P242,P114,4.5
P242,P487,2.700000000000001
P242,P73,2.0000000000000004
P242,P347,2.400000000000001
P242,P458,2.1000000000000005
P242,P277,3.3000000000000016
P242,P7,2.400000000000001
P242,P293,4.4
P242,P354,6.499999999999993
P242,P324,8.399999999999986
P242,P139,2.400000000000001
P242,P154,2.800000000000001
P242,P427,2.0000000000000004
P242,P13,2.0000000000000004
P242,P115,7.499999999999989
P242,P257,6.299999999999994
P242,P473,3.3000000000000016
P242,P390,2.0000000000000004
P242,P440,2.500000000000001
P242,P269,12.599999999999971
P242,P75,12.099999999999973
P242,P232,3.600000000000002
P242,P250,13.599999999999968
P242,P330,2.2000000000000006
P242,P30,14.199999999999966
P242,P475,2.500000000000001
P242,P128,3.1000000000000014
P242,P184,4.300000000000001
P242,P333,14.899999999999963
P242,P65,16.29999999999996
P242,P454,3.2000000000000015
P242,P24,15.99999999999996
P242,P200,2.700000000000001
P242,P141,3.900000000000002
P242,P140,9.299999999999983
P242,P36,2.9000000000000012
P242,P74,2.2000000000000006
P242,P398,5.899999999999995
P242,P233,20.000000000000014
P242,P134,2.0000000000000004
P242,P310,14.399999999999965
P242,P43,2.3000000000000007
P242,P157,3.0000000000000013
P242,P63,2.700000000000001
P242,P77,5.099999999999998
P242,P130,3.3000000000000016
P242,P265,2.3000000000000007
P242,P81,2.400000000000001
P243,P499,114.89999999999775
P243,P7,3.1000000000000014
P243,P427,2.800000000000001
P243,P354,2.9000000000000012
P243,P347,53.50000000000049
P243,P206,5.699999999999996
P243,P139,1.9000000000000006
P243,P50,2.500000000000001
P243,P285,2.600000000000001
P243,P410,14.199999999999966
P243,P235,2.0000000000000004
P243,P172,5.099999999999998
P243,P60,2.800000000000001
P243,P330,0.9999999999999999
P243,P281,8.499999999999986
P243,P197,5.4999999999999964
P244,P460,40.80000000000031
P244,P472,3.800000000000002
P244,P384,15.59999999999996
P244,P334,2.2000000000000006
P244,P426,6.5999999999999925
P244,P54,4.799999999999999
P244,P230,2.700000000000001
P244,P238,13.299999999999969
P244,P214,12.199999999999973
P244,P389,2.700000000000001
P244,P392,19.900000000000013
P244,P365,12.89999999999997
P244,P263,2.700000000000001
P245,P10,0.30000000000000004
P245,P83,5.799999999999995
P245,P29,3.1000000000000014
P245,P170,4.799999999999999
P245,P314,3.1000000000000014
P245,P23,5.899999999999995
P245,P163,2.500000000000001
P245,P278,6.8999999999999915
P245,P267,2.600000000000001
P245,P164,3.600000000000002
P245,P27,2.9000000000000012
P245,P381,3.1000000000000014
P245,P403,2.3000000000000007
P245,P329,239.89999999999065
P245,P507,2.0000000000000004
P245,P158,2.2000000000000006
P245,P342,1.9000000000000006
P245,P337,2.3000000000000007
P245,P281,2.1000000000000005
P245,P335,2.0000000000000004
P245,P258,2.3000000000000007
P245,P298,2.500000000000001
P245,P439,1.9000000000000006
P245,P193,1.7000000000000004
P245,P309,3.0000000000000013
P245,P147,3.5000000000000018
P245,P179,1.8000000000000005
P245,P452,2.1000000000000005
P245,P181,3.700000000000002
P245,P341,3.600000000000002
P245,P386,2.2000000000000006
P245,P217,3.4000000000000017
P245,P194,1.7000000000000004
P245,P481,2.400000000000001
P245,P327,3.0000000000000013
P245,P155,3.0000000000000013
P245,P212,2.700000000000001
P245,P102,2.500000000000001
P245,P305,6.799999999999992
P245,P191,2.0000000000000004
P245,P349,3.5000000000000018
P245,P42,2.800000000000001
P245,P189,1.6000000000000003
P245,P70,1.3
P245,P58,5.099999999999998
P245,P92,3.600000000000002
P245,P432,1.7000000000000004
P245,P409,3.3000000000000016
P245,P448,3.4000000000000017
P245,P404,2.1000000000000005
P245,P53,2.0000000000000004
P245,P114,3.700000000000002
P245,P487,2.500000000000001
P245,P26,1.6000000000000003
P245,P73,0.9999999999999999
P245,P347,3.0000000000000013
P245,P458,4.5
P245,P324,6.099999999999994
P245,P499,2.600000000000001
P245,P277,3.2000000000000015
P245,P7,2.0000000000000004
P245,P293,3.0000000000000013
P245,P354,3.1000000000000014
P245,P115,8.799999999999985
P245,P427,1.9000000000000006
P245,P257,7.39999999999999
P245,P13,2.700000000000001
P245,P473,4.999999999999998
P245,P269,8.599999999999985
P245,P390,2.400000000000001
P245,P75,16.499999999999964
P245,P440,2.600000000000001
P245,P250,14.099999999999966
P245,P393,1.8000000000000005
P245,P22,15.099999999999962
P245,P77,8.299999999999986
P245,P311,7.39999999999999
P245,P494,7.499999999999989
P245,P249,3.600000000000002
P246,P396,5.999999999999995
P246,P267,2.600000000000001
P246,P164,4.6
P246,P27,11.099999999999977
P246,P355,2.700000000000001
P246,P381,3.3000000000000016
P246,P403,3.0000000000000013
P246,P507,2.3000000000000007
P246,P158,6.799999999999992
P246,P342,5.999999999999995
P246,P337,5.099999999999998
P246,P281,2.3000000000000007
P246,P335,9.799999999999981
P246,P258,8.099999999999987
P246,P298,2.9000000000000012
P246,P439,10.699999999999978
P246,P309,9.099999999999984
P246,P147,2.0000000000000004
P246,P179,2.800000000000001
P246,P452,2.1000000000000005
P246,P341,1.8000000000000005
P246,P181,0.9999999999999999
P246,P217,6.499999999999993
P246,P194,7.19999999999999
P246,P481,3.1000000000000014
P246,P305,12.399999999999972
P246,P327,1.9000000000000006
P246,P155,9.99999999999998
P246,P212,2.1000000000000005
P246,P58,11.499999999999975
P246,P102,3.0000000000000013
P246,P191,2.9000000000000012
P246,P349,4.100000000000001
P246,P42,2.400000000000001
P246,P189,25.500000000000092
P246,P92,2.0000000000000004
P246,P432,1.9000000000000006
P246,P409,7.999999999999988
P246,P324,13.499999999999968
P246,P448,4.000000000000002
P246,P53,1.8000000000000005
P246,P404,2.0000000000000004
P246,P114,2.0000000000000004
P246,P487,3.4000000000000017
P246,P26,2.2000000000000006
P246,P73,2.400000000000001
P246,P347,2.0000000000000004
P246,P458,6.699999999999992
P246,P499,2.500000000000001
P246,P277,5.099999999999998
P246,P7,4.6
P246,P293,1.8000000000000005
P246,P354,10.599999999999978
P246,P115,17.199999999999974
P246,P154,2.400000000000001
P246,P120,11.199999999999976
P246,P192,13.499999999999968
P246,P311,6.299999999999994
P246,P201,7.699999999999989
P246,P71,1.8000000000000005
P246,P359,4.699999999999999
P246,P47,3.0000000000000013
P246,P353,2.400000000000001
P246,P43,3.1000000000000014
P246,P454,82.1999999999996
P246,P418,2.700000000000001
P246,P160,3.5000000000000018
P246,P434,6.999999999999991
P246,P218,2.0000000000000004
P246,P70,6.5999999999999925
P246,P345,2.2000000000000006
P246,P86,3.3000000000000016
P246,P68,7.899999999999988
P246,P8,8.099999999999987
P246,P278,7.19999999999999
P246,P63,4.000000000000002
P246,P111,2.9000000000000012
P246,P105,3.1000000000000014
P246,P49,7.599999999999989
P246,P508,2.0000000000000004
P246,P62,2.800000000000001
P246,P300,5.399999999999997
P246,P23,5.899999999999995
P246,P132,2.800000000000001
P246,P81,3.3000000000000016
P246,P317,2.500000000000001
P246,P195,2.700000000000001
P246,P344,6.799999999999992
P246,P161,1.8000000000000005
P246,P83,4.100000000000001
P246,P427,3.3000000000000016
P246,P169,3.0000000000000013
P246,P82,1.9000000000000006
P246,P116,9.499999999999982
P246,P141,5.699999999999996
P246,P477,6.499999999999993
P246,P74,6.499999999999993
P246,P490,7.999999999999988
P246,P423,8.199999999999987
P246,P484,6.699999999999992
P246,P457,7.899999999999988
P246,P407,6.299999999999994
P246,P478,7.499999999999989
P246,P397,4.999999999999998
P246,P415,6.499999999999993
P246,P228,1081.6000000001118
P247,P446,8.999999999999984
P247,P376,9.799999999999981
P247,P239,6.5999999999999925
P247,P218,5.1999999999999975
P247,P274,25.900000000000098
P247,P424,7.999999999999988
P247,P270,9.499999999999982
P247,P241,7.39999999999999
P247,P55,4.699999999999999
P247,P162,7.29999999999999
P247,P451,6.399999999999993
P247,P471,7.799999999999988
P247,P499,17.899999999999984
P247,P144,6.799999999999992
P247,P2,7.499999999999989
P247,P98,5270.800000001644
P248,P68,6.699999999999992
P248,P149,2.1000000000000005
P248,P495,6.299999999999994
P248,P118,6.099999999999994
P248,P97,2.3000000000000007
P248,P96,2.700000000000001
P248,P117,1.7000000000000004
P248,P344,4.4
P248,P375,5.4999999999999964
P248,P156,2.700000000000001
P248,P79,4.699999999999999
P248,P44,4.799999999999999
P248,P93,9.599999999999982
P248,P485,2.800000000000001
P248,P300,2.400000000000001
P248,P417,2.0000000000000004
P248,P395,7.19999999999999
P248,P204,2.700000000000001
P248,P314,3.3000000000000016
P248,P199,5.599999999999996
P248,P255,2.500000000000001
P248,P116,5.599999999999996
P248,P163,3.900000000000002
P248,P267,2.700000000000001
P248,P27,3.800000000000002
P248,P381,3.4000000000000017
P248,P403,2.400000000000001
P248,P507,4.899999999999999
P248,P158,3.700000000000002
P248,P23,8.899999999999984
P248,P342,2.9000000000000012
P248,P249,3.2000000000000015
P248,P337,5.4999999999999964
P248,P281,2.3000000000000007
P248,P335,2.0000000000000004
P248,P258,2.1000000000000005
P248,P298,2.9000000000000012
P248,P278,8.199999999999987
P248,P439,1.5000000000000002
P248,P193,1.6000000000000003
P248,P309,3.900000000000002
P248,P147,1.9000000000000006
P248,P425,4.000000000000002
P248,P179,2.600000000000001
P248,P452,3.2000000000000015
P248,P181,2.3000000000000007
P248,P386,4.100000000000001
P248,P194,2.600000000000001
P248,P481,3.4000000000000017
P248,P327,1.9000000000000006
P248,P12,3.0000000000000013
P248,P212,3.0000000000000013
P248,P191,2.2000000000000006
P248,P349,3.4000000000000017
P248,P42,3.900000000000002
P248,P189,1.9000000000000006
P248,P92,2.500000000000001
P248,P409,2.700000000000001
P248,P432,3.0000000000000013
P248,P70,6.399999999999993
P248,P404,1.9000000000000006
P248,P53,1.8000000000000005
P248,P114,1.5000000000000002
P248,P197,2.700000000000001
P248,P487,3.2000000000000015
P248,P73,2.700000000000001
P248,P458,2.0000000000000004
P248,P434,6.699999999999992
P248,P347,1.9000000000000006
P248,P380,2.800000000000001
P248,P277,1.6000000000000003
P248,P7,2.3000000000000007
P248,P49,2.3000000000000007
P248,P139,4.300000000000001
P248,P261,4.5
P248,P305,12.499999999999972
P248,P174,4.300000000000001
P248,P154,5.4999999999999964
P248,P427,3.800000000000002
P248,P13,1.8000000000000005
P248,P58,5.699999999999996
P248,P354,4.300000000000001
P248,P473,3.3000000000000016
P248,P324,5.999999999999995
P248,P440,3.5000000000000018
P248,P232,3.4000000000000017
P248,P330,3.0000000000000013
P248,P201,8.399999999999986
P248,P265,6.499999999999993
P248,P393,1.9000000000000006
P248,P115,6.699999999999992
P248,P257,8.199999999999987
P248,P128,2.3000000000000007
P248,P475,12.99999999999997
P248,P269,10.899999999999977
P248,P75,11.399999999999975
P248,P454,2.3000000000000007
P248,P250,15.69999999999996
P248,P200,3.0000000000000013
P248,P30,14.099999999999966
P248,P90,3.4000000000000017
P248,P397,2.2000000000000006
P248,P264,2.0000000000000004
P248,P498,3.5000000000000018
P248,P373,13.599999999999968
P248,P99,10.799999999999978
P248,P282,272.5999999999935
P248,P470,2.9000000000000012
P248,P359,1.8000000000000005
P248,P463,7.29999999999999
P248,P489,3.0000000000000013
P248,P86,2.400000000000001
P248,P157,1.9000000000000006
P248,P63,3.600000000000002
P248,P77,4.899999999999999
P248,P164,4.899999999999999
P248,P130,2.2000000000000006
P248,P81,2.0000000000000004
P248,P140,8.199999999999987
P248,P195,3.5000000000000018
P249,P237,4.100000000000001
P249,P299,2.2000000000000006
P249,P253,2.1000000000000005
P249,P405,2.2000000000000006
P249,P41,5.4999999999999964
P249,P131,2.9000000000000012
P249,P370,0.9999999999999999
P249,P435,5.4999999999999964
P249,P479,3.0000000000000013
P249,P342,348.00000000001063
P249,P278,4.799999999999999
P249,P89,2.500000000000001
P249,P248,3.2000000000000015
P249,P23,6.799999999999992
P249,P374,4.100000000000001
P249,P8,3.1000000000000014
P249,P272,2.3000000000000007
P249,P116,5.599999999999996
P249,P296,2.3000000000000007
P249,P199,10.499999999999979
P249,P47,2.600000000000001
P249,P402,4.6
P249,P353,2.500000000000001
P249,P314,6.199999999999994
P249,P43,2.800000000000001
P249,P395,7.799999999999988
P249,P418,2.0000000000000004
P249,P160,1.7000000000000004
P249,P79,3.4000000000000017
P249,P93,5.699999999999996
P249,P156,4.6
P249,P509,3.4000000000000017
P249,P117,3.2000000000000015
P249,P495,8.299999999999986
P249,P86,2.400000000000001
P249,P344,3.800000000000002
P249,P163,6.199999999999994
P249,P273,12.99999999999997
P249,P19,11.799999999999974
P249,P313,1.7000000000000004
P249,P167,7.29999999999999
P249,P356,7.29999999999999
P249,P245,3.600000000000002
P250,P346,3.1000000000000014
P250,P436,2.800000000000001
P250,P342,1.9000000000000006
P250,P269,3.3000000000000016
P250,P337,3.2000000000000015
P250,P147,4.799999999999999
P250,P481,1.9000000000000006
P250,P212,2.400000000000001
P250,P506,2.0000000000000004
P250,P349,2.600000000000001
P250,P189,3.1000000000000014
P250,P26,7.899999999999988
P250,P499,4.4
P250,P347,2.0000000000000004
P250,P354,17.099999999999973
P250,P78,2.700000000000001
P250,P330,6.499999999999993
P250,P38,3.700000000000002
P250,P387,2.500000000000001
P250,P398,5.699999999999996
P250,P32,2.9000000000000012
P250,P486,4.300000000000001
P250,P18,4.4
P250,P135,1.9000000000000006
P250,P24,6.299999999999994
P250,P464,2.800000000000001
P250,P141,13.399999999999968
P250,P440,9.199999999999983
P250,P378,3.800000000000002
P250,P333,4.899999999999999
P250,P30,6.5999999999999925
P250,P134,9.499999999999982
P250,P456,3.0000000000000013
P250,P468,6.8999999999999915
P250,P40,5.899999999999995
P250,P3,6.999999999999991
P250,P65,8.199999999999987
P250,P127,6.5999999999999925
P250,P491,15.099999999999962
P250,P427,6.8999999999999915
P250,P13,7.799999999999988
P250,P171,8.199999999999987
P250,P370,8.999999999999984
P250,P25,7.499999999999989
P250,P343,6.399999999999993
P250,P6,5.599999999999996
P250,P236,12.69999999999997
P250,P390,5.999999999999995
P250,P329,4.5
P250,P245,14.099999999999966
P250,P232,9.099999999999984
P250,P242,13.599999999999968
P250,P142,8.299999999999986
P250,P419,8.399999999999986
P250,P505,6.299999999999994
P250,P431,7.599999999999989
P250,P475,6.799999999999992
P250,P377,8.299999999999986
P250,P265,12.199999999999973
P250,P393,6.099999999999994
P250,P358,6.8999999999999915
P250,P433,6.5999999999999925
P250,P203,9.499999999999982
P250,P121,14.299999999999965
P250,P80,5.599999999999996
P250,P280,11.899999999999974
P250,P112,5.699999999999996
P250,P282,5.4999999999999964
P250,P128,4.699999999999999
P250,P454,7.699999999999989
P250,P248,15.69999999999996
P250,P200,6.399999999999993
P250,P374,4.999999999999998
P250,P470,6.699999999999992
P250,P140,9.199999999999983
P250,P36,7.19999999999999
P250,P74,4.899999999999999
P250,P71,6.8999999999999915
P250,P448,5.399999999999997
P250,P113,7.799999999999988
P250,P359,7.19999999999999
P250,P402,9.199999999999983
P250,P264,8.199999999999987
P250,P353,6.799999999999992
P250,P43,6.499999999999993
P250,P326,7.699999999999989
P250,P480,7.599999999999989
P250,P466,4.999999999999998
P250,P9,5.699999999999996
P250,P498,7.19999999999999
P250,P396,8.199999999999987
P250,P51,5.999999999999995
P250,P489,8.499999999999986
P250,P4,6.499999999999993
P250,P86,7.499999999999989
P250,P272,5.999999999999995
P250,P17,7.599999999999989
P250,P14,7.099999999999991
P250,P184,7.799999999999988
P250,P157,6.299999999999994
P250,P63,5.599999999999996
P250,P76,5.099999999999998
P250,P150,6.8999999999999915
P250,P130,7.699999999999989
P251,P109,0.4
P251,P144,2.800000000000001
P251,P163,3.900000000000002
P251,P267,2.2000000000000006
P251,P27,1.7000000000000004
P251,P355,4.200000000000001
P251,P381,2.400000000000001
P251,P461,5.599999999999996
P251,P386,4.100000000000001
P251,P178,3.1000000000000014
P251,P368,6.199999999999994
P251,P292,2.9000000000000012
P251,P364,7.19999999999999
P251,P379,5.1999999999999975
P251,P55,7.899999999999988
P251,P377,9.199999999999983
P252,P335,2.600000000000001
P252,P309,2.600000000000001
P252,P331,3.800000000000002
P252,P380,3.3000000000000016
P252,P504,5.4999999999999964
P252,P223,4.899999999999999
P252,P126,2.700000000000001
P252,P363,6.699999999999992
P252,P217,8.299999999999986
P252,P291,5.999999999999995
P252,P84,9.599999999999982
P252,P509,6.499999999999993
P252,P188,6.5999999999999925
P252,P165,6.999999999999991
P252,P229,9.299999999999983
P252,P204,8.699999999999985
P252,P466,5.899999999999995
P253,P476,9.699999999999982
P253,P249,2.1000000000000005
P253,P405,2.400000000000001
P253,P411,8.299999999999986
P253,P278,5.899999999999995
P253,P309,5.899999999999995
P253,P458,4.000000000000002
P253,P439,4.699999999999999
P253,P194,2.3000000000000007
P253,P258,9.499999999999982
P253,P49,6.5999999999999925
P253,P23,6.399999999999993
P253,P63,2.2000000000000006
P253,P62,2.0000000000000004
P253,P335,9.299999999999983
P253,P344,9.299999999999983
P253,P300,1.9000000000000006
P253,P132,2.1000000000000005
P253,P81,3.2000000000000015
P253,P317,3.900000000000002
P253,P195,2.600000000000001
P253,P204,2.800000000000001
P253,P337,3.900000000000002
P253,P342,2.400000000000001
P253,P116,8.799999999999985
P253,P83,3.600000000000002
P253,P228,9.299999999999983
P253,P170,6.099999999999994
P253,P199,6.099999999999994
P253,P427,2.800000000000001
P253,P169,2.3000000000000007
P253,P82,2.2000000000000006
P253,P155,2.2000000000000006
P253,P314,6.399999999999993
P253,P395,6.5999999999999925
P253,P432,2.400000000000001
P253,P93,8.099999999999987
P253,P473,5.4999999999999964
P253,P117,6.299999999999994
P253,P179,8.499999999999986
P253,P415,2.600000000000001
P253,P167,6.699999999999992
P254,P496,2.700000000000001
P254,P308,8.599999999999985
P254,P433,7.899999999999988
P254,P1,7.599999999999989
P254,P340,7.29999999999999
P254,P454,7.499999999999989
P254,P17,8.799999999999985
P254,P430,6.999999999999991
P254,P96,6.5999999999999925
P255,P60,2.3000000000000007
P255,P160,5.399999999999997
P255,P62,3.800000000000002
P255,P242,4.200000000000001
P255,P23,6.5999999999999925
P255,P133,1.9000000000000006
P255,P419,2.2000000000000006
P255,P201,2.1000000000000005
P255,P431,1.6000000000000003
P255,P240,2.1000000000000005
P255,P106,1.5000000000000002
P255,P68,1.6000000000000003
P255,P358,2.700000000000001
P255,P80,2.0000000000000004
P255,P297,2.3000000000000007
P255,P284,2.600000000000001
P255,P434,1.9000000000000006
P255,P451,1.8000000000000005
P255,P280,2.700000000000001
P255,P112,3.3000000000000016
P255,P479,1.7000000000000004
P255,P459,2.500000000000001
P255,P89,2.2000000000000006
P255,P116,6.5999999999999925
P255,P248,2.500000000000001
P255,P374,4.200000000000001
P255,P199,15.99999999999996
P255,P345,5.399999999999997
P255,P506,5.899999999999995
P255,P208,7.999999999999988
P255,P499,15.099999999999962
P255,P293,6.199999999999994
P255,P159,6.499999999999993
P255,P327,6.499999999999993
P255,P275,5.399999999999997
P255,P489,5.399999999999997
P256,P262,2.700000000000001
P256,P27,2.800000000000001
P256,P107,2.700000000000001
P256,P209,2.800000000000001
P256,P182,8.899999999999984
P256,P74,5.1999999999999975
P256,P135,4.899999999999999
P256,P33,7.39999999999999
P257,P267,8.099999999999987
P257,P355,6.099999999999994
P257,P381,6.5999999999999925
P257,P138,9.99999999999998
P257,P403,5.1999999999999975
P257,P190,8.499999999999986
P257,P293,13.999999999999966
P257,P346,7.19999999999999
P257,P507,6.399999999999993
P257,P158,6.099999999999994
P257,P342,5.699999999999996
P257,P337,6.499999999999993
P257,P232,13.299999999999969
P257,P281,12.099999999999973
P257,P141,14.399999999999965
P257,P440,11.999999999999973
P257,P439,6.099999999999994
P257,P378,4.6
P257,P341,6.199999999999994
P257,P147,7.999999999999988
P257,P179,7.899999999999988
P257,P452,6.199999999999994
P257,P181,7.19999999999999
P257,P110,5.799999999999995
P257,P217,5.899999999999995
P257,P481,6.299999999999994
P257,P51,13.599999999999968
P257,P327,5.799999999999995
P257,P506,5.799999999999995
P257,P212,6.099999999999994
P257,P102,7.799999999999988
P257,P349,8.799999999999985
P257,P134,7.599999999999989
P257,P42,6.799999999999992
P257,P456,7.39999999999999
P257,P189,6.099999999999994
P257,P115,6.999999999999991
P257,P103,10.899999999999977
P257,P92,6.399999999999993
P257,P146,6.999999999999991
P257,P432,5.699999999999996
P257,P40,8.299999999999986
P257,P468,7.19999999999999
P257,P448,13.499999999999968
P257,P404,7.899999999999988
P257,P53,5.899999999999995
P257,P3,8.499999999999986
P257,P114,5.999999999999995
P257,P487,6.5999999999999925
P257,P26,13.299999999999969
P257,P73,6.299999999999994
P257,P347,7.899999999999988
P257,P458,6.8999999999999915
P257,P65,8.899999999999984
P257,P499,5.099999999999998
P257,P127,6.699999999999992
P257,P491,17.299999999999976
P257,P7,6.399999999999993
P257,P354,6.699999999999992
P257,P171,7.999999999999988
P257,P370,5.699999999999996
P257,P465,14.299999999999965
P257,P25,5.699999999999996
P257,P343,8.499999999999986
P257,P6,6.699999999999992
P257,P75,7.799999999999988
P257,P427,5.999999999999995
P257,P329,6.199999999999994
P257,P245,7.39999999999999
P257,P394,11.699999999999974
P257,P13,7.39999999999999
P257,P242,6.299999999999994
P257,P473,5.4999999999999964
P257,P142,8.799999999999985
P257,P419,6.199999999999994
P257,P505,9.89999999999998
P257,P390,6.999999999999991
P257,P431,7.099999999999991
P257,P358,7.799999999999988
P257,P433,6.999999999999991
P257,P80,5.099999999999998
P257,P121,13.09999999999997
P257,P330,7.699999999999989
P257,P280,10.29999999999998
P257,P282,9.299999999999983
P257,P112,7.19999999999999
P257,P265,11.299999999999976
P257,P393,6.099999999999994
P257,P248,8.199999999999987
P257,P374,5.599999999999996
P257,P128,6.299999999999994
P257,P470,7.999999999999988
P257,P454,5.699999999999996
P257,P200,4.899999999999999
P257,P71,6.799999999999992
P257,P36,8.199999999999987
P257,P359,7.599999999999989
P257,P74,7.499999999999989
P257,P484,6.499999999999993
P257,P402,8.199999999999987
P257,P277,6.999999999999991
P257,P353,6.8999999999999915
P257,P43,8.899999999999984
P257,P164,5.699999999999996
P257,P264,6.699999999999992
P257,P396,6.299999999999994
P257,P326,5.899999999999995
P257,P480,6.999999999999991
P257,P466,7.699999999999989
P257,P469,6.499999999999993
P257,P9,5.799999999999995
P257,P498,7.899999999999988
P257,P236,5.999999999999995
P257,P489,5.599999999999996
P257,P86,6.199999999999994
P257,P17,7.899999999999988
P257,P4,8.499999999999986
P257,P184,5.999999999999995
P257,P157,7.899999999999988
P257,P63,8.099999999999987
P257,P272,8.199999999999987
P257,P14,7.999999999999988
P257,P130,7.999999999999988
P257,P81,5.599999999999996
P257,P195,7.799999999999988
P258,P457,8.099999999999987
P258,P468,2.0000000000000004
P258,P496,2.400000000000001
P258,P163,2.3000000000000007
P258,P489,3.2000000000000015
P258,P76,2.1000000000000005
P258,P325,1.7000000000000004
P258,P238,3.3000000000000016
P258,P177,2.500000000000001
P258,P58,7.599999999999989
P258,P324,1.6000000000000003
P258,P318,2.9000000000000012
P258,P305,7.099999999999991
P258,P65,2.0000000000000004
P258,P127,2.700000000000001
P258,P491,2.400000000000001
P258,P171,2.9000000000000012
P258,P465,3.900000000000002
P258,P246,8.099999999999987
P258,P343,5.4999999999999964
P258,P25,2.0000000000000004
P258,P6,1.7000000000000004
P258,P75,2.500000000000001
P258,P245,2.3000000000000007
P258,P329,3.2000000000000015
P258,P394,1.8000000000000005
P258,P62,7.699999999999989
P258,P242,2.600000000000001
P258,P133,2.700000000000001
P258,P201,2.500000000000001
P258,P419,1.7000000000000004
P258,P431,2.9000000000000012
P258,P240,2.700000000000001
P258,P358,2.800000000000001
P258,P68,4.699999999999999
P258,P80,2.9000000000000012
P258,P451,3.1000000000000014
P258,P434,3.4000000000000017
P258,P284,4.5
P258,P280,6.499999999999993
P258,P112,3.800000000000002
P258,P282,1.8000000000000005
P258,P89,2.0000000000000004
P258,P278,6.699999999999992
P258,P248,2.1000000000000005
P258,P374,2.500000000000001
P258,P8,2.9000000000000012
P258,P23,12.99999999999997
P258,P335,16.19999999999996
P258,P272,3.1000000000000014
P258,P296,1.7000000000000004
P258,P116,13.999999999999966
P258,P47,3.1000000000000014
P258,P72,12.399999999999972
P258,P158,63.10000000000063
P258,P228,6.699999999999992
P258,P444,2.500000000000001
P258,P86,10.499999999999979
P258,P261,3.700000000000002
P258,P241,2.600000000000001
P258,P479,2.400000000000001
P258,P174,2.500000000000001
P258,P154,2.9000000000000012
P258,P427,9.199999999999983
P258,P13,2.800000000000001
P258,P488,6.099999999999994
P258,P473,3.900000000000002
P258,P440,2.700000000000001
P258,P371,2.600000000000001
P258,P232,1.8000000000000005
P258,P49,6.799999999999992
P258,P136,5.999999999999995
P258,P265,13.799999999999967
P258,P393,6.199999999999994
P258,P415,5.4999999999999964
P258,P458,5.799999999999995
P258,P194,5.999999999999995
P258,P253,9.499999999999982
P258,P128,6.299999999999994
P258,P173,7.799999999999988
P258,P63,7.499999999999989
P258,P111,7.699999999999989
P258,P105,6.499999999999993
P258,P508,6.799999999999992
P258,P300,5.699999999999996
P258,P81,4.799999999999999
P258,P317,7.39999999999999
P258,P141,6.8999999999999915
P258,P195,4.999999999999998
P258,P267,5.899999999999995
P258,P477,8.899999999999984
P258,P74,5.899999999999995
P258,P337,6.299999999999994
P258,P342,6.699999999999992
P258,P83,6.8999999999999915
P258,P161,11.099999999999977
P258,P490,5.299999999999997
P258,P423,6.699999999999992
P258,P169,8.899999999999984
P258,P82,7.499999999999989
P258,P407,7.19999999999999
P258,P155,7.39999999999999
P258,P397,5.1999999999999975
P258,P334,7.599999999999989
P258,P176,7.699999999999989
P258,P218,4.899999999999999
P258,P480,8.799999999999985
P258,P385,6.799999999999992
P258,P41,5.599999999999996
P258,P502,5.299999999999997
P258,P339,7.499999999999989
P258,P9,6.199999999999994
P259,P81,2.500000000000001
P259,P286,5.4999999999999964
P259,P477,7.799999999999988
P259,P59,5.699999999999996
P259,P48,10.499999999999979
P259,P13,6.999999999999991
P260,P290,3.3000000000000016
P260,P48,5.599999999999996
P260,P323,8.099999999999987
P260,P3,14.599999999999964
P260,P127,16.399999999999963
P260,P171,6.099999999999994
P260,P433,6.199999999999994
P261,P107,2.700000000000001
P261,P480,3.700000000000002
P261,P162,2.2000000000000006
P261,P471,3.700000000000002
P261,P238,2.400000000000001
P261,P262,6.5999999999999925
P261,P445,3.5000000000000018
P261,P177,2.0000000000000004
P261,P152,2.800000000000001
P261,P131,1.7000000000000004
P261,P282,6.799999999999992
P261,P354,8.199999999999987
P261,P58,10.29999999999998
P261,P305,5.999999999999995
P261,P248,4.5
P261,P374,2.1000000000000005
P261,P430,2.0000000000000004
P261,P434,9.299999999999983
P261,P70,5.1999999999999975
P261,P272,2.600000000000001
P261,P409,4.899999999999999
P261,P359,2.1000000000000005
P261,P296,3.0000000000000013
P261,P68,6.499999999999993
P261,P47,2.600000000000001
P261,P8,8.099999999999987
P261,P402,2.9000000000000012
P261,P353,2.0000000000000004
P261,P278,9.699999999999982
P261,P309,9.699999999999982
P261,P43,2.2000000000000006
P261,P439,6.299999999999994
P261,P49,5.399999999999997
P261,P418,2.500000000000001
P261,P160,3.3000000000000016
P261,P23,5.299999999999997
P261,P164,3.3000000000000016
P261,P335,7.499999999999989
P261,P218,2.0000000000000004
P261,P509,2.700000000000001
P261,P139,3.2000000000000015
P261,P116,4.999999999999998
P261,P258,3.700000000000002
P261,P86,5.1999999999999975
P261,P158,1.7000000000000004
P261,P228,5.799999999999995
P261,P344,1.7000000000000004
P261,P199,8.199999999999987
P261,P170,3.700000000000002
P261,P314,7.599999999999989
P261,P395,7.39999999999999
P261,P63,3.2000000000000015
P261,P93,8.599999999999985
P261,P300,3.2000000000000015
P261,P132,2.1000000000000005
P261,P317,2.600000000000001
P261,P117,6.699999999999992
P261,P204,2.400000000000001
P261,P337,2.0000000000000004
P261,P342,3.0000000000000013
P261,P83,3.700000000000002
P261,P495,6.999999999999991
P261,P34,5.299999999999997
P261,P169,3.700000000000002
P261,P349,3.700000000000002
P261,P155,2.2000000000000006
P261,P281,2.800000000000001
P261,P163,14.899999999999963
P261,P149,2.0000000000000004
P261,P500,12.89999999999997
P261,P432,2.700000000000001
P261,P118,14.599999999999964
P261,P452,12.89999999999997
P261,P507,2.2000000000000006
P261,P181,14.199999999999966
P261,P391,14.099999999999966
P261,P298,3.5000000000000018
P261,P53,13.09999999999997
P261,P481,1.5000000000000002
P261,P136,2.500000000000001
P261,P173,2.2000000000000006
P261,P114,5.399999999999997
P261,P200,2.400000000000001
P261,P88,3.2000000000000015
P261,P141,2.400000000000001
P262,P256,2.700000000000001
P262,P480,1.6000000000000003
P262,P8,11.199999999999976
P262,P27,8.899999999999984
P262,P162,8.299999999999986
P262,P471,6.299999999999994
P262,P316,6.699999999999992
P262,P511,7.19999999999999
P262,P368,9.199999999999983
P262,P238,6.999999999999991
P262,P49,8.899999999999984
P262,P261,6.5999999999999925
P262,P445,6.399999999999993
P262,P177,14.399999999999965
P262,P152,7.19999999999999
P262,P449,5.599999999999996
P262,P326,8.899999999999984
P262,P146,8.099999999999987
P262,P463,8.099999999999987
P262,P385,5.299999999999997
P263,P169,2.600000000000001
P263,P439,18.9
P263,P140,0.1
P263,P231,4.000000000000002
P263,P123,2.1000000000000005
P263,P394,5.699999999999996
P263,P328,8.399999999999986
P263,P469,2.3000000000000007
P263,P182,7.899999999999988
P263,P238,7.499999999999989
P263,P384,7.499999999999989
P263,P244,2.700000000000001
P263,P214,8.199999999999987
P264,P169,3.700000000000002
P264,P180,2.9000000000000012
P264,P128,2.2000000000000006
P264,P449,2.9000000000000012
P264,P200,3.1000000000000014
P264,P25,2.2000000000000006
P264,P505,3.700000000000002
P264,P59,1.2
P264,P373,6.399999999999993
P264,P282,2.0000000000000004
P264,P248,2.0000000000000004
P264,P470,2.700000000000001
P264,P186,3.0000000000000013
P264,P359,1.6000000000000003
P264,P30,9.499999999999982
P264,P134,94.39999999999891
P264,P402,2.400000000000001
P264,P250,8.199999999999987
P264,P353,3.0000000000000013
P264,P77,6.499999999999993
P264,P43,2.400000000000001
P264,P75,6.199999999999994
P264,P269,5.999999999999995
P264,P140,6.5999999999999925
P264,P475,6.699999999999992
P264,P164,2.3000000000000007
P264,P257,6.699999999999992
P264,P115,6.099999999999994
P264,P396,1.5000000000000002
P264,P201,7.099999999999991
P264,P47,9.299999999999983
P264,P461,5.899999999999995
P264,P204,6.099999999999994
P264,P399,7.599999999999989
P264,P403,5.1999999999999975
P265,P270,3.2000000000000015
P265,P429,2.9000000000000012
P265,P373,6.499999999999993
P265,P285,2.800000000000001
P265,P25,2.0000000000000004
P265,P142,3.5000000000000018
P265,P505,2.2000000000000006
P265,P30,9.599999999999982
P265,P431,2.1000000000000005
P265,P26,2.0000000000000004
P265,P250,12.199999999999973
P265,P358,3.5000000000000018
P265,P433,3.4000000000000017
P265,P203,3.1000000000000014
P265,P75,15.499999999999961
P265,P121,3.700000000000002
P265,P80,2.3000000000000007
P265,P269,13.499999999999968
P265,P280,5.099999999999998
P265,P282,1.8000000000000005
P265,P112,2.500000000000001
P265,P475,17.69999999999998
P265,P257,11.299999999999976
P265,P115,13.599999999999968
P265,P248,6.499999999999993
P265,P201,12.69999999999997
P265,P374,2.0000000000000004
P265,P470,2.500000000000001
P265,P324,13.399999999999968
P265,P354,17.49999999999998
P265,P448,1.9000000000000006
P265,P58,6.099999999999994
P265,P359,3.2000000000000015
P265,P296,2.2000000000000006
P265,P305,11.599999999999975
P265,P47,12.499999999999972
P265,P402,4.000000000000002
P265,P277,1.6000000000000003
P265,P353,3.2000000000000015
P265,P43,2.600000000000001
P265,P434,13.09999999999997
P265,P160,3.3000000000000016
P265,P418,8.899999999999984
P265,P70,13.499999999999968
P265,P164,8.799999999999985
P265,P396,2.400000000000001
P265,P409,11.799999999999974
P265,P218,6.5999999999999925
P265,P68,13.499999999999968
P265,P496,5.399999999999997
P265,P8,11.199999999999976
P265,P278,15.59999999999996
P265,P309,15.59999999999996
P265,P86,1.4000000000000001
P265,P439,12.299999999999972
P265,P158,2.800000000000001
P265,P258,13.799999999999967
P265,P49,8.199999999999987
P265,P458,2.400000000000001
P265,P23,5.899999999999995
P265,P194,2.2000000000000006
P265,P105,3.5000000000000018
P265,P141,2.400000000000001
P265,P74,2.600000000000001
P265,P62,76.19999999999995
P265,P490,4.100000000000001
P265,P423,4.6
P265,P205,6.999999999999991
P265,P457,2.400000000000001
P265,P508,137.89999999999645
P265,P407,3.3000000000000016
P265,P397,2.3000000000000007
P265,P465,3.900000000000002
P265,P130,65.00000000000058
P265,P334,2.600000000000001
P265,P176,2.600000000000001
P265,P145,1.9000000000000006
P265,P326,3.600000000000002
P265,P480,2.9000000000000012
P265,P385,5.099999999999998
P265,P9,3.0000000000000013
P265,P51,2.9000000000000012
P265,P469,6.499999999999993
P265,P4,2.700000000000001
P265,P272,3.1000000000000014
P265,P14,2.9000000000000012
P265,P498,8.499999999999986
P265,P140,5.599999999999996
P265,P76,2.3000000000000007
P265,P242,2.3000000000000007
P265,P150,2.3000000000000007
P265,P77,6.199999999999994
P266,P151,7.699999999999989
P266,P486,5.4999999999999964
P266,P393,7.29999999999999
P266,P416,5.799999999999995
P266,P146,4.6
P267,P462,2.2000000000000006
P267,P13,2.2000000000000006
P267,P387,3.0000000000000013
P267,P257,8.099999999999987
P267,P138,2.800000000000001
P267,P293,2.400000000000001
P267,P277,2.800000000000001
P267,P232,4.300000000000001
P267,P141,7.29999999999999
P267,P378,3.5000000000000018
P267,P238,2.2000000000000006
P267,P58,11.099999999999977
P267,P110,3.3000000000000016
P267,P305,13.599999999999968
P267,P51,7.39999999999999
P267,P251,2.2000000000000006
P267,P134,3.4000000000000017
P267,P456,2.1000000000000005
P267,P103,3.600000000000002
P267,P137,3.2000000000000015
P267,P40,3.2000000000000015
P267,P468,2.1000000000000005
P267,P324,8.199999999999987
P267,P318,4.5
P267,P65,2.600000000000001
P267,P2,1.8000000000000005
P267,P127,2.400000000000001
P267,P491,2.800000000000001
P267,P171,2.0000000000000004
P267,P465,7.999999999999988
P267,P246,2.600000000000001
P267,P343,1.5000000000000002
P267,P6,2.1000000000000005
P267,P25,2.0000000000000004
P267,P75,3.3000000000000016
P267,P55,3.3000000000000016
P267,P245,2.600000000000001
P267,P329,2.9000000000000012
P267,P394,4.899999999999999
P267,P62,2.800000000000001
P267,P242,2.500000000000001
P267,P278,12.99999999999997
P267,P133,2.1000000000000005
P267,P419,6.399999999999993
P267,P201,11.299999999999976
P267,P431,2.2000000000000006
P267,P240,3.2000000000000015
P267,P106,3.3000000000000016
P267,P23,10.399999999999979
P267,P68,9.299999999999983
P267,P358,3.800000000000002
P267,P80,2.400000000000001
P267,P451,3.2000000000000015
P267,P284,3.700000000000002
P267,P434,10.899999999999977
P267,P280,5.399999999999997
P267,P112,2.500000000000001
P267,P479,1.9000000000000006
P267,P89,4.300000000000001
P267,P248,2.700000000000001
P267,P374,2.800000000000001
P267,P116,7.499999999999989
P267,P199,6.099999999999994
P267,P272,6.8999999999999915
P267,P314,6.5999999999999925
P267,P395,8.699999999999985
P267,P296,2.400000000000001
P267,P93,6.299999999999994
P267,P402,2.3000000000000007
P267,P353,3.4000000000000017
P267,P43,1.5000000000000002
P267,P447,12.89999999999997
P267,P382,5.999999999999995
P267,P49,4.100000000000001
P267,P132,4.100000000000001
P267,P258,5.899999999999995
P267,P477,2.700000000000001
P267,P439,6.099999999999994
P267,P74,2.700000000000001
P267,P309,8.699999999999985
P267,P490,2.2000000000000006
P267,P8,5.699999999999996
P267,P423,1.8000000000000005
P267,P457,3.1000000000000014
P267,P407,2.400000000000001
P267,P409,7.39999999999999
P267,P397,2.500000000000001
P267,P205,7.099999999999991
P267,P334,1.7000000000000004
P267,P70,6.699999999999992
P267,P176,2.9000000000000012
P267,P218,2.800000000000001
P267,P145,2.400000000000001
P267,P326,2.600000000000001
P267,P480,5.399999999999997
P267,P385,4.300000000000001
P267,P9,3.0000000000000013
P267,P109,3.1000000000000014
P267,P236,2.700000000000001
P267,P418,1.9000000000000006
P267,P105,1.9000000000000006
P267,P354,8.999999999999984
P267,P126,2.800000000000001
P267,P469,7.599999999999989
P267,P14,3.0000000000000013
P267,P47,5.299999999999997
P267,P121,2.700000000000001
P267,P115,6.699999999999992
P267,P498,6.699999999999992
P268,P184,7.39999999999999
P268,P303,5.1999999999999975
P268,P145,3.4000000000000017
P268,P195,6.799999999999992
P268,P198,10.09999999999998
P268,P129,8.799999999999985
P268,P416,6.8999999999999915
P268,P61,8.099999999999987
P268,P13,7.599999999999989
P269,P427,9.799999999999981
P269,P354,12.599999999999971
P269,P342,108.19999999999813
P269,P250,3.3000000000000016
P269,P330,9.799999999999981
P269,P24,2.400000000000001
P269,P387,2.600000000000001
P269,P385,4.4
P269,P138,3.5000000000000018
P269,P140,8.699999999999985
P269,P337,8.299999999999986
P269,P281,5.999999999999995
P269,P439,7.899999999999988
P269,P147,4.699999999999999
P269,P341,6.8999999999999915
P269,P179,6.399999999999993
P269,P452,6.8999999999999915
P269,P135,7.799999999999988
P269,P232,11.999999999999973
P269,P181,9.89999999999998
P269,P217,6.799999999999992
P269,P481,6.199999999999994
P269,P141,13.499999999999968
P269,P440,13.299999999999969
P269,P378,6.099999999999994
P269,P327,6.699999999999992
P269,P506,6.5999999999999925
P269,P212,8.099999999999987
P269,P110,4.799999999999999
P269,P102,7.39999999999999
P269,P51,13.699999999999967
P269,P349,9.299999999999983
P269,P42,7.799999999999988
P269,P189,5.599999999999996
P269,P115,9.199999999999983
P269,P146,6.199999999999994
P269,P92,7.599999999999989
P269,P432,6.699999999999992
P269,P448,11.999999999999973
P269,P404,6.199999999999994
P269,P53,6.499999999999993
P269,P134,9.399999999999983
P269,P114,5.899999999999995
P269,P487,5.999999999999995
P269,P456,8.999999999999984
P269,P26,18.9
P269,P73,7.19999999999999
P269,P347,6.299999999999994
P269,P458,4.799999999999999
P269,P499,5.699999999999996
P269,P468,7.19999999999999
P269,P40,10.699999999999978
P269,P7,5.799999999999995
P269,P3,6.799999999999992
P269,P65,7.899999999999988
P269,P127,7.29999999999999
P269,P491,15.79999999999996
P269,P171,6.299999999999994
P269,P370,9.299999999999983
P269,P13,7.099999999999991
P269,P25,5.899999999999995
P269,P343,6.299999999999994
P269,P6,6.699999999999992
P269,P75,6.399999999999993
P269,P473,8.499999999999986
P269,P329,5.599999999999996
P269,P245,8.599999999999985
P269,P394,16.599999999999966
P269,P390,6.099999999999994
P269,P242,12.599999999999971
P269,P142,6.199999999999994
P269,P419,7.39999999999999
P269,P505,7.999999999999988
P269,P431,6.5999999999999925
P269,P358,7.999999999999988
P269,P475,6.099999999999994
P269,P433,5.999999999999995
P269,P121,10.999999999999977
P269,P80,8.699999999999985
P269,P265,13.499999999999968
P269,P280,13.299999999999969
P269,P282,6.5999999999999925
P269,P393,6.199999999999994
P269,P112,5.1999999999999975
P269,P128,6.499999999999993
P269,P248,10.899999999999977
P269,P374,6.699999999999992
P269,P454,7.899999999999988
P269,P200,8.399999999999986
P269,P470,5.699999999999996
P269,P36,4.699999999999999
P269,P74,6.499999999999993
P269,P71,5.999999999999995
P269,P484,7.099999999999991
P269,P359,4.899999999999999
P269,P402,6.699999999999992
P269,P277,6.5999999999999925
P269,P353,8.299999999999986
P269,P43,7.39999999999999
P269,P264,5.999999999999995
P269,P326,5.099999999999998
P269,P164,6.499999999999993
P269,P480,6.5999999999999925
P269,P466,6.499999999999993
P269,P396,7.899999999999988
P269,P469,5.699999999999996
P269,P9,5.399999999999997
P269,P498,5.399999999999997
P269,P236,6.699999999999992
P269,P489,5.999999999999995
P269,P86,8.799999999999985
P269,P4,5.799999999999995
P269,P17,5.599999999999996
P269,P272,4.5
P269,P14,5.699999999999996
P269,P184,5.899999999999995
P269,P157,5.4999999999999964
P269,P63,6.499999999999993
P269,P130,9.99999999999998
P269,P76,8.999999999999984
P269,P81,7.499999999999989
P269,P150,0.1
P270,P49,5.699999999999996
P270,P265,3.2000000000000015
P270,P369,5.399999999999997
P270,P469,3.2000000000000015
P270,P385,3.800000000000002
P270,P328,7.999999999999988
P270,P446,3.700000000000002
P270,P98,9.499999999999982
P270,P247,9.499999999999982
P270,P294,5.4999999999999964
P270,P94,3.0000000000000013
P270,P340,3.0000000000000013
P270,P461,4.799999999999999
P270,P296,2.700000000000001
P270,P47,2.700000000000001
P270,P402,3.0000000000000013
P270,P277,6.099999999999994
P270,P434,6.999999999999991
P270,P353,2.400000000000001
P270,P43,2.700000000000001
P270,P70,8.099999999999987
P270,P418,3.4000000000000017
P270,P160,3.800000000000002
P270,P164,1.8000000000000005
P270,P409,5.999999999999995
P270,P396,2.800000000000001
P270,P68,6.999999999999991
P270,P218,3.3000000000000016
P270,P139,8.499999999999986
P270,P57,8.499999999999986
P270,P234,7.799999999999988
P270,P405,5.399999999999997
P270,P292,941.5000000001455
P271,P216,2.3000000000000007
P271,P276,16.99999999999997
P271,P84,7.999999999999988
P271,P195,5.899999999999995
P271,P327,18.29999999999999
P271,P350,6.699999999999992
P272,P11,2.1000000000000005
P272,P183,5.4999999999999964
P272,P389,4.799999999999999
P272,P121,2.500000000000001
P272,P222,6.299999999999994
P272,P79,3.3000000000000016
P272,P44,3.2000000000000015
P272,P300,3.2000000000000015
P272,P495,7.19999999999999
P272,P417,3.700000000000002
P272,P204,2.700000000000001
P272,P93,6.099999999999994
P272,P163,3.3000000000000016
P272,P395,7.799999999999988
P272,P314,7.799999999999988
P272,P267,6.8999999999999915
P272,P27,2.700000000000001
P272,P381,3.0000000000000013
P272,P403,2.2000000000000006
P272,P199,7.29999999999999
P272,P507,1.4000000000000001
P272,P116,6.199999999999994
P272,P158,2.1000000000000005
P272,P342,3.900000000000002
P272,P249,2.3000000000000007
P272,P337,2.800000000000001
P272,P281,3.3000000000000016
P272,P258,3.1000000000000014
P272,P298,2.9000000000000012
P272,P335,4.999999999999998
P272,P193,1.5000000000000002
P272,P147,2.800000000000001
P272,P179,3.600000000000002
P272,P452,4.100000000000001
P272,P181,2.400000000000001
P272,P386,2.1000000000000005
P272,P194,2.2000000000000006
P272,P481,1.9000000000000006
P272,P23,5.999999999999995
P272,P1,3.4000000000000017
P272,P327,2.500000000000001
P272,P12,2.800000000000001
P272,P191,5.299999999999997
P272,P439,9.199999999999983
P272,P349,2.1000000000000005
P272,P278,12.499999999999972
P272,P309,12.499999999999972
P272,P42,2.400000000000001
P272,P189,2.3000000000000007
P272,P92,3.1000000000000014
P272,P432,2.9000000000000012
P272,P404,5.599999999999996
P272,P8,10.599999999999978
P272,P53,3.2000000000000015
P272,P197,1.9000000000000006
P272,P114,2.3000000000000007
P272,P73,2.400000000000001
P272,P383,1.9000000000000006
P272,P487,2.2000000000000006
P272,P458,1.9000000000000006
P272,P347,4.300000000000001
P272,P380,2.2000000000000006
P272,P68,5.899999999999995
P272,P446,3.3000000000000016
P272,P62,2.400000000000001
P272,P7,2.9000000000000012
P272,P277,1.7000000000000004
P272,P409,9.599999999999982
P272,P49,2.400000000000001
P272,P139,1.8000000000000005
P272,P261,2.600000000000001
P272,P70,8.099999999999987
P272,P241,2.3000000000000007
P272,P174,2.800000000000001
P272,P154,2.800000000000001
P272,P427,2.3000000000000007
P272,P434,8.399999999999986
P272,P13,2.400000000000001
P272,P473,3.1000000000000014
P272,P440,2.800000000000001
P272,P305,6.699999999999992
P272,P232,2.0000000000000004
P272,P330,7.699999999999989
P272,P58,6.699999999999992
P272,P354,6.399999999999993
P272,P136,3.700000000000002
P272,P184,5.699999999999996
P272,P441,4.000000000000002
P272,P490,2.9000000000000012
P272,P423,3.5000000000000018
P272,P498,7.19999999999999
P272,P206,6.699999999999992
P272,P233,6.699999999999992
P272,P398,2.3000000000000007
P272,P402,4.000000000000002
P272,P353,1.9000000000000006
P272,P43,4.200000000000001
P272,P24,5.899999999999995
P272,P396,5.1999999999999975
P272,P65,7.699999999999989
P272,P333,6.799999999999992
P272,P30,9.399999999999983
P272,P250,5.999999999999995
P272,P17,3.0000000000000013
P272,P77,7.39999999999999
P272,P164,7.39999999999999
P272,P75,7.599999999999989
P272,P269,4.5
P272,P140,8.199999999999987
P272,P475,7.19999999999999
P272,P157,2.1000000000000005
P272,P63,2.700000000000001
P272,P257,8.199999999999987
P272,P115,7.19999999999999
P272,P130,4.300000000000001
P272,P201,7.799999999999988
P272,P265,3.1000000000000014
P272,P47,8.599999999999985
P272,P81,3.800000000000002
P272,P195,3.3000000000000016
P272,P126,6.199999999999994
P272,P324,6.299999999999994
P272,P161,2.2000000000000006
P272,P83,3.3000000000000016
P272,P469,6.099999999999994
P273,P303,161.8999999999951
P273,P159,3.1000000000000014
P273,P350,2.0000000000000004
P273,P364,2.400000000000001
P273,P37,6.799999999999992
P273,P336,2.400000000000001
P273,P414,3.800000000000002
P273,P389,3.700000000000002
P273,P57,4.4
P273,P474,5.599999999999996
P273,P296,2.1000000000000005
P273,P93,6.399999999999993
P273,P402,2.400000000000001
P273,P163,35.70000000000024
P273,P353,1.9000000000000006
P273,P495,6.199999999999994
P273,P418,3.2000000000000015
P273,P79,2.600000000000001
P273,P156,2.600000000000001
P273,P249,12.99999999999997
P273,P155,5.099999999999998
P274,P446,2.2000000000000006
P274,P239,3.2000000000000015
P274,P98,25.900000000000098
P274,P247,25.900000000000098
P274,P424,3.5000000000000018
P274,P376,16.79999999999997
P274,P55,4.000000000000002
P274,P499,2.3000000000000007
P274,P293,2.9000000000000012
P274,P241,4.699999999999999
P274,P471,10.799999999999978
P274,P66,2.600000000000001
P274,P443,13.499999999999968
P274,P412,3.600000000000002
P274,P2,527.3000000000513
P274,P506,3.600000000000002
P274,P89,8.099999999999987
P275,P369,2.1000000000000005
P275,P143,6.299999999999994
P275,P316,2.500000000000001
P275,P411,8.399999999999986
P275,P414,3.0000000000000013
P275,P494,7.39999999999999
P275,P203,3.0000000000000013
P275,P311,2.3000000000000007
P275,P489,3.2000000000000015
P275,P293,2.0000000000000004
P275,P255,5.399999999999997
P275,P57,17.099999999999973
P275,P162,3.0000000000000013
P275,P17,4.000000000000002
P275,P37,5.1999999999999975
P275,P336,1.6000000000000003
P275,P126,1.8000000000000005
P275,P360,11.099999999999977
P275,P48,4.899999999999999
P275,P25,3.600000000000002
P276,P467,68.90000000000036
P276,P184,4.100000000000001
P276,P449,3.4000000000000017
P276,P271,16.99999999999997
P276,P472,13.199999999999969
P276,P171,4.300000000000001
P276,P462,6.999999999999991
P276,P501,6.399999999999993
P277,P359,1.6000000000000003
P277,P300,1.9000000000000006
P277,P111,5.999999999999995
P277,P213,5.999999999999995
P277,P278,1.6000000000000003
P277,P457,2.700000000000001
P277,P204,2.2000000000000006
P277,P468,1.9000000000000006
P277,P496,2.400000000000001
P277,P163,1.7000000000000004
P277,P267,2.800000000000001
P277,P355,4.100000000000001
P277,P381,4.300000000000001
P277,P403,2.600000000000001
P277,P346,2.400000000000001
P277,P507,2.1000000000000005
P277,P158,3.4000000000000017
P277,P298,1.8000000000000005
P277,P230,6.999999999999991
P277,P502,3.2000000000000015
P277,P7,80.09999999999972
P277,P115,13.399999999999968
P277,P171,2.700000000000001
P277,P370,1.5000000000000002
P277,P465,3.5000000000000018
P277,P246,5.099999999999998
P277,P25,3.2000000000000015
P277,P343,2.400000000000001
P277,P6,5.599999999999996
P277,P75,10.699999999999978
P277,P245,3.2000000000000015
P277,P329,2.800000000000001
P277,P394,4.200000000000001
P277,P324,13.199999999999969
P277,P242,3.3000000000000016
P277,P133,3.0000000000000013
P277,P201,9.699999999999982
P277,P419,3.600000000000002
P277,P142,2.800000000000001
P277,P505,2.700000000000001
P277,P431,2.500000000000001
P277,P240,2.0000000000000004
P277,P58,15.89999999999996
P277,P358,2.9000000000000012
P277,P433,3.2000000000000015
P277,P305,13.899999999999967
P277,P80,2.3000000000000007
P277,P121,1.8000000000000005
P277,P280,3.2000000000000015
P277,P112,5.299999999999997
P277,P282,2.600000000000001
P277,P248,1.6000000000000003
P277,P62,5.099999999999998
P277,P434,12.499999999999972
P277,P374,3.5000000000000018
P277,P430,2.3000000000000007
P277,P70,14.399999999999965
P277,P409,17.299999999999976
P277,P272,1.7000000000000004
P277,P68,11.799999999999974
P277,P402,59.60000000000058
P277,P174,3.600000000000002
P277,P154,3.3000000000000016
P277,P427,2.3000000000000007
P277,P13,3.5000000000000018
P277,P473,3.5000000000000018
P277,P371,3.0000000000000013
P277,P440,2.700000000000001
P277,P232,2.400000000000001
P277,P330,2.1000000000000005
P277,P270,6.099999999999994
P277,P136,2.9000000000000012
P277,P265,1.6000000000000003
P277,P393,1.5000000000000002
P277,P415,2.2000000000000006
P277,P128,2.9000000000000012
P277,P184,2.2000000000000006
P277,P354,6.199999999999994
P277,P454,3.1000000000000014
P277,P200,2.400000000000001
P277,P141,2.2000000000000006
P277,P36,2.500000000000001
P277,P74,4.5
P277,P47,5.599999999999996
P277,P484,2.500000000000001
P277,P257,6.999999999999991
P277,P475,5.999999999999995
P277,P140,6.699999999999992
P277,P269,6.5999999999999925
P277,P469,2.0000000000000004
P277,P328,7.39999999999999
P277,P182,6.5999999999999925
P277,P323,6.099999999999994
P278,P90,1.8000000000000005
P278,P24,2.9000000000000012
P278,P377,2.0000000000000004
P278,P13,7.999999999999988
P278,P372,2.1000000000000005
P278,P387,1.9000000000000006
P278,P138,1.8000000000000005
P278,P277,1.6000000000000003
P278,P325,2.1000000000000005
P278,P232,12.599999999999971
P278,P305,1.9000000000000006
P278,P141,6.299999999999994
P278,P98,3.4000000000000017
P278,P378,2.0000000000000004
P278,P238,1.8000000000000005
P278,P58,4.000000000000002
P278,P51,3.2000000000000015
P278,P424,9.299999999999983
P278,P134,2.2000000000000006
P278,P361,2.9000000000000012
P278,P40,3.1000000000000014
P278,P417,5.399999999999997
P278,P324,4.999999999999998
P278,P318,8.199999999999987
P278,P457,15.099999999999962
P278,P65,5.999999999999995
P278,P204,7.29999999999999
P278,P2,7.799999999999988
P278,P491,6.199999999999994
P278,P41,11.999999999999973
P278,P314,6.699999999999992
P278,P131,5.699999999999996
P278,P171,6.8999999999999915
P278,P465,6.499999999999993
P278,P6,7.099999999999991
P278,P343,8.199999999999987
P278,P25,5.4999999999999964
P278,P163,7.899999999999988
P278,P75,8.399999999999986
P278,P435,8.999999999999984
P278,P55,6.5999999999999925
P278,P245,6.8999999999999915
P278,P329,8.299999999999986
P278,P394,6.699999999999992
P278,P62,22.50000000000005
P278,P242,8.299999999999986
P278,P267,12.99999999999997
P278,P27,6.399999999999993
P278,P164,12.599999999999971
P278,P133,9.199999999999983
P278,P430,15.299999999999962
P278,P419,6.499999999999993
P278,P201,6.299999999999994
P278,P381,6.499999999999993
P278,P403,6.5999999999999925
P278,P431,6.199999999999994
P278,P240,8.999999999999984
P278,P106,6.5999999999999925
P278,P68,7.39999999999999
P278,P507,6.299999999999994
P278,P358,5.999999999999995
P278,P80,7.19999999999999
P278,P158,16.19999999999996
P278,P451,5.1999999999999975
P278,P434,6.799999999999992
P278,P284,4.5
P278,P280,7.39999999999999
P278,P112,6.399999999999993
P278,P479,16.09999999999996
P278,P282,5.299999999999997
P278,P249,4.799999999999999
P278,P342,16.79999999999997
P278,P337,13.799999999999967
P278,P89,7.699999999999989
P278,P281,8.799999999999985
P278,P335,5.899999999999995
P278,P258,6.699999999999992
P278,P298,6.099999999999994
P278,P248,8.199999999999987
P278,P439,7.499999999999989
P278,P193,9.89999999999998
P278,P147,10.09999999999998
P278,P425,4.6
P278,P179,8.199999999999987
P278,P452,8.099999999999987
P278,P374,5.999999999999995
P278,P181,6.799999999999992
P278,P386,8.599999999999985
P278,P8,5.999999999999995
P278,P194,16.29999999999996
P278,P481,5.4999999999999964
P278,P327,6.099999999999994
P278,P12,8.599999999999985
P278,P212,7.799999999999988
P278,P191,6.5999999999999925
P278,P349,5.699999999999996
P278,P272,12.499999999999972
P278,P42,7.29999999999999
P278,P189,4.699999999999999
P278,P92,7.599999999999989
P278,P432,7.999999999999988
P278,P404,6.499999999999993
P278,P53,7.099999999999991
P278,P114,5.4999999999999964
P278,P73,6.299999999999994
P278,P359,7.099999999999991
P278,P383,5.4999999999999964
P278,P487,8.199999999999987
P278,P296,7.499999999999989
P278,P458,10.29999999999998
P278,P347,9.399999999999983
P278,P380,7.39999999999999
P278,P47,7.29999999999999
P278,P446,7.29999999999999
P278,P7,6.8999999999999915
P278,P402,7.599999999999989
P278,P49,6.5999999999999925
P278,P444,6.799999999999992
P278,P139,7.799999999999988
P278,P353,5.899999999999995
P278,P261,9.699999999999982
P278,P43,6.8999999999999915
P278,P241,8.499999999999986
P278,P174,7.39999999999999
P278,P418,6.299999999999994
P278,P154,5.299999999999997
P278,P160,7.099999999999991
P278,P427,13.09999999999997
P278,P488,7.39999999999999
P278,P473,7.699999999999989
P278,P396,7.19999999999999
P278,P440,7.699999999999989
P278,P371,6.5999999999999925
P278,P218,13.899999999999967
P278,P496,7.899999999999988
P278,P136,6.399999999999993
P278,P265,15.59999999999996
P278,P86,7.499999999999989
P278,P393,5.699999999999996
P278,P415,5.599999999999996
P278,P253,5.899999999999995
P278,P128,6.999999999999991
P278,P173,6.699999999999992
P278,P246,7.19999999999999
P278,P63,5.999999999999995
P278,P111,5.999999999999995
P278,P105,8.499999999999986
P278,P508,6.399999999999993
P278,P300,7.899999999999988
P278,P81,6.199999999999994
P278,P477,6.299999999999994
P278,P317,5.699999999999996
P278,P74,5.699999999999996
P278,P195,7.799999999999988
P278,P490,7.19999999999999
P278,P161,7.999999999999988
P278,P83,7.099999999999991
P278,P423,5.599999999999996
P278,P169,6.999999999999991
P278,P82,5.599999999999996
P278,P407,7.39999999999999
P278,P397,4.999999999999998
P278,P155,6.099999999999994
P278,P334,7.39999999999999
P278,P176,5.999999999999995
P278,P326,10.699999999999978
P278,P480,9.399999999999983
P278,P385,8.199999999999987
P278,P339,8.099999999999987
P278,P9,5.599999999999996
P278,P109,6.099999999999994
P278,P485,7.099999999999991
P278,P309,4254.099999997945
P278,P499,5.4999999999999964
P279,P239,90.79999999999912
P279,P61,4.699999999999999
P279,P492,3.600000000000002
P279,P413,4.200000000000001
P279,P153,7.29999999999999
P279,P82,2.800000000000001
P279,P64,7.099999999999991
P279,P508,2.9000000000000012
P279,P102,3.4000000000000017
P279,P331,5.4999999999999964
P279,P436,12.199999999999973
P279,P125,7.499999999999989
P279,P200,78.49999999999982
P279,P0,4.300000000000001
P279,P349,2.3000000000000007
P279,P12,2.800000000000001
P279,P479,4.6
P279,P393,2.2000000000000006
P280,P408,6.399999999999993
P280,P1,6.8999999999999915
P280,P112,19.500000000000007
P280,P359,3.5000000000000018
P280,P149,3.1000000000000014
P280,P118,2.9000000000000012
P280,P97,2.700000000000001
P280,P93,6.8999999999999915
P280,P96,4.899999999999999
P280,P284,101.29999999999852
P280,P344,3.0000000000000013
P280,P375,2.700000000000001
P280,P451,248.19999999999018
P280,P156,2.800000000000001
P280,P395,7.499999999999989
P280,P79,2.0000000000000004
P280,P44,2.9000000000000012
P280,P300,3.1000000000000014
P280,P485,2.3000000000000007
P280,P111,2.3000000000000007
P280,P417,3.1000000000000014
P280,P199,5.399999999999997
P280,P204,5.799999999999995
P280,P116,7.39999999999999
P280,P314,3.600000000000002
P280,P255,2.700000000000001
P280,P163,3.0000000000000013
P280,P267,5.399999999999997
P280,P27,2.9000000000000012
P280,P164,9.399999999999983
P280,P381,2.700000000000001
P280,P403,2.1000000000000005
P280,P434,140.5999999999963
P280,P23,6.299999999999994
P280,P507,2.600000000000001
P280,P158,3.700000000000002
P280,P278,7.39999999999999
P280,P342,2.3000000000000007
P280,P337,2.2000000000000006
P280,P281,1.9000000000000006
P280,P335,3.900000000000002
P280,P258,6.499999999999993
P280,P298,2.1000000000000005
P280,P68,7.099999999999991
P280,P193,3.0000000000000013
P280,P439,3.4000000000000017
P280,P309,3.0000000000000013
P280,P147,3.0000000000000013
P280,P179,2.800000000000001
P280,P181,5.599999999999996
P280,P452,5.599999999999996
P280,P386,2.800000000000001
P280,P481,1.6000000000000003
P280,P194,2.0000000000000004
P280,P327,1.7000000000000004
P280,P12,3.3000000000000016
P280,P212,2.9000000000000012
P280,P191,2.9000000000000012
P280,P349,2.0000000000000004
P280,P42,2.700000000000001
P280,P70,1.5000000000000002
P280,P189,3.4000000000000017
P280,P92,2.9000000000000012
P280,P409,2.3000000000000007
P280,P432,2.500000000000001
P280,P404,2.800000000000001
P280,P53,3.1000000000000014
P280,P114,2.700000000000001
P280,P197,3.5000000000000018
P280,P73,3.0000000000000013
P280,P487,2.800000000000001
P280,P458,2.0000000000000004
P280,P347,2.2000000000000006
P280,P380,3.4000000000000017
P280,P277,3.2000000000000015
P280,P7,4.6
P280,P305,13.199999999999969
P280,P49,2.9000000000000012
P280,P58,13.299999999999969
P280,P139,3.2000000000000015
P280,P354,15.89999999999996
P280,P174,1.7000000000000004
P280,P427,3.2000000000000015
P280,P154,2.3000000000000007
P280,P121,25.40000000000009
P280,P324,14.699999999999964
P280,P13,3.0000000000000013
P280,P473,1.5000000000000002
P280,P440,2.3000000000000007
P280,P201,16.99999999999997
P280,P115,14.299999999999965
P280,P232,2.700000000000001
P280,P330,6.999999999999991
P280,P257,10.29999999999998
P280,P475,10.29999999999998
P280,P282,12.499999999999972
P280,P265,5.099999999999998
P280,P269,13.299999999999969
P280,P393,1.9000000000000006
P280,P75,9.099999999999984
P280,P250,11.899999999999974
P280,P128,2.9000000000000012
P280,P30,5.699999999999996
P280,P90,2.1000000000000005
P280,P51,1.7000000000000004
P280,P462,5.299999999999997
P280,P22,7.599999999999989
P280,P77,5.999999999999995
P280,P140,6.499999999999993
P280,P489,2.600000000000001
P280,P86,3.800000000000002
P280,P498,6.999999999999991
P280,P17,2.700000000000001
P280,P47,6.5999999999999925
P280,P184,2.2000000000000006
P280,P157,2.3000000000000007
P280,P63,2.9000000000000012
P280,P508,1.7000000000000004
P280,P130,3.4000000000000017
P280,P469,6.299999999999994
P280,P105,17.49999999999998
P280,P81,4.899999999999999
P280,P317,5.699999999999996
P280,P195,2.400000000000001
P281,P186,3.900000000000002
P281,P377,3.5000000000000018
P281,P138,3.900000000000002
P281,P269,5.999999999999995
P281,P232,4.5
P281,P257,12.099999999999973
P281,P141,1.5000000000000002
P281,P440,4.799999999999999
P281,P378,2.500000000000001
P281,P110,2.400000000000001
P281,P51,2.500000000000001
P281,P134,3.5000000000000018
P281,P456,2.800000000000001
P281,P137,1.8000000000000005
P281,P103,2.0000000000000004
P281,P40,3.4000000000000017
P281,P468,2.0000000000000004
P281,P58,5.4999999999999964
P281,P324,3.5000000000000018
P281,P318,2.500000000000001
P281,P305,6.999999999999991
P281,P65,2.500000000000001
P281,P127,2.500000000000001
P281,P491,3.5000000000000018
P281,P171,3.800000000000002
P281,P465,3.4000000000000017
P281,P246,2.3000000000000007
P281,P343,2.9000000000000012
P281,P25,3.800000000000002
P281,P6,2.800000000000001
P281,P75,2.0000000000000004
P281,P55,4.000000000000002
P281,P245,2.1000000000000005
P281,P329,2.700000000000001
P281,P335,131.29999999999683
P281,P394,2.1000000000000005
P281,P62,4.300000000000001
P281,P242,2.3000000000000007
P281,P133,1.5000000000000002
P281,P201,2.600000000000001
P281,P419,1.9000000000000006
P281,P431,2.400000000000001
P281,P240,1.5000000000000002
P281,P68,9.199999999999983
P281,P358,3.600000000000002
P281,P80,2.3000000000000007
P281,P451,2.400000000000001
P281,P434,2.2000000000000006
P281,P284,2.400000000000001
P281,P280,1.9000000000000006
P281,P112,1.8000000000000005
P281,P282,1.7000000000000004
P281,P89,2.1000000000000005
P281,P278,8.799999999999985
P281,P248,2.3000000000000007
P281,P374,2.0000000000000004
P281,P23,8.399999999999986
P281,P8,2.400000000000001
P281,P272,3.3000000000000016
P281,P296,5.699999999999996
P281,P116,7.29999999999999
P281,P47,1.7000000000000004
P281,P402,4.200000000000001
P281,P199,5.899999999999995
P281,P353,4.999999999999998
P281,P43,3.800000000000002
P281,P314,6.499999999999993
P281,P287,2.2000000000000006
P281,P418,5.099999999999998
P281,P395,7.499999999999989
P281,P160,1.9000000000000006
P281,P79,2.3000000000000007
P281,P93,11.699999999999974
P281,P509,1.6000000000000003
P281,P117,11.399999999999975
P281,P495,13.799999999999967
P281,P86,4.699999999999999
P281,P344,3.5000000000000018
P281,P187,3.1000000000000014
P281,P163,13.699999999999967
P281,P500,13.599999999999968
P281,P97,3.700000000000002
P281,P118,13.799999999999967
P281,P300,2.600000000000001
P281,P204,2.0000000000000004
P281,P83,2.500000000000001
P281,P391,11.999999999999973
P281,P298,2.700000000000001
P281,P481,2.2000000000000006
P281,P42,2.1000000000000005
P281,P53,3.1000000000000014
P281,P404,2.2000000000000006
P281,P432,2.0000000000000004
P281,P452,6.399999999999993
P281,P383,2.800000000000001
P281,P347,3.0000000000000013
P281,P261,2.800000000000001
P281,P34,6.299999999999994
P281,P488,2.400000000000001
P281,P371,2.500000000000001
P281,P473,6.5999999999999925
P281,P136,2.600000000000001
P281,P243,8.499999999999986
P281,P78,6.399999999999993
P281,P172,6.8999999999999915
P282,P20,5.799999999999995
P282,P306,4.300000000000001
P282,P361,2.400000000000001
P282,P474,13.299999999999969
P282,P60,2.500000000000001
P282,P23,4.699999999999999
P282,P479,34.100000000000215
P282,P507,2.3000000000000007
P282,P158,5.599999999999996
P282,P278,5.299999999999997
P282,P342,3.1000000000000014
P282,P337,3.1000000000000014
P282,P281,1.7000000000000004
P282,P335,2.500000000000001
P282,P258,1.8000000000000005
P282,P298,1.8000000000000005
P282,P193,2.3000000000000007
P282,P439,2.400000000000001
P282,P309,3.1000000000000014
P282,P68,10.09999999999998
P282,P147,2.0000000000000004
P282,P179,1.9000000000000006
P282,P452,1.9000000000000006
P282,P181,4.6
P282,P386,2.400000000000001
P282,P481,3.1000000000000014
P282,P194,2.700000000000001
P282,P327,2.600000000000001
P282,P12,2.700000000000001
P282,P212,2.9000000000000012
P282,P191,2.1000000000000005
P282,P349,2.700000000000001
P282,P42,2.700000000000001
P282,P70,1.7000000000000004
P282,P189,2.0000000000000004
P282,P434,7.799999999999988
P282,P92,1.9000000000000006
P282,P409,1.9000000000000006
P282,P432,2.600000000000001
P282,P404,3.0000000000000013
P282,P53,2.700000000000001
P282,P114,2.1000000000000005
P282,P197,2.3000000000000007
P282,P73,2.2000000000000006
P282,P487,2.400000000000001
P282,P458,4.100000000000001
P282,P347,2.0000000000000004
P282,P380,2.1000000000000005
P282,P277,2.600000000000001
P282,P7,3.1000000000000014
P282,P305,4.799999999999999
P282,P49,2.0000000000000004
P282,P58,5.699999999999996
P282,P139,2.500000000000001
P282,P261,6.799999999999992
P282,P354,9.399999999999983
P282,P174,4.300000000000001
P282,P112,152.49999999999562
P282,P427,3.1000000000000014
P282,P154,2.3000000000000007
P282,P13,2.800000000000001
P282,P324,7.29999999999999
P282,P473,2.500000000000001
P282,P440,3.1000000000000014
P282,P201,6.499999999999993
P282,P115,5.399999999999997
P282,P232,1.7000000000000004
P282,P330,4.000000000000002
P282,P257,9.299999999999983
P282,P475,1.9000000000000006
P282,P280,12.499999999999972
P282,P265,1.8000000000000005
P282,P393,4.6
P282,P269,6.5999999999999925
P282,P75,6.799999999999992
P282,P250,5.4999999999999964
P282,P128,3.4000000000000017
P282,P30,4.999999999999998
P282,P90,2.3000000000000007
P282,P397,2.1000000000000005
P282,P264,2.0000000000000004
P282,P373,15.99999999999996
P282,P498,4.000000000000002
P282,P99,13.499999999999968
P282,P248,272.5999999999935
P282,P470,2.800000000000001
P282,P359,3.2000000000000015
P282,P463,7.899999999999988
P282,P489,2.1000000000000005
P282,P86,3.0000000000000013
P282,P413,5.299999999999997
P283,P422,2.2000000000000006
P283,P100,2.1000000000000005
P283,P72,13.299999999999969
P283,P160,4.100000000000001
P283,P224,7.39999999999999
P283,P102,3.0000000000000013
P283,P489,0.4
P283,P390,2.600000000000001
P283,P399,9.099999999999984
P283,P41,2.2000000000000006
P283,P424,3.2000000000000015
P283,P67,5.599999999999996
P283,P315,4.699999999999999
P283,P302,6.499999999999993
P284,P297,246.99999999999025
P284,P418,2.500000000000001
P284,P101,2.9000000000000012
P284,P89,3.4000000000000017
P284,P358,79.09999999999978
P284,P80,233.799999999991
P284,P434,530.7000000000521
P284,P359,3.4000000000000017
P284,P149,4.100000000000001
P284,P118,2.3000000000000007
P284,P97,2.800000000000001
P284,P93,8.499999999999986
P284,P96,2.700000000000001
P284,P280,101.29999999999852
P284,P344,2.600000000000001
P284,P375,2.2000000000000006
P284,P156,3.5000000000000018
P284,P451,93.29999999999897
P284,P395,5.999999999999995
P284,P79,2.400000000000001
P284,P44,2.600000000000001
P284,P300,3.800000000000002
P284,P485,2.9000000000000012
P284,P111,3.600000000000002
P284,P417,2.800000000000001
P284,P199,6.5999999999999925
P284,P204,2.500000000000001
P284,P116,7.499999999999989
P284,P314,2.400000000000001
P284,P255,2.600000000000001
P284,P163,3.0000000000000013
P284,P267,3.700000000000002
P284,P27,2.2000000000000006
P284,P164,2.800000000000001
P284,P381,2.0000000000000004
P284,P403,2.2000000000000006
P284,P23,4.999999999999998
P284,P507,2.500000000000001
P284,P158,4.5
P284,P278,4.5
P284,P342,6.099999999999994
P284,P337,3.900000000000002
P284,P281,2.400000000000001
P284,P335,3.2000000000000015
P284,P258,4.5
P284,P298,2.500000000000001
P284,P68,8.799999999999985
P284,P193,0.1
P284,P425,2.600000000000001
P284,P113,5.1999999999999975
P284,P444,2.500000000000001
P284,P488,2.0000000000000004
P284,P299,2.800000000000001
P284,P463,2.600000000000001
P284,P363,12.199999999999973
P284,P38,6.799999999999992
P284,P71,2.0000000000000004
P284,P151,5.999999999999995
P285,P287,3.1000000000000014
P285,P160,2.3000000000000007
P285,P0,2.800000000000001
P285,P410,5.599999999999996
P285,P107,3.2000000000000015
P285,P306,2.1000000000000005
P285,P243,2.600000000000001
P285,P192,7.29999999999999
P285,P265,2.800000000000001
P285,P373,8.499999999999986
P285,P90,2.0000000000000004
P285,P498,3.3000000000000016
P285,P25,2.500000000000001
P285,P152,1.7000000000000004
P285,P433,1.5000000000000002
P285,P238,5.999999999999995
P285,P384,5.999999999999995
P285,P84,4.999999999999998
P285,P368,6.299999999999994
P285,P366,10.799999999999978
P286,P37,8.599999999999985
P286,P99,7.099999999999991
P286,P81,9.299999999999983
P286,P259,5.4999999999999964
P286,P336,12.69999999999997
P286,P59,15.79999999999996
P286,P477,7.29999999999999
P286,P389,12.499999999999972
P286,P159,13.399999999999968
P286,P48,12.499999999999972
P286,P13,6.799999999999992
P287,P44,1.9000000000000006
P287,P285,3.1000000000000014
P287,P373,2.500000000000001
P287,P466,3.2000000000000015
P287,P176,3.4000000000000017
P287,P198,9.499999999999982
P287,P477,2.3000000000000007
P287,P451,1.6000000000000003
P287,P357,15.099999999999962
P287,P228,2.9000000000000012
P287,P111,2.700000000000001
P287,P337,4.799999999999999
P287,P418,34.100000000000215
P287,P281,2.2000000000000006
P287,P395,7.099999999999991
P287,P314,10.799999999999978
P287,P298,2.400000000000001
P287,P193,3.900000000000002
P287,P181,3.4000000000000017
P287,P179,1.7000000000000004
P287,P452,1.8000000000000005
P287,P199,5.699999999999996
P287,P345,3.0000000000000013
P287,P386,2.9000000000000012
P287,P481,2.3000000000000007
P287,P12,2.3000000000000007
P287,P116,6.099999999999994
P287,P349,3.3000000000000016
P287,P42,3.2000000000000015
P287,P189,2.0000000000000004
P287,P92,2.700000000000001
P287,P53,3.3000000000000016
P287,P432,2.500000000000001
P287,P404,2.400000000000001
P287,P73,2.500000000000001
P287,P383,2.400000000000001
P287,P114,2.2000000000000006
P287,P335,5.099999999999998
P287,P347,3.1000000000000014
P287,P380,3.3000000000000016
P287,P178,2.600000000000001
P287,P363,7.699999999999989
P287,P5,4.699999999999999
P287,P410,6.299999999999994
P287,P124,7.999999999999988
P288,P230,4.5
P288,P131,2.2000000000000006
P288,P455,8.799999999999985
P288,P405,2.9000000000000012
P288,P339,6.399999999999993
P288,P111,6.8999999999999915
P289,P315,3.4000000000000017
P289,P478,4.899999999999999
P289,P333,1.8000000000000005
P289,P191,2.1000000000000005
P289,P365,7.39999999999999
P289,P414,8.299999999999986
P290,P260,3.3000000000000016
P290,P390,3.900000000000002
P290,P400,7.599999999999989
P290,P221,12.79999999999997
P290,P237,13.399999999999968
P290,P48,2.600000000000001
P290,P108,3.0000000000000013
P290,P419,4.300000000000001
P290,P332,2.3000000000000007
P290,P358,2.600000000000001
P290,P80,4.000000000000002
P290,P38,4.300000000000001
P290,P186,2.0000000000000004
P290,P71,13.399999999999968
P290,P448,2.1000000000000005
P290,P113,5.599999999999996
P290,P398,2.3000000000000007
P290,P233,6.799999999999992
P290,P402,2.600000000000001
P290,P353,2.2000000000000006
P290,P43,2.600000000000001
P291,P210,2.700000000000001
P291,P130,2.9000000000000012
P291,P109,2.2000000000000006
P291,P363,6.299999999999994
P291,P217,2.0000000000000004
P291,P252,5.999999999999995
P291,P29,5.399999999999997
P291,P420,7.499999999999989
P291,P467,3.900000000000002
P291,P157,5.699999999999996
P291,P100,2.700000000000001
P291,P478,2.0000000000000004
P291,P190,2.3000000000000007
P291,P444,11.099999999999977
P291,P241,6.699999999999992
P292,P420,3.600000000000002
P292,P314,2.1000000000000005
P292,P168,6.799999999999992
P292,P392,5.799999999999995
P292,P198,3.800000000000002
P292,P364,4.5
P292,P251,2.9000000000000012
P292,P172,6.399999999999993
P292,P235,4.4
P292,P234,2.500000000000001
P292,P405,2.0000000000000004
P292,P270,941.5000000001455
P293,P485,4.4
P293,P267,2.400000000000001
P293,P355,2.1000000000000005
P293,P381,3.600000000000002
P293,P403,1.8000000000000005
P293,P190,4.4
P293,P257,13.999999999999966
P293,P135,2.9000000000000012
P293,P227,3.700000000000002
P293,P348,4.100000000000001
P293,P52,6.399999999999993
P293,P103,5.699999999999996
P293,P127,1.4000000000000001
P293,P491,2.9000000000000012
P293,P354,94.19999999999892
P293,P171,2.400000000000001
P293,P115,7.799999999999988
P293,P370,1.5000000000000002
P293,P465,3.0000000000000013
P293,P246,1.8000000000000005
P293,P25,3.1000000000000014
P293,P343,4.4
P293,P6,1.5000000000000002
P293,P75,2.0000000000000004
P293,P245,3.0000000000000013
P293,P329,2.3000000000000007
P293,P394,2.700000000000001
P293,P242,4.4
P293,P324,7.19999999999999
P293,P274,2.9000000000000012
P293,P457,4.200000000000001
P293,P506,3.4000000000000017
P293,P91,5.799999999999995
P293,P208,2.400000000000001
P293,P499,3.5000000000000018
P293,P255,6.199999999999994
P293,P159,2.9000000000000012
P293,P275,2.0000000000000004
P293,P489,3.1000000000000014
P293,P11,7.29999999999999
P293,P417,6.399999999999993
P293,P131,2.1000000000000005
P294,P178,8.299999999999986
P294,P2,8.099999999999987
P294,P270,5.4999999999999964
P294,P340,6.8999999999999915
P294,P407,5.099999999999998
P294,P331,6.799999999999992
P295,P179,1.6000000000000003
P295,P332,2.700000000000001
P295,P155,4.200000000000001
P295,P161,4.5
P295,P502,3.4000000000000017
P295,P73,4.4
P295,P90,19.400000000000006
P295,P214,6.8999999999999915
P295,P469,9.499999999999982
P295,P4,4.4
P295,P230,11.299999999999976
P295,P505,5.999999999999995
P295,P135,7.499999999999989
P296,P358,1.7000000000000004
P296,P479,5.699999999999996
P296,P418,3.600000000000002
P296,P85,2.9000000000000012
P296,P118,2.0000000000000004
P296,P97,1.7000000000000004
P296,P96,2.400000000000001
P296,P500,6.299999999999994
P296,P117,3.1000000000000014
P296,P344,2.700000000000001
P296,P86,2.700000000000001
P296,P156,3.700000000000002
P296,P79,4.4
P296,P300,3.0000000000000013
P296,P417,1.9000000000000006
P296,P495,8.299999999999986
P296,P204,5.399999999999997
P296,P60,4.899999999999999
P296,P163,3.4000000000000017
P296,P93,7.39999999999999
P296,P273,2.1000000000000005
P296,P267,2.400000000000001
P296,P403,4.100000000000001
P296,P381,3.1000000000000014
P296,P395,7.099999999999991
P296,P314,6.8999999999999915
P296,P507,2.0000000000000004
P296,P199,8.399999999999986
P296,P249,2.3000000000000007
P296,P342,3.2000000000000015
P296,P337,2.700000000000001
P296,P116,6.8999999999999915
P296,P281,5.699999999999996
P296,P258,1.7000000000000004
P296,P298,1.9000000000000006
P296,P193,1.6000000000000003
P296,P147,1.9000000000000006
P296,P179,1.8000000000000005
P296,P181,2.400000000000001
P296,P452,3.800000000000002
P296,P386,4.000000000000002
P296,P194,3.900000000000002
P296,P481,2.700000000000001
P296,P1,2.800000000000001
P296,P335,9.599999999999982
P296,P12,2.2000000000000006
P296,P191,1.6000000000000003
P296,P349,2.1000000000000005
P296,P23,6.499999999999993
P296,P42,2.2000000000000006
P296,P189,3.4000000000000017
P296,P92,5.399999999999997
P296,P432,2.9000000000000012
P296,P404,2.1000000000000005
P296,P53,1.9000000000000006
P296,P439,5.1999999999999975
P296,P114,2.600000000000001
P296,P73,2.2000000000000006
P296,P383,3.3000000000000016
P296,P487,1.9000000000000006
P296,P278,7.499999999999989
P296,P309,7.499999999999989
P296,P458,5.599999999999996
P296,P347,2.3000000000000007
P296,P380,2.1000000000000005
P296,P446,2.3000000000000007
P296,P62,2.800000000000001
P296,P7,2.800000000000001
P296,P8,6.799999999999992
P296,P49,2.600000000000001
P296,P139,2.9000000000000012
P296,P444,2.600000000000001
P296,P68,6.199999999999994
P296,P261,3.0000000000000013
P296,P241,2.1000000000000005
P296,P409,5.599999999999996
P296,P174,2.3000000000000007
P296,P154,2.2000000000000006
P296,P427,4.100000000000001
P296,P13,3.900000000000002
P296,P70,6.299999999999994
P296,P473,3.2000000000000015
P296,P434,6.499999999999993
P296,P371,3.4000000000000017
P296,P440,3.1000000000000014
P296,P232,2.700000000000001
P296,P330,2.2000000000000006
P296,P270,2.700000000000001
P296,P136,3.0000000000000013
P296,P265,2.2000000000000006
P296,P305,5.999999999999995
P296,P393,2.400000000000001
P296,P415,3.5000000000000018
P296,P58,9.099999999999984
P296,P354,6.499999999999993
P296,P184,1.9000000000000006
P296,P441,3.0000000000000013
P296,P490,3.1000000000000014
P296,P423,2.1000000000000005
P296,P145,3.5000000000000018
P296,P127,2.9000000000000012
P296,P152,2.400000000000001
P296,P482,2.0000000000000004
P297,P284,246.99999999999025
P297,P418,2.3000000000000007
P297,P101,2.800000000000001
P297,P89,3.2000000000000015
P297,P358,279.39999999999503
P297,P80,205.19999999999263
P297,P434,61.600000000000605
P297,P359,4.999999999999998
P297,P149,1.7000000000000004
P297,P118,2.600000000000001
P297,P97,3.1000000000000014
P297,P93,5.399999999999997
P297,P96,2.700000000000001
P297,P344,3.800000000000002
P297,P375,1.8000000000000005
P297,P156,6.399999999999993
P297,P395,5.999999999999995
P297,P79,2.9000000000000012
P297,P44,3.600000000000002
P297,P300,3.4000000000000017
P297,P485,1.9000000000000006
P297,P111,2.0000000000000004
P297,P417,6.499999999999993
P297,P199,11.299999999999976
P297,P204,2.1000000000000005
P297,P116,12.399999999999972
P297,P314,3.0000000000000013
P297,P255,2.3000000000000007
P297,P163,3.800000000000002
P297,P451,9.099999999999984
P297,P94,2.9000000000000012
P297,P494,5.099999999999998
P297,P436,4.899999999999999
P298,P90,1.7000000000000004
P298,P148,4.699999999999999
P298,P120,2.2000000000000006
P298,P277,1.8000000000000005
P298,P378,2.3000000000000007
P298,P110,3.3000000000000016
P298,P51,5.899999999999995
P298,P134,5.699999999999996
P298,P456,2.400000000000001
P298,P103,1.9000000000000006
P298,P137,2.3000000000000007
P298,P40,2.800000000000001
P298,P468,3.1000000000000014
P298,P324,1.9000000000000006
P298,P58,5.699999999999996
P298,P318,2.600000000000001
P298,P65,3.2000000000000015
P298,P305,7.899999999999988
P298,P127,3.1000000000000014
P298,P491,2.3000000000000007
P298,P171,2.3000000000000007
P298,P465,3.1000000000000014
P298,P246,2.9000000000000012
P298,P343,3.1000000000000014
P298,P25,2.3000000000000007
P298,P6,1.7000000000000004
P298,P75,1.6000000000000003
P298,P245,2.500000000000001
P298,P329,2.500000000000001
P298,P394,2.1000000000000005
P298,P62,2.9000000000000012
P298,P242,1.7000000000000004
P298,P133,3.600000000000002
P298,P201,3.0000000000000013
P298,P419,2.0000000000000004
P298,P431,2.9000000000000012
P298,P240,2.3000000000000007
P298,P358,2.500000000000001
P298,P68,6.399999999999993
P298,P80,1.7000000000000004
P298,P451,2.700000000000001
P298,P434,2.500000000000001
P298,P284,2.500000000000001
P298,P280,2.1000000000000005
P298,P112,4.799999999999999
P298,P282,1.8000000000000005
P298,P89,2.2000000000000006
P298,P248,2.9000000000000012
P298,P278,6.099999999999994
P298,P374,3.0000000000000013
P298,P8,3.600000000000002
P298,P23,10.399999999999979
P298,P335,5.399999999999997
P298,P272,2.9000000000000012
P298,P359,3.700000000000002
P298,P296,1.9000000000000006
P298,P116,6.399999999999993
P298,P47,1.8000000000000005
P298,P402,3.3000000000000016
P298,P353,2.3000000000000007
P298,P199,4.799999999999999
P298,P43,3.900000000000002
P298,P287,2.400000000000001
P298,P418,3.1000000000000014
P298,P160,5.699999999999996
P298,P314,7.19999999999999
P298,P79,1.6000000000000003
P298,P395,4.999999999999998
P298,P93,8.699999999999985
P298,P509,2.0000000000000004
P298,P117,2.400000000000001
P298,P86,2.9000000000000012
P298,P495,7.699999999999989
P298,P344,4.799999999999999
P298,P187,2.2000000000000006
P298,P163,8.399999999999986
P298,P500,7.499999999999989
P298,P97,332.70000000000715
P298,P300,2.600000000000001
P298,P118,7.19999999999999
P298,P204,4.999999999999998
P298,P83,1.8000000000000005
P298,P391,13.09999999999997
P298,P281,2.700000000000001
P298,P149,2.500000000000001
P298,P507,2.3000000000000007
P298,P383,1.6000000000000003
P298,P261,3.5000000000000018
P298,P181,5.599999999999996
P298,P452,7.499999999999989
P298,P232,2.0000000000000004
P298,P167,8.199999999999987
P298,P447,7.599999999999989
P298,P21,6.399999999999993
P298,P11,5.399999999999997
P299,P489,5.299999999999997
P299,P249,2.2000000000000006
P299,P4,4.5
P299,P368,7.999999999999988
P299,P146,2.2000000000000006
P299,P284,2.800000000000001
P299,P20,5.399999999999997
P299,P173,0.9999999999999999
P299,P388,6.699999999999992
P299,P501,11.199999999999976
P300,P277,1.9000000000000006
P300,P325,2.1000000000000005
P300,P232,7.39999999999999
P300,P141,5.899999999999995
P300,P98,3.0000000000000013
P300,P378,4.300000000000001
P300,P238,2.3000000000000007
P300,P58,3.0000000000000013
P300,P51,2.2000000000000006
P300,P488,5.699999999999996
P300,P134,2.1000000000000005
P300,P424,3.3000000000000016
P300,P79,92.49999999999902
P300,P361,3.0000000000000013
P300,P40,1.7000000000000004
P300,P324,1.9000000000000006
P300,P65,5.099999999999998
P300,P2,2.3000000000000007
P300,P485,320.5000000000044
P300,P491,2.600000000000001
P300,P131,3.600000000000002
P300,P171,5.099999999999998
P300,P44,223.3999999999916
P300,P25,1.3
P300,P343,2.500000000000001
P300,P126,4.899999999999999
P300,P6,4.999999999999998
P300,P75,3.0000000000000013
P300,P435,2.2000000000000006
P300,P55,3.5000000000000018
P300,P329,2.9000000000000012
P300,P394,2.500000000000001
P300,P242,5.699999999999996
P300,P133,1.9000000000000006
P300,P419,2.0000000000000004
P300,P201,2.700000000000001
P300,P431,1.7000000000000004
P300,P199,11.899999999999974
P300,P240,3.2000000000000015
P300,P106,2.500000000000001
P300,P68,9.99999999999998
P300,P116,7.899999999999988
P300,P358,2.2000000000000006
P300,P297,3.4000000000000017
P300,P80,2.600000000000001
P300,P284,3.800000000000002
P300,P434,11.399999999999975
P300,P451,2.400000000000001
P300,P280,3.1000000000000014
P300,P112,3.0000000000000013
P300,P479,3.5000000000000018
P300,P395,16.19999999999996
P300,P89,2.3000000000000007
P300,P459,4.899999999999999
P300,P492,2.600000000000001
P300,P248,2.400000000000001
P300,P93,12.099999999999973
P300,P374,1.9000000000000006
P300,P495,15.199999999999962
P300,P272,3.2000000000000015
P300,P296,3.0000000000000013
P300,P500,16.499999999999964
P300,P353,2.2000000000000006
P300,P118,13.399999999999968
P300,P418,3.700000000000002
P300,P86,2.500000000000001
P300,P96,2.400000000000001
P300,P507,2.1000000000000005
P300,P281,2.600000000000001
P300,P298,2.600000000000001
P300,P181,6.399999999999993
P300,P452,3.3000000000000016
P300,P481,2.2000000000000006
P300,P163,7.899999999999988
P300,P349,2.2000000000000006
P300,P42,3.5000000000000018
P300,P189,2.2000000000000006
P300,P34,5.299999999999997
P300,P53,2.9000000000000012
P300,P404,1.9000000000000006
P300,P432,2.700000000000001
P300,P114,2.600000000000001
P300,P383,2.800000000000001
P300,P347,2.3000000000000007
P300,P117,7.899999999999988
P300,P444,4.899999999999999
P300,P261,3.2000000000000015
P300,P241,3.3000000000000016
P300,P427,2.700000000000001
P300,P314,9.699999999999982
P300,P473,2.2000000000000006
P300,P440,4.899999999999999
P300,P371,2.0000000000000004
P300,P170,6.199999999999994
P300,P228,5.699999999999996
P300,P136,3.3000000000000016
P300,P393,2.600000000000001
P300,P415,2.3000000000000007
P300,P253,1.9000000000000006
P300,P128,2.0000000000000004
P300,P335,10.499999999999979
P300,P344,10.499999999999979
P300,P173,3.0000000000000013
P300,P246,5.399999999999997
P300,P23,10.09999999999998
P300,P49,7.899999999999988
P300,P258,5.699999999999996
P300,P439,8.799999999999985
P300,P278,7.899999999999988
P300,P309,7.899999999999988
P300,P74,2.2000000000000006
P300,P8,6.199999999999994
P300,P490,2.800000000000001
P300,P423,2.3000000000000007
P300,P409,5.1999999999999975
P300,P205,5.099999999999998
P300,P457,2.700000000000001
P300,P407,2.700000000000001
P300,P397,3.0000000000000013
P300,P70,4.899999999999999
P300,P465,2.600000000000001
P300,P334,3.3000000000000016
P300,P176,2.9000000000000012
P300,P145,4.5
P300,P218,3.1000000000000014
P300,P326,2.400000000000001
P300,P480,2.600000000000001
P300,P385,4.699999999999999
P300,P461,6.5999999999999925
P300,P496,5.299999999999997
P300,P194,3.0000000000000013
P301,P102,7.499999999999989
P301,P186,9.599999999999982
P301,P441,6.799999999999992
P301,P219,5.4999999999999964
P301,P397,15.99999999999996
P301,P214,5.599999999999996
P301,P138,6.499999999999993
P301,P4,8.899999999999984
P301,P135,6.699999999999992
P302,P132,3.800000000000002
P302,P366,5.1999999999999975
P302,P196,7.699999999999989
P302,P350,6.999999999999991
P302,P421,9.499999999999982
P302,P377,5.099999999999998
P302,P283,6.499999999999993
P303,P365,135.99999999999656
P303,P273,161.8999999999951
P303,P268,5.1999999999999975
P303,P159,3.5000000000000018
P303,P350,2.400000000000001
P303,P364,2.3000000000000007
P303,P37,7.19999999999999
P303,P448,8.099999999999987
P304,P412,5.899999999999995
P304,P379,5.4999999999999964
P304,P104,7.29999999999999
P304,P151,7.799999999999988
P305,P444,172.79999999999447
P305,P111,4.4
P305,P213,4.100000000000001
P305,P278,1.9000000000000006
P305,P457,7.799999999999988
P305,P204,3.800000000000002
P305,P144,2.800000000000001
P305,P163,3.4000000000000017
P305,P141,14.099999999999966
P305,P378,6.999999999999991
P305,P238,5.799999999999995
P305,P58,6.499999999999993
P305,P267,13.599999999999968
P305,P110,9.399999999999983
P305,P27,6.399999999999993
P305,P355,6.099999999999994
P305,P381,7.099999999999991
P305,P51,15.199999999999962
P305,P403,7.699999999999989
P305,P134,6.699999999999992
P305,P507,6.699999999999992
P305,P456,8.399999999999986
P305,P158,14.299999999999965
P305,P103,5.799999999999995
P305,P137,5.099999999999998
P305,P177,5.899999999999995
P305,P82,13.299999999999969
P305,P40,5.799999999999995
P305,P468,8.499999999999986
P305,P342,13.09999999999997
P305,P337,12.89999999999997
P305,P324,7.39999999999999
P305,P318,6.999999999999991
P305,P281,6.999999999999991
P305,P335,6.299999999999994
P305,P258,7.099999999999991
P305,P65,7.39999999999999
P305,P298,7.899999999999988
P305,P127,7.39999999999999
P305,P491,5.699999999999996
P305,P439,6.999999999999991
P305,P309,5.099999999999998
P305,P147,5.1999999999999975
P305,P179,8.899999999999984
P305,P341,6.099999999999994
P305,P452,4.6
P305,P181,4.799999999999999
P305,P171,8.299999999999986
P305,P465,17.099999999999973
P305,P217,8.699999999999985
P305,P194,6.8999999999999915
P305,P481,6.799999999999992
P305,P246,12.399999999999972
P305,P25,5.799999999999995
P305,P6,6.799999999999992
P305,P343,10.29999999999998
P305,P327,7.699999999999989
P305,P75,5.599999999999996
P305,P155,6.099999999999994
P305,P212,8.399999999999986
P305,P102,6.199999999999994
P305,P245,6.799999999999992
P305,P329,8.599999999999985
P305,P191,7.499999999999989
P305,P394,13.899999999999967
P305,P349,7.599999999999989
P305,P42,6.199999999999994
P305,P70,4.6
P305,P189,6.999999999999991
P305,P242,5.4999999999999964
P305,P92,9.799999999999981
P305,P133,6.399999999999993
P305,P201,8.899999999999984
P305,P419,9.199999999999983
P305,P432,5.699999999999996
P305,P409,7.29999999999999
P305,P505,5.999999999999995
P305,P448,15.69999999999996
P305,P404,8.499999999999986
P305,P53,11.499999999999975
P305,P431,5.1999999999999975
P305,P114,8.299999999999986
P305,P197,6.799999999999992
P305,P487,6.8999999999999915
P305,P73,6.5999999999999925
P305,P240,8.999999999999984
P305,P458,6.5999999999999925
P305,P347,5.399999999999997
P305,P380,6.499999999999993
P305,P358,7.19999999999999
P305,P433,6.199999999999994
P305,P277,13.899999999999967
P305,P7,6.499999999999993
P305,P80,6.199999999999994
P305,P121,5.899999999999995
P305,P280,13.199999999999969
P305,P112,4.699999999999999
P305,P282,4.799999999999999
P305,P49,10.799999999999978
P305,P139,8.499999999999986
P305,P261,5.999999999999995
P305,P248,12.499999999999972
P305,P174,7.39999999999999
P305,P154,7.699999999999989
P305,P427,11.799999999999974
P305,P13,7.499999999999989
P305,P374,5.299999999999997
P305,P473,5.799999999999995
P305,P430,14.399999999999965
P305,P440,6.8999999999999915
P305,P272,6.699999999999992
P305,P232,6.5999999999999925
P305,P330,15.099999999999962
P305,P136,9.699999999999982
P305,P359,7.599999999999989
P305,P265,11.599999999999975
P305,P296,5.999999999999995
P305,P393,6.099999999999994
P305,P415,5.899999999999995
P305,P47,7.39999999999999
P305,P128,7.19999999999999
P305,P184,15.99999999999996
P305,P353,6.8999999999999915
P305,P43,8.099999999999987
P305,P454,7.099999999999991
P305,P418,13.599999999999968
P305,P160,7.899999999999988
P305,P200,9.599999999999982
P305,P164,5.1999999999999975
P305,P396,5.799999999999995
P305,P441,8.299999999999986
P305,P36,5.4999999999999964
P305,P74,7.39999999999999
P305,P218,12.099999999999973
P305,P423,6.5999999999999925
P305,P86,6.299999999999994
P305,P397,6.199999999999994
P305,P17,7.799999999999988
P305,P334,6.5999999999999925
P305,P176,6.8999999999999915
P305,P145,7.39999999999999
P305,P326,8.999999999999984
P305,P480,7.19999999999999
P305,P385,6.399999999999993
P305,P63,7.099999999999991
P305,P105,14.099999999999966
P305,P62,6.5999999999999925
P305,P9,9.799999999999981
P305,P508,7.899999999999988
P305,P130,6.5999999999999925
P305,P236,6.399999999999993
P305,P81,7.499999999999989
P305,P317,5.699999999999996
P305,P195,7.599999999999989
P305,P161,5.999999999999995
P305,P83,8.899999999999984
P305,P223,5.599999999999996
P306,P238,115.6999999999977
P306,P378,1.2
P306,P118,1.8000000000000005
P306,P282,4.300000000000001
P306,P196,4.799999999999999
P306,P23,2.3000000000000007
P306,P285,2.1000000000000005
P306,P410,8.499999999999986
P306,P5,6.5999999999999925
P306,P175,2.400000000000001
P306,P11,10.09999999999998
P306,P44,2.1000000000000005
P306,P21,7.999999999999988
P306,P447,6.399999999999993
P306,P85,2.0000000000000004
P306,P417,3.2000000000000015
P306,P167,7.799999999999988
P306,P438,10.499999999999979
P306,P114,6.199999999999994
P306,P500,6.199999999999994
P306,P173,3.800000000000002
P306,P163,4.999999999999998
P306,P507,6.199999999999994
P306,P200,4.100000000000001
P306,P88,2.800000000000001
P306,P149,5.599999999999996
P306,P141,1.9000000000000006
P306,P34,6.699999999999992
P306,P477,1.5000000000000002
P306,P495,7.19999999999999
P306,P74,2.500000000000001
P306,P490,2.600000000000001
P307,P8,5.999999999999995
P307,P430,2.700000000000001
P307,P134,2.800000000000001
P307,P424,3.1000000000000014
P307,P361,2.800000000000001
P307,P40,2.2000000000000006
P307,P324,5.099999999999998
P307,P65,2.0000000000000004
P307,P2,1.9000000000000006
P307,P491,4.999999999999998
P307,P131,3.900000000000002
P307,P171,4.899999999999999
P307,P25,2.800000000000001
P307,P343,2.500000000000001
P307,P126,2.0000000000000004
P307,P6,4.899999999999999
P307,P16,5.4999999999999964
P307,P170,6.199999999999994
P307,P346,5.699999999999996
P308,P223,6.5999999999999925
P308,P62,6.399999999999993
P308,P177,8.899999999999984
P308,P496,7.899999999999988
P308,P254,8.599999999999985
P308,P210,7.499999999999989
P308,P433,7.799999999999988
P308,P340,7.39999999999999
P308,P425,6.099999999999994
P308,P208,11.299999999999976
P308,P492,10.19999999999998
P308,P79,5.799999999999995
P308,P17,7.599999999999989
P308,P430,7.699999999999989
P308,P96,6.399999999999993
P309,P113,4.999999999999998
P309,P252,2.600000000000001
P309,P56,3.1000000000000014
P309,P151,2.600000000000001
P309,P372,2.0000000000000004
P309,P489,2.400000000000001
P309,P76,2.400000000000001
P309,P325,2.0000000000000004
P309,P238,1.7000000000000004
P309,P177,2.1000000000000005
P309,P318,3.5000000000000018
P309,P58,8.499999999999986
P309,P65,1.9000000000000006
P309,P127,2.2000000000000006
P309,P491,2.400000000000001
P309,P305,5.099999999999998
P309,P171,2.600000000000001
P309,P465,3.3000000000000016
P309,P246,9.099999999999984
P309,P343,2.3000000000000007
P309,P25,2.3000000000000007
P309,P6,2.0000000000000004
P309,P75,2.600000000000001
P309,P245,3.0000000000000013
P309,P329,2.800000000000001
P309,P394,2.9000000000000012
P309,P62,18.39999999999999
P309,P242,2.800000000000001
P309,P133,3.4000000000000017
P309,P201,2.400000000000001
P309,P419,2.800000000000001
P309,P431,3.2000000000000015
P309,P240,2.400000000000001
P309,P358,2.1000000000000005
P309,P80,4.100000000000001
P309,P451,4.5
P309,P434,2.500000000000001
P309,P280,3.0000000000000013
P309,P112,3.1000000000000014
P309,P68,5.299999999999997
P309,P282,3.1000000000000014
P309,P89,2.700000000000001
P309,P248,3.900000000000002
P309,P147,10.09999999999998
P309,P425,4.6
P309,P179,8.199999999999987
P309,P452,8.099999999999987
P309,P374,5.999999999999995
P309,P181,6.799999999999992
P309,P386,8.599999999999985
P309,P8,5.999999999999995
P309,P194,16.29999999999996
P309,P481,5.4999999999999964
P309,P430,9.499999999999982
P309,P327,6.099999999999994
P309,P12,8.599999999999985
P309,P212,7.799999999999988
P309,P191,6.5999999999999925
P309,P349,5.699999999999996
P309,P272,12.499999999999972
P309,P42,7.29999999999999
P309,P189,4.699999999999999
P309,P92,7.599999999999989
P309,P432,7.999999999999988
P309,P404,6.499999999999993
P309,P53,7.099999999999991
P309,P114,5.4999999999999964
P309,P73,6.299999999999994
P309,P359,7.099999999999991
P309,P383,5.4999999999999964
P309,P487,8.199999999999987
P309,P296,7.499999999999989
P309,P458,10.29999999999998
P309,P347,9.399999999999983
P309,P380,7.39999999999999
P309,P47,7.29999999999999
P309,P446,7.29999999999999
P309,P7,6.8999999999999915
P309,P402,7.599999999999989
P309,P49,6.5999999999999925
P309,P444,6.799999999999992
P309,P139,7.799999999999988
P309,P353,5.899999999999995
P309,P261,9.699999999999982
P309,P43,6.8999999999999915
P309,P241,8.499999999999986
P309,P479,7.999999999999988
P309,P174,7.39999999999999
P309,P418,6.299999999999994
P309,P154,5.299999999999997
P309,P160,7.099999999999991
P309,P427,13.09999999999997
P309,P13,5.099999999999998
P309,P164,5.599999999999996
P309,P488,7.39999999999999
P309,P473,7.699999999999989
P309,P396,7.19999999999999
P309,P440,7.699999999999989
P309,P371,6.5999999999999925
P309,P218,13.899999999999967
P309,P496,7.899999999999988
P309,P232,8.599999999999985
P309,P136,6.399999999999993
P309,P265,15.59999999999996
P309,P86,7.499999999999989
P309,P393,5.699999999999996
P309,P415,5.599999999999996
P309,P158,9.399999999999983
P309,P253,5.899999999999995
P309,P128,6.999999999999991
P309,P173,6.699999999999992
P309,P63,5.999999999999995
P309,P111,5.999999999999995
P309,P105,8.499999999999986
P309,P508,6.399999999999993
P309,P141,4.300000000000001
P309,P300,7.899999999999988
P309,P81,6.199999999999994
P309,P477,6.299999999999994
P309,P317,5.699999999999996
P309,P74,5.699999999999996
P309,P195,7.799999999999988
P309,P267,8.699999999999985
P309,P490,7.19999999999999
P309,P337,5.4999999999999964
P309,P342,9.299999999999983
P309,P161,7.999999999999988
P309,P83,7.099999999999991
P309,P423,5.599999999999996
P309,P457,9.299999999999983
P309,P169,6.999999999999991
P309,P82,5.599999999999996
P309,P407,7.39999999999999
P309,P397,4.999999999999998
P309,P155,6.099999999999994
P309,P334,7.39999999999999
P309,P176,5.999999999999995
P309,P326,10.699999999999978
P309,P480,9.399999999999983
P309,P385,8.199999999999987
P309,P41,5.999999999999995
P309,P339,8.099999999999987
P309,P9,5.599999999999996
P309,P109,6.099999999999994
P309,P485,7.099999999999991
P309,P424,7.29999999999999
P309,P278,4254.099999997945
P309,P499,5.4999999999999964
P310,P134,14.299999999999965
P310,P242,14.399999999999965
P311,P483,6.699999999999992
P311,P52,33.80000000000021
P311,P336,4.100000000000001
P311,P494,14.199999999999966
P311,P203,2.600000000000001
P311,P275,2.3000000000000007
P311,P130,3.4000000000000017
P311,P94,1.9000000000000006
P311,P371,1.8000000000000005
P311,P377,2.500000000000001
P311,P415,0.2
P311,P246,6.299999999999994
P311,P77,7.29999999999999
P311,P113,6.5999999999999925
P311,P245,7.39999999999999
P311,P397,7.29999999999999
P311,P334,8.099999999999987
P311,P418,12.99999999999997
P311,P176,5.999999999999995
P311,P134,6.399999999999993
P311,P158,7.799999999999988
P312,P42,2.400000000000001
P312,P115,3.700000000000002
P312,P383,2.3000000000000007
P312,P220,6.799999999999992
P312,P441,6.699999999999992
P312,P214,7.39999999999999
P312,P320,10.999999999999977
P312,P165,7.699999999999989
P312,P4,7.499999999999989
P312,P133,13.699999999999967
P312,P160,5.999999999999995
P313,P56,2.500000000000001
P313,P210,2.9000000000000012
P313,P130,4.200000000000001
P313,P109,2.0000000000000004
P313,P126,2.600000000000001
P313,P5,7.999999999999988
P313,P1,1.9000000000000006
P313,P356,5.599999999999996
P313,P167,6.299999999999994
P313,P249,1.7000000000000004
P313,P452,6.399999999999993
P313,P181,6.999999999999991
P313,P226,7.899999999999988
P314,P33,3.900000000000002
P314,P292,2.1000000000000005
P314,P351,6.299999999999994
P314,P373,3.5000000000000018
P314,P430,2.400000000000001
P314,P41,2.1000000000000005
P314,P278,6.699999999999992
P314,P131,2.3000000000000007
P314,P171,2.9000000000000012
P314,P25,2.1000000000000005
P314,P343,2.600000000000001
P314,P6,1.9000000000000006
P314,P75,2.2000000000000006
P314,P23,9.099999999999984
P314,P435,5.099999999999998
P314,P55,2.3000000000000007
P314,P245,3.1000000000000014
P314,P329,2.0000000000000004
P314,P394,2.9000000000000012
P314,P62,15.89999999999996
P314,P242,5.699999999999996
P314,P133,2.400000000000001
P314,P419,4.000000000000002
P314,P201,2.2000000000000006
P314,P431,2.0000000000000004
P314,P240,3.5000000000000018
P314,P106,2.400000000000001
P314,P68,3.2000000000000015
P314,P358,3.700000000000002
P314,P80,2.700000000000001
P314,P297,3.0000000000000013
P314,P434,2.2000000000000006
P314,P284,2.400000000000001
P314,P280,3.600000000000002
P314,P451,4.5
P314,P116,8.899999999999984
P314,P112,2.9000000000000012
P314,P479,3.1000000000000014
P314,P459,2.2000000000000006
P314,P89,2.600000000000001
P314,P199,8.599999999999985
P314,P248,3.3000000000000016
P314,P374,2.400000000000001
P314,P163,5.799999999999995
P314,P272,7.799999999999988
P314,P267,6.5999999999999925
P314,P27,25.40000000000009
P314,P403,7.19999999999999
P314,P381,5.399999999999997
P314,P296,6.8999999999999915
P314,P507,8.699999999999985
P314,P402,8.399999999999986
P314,P353,5.999999999999995
P314,P249,6.199999999999994
P314,P342,15.99999999999996
P314,P43,6.5999999999999925
P314,P337,18.9
P314,P281,6.499999999999993
P314,P287,10.799999999999978
P314,P418,6.999999999999991
P314,P298,7.19999999999999
P314,P160,9.799999999999981
P314,P79,8.199999999999987
P314,P193,4.300000000000001
P314,P181,6.299999999999994
P314,P228,5.699999999999996
P314,P179,7.19999999999999
P314,P452,6.399999999999993
P314,P211,5.799999999999995
P314,P386,5.399999999999997
P314,P481,4.699999999999999
P314,P509,5.299999999999997
P314,P349,8.299999999999986
P314,P42,7.499999999999989
P314,P189,13.199999999999969
P314,P92,7.999999999999988
P314,P53,9.699999999999982
P314,P404,5.899999999999995
P314,P432,8.399999999999986
P314,P86,7.39999999999999
P314,P114,9.299999999999983
P314,P73,5.999999999999995
P314,P383,8.899999999999984
P314,P347,6.299999999999994
P314,P380,6.399999999999993
P314,P344,7.19999999999999
P314,P7,6.699999999999992
P314,P170,7.099999999999991
P314,P444,5.899999999999995
P314,P261,7.599999999999989
P314,P241,7.599999999999989
P314,P63,8.599999999999985
P314,P154,7.19999999999999
P314,P427,13.09999999999997
P314,P300,9.699999999999982
P314,P488,6.199999999999994
P314,P132,8.099999999999987
P314,P473,6.5999999999999925
P314,P317,5.299999999999997
P314,P440,6.799999999999992
P314,P204,6.999999999999991
P314,P371,7.19999999999999
P314,P83,7.099999999999991
P314,P232,7.099999999999991
P314,P136,8.499999999999986
P314,P169,6.5999999999999925
P314,P82,8.199999999999987
P314,P415,11.299999999999976
P314,P155,6.499999999999993
P314,P253,6.399999999999993
P314,P173,6.499999999999993
P314,P141,5.899999999999995
P314,P477,5.899999999999995
P314,P74,8.299999999999986
P314,P490,7.39999999999999
P314,P478,6.399999999999993
P314,P484,8.699999999999985
P314,P423,6.099999999999994
P314,P457,7.499999999999989
P315,P124,4.200000000000001
P315,P289,3.4000000000000017
P315,P429,3.900000000000002
P315,P460,3.4000000000000017
P315,P412,9.499999999999982
P315,P34,5.699999999999996
P315,P105,2.500000000000001
P315,P41,2.700000000000001
P315,P67,7.39999999999999
P315,P66,11.099999999999977
P315,P377,4.799999999999999
P315,P283,4.699999999999999
P315,P345,6.699999999999992
P316,P413,3.700000000000002
P316,P446,5.099999999999998
P316,P262,6.699999999999992
P316,P275,2.500000000000001
P316,P143,8.799999999999985
P316,P194,2.600000000000001
P316,P230,3.700000000000002
P316,P380,2.500000000000001
P316,P145,140.19999999999632
P316,P321,4.999999999999998
P316,P180,7.699999999999989
P316,P136,2.2000000000000006
P316,P237,8.299999999999986
P317,P14,0.30000000000000004
P317,P122,3.900000000000002
P317,P322,1.7000000000000004
P317,P466,2.400000000000001
P317,P176,6.199999999999994
P317,P477,5.599999999999996
P317,P175,2.600000000000001
P317,P11,8.499999999999986
P317,P21,6.699999999999992
P317,P44,2.0000000000000004
P317,P447,7.799999999999988
P317,P167,9.99999999999998
P317,P85,2.500000000000001
P317,P417,2.800000000000001
P317,P337,2.2000000000000006
P317,P118,8.499999999999986
P317,P181,3.2000000000000015
P317,P452,2.400000000000001
P317,P481,2.9000000000000012
P317,P500,5.599999999999996
P317,P163,5.799999999999995
P317,P349,2.400000000000001
P317,P42,2.400000000000001
P317,P189,2.2000000000000006
P317,P53,2.400000000000001
P317,P404,2.9000000000000012
P317,P432,2.800000000000001
P317,P34,6.5999999999999925
P317,P114,2.600000000000001
P317,P383,1.9000000000000006
P317,P495,6.999999999999991
P317,P347,3.0000000000000013
P317,P117,7.099999999999991
P317,P444,2.3000000000000007
P317,P261,2.600000000000001
P317,P241,3.2000000000000015
P317,P93,8.899999999999984
P317,P427,2.700000000000001
P317,P488,2.400000000000001
P317,P395,8.999999999999984
P317,P473,2.500000000000001
P317,P314,5.299999999999997
P317,P440,2.800000000000001
P317,P371,1.5000000000000002
P317,P170,7.19999999999999
P317,P199,7.19999999999999
P317,P232,4.000000000000002
P317,P228,6.399999999999993
P317,P116,8.299999999999986
P317,P136,1.7000000000000004
P317,P393,2.600000000000001
P317,P415,2.800000000000001
P317,P253,3.900000000000002
P317,P128,6.499999999999993
P317,P335,6.399999999999993
P317,P344,6.399999999999993
P317,P173,3.600000000000002
P317,P246,2.500000000000001
P317,P23,11.799999999999974
P317,P49,6.799999999999992
P317,P132,6.799999999999992
P317,P258,7.39999999999999
P317,P141,3.4000000000000017
P317,P439,7.699999999999989
P317,P278,5.699999999999996
P317,P309,5.699999999999996
P317,P74,3.600000000000002
P317,P490,2.0000000000000004
P317,P8,8.699999999999985
P317,P423,3.5000000000000018
P317,P195,26.600000000000108
P317,P68,6.5999999999999925
P317,P457,3.4000000000000017
P317,P409,7.39999999999999
P317,P407,1.6000000000000003
P317,P205,6.5999999999999925
P317,P397,2.400000000000001
P317,P465,2.800000000000001
P317,P70,6.8999999999999915
P317,P334,2.600000000000001
P317,P145,2.2000000000000006
P317,P218,4.6
P317,P434,6.999999999999991
P317,P326,1.6000000000000003
P317,P480,3.700000000000002
P317,P385,2.1000000000000005
P317,P9,2.500000000000001
P317,P109,2.800000000000001
P317,P394,3.4000000000000017
P317,P236,4.300000000000001
P317,P418,2.0000000000000004
P317,P305,5.699999999999996
P317,P51,2.3000000000000007
P317,P280,5.699999999999996
P317,P58,8.799999999999985
P317,P105,2.2000000000000006
P317,P354,6.999999999999991
P317,P223,1.6000000000000003
P317,P222,2.9000000000000012
P317,P94,3.600000000000002
P318,P278,8.199999999999987
P318,P457,1.9000000000000006
P318,P324,83.19999999999955
P318,P204,3.2000000000000015
P318,P163,2.700000000000001
P318,P267,4.5
P318,P27,2.600000000000001
P318,P355,1.8000000000000005
P318,P381,2.2000000000000006
P318,P403,4.899999999999999
P318,P507,2.600000000000001
P318,P158,2.500000000000001
P318,P82,3.0000000000000013
P318,P342,3.4000000000000017
P318,P337,2.400000000000001
P318,P305,6.999999999999991
P318,P281,2.500000000000001
P318,P335,2.2000000000000006
P318,P258,2.9000000000000012
P318,P298,2.600000000000001
P318,P58,7.099999999999991
P318,P439,2.400000000000001
P318,P309,3.5000000000000018
P318,P155,3.3000000000000016
P318,P70,1.9000000000000006
P318,P197,3.1000000000000014
P318,P380,2.0000000000000004
P318,P138,8.599999999999985
P318,P123,1037.300000000152
P319,P496,2.600000000000001
P319,P421,13.899999999999967
P319,P174,8.799999999999985
P319,P138,10.399999999999979
P319,P508,6.299999999999994
P320,P341,3.800000000000002
P320,P179,5.099999999999998
P320,P368,4.5
P320,P460,10.999999999999977
P320,P312,10.999999999999977
P320,P87,1.6000000000000003
P320,P186,5.599999999999996
P320,P445,8.599999999999985
P320,P180,5.4999999999999964
P320,P143,9.99999999999998
P321,P182,3.1000000000000014
P321,P151,3.800000000000002
P321,P180,7.999999999999988
P321,P145,2.0000000000000004
P321,P316,4.999999999999998
P321,P76,1.6000000000000003
P321,P325,1.9000000000000006
P321,P71,34.50000000000022
P321,P143,5.399999999999997
P321,P133,4.000000000000002
P321,P240,2.2000000000000006
P321,P30,8.899999999999984
P321,P128,3.0000000000000013
P321,P238,7.599999999999989
P321,P384,7.599999999999989
P321,P506,4.799999999999999
P321,P412,4.6
P321,P453,5.899999999999995
P322,P317,1.7000000000000004
P322,P425,2.800000000000001
P322,P388,7.999999999999988
P322,P33,4.100000000000001
P322,P378,2.400000000000001
P322,P348,3.0000000000000013
P322,P40,1.6000000000000003
P322,P468,2.700000000000001
P322,P104,2.600000000000001
P322,P38,6.299999999999994
P322,P370,2.500000000000001
P322,P6,2.800000000000001
P322,P419,3.800000000000002
P322,P26,3.1000000000000014
P322,P233,7.599999999999989
P322,P358,2.700000000000001
P322,P203,1.9000000000000006
P322,P80,2.600000000000001
P322,P24,6.999999999999991
P322,P65,6.5999999999999925
P322,P333,4.899999999999999
P322,P71,2.700000000000001
P322,P448,2.500000000000001
P322,P113,2.0000000000000004
P322,P30,6.999999999999991
P322,P398,1.9000000000000006
P322,P467,6.999999999999991
P322,P178,7.099999999999991
P322,P420,7.899999999999988
P323,P369,51.000000000000455
P323,P385,5.999999999999995
P323,P456,12.79999999999997
P323,P260,8.099999999999987
P323,P433,8.099999999999987
P323,P505,6.199999999999994
P323,P277,6.099999999999994
P324,P201,12.099999999999973
P324,P359,8.499999999999986
P324,P118,2.3000000000000007
P324,P97,3.5000000000000018
P324,P344,2.700000000000001
P324,P307,5.099999999999998
P324,P300,1.9000000000000006
P324,P485,2.9000000000000012
P324,P79,2.1000000000000005
P324,P111,2.600000000000001
P324,P213,2.800000000000001
P324,P417,2.2000000000000006
P324,P278,4.999999999999998
P324,P457,7.699999999999989
P324,P318,83.19999999999955
P324,P204,2.800000000000001
P324,P163,2.2000000000000006
P324,P267,8.199999999999987
P324,P27,2.400000000000001
P324,P355,2.400000000000001
P324,P381,2.0000000000000004
P324,P403,3.1000000000000014
P324,P507,3.0000000000000013
P324,P158,10.899999999999977
P324,P82,2.400000000000001
P324,P342,11.299999999999976
P324,P337,2.9000000000000012
P324,P305,7.39999999999999
P324,P281,3.5000000000000018
P324,P335,2.3000000000000007
P324,P258,1.6000000000000003
P324,P58,5.999999999999995
P324,P298,1.9000000000000006
P324,P439,3.0000000000000013
P324,P147,2.2000000000000006
P324,P179,1.7000000000000004
P324,P341,2.2000000000000006
P324,P452,2.0000000000000004
P324,P181,1.8000000000000005
P324,P217,2.0000000000000004
P324,P194,2.9000000000000012
P324,P481,4.200000000000001
P324,P327,4.4
P324,P506,3.600000000000002
P324,P212,2.600000000000001
P324,P65,4.300000000000001
P324,P127,2.0000000000000004
P324,P491,10.699999999999978
P324,P349,5.299999999999997
P324,P171,7.099999999999991
P324,P42,6.199999999999994
P324,P189,6.399999999999993
P324,P370,7.499999999999989
P324,P465,13.199999999999969
P324,P92,11.399999999999975
P324,P432,5.799999999999995
P324,P409,10.799999999999978
P324,P246,13.499999999999968
P324,P25,6.699999999999992
P324,P448,17.999999999999986
P324,P343,10.499999999999979
P324,P404,6.8999999999999915
P324,P6,5.599999999999996
P324,P53,5.299999999999997
P324,P75,4.799999999999999
P324,P114,7.599999999999989
P324,P487,7.29999999999999
P324,P26,12.299999999999972
P324,P73,4.999999999999998
P324,P347,6.699999999999992
P324,P245,6.099999999999994
P324,P458,7.29999999999999
P324,P329,5.799999999999995
P324,P499,7.099999999999991
P324,P394,15.59999999999996
P324,P277,13.199999999999969
P324,P7,6.5999999999999925
P324,P242,8.399999999999986
P324,P354,7.899999999999988
P324,P293,7.19999999999999
P324,P133,7.29999999999999
P324,P419,6.299999999999994
P324,P142,6.199999999999994
P324,P505,6.299999999999994
P324,P139,9.599999999999982
P324,P431,6.999999999999991
P324,P240,11.399999999999975
P324,P358,7.099999999999991
P324,P174,5.299999999999997
P324,P433,9.499999999999982
P324,P427,8.499999999999986
P324,P154,7.29999999999999
P324,P80,9.699999999999982
P324,P121,5.1999999999999975
P324,P280,14.699999999999964
P324,P13,7.799999999999988
P324,P112,9.799999999999981
P324,P282,7.29999999999999
P324,P473,7.19999999999999
P324,P248,5.999999999999995
P324,P440,5.699999999999996
P324,P374,6.8999999999999915
P324,P232,6.799999999999992
P324,P330,14.799999999999963
P324,P430,11.899999999999974
P324,P470,7.599999999999989
P324,P265,13.399999999999968
P324,P393,5.999999999999995
P324,P415,7.29999999999999
P324,P128,7.899999999999988
P324,P71,8.699999999999985
P324,P454,5.699999999999996
P324,P47,6.999999999999991
P324,P200,5.999999999999995
P324,P353,5.699999999999996
P324,P141,5.699999999999996
P324,P43,6.099999999999994
P324,P36,7.499999999999989
P324,P74,6.099999999999994
P324,P418,13.199999999999969
P324,P160,6.8999999999999915
P324,P164,7.899999999999988
P324,P484,6.399999999999993
P324,P396,10.19999999999998
P324,P218,11.799999999999974
P324,P397,5.1999999999999975
P324,P334,5.799999999999995
P324,P176,5.599999999999996
P324,P489,7.799999999999988
P324,P86,9.499999999999982
P324,P326,6.099999999999994
P324,P480,8.899999999999984
P324,P17,7.29999999999999
P324,P469,6.5999999999999925
P324,P9,8.099999999999987
P324,P236,6.8999999999999915
P324,P184,6.5999999999999925
P324,P157,5.899999999999995
P324,P63,6.5999999999999925
P324,P51,6.699999999999992
P324,P508,8.099999999999987
P324,P130,7.599999999999989
P324,P81,5.999999999999995
P324,P195,4.6
P324,P126,7.899999999999988
P324,P272,6.299999999999994
P324,P161,6.499999999999993
P324,P14,10.19999999999998
P324,P83,6.199999999999994
P325,P300,2.1000000000000005
P325,P111,2.9000000000000012
P325,P213,3.4000000000000017
P325,P278,2.1000000000000005
P325,P457,2.0000000000000004
P325,P204,3.0000000000000013
P325,P144,2.700000000000001
P325,P496,3.3000000000000016
P325,P163,1.9000000000000006
P325,P27,1.8000000000000005
P325,P8,2.3000000000000007
P325,P335,2.600000000000001
P325,P258,1.7000000000000004
P325,P309,2.0000000000000004
P325,P331,2.2000000000000006
P325,P155,2.3000000000000007
P325,P380,2.0000000000000004
P325,P321,1.9000000000000006
P325,P136,2.9000000000000012
P325,P180,10.999999999999977
P325,P490,2.2000000000000006
P325,P145,2.3000000000000007
P325,P138,4.000000000000002
P325,P94,2.600000000000001
P325,P187,3.1000000000000014
P326,P451,4.100000000000001
P326,P401,2.1000000000000005
P326,P356,6.399999999999993
P326,P493,5.799999999999995
P326,P368,7.19999999999999
P326,P146,3.2000000000000015
P326,P449,4.899999999999999
P326,P262,8.899999999999984
P326,P143,5.4999999999999964
P326,P186,3.800000000000002
P326,P463,4.200000000000001
P326,P359,4.799999999999999
P326,P30,8.099999999999987
P326,P353,3.1000000000000014
P326,P43,3.1000000000000014
P326,P250,7.699999999999989
P326,P77,5.1999999999999975
P326,P75,7.099999999999991
P326,P269,5.099999999999998
P326,P164,3.2000000000000015
P326,P140,5.4999999999999964
P326,P475,7.099999999999991
P326,P396,4.799999999999999
P326,P257,5.899999999999995
P326,P115,8.599999999999985
P326,P201,6.699999999999992
P326,P47,6.8999999999999915
P326,P489,3.1000000000000014
P326,P86,3.3000000000000016
P326,P324,6.099999999999994
P326,P158,2.600000000000001
P326,P17,4.799999999999999
P326,P354,6.199999999999994
P326,P58,6.999999999999991
P326,P184,5.599999999999996
P326,P305,8.999999999999984
P326,P63,3.2000000000000015
P326,P105,1.9000000000000006
P326,P62,3.600000000000002
P326,P265,3.600000000000002
P326,P508,2.700000000000001
P326,P130,4.100000000000001
P326,P300,2.400000000000001
P326,P81,3.1000000000000014
P326,P317,1.6000000000000003
P326,P195,2.9000000000000012
P326,P434,4.6
P326,P267,2.600000000000001
P326,P330,3.2000000000000015
P326,P337,1.9000000000000006
P326,P342,1.6000000000000003
P326,P70,7.699999999999989
P326,P161,2.9000000000000012
P326,P83,5.999999999999995
P326,P205,6.699999999999992
P326,P409,5.799999999999995
P326,P427,2.400000000000001
P326,P82,2.2000000000000006
P326,P68,7.099999999999991
P326,P155,3.600000000000002
P326,P8,7.29999999999999
P326,P278,10.699999999999978
P326,P309,10.699999999999978
P326,P485,2.800000000000001
P327,P136,2.600000000000001
P327,P328,8.999999999999984
P327,P440,5.799999999999995
P327,P378,3.5000000000000018
P327,P269,6.699999999999992
P327,P110,2.1000000000000005
P327,P51,2.500000000000001
P327,P257,5.799999999999995
P327,P134,2.800000000000001
P327,P456,2.9000000000000012
P327,P103,4.200000000000001
P327,P40,2.800000000000001
P327,P468,1.6000000000000003
P327,P3,2.0000000000000004
P327,P324,4.4
P327,P65,2.3000000000000007
P327,P127,3.0000000000000013
P327,P491,1.9000000000000006
P327,P171,2.0000000000000004
P327,P465,3.2000000000000015
P327,P58,5.999999999999995
P327,P246,1.9000000000000006
P327,P25,2.600000000000001
P327,P6,3.2000000000000015
P327,P343,2.500000000000001
P327,P305,7.699999999999989
P327,P75,1.9000000000000006
P327,P245,3.0000000000000013
P327,P329,2.400000000000001
P327,P394,2.600000000000001
P327,P242,2.9000000000000012
P327,P133,1.5000000000000002
P327,P201,1.7000000000000004
P327,P419,1.6000000000000003
P327,P431,2.3000000000000007
P327,P240,4.6
P327,P358,3.1000000000000014
P327,P121,2.3000000000000007
P327,P80,4.200000000000001
P327,P451,2.3000000000000007
P327,P280,1.7000000000000004
P327,P434,2.0000000000000004
P327,P112,4.999999999999998
P327,P282,2.600000000000001
P327,P89,2.700000000000001
P327,P68,8.199999999999987
P327,P248,1.9000000000000006
P327,P374,1.5000000000000002
P327,P8,2.0000000000000004
P327,P430,2.0000000000000004
P327,P278,6.099999999999994
P327,P309,6.099999999999994
P327,P439,10.499999999999979
P327,P272,2.500000000000001
P327,P23,7.099999999999991
P327,P359,2.500000000000001
P327,P105,2.3000000000000007
P327,P132,1.7000000000000004
P327,P255,6.499999999999993
P327,P185,6.8999999999999915
P327,P271,18.29999999999999
P327,P350,3.0000000000000013
P328,P327,8.999999999999984
P328,P102,11.099999999999977
P328,P94,5.799999999999995
P328,P42,5.799999999999995
P328,P115,4.899999999999999
P328,P467,7.39999999999999
P328,P270,7.999999999999988
P328,P110,8.399999999999986
P328,P473,8.099999999999987
P328,P394,14.999999999999963
P328,P369,5.999999999999995
P328,P484,6.399999999999993
P328,P263,8.399999999999986
P328,P469,5.699999999999996
P328,P277,7.39999999999999
P329,P141,4.100000000000001
P329,P430,3.0000000000000013
P329,P98,2.400000000000001
P329,P58,12.599999999999971
P329,P235,4.4
P329,P109,4.200000000000001
P329,P134,2.600000000000001
P329,P40,3.4000000000000017
P329,P482,3.900000000000002
P329,P79,1.9000000000000006
P329,P485,3.5000000000000018
P329,P44,2.3000000000000007
P329,P300,2.9000000000000012
P329,P111,2.2000000000000006
P329,P213,0.9999999999999999
P329,P417,2.9000000000000012
P329,P204,3.3000000000000016
P329,P314,2.0000000000000004
P329,P23,7.899999999999988
P329,P163,2.800000000000001
P329,P278,8.299999999999986
P329,P267,2.9000000000000012
P329,P164,4.799999999999999
P329,P27,2.3000000000000007
P329,P381,2.1000000000000005
P329,P403,2.3000000000000007
P329,P245,239.89999999999065
P329,P507,2.500000000000001
P329,P158,2.2000000000000006
P329,P342,3.3000000000000016
P329,P337,3.5000000000000018
P329,P281,2.700000000000001
P329,P335,3.2000000000000015
P329,P258,3.2000000000000015
P329,P298,2.500000000000001
P329,P439,3.5000000000000018
P329,P193,4.100000000000001
P329,P309,2.800000000000001
P329,P147,2.2000000000000006
P329,P179,2.400000000000001
P329,P452,2.700000000000001
P329,P181,3.600000000000002
P329,P341,2.500000000000001
P329,P386,2.2000000000000006
P329,P217,3.0000000000000013
P329,P194,2.2000000000000006
P329,P481,1.8000000000000005
P329,P327,2.400000000000001
P329,P155,2.3000000000000007
P329,P212,2.600000000000001
P329,P102,3.600000000000002
P329,P305,8.599999999999985
P329,P191,1.8000000000000005
P329,P349,2.2000000000000006
P329,P42,2.700000000000001
P329,P70,2.600000000000001
P329,P189,2.9000000000000012
P329,P92,2.600000000000001
P329,P432,1.5000000000000002
P329,P409,3.900000000000002
P329,P448,2.600000000000001
P329,P404,1.5000000000000002
P329,P53,3.0000000000000013
P329,P114,3.0000000000000013
P329,P487,2.400000000000001
P329,P26,1.6000000000000003
P329,P73,1.4000000000000001
P329,P347,2.9000000000000012
P329,P458,3.5000000000000018
P329,P324,5.799999999999995
P329,P499,3.0000000000000013
P329,P277,2.800000000000001
P329,P7,3.600000000000002
P329,P354,2.500000000000001
P329,P293,2.3000000000000007
P329,P115,6.699999999999992
P329,P427,2.800000000000001
P329,P257,6.199999999999994
P329,P13,2.600000000000001
P329,P473,1.6000000000000003
P329,P269,5.599999999999996
P329,P75,6.799999999999992
P329,P390,2.600000000000001
P329,P440,1.5000000000000002
P329,P250,4.5
P329,P30,6.099999999999994
P329,P330,2.0000000000000004
P329,P475,3.1000000000000014
P329,P333,5.599999999999996
P329,P128,2.600000000000001
P329,P184,2.800000000000001
P329,P65,6.8999999999999915
P329,P24,5.4999999999999964
P329,P121,11.599999999999975
P329,P112,5.999999999999995
P329,P480,6.499999999999993
P329,P456,8.599999999999985
P329,P396,6.999999999999991
P329,P76,5.399999999999997
P329,P3,6.799999999999992
P330,P403,5.599999999999996
P330,P190,1.9000000000000006
P330,P346,3.3000000000000016
P330,P436,2.9000000000000012
P330,P342,23.800000000000068
P330,P269,9.799999999999981
P330,P337,3.5000000000000018
P330,P91,3.1000000000000014
P330,P341,14.199999999999966
P330,P147,3.600000000000002
P330,P469,11.799999999999974
P330,P481,4.300000000000001
P330,P506,2.9000000000000012
P330,P212,3.3000000000000016
P330,P349,2.600000000000001
P330,P146,2.3000000000000007
P330,P189,2.2000000000000006
P330,P53,2.2000000000000006
P330,P26,5.999999999999995
P330,P487,3.0000000000000013
P330,P499,1.8000000000000005
P330,P347,3.0000000000000013
P330,P9,4.799999999999999
P330,P7,5.1999999999999975
P330,P354,15.89999999999996
P330,P250,6.499999999999993
P330,P233,10.399999999999979
P330,P387,2.800000000000001
P330,P50,1.6000000000000003
P330,P38,6.5999999999999925
P330,P398,2.700000000000001
P330,P18,4.100000000000001
P330,P135,2.0000000000000004
P330,P141,3.4000000000000017
P330,P378,2.0000000000000004
P330,P348,2.9000000000000012
P330,P134,3.3000000000000016
P330,P413,2.600000000000001
P330,P40,3.700000000000002
P330,P468,2.400000000000001
P330,P24,7.599999999999989
P330,P65,7.799999999999988
P330,P127,4.200000000000001
P330,P491,1.9000000000000006
P330,P333,9.599999999999982
P330,P171,2.9000000000000012
P330,P370,2.600000000000001
P330,P343,3.900000000000002
P330,P6,2.800000000000001
P330,P236,4.5
P330,P329,2.0000000000000004
P330,P30,5.599999999999996
P330,P242,2.2000000000000006
P330,P142,2.800000000000001
P330,P419,3.0000000000000013
P330,P505,1.7000000000000004
P330,P75,6.499999999999993
P330,P431,3.700000000000002
P330,P358,3.600000000000002
P330,P433,2.600000000000001
P330,P80,2.600000000000001
P330,P121,4.000000000000002
P330,P280,6.999999999999991
P330,P257,7.699999999999989
P330,P282,4.000000000000002
P330,P112,2.3000000000000007
P330,P115,8.899999999999984
P330,P201,7.499999999999989
P330,P248,3.0000000000000013
P330,P374,2.9000000000000012
P330,P324,14.799999999999963
P330,P430,1.8000000000000005
P330,P470,2.400000000000001
P330,P58,10.599999999999978
P330,P272,7.699999999999989
P330,P305,15.099999999999962
P330,P448,1.5000000000000002
P330,P359,2.700000000000001
P330,P296,2.2000000000000006
P330,P47,1.8000000000000005
P330,P402,2.500000000000001
P330,P277,2.1000000000000005
P330,P434,13.799999999999967
P330,P353,3.2000000000000015
P330,P43,1.9000000000000006
P330,P70,11.899999999999974
P330,P0,14.899999999999963
P330,P130,3.600000000000002
P330,P243,0.9999999999999999
P330,P218,3.4000000000000017
P330,P145,2.3000000000000007
P330,P326,3.2000000000000015
P330,P480,2.1000000000000005
P330,P385,1.8000000000000005
P330,P109,4.799999999999999
P330,P394,3.0000000000000013
P330,P418,2.500000000000001
P330,P51,2.9000000000000012
P330,P105,2.500000000000001
P330,P14,4.6
P330,P126,5.399999999999997
P331,P252,3.800000000000002
P331,P56,1.9000000000000006
P331,P180,4.300000000000001
P331,P151,2.800000000000001
P331,P372,3.1000000000000014
P331,P76,2.9000000000000012
P331,P325,2.2000000000000006
P331,P238,2.0000000000000004
P331,P172,8.499999999999986
P331,P279,5.4999999999999964
P331,P240,4.000000000000002
P331,P471,5.299999999999997
P331,P461,6.699999999999992
P331,P407,2.700000000000001
P331,P343,7.39999999999999
P331,P294,6.799999999999992
P331,P450,10.09999999999998
P331,P28,5.4999999999999964
P332,P295,2.700000000000001
P332,P386,4.699999999999999
P332,P453,14.099999999999966
P332,P372,8.199999999999987
P332,P26,2.400000000000001
P332,P378,2.700000000000001
P332,P290,2.3000000000000007
P332,P40,2.800000000000001
P332,P80,3.900000000000002
P332,P113,3.2000000000000015
P332,P38,6.999999999999991
P332,P402,2.800000000000001
P332,P353,2.800000000000001
P332,P43,4.699999999999999
P332,P6,89.99999999999916
P332,P233,11.199999999999976
P333,P289,1.8000000000000005
P333,P371,2.400000000000001
P333,P387,2.9000000000000012
P333,P24,6.699999999999992
P333,P140,6.8999999999999915
P333,P32,5.899999999999995
P333,P486,4.799999999999999
P333,P349,11.199999999999976
P333,P189,7.19999999999999
P333,P146,6.299999999999994
P333,P92,9.099999999999984
P333,P432,6.099999999999994
P333,P53,6.199999999999994
P333,P404,5.1999999999999975
P333,P18,5.799999999999995
P333,P487,10.699999999999978
P333,P26,13.199999999999969
P333,P135,7.29999999999999
P333,P347,7.099999999999991
P333,P464,5.899999999999995
P333,P499,7.699999999999989
P333,P9,7.499999999999989
P333,P7,8.199999999999987
P333,P141,10.29999999999998
P333,P113,11.899999999999974
P333,P440,9.799999999999981
P333,P378,6.399999999999993
P333,P354,6.199999999999994
P333,P250,4.899999999999999
P333,P427,7.599999999999989
P333,P348,8.599999999999985
P333,P134,13.399999999999968
P333,P456,13.899999999999967
P333,P413,6.999999999999991
P333,P40,16.599999999999966
P333,P468,7.999999999999988
P333,P3,14.399999999999965
P333,P390,7.799999999999988
P333,P65,7.499999999999989
P333,P127,5.399999999999997
P333,P491,14.899999999999963
P333,P330,9.599999999999982
P333,P171,8.799999999999985
P333,P370,5.999999999999995
P333,P475,6.499999999999993
P333,P343,6.699999999999992
P333,P6,11.599999999999975
P333,P236,13.699999999999967
P333,P329,5.599999999999996
P333,P128,7.499999999999989
P333,P184,17.69999999999998
P333,P242,14.899999999999963
P333,P419,6.299999999999994
P333,P454,5.099999999999998
P333,P431,7.799999999999988
P333,P200,5.799999999999995
P333,P358,9.199999999999983
P333,P203,6.799999999999992
P333,P80,5.299999999999997
P333,P121,22.800000000000054
P333,P112,11.799999999999974
P333,P36,7.39999999999999
P333,P74,9.699999999999982
P333,P398,13.799999999999967
P333,P322,4.899999999999999
P333,P71,6.8999999999999915
P333,P448,7.39999999999999
P333,P480,6.999999999999991
P333,P466,7.599999999999989
P333,P402,5.999999999999995
P333,P353,6.8999999999999915
P333,P43,7.499999999999989
P333,P4,5.4999999999999964
P333,P396,6.299999999999994
P333,P272,6.799999999999992
P333,P14,10.09999999999998
P333,P76,9.799999999999981
P333,P150,6.999999999999991
P334,P368,3.700000000000002
P334,P502,2.600000000000001
P334,P412,2.3000000000000007
P334,P498,3.3000000000000016
P334,P460,13.999999999999966
P334,P174,4.699999999999999
P334,P241,4.4
P334,P244,2.2000000000000006
P334,P95,2.800000000000001
P334,P234,4.000000000000002
P334,P186,2.800000000000001
P334,P192,9.499999999999982
P334,P176,2.2000000000000006
P334,P120,5.899999999999995
P334,P311,8.099999999999987
P334,P418,2.800000000000001
P334,P115,8.599999999999985
P334,P201,9.299999999999983
P334,P47,4.699999999999999
P334,P396,2.400000000000001
P334,P324,5.799999999999995
P334,P86,2.1000000000000005
P334,P354,7.099999999999991
P334,P158,3.600000000000002
P334,P58,6.799999999999992
P334,P17,2.0000000000000004
P334,P305,6.5999999999999925
P334,P184,2.600000000000001
P334,P63,1.8000000000000005
P334,P105,2.0000000000000004
P334,P62,2.2000000000000006
P334,P265,2.600000000000001
P334,P508,2.400000000000001
P334,P130,4.300000000000001
P334,P434,5.799999999999995
P334,P300,3.3000000000000016
P334,P81,4.000000000000002
P334,P317,2.600000000000001
P334,P195,4.100000000000001
P334,P70,7.699999999999989
P334,P267,1.7000000000000004
P334,P337,2.3000000000000007
P334,P342,3.900000000000002
P334,P205,6.199999999999994
P334,P161,2.800000000000001
P334,P83,6.299999999999994
P334,P409,9.799999999999981
P334,P68,7.999999999999988
P334,P169,2.9000000000000012
P334,P427,2.600000000000001
P334,P82,3.3000000000000016
P334,P8,6.399999999999993
P334,P155,1.9000000000000006
P334,P278,7.39999999999999
P334,P309,7.39999999999999
P334,P439,8.599999999999985
P334,P258,7.599999999999989
P334,P49,7.699999999999989
P334,P132,7.699999999999989
P334,P23,5.4999999999999964
P334,P335,7.099999999999991
P334,P344,7.099999999999991
P334,P478,2.800000000000001
P334,P27,2.3000000000000007
P334,P116,4.999999999999998
P335,P169,9.89999999999998
P335,P252,2.600000000000001
P335,P56,2.500000000000001
P335,P151,2.700000000000001
P335,P372,1.9000000000000006
P335,P489,3.2000000000000015
P335,P76,4.100000000000001
P335,P325,2.600000000000001
P335,P238,1.7000000000000004
P335,P177,3.0000000000000013
P335,P40,3.900000000000002
P335,P468,1.9000000000000006
P335,P58,8.099999999999987
P335,P324,2.3000000000000007
P335,P318,2.2000000000000006
P335,P305,6.299999999999994
P335,P65,1.8000000000000005
P335,P127,3.4000000000000017
P335,P491,3.0000000000000013
P335,P171,3.5000000000000018
P335,P465,1.8000000000000005
P335,P246,9.799999999999981
P335,P343,2.600000000000001
P335,P25,2.0000000000000004
P335,P6,5.399999999999997
P335,P75,1.7000000000000004
P335,P245,2.0000000000000004
P335,P329,3.2000000000000015
P335,P281,131.29999999999683
P335,P394,5.699999999999996
P335,P62,16.19999999999996
P335,P242,2.3000000000000007
P335,P133,2.600000000000001
P335,P201,3.3000000000000016
P335,P419,2.0000000000000004
P335,P431,2.800000000000001
P335,P240,4.200000000000001
P335,P68,5.599999999999996
P335,P358,1.5000000000000002
P335,P80,2.600000000000001
P335,P451,2.500000000000001
P335,P434,2.9000000000000012
P335,P284,3.2000000000000015
P335,P280,3.900000000000002
P335,P112,2.2000000000000006
P335,P282,2.500000000000001
P335,P89,1.4000000000000001
P335,P278,5.899999999999995
P335,P248,2.0000000000000004
P335,P374,2.9000000000000012
P335,P23,7.599999999999989
P335,P8,2.600000000000001
P335,P258,16.19999999999996
P335,P298,5.399999999999997
P335,P272,4.999999999999998
P335,P193,7.099999999999991
P335,P147,6.699999999999992
P335,P179,5.699999999999996
P335,P452,7.999999999999988
P335,P181,6.499999999999993
P335,P386,9.99999999999998
P335,P194,13.299999999999969
P335,P481,8.999999999999984
P335,P359,6.799999999999992
P335,P1,7.499999999999989
P335,P296,9.599999999999982
P335,P12,8.399999999999986
P335,P47,5.4999999999999964
P335,P402,7.499999999999989
P335,P349,7.099999999999991
P335,P42,7.599999999999989
P335,P189,9.099999999999984
P335,P353,7.29999999999999
P335,P92,8.799999999999985
P335,P432,7.799999999999988
P335,P53,7.39999999999999
P335,P404,6.999999999999991
P335,P43,5.299999999999997
P335,P73,6.099999999999994
P335,P383,7.29999999999999
P335,P114,7.599999999999989
P335,P287,5.099999999999998
P335,P418,6.699999999999992
P335,P160,6.799999999999992
P335,P347,5.999999999999995
P335,P380,8.499999999999986
P335,P446,5.099999999999998
P335,P7,7.699999999999989
P335,P444,5.699999999999996
P335,P139,11.899999999999974
P335,P261,7.499999999999989
P335,P218,13.799999999999967
P335,P241,7.799999999999988
P335,P479,6.999999999999991
P335,P174,5.4999999999999964
P335,P154,5.799999999999995
P335,P427,13.399999999999968
P335,P13,9.89999999999998
P335,P488,5.099999999999998
P335,P473,6.799999999999992
P335,P86,7.599999999999989
P335,P158,4.899999999999999
P335,P440,8.399999999999986
P335,P371,8.199999999999987
P335,P232,5.099999999999998
P335,P136,7.29999999999999
P335,P63,4.699999999999999
P335,P393,8.099999999999987
P335,P415,4.999999999999998
P335,P253,9.299999999999983
P335,P128,6.199999999999994
P335,P300,10.499999999999979
P335,P132,6.199999999999994
P335,P81,9.199999999999983
P335,P317,6.399999999999993
P335,P195,8.799999999999985
P335,P173,5.099999999999998
P335,P337,7.999999999999988
P335,P342,9.99999999999998
P335,P161,7.499999999999989
P335,P83,4.999999999999998
P335,P141,8.399999999999986
P335,P82,7.499999999999989
P335,P477,9.099999999999984
P335,P74,6.8999999999999915
P335,P155,4.699999999999999
P335,P490,6.799999999999992
P335,P423,7.499999999999989
P335,P457,7.099999999999991
P335,P407,6.499999999999993
P335,P397,5.1999999999999975
P335,P334,7.099999999999991
P335,P176,10.09999999999998
P335,P344,2215.6999999990803
P336,P474,8.199999999999987
P336,P57,2.700000000000001
P336,P60,4.100000000000001
P336,P273,2.400000000000001
P336,P37,14.299999999999965
P336,P159,3.900000000000002
P336,P311,4.100000000000001
P336,P34,2.0000000000000004
P336,P286,12.69999999999997
P336,P275,1.6000000000000003
P336,P503,6.099999999999994
P336,P129,8.399999999999986
P336,P430,2.2000000000000006
P337,P250,3.2000000000000015
P337,P330,3.5000000000000018
P337,P24,2.800000000000001
P337,P387,2.800000000000001
P337,P385,5.899999999999995
P337,P138,2.9000000000000012
P337,P140,2.700000000000001
P337,P269,8.299999999999986
P337,P257,6.499999999999993
P337,P232,5.599999999999996
P337,P141,5.699999999999996
P337,P440,6.199999999999994
P337,P378,2.9000000000000012
P337,P110,3.5000000000000018
P337,P51,5.399999999999997
P337,P134,4.000000000000002
P337,P456,1.6000000000000003
P337,P103,3.4000000000000017
P337,P137,3.2000000000000015
P337,P177,2.2000000000000006
P337,P58,14.899999999999963
P337,P468,0.9999999999999999
P337,P40,2.2000000000000006
P337,P305,12.89999999999997
P337,P324,2.9000000000000012
P337,P318,2.400000000000001
P337,P65,4.000000000000002
P337,P2,4.4
P337,P127,4.799999999999999
P337,P491,2.1000000000000005
P337,P171,2.700000000000001
P337,P465,6.699999999999992
P337,P246,5.099999999999998
P337,P343,2.400000000000001
P337,P25,3.800000000000002
P337,P6,3.3000000000000016
P337,P75,1.8000000000000005
P337,P55,2.1000000000000005
P337,P245,2.3000000000000007
P337,P329,3.5000000000000018
P337,P394,5.399999999999997
P337,P62,2.0000000000000004
P337,P242,1.7000000000000004
P337,P133,2.3000000000000007
P337,P201,2.800000000000001
P337,P419,2.600000000000001
P337,P431,2.1000000000000005
P337,P240,1.8000000000000005
P337,P106,3.2000000000000015
P337,P68,8.799999999999985
P337,P358,2.500000000000001
P337,P80,1.5000000000000002
P337,P451,3.3000000000000016
P337,P434,9.099999999999984
P337,P284,3.900000000000002
P337,P280,2.2000000000000006
P337,P112,3.1000000000000014
P337,P282,3.1000000000000014
P337,P278,13.799999999999967
P337,P89,2.9000000000000012
P337,P248,5.4999999999999964
P337,P23,15.499999999999961
P337,P374,2.400000000000001
P337,P8,9.099999999999984
P337,P272,2.800000000000001
P337,P116,14.299999999999965
P337,P296,2.700000000000001
P337,P47,1.9000000000000006
P337,P199,10.699999999999978
P337,P402,2.700000000000001
P337,P353,2.9000000000000012
P337,P43,2.600000000000001
P337,P314,18.9
P337,P395,13.699999999999967
P337,P287,4.799999999999999
P337,P418,5.599999999999996
P337,P160,1.7000000000000004
P337,P79,1.9000000000000006
P337,P93,15.69999999999996
P337,P509,4.699999999999999
P337,P117,12.599999999999971
P337,P495,15.199999999999962
P337,P86,2.9000000000000012
P337,P344,10.399999999999979
P337,P163,17.399999999999977
P337,P187,3.1000000000000014
P337,P500,11.699999999999974
P337,P118,12.199999999999973
P337,P97,3.800000000000002
P337,P317,2.2000000000000006
P337,P452,6.999999999999991
P337,P481,2.3000000000000007
P337,P342,215.29999999999205
P337,P42,2.500000000000001
P337,P189,1.6000000000000003
P337,P53,2.700000000000001
P337,P404,3.1000000000000014
P337,P432,3.0000000000000013
P337,P114,2.1000000000000005
P337,P383,2.500000000000001
P337,P347,4.100000000000001
P337,P34,7.29999999999999
P337,P444,1.6000000000000003
P337,P261,2.0000000000000004
P337,P241,2.500000000000001
P337,P427,3.0000000000000013
P337,P488,1.7000000000000004
P337,P473,2.0000000000000004
P337,P371,2.500000000000001
P337,P170,5.999999999999995
P337,P136,2.700000000000001
P337,P228,7.099999999999991
P337,P393,1.9000000000000006
P337,P415,3.700000000000002
P337,P253,3.900000000000002
P337,P173,2.700000000000001
P337,P335,7.999999999999988
P337,P477,1.7000000000000004
P337,P49,9.499999999999982
P337,P132,9.499999999999982
P337,P74,1.7000000000000004
P337,P258,6.299999999999994
P337,P439,7.099999999999991
P337,P490,2.0000000000000004
P337,P309,5.4999999999999964
P337,P423,2.700000000000001
P337,P457,2.2000000000000006
P337,P407,3.4000000000000017
P337,P397,2.800000000000001
P337,P409,4.6
P337,P205,8.099999999999987
P337,P334,2.3000000000000007
P337,P176,2.0000000000000004
P337,P218,4.5
P337,P145,3.4000000000000017
P337,P70,6.799999999999992
P337,P326,1.9000000000000006
P337,P480,2.500000000000001
P337,P9,1.8000000000000005
P337,P109,3.5000000000000018
P337,P236,2.9000000000000012
P337,P105,3.1000000000000014
P337,P354,5.4999999999999964
P337,P223,2.500000000000001
P337,P222,3.4000000000000017
P338,P171,4.5
P338,P370,8.399999999999986
P338,P346,8.599999999999985
P338,P194,18.099999999999987
P338,P101,4.999999999999998
P339,P52,2.500000000000001
P339,P164,3.0000000000000013
P339,P379,5.299999999999997
P339,P237,6.399999999999993
P339,P428,7.599999999999989
P339,P421,2.2000000000000006
P339,P288,6.399999999999993
P339,P411,8.299999999999986
P339,P111,3.4000000000000017
P339,P476,9.299999999999983
P339,P278,8.099999999999987
P339,P309,8.099999999999987
P339,P439,6.699999999999992
P339,P502,2.9000000000000012
P339,P258,7.499999999999989
P340,P11,2.400000000000001
P340,P466,3.1000000000000014
P340,P176,2.800000000000001
P340,P477,5.099999999999998
P340,P496,5.099999999999998
P340,P508,3.3000000000000016
P340,P308,7.39999999999999
P340,P254,7.29999999999999
P340,P371,2.600000000000001
P340,P461,5.899999999999995
P340,P270,3.0000000000000013
P340,P234,2.500000000000001
P340,P294,6.8999999999999915
P340,P407,2.700000000000001
P340,P450,6.5999999999999925
P340,P28,7.499999999999989
P340,P196,6.999999999999991
P341,P320,3.800000000000002
P341,P147,303.20000000000044
P341,P330,14.199999999999966
P341,P452,232.69999999999106
P341,P371,3.1000000000000014
P341,P179,212.7999999999922
P341,P24,5.899999999999995
P341,P385,2.9000000000000012
P341,P387,2.3000000000000007
P341,P140,3.3000000000000016
P341,P32,1.9000000000000006
P341,P486,2.1000000000000005
P341,P18,2.9000000000000012
P341,P269,6.8999999999999915
P341,P135,4.000000000000002
P341,P232,2.9000000000000012
P341,P141,1.9000000000000006
P341,P440,3.1000000000000014
P341,P378,2.2000000000000006
P341,P257,6.199999999999994
P341,P110,3.4000000000000017
P341,P51,2.400000000000001
P341,P134,6.299999999999994
P341,P456,2.600000000000001
P341,P137,3.0000000000000013
P341,P103,2.9000000000000012
P341,P40,2.1000000000000005
P341,P468,1.7000000000000004
P341,P324,2.2000000000000006
P341,P65,2.3000000000000007
P341,P127,4.699999999999999
P341,P58,8.699999999999985
P341,P491,2.2000000000000006
P341,P305,6.099999999999994
P341,P171,2.2000000000000006
P341,P465,3.3000000000000016
P341,P246,1.8000000000000005
P341,P343,5.799999999999995
P341,P25,3.5000000000000018
P341,P6,2.9000000000000012
P341,P75,5.1999999999999975
P341,P181,107.09999999999819
P341,P245,3.600000000000002
P341,P329,2.500000000000001
P341,P394,2.1000000000000005
P341,P62,4.799999999999999
P341,P242,1.7000000000000004
P341,P133,2.0000000000000004
P341,P201,2.400000000000001
P341,P419,2.400000000000001
P341,P431,4.000000000000002
P341,P240,2.9000000000000012
P341,P121,2.3000000000000007
P341,P478,6.499999999999993
P341,P155,8.199999999999987
P341,P144,5.099999999999998
P341,P213,6.5999999999999925
P341,P502,6.499999999999993
P341,P187,7.499999999999989
P341,P130,8.499999999999986
P342,P4,26.300000000000104
P342,P269,108.19999999999813
P342,P250,1.9000000000000006
P342,P330,23.800000000000068
P342,P24,4.000000000000002
P342,P387,2.0000000000000004
P342,P385,5.299999999999997
P342,P138,2.2000000000000006
P342,P140,4.699999999999999
P342,P257,5.699999999999996
P342,P232,4.5
P342,P141,4.999999999999998
P342,P440,4.899999999999999
P342,P378,2.700000000000001
P342,P110,4.100000000000001
P342,P51,5.899999999999995
P342,P134,2.800000000000001
P342,P456,1.6000000000000003
P342,P103,1.7000000000000004
P342,P137,1.7000000000000004
P342,P177,1.5000000000000002
P342,P58,16.19999999999996
P342,P468,2.400000000000001
P342,P40,3.600000000000002
P342,P305,13.09999999999997
P342,P324,11.299999999999976
P342,P318,3.4000000000000017
P342,P65,2.400000000000001
P342,P127,1.6000000000000003
P342,P2,1.8000000000000005
P342,P491,3.700000000000002
P342,P171,2.3000000000000007
P342,P465,4.999999999999998
P342,P246,5.999999999999995
P342,P343,4.4
P342,P25,2.800000000000001
P342,P6,3.2000000000000015
P342,P75,2.9000000000000012
P342,P55,3.700000000000002
P342,P245,1.9000000000000006
P342,P329,3.3000000000000016
P342,P394,6.499999999999993
P342,P62,3.600000000000002
P342,P242,2.600000000000001
P342,P133,3.5000000000000018
P342,P201,1.9000000000000006
P342,P419,2.400000000000001
P342,P431,2.0000000000000004
P342,P240,2.0000000000000004
P342,P106,2.800000000000001
P342,P68,9.399999999999983
P342,P358,1.5000000000000002
P342,P80,1.9000000000000006
P342,P451,2.500000000000001
P342,P434,10.999999999999977
P342,P280,2.3000000000000007
P342,P284,6.099999999999994
P342,P112,3.0000000000000013
P342,P282,3.1000000000000014
P342,P249,348.00000000001063
P342,P278,16.79999999999997
P342,P89,2.400000000000001
P342,P248,2.9000000000000012
P342,P23,14.399999999999965
P342,P374,4.4
P342,P8,10.399999999999979
P342,P272,3.900000000000002
P342,P116,13.399999999999968
P342,P296,3.2000000000000015
P342,P47,2.700000000000001
P342,P199,15.299999999999962
P342,P402,2.600000000000001
P342,P353,2.0000000000000004
P342,P314,15.99999999999996
P342,P43,2.9000000000000012
P342,P395,18.699999999999996
P342,P418,6.8999999999999915
P342,P160,3.3000000000000016
P342,P79,3.800000000000002
P342,P93,15.79999999999996
P342,P156,3.0000000000000013
P342,P509,2.0000000000000004
P342,P117,10.19999999999998
P342,P495,13.299999999999969
P342,P86,3.4000000000000017
P342,P344,13.499999999999968
P342,P163,14.899999999999963
P342,P187,2.1000000000000005
P342,P349,2.9000000000000012
P342,P337,215.29999999999205
P342,P42,4.100000000000001
P342,P189,1.8000000000000005
P342,P53,2.800000000000001
P342,P404,5.999999999999995
P342,P432,5.099999999999998
P342,P114,2.700000000000001
P342,P383,3.3000000000000016
P342,P347,2.0000000000000004
P342,P34,10.399999999999979
P342,P444,3.4000000000000017
P342,P261,3.0000000000000013
P342,P241,2.3000000000000007
P342,P427,2.3000000000000007
P342,P488,2.1000000000000005
P342,P473,2.3000000000000007
P342,P371,2.400000000000001
P342,P170,5.999999999999995
P342,P136,3.0000000000000013
P342,P228,7.499999999999989
P342,P393,2.500000000000001
P342,P415,3.0000000000000013
P342,P253,2.400000000000001
P342,P173,2.1000000000000005
P342,P335,9.99999999999998
P342,P477,2.9000000000000012
P342,P49,7.19999999999999
P342,P74,3.600000000000002
P342,P132,7.19999999999999
P342,P258,6.699999999999992
P342,P439,9.99999999999998
P342,P490,3.600000000000002
P342,P309,9.299999999999983
P342,P423,1.9000000000000006
P342,P457,4.000000000000002
P342,P407,2.400000000000001
P342,P397,3.2000000000000015
P342,P409,6.499999999999993
P342,P205,6.999999999999991
P342,P334,3.900000000000002
P342,P176,3.800000000000002
P342,P218,2.400000000000001
P342,P145,5.1999999999999975
P342,P70,6.499999999999993
P342,P326,1.6000000000000003
P342,P480,2.9000000000000012
P342,P9,2.1000000000000005
P342,P109,1.9000000000000006
P342,P236,2.400000000000001
P342,P105,2.1000000000000005
P342,P354,6.699999999999992
P342,P469,6.999999999999991
P342,P14,2.0000000000000004
P342,P126,6.8999999999999915
P343,P401,3.2000000000000015
P343,P25,675.200000000085
P343,P118,2.700000000000001
P343,P97,2.1000000000000005
P343,P96,1.5000000000000002
P343,P375,3.2000000000000015
P343,P344,2.0000000000000004
P343,P156,2.500000000000001
P343,P307,2.500000000000001
P343,P79,2.700000000000001
P343,P485,2.800000000000001
P343,P300,2.500000000000001
P343,P44,1.6000000000000003
P343,P111,2.800000000000001
P343,P213,3.800000000000002
P343,P417,5.4999999999999964
P343,P204,2.400000000000001
P343,P23,9.89999999999998
P343,P6,368.80000000001536
P343,P314,2.600000000000001
P343,P278,8.199999999999987
P343,P163,5.099999999999998
P343,P267,1.5000000000000002
P343,P164,4.4
P343,P27,1.6000000000000003
P343,P355,2.700000000000001
P343,P381,2.800000000000001
P343,P403,3.1000000000000014
P343,P507,2.2000000000000006
P343,P158,2.800000000000001
P343,P342,4.4
P343,P337,2.400000000000001
P343,P281,2.9000000000000012
P343,P335,2.600000000000001
P343,P258,5.4999999999999964
P343,P298,3.1000000000000014
P343,P439,1.8000000000000005
P343,P309,2.3000000000000007
P343,P147,2.600000000000001
P343,P179,2.9000000000000012
P343,P452,2.1000000000000005
P343,P181,4.4
P343,P341,5.799999999999995
P343,P217,2.2000000000000006
P343,P194,18.599999999999994
P343,P481,2.600000000000001
P343,P305,10.29999999999998
P343,P327,2.500000000000001
P343,P155,2.400000000000001
P343,P212,2.700000000000001
P343,P102,2.2000000000000006
P343,P58,7.39999999999999
P343,P191,1.4000000000000001
P343,P349,1.8000000000000005
P343,P42,2.600000000000001
P343,P189,2.3000000000000007
P343,P92,6.099999999999994
P343,P432,3.5000000000000018
P343,P409,1.8000000000000005
P343,P448,4.799999999999999
P343,P324,10.499999999999979
P343,P404,3.700000000000002
P343,P53,2.1000000000000005
P343,P114,2.500000000000001
P343,P487,2.0000000000000004
P343,P26,2.3000000000000007
P343,P73,1.8000000000000005
P343,P347,1.8000000000000005
P343,P458,2.400000000000001
P343,P499,4.899999999999999
P343,P277,2.400000000000001
P343,P7,3.0000000000000013
P343,P293,4.4
P343,P354,2.0000000000000004
P343,P115,6.699999999999992
P343,P257,8.499999999999986
P343,P427,2.400000000000001
P343,P13,2.1000000000000005
P343,P269,6.299999999999994
P343,P250,6.399999999999993
P343,P390,5.099999999999998
P343,P440,2.1000000000000005
P343,P30,6.399999999999993
P343,P330,3.900000000000002
P343,P475,2.9000000000000012
P343,P333,6.699999999999992
P343,P65,6.999999999999991
P343,P24,7.799999999999988
P343,P331,7.39999999999999
P344,P88,1.7000000000000004
P344,P141,10.599999999999978
P344,P98,2.500000000000001
P344,P378,2.700000000000001
P344,P238,2.2000000000000006
P344,P58,3.3000000000000016
P344,P51,3.1000000000000014
P344,P488,5.299999999999997
P344,P134,2.0000000000000004
P344,P424,3.4000000000000017
P344,P361,2.700000000000001
P344,P40,3.600000000000002
P344,P324,2.700000000000001
P344,P65,2.2000000000000006
P344,P491,2.800000000000001
P344,P131,2.0000000000000004
P344,P171,3.2000000000000015
P344,P25,2.3000000000000007
P344,P343,2.0000000000000004
P344,P126,2.700000000000001
P344,P6,3.0000000000000013
P344,P75,2.500000000000001
P344,P55,2.800000000000001
P344,P375,334.90000000000765
P344,P435,2.400000000000001
P344,P394,2.400000000000001
P344,P199,10.09999999999998
P344,P133,3.4000000000000017
P344,P419,3.3000000000000016
P344,P201,2.2000000000000006
P344,P431,2.600000000000001
P344,P395,14.199999999999966
P344,P240,3.1000000000000014
P344,P106,2.600000000000001
P344,P68,3.800000000000002
P344,P116,10.599999999999978
P344,P297,3.800000000000002
P344,P358,3.0000000000000013
P344,P80,1.7000000000000004
P344,P434,2.700000000000001
P344,P284,2.600000000000001
P344,P280,3.0000000000000013
P344,P112,2.600000000000001
P344,P479,6.5999999999999925
P344,P117,143.79999999999612
P344,P93,12.69999999999997
P344,P89,2.700000000000001
P344,P459,2.700000000000001
P344,P248,4.4
P344,P374,2.1000000000000005
P344,P495,12.99999999999997
P344,P296,2.700000000000001
P344,P500,18.099999999999987
P344,P118,14.999999999999963
P344,P353,2.600000000000001
P344,P418,2.400000000000001
P344,P204,4.5
P344,P83,8.199999999999987
P344,P391,6.099999999999994
P344,P507,3.5000000000000018
P344,P163,8.699999999999985
P344,P342,13.499999999999968
P344,P249,3.800000000000002
P344,P337,10.399999999999979
P344,P281,3.5000000000000018
P344,P298,4.799999999999999
P344,P34,7.499999999999989
P344,P193,3.0000000000000013
P344,P181,3.800000000000002
P344,P452,1.6000000000000003
P344,P386,4.899999999999999
P344,P481,3.2000000000000015
P344,P478,2.700000000000001
P344,P63,7.19999999999999
P344,P349,1.9000000000000006
P344,P42,2.2000000000000006
P344,P189,3.700000000000002
P344,P53,4.000000000000002
P344,P404,2.800000000000001
P344,P432,2.800000000000001
P344,P114,2.600000000000001
P344,P73,2.9000000000000012
P344,P383,2.1000000000000005
P344,P347,1.6000000000000003
P344,P380,2.1000000000000005
P344,P314,7.19999999999999
P344,P7,3.2000000000000015
P344,P62,8.799999999999985
P344,P27,2.800000000000001
P344,P444,2.3000000000000007
P344,P261,1.7000000000000004
P344,P241,2.400000000000001
P344,P228,6.199999999999994
P344,P174,2.9000000000000012
P344,P154,3.1000000000000014
P344,P427,8.399999999999986
P344,P473,4.6
P344,P440,3.4000000000000017
P344,P371,5.599999999999996
P344,P232,5.099999999999998
P344,P194,7.099999999999991
P344,P136,7.29999999999999
P344,P393,8.099999999999987
P344,P415,4.999999999999998
P344,P253,9.299999999999983
P344,P128,6.199999999999994
P344,P300,10.499999999999979
P344,P132,6.199999999999994
P344,P81,9.199999999999983
P344,P317,6.399999999999993
P344,P195,8.799999999999985
P344,P173,5.099999999999998
P344,P246,6.799999999999992
P344,P161,7.499999999999989
P344,P169,7.999999999999988
P344,P82,7.499999999999989
P344,P477,9.099999999999984
P344,P74,6.8999999999999915
P344,P155,4.699999999999999
P344,P490,6.799999999999992
P344,P423,7.499999999999989
P344,P457,7.099999999999991
P344,P407,6.499999999999993
P344,P397,5.1999999999999975
P344,P334,7.099999999999991
P344,P176,10.09999999999998
P344,P218,6.399999999999993
P344,P335,2215.6999999990803
P345,P392,1.0999999999999999
P345,P230,2.2000000000000006
P345,P122,2.9000000000000012
P345,P123,2.800000000000001
P345,P129,2.2000000000000006
P345,P413,4.999999999999998
P345,P399,5.1999999999999975
P345,P255,5.399999999999997
P345,P287,3.0000000000000013
P345,P199,11.299999999999976
P345,P418,2.800000000000001
P345,P160,2.700000000000001
P345,P386,25.30000000000009
P345,P481,2.400000000000001
P345,P84,2.600000000000001
P345,P68,5.799999999999995
P345,P128,2.9000000000000012
P345,P409,8.199999999999987
P345,P246,2.2000000000000006
P345,P70,8.399999999999986
P345,P41,3.1000000000000014
P345,P424,2.500000000000001
P345,P67,5.799999999999995
P345,P315,6.699999999999992
P345,P443,7.39999999999999
P345,P450,7.099999999999991
P345,P419,2.700000000000001
P346,P71,2.600000000000001
P346,P427,3.2000000000000015
P346,P354,4.200000000000001
P346,P250,3.1000000000000014
P346,P330,3.3000000000000016
P346,P24,3.4000000000000017
P346,P387,2.400000000000001
P346,P385,3.1000000000000014
P346,P138,2.1000000000000005
P346,P257,7.19999999999999
P346,P277,2.400000000000001
P346,P232,3.2000000000000015
P346,P141,2.500000000000001
P346,P440,4.899999999999999
P346,P378,2.500000000000001
P346,P110,1.8000000000000005
P346,P51,4.6
P346,P142,2.9000000000000012
P346,P21,5.399999999999997
P346,P447,4.6
P346,P44,2.500000000000001
P346,P338,8.599999999999985
P346,P307,5.699999999999996
P347,P233,4.799999999999999
P347,P250,2.0000000000000004
P347,P243,53.50000000000049
P347,P78,2.600000000000001
P347,P330,3.0000000000000013
P347,P38,3.4000000000000017
P347,P499,21.10000000000003
P347,P387,2.600000000000001
P347,P398,2.1000000000000005
P347,P32,5.299999999999997
P347,P486,2.800000000000001
P347,P24,5.399999999999997
P347,P18,1.7000000000000004
P347,P135,3.1000000000000014
P347,P333,7.099999999999991
P347,P464,3.2000000000000015
P347,P141,2.600000000000001
P347,P440,2.400000000000001
P347,P378,2.3000000000000007
P347,P30,6.799999999999992
P347,P134,2.1000000000000005
P347,P456,5.099999999999998
P347,P269,6.299999999999994
P347,P40,3.2000000000000015
P347,P468,3.0000000000000013
P347,P3,2.1000000000000005
P347,P257,7.899999999999988
P347,P65,1.8000000000000005
P347,P115,7.999999999999988
P347,P127,1.6000000000000003
P347,P491,3.800000000000002
P347,P458,87.19999999999932
P347,P171,2.1000000000000005
P347,P370,3.0000000000000013
P347,P465,2.600000000000001
P347,P246,2.0000000000000004
P347,P25,2.3000000000000007
P347,P343,1.8000000000000005
P347,P6,3.3000000000000016
P347,P75,2.500000000000001
P347,P324,6.699999999999992
P347,P245,3.0000000000000013
P347,P329,2.9000000000000012
P347,P394,2.9000000000000012
P347,P242,2.400000000000001
P347,P133,2.700000000000001
P347,P201,1.5000000000000002
P347,P419,1.7000000000000004
P347,P142,2.400000000000001
P347,P505,2.1000000000000005
P347,P58,5.699999999999996
P347,P431,1.8000000000000005
P347,P240,3.0000000000000013
P347,P305,5.399999999999997
P347,P358,2.400000000000001
P347,P80,2.500000000000001
P347,P121,3.3000000000000016
P347,P280,2.2000000000000006
P347,P112,2.800000000000001
P347,P282,2.0000000000000004
P347,P380,38.90000000000028
P347,P248,1.9000000000000006
P347,P434,7.19999999999999
P347,P374,3.600000000000002
P347,P70,5.799999999999995
P347,P430,2.500000000000001
P347,P409,12.599999999999971
P347,P272,4.300000000000001
P347,P68,6.8999999999999915
P347,P8,8.599999999999985
P347,P359,1.9000000000000006
P347,P296,2.3000000000000007
P347,P278,9.399999999999983
P347,P309,9.399999999999983
P347,P47,4.300000000000001
P347,P439,5.399999999999997
P347,P402,2.1000000000000005
P347,P353,2.9000000000000012
P347,P23,7.39999999999999
P347,P43,3.0000000000000013
P347,P287,3.1000000000000014
P347,P418,3.600000000000002
P347,P160,3.1000000000000014
P347,P335,5.999999999999995
P347,P509,2.9000000000000012
P347,P116,5.599999999999996
P347,P228,8.899999999999984
P347,P199,5.999999999999995
P347,P86,2.400000000000001
P347,P314,6.299999999999994
P347,P344,1.6000000000000003
P347,P395,6.699999999999992
P347,P93,7.099999999999991
P347,P63,2.500000000000001
P347,P60,2.500000000000001
P347,P117,5.599999999999996
P347,P300,2.3000000000000007
P347,P132,1.6000000000000003
P347,P317,3.0000000000000013
P347,P495,5.399999999999997
P347,P204,2.1000000000000005
P347,P34,6.199999999999994
P347,P337,4.100000000000001
P347,P342,2.0000000000000004
P347,P83,4.5
P347,P163,11.099999999999977
P347,P169,3.700000000000002
P347,P500,13.899999999999967
P347,P281,3.0000000000000013
P347,P149,1.7000000000000004
P347,P118,12.69999999999997
P347,P452,17.799999999999983
P347,P181,8.999999999999984
P347,P391,12.399999999999972
P347,P507,4.000000000000002
P347,P404,3.700000000000002
P347,P42,2.800000000000001
P347,P136,2.500000000000001
P347,P173,2.700000000000001
P347,P200,2.1000000000000005
P347,P114,8.799999999999985
P348,P24,10.999999999999977
P348,P377,2.600000000000001
P348,P13,2.3000000000000007
P348,P387,7.599999999999989
P348,P440,2.600000000000001
P348,P225,1.9000000000000006
P348,P293,4.100000000000001
P348,P52,7.999999999999988
P348,P427,1.9000000000000006
P348,P333,8.599999999999985
P348,P390,2.3000000000000007
P348,P330,2.9000000000000012
P348,P233,5.899999999999995
P348,P128,1.8000000000000005
P348,P454,3.600000000000002
P348,P200,2.3000000000000007
P348,P141,5.4999999999999964
P348,P140,2.2000000000000006
P348,P36,3.2000000000000015
P348,P398,2.600000000000001
P348,P38,8.099999999999987
P348,P322,3.0000000000000013
P349,P150,4.6
P349,P427,2.1000000000000005
P349,P354,2.500000000000001
P349,P250,2.600000000000001
P349,P330,2.600000000000001
P349,P38,4.4
P349,P387,3.1000000000000014
P349,P398,0.9999999999999999
P349,P140,2.500000000000001
P349,P24,7.29999999999999
P349,P32,2.2000000000000006
P349,P486,2.1000000000000005
P349,P333,11.199999999999976
P349,P18,3.3000000000000016
P349,P135,4.4
P349,P464,1.7000000000000004
P349,P30,7.999999999999988
P349,P141,2.700000000000001
P349,P440,2.800000000000001
P349,P378,6.199999999999994
P349,P94,4.4
P349,P51,2.700000000000001
P349,P269,9.299999999999983
P349,P257,8.799999999999985
P349,P134,3.0000000000000013
P349,P456,4.899999999999999
P349,P103,2.9000000000000012
P349,P40,2.500000000000001
P349,P468,2.700000000000001
P349,P3,3.2000000000000015
P349,P65,2.400000000000001
P349,P127,1.7000000000000004
P349,P491,2.800000000000001
P349,P324,5.299999999999997
P349,P171,1.6000000000000003
P349,P465,2.9000000000000012
P349,P246,4.100000000000001
P349,P25,2.800000000000001
P349,P343,1.8000000000000005
P349,P6,2.600000000000001
P349,P75,1.9000000000000006
P349,P58,7.899999999999988
P349,P245,3.5000000000000018
P349,P329,2.2000000000000006
P349,P394,2.3000000000000007
P349,P305,7.599999999999989
P349,P242,2.600000000000001
P349,P133,6.399999999999993
P349,P201,2.1000000000000005
P349,P419,2.2000000000000006
P349,P431,2.0000000000000004
P349,P240,4.6
P349,P358,3.700000000000002
P349,P121,5.1999999999999975
P349,P80,2.500000000000001
P349,P280,2.0000000000000004
P349,P434,3.1000000000000014
P349,P112,3.0000000000000013
P349,P282,2.700000000000001
P349,P89,3.800000000000002
P349,P248,3.4000000000000017
P349,P374,2.400000000000001
P349,P68,8.999999999999984
P349,P430,1.9000000000000006
P349,P8,6.099999999999994
P349,P278,5.699999999999996
P349,P309,5.699999999999996
P349,P272,2.1000000000000005
P349,P439,9.099999999999984
P349,P359,3.700000000000002
P349,P23,9.299999999999983
P349,P296,2.1000000000000005
P349,P47,2.600000000000001
P349,P402,3.1000000000000014
P349,P335,7.099999999999991
P349,P353,3.1000000000000014
P349,P43,3.3000000000000016
P349,P287,3.3000000000000016
P349,P418,5.899999999999995
P349,P160,2.0000000000000004
P349,P116,7.099999999999991
P349,P79,2.400000000000001
P349,P228,5.399999999999997
P349,P199,7.29999999999999
P349,P509,2.600000000000001
P349,P314,8.299999999999986
P349,P395,6.799999999999992
P349,P86,2.600000000000001
P349,P93,9.299999999999983
P349,P344,1.9000000000000006
P349,P117,6.5999999999999925
P349,P187,2.0000000000000004
P349,P495,6.699999999999992
P349,P60,3.0000000000000013
P349,P34,9.199999999999983
P349,P97,2.1000000000000005
P349,P300,2.2000000000000006
P349,P317,2.400000000000001
P349,P204,2.3000000000000007
P349,P163,14.899999999999963
P349,P342,2.9000000000000012
P349,P261,3.700000000000002
P349,P200,2.800000000000001
P349,P279,2.3000000000000007
P349,P0,7.39999999999999
P349,P436,9.199999999999983
P349,P125,6.5999999999999925
P349,P61,2.400000000000001
P349,P210,4.4
P350,P470,2.0000000000000004
P350,P101,2.600000000000001
P350,P211,3.3000000000000016
P350,P474,6.399999999999993
P350,P57,2.9000000000000012
P350,P37,2.2000000000000006
P350,P60,2.500000000000001
P350,P303,2.400000000000001
P350,P273,2.0000000000000004
P350,P159,3.0000000000000013
P350,P360,7.19999999999999
P350,P81,2.2000000000000006
P350,P61,2.500000000000001
P350,P302,6.999999999999991
P350,P400,12.79999999999997
P350,P230,6.999999999999991
P350,P462,5.899999999999995
P350,P22,8.899999999999984
P350,P120,6.699999999999992
P350,P411,5.999999999999995
P350,P327,3.0000000000000013
P350,P271,6.699999999999992
P351,P417,6.399999999999993
P351,P486,6.099999999999994
P351,P314,6.299999999999994
P351,P430,13.09999999999997
P351,P41,4.999999999999998
P351,P205,5.799999999999995
P351,P506,5.899999999999995
P351,P477,7.799999999999988
P351,P36,5.099999999999998
P351,P55,7.599999999999989
P352,P215,7.39999999999999
P352,P231,18.099999999999987
P353,P505,2.600000000000001
P353,P97,2.800000000000001
P353,P96,2.500000000000001
P353,P117,4.000000000000002
P353,P344,2.600000000000001
P353,P156,1.7000000000000004
P353,P86,2.700000000000001
P353,P118,8.099999999999987
P353,P79,1.9000000000000006
P353,P300,2.2000000000000006
P353,P500,7.599999999999989
P353,P417,2.2000000000000006
P353,P204,2.9000000000000012
P353,P495,8.399999999999986
P353,P60,2.500000000000001
P353,P163,2.700000000000001
P353,P273,1.9000000000000006
P353,P267,3.4000000000000017
P353,P381,2.1000000000000005
P353,P93,7.499999999999989
P353,P507,2.800000000000001
P353,P395,6.5999999999999925
P353,P314,5.999999999999995
P353,P249,2.500000000000001
P353,P342,2.0000000000000004
P353,P337,2.9000000000000012
P353,P281,4.999999999999998
P353,P199,5.999999999999995
P353,P298,2.3000000000000007
P353,P193,1.8000000000000005
P353,P179,5.099999999999998
P353,P181,4.899999999999999
P353,P452,2.2000000000000006
P353,P386,5.4999999999999964
P353,P116,7.699999999999989
P353,P481,2.600000000000001
P353,P12,2.2000000000000006
P353,P349,3.1000000000000014
P353,P42,3.2000000000000015
P353,P189,2.0000000000000004
P353,P335,7.29999999999999
P353,P92,2.2000000000000006
P353,P432,2.9000000000000012
P353,P404,2.3000000000000007
P353,P53,2.600000000000001
P353,P114,2.600000000000001
P353,P73,4.4
P353,P383,2.600000000000001
P353,P487,4.000000000000002
P353,P23,7.699999999999989
P353,P458,2.3000000000000007
P353,P347,2.9000000000000012
P353,P380,2.800000000000001
P353,P446,2.500000000000001
P353,P62,4.200000000000001
P353,P7,3.2000000000000015
P353,P49,3.2000000000000015
P353,P439,5.1999999999999975
P353,P444,2.9000000000000012
P353,P139,4.300000000000001
P353,P278,5.899999999999995
P353,P309,5.899999999999995
P353,P261,2.0000000000000004
P353,P241,4.699999999999999
P353,P479,3.900000000000002
P353,P8,6.099999999999994
P353,P174,2.0000000000000004
P353,P154,5.1999999999999975
P353,P427,2.0000000000000004
P353,P13,2.800000000000001
P353,P68,6.5999999999999925
P353,P473,2.9000000000000012
P353,P409,5.699999999999996
P353,P371,3.800000000000002
P353,P440,1.8000000000000005
P353,P70,5.699999999999996
P353,P232,2.500000000000001
P353,P330,3.2000000000000015
P353,P270,2.400000000000001
P353,P434,6.5999999999999925
P353,P136,1.8000000000000005
P353,P265,3.2000000000000015
P353,P393,2.3000000000000007
P353,P415,2.600000000000001
P353,P128,3.600000000000002
P353,P184,2.400000000000001
P353,P305,6.8999999999999915
P353,P58,5.4999999999999964
P353,P454,2.3000000000000007
P353,P246,2.400000000000001
P353,P354,11.499999999999975
P353,P200,2.1000000000000005
P353,P324,5.699999999999996
P353,P141,4.799999999999999
P353,P36,2.500000000000001
P353,P74,2.500000000000001
P353,P47,7.099999999999991
P353,P484,3.5000000000000018
P353,P201,6.399999999999993
P353,P115,9.499999999999982
P353,P257,6.8999999999999915
P353,P475,6.299999999999994
P353,P140,7.899999999999988
P353,P269,8.299999999999986
P353,P75,5.799999999999995
P353,P77,9.89999999999998
P353,P134,2.600000000000001
P353,P264,3.0000000000000013
P353,P250,6.799999999999992
P353,P326,3.1000000000000014
P353,P30,5.699999999999996
P353,P480,2.2000000000000006
P353,P466,2.9000000000000012
P353,P491,2.2000000000000006
P353,P236,6.5999999999999925
P353,P333,6.8999999999999915
P353,P65,6.5999999999999925
P353,P24,5.899999999999995
P353,P4,3.0000000000000013
P353,P119,3.3000000000000016
P353,P272,1.9000000000000006
P353,P14,0.9999999999999999
P353,P378,3.1000000000000014
P353,P290,2.2000000000000006
P353,P233,7.39999999999999
P353,P150,2.2000000000000006
P353,P40,2.700000000000001
P353,P413,2.2000000000000006
P353,P6,2.9000000000000012
P353,P332,2.800000000000001
P353,P38,5.699999999999996
P353,P71,2.2000000000000006
P353,P358,4.4
P353,P151,2.9000000000000012
P354,P143,3.2000000000000015
P354,P346,4.200000000000001
P354,P269,12.599999999999971
P354,P147,2.400000000000001
P354,P481,2.400000000000001
P354,P231,2.600000000000001
P354,P212,2.700000000000001
P354,P506,3.800000000000002
P354,P349,2.500000000000001
P354,P189,1.9000000000000006
P354,P26,2.600000000000001
P354,P499,2.400000000000001
P354,P243,2.9000000000000012
P354,P9,15.499999999999961
P354,P7,2.400000000000001
P354,P250,17.099999999999973
P354,P78,4.799999999999999
P354,P330,15.89999999999996
P354,P38,3.600000000000002
P354,P387,3.0000000000000013
P354,P398,2.600000000000001
P354,P486,3.5000000000000018
P354,P32,3.1000000000000014
P354,P18,2.800000000000001
P354,P135,3.700000000000002
P354,P24,7.699999999999989
P354,P464,1.8000000000000005
P354,P141,9.699999999999982
P354,P440,8.899999999999984
P354,P378,2.0000000000000004
P354,P333,6.199999999999994
P354,P30,4.999999999999998
P354,P134,4.4
P354,P456,2.9000000000000012
P354,P468,1.7000000000000004
P354,P40,1.8000000000000005
P354,P3,2.700000000000001
P354,P65,2.0000000000000004
P354,P127,4.200000000000001
P354,P491,2.0000000000000004
P354,P293,94.19999999999892
P354,P257,6.699999999999992
P354,P171,2.1000000000000005
P354,P115,7.099999999999991
P354,P370,2.0000000000000004
P354,P465,13.699999999999967
P354,P246,10.599999999999978
P354,P25,2.600000000000001
P354,P343,2.0000000000000004
P354,P6,2.600000000000001
P354,P75,2.3000000000000007
P354,P329,2.500000000000001
P354,P245,3.1000000000000014
P354,P394,10.399999999999979
P354,P242,6.499999999999993
P354,P324,7.899999999999988
P354,P133,3.700000000000002
P354,P201,4.899999999999999
P354,P419,3.3000000000000016
P354,P142,2.600000000000001
P354,P505,3.2000000000000015
P354,P431,2.9000000000000012
P354,P240,9.199999999999983
P354,P49,6.5999999999999925
P354,P358,6.099999999999994
P354,P433,7.799999999999988
P354,P80,7.39999999999999
P354,P139,6.8999999999999915
P354,P121,6.5999999999999925
P354,P280,15.89999999999996
P354,P112,8.199999999999987
P354,P282,9.399999999999983
P354,P261,8.199999999999987
P354,P174,4.999999999999998
P354,P154,6.099999999999994
P354,P427,6.399999999999993
P354,P13,5.999999999999995
P354,P248,4.300000000000001
P354,P473,8.099999999999987
P354,P374,9.199999999999983
P354,P430,15.69999999999996
P354,P470,9.099999999999984
P354,P232,9.399999999999983
P354,P272,6.399999999999993
P354,P136,5.4999999999999964
P354,P265,17.49999999999998
P354,P448,7.499999999999989
P354,P393,7.599999999999989
P354,P415,8.099999999999987
P354,P359,7.499999999999989
P354,P296,6.499999999999993
P354,P128,6.299999999999994
P354,P184,16.99999999999997
P354,P47,4.5
P354,P277,6.199999999999994
P354,P454,5.4999999999999964
P354,P353,11.499999999999975
P354,P43,10.499999999999979
P354,P200,7.19999999999999
P354,P418,14.799999999999963
P354,P160,7.699999999999989
P354,P164,6.199999999999994
P354,P441,5.299999999999997
P354,P36,5.1999999999999975
P354,P74,6.699999999999992
P354,P396,8.199999999999987
P354,P218,13.199999999999969
P354,P423,7.899999999999988
P354,P457,9.699999999999982
P354,P397,12.69999999999997
P354,P86,8.399999999999986
P354,P334,7.099999999999991
P354,P158,5.999999999999995
P354,P176,6.999999999999991
P354,P145,6.399999999999993
P354,P17,5.799999999999995
P354,P326,6.199999999999994
P354,P480,6.5999999999999925
P354,P385,6.799999999999992
P354,P63,5.4999999999999964
P354,P105,12.099999999999973
P354,P236,7.899999999999988
P354,P62,6.5999999999999925
P354,P508,5.299999999999997
P354,P130,7.699999999999989
P354,P51,9.099999999999984
P354,P81,6.099999999999994
P354,P317,6.999999999999991
P354,P195,6.799999999999992
P354,P267,8.999999999999984
P354,P126,6.299999999999994
P354,P337,5.4999999999999964
P354,P342,6.699999999999992
P354,P161,6.299999999999994
P354,P83,8.399999999999986
P354,P223,7.699999999999989
P354,P222,7.699999999999989
P355,P377,2.1000000000000005
P355,P381,332.6000000000071
P355,P387,2.700000000000001
P355,P257,6.099999999999994
P355,P138,2.3000000000000007
P355,P293,2.1000000000000005
P355,P277,4.100000000000001
P355,P232,2.600000000000001
P355,P141,2.2000000000000006
P355,P378,2.500000000000001
P355,P238,3.3000000000000016
P355,P58,3.1000000000000014
P355,P110,3.5000000000000018
P355,P305,6.099999999999994
P355,P51,2.1000000000000005
P355,P251,4.200000000000001
P355,P134,2.600000000000001
P355,P456,2.700000000000001
P355,P103,2.0000000000000004
P355,P137,2.9000000000000012
P355,P40,1.5000000000000002
P355,P468,3.2000000000000015
P355,P324,2.400000000000001
P355,P318,1.8000000000000005
P355,P65,2.400000000000001
P355,P127,2.500000000000001
P355,P2,2.800000000000001
P355,P491,5.999999999999995
P355,P171,2.700000000000001
P355,P465,2.400000000000001
P355,P246,2.700000000000001
P355,P6,3.4000000000000017
P355,P343,2.700000000000001
P355,P25,2.0000000000000004
P355,P75,2.0000000000000004
P355,P55,2.2000000000000006
P355,P57,5.1999999999999975
P355,P234,12.89999999999997
P356,P503,0.5
P356,P100,2.3000000000000007
P356,P167,8.599999999999985
P356,P326,6.399999999999993
P356,P101,7.29999999999999
P356,P111,5.4999999999999964
P356,P313,5.599999999999996
P356,P249,7.29999999999999
P357,P133,1.8000000000000005
P357,P451,6.999999999999991
P357,P287,15.099999999999962
P357,P228,14.899999999999963
P357,P111,12.599999999999971
P357,P63,7.999999999999988
P357,P380,7.599999999999989
P357,P27,19.200000000000003
P357,P154,7.099999999999991
P358,P296,1.7000000000000004
P358,P418,2.2000000000000006
P358,P101,3.1000000000000014
P358,P89,3.800000000000002
P358,P297,279.39999999999503
P358,P284,79.09999999999978
P358,P112,65.10000000000058
P358,P434,29.400000000000148
P358,P80,107.39999999999817
P358,P359,2.9000000000000012
P358,P149,2.500000000000001
P358,P118,3.1000000000000014
P358,P97,3.4000000000000017
P358,P93,4.799999999999999
P358,P96,4.100000000000001
P358,P344,3.0000000000000013
P358,P375,1.7000000000000004
P358,P156,5.999999999999995
P358,P395,6.799999999999992
P358,P79,2.500000000000001
P358,P44,3.800000000000002
P358,P300,2.2000000000000006
P358,P485,1.6000000000000003
P358,P111,2.2000000000000006
P358,P199,5.1999999999999975
P358,P417,2.700000000000001
P358,P204,2.500000000000001
P358,P116,5.399999999999997
P358,P314,3.700000000000002
P358,P255,2.700000000000001
P358,P163,2.9000000000000012
P358,P267,3.800000000000002
P358,P27,3.800000000000002
P358,P164,2.3000000000000007
P358,P23,5.299999999999997
P358,P381,3.0000000000000013
P358,P403,2.800000000000001
P358,P507,2.9000000000000012
P358,P278,5.999999999999995
P358,P158,1.9000000000000006
P358,P342,1.5000000000000002
P358,P337,2.500000000000001
P358,P281,3.600000000000002
P358,P335,1.5000000000000002
P358,P68,5.899999999999995
P358,P258,2.800000000000001
P358,P298,2.500000000000001
P358,P193,2.3000000000000007
P358,P439,2.500000000000001
P358,P309,2.1000000000000005
P358,P147,2.400000000000001
P358,P179,2.600000000000001
P358,P452,3.2000000000000015
P358,P181,2.700000000000001
P358,P386,2.800000000000001
P358,P217,2.500000000000001
P358,P194,2.500000000000001
P358,P481,4.4
P358,P327,3.1000000000000014
P358,P12,2.600000000000001
P358,P212,2.3000000000000007
P358,P102,3.1000000000000014
P358,P191,4.100000000000001
P358,P349,3.700000000000002
P358,P42,2.500000000000001
P358,P70,2.0000000000000004
P358,P189,5.899999999999995
P358,P92,3.600000000000002
P358,P432,3.0000000000000013
P358,P409,2.700000000000001
P358,P404,2.800000000000001
P358,P53,2.3000000000000007
P358,P114,4.200000000000001
P358,P197,2.2000000000000006
P358,P487,2.600000000000001
P358,P73,2.3000000000000007
P358,P458,2.3000000000000007
P358,P347,2.400000000000001
P358,P380,1.9000000000000006
P358,P305,7.19999999999999
P358,P277,2.9000000000000012
P358,P7,4.300000000000001
P358,P58,9.299999999999983
P358,P49,2.1000000000000005
P358,P354,6.099999999999994
P358,P139,1.7000000000000004
P358,P324,7.099999999999991
P358,P174,2.0000000000000004
P358,P154,6.299999999999994
P358,P427,3.5000000000000018
P358,P13,2.2000000000000006
P358,P473,1.8000000000000005
P358,P201,5.699999999999996
P358,P440,2.600000000000001
P358,P115,7.899999999999988
P358,P257,7.799999999999988
P358,P232,2.9000000000000012
P358,P330,3.600000000000002
P358,P269,7.999999999999988
P358,P475,3.1000000000000014
P358,P75,5.399999999999997
P358,P265,3.5000000000000018
P358,P393,2.700000000000001
P358,P250,6.8999999999999915
P358,P30,6.5999999999999925
P358,P128,2.700000000000001
P358,P454,2.500000000000001
P358,P200,2.9000000000000012
P358,P333,9.199999999999983
P358,P65,5.599999999999996
P358,P141,2.2000000000000006
P358,P24,7.099999999999991
P358,P140,3.1000000000000014
P358,P36,2.600000000000001
P358,P74,4.4
P358,P398,1.8000000000000005
P358,P322,2.700000000000001
P358,P233,9.199999999999983
P358,P370,2.600000000000001
P358,P38,14.099999999999966
P358,P119,5.299999999999997
P358,P378,2.2000000000000006
P358,P290,2.600000000000001
P358,P402,2.500000000000001
P358,P353,4.4
P359,P277,1.6000000000000003
P359,P141,4.100000000000001
P359,P430,3.3000000000000016
P359,P98,2.700000000000001
P359,P238,1.5000000000000002
P359,P411,3.800000000000002
P359,P58,9.599999999999982
P359,P235,1.6000000000000003
P359,P109,2.700000000000001
P359,P134,4.000000000000002
P359,P424,3.1000000000000014
P359,P40,3.2000000000000015
P359,P324,8.499999999999986
P359,P65,2.800000000000001
P359,P491,1.9000000000000006
P359,P131,1.4000000000000001
P359,P25,2.500000000000001
P359,P6,4.200000000000001
P359,P126,2.500000000000001
P359,P75,8.899999999999984
P359,P55,5.999999999999995
P359,P395,8.199999999999987
P359,P435,2.700000000000001
P359,P394,3.0000000000000013
P359,P199,1.9000000000000006
P359,P419,3.0000000000000013
P359,P201,9.399999999999983
P359,P93,8.399999999999986
P359,P431,3.0000000000000013
P359,P389,2.600000000000001
P359,P106,2.500000000000001
P359,P240,4.100000000000001
P359,P68,9.599999999999982
P359,P117,1.7000000000000004
P359,P116,2.700000000000001
P359,P358,2.9000000000000012
P359,P297,4.999999999999998
P359,P80,2.600000000000001
P359,P284,3.4000000000000017
P359,P434,9.89999999999998
P359,P280,3.5000000000000018
P359,P112,2.3000000000000007
P359,P121,2.1000000000000005
P359,P167,6.099999999999994
P359,P16,5.999999999999995
P359,P298,3.700000000000002
P359,P193,2.400000000000001
P359,P147,2.500000000000001
P359,P179,3.1000000000000014
P359,P181,2.9000000000000012
P359,P452,4.999999999999998
P359,P386,6.8999999999999915
P359,P194,2.400000000000001
P359,P481,3.900000000000002
P359,P1,3.700000000000002
P359,P335,6.799999999999992
P359,P327,2.500000000000001
P359,P12,4.699999999999999
P359,P191,3.1000000000000014
P359,P23,4.6
P359,P349,3.700000000000002
P359,P42,3.600000000000002
P359,P189,1.6000000000000003
P359,P92,3.1000000000000014
P359,P432,2.0000000000000004
P359,P404,2.600000000000001
P359,P53,3.1000000000000014
P359,P439,6.999999999999991
P359,P114,2.9000000000000012
P359,P73,2.2000000000000006
P359,P383,1.6000000000000003
P359,P278,7.099999999999991
P359,P309,7.099999999999991
P359,P487,3.0000000000000013
P359,P458,2.0000000000000004
P359,P347,1.9000000000000006
P359,P380,2.2000000000000006
P359,P446,2.1000000000000005
P359,P62,4.300000000000001
P359,P7,3.800000000000002
P359,P8,7.499999999999989
P359,P49,2.400000000000001
P359,P139,2.500000000000001
P359,P261,2.1000000000000005
P359,P241,2.3000000000000007
P359,P409,6.199999999999994
P359,P174,2.1000000000000005
P359,P154,3.1000000000000014
P359,P427,2.600000000000001
P359,P13,1.9000000000000006
P359,P70,5.699999999999996
P359,P473,1.7000000000000004
P359,P371,1.6000000000000003
P359,P440,2.800000000000001
P359,P232,2.600000000000001
P359,P330,2.700000000000001
P359,P136,5.399999999999997
P359,P305,7.599999999999989
P359,P265,3.2000000000000015
P359,P393,3.600000000000002
P359,P415,2.800000000000001
P359,P354,7.499999999999989
P359,P128,4.799999999999999
P359,P454,2.700000000000001
P359,P246,4.699999999999999
P359,P200,2.800000000000001
P359,P115,6.699999999999992
P359,P36,4.100000000000001
P359,P257,7.599999999999989
P359,P74,2.400000000000001
P359,P475,7.699999999999989
P359,P140,4.200000000000001
P359,P484,4.100000000000001
P359,P269,4.899999999999999
P359,P77,6.5999999999999925
P359,P250,7.19999999999999
P359,P30,6.499999999999993
P359,P264,1.6000000000000003
P359,P326,4.799999999999999
P359,P370,2.700000000000001
P359,P463,7.899999999999988
P359,P498,2.800000000000001
P359,P373,6.699999999999992
P359,P414,3.5000000000000018
P359,P248,1.8000000000000005
P359,P282,3.2000000000000015
P359,P230,3.0000000000000013
P359,P99,12.399999999999972
P359,P66,3.1000000000000014
P360,P59,9.89999999999998
P360,P17,4.999999999999998
P360,P61,15.69999999999996
P360,P81,13.599999999999968
P360,P350,7.19999999999999
P360,P66,5.4999999999999964
P360,P198,10.29999999999998
P360,P90,7.599999999999989
P360,P275,11.099999999999977
P360,P370,7.39999999999999
P361,P344,2.700000000000001
P361,P282,2.400000000000001
P361,P307,2.800000000000001
P361,P300,3.0000000000000013
P361,P79,2.500000000000001
P361,P111,2.500000000000001
P361,P213,2.1000000000000005
P361,P278,2.9000000000000012
P361,P457,2.700000000000001
P361,P204,2.400000000000001
P361,P164,2.500000000000001
P361,P413,2.700000000000001
P361,P425,1.8000000000000005
P361,P450,6.499999999999993
P361,P28,7.29999999999999
P361,P121,13.599999999999968
P363,P185,33.500000000000206
P363,P54,3.700000000000002
P363,P123,4.000000000000002
P363,P64,9.099999999999984
P363,P166,8.399999999999986
P363,P109,5.1999999999999975
P363,P231,10.999999999999977
P363,P478,8.799999999999985
P363,P130,7.19999999999999
P363,P223,8.899999999999984
P363,P126,8.699999999999985
P363,P252,6.699999999999992
P363,P463,16.09999999999996
P363,P291,6.299999999999994
P363,P284,12.199999999999973
P363,P217,8.599999999999985
P363,P287,7.699999999999989
P363,P84,6.999999999999991
P363,P509,5.099999999999998
P363,P165,5.299999999999997
P363,P188,8.499999999999986
P363,P229,6.999999999999991
P364,P61,2.500000000000001
P364,P159,6.299999999999994
P364,P57,2.1000000000000005
P364,P37,3.0000000000000013
P364,P60,8.099999999999987
P364,P303,2.3000000000000007
P364,P273,2.400000000000001
P364,P292,4.5
P364,P251,7.19999999999999
P364,P66,10.499999999999979
P364,P44,9.399999999999983
P364,P412,5.699999999999996
P365,P303,135.99999999999656
P365,P169,2.1000000000000005
P365,P426,1.8000000000000005
P365,P105,2.700000000000001
P365,P460,7.999999999999988
P365,P99,2.400000000000001
P365,P289,7.39999999999999
P365,P392,7.999999999999988
P365,P244,12.89999999999997
P366,P454,3.900000000000002
P366,P14,2.1000000000000005
P366,P302,5.1999999999999975
P366,P368,6.5999999999999925
P366,P483,12.599999999999971
P366,P208,6.799999999999992
P366,P79,7.599999999999989
P366,P44,10.09999999999998
P366,P285,10.799999999999978
P367,P32,5.699999999999996
P367,P104,9.399999999999983
P368,P334,3.700000000000002
P368,P445,262.0999999999911
P368,P90,2.400000000000001
P368,P320,4.5
P368,P143,9.499999999999982
P368,P262,9.199999999999983
P368,P444,4.5
P368,P366,6.5999999999999925
P368,P251,6.199999999999994
P368,P299,7.999999999999988
P368,P326,7.19999999999999
P368,P146,15.59999999999996
P368,P449,8.799999999999985
P368,P425,9.299999999999983
P368,P79,8.399999999999986
P368,P44,5.1999999999999975
P368,P285,6.299999999999994
P369,P403,1.9000000000000006
P369,P275,2.1000000000000005
P369,P30,2.600000000000001
P369,P323,51.000000000000455
P369,P270,5.399999999999997
P369,P184,2.3000000000000007
P369,P87,3.2000000000000015
P369,P220,7.799999999999988
P369,P110,3.2000000000000015
P369,P231,2.400000000000001
P369,P394,2.0000000000000004
P369,P328,5.999999999999995
P370,P338,8.399999999999986
P370,P225,2.700000000000001
P370,P249,0.9999999999999999
P370,P157,4.200000000000001
P370,P506,3.600000000000002
P370,P324,7.499999999999989
P370,P92,1.8000000000000005
P370,P432,2.800000000000001
P370,P409,2.3000000000000007
P370,P448,2.2000000000000006
P370,P404,3.1000000000000014
P370,P53,2.0000000000000004
P370,P114,3.3000000000000016
P370,P487,2.700000000000001
P370,P26,2.1000000000000005
P370,P73,2.2000000000000006
P370,P347,3.0000000000000013
P370,P458,4.6
P370,P499,3.0000000000000013
P370,P277,1.5000000000000002
P370,P7,3.600000000000002
P370,P293,1.5000000000000002
P370,P354,2.0000000000000004
P370,P115,4.4
P370,P257,5.699999999999996
P370,P269,9.299999999999983
P370,P427,3.2000000000000015
P370,P13,2.9000000000000012
P370,P250,8.999999999999984
P370,P30,5.599999999999996
P370,P390,2.700000000000001
P370,P440,4.000000000000002
P370,P330,2.600000000000001
P370,P333,5.999999999999995
P370,P475,2.3000000000000007
P370,P65,6.699999999999992
P370,P24,7.099999999999991
P370,P128,1.8000000000000005
P370,P184,4.000000000000002
P370,P454,3.5000000000000018
P370,P200,2.700000000000001
P370,P141,2.700000000000001
P370,P233,15.79999999999996
P370,P140,2.2000000000000006
P370,P36,4.000000000000002
P370,P74,2.500000000000001
P370,P398,4.000000000000002
P370,P322,2.500000000000001
P370,P38,15.499999999999961
P370,P419,2.400000000000001
P370,P358,2.600000000000001
P370,P80,2.9000000000000012
P370,P186,4.6
P370,P463,7.699999999999989
P370,P359,2.700000000000001
P370,P469,4.300000000000001
P370,P120,8.699999999999985
P370,P109,4.699999999999999
P370,P20,9.89999999999998
P370,P388,6.799999999999992
P370,P360,7.39999999999999
P371,P24,7.29999999999999
P371,P147,3.700000000000002
P371,P341,3.1000000000000014
P371,P452,5.699999999999996
P371,P179,10.999999999999977
P371,P469,3.0000000000000013
P371,P481,2.3000000000000007
P371,P506,2.600000000000001
P371,P212,2.600000000000001
P371,P333,2.400000000000001
P371,P404,2.500000000000001
P371,P206,2.3000000000000007
P371,P113,3.600000000000002
P371,P311,1.8000000000000005
P371,P461,4.899999999999999
P371,P340,2.600000000000001
P371,P440,40.2000000000003
P371,P359,1.6000000000000003
P371,P296,3.4000000000000017
P371,P434,6.399999999999993
P371,P47,2.500000000000001
P371,P70,6.5999999999999925
P371,P402,2.3000000000000007
P371,P277,3.0000000000000013
P371,P353,3.800000000000002
P371,P43,3.1000000000000014
P371,P409,5.4999999999999964
P371,P418,2.400000000000001
P371,P68,5.1999999999999975
P371,P160,2.0000000000000004
P371,P164,3.2000000000000015
P371,P8,6.5999999999999925
P371,P396,2.3000000000000007
P371,P218,5.399999999999997
P371,P278,6.5999999999999925
P371,P309,6.5999999999999925
P371,P439,7.799999999999988
P371,P49,5.099999999999998
P371,P23,6.8999999999999915
P371,P258,2.600000000000001
P371,P86,3.2000000000000015
P371,P158,2.700000000000001
P371,P335,8.199999999999987
P371,P344,5.599999999999996
P371,P194,2.800000000000001
P371,P116,7.499999999999989
P371,P63,3.0000000000000013
P371,P228,6.299999999999994
P371,P62,2.0000000000000004
P371,P170,5.399999999999997
P371,P199,5.399999999999997
P371,P300,2.0000000000000004
P371,P132,4.100000000000001
P371,P317,1.5000000000000002
P371,P204,2.400000000000001
P371,P314,7.19999999999999
P371,P395,5.4999999999999964
P371,P337,2.500000000000001
P371,P342,2.400000000000001
P371,P83,2.1000000000000005
P371,P93,5.099999999999998
P371,P427,1.9000000000000006
P371,P169,3.1000000000000014
P371,P82,2.500000000000001
P371,P473,5.799999999999995
P371,P117,6.5999999999999925
P371,P155,3.900000000000002
P371,P281,2.500000000000001
P371,P167,6.399999999999993
P371,P381,6.099999999999994
P372,P278,2.1000000000000005
P372,P204,6.499999999999993
P372,P335,1.9000000000000006
P372,P309,2.0000000000000004
P372,P331,3.1000000000000014
P372,P380,2.0000000000000004
P372,P428,6.8999999999999915
P372,P332,8.199999999999987
P372,P26,14.199999999999966
P372,P95,8.099999999999987
P373,P287,2.500000000000001
P373,P314,3.5000000000000018
P373,P73,2.3000000000000007
P373,P458,1.8000000000000005
P373,P377,5.299999999999997
P373,P265,6.499999999999993
P373,P285,8.499999999999986
P373,P90,6.799999999999992
P373,P25,5.899999999999995
P373,P484,6.699999999999992
P373,P505,5.699999999999996
P373,P397,6.399999999999993
P373,P264,6.399999999999993
P373,P282,15.99999999999996
P373,P498,8.599999999999985
P373,P248,13.599999999999968
P373,P146,5.899999999999995
P373,P470,7.799999999999988
P373,P359,6.699999999999992
P373,P230,8.599999999999985
P374,P406,8.599999999999985
P374,P391,2.1000000000000005
P374,P500,8.699999999999985
P374,P149,2.500000000000001
P374,P118,2.2000000000000006
P374,P97,3.800000000000002
P374,P495,8.199999999999987
P374,P96,2.9000000000000012
P374,P117,2.1000000000000005
P374,P344,2.1000000000000005
P374,P156,2.3000000000000007
P374,P79,2.3000000000000007
P374,P44,2.3000000000000007
P374,P300,1.9000000000000006
P374,P485,2.9000000000000012
P374,P93,6.099999999999994
P374,P417,4.000000000000002
P374,P204,1.9000000000000006
P374,P395,7.099999999999991
P374,P314,2.400000000000001
P374,P255,4.200000000000001
P374,P199,5.599999999999996
P374,P163,2.3000000000000007
P374,P116,7.499999999999989
P374,P267,2.800000000000001
P374,P27,3.700000000000002
P374,P381,3.3000000000000016
P374,P403,2.3000000000000007
P374,P507,2.0000000000000004
P374,P158,2.0000000000000004
P374,P342,4.4
P374,P249,4.100000000000001
P374,P337,2.400000000000001
P374,P23,7.899999999999988
P374,P281,2.0000000000000004
P374,P335,2.9000000000000012
P374,P258,2.500000000000001
P374,P298,3.0000000000000013
P374,P193,1.7000000000000004
P374,P439,7.29999999999999
P374,P147,2.0000000000000004
P374,P425,3.3000000000000016
P374,P179,3.4000000000000017
P374,P452,4.999999999999998
P374,P278,5.999999999999995
P374,P309,5.999999999999995
P374,P181,2.2000000000000006
P374,P386,2.3000000000000007
P374,P481,2.700000000000001
P374,P194,3.1000000000000014
P374,P327,1.5000000000000002
P374,P12,2.2000000000000006
P374,P212,3.700000000000002
P374,P68,8.099999999999987
P374,P191,2.2000000000000006
P374,P349,2.400000000000001
P374,P42,3.4000000000000017
P374,P189,2.400000000000001
P374,P92,2.600000000000001
P374,P409,2.800000000000001
P374,P432,3.3000000000000016
P374,P404,2.0000000000000004
P374,P53,2.500000000000001
P374,P114,3.800000000000002
P374,P197,2.700000000000001
P374,P73,2.9000000000000012
P374,P487,3.2000000000000015
P374,P383,2.600000000000001
P374,P70,9.399999999999983
P374,P458,2.800000000000001
P374,P347,3.600000000000002
P374,P380,2.3000000000000007
P374,P62,1.9000000000000006
P374,P277,3.5000000000000018
P374,P7,2.800000000000001
P374,P434,7.899999999999988
P374,P49,2.1000000000000005
P374,P139,2.800000000000001
P374,P261,2.1000000000000005
P374,P174,3.3000000000000016
P374,P154,3.4000000000000017
P374,P427,2.9000000000000012
P374,P13,2.500000000000001
P374,P305,5.299999999999997
P374,P58,6.999999999999991
P374,P473,2.2000000000000006
P374,P354,9.199999999999983
P374,P440,3.3000000000000016
P374,P324,6.8999999999999915
P374,P232,2.1000000000000005
P374,P330,2.9000000000000012
P374,P265,2.0000000000000004
P374,P393,2.800000000000001
P374,P201,5.699999999999996
P374,P115,4.699999999999999
P374,P257,5.599999999999996
P374,P128,2.1000000000000005
P374,P475,7.699999999999989
P374,P454,2.700000000000001
P374,P269,6.699999999999992
P374,P75,4.4
P374,P200,3.600000000000002
P374,P250,4.999999999999998
P374,P30,9.199999999999983
P374,P90,3.800000000000002
P374,P51,1.9000000000000006
P374,P428,5.899999999999995
P375,P131,3.4000000000000017
P375,P25,2.600000000000001
P375,P343,3.2000000000000015
P375,P126,3.700000000000002
P375,P6,3.600000000000002
P375,P75,4.100000000000001
P375,P55,3.4000000000000017
P375,P344,334.90000000000765
P375,P435,4.100000000000001
P375,P394,3.0000000000000013
P375,P199,3.4000000000000017
P375,P133,6.199999999999994
P375,P419,2.3000000000000007
P375,P201,3.1000000000000014
P375,P431,3.3000000000000016
P375,P395,8.399999999999986
P375,P240,3.4000000000000017
P375,P106,2.3000000000000007
P375,P68,2.800000000000001
P375,P116,1.6000000000000003
P375,P297,1.8000000000000005
P375,P358,1.7000000000000004
P375,P80,3.4000000000000017
P375,P434,2.3000000000000007
P375,P284,2.2000000000000006
P375,P280,2.700000000000001
P375,P112,3.5000000000000018
P375,P479,2.500000000000001
P375,P93,7.29999999999999
P375,P117,18.099999999999987
P375,P89,2.600000000000001
P375,P459,4.4
P375,P248,5.4999999999999964
P375,P167,7.29999999999999
P375,P402,3.3000000000000016
P375,P147,5.599999999999996
P376,P192,4.4
P376,P215,2.500000000000001
P376,P446,7.799999999999988
P376,P247,9.799999999999981
P376,P239,1.9000000000000006
P376,P98,6.8999999999999915
P376,P424,5.699999999999996
P376,P218,11.499999999999975
P376,P274,16.79999999999997
P376,P55,6.299999999999994
P376,P241,6.8999999999999915
P376,P451,9.499999999999982
P376,P471,7.29999999999999
P376,P499,13.499999999999968
P376,P2,5.899999999999995
P376,P456,6.499999999999993
P377,P24,102.19999999999847
P377,P278,2.0000000000000004
P377,P348,2.600000000000001
P377,P355,2.1000000000000005
P377,P281,3.5000000000000018
P377,P181,4.5
P377,P217,2.9000000000000012
P377,P155,3.800000000000002
P377,P502,3.3000000000000016
P377,P73,3.2000000000000015
P377,P138,3.0000000000000013
P377,P426,5.399999999999997
P377,P373,5.299999999999997
P377,P25,2.3000000000000007
P377,P30,7.099999999999991
P377,P142,2.0000000000000004
P377,P419,2.3000000000000007
P377,P505,2.3000000000000007
P377,P431,2.2000000000000006
P377,P250,8.299999999999986
P377,P26,2.400000000000001
P377,P75,7.799999999999988
P377,P203,1.5000000000000002
P377,P311,2.500000000000001
P377,P136,5.799999999999995
P377,P41,2.0000000000000004
P377,P424,4.100000000000001
P377,P67,9.299999999999983
P377,P315,4.799999999999999
P377,P302,5.099999999999998
P377,P421,5.099999999999998
P377,P428,6.699999999999992
P377,P251,9.199999999999983
P378,P306,1.2
P378,P238,43.300000000000345
P378,P344,2.700000000000001
P378,P300,4.300000000000001
P378,P111,3.2000000000000015
P378,P213,1.6000000000000003
P378,P278,2.0000000000000004
P378,P457,4.699999999999999
P378,P204,3.4000000000000017
P378,P144,2.800000000000001
P378,P163,5.099999999999998
P378,P305,6.999999999999991
P378,P267,3.5000000000000018
P378,P27,2.800000000000001
P378,P355,2.500000000000001
P378,P381,1.9000000000000006
P378,P403,2.3000000000000007
P378,P346,2.500000000000001
P378,P507,1.8000000000000005
P378,P158,1.9000000000000006
P378,P82,2.3000000000000007
P378,P342,2.700000000000001
P378,P337,2.9000000000000012
P378,P281,2.500000000000001
P378,P298,2.3000000000000007
P378,P439,3.5000000000000018
P378,P257,4.6
P378,P341,2.2000000000000006
P378,P147,3.3000000000000016
P378,P179,2.3000000000000007
P378,P452,4.300000000000001
P378,P181,2.2000000000000006
P378,P217,2.0000000000000004
P378,P481,4.300000000000001
P378,P269,6.099999999999994
P378,P327,3.5000000000000018
P378,P506,2.400000000000001
P378,P212,2.3000000000000007
P378,P349,6.199999999999994
P378,P502,2.9000000000000012
P378,P189,3.0000000000000013
P378,P30,8.399999999999986
P378,P92,2.2000000000000006
P378,P146,1.8000000000000005
P378,P432,1.8000000000000005
P378,P404,2.1000000000000005
P378,P53,2.9000000000000012
P378,P487,3.800000000000002
P378,P26,2.1000000000000005
P378,P347,2.3000000000000007
P378,P499,2.9000000000000012
P378,P9,4.999999999999998
P378,P7,3.2000000000000015
P378,P113,4.899999999999999
P378,P333,6.399999999999993
P378,P354,2.0000000000000004
P378,P250,3.800000000000002
P378,P24,12.79999999999997
P378,P427,3.1000000000000014
P378,P390,2.3000000000000007
P378,P141,2.800000000000001
P378,P233,13.899999999999967
P378,P330,2.0000000000000004
P378,P128,2.400000000000001
P378,P449,1.9000000000000006
P378,P454,1.5000000000000002
P378,P200,3.5000000000000018
P378,P38,11.599999999999975
P378,P36,4.000000000000002
P378,P140,2.800000000000001
P378,P398,8.199999999999987
P378,P322,2.400000000000001
P378,P387,3.0000000000000013
P378,P419,2.600000000000001
P378,P332,2.700000000000001
P378,P358,2.2000000000000006
P378,P80,3.2000000000000015
P378,P186,1.6000000000000003
P378,P71,2.2000000000000006
P378,P448,4.100000000000001
P378,P402,4.799999999999999
P378,P353,3.1000000000000014
P378,P43,2.0000000000000004
P379,P339,5.299999999999997
P379,P241,2.9000000000000012
P379,P412,2.3000000000000007
P379,P304,5.4999999999999964
P379,P400,7.899999999999988
P379,P227,8.999999999999984
P379,P421,7.29999999999999
P379,P428,9.099999999999984
P379,P251,5.1999999999999975
P379,P84,4.300000000000001
P380,P252,3.3000000000000016
P380,P180,3.3000000000000016
P380,P151,2.9000000000000012
P380,P372,2.0000000000000004
P380,P145,2.0000000000000004
P380,P316,2.500000000000001
P380,P76,2.0000000000000004
P380,P325,2.0000000000000004
P380,P318,2.0000000000000004
P380,P131,1.8000000000000005
P380,P499,1.0999999999999999
P380,P431,2.500000000000001
P380,P58,7.999999999999988
P380,P240,2.0000000000000004
P380,P305,6.499999999999993
P380,P358,1.9000000000000006
P380,P80,1.7000000000000004
P380,P121,3.0000000000000013
P380,P280,3.4000000000000017
P380,P112,2.500000000000001
P380,P282,2.1000000000000005
P380,P347,38.90000000000028
P380,P248,2.800000000000001
P380,P434,8.199999999999987
P380,P374,2.3000000000000007
P380,P70,6.499999999999993
P380,P430,2.9000000000000012
P380,P409,6.5999999999999925
P380,P272,2.2000000000000006
P380,P68,5.599999999999996
P380,P8,8.999999999999984
P380,P359,2.2000000000000006
P380,P296,2.1000000000000005
P380,P278,7.39999999999999
P380,P309,7.39999999999999
P380,P47,2.9000000000000012
P380,P439,5.4999999999999964
P380,P402,3.5000000000000018
P380,P353,2.800000000000001
P380,P23,5.899999999999995
P380,P43,4.300000000000001
P380,P287,3.3000000000000016
P380,P418,1.9000000000000006
P380,P160,2.0000000000000004
P380,P335,8.499999999999986
P380,P509,2.1000000000000005
P380,P116,5.699999999999996
P380,P228,7.499999999999989
P380,P199,7.499999999999989
P380,P86,2.3000000000000007
P380,P314,6.399999999999993
P380,P344,2.1000000000000005
P380,P395,7.29999999999999
P380,P357,7.599999999999989
P380,P27,2.1000000000000005
P380,P136,2.700000000000001
P380,P181,7.19999999999999
P380,P452,9.599999999999982
P380,P118,7.19999999999999
P380,P173,2.3000000000000007
P380,P114,7.899999999999988
P380,P500,7.899999999999988
P380,P200,3.1000000000000014
P380,P163,9.199999999999983
P380,P88,4.699999999999999
P380,P141,2.3000000000000007
P380,P507,9.099999999999984
P380,P477,4.000000000000002
P380,P74,1.6000000000000003
P381,P429,2.0000000000000004
P381,P24,2.400000000000001
P381,P355,332.6000000000071
P381,P387,3.0000000000000013
P381,P257,6.5999999999999925
P381,P138,3.3000000000000016
P381,P293,3.600000000000002
P381,P277,4.300000000000001
P381,P232,2.600000000000001
P381,P141,3.800000000000002
P381,P378,1.9000000000000006
P381,P238,2.500000000000001
P381,P58,2.0000000000000004
P381,P110,1.9000000000000006
P381,P305,7.099999999999991
P381,P51,2.400000000000001
P381,P251,2.400000000000001
P381,P134,5.099999999999998
P381,P456,1.9000000000000006
P381,P103,2.700000000000001
P381,P137,1.7000000000000004
P381,P40,4.999999999999998
P381,P468,2.1000000000000005
P381,P324,2.0000000000000004
P381,P318,2.2000000000000006
P381,P65,2.500000000000001
P381,P2,2.0000000000000004
P381,P127,2.3000000000000007
P381,P491,2.3000000000000007
P381,P171,5.4999999999999964
P381,P465,2.800000000000001
P381,P246,3.3000000000000016
P381,P6,3.5000000000000018
P381,P343,2.800000000000001
P381,P25,1.5000000000000002
P381,P75,1.9000000000000006
P381,P55,2.600000000000001
P381,P245,3.1000000000000014
P381,P329,2.1000000000000005
P381,P394,2.700000000000001
P381,P62,1.7000000000000004
P381,P242,5.4999999999999964
P381,P133,6.099999999999994
P381,P201,1.8000000000000005
P381,P419,2.400000000000001
P381,P278,6.499999999999993
P381,P431,2.3000000000000007
P381,P240,3.0000000000000013
P381,P106,6.199999999999994
P381,P68,2.9000000000000012
P381,P358,3.0000000000000013
P381,P23,5.999999999999995
P381,P80,3.2000000000000015
P381,P434,2.800000000000001
P381,P451,3.4000000000000017
P381,P284,2.0000000000000004
P381,P280,2.700000000000001
P381,P112,2.600000000000001
P381,P479,3.600000000000002
P381,P89,2.800000000000001
P381,P248,3.4000000000000017
P381,P374,3.3000000000000016
P381,P116,6.5999999999999925
P381,P403,152.59999999999562
P381,P199,7.899999999999988
P381,P272,3.0000000000000013
P381,P314,5.399999999999997
P381,P296,3.1000000000000014
P381,P395,6.399999999999993
P381,P402,3.1000000000000014
P381,P93,6.099999999999994
P381,P353,2.1000000000000005
P381,P43,2.0000000000000004
P381,P418,2.9000000000000012
P381,P79,3.3000000000000016
P381,P485,2.400000000000001
P381,P167,5.4999999999999964
P381,P125,2.700000000000001
P381,P371,6.099999999999994
P382,P142,88.89999999999922
P382,P16,7.099999999999991
P382,P46,8.199999999999987
P382,P494,15.399999999999961
P382,P185,3.2000000000000015
P382,P84,2.0000000000000004
P382,P156,4.000000000000002
P382,P195,6.399999999999993
P382,P105,5.399999999999997
P382,P267,5.999999999999995
P382,P492,9.499999999999982
P383,P22,4.000000000000002
P383,P202,2.700000000000001
P383,P312,2.3000000000000007
P383,P67,9.399999999999983
P383,P374,2.600000000000001
P383,P70,5.399999999999997
P383,P487,177.3999999999942
P383,P430,1.8000000000000005
P383,P409,8.099999999999987
P383,P73,111.89999999999792
P383,P68,7.19999999999999
P383,P272,1.9000000000000006
P383,P8,6.299999999999994
P383,P359,1.6000000000000003
P383,P278,5.4999999999999964
P383,P309,5.4999999999999964
P383,P296,3.3000000000000016
P383,P439,8.499999999999986
P383,P47,2.0000000000000004
P383,P402,2.1000000000000005
P383,P23,7.999999999999988
P383,P353,2.600000000000001
P383,P43,1.8000000000000005
P383,P335,7.29999999999999
P383,P287,2.400000000000001
P383,P418,2.500000000000001
P383,P160,2.800000000000001
P383,P114,87.69999999999929
P383,P116,8.999999999999984
P383,P509,3.0000000000000013
P383,P228,6.799999999999992
P383,P199,6.699999999999992
P383,P86,2.3000000000000007
P383,P314,8.899999999999984
P383,P395,7.899999999999988
P383,P344,2.1000000000000005
P383,P132,108.7999999999981
P383,P93,6.499999999999993
P383,P63,5.1999999999999975
P383,P117,5.899999999999995
P383,P60,2.0000000000000004
P383,P300,2.800000000000001
P383,P495,8.099999999999987
P383,P317,1.9000000000000006
P383,P34,15.399999999999961
P383,P204,2.800000000000001
P383,P337,2.500000000000001
P383,P342,3.3000000000000016
P383,P83,1.7000000000000004
P383,P163,17.099999999999973
P383,P500,12.099999999999973
P383,P281,2.800000000000001
P383,P118,16.19999999999996
P383,P149,8.099999999999987
P383,P452,12.199999999999973
P383,P391,13.599999999999968
P383,P181,9.799999999999981
P383,P507,10.899999999999977
P383,P298,1.6000000000000003
P383,P136,0.9999999999999999
P383,P173,3.5000000000000018
P383,P200,2.400000000000001
P383,P88,2.3000000000000007
P383,P141,2.500000000000001
P383,P477,3.0000000000000013
P383,P74,1.9000000000000006
P384,P59,3.900000000000002
P384,P412,3.5000000000000018
P384,P244,15.59999999999996
P384,P466,3.700000000000002
P384,P392,4.899999999999999
P384,P88,3.3000000000000016
P384,P511,6.5999999999999925
P384,P177,6.699999999999992
P384,P385,6.499999999999993
P384,P321,7.599999999999989
P384,P285,5.999999999999995
P384,P263,7.499999999999989
P384,P238,3510.5999999979026
P385,P393,2.9000000000000012
P385,P77,2.500000000000001
P385,P190,1.6000000000000003
P385,P346,3.1000000000000014
P385,P507,2.9000000000000012
P385,P158,1.9000000000000006
P385,P436,3.800000000000002
P385,P269,4.4
P385,P342,5.299999999999997
P385,P337,5.899999999999995
P385,P387,10.09999999999998
P385,P91,2.400000000000001
P385,P147,2.1000000000000005
P385,P452,2.600000000000001
P385,P341,2.9000000000000012
P385,P179,3.0000000000000013
P385,P24,4.799999999999999
P385,P30,2.2000000000000006
P385,P270,3.800000000000002
P385,P323,5.999999999999995
P385,P445,2.800000000000001
P385,P238,6.499999999999993
P385,P384,6.499999999999993
P385,P262,5.299999999999997
P385,P354,6.799999999999992
P385,P58,6.199999999999994
P385,P184,1.8000000000000005
P385,P305,6.399999999999993
P385,P63,2.2000000000000006
P385,P105,2.3000000000000007
P385,P62,2.1000000000000005
P385,P265,5.099999999999998
P385,P508,1.5000000000000002
P385,P130,1.7000000000000004
P385,P300,4.699999999999999
P385,P81,5.4999999999999964
P385,P317,2.1000000000000005
P385,P195,3.4000000000000017
P385,P267,4.300000000000001
P385,P434,5.1999999999999975
P385,P330,1.8000000000000005
P385,P161,4.899999999999999
P385,P83,2.3000000000000007
P385,P70,7.599999999999989
P385,P205,7.29999999999999
P385,P427,5.299999999999997
P385,P82,3.0000000000000013
P385,P409,6.699999999999992
P385,P68,6.499999999999993
P385,P155,4.699999999999999
P385,P8,5.1999999999999975
P385,P278,8.199999999999987
P385,P309,8.199999999999987
P385,P439,6.699999999999992
P385,P258,6.799999999999992
P385,P49,9.99999999999998
P385,P132,9.99999999999998
P385,P502,3.900000000000002
P385,P23,8.499999999999986
P386,P217,169.79999999999464
P386,P454,2.800000000000001
P386,P87,2.700000000000001
P386,P332,4.699999999999999
P386,P251,4.100000000000001
P386,P461,7.29999999999999
P386,P2,2.800000000000001
P386,P245,2.2000000000000006
P386,P329,2.2000000000000006
P386,P394,2.0000000000000004
P386,P242,3.2000000000000015
P386,P133,2.3000000000000007
P386,P201,2.1000000000000005
P386,P419,2.600000000000001
P386,P431,2.3000000000000007
P386,P240,3.3000000000000016
P386,P358,2.800000000000001
P386,P80,2.800000000000001
P386,P451,1.5000000000000002
P386,P280,2.800000000000001
P386,P434,2.500000000000001
P386,P112,4.999999999999998
P386,P282,2.400000000000001
P386,P68,7.599999999999989
P386,P89,2.700000000000001
P386,P248,4.100000000000001
P386,P374,2.3000000000000007
P386,P278,8.599999999999985
P386,P309,8.599999999999985
P386,P8,1.9000000000000006
P386,P430,2.500000000000001
P386,P439,6.699999999999992
P386,P23,7.999999999999988
P386,P272,2.1000000000000005
P386,P335,9.99999999999998
P386,P359,6.8999999999999915
P386,P296,4.000000000000002
P386,P47,1.9000000000000006
P386,P402,1.6000000000000003
P386,P116,6.399999999999993
P386,P353,5.4999999999999964
P386,P43,3.0000000000000013
P386,P287,2.9000000000000012
P386,P199,6.999999999999991
P386,P418,3.3000000000000016
P386,P160,2.3000000000000007
P386,P345,25.30000000000009
P386,P79,3.0000000000000013
P386,P211,2.800000000000001
P386,P27,2.2000000000000006
P386,P228,5.1999999999999975
P386,P314,5.399999999999997
P386,P395,5.799999999999995
P386,P509,2.500000000000001
P386,P93,6.399999999999993
P386,P117,8.499999999999986
P386,P86,2.0000000000000004
P386,P344,4.899999999999999
P386,P495,8.099999999999987
P386,P34,5.1999999999999975
P386,P187,2.800000000000001
P386,P163,8.099999999999987
P386,P97,2.500000000000001
P387,P511,75.3
P387,P111,2.600000000000001
P387,P278,1.9000000000000006
P387,P204,2.700000000000001
P387,P348,7.599999999999989
P387,P267,3.0000000000000013
P387,P381,3.0000000000000013
P387,P355,2.700000000000001
P387,P403,2.400000000000001
P387,P190,1.9000000000000006
P387,P346,2.400000000000001
P387,P507,2.400000000000001
P387,P158,2.2000000000000006
P387,P436,6.299999999999994
P387,P269,2.600000000000001
P387,P342,2.0000000000000004
P387,P337,2.800000000000001
P387,P385,10.09999999999998
P387,P91,3.3000000000000016
P387,P452,2.0000000000000004
P387,P147,2.500000000000001
P387,P341,2.3000000000000007
P387,P179,2.600000000000001
P387,P30,3.600000000000002
P387,P24,4.899999999999999
P387,P481,2.2000000000000006
P387,P506,4.000000000000002
P387,P212,3.800000000000002
P387,P333,2.9000000000000012
P387,P349,3.1000000000000014
P387,P146,2.500000000000001
P387,P189,2.1000000000000005
P387,P92,2.800000000000001
P387,P432,2.9000000000000012
P387,P53,2.0000000000000004
P387,P487,2.500000000000001
P387,P26,1.9000000000000006
P387,P347,2.600000000000001
P387,P499,4.6
P387,P9,2.600000000000001
P387,P7,0.9999999999999999
P387,P354,3.0000000000000013
P387,P250,2.500000000000001
P387,P233,2.400000000000001
P387,P427,2.3000000000000007
P387,P38,16.599999999999966
P387,P330,2.800000000000001
P387,P128,2.800000000000001
P387,P449,2.400000000000001
P387,P200,2.800000000000001
P387,P36,2.2000000000000006
P387,P378,3.0000000000000013
P387,P40,3.2000000000000015
P387,P468,2.800000000000001
P387,P104,2.0000000000000004
P387,P192,6.799999999999992
P387,P124,11.599999999999975
P387,P389,4.5
P388,P34,5.899999999999995
P388,P322,7.999999999999988
P388,P425,6.399999999999993
P388,P173,12.79999999999997
P388,P444,13.699999999999967
P388,P88,5.699999999999996
P388,P488,13.599999999999968
P388,P106,6.299999999999994
P388,P299,6.699999999999992
P388,P511,6.399999999999993
P388,P222,7.899999999999988
P388,P370,6.799999999999992
P388,P414,6.399999999999993
P388,P458,7.999999999999988
P389,P43,2.800000000000001
P389,P272,4.799999999999999
P389,P222,2.400000000000001
P389,P359,2.600000000000001
P389,P93,5.799999999999995
P389,P149,2.600000000000001
P389,P474,6.999999999999991
P389,P60,2.400000000000001
P389,P57,13.399999999999968
P389,P273,3.700000000000002
P389,P37,14.599999999999964
P389,P34,3.900000000000002
P389,P286,12.499999999999972
P389,P466,3.0000000000000013
P389,P244,2.700000000000001
P389,P159,2.0000000000000004
P389,P387,4.5
P389,P487,2.0000000000000004
P389,P432,4.000000000000002
P390,P290,3.900000000000002
P390,P449,1.8000000000000005
P390,P32,2.1000000000000005
P390,P18,4.699999999999999
P390,P233,5.399999999999997
P390,P135,2.9000000000000012
P390,P141,5.599999999999996
P390,P378,2.3000000000000007
P390,P348,2.3000000000000007
P390,P134,3.0000000000000013
P390,P24,6.499999999999993
P390,P413,3.2000000000000015
P390,P40,2.500000000000001
P390,P468,1.9000000000000006
P390,P3,1.7000000000000004
P390,P333,7.799999999999988
P390,P65,3.2000000000000015
P390,P127,3.1000000000000014
P390,P491,2.1000000000000005
P390,P171,3.3000000000000016
P390,P370,2.700000000000001
P390,P30,7.799999999999988
P390,P25,3.800000000000002
P390,P343,5.099999999999998
P390,P6,2.1000000000000005
P390,P236,3.0000000000000013
P390,P250,5.999999999999995
P390,P329,2.600000000000001
P390,P75,5.399999999999997
P390,P245,2.400000000000001
P390,P394,3.2000000000000015
P390,P269,6.099999999999994
P390,P242,2.0000000000000004
P390,P142,2.800000000000001
P390,P419,3.3000000000000016
P390,P505,2.700000000000001
P390,P431,2.9000000000000012
P390,P257,6.999999999999991
P390,P26,2.600000000000001
P390,P115,8.299999999999986
P390,P461,7.899999999999988
P390,P399,5.999999999999995
P390,P283,2.600000000000001
P390,P493,6.499999999999993
P391,P208,97.39999999999874
P391,P126,1.6000000000000003
P391,P434,6.099999999999994
P391,P479,1.8000000000000005
P391,P500,5.299999999999997
P391,P89,1.9000000000000006
P391,P495,1.8000000000000005
P391,P374,2.1000000000000005
P391,P417,9.299999999999983
P391,P117,6.199999999999994
P391,P204,14.299999999999965
P391,P83,10.09999999999998
P391,P344,6.099999999999994
P391,P97,6.699999999999992
P391,P507,15.099999999999962
P391,P281,11.999999999999973
P391,P298,13.09999999999997
P391,P181,17.899999999999984
P391,P481,14.999999999999963
P391,P149,7.29999999999999
P391,P42,13.999999999999966
P391,P53,7.39999999999999
P391,P404,14.999999999999963
P391,P383,13.599999999999968
P391,P347,12.399999999999972
P391,P261,14.099999999999966
P391,P136,8.299999999999986
P391,P209,7.099999999999991
P391,P173,7.799999999999988
P392,P107,2.3000000000000007
P392,P345,1.0999999999999999
P392,P292,5.799999999999995
P392,P384,4.899999999999999
P392,P365,7.999999999999988
P392,P244,19.900000000000013
P392,P60,5.699999999999996
P393,P421,1.7000000000000004
P393,P385,2.9000000000000012
P393,P39,3.600000000000002
P393,P140,3.3000000000000016
P393,P44,2.9000000000000012
P393,P23,9.799999999999981
P393,P266,7.29999999999999
P393,P448,4.999999999999998
P393,P114,2.1000000000000005
P393,P22,13.399999999999968
P393,P13,2.700000000000001
P393,P245,1.8000000000000005
P393,P250,6.099999999999994
P393,P358,2.700000000000001
P393,P433,2.3000000000000007
P393,P203,2.400000000000001
P393,P75,7.899999999999988
P393,P121,1.7000000000000004
P393,P80,1.7000000000000004
P393,P280,1.9000000000000006
P393,P282,4.6
P393,P112,2.1000000000000005
P393,P269,6.199999999999994
P393,P475,7.19999999999999
P393,P257,6.099999999999994
P393,P115,7.19999999999999
P393,P248,1.9000000000000006
P393,P201,7.099999999999991
P393,P374,2.800000000000001
P393,P415,49.40000000000043
P393,P470,3.900000000000002
P393,P324,5.999999999999995
P393,P354,7.599999999999989
P393,P58,5.1999999999999975
P393,P359,3.600000000000002
P393,P296,2.400000000000001
P393,P305,6.099999999999994
P393,P47,3.1000000000000014
P393,P402,2.600000000000001
P393,P277,1.5000000000000002
P393,P353,2.3000000000000007
P393,P43,3.4000000000000017
P393,P434,6.199999999999994
P393,P160,3.0000000000000013
P393,P418,3.3000000000000016
P393,P164,4.4
P393,P70,9.89999999999998
P393,P396,2.0000000000000004
P393,P409,4.999999999999998
P393,P218,4.899999999999999
P393,P496,2.800000000000001
P393,P68,6.199999999999994
P393,P8,6.699999999999992
P393,P86,3.1000000000000014
P393,P278,5.699999999999996
P393,P309,5.699999999999996
P393,P158,2.800000000000001
P393,P439,5.899999999999995
P393,P258,6.199999999999994
P393,P49,5.799999999999995
P393,P458,2.3000000000000007
P393,P194,2.3000000000000007
P393,P63,2.600000000000001
P393,P335,8.099999999999987
P393,P344,8.099999999999987
P393,P62,2.0000000000000004
P393,P300,2.600000000000001
P393,P132,3.3000000000000016
P393,P81,2.500000000000001
P393,P317,2.600000000000001
P393,P195,2.1000000000000005
P393,P204,2.0000000000000004
P393,P116,6.799999999999992
P393,P337,1.9000000000000006
P393,P342,2.500000000000001
P393,P228,8.199999999999987
P393,P83,2.800000000000001
P393,P170,6.799999999999992
P393,P199,6.799999999999992
P393,P403,4.799999999999999
P393,P479,6.699999999999992
P393,P12,2.0000000000000004
P393,P279,2.2000000000000006
P394,P224,2.3000000000000007
P394,P359,3.0000000000000013
P394,P395,7.099999999999991
P394,P149,3.1000000000000014
P394,P118,3.900000000000002
P394,P97,4.4
P394,P96,2.500000000000001
P394,P375,3.0000000000000013
P394,P344,2.400000000000001
P394,P156,2.0000000000000004
P394,P79,3.0000000000000013
P394,P485,2.2000000000000006
P394,P44,4.100000000000001
P394,P300,2.500000000000001
P394,P111,2.3000000000000007
P394,P213,2.2000000000000006
P394,P417,1.8000000000000005
P394,P204,3.2000000000000015
P394,P314,2.9000000000000012
P394,P23,6.799999999999992
P394,P163,2.400000000000001
P394,P278,6.699999999999992
P394,P267,4.899999999999999
P394,P27,3.0000000000000013
P394,P164,2.800000000000001
P394,P381,2.700000000000001
P394,P403,2.3000000000000007
P394,P507,2.600000000000001
P394,P158,5.899999999999995
P394,P342,6.499999999999993
P394,P337,5.399999999999997
P394,P281,2.1000000000000005
P394,P335,5.699999999999996
P394,P258,1.8000000000000005
P394,P298,2.1000000000000005
P394,P439,6.5999999999999925
P394,P193,4.699999999999999
P394,P309,2.9000000000000012
P394,P147,3.3000000000000016
P394,P179,2.1000000000000005
P394,P452,2.2000000000000006
P394,P181,2.400000000000001
P394,P341,2.1000000000000005
P394,P386,2.0000000000000004
P394,P217,3.1000000000000014
P394,P194,2.700000000000001
P394,P481,2.500000000000001
P394,P327,2.600000000000001
P394,P155,7.19999999999999
P394,P212,2.700000000000001
P394,P102,3.2000000000000015
P394,P191,3.1000000000000014
P394,P305,13.899999999999967
P394,P349,2.3000000000000007
P394,P42,3.3000000000000016
P394,P70,9.399999999999983
P394,P189,2.800000000000001
P394,P92,2.1000000000000005
P394,P58,11.799999999999974
P394,P432,4.000000000000002
P394,P409,8.899999999999984
P394,P448,2.800000000000001
P394,P404,1.7000000000000004
P394,P53,1.3
P394,P114,2.3000000000000007
P394,P487,6.099999999999994
P394,P26,2.2000000000000006
P394,P73,2.500000000000001
P394,P347,2.9000000000000012
P394,P458,1.9000000000000006
P394,P324,15.59999999999996
P394,P277,4.200000000000001
P394,P7,2.3000000000000007
P394,P354,10.399999999999979
P394,P293,2.700000000000001
P394,P154,2.2000000000000006
P394,P427,6.099999999999994
P394,P115,12.299999999999972
P394,P13,4.100000000000001
P394,P257,11.699999999999974
P394,P473,2.1000000000000005
P394,P269,16.599999999999966
P394,P390,3.2000000000000015
P394,P75,17.099999999999973
P394,P328,14.999999999999963
P394,P369,2.0000000000000004
P394,P263,5.699999999999996
P394,P140,6.099999999999994
P394,P236,401.9000000000229
P394,P475,10.29999999999998
P394,P498,5.399999999999997
P394,P489,2.9000000000000012
P394,P201,5.599999999999996
P394,P47,5.799999999999995
P394,P86,4.000000000000002
P394,P17,2.3000000000000007
P394,P184,4.899999999999999
P394,P469,4.799999999999999
P394,P63,4.4
P394,P105,2.700000000000001
P394,P62,2.3000000000000007
P394,P508,2.0000000000000004
P394,P130,2.3000000000000007
P394,P81,3.0000000000000013
P394,P317,3.4000000000000017
P394,P195,2.2000000000000006
P394,P330,3.0000000000000013
P394,P161,2.0000000000000004
P394,P83,2.600000000000001
P394,P434,7.699999999999989
P394,P82,3.800000000000002
P394,P205,7.799999999999988
P394,P68,6.5999999999999925
P394,P8,8.399999999999986
P395,P141,14.199999999999966
P395,P430,2.1000000000000005
P395,P98,3.900000000000002
P395,P58,3.800000000000002
P395,P235,3.600000000000002
P395,P109,2.9000000000000012
P395,P134,2.3000000000000007
P395,P40,1.7000000000000004
P395,P65,2.700000000000001
P395,P491,3.4000000000000017
P395,P131,5.1999999999999975
P395,P25,8.299999999999986
P395,P6,5.899999999999995
P395,P126,6.8999999999999915
P395,P75,5.699999999999996
P395,P55,6.399999999999993
P395,P359,8.199999999999987
P395,P435,8.499999999999986
P395,P394,7.099999999999991
P395,P149,6.399999999999993
P395,P199,8.399999999999986
P395,P118,9.299999999999983
P395,P133,6.8999999999999915
P395,P97,7.799999999999988
P395,P419,7.099999999999991
P395,P201,7.099999999999991
P395,P431,6.5999999999999925
P395,P96,5.099999999999998
P395,P344,14.199999999999966
P395,P375,8.399999999999986
P395,P240,4.899999999999999
P395,P106,6.199999999999994
P395,P156,4.200000000000001
P395,P68,7.799999999999988
P395,P116,5.599999999999996
P395,P358,6.799999999999992
P395,P297,5.999999999999995
P395,P80,9.99999999999998
P395,P284,5.999999999999995
P395,P434,7.19999999999999
P395,P280,7.499999999999989
P395,P451,5.4999999999999964
P395,P79,10.399999999999979
P395,P44,5.599999999999996
P395,P112,8.099999999999987
P395,P479,8.899999999999984
P395,P300,16.19999999999996
P395,P485,7.999999999999988
P395,P111,7.699999999999989
P395,P89,6.5999999999999925
P395,P459,5.699999999999996
P395,P417,7.799999999999988
P395,P248,7.19999999999999
P395,P204,13.09999999999997
P395,P374,7.099999999999991
P395,P163,7.29999999999999
P395,P272,7.799999999999988
P395,P267,8.699999999999985
P395,P296,7.099999999999991
P395,P403,4.999999999999998
P395,P381,6.399999999999993
P395,P402,9.599999999999982
P395,P507,8.899999999999984
P395,P353,6.5999999999999925
P395,P43,6.999999999999991
P395,P342,18.699999999999996
P395,P249,7.799999999999988
P395,P337,13.699999999999967
P395,P287,7.099999999999991
P395,P418,6.8999999999999915
P395,P281,7.499999999999989
P395,P160,4.5
P395,P298,4.999999999999998
P395,P193,6.399999999999993
P395,P228,7.39999999999999
P395,P181,6.199999999999994
P395,P179,6.499999999999993
P395,P452,4.799999999999999
P395,P386,5.799999999999995
P395,P481,8.999999999999984
P395,P509,4.799999999999999
P395,P349,6.799999999999992
P395,P42,6.399999999999993
P395,P189,16.29999999999996
P395,P53,5.299999999999997
P395,P404,6.5999999999999925
P395,P86,7.29999999999999
P395,P432,6.5999999999999925
P395,P114,4.999999999999998
P395,P73,13.09999999999997
P395,P383,7.899999999999988
P395,P347,6.699999999999992
P395,P380,7.29999999999999
P395,P7,9.099999999999984
P395,P27,14.699999999999964
P395,P444,8.699999999999985
P395,P261,7.39999999999999
P395,P63,5.799999999999995
P395,P241,5.699999999999996
P395,P154,5.099999999999998
P395,P427,14.699999999999964
P395,P132,6.099999999999994
P395,P488,7.099999999999991
P395,P317,8.999999999999984
P395,P473,7.29999999999999
P395,P440,10.29999999999998
P395,P371,5.4999999999999964
P395,P83,5.699999999999996
P395,P232,5.699999999999996
P395,P169,9.399999999999983
P395,P82,6.8999999999999915
P395,P136,7.799999999999988
P395,P415,15.69999999999996
P395,P155,4.899999999999999
P395,P253,6.5999999999999925
P395,P173,7.19999999999999
P395,P477,6.499999999999993
P395,P74,10.699999999999978
P395,P478,6.999999999999991
P395,P490,5.899999999999995
P395,P484,6.499999999999993
P395,P423,4.899999999999999
P395,P457,6.499999999999993
P396,P444,2.700000000000001
P396,P88,2.700000000000001
P396,P58,12.199999999999973
P396,P246,5.999999999999995
P396,P15,13.599999999999968
P396,P212,2.500000000000001
P396,P278,7.19999999999999
P396,P309,7.19999999999999
P396,P440,2.1000000000000005
P396,P371,2.3000000000000007
P396,P8,8.999999999999984
P396,P232,1.7000000000000004
P396,P68,10.09999999999998
P396,P270,2.800000000000001
P396,P136,3.5000000000000018
P396,P409,7.499999999999989
P396,P265,2.400000000000001
P396,P393,2.0000000000000004
P396,P415,3.5000000000000018
P396,P70,5.899999999999995
P396,P234,2.400000000000001
P396,P128,2.2000000000000006
P396,P434,7.099999999999991
P396,P454,4.899999999999999
P396,P200,1.9000000000000006
P396,P141,2.400000000000001
P396,P305,5.799999999999995
P396,P441,2.9000000000000012
P396,P36,3.2000000000000015
P396,P74,4.000000000000002
P396,P354,8.199999999999987
P396,P430,1.9000000000000006
P396,P324,10.19999999999998
P396,P457,4.6
P396,P397,2.0000000000000004
P396,P465,2.3000000000000007
P396,P334,2.400000000000001
P396,P47,5.799999999999995
P396,P176,3.2000000000000015
P396,P201,6.5999999999999925
P396,P264,1.5000000000000002
P396,P115,7.29999999999999
P396,P326,4.799999999999999
P396,P257,6.299999999999994
P396,P480,3.3000000000000016
P396,P466,2.9000000000000012
P396,P475,5.4999999999999964
P396,P140,5.899999999999995
P396,P491,0.9999999999999999
P396,P469,4.6
P396,P269,7.899999999999988
P396,P9,2.400000000000001
P396,P498,2.700000000000001
P396,P75,4.899999999999999
P396,P77,5.999999999999995
P396,P164,5.999999999999995
P396,P236,2.400000000000001
P396,P250,8.199999999999987
P396,P30,8.099999999999987
P396,P4,3.900000000000002
P396,P333,6.299999999999994
P396,P456,4.799999999999999
P396,P65,8.599999999999985
P396,P272,5.1999999999999975
P396,P24,6.999999999999991
P396,P329,6.999999999999991
P396,P121,2.0000000000000004
P396,P76,2.700000000000001
P396,P3,2.400000000000001
P397,P214,2.600000000000001
P397,P14,2.700000000000001
P397,P301,15.99999999999996
P397,P219,13.299999999999969
P397,P138,2.0000000000000004
P397,P426,7.899999999999988
P397,P505,3.1000000000000014
P397,P373,6.399999999999993
P397,P282,2.1000000000000005
P397,P248,2.2000000000000006
P397,P470,3.700000000000002
P397,P311,7.29999999999999
P397,P418,1.6000000000000003
P397,P115,5.699999999999996
P397,P201,6.499999999999993
P397,P164,2.700000000000001
P397,P47,7.599999999999989
P397,P396,2.0000000000000004
P397,P324,5.1999999999999975
P397,P354,12.69999999999997
P397,P86,2.800000000000001
P397,P58,5.1999999999999975
P397,P158,2.600000000000001
P397,P305,6.199999999999994
P397,P194,2.3000000000000007
P397,P184,2.2000000000000006
P397,P63,3.5000000000000018
P397,P434,7.999999999999988
P397,P105,2.500000000000001
P397,P62,3.700000000000002
P397,P265,2.3000000000000007
P397,P508,2.0000000000000004
P397,P130,3.0000000000000013
P397,P70,8.199999999999987
P397,P300,3.0000000000000013
P397,P81,2.3000000000000007
P397,P317,2.400000000000001
P397,P195,3.3000000000000016
P397,P205,6.699999999999992
P397,P267,2.500000000000001
P397,P409,6.8999999999999915
P397,P337,2.800000000000001
P397,P342,3.2000000000000015
P397,P68,6.399999999999993
P397,P161,2.400000000000001
P397,P83,2.500000000000001
P397,P8,8.899999999999984
P397,P169,1.9000000000000006
P397,P427,2.500000000000001
P397,P82,1.9000000000000006
P397,P278,4.999999999999998
P397,P309,4.999999999999998
P397,P439,8.899999999999984
P397,P155,3.3000000000000016
P397,P258,5.1999999999999975
P397,P49,7.599999999999989
P397,P132,7.599999999999989
P397,P23,7.19999999999999
P397,P335,5.1999999999999975
P397,P344,5.1999999999999975
P397,P116,6.999999999999991
P397,P478,2.3000000000000007
P397,P228,4.999999999999998
P397,P246,4.999999999999998
P397,P27,1.3
P397,P189,2.400000000000001
P397,P415,2.800000000000001
P397,P170,7.19999999999999
P397,P199,7.19999999999999
P398,P489,2.700000000000001
P398,P8,4.699999999999999
P398,P416,2.500000000000001
P398,P349,0.9999999999999999
P398,P146,2.0000000000000004
P398,P189,3.800000000000002
P398,P92,3.1000000000000014
P398,P432,2.0000000000000004
P398,P53,2.600000000000001
P398,P404,5.799999999999995
P398,P487,2.1000000000000005
P398,P26,4.799999999999999
P398,P347,2.1000000000000005
P398,P499,3.1000000000000014
P398,P9,3.5000000000000018
P398,P7,2.600000000000001
P398,P354,2.600000000000001
P398,P250,5.699999999999996
P398,P233,17.49999999999998
P398,P427,1.8000000000000005
P398,P330,2.700000000000001
P398,P38,11.799999999999974
P398,P128,1.9000000000000006
P398,P449,1.4000000000000001
P398,P200,2.9000000000000012
P398,P36,4.799999999999999
P398,P378,8.199999999999987
P398,P348,2.600000000000001
P398,P413,5.899999999999995
P398,P40,4.100000000000001
P398,P468,1.5000000000000002
P398,P104,3.4000000000000017
P398,P370,4.000000000000002
P398,P6,3.0000000000000013
P398,P242,5.899999999999995
P398,P419,2.700000000000001
P398,P358,1.8000000000000005
P398,P203,3.1000000000000014
P398,P80,2.400000000000001
P398,P24,12.299999999999972
P398,P65,10.599999999999978
P398,P333,13.799999999999967
P398,P30,11.599999999999975
P398,P430,4.5
P398,P322,1.9000000000000006
P398,P134,3.800000000000002
P398,P480,5.1999999999999975
P398,P466,3.4000000000000017
P398,P491,4.300000000000001
P398,P236,2.600000000000001
P398,P119,2.800000000000001
P398,P272,2.3000000000000007
P398,P14,2.3000000000000007
P398,P290,2.3000000000000007
P398,P482,3.600000000000002
P399,P464,1.5000000000000002
P399,P440,6.5999999999999925
P399,P152,5.999999999999995
P399,P190,6.399999999999993
P399,P416,7.29999999999999
P399,P345,5.1999999999999975
P399,P390,5.999999999999995
P399,P283,9.099999999999984
P399,P264,7.599999999999989
P400,P448,5.899999999999995
P400,P22,5.1999999999999975
P400,P290,7.599999999999989
P400,P350,12.79999999999997
P400,P379,7.899999999999988
P401,P43,4.5
P401,P343,3.2000000000000015
P401,P482,3.0000000000000013
P401,P326,2.1000000000000005
P401,P170,3.2000000000000015
P401,P422,2.800000000000001
P402,P11,6.199999999999994
P402,P466,4.200000000000001
P402,P447,175.19999999999433
P402,P176,2.800000000000001
P402,P477,3.5000000000000018
P402,P175,4.000000000000002
P402,P167,13.09999999999997
P402,P125,1.5000000000000002
P402,P375,3.3000000000000016
P402,P485,4.000000000000002
P402,P163,2.1000000000000005
P402,P273,2.400000000000001
P402,P267,2.3000000000000007
P402,P93,6.699999999999992
P402,P381,3.1000000000000014
P402,P395,9.599999999999982
P402,P507,3.3000000000000016
P402,P314,8.399999999999986
P402,P249,4.6
P402,P342,2.600000000000001
P402,P337,2.700000000000001
P402,P199,7.29999999999999
P402,P281,4.200000000000001
P402,P298,3.3000000000000016
P402,P193,2.3000000000000007
P402,P116,9.099999999999984
P402,P179,2.0000000000000004
P402,P181,3.2000000000000015
P402,P452,4.100000000000001
P402,P386,1.6000000000000003
P402,P194,3.800000000000002
P402,P481,2.9000000000000012
P402,P1,3.2000000000000015
P402,P12,2.500000000000001
P402,P335,7.499999999999989
P402,P349,3.1000000000000014
P402,P42,1.9000000000000006
P402,P189,2.3000000000000007
P402,P92,2.400000000000001
P402,P404,1.7000000000000004
P402,P432,2.2000000000000006
P402,P53,2.2000000000000006
P402,P23,6.999999999999991
P402,P114,3.1000000000000014
P402,P73,2.400000000000001
P402,P383,2.1000000000000005
P402,P487,2.9000000000000012
P402,P347,2.1000000000000005
P402,P458,3.4000000000000017
P402,P380,3.5000000000000018
P402,P446,3.5000000000000018
P402,P7,5.699999999999996
P402,P62,4.899999999999999
P402,P439,7.999999999999988
P402,P278,7.599999999999989
P402,P309,7.599999999999989
P402,P49,2.600000000000001
P402,P139,4.5
P402,P444,6.699999999999992
P402,P261,2.9000000000000012
P402,P8,6.199999999999994
P402,P241,2.3000000000000007
P402,P479,2.3000000000000007
P402,P277,59.60000000000058
P402,P174,4.100000000000001
P402,P68,7.39999999999999
P402,P154,2.1000000000000005
P402,P427,1.7000000000000004
P402,P13,2.800000000000001
P402,P409,5.799999999999995
P402,P473,3.0000000000000013
P402,P440,2.500000000000001
P402,P371,2.3000000000000007
P402,P70,5.699999999999996
P402,P232,2.2000000000000006
P402,P434,7.499999999999989
P402,P330,2.500000000000001
P402,P270,3.0000000000000013
P402,P136,2.2000000000000006
P402,P265,4.000000000000002
P402,P393,2.600000000000001
P402,P415,1.5000000000000002
P402,P234,3.800000000000002
P402,P461,6.199999999999994
P402,P36,3.2000000000000015
P402,P74,2.400000000000001
P402,P47,7.29999999999999
P402,P201,6.099999999999994
P402,P115,5.099999999999998
P402,P484,2.1000000000000005
P402,P257,8.199999999999987
P402,P475,7.19999999999999
P402,P140,5.399999999999997
P402,P269,6.699999999999992
P402,P75,6.799999999999992
P402,P77,6.099999999999994
P402,P250,9.199999999999983
P402,P264,2.400000000000001
P402,P134,2.1000000000000005
P402,P30,5.899999999999995
P402,P480,3.1000000000000014
P402,P491,1.7000000000000004
P402,P236,2.600000000000001
P402,P333,5.999999999999995
P402,P65,5.899999999999995
P402,P24,4.799999999999999
P402,P4,2.700000000000001
P402,P119,2.800000000000001
P402,P272,4.000000000000002
P402,P14,2.500000000000001
P402,P378,4.799999999999999
P402,P290,2.600000000000001
P402,P233,6.8999999999999915
P402,P150,3.600000000000002
P402,P40,2.800000000000001
P402,P413,2.600000000000001
P402,P6,3.3000000000000016
P402,P332,2.800000000000001
P402,P38,7.19999999999999
P402,P358,2.500000000000001
P402,P151,4.300000000000001
P402,P433,2.500000000000001
P403,P369,1.9000000000000006
P403,P330,5.599999999999996
P403,P24,3.0000000000000013
P403,P387,2.400000000000001
P403,P138,2.500000000000001
P403,P257,5.1999999999999975
P403,P293,1.8000000000000005
P403,P277,2.600000000000001
P403,P232,5.099999999999998
P403,P141,2.500000000000001
P403,P378,2.3000000000000007
P403,P110,3.800000000000002
P403,P58,6.499999999999993
P403,P51,1.5000000000000002
P403,P305,7.699999999999989
P403,P134,3.2000000000000015
P403,P456,1.9000000000000006
P403,P137,2.700000000000001
P403,P103,2.700000000000001
P403,P40,3.1000000000000014
P403,P468,2.1000000000000005
P403,P324,3.1000000000000014
P403,P318,4.899999999999999
P403,P65,5.099999999999998
P403,P2,1.6000000000000003
P403,P127,3.600000000000002
P403,P491,2.500000000000001
P403,P171,1.7000000000000004
P403,P465,2.500000000000001
P403,P246,3.0000000000000013
P403,P343,3.1000000000000014
P403,P6,4.4
P403,P25,4.699999999999999
P403,P75,3.0000000000000013
P403,P55,3.1000000000000014
P403,P245,2.3000000000000007
P403,P329,2.3000000000000007
P403,P394,2.3000000000000007
P403,P62,2.0000000000000004
P403,P242,2.0000000000000004
P403,P133,1.8000000000000005
P403,P419,2.0000000000000004
P403,P201,2.700000000000001
P403,P278,6.5999999999999925
P403,P431,2.0000000000000004
P403,P240,2.400000000000001
P403,P106,1.8000000000000005
P403,P68,1.7000000000000004
P403,P358,2.800000000000001
P403,P80,2.400000000000001
P403,P23,4.899999999999999
P403,P434,3.1000000000000014
P403,P451,2.400000000000001
P403,P284,2.2000000000000006
P403,P280,2.1000000000000005
P403,P112,1.9000000000000006
P403,P479,2.600000000000001
P403,P89,2.600000000000001
P403,P248,2.400000000000001
P403,P374,2.3000000000000007
P403,P116,5.4999999999999964
P403,P381,152.59999999999562
P403,P272,2.2000000000000006
P403,P199,7.999999999999988
P403,P314,7.19999999999999
P403,P296,4.100000000000001
P403,P395,4.999999999999998
P403,P73,1.5000000000000002
P403,P7,3.700000000000002
P403,P393,4.799999999999999
P403,P447,5.399999999999997
P403,P21,11.199999999999976
P403,P11,5.799999999999995
P403,P264,5.1999999999999975
P403,P430,0.8999999999999999
P404,P45,4.799999999999999
P404,P371,2.500000000000001
P404,P53,217.49999999999193
P404,P398,5.799999999999995
P404,P140,3.2000000000000015
P404,P32,4.5
P404,P486,3.0000000000000013
P404,P24,5.299999999999997
P404,P333,5.1999999999999975
P404,P18,3.700000000000002
P404,P135,3.1000000000000014
P404,P464,2.0000000000000004
P404,P141,4.6
P404,P440,2.1000000000000005
P404,P378,2.1000000000000005
P404,P30,7.899999999999988
P404,P51,1.7000000000000004
P404,P448,33.400000000000205
P404,P269,6.199999999999994
P404,P134,3.0000000000000013
P404,P456,2.0000000000000004
P404,P40,2.3000000000000007
P404,P468,3.1000000000000014
P404,P257,7.899999999999988
P404,P3,2.2000000000000006
P404,P115,8.799999999999985
P404,P65,1.9000000000000006
P404,P127,2.2000000000000006
P404,P491,2.600000000000001
P404,P171,3.4000000000000017
P404,P370,3.1000000000000014
P404,P465,3.2000000000000015
P404,P246,2.0000000000000004
P404,P25,3.2000000000000015
P404,P343,3.700000000000002
P404,P6,4.100000000000001
P404,P324,6.8999999999999915
P404,P75,3.800000000000002
P404,P329,1.5000000000000002
P404,P245,2.1000000000000005
P404,P394,1.7000000000000004
P404,P242,1.7000000000000004
P404,P58,4.899999999999999
P404,P133,2.600000000000001
P404,P201,3.2000000000000015
P404,P419,2.0000000000000004
P404,P505,2.1000000000000005
P404,P305,8.499999999999986
P404,P431,2.800000000000001
P404,P240,2.800000000000001
P404,P358,2.800000000000001
P404,P80,1.9000000000000006
P404,P121,2.800000000000001
P404,P280,2.800000000000001
P404,P112,1.4000000000000001
P404,P282,3.0000000000000013
P404,P434,7.39999999999999
P404,P248,1.9000000000000006
P404,P70,6.499999999999993
P404,P374,2.0000000000000004
P404,P430,4.899999999999999
P404,P409,7.799999999999988
P404,P68,5.1999999999999975
P404,P8,5.799999999999995
P404,P272,5.599999999999996
P404,P278,6.499999999999993
P404,P309,6.499999999999993
P404,P439,9.599999999999982
P404,P359,2.600000000000001
P404,P296,2.1000000000000005
P404,P47,2.700000000000001
P404,P23,7.499999999999989
P404,P402,1.7000000000000004
P404,P353,2.3000000000000007
P404,P335,6.999999999999991
P404,P43,2.9000000000000012
P404,P432,270.0999999999929
P404,P287,2.400000000000001
P404,P418,1.6000000000000003
P404,P160,3.900000000000002
P404,P116,4.699999999999999
P404,P228,6.699999999999992
P404,P509,2.0000000000000004
P404,P199,4.999999999999998
P404,P314,5.899999999999995
P404,P395,6.5999999999999925
P404,P86,2.9000000000000012
P404,P344,2.800000000000001
P404,P93,15.99999999999996
P404,P117,15.099999999999962
P404,P60,3.3000000000000016
P404,P495,15.59999999999996
P404,P300,1.9000000000000006
P404,P34,17.299999999999976
P404,P317,2.9000000000000012
P404,P204,3.4000000000000017
P404,P342,5.999999999999995
P404,P337,3.1000000000000014
P404,P83,1.8000000000000005
P404,P163,14.199999999999966
P404,P500,14.299999999999965
P404,P118,15.79999999999996
P404,P452,13.799999999999967
P404,P281,2.2000000000000006
P404,P149,9.89999999999998
P404,P391,14.999999999999963
P404,P181,11.099999999999977
P404,P507,6.999999999999991
P404,P347,3.700000000000002
P404,P136,5.699999999999996
P404,P114,7.099999999999991
P404,P173,2.400000000000001
P404,P477,2.400000000000001
P404,P74,3.1000000000000014
P404,P490,2.0000000000000004
P404,P473,8.999999999999984
P404,P484,1.9000000000000006
P404,P423,4.4
P405,P476,7.599999999999989
P405,P249,2.2000000000000006
P405,P253,2.400000000000001
P405,P288,2.9000000000000012
P405,P411,5.699999999999996
P405,P139,5.599999999999996
P405,P57,7.599999999999989
P405,P270,5.399999999999997
P405,P292,2.0000000000000004
P406,P112,4.699999999999999
P406,P374,8.599999999999985
P407,P439,8.999999999999984
P407,P12,3.3000000000000016
P407,P504,6.199999999999994
P407,P227,8.799999999999985
P407,P229,4.799999999999999
P407,P28,7.39999999999999
P407,P450,6.299999999999994
P407,P340,2.700000000000001
P407,P294,5.099999999999998
P407,P331,2.700000000000001
P407,P496,2.700000000000001
P407,P461,6.099999999999994
P407,P194,6.199999999999994
P407,P184,2.500000000000001
P407,P434,4.6
P407,P63,2.3000000000000007
P407,P105,1.9000000000000006
P407,P62,2.1000000000000005
P407,P265,3.3000000000000016
P407,P508,4.200000000000001
P407,P70,7.19999999999999
P407,P130,1.0999999999999999
P407,P300,2.700000000000001
P407,P81,4.200000000000001
P407,P205,5.299999999999997
P407,P317,1.6000000000000003
P407,P195,2.400000000000001
P407,P267,2.400000000000001
P407,P409,7.699999999999989
P407,P68,6.099999999999994
P407,P337,3.4000000000000017
P407,P342,2.400000000000001
P407,P83,2.3000000000000007
P407,P161,3.600000000000002
P407,P8,5.099999999999998
P407,P169,3.3000000000000016
P407,P427,2.400000000000001
P407,P82,1.8000000000000005
P407,P278,7.39999999999999
P407,P309,7.39999999999999
P407,P258,7.19999999999999
P407,P155,1.8000000000000005
P407,P49,6.699999999999992
P407,P132,6.699999999999992
P407,P23,4.699999999999999
P407,P335,6.499999999999993
P407,P344,6.499999999999993
P407,P116,5.999999999999995
P407,P228,6.299999999999994
P407,P246,6.299999999999994
P407,P478,3.5000000000000018
P407,P27,3.700000000000002
P407,P170,4.899999999999999
P407,P199,4.899999999999999
P407,P189,2.700000000000001
P407,P415,2.600000000000001
P408,P434,10.399999999999979
P408,P280,6.399999999999993
P408,P149,10.999999999999977
P409,P192,2.500000000000001
P409,P105,37.90000000000027
P409,P90,4.999999999999998
P409,P415,7.499999999999989
P409,P120,6.499999999999993
P409,P230,3.5000000000000018
P409,P432,119.79999999999747
P409,P115,7.099999999999991
P409,P3,2.600000000000001
P409,P65,2.800000000000001
P409,P127,3.700000000000002
P409,P491,4.100000000000001
P409,P171,3.3000000000000016
P409,P370,2.3000000000000007
P409,P465,11.399999999999975
P409,P324,10.799999999999978
P409,P246,7.999999999999988
P409,P25,2.2000000000000006
P409,P343,1.8000000000000005
P409,P6,4.999999999999998
P409,P75,3.700000000000002
P409,P245,3.3000000000000016
P409,P329,3.900000000000002
P409,P394,8.899999999999984
P409,P58,8.499999999999986
P409,P242,2.1000000000000005
P409,P133,3.4000000000000017
P409,P201,2.700000000000001
P409,P419,2.3000000000000007
P409,P305,7.29999999999999
P409,P505,3.0000000000000013
P409,P431,3.4000000000000017
P409,P240,2.2000000000000006
P409,P358,2.700000000000001
P409,P80,3.2000000000000015
P409,P121,1.8000000000000005
P409,P280,2.3000000000000007
P409,P112,4.4
P409,P282,1.9000000000000006
P409,P434,6.499999999999993
P409,P89,2.600000000000001
P409,P70,8.799999999999985
P409,P248,2.700000000000001
P409,P374,2.800000000000001
P409,P404,7.799999999999988
P409,P430,6.199999999999994
P409,P53,6.799999999999992
P409,P114,7.29999999999999
P409,P197,6.399999999999993
P409,P73,7.499999999999989
P409,P487,5.299999999999997
P409,P383,8.099999999999987
P409,P458,6.299999999999994
P409,P347,12.599999999999971
P409,P380,6.5999999999999925
P409,P446,6.399999999999993
P409,P62,13.899999999999967
P409,P7,7.39999999999999
P409,P277,17.299999999999976
P409,P272,9.599999999999982
P409,P49,8.099999999999987
P409,P139,5.299999999999997
P409,P261,4.899999999999999
P409,P241,5.1999999999999975
P409,P359,6.199999999999994
P409,P296,5.599999999999996
P409,P174,5.399999999999997
P409,P154,4.999999999999998
P409,P47,7.699999999999989
P409,P427,13.199999999999969
P409,P13,7.29999999999999
P409,P402,5.799999999999995
P409,P473,6.8999999999999915
P409,P353,5.699999999999996
P409,P43,7.099999999999991
P409,P371,5.4999999999999964
P409,P440,8.699999999999985
P409,P418,13.09999999999997
P409,P160,7.999999999999988
P409,P232,8.099999999999987
P409,P164,5.099999999999998
P409,P270,5.999999999999995
P409,P396,7.499999999999989
P409,P136,5.599999999999996
P409,P265,11.799999999999974
P409,P393,4.999999999999998
P409,P218,11.999999999999973
P409,P496,7.999999999999988
P409,P234,7.799999999999988
P409,P128,8.899999999999984
P409,P345,8.199999999999987
P409,P86,5.699999999999996
P409,P158,5.599999999999996
P409,P194,6.699999999999992
P409,P141,7.799999999999988
P409,P74,6.199999999999994
P409,P63,8.399999999999986
P409,P490,8.699999999999985
P409,P423,8.499999999999986
P409,P508,7.29999999999999
P409,P300,5.1999999999999975
P409,P81,7.499999999999989
P409,P457,7.499999999999989
P409,P317,7.39999999999999
P409,P195,8.599999999999985
P409,P407,7.699999999999989
P409,P267,7.39999999999999
P409,P397,6.8999999999999915
P409,P337,4.6
P409,P342,6.499999999999993
P409,P161,6.8999999999999915
P409,P334,9.799999999999981
P409,P83,8.399999999999986
P409,P176,9.199999999999983
P409,P326,5.799999999999995
P409,P480,6.799999999999992
P409,P82,5.299999999999997
P409,P385,6.699999999999992
P409,P41,7.599999999999989
P409,P9,6.499999999999993
P409,P155,7.799999999999988
P409,P109,7.799999999999988
P409,P424,8.399999999999986
P409,P499,4.999999999999998
P409,P236,6.699999999999992
P409,P51,5.699999999999996
P410,P285,5.599999999999996
P410,P107,4.799999999999999
P410,P306,8.499999999999986
P410,P243,14.199999999999966
P410,P156,7.999999999999988
P410,P287,6.299999999999994
P411,P89,0.7999999999999999
P411,P359,3.800000000000002
P411,P79,2.2000000000000006
P411,P196,3.4000000000000017
P411,P476,6.999999999999991
P411,P275,8.399999999999986
P411,P104,7.999999999999988
P411,P253,8.299999999999986
P411,P405,5.699999999999996
P411,P350,5.999999999999995
P411,P339,8.299999999999986
P411,P111,5.299999999999997
P411,P119,5.699999999999996
P412,P476,3.700000000000002
P412,P384,3.5000000000000018
P412,P315,9.499999999999982
P412,P35,2.500000000000001
P412,P161,1.8000000000000005
P412,P426,3.600000000000002
P412,P460,7.499999999999989
P412,P105,1.7000000000000004
P412,P334,2.3000000000000007
P412,P304,5.899999999999995
P412,P379,2.3000000000000007
P412,P119,1.8000000000000005
P412,P76,2.3000000000000007
P412,P445,7.599999999999989
P412,P274,3.600000000000002
P412,P443,4.899999999999999
P412,P66,2.500000000000001
P412,P364,5.699999999999996
P412,P321,4.6
P413,P316,3.700000000000002
P413,P279,4.200000000000001
P413,P345,4.999999999999998
P413,P159,3.700000000000002
P413,P361,2.700000000000001
P413,P333,6.999999999999991
P413,P390,3.2000000000000015
P413,P440,2.700000000000001
P413,P24,12.89999999999997
P413,P330,2.600000000000001
P413,P40,90.09999999999916
P413,P475,3.5000000000000018
P413,P128,3.1000000000000014
P413,P233,12.099999999999973
P413,P454,2.2000000000000006
P413,P200,4.000000000000002
P413,P141,3.3000000000000016
P413,P140,3.4000000000000017
P413,P36,3.5000000000000018
P413,P398,5.899999999999995
P413,P18,2.800000000000001
P413,P186,2.3000000000000007
P413,P402,2.600000000000001
P413,P353,2.2000000000000006
P413,P43,3.1000000000000014
P413,P112,107.69999999999816
P413,P65,6.399999999999993
P413,P282,5.299999999999997
P414,P43,3.600000000000002
P414,P222,4.899999999999999
P414,P211,1.7000000000000004
P414,P199,5.999999999999995
P414,P93,5.899999999999995
P414,P474,5.4999999999999964
P414,P57,7.699999999999989
P414,P60,2.2000000000000006
P414,P273,3.800000000000002
P414,P37,7.799999999999988
P414,P275,3.0000000000000013
P414,P34,3.5000000000000018
P414,P289,8.299999999999986
P414,P220,6.199999999999994
P414,P359,3.5000000000000018
P414,P388,6.399999999999993
P414,P511,6.199999999999994
P415,P4,2.3000000000000007
P415,P455,2.0000000000000004
P415,P107,1.4000000000000001
P415,P148,1.8000000000000005
P415,P178,2.600000000000001
P415,P409,7.499999999999989
P415,P192,2.9000000000000012
P415,P154,1.7000000000000004
P415,P165,2.600000000000001
P415,P460,8.399999999999986
P415,P143,8.799999999999985
P415,P133,4.799999999999999
P415,P240,1.5000000000000002
P415,P137,3.2000000000000015
P415,P311,0.2
P415,P393,49.40000000000043
P415,P470,3.800000000000002
P415,P324,7.29999999999999
P415,P448,2.9000000000000012
P415,P354,8.099999999999987
P415,P58,5.1999999999999975
P415,P359,2.800000000000001
P415,P296,3.5000000000000018
P415,P305,5.899999999999995
P415,P47,2.600000000000001
P415,P402,1.5000000000000002
P415,P277,2.2000000000000006
P415,P353,2.600000000000001
P415,P43,3.900000000000002
P415,P434,6.199999999999994
P415,P418,4.000000000000002
P415,P160,4.799999999999999
P415,P164,2.2000000000000006
P415,P70,6.199999999999994
P415,P396,3.5000000000000018
P415,P218,3.2000000000000015
P415,P496,3.3000000000000016
P415,P68,8.099999999999987
P415,P8,7.599999999999989
P415,P86,4.4
P415,P158,4.100000000000001
P415,P278,5.599999999999996
P415,P309,5.599999999999996
P415,P439,8.099999999999987
P415,P258,5.4999999999999964
P415,P49,6.8999999999999915
P415,P458,2.1000000000000005
P415,P194,1.9000000000000006
P415,P23,6.799999999999992
P415,P63,2.700000000000001
P415,P335,4.999999999999998
P415,P344,4.999999999999998
P415,P62,2.500000000000001
P415,P300,2.3000000000000007
P415,P132,2.700000000000001
P415,P81,2.2000000000000006
P415,P317,2.800000000000001
P415,P195,2.700000000000001
P415,P204,1.9000000000000006
P415,P116,6.799999999999992
P415,P337,3.700000000000002
P415,P342,3.0000000000000013
P415,P228,13.599999999999968
P415,P83,2.500000000000001
P415,P170,9.89999999999998
P415,P199,9.89999999999998
P415,P427,1.9000000000000006
P415,P169,4.5
P415,P82,4.300000000000001
P415,P314,11.299999999999976
P415,P395,15.69999999999996
P415,P155,2.600000000000001
P415,P93,14.699999999999964
P415,P432,3.5000000000000018
P415,P473,14.799999999999963
P415,P117,15.99999999999996
P415,P179,14.399999999999965
P415,P253,2.600000000000001
P415,P141,3.700000000000002
P415,P477,3.700000000000002
P415,P74,4.000000000000002
P415,P490,2.800000000000001
P415,P484,2.800000000000001
P415,P423,3.5000000000000018
P415,P189,19.0
P415,P457,2.500000000000001
P415,P407,2.600000000000001
P415,P397,2.800000000000001
P415,P246,6.499999999999993
P416,P452,5.4999999999999964
P416,P462,2.700000000000001
P416,P398,2.500000000000001
P416,P227,3.3000000000000016
P416,P489,3.3000000000000016
P416,P266,5.799999999999995
P416,P399,7.29999999999999
P416,P129,1.5000000000000002
P416,P483,5.299999999999997
P416,P268,6.8999999999999915
P416,P497,5.899999999999995
P416,P44,2.700000000000001
P416,P471,8.299999999999986
P416,P89,6.499999999999993
P417,P78,4.999999999999998
P417,P351,6.399999999999993
P417,P173,4.699999999999999
P417,P430,4.4
P417,P278,5.399999999999997
P417,P324,2.2000000000000006
P417,P65,2.0000000000000004
P417,P2,3.2000000000000015
P417,P491,2.400000000000001
P417,P41,3.800000000000002
P417,P131,11.499999999999975
P417,P171,2.9000000000000012
P417,P343,5.4999999999999964
P417,P25,2.2000000000000006
P417,P6,2.700000000000001
P417,P75,1.7000000000000004
P417,P435,2.700000000000001
P417,P55,3.800000000000002
P417,P329,2.9000000000000012
P417,P394,1.8000000000000005
P417,P242,2.3000000000000007
P417,P133,4.899999999999999
P417,P419,2.2000000000000006
P417,P201,3.1000000000000014
P417,P431,3.700000000000002
P417,P106,4.200000000000001
P417,P240,3.3000000000000016
P417,P68,2.0000000000000004
P417,P116,4.5
P417,P358,2.700000000000001
P417,P80,2.2000000000000006
P417,P199,6.999999999999991
P417,P297,6.499999999999993
P417,P434,2.400000000000001
P417,P284,2.800000000000001
P417,P280,3.1000000000000014
P417,P451,4.100000000000001
P417,P112,1.8000000000000005
P417,P479,2.9000000000000012
P417,P89,4.5
P417,P459,2.9000000000000012
P417,P395,7.799999999999988
P417,P248,2.0000000000000004
P417,P374,4.000000000000002
P417,P93,4.200000000000001
P417,P272,3.700000000000002
P417,P495,4.799999999999999
P417,P296,1.9000000000000006
P417,P353,2.2000000000000006
P417,P500,8.399999999999986
P417,P418,3.4000000000000017
P417,P79,2.2000000000000006
P417,P118,6.699999999999992
P417,P156,4.699999999999999
P417,P391,9.299999999999983
P417,P117,3.800000000000002
P417,P83,2.400000000000001
P417,P317,2.800000000000001
P417,P167,6.8999999999999915
P417,P306,3.2000000000000015
P417,P169,3.1000000000000014
P417,P447,8.499999999999986
P417,P21,7.19999999999999
P417,P175,1.8000000000000005
P417,P11,5.999999999999995
P417,P101,6.5999999999999925
P417,P212,6.999999999999991
P417,P293,6.399999999999993
P418,P47,12.499999999999972
P418,P491,2.0000000000000004
P418,P131,3.0000000000000013
P418,P93,10.799999999999978
P418,P208,3.2000000000000015
P418,P75,2.600000000000001
P418,P435,2.9000000000000012
P418,P419,2.800000000000001
P418,P106,2.3000000000000007
P418,P240,2.9000000000000012
P418,P117,5.299999999999997
P418,P116,7.39999999999999
P418,P284,2.500000000000001
P418,P297,2.3000000000000007
P418,P358,2.2000000000000006
P418,P500,9.499999999999982
P418,P479,5.299999999999997
P418,P296,3.600000000000002
P418,P97,1.9000000000000006
P418,P96,2.0000000000000004
P418,P344,2.400000000000001
P418,P86,5.099999999999998
P418,P79,3.1000000000000014
P418,P300,3.700000000000002
P418,P118,6.799999999999992
P418,P417,3.4000000000000017
P418,P204,4.200000000000001
P418,P163,1.7000000000000004
P418,P273,3.2000000000000015
P418,P495,11.299999999999976
P418,P381,2.9000000000000012
P418,P507,2.700000000000001
P418,P249,2.0000000000000004
P418,P342,6.8999999999999915
P418,P337,5.599999999999996
P418,P287,34.100000000000215
P418,P281,5.099999999999998
P418,P395,6.8999999999999915
P418,P314,6.999999999999991
P418,P298,3.1000000000000014
P418,P193,2.400000000000001
P418,P181,2.500000000000001
P418,P179,5.1999999999999975
P418,P452,2.600000000000001
P418,P345,2.800000000000001
P418,P386,3.3000000000000016
P418,P199,6.299999999999994
P418,P481,3.0000000000000013
P418,P12,2.0000000000000004
P418,P349,5.899999999999995
P418,P160,324.0000000000052
P418,P42,2.2000000000000006
P418,P189,2.400000000000001
P418,P92,2.0000000000000004
P418,P53,2.0000000000000004
P418,P432,2.1000000000000005
P418,P404,1.6000000000000003
P418,P73,3.700000000000002
P418,P383,2.500000000000001
P418,P114,3.1000000000000014
P418,P335,6.699999999999992
P418,P347,3.600000000000002
P418,P380,1.9000000000000006
P418,P446,1.8000000000000005
P418,P7,2.500000000000001
P418,P62,2.9000000000000012
P418,P23,6.099999999999994
P418,P444,2.700000000000001
P418,P139,3.5000000000000018
P418,P261,2.500000000000001
P418,P49,5.1999999999999975
P418,P241,3.800000000000002
P418,P439,6.399999999999993
P418,P174,1.7000000000000004
P418,P278,6.299999999999994
P418,P309,6.299999999999994
P418,P154,3.800000000000002
P418,P427,4.100000000000001
P418,P13,4.799999999999999
P418,P8,9.099999999999984
P418,P488,3.5000000000000018
P418,P473,3.900000000000002
P418,P68,11.999999999999973
P418,P371,2.400000000000001
P418,P440,3.2000000000000015
P418,P409,13.09999999999997
P418,P232,2.9000000000000012
P418,P270,3.4000000000000017
P418,P70,14.099999999999966
P418,P136,2.0000000000000004
P418,P265,8.899999999999984
P418,P393,3.3000000000000016
P418,P415,4.000000000000002
P418,P434,13.999999999999966
P418,P234,1.9000000000000006
P418,P128,2.3000000000000007
P418,P184,6.499999999999993
P418,P454,2.1000000000000005
P418,P246,2.700000000000001
P418,P305,13.599999999999968
P418,P200,1.3
P418,P58,14.299999999999965
P418,P354,14.799999999999963
P418,P141,4.000000000000002
P418,P36,2.700000000000001
P418,P74,2.0000000000000004
P418,P324,13.199999999999969
P418,P430,1.3
P418,P484,3.5000000000000018
P418,P201,11.499999999999975
P418,P115,12.89999999999997
P418,P397,1.6000000000000003
P418,P334,2.800000000000001
P418,P311,12.99999999999997
P418,P176,2.500000000000001
P418,P498,6.699999999999992
P418,P158,3.600000000000002
P418,P17,1.7000000000000004
P418,P63,3.3000000000000016
P418,P469,6.5999999999999925
P418,P105,2.600000000000001
P418,P508,1.7000000000000004
P418,P130,2.400000000000001
P418,P81,1.3
P418,P317,2.0000000000000004
P418,P195,3.3000000000000016
P418,P267,1.9000000000000006
P418,P330,2.500000000000001
P418,P161,1.8000000000000005
P418,P83,3.900000000000002
P418,P82,4.999999999999998
P418,P155,5.4999999999999964
P418,P205,6.699999999999992
P419,P418,2.800000000000001
P419,P101,4.100000000000001
P419,P89,2.9000000000000012
P419,P93,8.999999999999984
P419,P359,3.0000000000000013
P419,P149,3.1000000000000014
P419,P118,3.0000000000000013
P419,P97,5.099999999999998
P419,P395,7.099999999999991
P419,P201,169.89999999999463
P419,P96,2.2000000000000006
P419,P375,2.3000000000000007
P419,P344,3.3000000000000016
P419,P156,2.700000000000001
P419,P199,6.299999999999994
P419,P79,3.3000000000000016
P419,P485,2.3000000000000007
P419,P44,2.400000000000001
P419,P300,2.0000000000000004
P419,P111,1.8000000000000005
P419,P213,2.600000000000001
P419,P417,2.2000000000000006
P419,P204,2.600000000000001
P419,P314,4.000000000000002
P419,P255,2.2000000000000006
P419,P23,7.099999999999991
P419,P163,2.9000000000000012
P419,P267,6.399999999999993
P419,P27,2.600000000000001
P419,P164,3.3000000000000016
P419,P430,4.200000000000001
P419,P278,6.499999999999993
P419,P381,2.400000000000001
P419,P403,2.0000000000000004
P419,P507,2.3000000000000007
P419,P158,2.600000000000001
P419,P342,2.400000000000001
P419,P337,2.600000000000001
P419,P281,1.9000000000000006
P419,P335,2.0000000000000004
P419,P258,1.7000000000000004
P419,P298,2.0000000000000004
P419,P439,2.600000000000001
P419,P193,2.3000000000000007
P419,P309,2.800000000000001
P419,P147,3.4000000000000017
P419,P179,2.9000000000000012
P419,P452,2.400000000000001
P419,P181,4.999999999999998
P419,P341,2.400000000000001
P419,P386,2.600000000000001
P419,P217,4.699999999999999
P419,P194,3.5000000000000018
P419,P481,2.1000000000000005
P419,P327,1.6000000000000003
P419,P155,1.7000000000000004
P419,P212,2.500000000000001
P419,P102,2.9000000000000012
P419,P191,2.1000000000000005
P419,P349,2.2000000000000006
P419,P42,2.3000000000000007
P419,P70,3.0000000000000013
P419,P189,2.800000000000001
P419,P92,2.0000000000000004
P419,P305,9.199999999999983
P419,P432,2.9000000000000012
P419,P409,2.3000000000000007
P419,P404,2.0000000000000004
P419,P448,3.4000000000000017
P419,P53,2.2000000000000006
P419,P58,7.899999999999988
P419,P114,2.500000000000001
P419,P487,2.9000000000000012
P419,P197,2.400000000000001
P419,P73,3.0000000000000013
P419,P347,1.7000000000000004
P419,P458,3.900000000000002
P419,P277,3.600000000000002
P419,P7,1.9000000000000006
P419,P354,3.3000000000000016
P419,P142,48.300000000000416
P419,P324,6.299999999999994
P419,P139,1.9000000000000006
P419,P154,2.600000000000001
P419,P427,2.800000000000001
P419,P505,110.99999999999797
P419,P13,4.200000000000001
P419,P115,5.699999999999996
P419,P473,2.400000000000001
P419,P257,6.199999999999994
P419,P390,3.3000000000000016
P419,P440,2.2000000000000006
P419,P269,7.39999999999999
P419,P75,6.499999999999993
P419,P232,2.0000000000000004
P419,P330,3.0000000000000013
P419,P250,8.399999999999986
P419,P475,2.500000000000001
P419,P377,2.3000000000000007
P419,P30,9.199999999999983
P419,P128,2.3000000000000007
P419,P333,6.299999999999994
P419,P454,2.500000000000001
P419,P65,8.199999999999987
P419,P24,7.799999999999988
P419,P200,3.5000000000000018
P419,P141,1.5000000000000002
P419,P140,2.2000000000000006
P419,P36,2.1000000000000005
P419,P74,2.500000000000001
P419,P398,2.700000000000001
P419,P233,9.299999999999983
P419,P322,3.800000000000002
P419,P370,2.400000000000001
P419,P38,7.19999999999999
P419,P378,2.600000000000001
P419,P290,4.300000000000001
P419,P76,2.400000000000001
P419,P345,2.700000000000001
P420,P120,3.3000000000000016
P420,P292,3.600000000000002
P420,P32,2.1000000000000005
P420,P125,2.500000000000001
P420,P436,7.29999999999999
P420,P178,14.099999999999966
P420,P467,13.899999999999967
P420,P9,14.799999999999963
P420,P291,7.499999999999989
P420,P322,7.899999999999988
P421,P393,1.7000000000000004
P421,P67,6.5999999999999925
P421,P423,3.5000000000000018
P421,P319,13.899999999999967
P421,P174,4.100000000000001
P421,P302,9.499999999999982
P421,P339,2.2000000000000006
P421,P379,7.29999999999999
P421,P55,7.39999999999999
P421,P377,5.099999999999998
P422,P283,2.2000000000000006
P422,P47,3.700000000000002
P422,P211,1.8000000000000005
P422,P401,2.800000000000001
P422,P191,7.19999999999999
P422,P487,16.09999999999996
P423,P28,7.39999999999999
P423,P450,2.0000000000000004
P423,P421,3.5000000000000018
P423,P13,34.50000000000022
P423,P33,2.2000000000000006
P423,P462,6.499999999999993
P423,P123,2.3000000000000007
P423,P182,8.999999999999984
P423,P56,6.399999999999993
P423,P131,1.8000000000000005
P423,P272,3.5000000000000018
P423,P296,2.1000000000000005
P423,P354,7.899999999999988
P423,P58,6.099999999999994
P423,P305,6.5999999999999925
P423,P86,2.800000000000001
P423,P158,2.2000000000000006
P423,P434,8.299999999999986
P423,P194,3.0000000000000013
P423,P70,5.699999999999996
P423,P63,2.800000000000001
P423,P105,2.9000000000000012
P423,P205,8.599999999999985
P423,P62,3.3000000000000016
P423,P265,4.6
P423,P409,8.499999999999986
P423,P508,2.400000000000001
P423,P300,2.3000000000000007
P423,P68,7.699999999999989
P423,P81,2.800000000000001
P423,P317,3.5000000000000018
P423,P195,3.800000000000002
P423,P267,1.8000000000000005
P423,P8,6.199999999999994
P423,P337,2.700000000000001
P423,P342,1.9000000000000006
P423,P161,2.2000000000000006
P423,P83,2.9000000000000012
P423,P278,5.599999999999996
P423,P309,5.599999999999996
P423,P439,5.899999999999995
P423,P258,6.699999999999992
P423,P49,5.999999999999995
P423,P132,5.999999999999995
P423,P169,4.300000000000001
P423,P427,2.0000000000000004
P423,P82,2.0000000000000004
P423,P23,5.999999999999995
P423,P155,1.9000000000000006
P423,P335,7.499999999999989
P423,P344,7.499999999999989
P423,P116,7.999999999999988
P423,P484,212.29999999999222
P423,P228,8.199999999999987
P423,P246,8.199999999999987
P423,P170,7.799999999999988
P423,P199,7.799999999999988
P423,P478,4.799999999999999
P423,P27,2.600000000000001
P423,P189,2.3000000000000007
P423,P314,6.099999999999994
P423,P415,3.5000000000000018
P423,P395,4.899999999999999
P423,P73,2.600000000000001
P423,P446,1.5000000000000002
P423,P93,10.699999999999978
P423,P404,4.4
P424,P359,3.1000000000000014
P424,P118,1.4000000000000001
P424,P134,178.39999999999415
P424,P344,3.4000000000000017
P424,P307,3.1000000000000014
P424,P300,3.3000000000000016
P424,P79,3.900000000000002
P424,P111,3.700000000000002
P424,P213,2.2000000000000006
P424,P278,9.299999999999983
P424,P457,3.800000000000002
P424,P204,3.4000000000000017
P424,P468,2.3000000000000007
P424,P163,4.999999999999998
P424,P376,5.699999999999996
P424,P218,4.899999999999999
P424,P274,3.5000000000000018
P424,P98,7.999999999999988
P424,P247,7.999999999999988
P424,P446,1.6000000000000003
P424,P241,2.800000000000001
P424,P463,2.500000000000001
P424,P162,3.0000000000000013
P424,P471,2.2000000000000006
P424,P443,2.600000000000001
P424,P109,5.099999999999998
P424,P67,6.8999999999999915
P424,P377,4.100000000000001
P424,P283,3.2000000000000015
P424,P345,2.500000000000001
P424,P427,4.699999999999999
P424,P70,9.399999999999983
P424,P82,1.6000000000000003
P424,P205,5.1999999999999975
P424,P155,2.700000000000001
P424,P409,8.399999999999986
P424,P68,4.300000000000001
P424,P8,6.099999999999994
P424,P485,4.6
P424,P309,7.29999999999999
P424,P439,5.4999999999999964
P424,P502,1.9000000000000006
P425,P34,2.2000000000000006
P425,P508,0.1
P425,P322,2.800000000000001
P425,P388,6.399999999999993
P425,P173,2.9000000000000012
P425,P20,6.799999999999992
P425,P444,2.0000000000000004
P425,P88,2.9000000000000012
P425,P488,1.7000000000000004
P425,P361,1.8000000000000005
P425,P106,3.5000000000000018
P425,P284,2.600000000000001
P425,P68,6.099999999999994
P425,P147,65.20000000000057
P425,P89,1.9000000000000006
P425,P248,4.000000000000002
P425,P278,4.6
P425,P309,4.6
P425,P374,3.3000000000000016
P425,P439,6.099999999999994
P425,P8,2.500000000000001
P425,P23,8.199999999999987
P425,P308,6.099999999999994
P425,P91,6.699999999999992
P425,P492,1.7000000000000004
P425,P449,6.8999999999999915
P425,P368,9.299999999999983
P425,P487,2.9000000000000012
P426,P510,5.1999999999999975
P426,P92,3.0000000000000013
P426,P502,5.999999999999995
P426,P229,2.9000000000000012
P426,P412,3.600000000000002
P426,P460,12.399999999999972
P426,P498,3.2000000000000015
P426,P365,1.8000000000000005
P426,P377,5.399999999999997
P426,P244,6.5999999999999925
P426,P152,5.799999999999995
P426,P397,7.899999999999988
P426,P146,7.499999999999989
P427,P346,3.2000000000000015
P427,P269,9.799999999999981
P427,P147,3.2000000000000015
P427,P481,5.599999999999996
P427,P231,1.8000000000000005
P427,P212,2.400000000000001
P427,P506,2.400000000000001
P427,P349,2.1000000000000005
P427,P189,6.299999999999994
P427,P26,5.899999999999995
P427,P499,4.100000000000001
P427,P243,2.800000000000001
P427,P9,5.799999999999995
P427,P7,3.5000000000000018
P427,P36,1.9000000000000006
P427,P78,2.600000000000001
P427,P38,6.999999999999991
P427,P387,2.3000000000000007
P427,P398,1.8000000000000005
P427,P32,2.500000000000001
P427,P233,6.8999999999999915
P427,P18,3.0000000000000013
P427,P135,5.099999999999998
P427,P464,2.1000000000000005
P427,P141,5.299999999999997
P427,P378,3.1000000000000014
P427,P24,7.999999999999988
P427,P333,7.599999999999989
P427,P348,1.9000000000000006
P427,P134,3.5000000000000018
P427,P456,2.2000000000000006
P427,P40,1.5000000000000002
P427,P468,2.600000000000001
P427,P3,3.4000000000000017
P427,P65,3.800000000000002
P427,P30,7.999999999999988
P427,P127,2.3000000000000007
P427,P491,2.600000000000001
P427,P250,6.8999999999999915
P427,P171,2.400000000000001
P427,P370,3.2000000000000015
P427,P25,2.9000000000000012
P427,P343,2.400000000000001
P427,P6,2.500000000000001
P427,P75,2.1000000000000005
P427,P257,5.999999999999995
P427,P329,2.800000000000001
P427,P245,1.9000000000000006
P427,P394,6.099999999999994
P427,P115,7.29999999999999
P427,P242,2.0000000000000004
P427,P154,207.89999999999247
P427,P201,1.8000000000000005
P427,P142,3.0000000000000013
P427,P419,2.800000000000001
P427,P505,2.600000000000001
P427,P431,3.3000000000000016
P427,P240,2.600000000000001
P427,P358,3.5000000000000018
P427,P433,1.6000000000000003
P427,P324,8.499999999999986
P427,P80,1.6000000000000003
P427,P121,3.3000000000000016
P427,P280,3.2000000000000015
P427,P112,3.0000000000000013
P427,P282,3.1000000000000014
P427,P354,6.399999999999993
P427,P58,5.699999999999996
P427,P248,3.800000000000002
P427,P305,11.799999999999974
P427,P374,2.9000000000000012
P427,P430,2.600000000000001
P427,P434,15.299999999999962
P427,P272,2.3000000000000007
P427,P70,12.69999999999997
P427,P359,2.600000000000001
P427,P296,4.100000000000001
P427,P47,1.5000000000000002
P427,P409,13.199999999999969
P427,P402,1.7000000000000004
P427,P277,2.3000000000000007
P427,P68,13.09999999999997
P427,P353,2.0000000000000004
P427,P8,9.89999999999998
P427,P43,3.900000000000002
P427,P418,4.100000000000001
P427,P160,2.500000000000001
P427,P278,13.09999999999997
P427,P309,13.09999999999997
P427,P439,10.899999999999977
P427,P164,2.2000000000000006
P427,P49,15.59999999999996
P427,P23,19.200000000000003
P427,P218,4.000000000000002
P427,P335,13.399999999999968
P427,P258,9.199999999999983
P427,P86,4.699999999999999
P427,P158,2.700000000000001
P427,P344,8.399999999999986
P427,P116,14.199999999999966
P427,P228,12.79999999999997
P427,P170,12.199999999999973
P427,P199,12.199999999999973
P427,P63,2.3000000000000007
P427,P314,13.09999999999997
P427,P395,14.699999999999964
P427,P300,2.700000000000001
P427,P132,12.299999999999972
P427,P317,2.700000000000001
P427,P204,2.1000000000000005
P427,P93,13.699999999999967
P427,P337,3.0000000000000013
P427,P342,2.3000000000000007
P427,P83,2.9000000000000012
P427,P117,12.599999999999971
P427,P473,6.399999999999993
P427,P440,3.5000000000000018
P427,P371,1.9000000000000006
P427,P162,3.700000000000002
P427,P232,1.9000000000000006
P427,P136,2.1000000000000005
P427,P415,1.9000000000000006
P427,P253,2.800000000000001
P427,P169,157.49999999999534
P427,P173,2.3000000000000007
P427,P246,3.3000000000000016
P427,P477,2.1000000000000005
P427,P74,2.2000000000000006
P427,P490,2.800000000000001
P427,P423,2.0000000000000004
P427,P457,3.0000000000000013
P427,P407,2.400000000000001
P427,P397,2.500000000000001
P427,P334,2.600000000000001
P427,P176,3.2000000000000015
P427,P326,2.400000000000001
P427,P480,2.500000000000001
P427,P385,5.299999999999997
P427,P205,8.599999999999985
P427,P41,2.700000000000001
P427,P109,1.8000000000000005
P427,P424,4.699999999999999
P427,P236,2.9000000000000012
P427,P51,2.700000000000001
P427,P105,2.400000000000001
P427,P82,42.00000000000033
P427,P223,2.500000000000001
P427,P222,3.1000000000000014
P428,P372,6.8999999999999915
P428,P339,7.599999999999989
P428,P95,8.299999999999986
P428,P78,9.599999999999982
P428,P379,9.099999999999984
P428,P55,7.099999999999991
P428,P374,5.899999999999995
P428,P377,6.699999999999992
P429,P381,2.0000000000000004
P429,P507,4.200000000000001
P429,P158,2.400000000000001
P429,P315,3.900000000000002
P429,P155,2.800000000000001
P429,P161,2.1000000000000005
P429,P458,1.9000000000000006
P429,P441,2.2000000000000006
P429,P265,2.9000000000000012
P429,P443,6.8999999999999915
P429,P119,5.999999999999995
P429,P151,5.4999999999999964
P430,P395,2.1000000000000005
P430,P329,3.0000000000000013
P430,P359,3.3000000000000016
P430,P307,2.700000000000001
P430,P417,4.4
P430,P314,2.400000000000001
P430,P351,13.09999999999997
P430,P41,3.600000000000002
P430,P131,8.099999999999987
P430,P435,2.3000000000000007
P430,P419,4.200000000000001
P430,P201,2.1000000000000005
P430,P278,15.299999999999962
P430,P431,2.9000000000000012
P430,P210,2.400000000000001
P430,P179,4.4
P430,P452,2.800000000000001
P430,P181,2.400000000000001
P430,P439,8.199999999999987
P430,P386,2.500000000000001
P430,P194,2.500000000000001
P430,P481,3.700000000000002
P430,P309,9.499999999999982
P430,P327,2.0000000000000004
P430,P12,2.0000000000000004
P430,P212,4.5
P430,P8,11.199999999999976
P430,P191,2.400000000000001
P430,P349,1.9000000000000006
P430,P42,2.600000000000001
P430,P189,2.3000000000000007
P430,P68,9.299999999999983
P430,P92,3.2000000000000015
P430,P432,1.6000000000000003
P430,P404,4.899999999999999
P430,P53,2.700000000000001
P430,P409,6.199999999999994
P430,P114,5.299999999999997
P430,P197,3.800000000000002
P430,P73,2.9000000000000012
P430,P487,2.1000000000000005
P430,P383,1.8000000000000005
P430,P458,3.4000000000000017
P430,P347,2.500000000000001
P430,P380,2.9000000000000012
P430,P446,3.800000000000002
P430,P70,6.099999999999994
P430,P62,2.600000000000001
P430,P7,1.8000000000000005
P430,P277,2.3000000000000007
P430,P49,3.5000000000000018
P430,P434,5.399999999999997
P430,P139,2.0000000000000004
P430,P261,2.0000000000000004
P430,P174,4.999999999999998
P430,P154,2.800000000000001
P430,P427,2.600000000000001
P430,P13,2.600000000000001
P430,P473,2.2000000000000006
P430,P305,14.399999999999965
P430,P58,11.799999999999974
P430,P440,2.3000000000000007
P430,P354,15.69999999999996
P430,P232,2.700000000000001
P430,P330,1.8000000000000005
P430,P470,76.09999999999995
P430,P324,11.899999999999974
P430,P39,13.999999999999966
P430,P77,6.299999999999994
P430,P398,4.5
P430,P160,2.3000000000000007
P430,P418,1.3
P430,P164,2.700000000000001
P430,P396,1.9000000000000006
P430,P218,2.400000000000001
P430,P17,3.0000000000000013
P430,P254,6.999999999999991
P430,P308,7.699999999999989
P430,P336,2.2000000000000006
P430,P11,10.699999999999978
P430,P403,0.8999999999999999
P431,P224,3.800000000000002
P431,P203,0.8999999999999999
P431,P211,2.2000000000000006
P431,P359,3.0000000000000013
P431,P93,7.29999999999999
P431,P149,5.4999999999999964
P431,P118,1.9000000000000006
P431,P97,2.2000000000000006
P431,P395,6.5999999999999925
P431,P96,2.700000000000001
P431,P344,2.600000000000001
P431,P375,3.3000000000000016
P431,P156,2.9000000000000012
P431,P79,2.800000000000001
P431,P44,6.8999999999999915
P431,P199,9.199999999999983
P431,P485,6.399999999999993
P431,P300,1.7000000000000004
P431,P111,3.4000000000000017
P431,P213,3.0000000000000013
P431,P417,3.700000000000002
P431,P204,3.0000000000000013
P431,P314,2.0000000000000004
P431,P255,1.6000000000000003
P431,P163,3.1000000000000014
P431,P23,5.899999999999995
P431,P267,2.2000000000000006
P431,P27,2.1000000000000005
P431,P164,3.2000000000000015
P431,P430,2.9000000000000012
P431,P381,2.3000000000000007
P431,P403,2.0000000000000004
P431,P278,6.199999999999994
P431,P507,5.999999999999995
P431,P158,2.500000000000001
P431,P342,2.0000000000000004
P431,P337,2.1000000000000005
P431,P281,2.400000000000001
P431,P335,2.800000000000001
P431,P258,2.9000000000000012
P431,P298,2.9000000000000012
P431,P193,3.0000000000000013
P431,P439,2.800000000000001
P431,P309,3.2000000000000015
P431,P147,3.1000000000000014
P431,P452,2.0000000000000004
P431,P179,2.800000000000001
P431,P341,4.000000000000002
P431,P181,2.9000000000000012
P431,P386,2.3000000000000007
P431,P217,2.0000000000000004
P431,P481,6.099999999999994
P431,P194,5.699999999999996
P431,P327,2.3000000000000007
P431,P155,2.800000000000001
P431,P12,2.0000000000000004
P431,P212,1.5000000000000002
P431,P102,2.600000000000001
P431,P191,4.000000000000002
P431,P349,2.0000000000000004
P431,P42,2.3000000000000007
P431,P70,3.5000000000000018
P431,P189,3.4000000000000017
P431,P92,3.4000000000000017
P431,P432,5.4999999999999964
P431,P409,3.4000000000000017
P431,P404,2.800000000000001
P431,P448,3.1000000000000014
P431,P53,3.600000000000002
P431,P305,5.1999999999999975
P431,P114,2.0000000000000004
P431,P197,2.3000000000000007
P431,P487,2.800000000000001
P431,P73,1.5000000000000002
P431,P347,1.8000000000000005
P431,P458,1.5000000000000002
P431,P58,6.799999999999992
P431,P380,2.500000000000001
P431,P277,2.500000000000001
P431,P7,2.3000000000000007
P431,P354,2.9000000000000012
P431,P139,2.700000000000001
P431,P324,6.999999999999991
P431,P154,1.8000000000000005
P431,P427,3.3000000000000016
P431,P13,1.7000000000000004
P431,P201,5.4999999999999964
P431,P473,3.1000000000000014
P431,P115,6.999999999999991
P431,P390,2.9000000000000012
P431,P257,7.099999999999991
P431,P440,2.2000000000000006
P431,P232,2.400000000000001
P431,P269,6.5999999999999925
P431,P330,3.700000000000002
P431,P75,7.19999999999999
P431,P475,4.100000000000001
P431,P250,7.599999999999989
P431,P377,2.2000000000000006
P431,P265,2.1000000000000005
P431,P30,6.999999999999991
P431,P128,3.2000000000000015
P431,P454,2.0000000000000004
P431,P333,7.799999999999988
P431,P65,7.699999999999989
P431,P200,2.500000000000001
P431,P24,7.999999999999988
P431,P491,6.699999999999992
P431,P4,4.999999999999998
P431,P112,4.6
P431,P108,4.300000000000001
P432,P124,2.0000000000000004
P432,P467,3.800000000000002
P432,P38,2.700000000000001
P432,P387,2.9000000000000012
P432,P398,2.0000000000000004
P432,P140,2.700000000000001
P432,P32,3.0000000000000013
P432,P486,2.1000000000000005
P432,P24,6.799999999999992
P432,P333,6.099999999999994
P432,P18,3.3000000000000016
P432,P135,2.400000000000001
P432,P464,4.200000000000001
P432,P141,1.9000000000000006
P432,P440,2.9000000000000012
P432,P378,1.8000000000000005
P432,P30,6.199999999999994
P432,P51,2.9000000000000012
P432,P269,6.699999999999992
P432,P134,2.800000000000001
P432,P456,2.500000000000001
P432,P103,4.6
P432,P257,5.699999999999996
P432,P40,2.500000000000001
P432,P468,2.3000000000000007
P432,P115,6.799999999999992
P432,P409,119.79999999999747
P432,P3,2.0000000000000004
P432,P65,2.700000000000001
P432,P127,3.2000000000000015
P432,P491,2.3000000000000007
P432,P171,3.4000000000000017
P432,P370,2.800000000000001
P432,P465,4.200000000000001
P432,P324,5.799999999999995
P432,P246,1.9000000000000006
P432,P343,3.5000000000000018
P432,P25,3.600000000000002
P432,P6,3.2000000000000015
P432,P75,4.5
P432,P245,1.7000000000000004
P432,P329,1.5000000000000002
P432,P394,4.000000000000002
P432,P58,7.799999999999988
P432,P242,5.299999999999997
P432,P133,1.8000000000000005
P432,P201,2.800000000000001
P432,P419,2.9000000000000012
P432,P305,5.699999999999996
P432,P505,2.500000000000001
P432,P431,5.4999999999999964
P432,P240,1.9000000000000006
P432,P358,3.0000000000000013
P432,P80,2.700000000000001
P432,P121,2.600000000000001
P432,P280,2.500000000000001
P432,P112,1.8000000000000005
P432,P282,2.600000000000001
P432,P434,7.899999999999988
P432,P89,3.5000000000000018
P432,P70,5.799999999999995
P432,P248,3.0000000000000013
P432,P374,3.3000000000000016
P432,P430,1.6000000000000003
P432,P68,4.899999999999999
P432,P8,7.999999999999988
P432,P272,2.9000000000000012
P432,P278,7.999999999999988
P432,P309,7.999999999999988
P432,P439,5.999999999999995
P432,P359,2.0000000000000004
P432,P296,2.9000000000000012
P432,P47,3.1000000000000014
P432,P23,6.499999999999993
P432,P402,2.2000000000000006
P432,P353,2.9000000000000012
P432,P53,34.900000000000226
P432,P335,7.799999999999988
P432,P43,4.200000000000001
P432,P287,2.500000000000001
P432,P404,270.0999999999929
P432,P418,2.1000000000000005
P432,P160,2.1000000000000005
P432,P116,8.499999999999986
P432,P228,6.699999999999992
P432,P509,3.1000000000000014
P432,P199,8.599999999999985
P432,P314,8.399999999999986
P432,P86,5.399999999999997
P432,P395,6.5999999999999925
P432,P344,2.800000000000001
P432,P93,11.899999999999974
P432,P117,18.499999999999993
P432,P60,3.3000000000000016
P432,P300,2.700000000000001
P432,P495,12.599999999999971
P432,P34,16.399999999999963
P432,P317,2.800000000000001
P432,P204,2.3000000000000007
P432,P342,5.099999999999998
P432,P337,3.0000000000000013
P432,P83,4.100000000000001
P432,P163,14.799999999999963
P432,P500,14.699999999999964
P432,P118,18.699999999999996
P432,P281,2.0000000000000004
P432,P452,13.599999999999968
P432,P149,9.199999999999983
P432,P261,2.700000000000001
P432,P488,2.2000000000000006
P432,P232,2.600000000000001
P432,P136,2.800000000000001
P432,P415,3.5000000000000018
P432,P473,6.999999999999991
P432,P253,2.400000000000001
P432,P474,6.399999999999993
P432,P57,5.699999999999996
P432,P389,4.000000000000002
P432,P159,4.5
P432,P37,6.8999999999999915
P433,P75,9.499999999999982
P433,P216,8.299999999999986
P433,P308,7.799999999999988
P433,P254,7.899999999999988
P433,P448,3.1000000000000014
P433,P305,6.199999999999994
P433,P277,3.2000000000000015
P433,P7,2.0000000000000004
P433,P49,2.400000000000001
P433,P58,6.999999999999991
P433,P354,7.799999999999988
P433,P139,2.500000000000001
P433,P174,2.9000000000000012
P433,P324,9.499999999999982
P433,P427,1.6000000000000003
P433,P154,2.700000000000001
P433,P13,2.3000000000000007
P433,P473,5.399999999999997
P433,P440,2.400000000000001
P433,P201,6.5999999999999925
P433,P115,8.599999999999985
P433,P257,6.999999999999991
P433,P232,3.0000000000000013
P433,P330,2.600000000000001
P433,P475,4.5
P433,P269,5.999999999999995
P433,P265,3.4000000000000017
P433,P393,2.3000000000000007
P433,P250,6.5999999999999925
P433,P128,3.1000000000000014
P433,P30,6.8999999999999915
P433,P51,2.9000000000000012
P433,P285,1.5000000000000002
P433,P323,8.099999999999987
P433,P260,6.199999999999994
P433,P402,2.500000000000001
P434,P408,10.399999999999979
P434,P391,6.099999999999994
P434,P358,29.400000000000148
P434,P112,74.80000000000003
P434,P80,281.3999999999955
P434,P284,530.7000000000521
P434,P297,61.600000000000605
P434,P359,9.89999999999998
P434,P149,4.200000000000001
P434,P118,2.2000000000000006
P434,P97,2.0000000000000004
P434,P93,6.399999999999993
P434,P96,4.5
P434,P344,2.700000000000001
P434,P375,2.3000000000000007
P434,P156,3.1000000000000014
P434,P395,7.19999999999999
P434,P79,3.1000000000000014
P434,P44,2.700000000000001
P434,P300,11.399999999999975
P434,P485,2.600000000000001
P434,P111,3.800000000000002
P434,P417,2.400000000000001
P434,P199,6.199999999999994
P434,P204,3.2000000000000015
P434,P116,5.099999999999998
P434,P314,2.2000000000000006
P434,P451,161.39999999999512
P434,P255,1.9000000000000006
P434,P163,3.5000000000000018
P434,P267,10.899999999999977
P434,P27,2.1000000000000005
P434,P164,10.799999999999978
P434,P381,2.800000000000001
P434,P403,3.1000000000000014
P434,P23,6.8999999999999915
P434,P280,140.5999999999963
P434,P507,2.3000000000000007
P434,P158,10.799999999999978
P434,P278,6.799999999999992
P434,P342,10.999999999999977
P434,P337,9.099999999999984
P434,P281,2.2000000000000006
P434,P335,2.9000000000000012
P434,P258,3.4000000000000017
P434,P298,2.500000000000001
P434,P68,5.4999999999999964
P434,P193,1.9000000000000006
P434,P439,1.9000000000000006
P434,P309,2.500000000000001
P434,P147,2.3000000000000007
P434,P179,2.800000000000001
P434,P181,4.899999999999999
P434,P452,4.899999999999999
P434,P386,2.500000000000001
P434,P481,1.9000000000000006
P434,P194,7.39999999999999
P434,P327,2.0000000000000004
P434,P12,4.000000000000002
P434,P212,2.800000000000001
P434,P191,2.9000000000000012
P434,P349,3.1000000000000014
P434,P42,7.599999999999989
P434,P70,5.799999999999995
P434,P189,5.099999999999998
P434,P282,7.799999999999988
P434,P92,6.199999999999994
P434,P409,6.499999999999993
P434,P432,7.899999999999988
P434,P404,7.39999999999999
P434,P53,6.999999999999991
P434,P114,8.499999999999986
P434,P197,9.399999999999983
P434,P73,7.699999999999989
P434,P487,5.599999999999996
P434,P458,8.799999999999985
P434,P248,6.699999999999992
P434,P347,7.19999999999999
P434,P380,8.199999999999987
P434,P62,13.299999999999969
P434,P277,12.499999999999972
P434,P7,6.299999999999994
P434,P374,7.899999999999988
P434,P49,6.399999999999993
P434,P430,5.399999999999997
P434,P139,9.99999999999998
P434,P261,9.299999999999983
P434,P174,4.799999999999999
P434,P154,6.199999999999994
P434,P427,15.299999999999962
P434,P272,8.399999999999986
P434,P13,6.499999999999993
P434,P473,5.999999999999995
P434,P296,6.499999999999993
P434,P371,6.399999999999993
P434,P440,8.899999999999984
P434,P47,6.999999999999991
P434,P402,7.499999999999989
P434,P232,7.699999999999989
P434,P330,13.799999999999967
P434,P270,6.999999999999991
P434,P353,6.5999999999999925
P434,P43,9.499999999999982
P434,P136,7.099999999999991
P434,P265,13.09999999999997
P434,P393,6.199999999999994
P434,P415,6.199999999999994
P434,P418,13.999999999999966
P434,P160,11.899999999999974
P434,P234,5.799999999999995
P434,P128,6.5999999999999925
P434,P396,7.099999999999991
P434,P246,6.999999999999991
P434,P218,12.79999999999997
P434,P200,7.499999999999989
P434,P141,4.5
P434,P205,6.299999999999994
P434,P441,7.19999999999999
P434,P36,8.999999999999984
P434,P86,7.099999999999991
P434,P74,6.699999999999992
P434,P423,8.299999999999986
P434,P457,6.5999999999999925
P434,P407,4.6
P434,P63,8.699999999999985
P434,P397,7.999999999999988
P434,P105,18.39999999999999
P434,P465,5.599999999999996
P434,P508,7.19999999999999
P434,P130,5.699999999999996
P434,P334,5.799999999999995
P434,P176,7.599999999999989
P434,P81,10.399999999999979
P434,P145,9.399999999999983
P434,P317,6.999999999999991
P434,P195,7.29999999999999
P434,P326,4.6
P434,P480,5.899999999999995
P434,P385,5.1999999999999975
P434,P161,8.999999999999984
P434,P83,8.999999999999984
P434,P9,8.499999999999986
P434,P109,6.099999999999994
P434,P236,7.799999999999988
P434,P394,7.699999999999989
P434,P82,4.999999999999998
P434,P51,5.899999999999995
P434,P155,7.099999999999991
P435,P418,2.9000000000000012
P435,P101,1.9000000000000006
P435,P89,2.1000000000000005
P435,P201,3.900000000000002
P435,P222,2.700000000000001
P435,P211,3.0000000000000013
P435,P93,5.099999999999998
P435,P359,2.700000000000001
P435,P395,8.499999999999986
P435,P149,5.299999999999997
P435,P118,2.2000000000000006
P435,P97,2.9000000000000012
P435,P96,5.099999999999998
P435,P375,4.100000000000001
P435,P344,2.400000000000001
P435,P156,3.4000000000000017
P435,P55,90.79999999999912
P435,P79,3.0000000000000013
P435,P485,2.0000000000000004
P435,P300,2.2000000000000006
P435,P44,1.9000000000000006
P435,P111,1.6000000000000003
P435,P213,2.400000000000001
P435,P417,2.700000000000001
P435,P204,2.600000000000001
P435,P314,5.099999999999998
P435,P23,6.699999999999992
P435,P163,4.000000000000002
P435,P278,8.999999999999984
P435,P430,2.3000000000000007
P435,P249,5.4999999999999964
P435,P505,5.699999999999996
P435,P479,10.09999999999998
P435,P448,17.299999999999976
P435,P205,5.899999999999995
P435,P477,5.4999999999999964
P435,P36,6.299999999999994
P435,P100,6.999999999999991
P436,P250,2.800000000000001
P436,P330,2.9000000000000012
P436,P24,5.599999999999996
P436,P158,67.90000000000042
P436,P387,6.299999999999994
P436,P385,3.800000000000002
P436,P32,2.3000000000000007
P436,P464,3.3000000000000016
P436,P420,7.29999999999999
P436,P208,6.699999999999992
P436,P297,4.899999999999999
P436,P467,12.199999999999973
P436,P210,6.999999999999991
P436,P279,12.199999999999973
P436,P125,8.299999999999986
P436,P349,9.199999999999983
P437,P237,5.299999999999997
P437,P14,6.5999999999999925
P438,P68,11.399999999999975
P438,P509,5.799999999999995
P438,P306,10.499999999999979
P438,P189,12.69999999999997
P438,P114,11.499999999999975
P439,P443,3.600000000000002
P439,P234,1.7000000000000004
P439,P407,8.999999999999984
P439,P263,18.9
P439,P138,4.4
P439,P486,2.700000000000001
P439,P269,7.899999999999988
P439,P135,3.700000000000002
P439,P232,9.099999999999984
P439,P141,8.499999999999986
P439,P440,8.799999999999985
P439,P257,6.099999999999994
P439,P378,3.5000000000000018
P439,P110,2.500000000000001
P439,P51,3.0000000000000013
P439,P134,2.600000000000001
P439,P456,1.8000000000000005
P439,P137,2.9000000000000012
P439,P103,2.3000000000000007
P439,P40,3.0000000000000013
P439,P468,2.800000000000001
P439,P324,3.0000000000000013
P439,P318,2.400000000000001
P439,P58,7.599999999999989
P439,P65,4.300000000000001
P439,P127,3.1000000000000014
P439,P491,2.0000000000000004
P439,P305,6.999999999999991
P439,P171,2.1000000000000005
P439,P465,4.6
P439,P246,10.699999999999978
P439,P343,1.8000000000000005
P439,P25,3.600000000000002
P439,P6,5.599999999999996
P439,P75,2.3000000000000007
P439,P193,219.09999999999184
P439,P245,1.9000000000000006
P439,P329,3.5000000000000018
P439,P394,6.5999999999999925
P439,P62,15.199999999999962
P439,P242,2.3000000000000007
P439,P133,3.0000000000000013
P439,P201,3.2000000000000015
P439,P419,2.600000000000001
P439,P431,2.800000000000001
P439,P240,3.3000000000000016
P439,P358,2.500000000000001
P439,P80,2.500000000000001
P439,P451,2.9000000000000012
P439,P434,1.9000000000000006
P439,P280,3.4000000000000017
P439,P68,6.199999999999994
P439,P112,3.2000000000000015
P439,P282,2.400000000000001
P439,P89,1.9000000000000006
P439,P248,1.5000000000000002
P439,P278,7.499999999999989
P439,P374,7.29999999999999
P439,P147,5.099999999999998
P439,P425,6.099999999999994
P439,P179,9.799999999999981
P439,P452,8.299999999999986
P439,P181,8.199999999999987
P439,P8,4.5
P439,P430,8.199999999999987
P439,P386,6.699999999999992
P439,P194,14.799999999999963
P439,P481,8.099999999999987
P439,P327,10.499999999999979
P439,P12,7.29999999999999
P439,P191,6.099999999999994
P439,P272,9.199999999999983
P439,P349,9.099999999999984
P439,P42,7.19999999999999
P439,P189,7.29999999999999
P439,P92,7.799999999999988
P439,P432,5.999999999999995
P439,P404,9.599999999999982
P439,P53,8.099999999999987
P439,P359,6.999999999999991
P439,P296,5.1999999999999975
P439,P114,6.299999999999994
P439,P73,6.999999999999991
P439,P383,8.499999999999986
P439,P487,8.799999999999985
P439,P458,14.199999999999966
P439,P47,5.799999999999995
P439,P347,5.399999999999997
P439,P380,5.4999999999999964
P439,P446,10.399999999999979
P439,P7,6.5999999999999925
P439,P402,7.999999999999988
P439,P49,8.699999999999985
P439,P353,5.1999999999999975
P439,P444,7.499999999999989
P439,P139,6.299999999999994
P439,P43,4.799999999999999
P439,P261,6.299999999999994
P439,P241,6.399999999999993
P439,P479,8.799999999999985
P439,P418,6.399999999999993
P439,P160,6.799999999999992
P439,P174,5.799999999999995
P439,P154,6.299999999999994
P439,P427,10.899999999999977
P439,P164,7.099999999999991
P439,P13,8.599999999999985
P439,P488,6.699999999999992
P439,P473,6.699999999999992
P439,P218,12.79999999999997
P439,P371,7.799999999999988
P439,P136,7.999999999999988
P439,P86,7.39999999999999
P439,P265,12.299999999999972
P439,P158,5.999999999999995
P439,P393,5.899999999999995
P439,P415,8.099999999999987
P439,P253,4.699999999999999
P439,P128,5.099999999999998
P439,P173,8.099999999999987
P439,P63,5.799999999999995
P439,P111,6.199999999999994
P439,P105,6.799999999999992
P439,P508,8.499999999999986
P439,P300,8.799999999999985
P439,P81,5.899999999999995
P439,P317,7.699999999999989
P439,P195,9.099999999999984
P439,P477,6.699999999999992
P439,P267,6.099999999999994
P439,P74,5.999999999999995
P439,P337,7.099999999999991
P439,P342,9.99999999999998
P439,P490,5.1999999999999975
P439,P161,6.999999999999991
P439,P83,8.499999999999986
P439,P423,5.899999999999995
P439,P169,9.89999999999998
P439,P457,5.099999999999998
P439,P82,7.099999999999991
P439,P397,8.899999999999984
P439,P155,6.199999999999994
P439,P334,8.599999999999985
P439,P176,7.799999999999988
P439,P480,8.799999999999985
P439,P385,6.699999999999992
P439,P41,6.8999999999999915
P439,P339,6.699999999999992
P439,P9,5.799999999999995
P439,P109,7.39999999999999
P439,P424,5.4999999999999964
P439,P502,1.2
P440,P399,6.5999999999999925
P440,P348,2.600000000000001
P440,P225,2.1000000000000005
P440,P346,4.899999999999999
P440,P507,3.1000000000000014
P440,P158,4.899999999999999
P440,P82,5.299999999999997
P440,P342,4.899999999999999
P440,P337,6.199999999999994
P440,P281,4.799999999999999
P440,P439,8.799999999999985
P440,P257,11.999999999999973
P440,P147,2.600000000000001
P440,P179,3.2000000000000015
P440,P341,3.1000000000000014
P440,P452,3.4000000000000017
P440,P181,4.100000000000001
P440,P217,2.1000000000000005
P440,P481,2.3000000000000007
P440,P269,13.299999999999969
P440,P327,5.799999999999995
P440,P506,3.3000000000000016
P440,P212,3.0000000000000013
P440,P349,2.800000000000001
P440,P502,2.2000000000000006
P440,P30,12.399999999999972
P440,P189,3.5000000000000018
P440,P92,3.1000000000000014
P440,P146,2.700000000000001
P440,P141,73.4000000000001
P440,P432,2.9000000000000012
P440,P53,2.3000000000000007
P440,P404,2.1000000000000005
P440,P487,1.9000000000000006
P440,P26,4.4
P440,P347,2.400000000000001
P440,P499,1.9000000000000006
P440,P9,1.7000000000000004
P440,P7,2.400000000000001
P440,P113,2.700000000000001
P440,P333,9.799999999999981
P440,P354,8.899999999999984
P440,P250,9.199999999999983
P440,P24,15.99999999999996
P440,P456,4.000000000000002
P440,P413,2.700000000000001
P440,P40,2.800000000000001
P440,P468,1.8000000000000005
P440,P3,1.9000000000000006
P440,P65,3.600000000000002
P440,P127,2.500000000000001
P440,P491,1.9000000000000006
P440,P171,2.400000000000001
P440,P370,4.000000000000002
P440,P25,2.3000000000000007
P440,P343,2.1000000000000005
P440,P6,3.900000000000002
P440,P236,2.9000000000000012
P440,P329,1.5000000000000002
P440,P245,2.600000000000001
P440,P75,5.399999999999997
P440,P242,2.500000000000001
P440,P142,2.500000000000001
P440,P419,2.2000000000000006
P440,P505,2.800000000000001
P440,P431,2.2000000000000006
P440,P115,8.599999999999985
P440,P358,2.600000000000001
P440,P201,5.299999999999997
P440,P433,2.400000000000001
P440,P80,5.1999999999999975
P440,P121,2.9000000000000012
P440,P280,2.3000000000000007
P440,P112,3.5000000000000018
P440,P282,3.1000000000000014
P440,P137,4.200000000000001
P440,P248,3.5000000000000018
P440,P324,5.699999999999996
P440,P374,3.3000000000000016
P440,P430,2.3000000000000007
P440,P58,7.899999999999988
P440,P305,6.8999999999999915
P440,P272,2.800000000000001
P440,P371,40.2000000000003
P440,P359,2.800000000000001
P440,P296,3.1000000000000014
P440,P434,8.899999999999984
P440,P47,2.800000000000001
P440,P402,2.500000000000001
P440,P70,6.299999999999994
P440,P277,2.700000000000001
P440,P353,1.8000000000000005
P440,P43,1.8000000000000005
P440,P409,8.699999999999985
P440,P418,3.2000000000000015
P440,P160,4.899999999999999
P440,P68,6.8999999999999915
P440,P164,2.3000000000000007
P440,P8,5.999999999999995
P440,P396,2.1000000000000005
P440,P278,7.699999999999989
P440,P309,7.699999999999989
P440,P218,2.3000000000000007
P440,P49,10.499999999999979
P440,P23,5.599999999999996
P440,P258,2.700000000000001
P440,P86,2.700000000000001
P440,P335,8.399999999999986
P440,P344,3.4000000000000017
P440,P194,2.0000000000000004
P440,P116,7.999999999999988
P440,P63,2.1000000000000005
P440,P228,5.699999999999996
P440,P62,3.3000000000000016
P440,P170,5.099999999999998
P440,P199,5.099999999999998
P440,P300,4.899999999999999
P440,P132,3.3000000000000016
P440,P317,2.800000000000001
P440,P204,4.6
P440,P314,6.799999999999992
P440,P395,10.29999999999998
P440,P83,5.599999999999996
P440,P93,7.899999999999988
P440,P427,3.5000000000000018
P440,P169,3.1000000000000014
P440,P473,5.4999999999999964
P440,P117,7.39999999999999
P440,P155,1.8000000000000005
P440,P495,7.19999999999999
P440,P34,6.099999999999994
P440,P149,8.299999999999986
P440,P478,4.300000000000001
P440,P190,3.700000000000002
P440,P193,3.5000000000000018
P440,P444,2.800000000000001
P440,P241,1.7000000000000004
P441,P429,2.2000000000000006
P441,P301,6.799999999999992
P441,P312,6.699999999999992
P441,P214,1.8000000000000005
P441,P180,8.299999999999986
P441,P272,4.000000000000002
P441,P296,3.0000000000000013
P441,P354,5.299999999999997
P441,P58,5.699999999999996
P441,P396,2.9000000000000012
P441,P305,8.299999999999986
P441,P218,2.9000000000000012
P441,P434,7.19999999999999
P441,P86,3.3000000000000016
P441,P153,6.299999999999994
P441,P100,2.800000000000001
P441,P449,7.499999999999989
P441,P64,7.19999999999999
P442,P183,2.800000000000001
P442,P478,8.499999999999986
P442,P187,7.999999999999988
P443,P439,3.600000000000002
P443,P429,6.8999999999999915
P443,P215,5.999999999999995
P443,P424,2.600000000000001
P443,P55,4.4
P443,P451,8.899999999999984
P443,P66,12.399999999999972
P443,P274,13.499999999999968
P443,P412,4.899999999999999
P443,P2,5.1999999999999975
P443,P345,7.39999999999999
P444,P305,172.79999999999447
P444,P396,2.700000000000001
P444,P164,10.29999999999998
P444,P34,11.399999999999975
P444,P425,2.0000000000000004
P444,P368,4.5
P444,P20,16.399999999999963
P444,P388,13.699999999999967
P444,P88,2.600000000000001
P444,P488,4.200000000000001
P444,P106,1.5000000000000002
P444,P284,2.500000000000001
P444,P68,7.19999999999999
P444,P139,222.39999999999165
P444,P296,2.600000000000001
P444,P47,2.800000000000001
P444,P8,7.699999999999989
P444,P402,6.699999999999992
P444,P278,6.799999999999992
P444,P309,6.799999999999992
P444,P353,2.9000000000000012
P444,P439,7.499999999999989
P444,P43,0.9999999999999999
P444,P49,5.699999999999996
P444,P418,2.700000000000001
P444,P160,3.700000000000002
P444,P23,7.999999999999988
P444,P335,5.699999999999996
P444,P218,4.999999999999998
P444,P509,3.700000000000002
P444,P116,8.499999999999986
P444,P258,2.500000000000001
P444,P86,2.1000000000000005
P444,P228,8.899999999999984
P444,P199,5.299999999999997
P444,P344,2.3000000000000007
P444,P170,2.0000000000000004
P444,P314,5.899999999999995
P444,P395,8.699999999999985
P444,P63,2.1000000000000005
P444,P93,7.599999999999989
P444,P300,4.899999999999999
P444,P132,3.700000000000002
P444,P317,2.3000000000000007
P444,P117,4.999999999999998
P444,P204,3.5000000000000018
P444,P342,3.4000000000000017
P444,P337,1.6000000000000003
P444,P83,2.3000000000000007
P444,P495,6.5999999999999925
P444,P478,2.500000000000001
P444,P190,4.699999999999999
P444,P193,2.800000000000001
P444,P241,4.6
P444,P440,2.800000000000001
P444,P291,11.099999999999977
P445,P368,262.0999999999911
P445,P90,2.1000000000000005
P445,P261,3.5000000000000018
P445,P262,6.399999999999993
P445,P177,4.5
P445,P238,6.999999999999991
P445,P511,2.9000000000000012
P445,P385,2.800000000000001
P445,P412,7.599999999999989
P445,P32,11.499999999999975
P445,P320,8.599999999999985
P445,P18,6.8999999999999915
P446,P461,3.2000000000000015
P446,P247,8.999999999999984
P446,P316,5.099999999999998
P446,P376,7.799999999999988
P446,P218,4.999999999999998
P446,P274,2.2000000000000006
P446,P239,1.9000000000000006
P446,P108,5.899999999999995
P446,P424,1.6000000000000003
P446,P98,7.19999999999999
P446,P270,3.700000000000002
P446,P55,2.500000000000001
P446,P451,3.900000000000002
P446,P89,3.600000000000002
P446,P70,8.999999999999984
P446,P430,3.800000000000002
P446,P409,6.399999999999993
P446,P272,3.3000000000000016
P446,P68,9.599999999999982
P446,P62,46.30000000000039
P446,P8,5.899999999999995
P446,P359,2.1000000000000005
P446,P296,2.3000000000000007
P446,P47,3.0000000000000013
P446,P278,7.29999999999999
P446,P309,7.29999999999999
P446,P439,10.399999999999979
P446,P402,3.5000000000000018
P446,P7,86.49999999999936
P446,P353,2.500000000000001
P446,P43,2.700000000000001
P446,P23,6.799999999999992
P446,P418,1.8000000000000005
P446,P160,2.3000000000000007
P446,P335,5.099999999999998
P446,P509,2.2000000000000006
P446,P116,5.799999999999995
P446,P228,10.899999999999977
P446,P199,6.199999999999994
P446,P100,2.600000000000001
P446,P179,7.19999999999999
P446,P141,2.0000000000000004
P446,P477,2.9000000000000012
P446,P74,1.5000000000000002
P446,P117,10.999999999999977
P446,P473,8.299999999999986
P446,P490,2.800000000000001
P446,P93,5.899999999999995
P446,P484,2.600000000000001
P446,P423,1.5000000000000002
P447,P85,102.69999999999844
P447,P11,3.1000000000000014
P447,P466,2.600000000000001
P447,P402,175.19999999999433
P447,P176,3.0000000000000013
P447,P477,2.800000000000001
P447,P187,5.999999999999995
P447,P175,5.899999999999995
P447,P228,6.799999999999992
P447,P29,7.099999999999991
P447,P346,4.6
P447,P44,6.799999999999992
P447,P317,7.799999999999988
P447,P267,12.89999999999997
P447,P107,6.099999999999994
P447,P306,6.399999999999993
P447,P169,7.29999999999999
P447,P105,12.099999999999973
P447,P417,8.499999999999986
P447,P403,5.399999999999997
P447,P298,7.599999999999989
P447,P97,8.199999999999987
P447,P492,7.499999999999989
P448,P400,5.899999999999995
P448,P462,2.9000000000000012
P448,P13,2.2000000000000006
P448,P393,4.999999999999998
P448,P404,33.400000000000205
P448,P269,11.999999999999973
P448,P134,6.499999999999993
P448,P456,1.9000000000000006
P448,P40,2.400000000000001
P448,P468,2.500000000000001
P448,P257,13.499999999999968
P448,P3,3.0000000000000013
P448,P115,13.399999999999968
P448,P65,10.599999999999978
P448,P127,3.0000000000000013
P448,P491,6.699999999999992
P448,P171,5.099999999999998
P448,P370,2.2000000000000006
P448,P465,3.1000000000000014
P448,P246,4.000000000000002
P448,P25,5.899999999999995
P448,P343,4.799999999999999
P448,P324,17.999999999999986
P448,P6,2.500000000000001
P448,P75,12.199999999999973
P448,P329,2.600000000000001
P448,P245,3.4000000000000017
P448,P394,2.800000000000001
P448,P58,10.999999999999977
P448,P242,2.2000000000000006
P448,P133,3.1000000000000014
P448,P201,10.799999999999978
P448,P419,3.4000000000000017
P448,P505,2.400000000000001
P448,P305,15.69999999999996
P448,P431,3.1000000000000014
P448,P433,3.1000000000000014
P448,P435,17.299999999999976
P448,P303,8.099999999999987
P448,P330,1.5000000000000002
P448,P136,4.4
P448,P265,1.9000000000000006
P448,P354,7.499999999999989
P448,P415,2.9000000000000012
P448,P128,4.899999999999999
P448,P71,87.39999999999931
P448,P240,2.9000000000000012
P448,P454,4.5
P448,P200,4.5
P448,P141,2.2000000000000006
P448,P36,2.1000000000000005
P448,P74,5.299999999999997
P448,P475,6.099999999999994
P448,P140,6.999999999999991
P448,P77,5.999999999999995
P448,P250,5.399999999999997
P448,P30,8.399999999999986
P448,P322,2.500000000000001
P448,P333,7.39999999999999
P448,P480,1.9000000000000006
P448,P24,8.199999999999987
P448,P236,2.400000000000001
P448,P233,4.999999999999998
P448,P119,4.300000000000001
P448,P14,3.3000000000000016
P448,P378,4.100000000000001
P448,P290,2.1000000000000005
P448,P146,3.3000000000000016
P448,P54,5.799999999999995
P449,P69,6.5999999999999925
P449,P95,3.1000000000000014
P449,P276,3.4000000000000017
P449,P390,1.8000000000000005
P449,P264,2.9000000000000012
P449,P387,2.400000000000001
P449,P50,3.700000000000002
P449,P398,1.4000000000000001
P449,P140,3.2000000000000015
P449,P38,8.599999999999985
P449,P18,2.600000000000001
P449,P141,3.2000000000000015
P449,P378,1.9000000000000006
P449,P143,5.1999999999999975
P449,P262,5.599999999999996
P449,P326,4.899999999999999
P449,P146,2.800000000000001
P449,P463,3.600000000000002
P449,P368,8.799999999999985
P449,P425,6.8999999999999915
P449,P213,7.19999999999999
P449,P187,1.9000000000000006
P449,P216,6.8999999999999915
P449,P441,7.499999999999989
P450,P423,2.0000000000000004
P450,P145,5.4999999999999964
P450,P361,6.499999999999993
P450,P4,4.999999999999998
P450,P2,7.39999999999999
P450,P66,14.799999999999963
P450,P407,6.299999999999994
P450,P340,6.5999999999999925
P450,P331,10.09999999999998
P450,P345,7.099999999999991
P450,P95,8.399999999999986
P451,P326,4.100000000000001
P451,P63,2.600000000000001
P451,P357,6.999999999999991
P451,P287,1.6000000000000003
P451,P280,248.19999999999018
P451,P156,1.9000000000000006
P451,P284,93.29999999999897
P451,P395,5.4999999999999964
P451,P79,2.400000000000001
P451,P44,2.2000000000000006
P451,P300,2.400000000000001
P451,P485,2.600000000000001
P451,P111,2.3000000000000007
P451,P417,4.100000000000001
P451,P199,7.19999999999999
P451,P204,6.099999999999994
P451,P116,7.499999999999989
P451,P314,4.5
P451,P434,161.39999999999512
P451,P255,1.8000000000000005
P451,P163,2.500000000000001
P451,P297,9.099999999999984
P451,P267,3.2000000000000015
P451,P27,2.9000000000000012
P451,P164,2.600000000000001
P451,P381,3.4000000000000017
P451,P403,2.400000000000001
P451,P23,5.299999999999997
P451,P507,2.400000000000001
P451,P158,2.2000000000000006
P451,P278,5.1999999999999975
P451,P342,2.500000000000001
P451,P337,3.3000000000000016
P451,P281,2.400000000000001
P451,P335,2.500000000000001
P451,P258,3.1000000000000014
P451,P298,2.700000000000001
P451,P68,5.099999999999998
P451,P193,2.1000000000000005
P451,P439,2.9000000000000012
P451,P309,4.5
P451,P147,2.500000000000001
P451,P179,2.1000000000000005
P451,P181,3.0000000000000013
P451,P452,3.2000000000000015
P451,P386,1.5000000000000002
P451,P481,4.100000000000001
P451,P194,4.899999999999999
P451,P327,2.3000000000000007
P451,P12,3.3000000000000016
P451,P212,2.3000000000000007
P451,P446,3.900000000000002
P451,P241,2.3000000000000007
P451,P376,9.499999999999982
P451,P162,2.9000000000000012
P451,P98,6.399999999999993
P451,P247,6.399999999999993
P451,P471,1.5000000000000002
P451,P443,8.899999999999984
P451,P221,6.099999999999994
P452,P416,5.4999999999999964
P452,P341,232.69999999999106
P452,P371,5.699999999999996
P452,P24,5.899999999999995
P452,P147,190.29999999999347
P452,P385,2.600000000000001
P452,P387,2.0000000000000004
P452,P179,354.5000000000121
P452,P140,3.4000000000000017
P452,P32,2.400000000000001
P452,P486,3.900000000000002
P452,P18,3.600000000000002
P452,P135,2.9000000000000012
P452,P269,6.8999999999999915
P452,P232,2.800000000000001
P452,P141,1.3
P452,P440,3.4000000000000017
P452,P378,4.300000000000001
P452,P257,6.199999999999994
P452,P110,2.700000000000001
P452,P51,3.900000000000002
P452,P134,2.400000000000001
P452,P456,3.700000000000002
P452,P137,2.800000000000001
P452,P103,2.2000000000000006
P452,P40,3.3000000000000016
P452,P468,3.0000000000000013
P452,P324,2.0000000000000004
P452,P65,1.7000000000000004
P452,P58,8.299999999999986
P452,P127,2.9000000000000012
P452,P491,2.600000000000001
P452,P305,4.6
P452,P171,1.9000000000000006
P452,P465,4.699999999999999
P452,P246,2.1000000000000005
P452,P343,2.1000000000000005
P452,P25,2.600000000000001
P452,P6,2.2000000000000006
P452,P181,287.39999999999685
P452,P75,2.800000000000001
P452,P245,2.1000000000000005
P452,P329,2.700000000000001
P452,P394,2.2000000000000006
P452,P62,4.799999999999999
P452,P242,3.800000000000002
P452,P133,2.0000000000000004
P452,P201,2.2000000000000006
P452,P419,2.400000000000001
P452,P431,2.0000000000000004
P452,P240,2.400000000000001
P452,P358,3.2000000000000015
P452,P80,3.700000000000002
P452,P451,3.2000000000000015
P452,P434,4.899999999999999
P452,P280,5.599999999999996
P452,P112,1.9000000000000006
P452,P282,1.9000000000000006
P452,P68,7.499999999999989
P452,P89,2.800000000000001
P452,P248,3.2000000000000015
P452,P374,4.999999999999998
P452,P278,8.099999999999987
P452,P309,8.099999999999987
P452,P439,8.299999999999986
P452,P8,2.9000000000000012
P452,P430,2.800000000000001
P452,P23,7.599999999999989
P452,P272,4.100000000000001
P452,P335,7.999999999999988
P452,P359,4.999999999999998
P452,P296,3.800000000000002
P452,P47,1.9000000000000006
P452,P402,4.100000000000001
P452,P116,10.999999999999977
P452,P353,2.2000000000000006
P452,P43,1.7000000000000004
P452,P199,6.999999999999991
P452,P287,1.8000000000000005
P452,P418,2.600000000000001
P452,P160,4.6
P452,P79,4.000000000000002
P452,P27,5.299999999999997
P452,P228,3.800000000000002
P452,P314,6.399999999999993
P452,P395,4.799999999999999
P452,P509,3.600000000000002
P452,P93,6.699999999999992
P452,P117,8.599999999999985
P452,P86,4.000000000000002
P452,P344,1.6000000000000003
P452,P495,9.199999999999983
P452,P34,5.399999999999997
P452,P187,2.400000000000001
P452,P163,5.999999999999995
P452,P97,1.9000000000000006
P452,P300,3.3000000000000016
P452,P500,8.099999999999987
P452,P317,2.400000000000001
P452,P204,2.9000000000000012
P452,P118,5.899999999999995
P452,P337,6.999999999999991
P452,P481,13.09999999999997
P452,P83,6.699999999999992
P452,P42,15.499999999999961
P452,P53,7.29999999999999
P452,P404,13.799999999999967
P452,P432,13.599999999999968
P452,P281,6.399999999999993
P452,P149,5.999999999999995
P452,P383,12.199999999999973
P452,P347,17.799999999999983
P452,P261,12.89999999999997
P452,P507,6.999999999999991
P452,P313,6.399999999999993
P452,P488,12.79999999999997
P452,P298,7.499999999999989
P452,P136,5.999999999999995
P452,P380,9.599999999999982
P452,P173,7.099999999999991
P452,P209,8.899999999999984
P453,P493,4.4
P453,P332,14.099999999999966
P453,P321,5.899999999999995
P454,P386,2.800000000000001
P454,P366,3.900000000000002
P454,P378,1.5000000000000002
P454,P348,3.600000000000002
P454,P413,2.2000000000000006
P454,P40,2.700000000000001
P454,P468,2.800000000000001
P454,P233,8.099999999999987
P454,P104,1.9000000000000006
P454,P370,3.5000000000000018
P454,P236,1.8000000000000005
P454,P6,2.400000000000001
P454,P24,5.699999999999996
P454,P242,3.2000000000000015
P454,P65,9.89999999999998
P454,P419,2.500000000000001
P454,P333,5.099999999999998
P454,P431,2.0000000000000004
P454,P26,3.0000000000000013
P454,P358,2.500000000000001
P454,P203,4.5
P454,P80,2.1000000000000005
P454,P121,3.700000000000002
P454,P112,4.300000000000001
P454,P30,5.1999999999999975
P454,P250,7.699999999999989
P454,P248,2.3000000000000007
P454,P75,9.099999999999984
P454,P374,2.700000000000001
P454,P269,7.899999999999988
P454,P475,6.8999999999999915
P454,P470,2.0000000000000004
P454,P257,5.699999999999996
P454,P115,4.799999999999999
P454,P201,5.899999999999995
P454,P71,2.500000000000001
P454,P448,4.5
P454,P359,2.700000000000001
P454,P324,5.699999999999996
P454,P47,2.1000000000000005
P454,P277,3.1000000000000014
P454,P354,5.4999999999999964
P454,P353,2.3000000000000007
P454,P58,6.799999999999992
P454,P43,4.000000000000002
P454,P305,7.099999999999991
P454,P246,82.1999999999996
P454,P418,2.1000000000000005
P454,P160,2.400000000000001
P454,P164,2.3000000000000007
P454,P396,4.899999999999999
P454,P254,7.499999999999989
P454,P156,2.500000000000001
P455,P124,2.2000000000000006
P455,P415,2.0000000000000004
P455,P139,2.600000000000001
P455,P50,1.9000000000000006
P455,P148,8.699999999999985
P455,P207,7.799999999999988
P455,P4,5.1999999999999975
P455,P95,6.099999999999994
P455,P288,8.799999999999985
P455,P55,7.39999999999999
P456,P144,2.9000000000000012
P456,P163,3.0000000000000013
P456,P267,2.1000000000000005
P456,P27,1.9000000000000006
P456,P355,2.700000000000001
P456,P381,1.9000000000000006
P456,P403,1.9000000000000006
P456,P507,3.900000000000002
P456,P305,8.399999999999986
P456,P158,1.8000000000000005
P456,P82,2.500000000000001
P456,P58,7.899999999999988
P456,P342,1.6000000000000003
P456,P337,1.6000000000000003
P456,P281,2.800000000000001
P456,P298,2.400000000000001
P456,P439,1.8000000000000005
P456,P147,1.8000000000000005
P456,P179,3.3000000000000016
P456,P341,2.600000000000001
P456,P452,3.700000000000002
P456,P181,2.600000000000001
P456,P217,3.2000000000000015
P456,P481,2.800000000000001
P456,P157,4.000000000000002
P456,P194,3.4000000000000017
P456,P327,2.9000000000000012
P456,P506,2.0000000000000004
P456,P212,4.899999999999999
P456,P102,2.600000000000001
P456,P349,4.899999999999999
P456,P42,2.2000000000000006
P456,P257,7.39999999999999
P456,P189,2.500000000000001
P456,P115,3.0000000000000013
P456,P146,2.2000000000000006
P456,P92,3.5000000000000018
P456,P432,2.500000000000001
P456,P448,1.9000000000000006
P456,P404,2.0000000000000004
P456,P53,4.6
P456,P114,2.0000000000000004
P456,P487,4.100000000000001
P456,P269,8.999999999999984
P456,P26,2.0000000000000004
P456,P73,2.700000000000001
P456,P347,5.099999999999998
P456,P458,2.500000000000001
P456,P499,3.5000000000000018
P456,P7,3.5000000000000018
P456,P113,2.500000000000001
P456,P354,2.9000000000000012
P456,P250,3.0000000000000013
P456,P30,7.099999999999991
P456,P427,2.2000000000000006
P456,P333,13.899999999999967
P456,P24,14.999999999999963
P456,P440,4.000000000000002
P456,P484,2.400000000000001
P456,P323,12.79999999999997
P456,P329,8.599999999999985
P456,P65,5.4999999999999964
P456,P396,4.799999999999999
P456,P376,6.499999999999993
P457,P480,4.899999999999999
P457,P45,3.700000000000002
P457,P258,8.099999999999987
P457,P511,3.600000000000002
P457,P138,3.5000000000000018
P457,P277,2.700000000000001
P457,P325,2.0000000000000004
P457,P232,1.6000000000000003
P457,P305,7.799999999999988
P457,P141,2.400000000000001
P457,P98,2.2000000000000006
P457,P378,4.699999999999999
P457,P238,2.600000000000001
P457,P58,9.499999999999982
P457,P51,2.2000000000000006
P457,P134,2.9000000000000012
P457,P424,3.800000000000002
P457,P361,2.700000000000001
P457,P40,3.900000000000002
P457,P324,7.699999999999989
P457,P318,1.9000000000000006
P457,P278,15.099999999999962
P457,P465,2.9000000000000012
P457,P293,4.200000000000001
P457,P39,4.799999999999999
P457,P160,2.400000000000001
P457,P164,4.6
P457,P396,4.6
P457,P218,1.5000000000000002
P457,P354,9.699999999999982
P457,P86,5.299999999999997
P457,P158,3.5000000000000018
P457,P194,3.1000000000000014
P457,P434,6.5999999999999925
P457,P63,3.600000000000002
P457,P105,3.900000000000002
P457,P70,7.29999999999999
P457,P62,2.2000000000000006
P457,P265,2.400000000000001
P457,P508,2.500000000000001
P457,P300,2.700000000000001
P457,P205,5.099999999999998
P457,P81,1.4000000000000001
P457,P409,7.499999999999989
P457,P317,3.4000000000000017
P457,P195,2.600000000000001
P457,P267,3.1000000000000014
P457,P68,7.19999999999999
P457,P337,2.2000000000000006
P457,P342,4.000000000000002
P457,P83,5.599999999999996
P457,P161,5.299999999999997
P457,P8,6.999999999999991
P457,P309,9.299999999999983
P457,P169,2.600000000000001
P457,P427,3.0000000000000013
P457,P439,5.099999999999998
P457,P82,2.2000000000000006
P457,P49,6.299999999999994
P457,P132,6.299999999999994
P457,P155,2.1000000000000005
P457,P23,7.099999999999991
P457,P335,7.099999999999991
P457,P344,7.099999999999991
P457,P116,7.599999999999989
P457,P228,7.899999999999988
P457,P246,7.899999999999988
P457,P478,2.800000000000001
P457,P170,4.6
P457,P199,4.6
P457,P27,2.500000000000001
P457,P189,2.800000000000001
P457,P415,2.500000000000001
P457,P314,7.499999999999989
P457,P73,2.0000000000000004
P457,P395,6.499999999999993
P458,P429,1.9000000000000006
P458,P138,2.600000000000001
P458,P232,3.5000000000000018
P458,P373,1.8000000000000005
P458,P51,2.800000000000001
P458,P30,7.099999999999991
P458,P134,2.3000000000000007
P458,P456,2.500000000000001
P458,P269,4.799999999999999
P458,P40,3.3000000000000016
P458,P468,3.4000000000000017
P458,P3,1.9000000000000006
P458,P65,3.0000000000000013
P458,P257,6.8999999999999915
P458,P115,6.999999999999991
P458,P127,1.8000000000000005
P458,P491,1.7000000000000004
P458,P347,87.19999999999932
P458,P171,2.9000000000000012
P458,P370,4.6
P458,P465,2.3000000000000007
P458,P246,6.699999999999992
P458,P25,2.0000000000000004
P458,P343,2.400000000000001
P458,P6,0.9999999999999999
P458,P75,4.000000000000002
P458,P245,4.5
P458,P324,7.29999999999999
P458,P329,3.5000000000000018
P458,P394,1.9000000000000006
P458,P242,2.1000000000000005
P458,P133,2.9000000000000012
P458,P201,2.400000000000001
P458,P419,3.900000000000002
P458,P142,2.500000000000001
P458,P505,2.2000000000000006
P458,P58,5.799999999999995
P458,P431,1.5000000000000002
P458,P240,2.800000000000001
P458,P305,6.5999999999999925
P458,P358,2.3000000000000007
P458,P80,1.7000000000000004
P458,P121,3.5000000000000018
P458,P280,2.0000000000000004
P458,P112,3.0000000000000013
P458,P282,4.100000000000001
P458,P248,2.0000000000000004
P458,P434,8.799999999999985
P458,P374,2.800000000000001
P458,P70,6.399999999999993
P458,P430,3.4000000000000017
P458,P409,6.299999999999994
P458,P68,10.999999999999977
P458,P272,1.9000000000000006
P458,P8,14.999999999999963
P458,P359,2.0000000000000004
P458,P296,5.599999999999996
P458,P278,10.29999999999998
P458,P309,10.29999999999998
P458,P47,2.400000000000001
P458,P439,14.199999999999966
P458,P402,3.4000000000000017
P458,P353,2.3000000000000007
P458,P23,13.499999999999968
P458,P43,1.7000000000000004
P458,P164,2.3000000000000007
P458,P136,1.7000000000000004
P458,P265,2.400000000000001
P458,P393,2.3000000000000007
P458,P415,2.1000000000000005
P458,P49,6.199999999999994
P458,P258,5.799999999999995
P458,P253,4.000000000000002
P458,P128,3.0000000000000013
P458,P173,5.599999999999996
P458,P20,5.899999999999995
P458,P388,7.999999999999988
P459,P495,24.100000000000072
P459,P89,129.59999999999692
P459,P149,2.400000000000001
P459,P118,1.7000000000000004
P459,P97,2.700000000000001
P459,P96,3.1000000000000014
P459,P117,2.2000000000000006
P459,P344,2.700000000000001
P459,P375,4.4
P459,P156,2.3000000000000007
P459,P93,7.29999999999999
P459,P79,2.800000000000001
P459,P44,3.5000000000000018
P459,P492,3.0000000000000013
P459,P300,4.899999999999999
P459,P485,4.5
P459,P395,5.699999999999996
P459,P417,2.9000000000000012
P459,P204,2.500000000000001
P459,P199,8.899999999999984
P459,P314,2.2000000000000006
P459,P116,5.4999999999999964
P459,P255,2.500000000000001
P459,P163,2.9000000000000012
P460,P27,1.2
P460,P244,40.80000000000031
P460,P108,5.099999999999998
P460,P315,3.4000000000000017
P460,P229,9.399999999999983
P460,P161,3.600000000000002
P460,P426,12.399999999999972
P460,P412,7.499999999999989
P460,P105,7.899999999999988
P460,P498,6.999999999999991
P460,P365,7.999999999999988
P460,P334,13.999999999999966
P460,P320,10.999999999999977
P460,P165,6.5999999999999925
P460,P415,8.399999999999986
P460,P152,6.5999999999999925
P460,P133,13.999999999999966
P460,P137,8.399999999999986
P460,P160,7.499999999999989
P461,P56,2.800000000000001
P461,P446,3.2000000000000015
P461,P76,6.799999999999992
P461,P190,5.599999999999996
P461,P251,5.599999999999996
P461,P152,5.4999999999999964
P461,P386,7.29999999999999
P461,P2,7.499999999999989
P461,P137,11.899999999999974
P461,P390,7.899999999999988
P461,P371,4.899999999999999
P461,P340,5.899999999999995
P461,P270,4.799999999999999
P461,P234,6.399999999999993
P461,P402,6.199999999999994
P461,P331,6.699999999999992
P461,P496,5.299999999999997
P461,P407,6.099999999999994
P461,P264,5.899999999999995
P461,P466,5.399999999999997
P461,P194,7.499999999999989
P461,P300,6.5999999999999925
P462,P267,2.2000000000000006
P462,P416,2.700000000000001
P462,P448,2.9000000000000012
P462,P22,1.8000000000000005
P462,P114,2.3000000000000007
P462,P13,8.499999999999986
P462,P423,6.499999999999993
P462,P350,5.899999999999995
P462,P280,5.299999999999997
P462,P276,6.999999999999991
P463,P239,2.2000000000000006
P463,P424,2.500000000000001
P463,P363,16.09999999999996
P463,P284,2.600000000000001
P463,P449,3.600000000000002
P463,P262,8.099999999999987
P463,P120,7.899999999999988
P463,P326,4.200000000000001
P463,P370,7.699999999999989
P463,P359,7.899999999999988
P463,P9,5.4999999999999964
P463,P498,7.29999999999999
P463,P51,7.099999999999991
P463,P282,7.899999999999988
P463,P248,7.29999999999999
P463,P489,6.099999999999994
P463,P86,6.499999999999993
P463,P108,5.899999999999995
P464,P399,1.5000000000000002
P464,P436,3.3000000000000016
P464,P30,6.999999999999991
P464,P349,1.7000000000000004
P464,P189,2.3000000000000007
P464,P92,2.500000000000001
P464,P146,3.3000000000000016
P464,P432,4.200000000000001
P464,P53,2.1000000000000005
P464,P404,2.0000000000000004
P464,P487,2.800000000000001
P464,P26,2.600000000000001
P464,P347,3.2000000000000015
P464,P499,4.799999999999999
P464,P333,5.899999999999995
P464,P9,2.400000000000001
P464,P7,2.400000000000001
P464,P113,1.8000000000000005
P464,P354,1.8000000000000005
P464,P250,2.800000000000001
P464,P24,7.39999999999999
P464,P427,2.1000000000000005
P464,P486,7.699999999999989
P464,P206,8.299999999999986
P464,P475,4.6
P464,P184,4.4
P464,P45,7.29999999999999
P464,P4,5.399999999999997
P464,P112,5.399999999999997
P464,P108,6.499999999999993
P464,P152,5.1999999999999975
P464,P25,5.399999999999997
P465,P457,2.9000000000000012
P465,P278,6.499999999999993
P465,P171,16.09999999999996
P465,P163,3.800000000000002
P465,P267,7.999999999999988
P465,P27,1.8000000000000005
P465,P355,2.400000000000001
P465,P381,2.800000000000001
P465,P403,2.500000000000001
P465,P507,2.3000000000000007
P465,P158,8.499999999999986
P465,P82,2.400000000000001
P465,P342,4.999999999999998
P465,P337,6.699999999999992
P465,P281,3.4000000000000017
P465,P335,1.8000000000000005
P465,P258,3.900000000000002
P465,P298,3.1000000000000014
P465,P439,4.6
P465,P309,3.3000000000000016
P465,P147,1.8000000000000005
P465,P179,3.900000000000002
P465,P341,3.3000000000000016
P465,P452,4.699999999999999
P465,P181,2.700000000000001
P465,P305,17.099999999999973
P465,P217,4.6
P465,P194,2.800000000000001
P465,P481,3.2000000000000015
P465,P58,12.79999999999997
P465,P327,3.2000000000000015
P465,P155,4.200000000000001
P465,P212,1.9000000000000006
P465,P102,2.3000000000000007
P465,P349,2.9000000000000012
P465,P42,1.5000000000000002
P465,P189,2.3000000000000007
P465,P92,2.9000000000000012
P465,P324,13.199999999999969
P465,P432,4.200000000000001
P465,P409,11.399999999999975
P465,P448,3.1000000000000014
P465,P404,3.2000000000000015
P465,P53,2.800000000000001
P465,P114,2.400000000000001
P465,P487,2.1000000000000005
P465,P26,3.0000000000000013
P465,P73,2.2000000000000006
P465,P347,2.600000000000001
P465,P458,2.3000000000000007
P465,P499,2.9000000000000012
P465,P277,3.5000000000000018
P465,P7,2.9000000000000012
P465,P293,3.0000000000000013
P465,P354,13.699999999999967
P465,P115,10.499999999999979
P465,P257,14.299999999999965
P465,P52,16.499999999999964
P465,P146,5.399999999999997
P465,P164,2.400000000000001
P465,P201,5.799999999999995
P465,P47,6.499999999999993
P465,P396,2.3000000000000007
P465,P86,4.200000000000001
P465,P17,5.599999999999996
P465,P184,2.9000000000000012
P465,P63,2.400000000000001
P465,P105,5.299999999999997
P465,P434,5.599999999999996
P465,P62,1.9000000000000006
P465,P265,3.900000000000002
P465,P508,2.600000000000001
P465,P130,3.600000000000002
P465,P300,2.600000000000001
P465,P81,2.3000000000000007
P465,P70,9.99999999999998
P465,P317,2.800000000000001
P465,P195,2.9000000000000012
P465,P205,6.5999999999999925
P465,P161,3.4000000000000017
P465,P83,3.2000000000000015
P465,P68,6.699999999999992
P466,P287,3.2000000000000015
P466,P402,4.200000000000001
P466,P447,2.600000000000001
P466,P85,3.600000000000002
P466,P187,3.4000000000000017
P466,P228,2.800000000000001
P466,P21,2.9000000000000012
P466,P340,3.1000000000000014
P466,P11,1.7000000000000004
P466,P317,2.400000000000001
P466,P185,4.999999999999998
P466,P17,2.800000000000001
P466,P384,3.700000000000002
P466,P389,3.0000000000000013
P466,P103,4.999999999999998
P466,P113,1.9000000000000006
P466,P333,7.599999999999989
P466,P398,3.4000000000000017
P466,P353,2.9000000000000012
P466,P30,7.19999999999999
P466,P43,2.700000000000001
P466,P250,4.999999999999998
P466,P77,6.799999999999992
P466,P75,6.699999999999992
P466,P164,2.3000000000000007
P466,P269,6.499999999999993
P466,P140,7.699999999999989
P466,P475,7.699999999999989
P466,P396,2.9000000000000012
P466,P257,7.699999999999989
P466,P115,4.999999999999998
P466,P201,8.499999999999986
P466,P47,9.799999999999981
P466,P194,1.3
P466,P461,5.399999999999997
P466,P229,2.700000000000001
P466,P178,7.999999999999988
P466,P29,6.699999999999992
P466,P252,5.899999999999995
P467,P490,2.0000000000000004
P467,P276,68.90000000000036
P467,P432,3.800000000000002
P467,P184,2.0000000000000004
P467,P328,7.39999999999999
P467,P110,2.700000000000001
P467,P420,13.899999999999967
P467,P178,12.399999999999972
P467,P84,5.799999999999995
P467,P436,12.199999999999973
P467,P291,3.900000000000002
P467,P322,6.999999999999991
P468,P471,3.2000000000000015
P468,P258,2.0000000000000004
P468,P151,2.500000000000001
P468,P511,2.0000000000000004
P468,P277,1.9000000000000006
P468,P134,4.300000000000001
P468,P424,2.3000000000000007
P468,P137,2.800000000000001
P468,P40,442.9000000000322
P468,P163,2.700000000000001
P468,P267,2.1000000000000005
P468,P27,2.500000000000001
P468,P355,3.2000000000000015
P468,P381,2.1000000000000005
P468,P403,2.1000000000000005
P468,P507,2.9000000000000012
P468,P158,3.2000000000000015
P468,P82,2.600000000000001
P468,P305,8.499999999999986
P468,P342,2.400000000000001
P468,P337,0.9999999999999999
P468,P58,6.299999999999994
P468,P281,2.0000000000000004
P468,P335,1.9000000000000006
P468,P298,3.1000000000000014
P468,P439,2.800000000000001
P468,P147,3.2000000000000015
P468,P179,3.900000000000002
P468,P341,1.7000000000000004
P468,P452,3.0000000000000013
P468,P181,2.400000000000001
P468,P217,2.500000000000001
P468,P481,3.3000000000000016
P468,P194,1.8000000000000005
P468,P157,2.1000000000000005
P468,P327,1.6000000000000003
P468,P506,2.0000000000000004
P468,P212,2.3000000000000007
P468,P102,2.500000000000001
P468,P349,2.700000000000001
P468,P42,2.600000000000001
P468,P189,4.5
P468,P146,2.3000000000000007
P468,P92,1.5000000000000002
P468,P115,4.000000000000002
P468,P432,2.3000000000000007
P468,P257,7.19999999999999
P468,P448,2.500000000000001
P468,P404,3.1000000000000014
P468,P53,2.500000000000001
P468,P114,3.1000000000000014
P468,P487,2.0000000000000004
P468,P26,6.799999999999992
P468,P73,1.8000000000000005
P468,P347,3.0000000000000013
P468,P458,3.4000000000000017
P468,P499,2.400000000000001
P468,P269,7.19999999999999
P468,P7,4.799999999999999
P468,P113,2.1000000000000005
P468,P354,1.7000000000000004
P468,P250,6.8999999999999915
P468,P30,9.299999999999983
P468,P427,2.600000000000001
P468,P333,7.999999999999988
P468,P390,1.9000000000000006
P468,P440,1.8000000000000005
P468,P24,5.799999999999995
P468,P330,2.400000000000001
P468,P475,2.2000000000000006
P468,P128,2.800000000000001
P468,P454,2.800000000000001
P468,P233,5.399999999999997
P468,P200,1.5000000000000002
P468,P141,5.699999999999996
P468,P140,1.7000000000000004
P468,P36,3.0000000000000013
P468,P398,1.5000000000000002
P468,P38,8.399999999999986
P468,P322,2.700000000000001
P468,P387,2.800000000000001
P468,P80,4.200000000000001
P469,P71,2.400000000000001
P469,P330,11.799999999999974
P469,P371,3.0000000000000013
P469,P270,3.2000000000000015
P469,P50,4.6
P469,P295,9.499999999999982
P469,P90,2.500000000000001
P469,P87,5.299999999999997
P469,P110,1.7000000000000004
P469,P123,3.0000000000000013
P469,P182,6.499999999999993
P469,P263,2.3000000000000007
P469,P328,5.699999999999996
P469,P370,4.300000000000001
P469,P277,2.0000000000000004
P469,P75,8.999999999999984
P469,P396,4.6
P469,P269,5.699999999999996
P469,P140,6.299999999999994
P469,P475,8.499999999999986
P469,P257,6.499999999999993
P469,P115,5.1999999999999975
P469,P201,6.999999999999991
P469,P47,7.29999999999999
P469,P489,1.7000000000000004
P469,P86,2.600000000000001
P469,P158,3.2000000000000015
P469,P17,2.700000000000001
P469,P324,6.5999999999999925
P469,P9,7.39999999999999
P469,P184,7.599999999999989
P469,P236,6.5999999999999925
P469,P394,4.799999999999999
P469,P63,6.8999999999999915
P469,P418,6.5999999999999925
P469,P105,12.89999999999997
P469,P51,7.29999999999999
P469,P508,5.599999999999996
P469,P130,9.799999999999981
P469,P265,6.499999999999993
P469,P280,6.299999999999994
P469,P81,6.5999999999999925
P469,P195,9.499999999999982
P469,P267,7.599999999999989
P469,P126,7.799999999999988
P469,P342,6.999999999999991
P469,P161,8.999999999999984
P469,P83,6.299999999999994
P469,P272,6.099999999999994
P469,P14,8.099999999999987
P470,P350,2.0000000000000004
P470,P40,3.0000000000000013
P470,P491,3.2000000000000015
P470,P55,1.9000000000000006
P470,P10,2.500000000000001
P470,P217,4.6
P470,P354,9.099999999999984
P470,P232,2.3000000000000007
P470,P330,2.400000000000001
P470,P430,76.09999999999995
P470,P324,7.599999999999989
P470,P265,2.500000000000001
P470,P393,3.900000000000002
P470,P415,3.800000000000002
P470,P128,2.700000000000001
P470,P201,6.699999999999992
P470,P115,7.799999999999988
P470,P257,7.999999999999988
P470,P454,2.0000000000000004
P470,P475,4.4
P470,P200,3.0000000000000013
P470,P269,5.699999999999996
P470,P77,6.999999999999991
P470,P75,8.599999999999985
P470,P141,1.6000000000000003
P470,P250,6.699999999999992
P470,P140,2.700000000000001
P470,P36,1.7000000000000004
P470,P74,2.2000000000000006
P470,P30,7.799999999999988
P470,P397,3.700000000000002
P470,P264,2.700000000000001
P470,P498,4.4
P470,P373,7.799999999999988
P470,P248,2.9000000000000012
P470,P282,2.800000000000001
P470,P99,5.799999999999995
P470,P230,2.2000000000000006
P471,P468,3.2000000000000015
P471,P205,3.4000000000000017
P471,P163,2.700000000000001
P471,P27,2.700000000000001
P471,P262,6.299999999999994
P471,P498,1.0999999999999999
P471,P261,3.700000000000002
P471,P424,2.2000000000000006
P471,P55,2.500000000000001
P471,P451,1.5000000000000002
P471,P274,10.799999999999978
P471,P98,7.799999999999988
P471,P247,7.799999999999988
P471,P376,7.29999999999999
P471,P499,11.099999999999977
P471,P89,6.999999999999991
P471,P240,9.599999999999982
P471,P331,5.299999999999997
P471,P490,6.8999999999999915
P471,P126,5.799999999999995
P471,P2,6.799999999999992
P471,P416,8.299999999999986
P472,P244,3.800000000000002
P472,P276,13.199999999999969
P473,P31,199.09999999999297
P473,P209,3.1000000000000014
P473,P110,2.1000000000000005
P473,P328,8.099999999999987
P473,P75,4.5
P473,P269,8.499999999999986
P473,P329,1.6000000000000003
P473,P245,4.999999999999998
P473,P394,2.1000000000000005
P473,P242,3.3000000000000016
P473,P257,5.4999999999999964
P473,P142,3.700000000000002
P473,P505,2.400000000000001
P473,P419,2.400000000000001
P473,P115,5.399999999999997
P473,P431,3.1000000000000014
P473,P201,8.499999999999986
P473,P26,1.8000000000000005
P473,P358,1.8000000000000005
P473,P433,5.399999999999997
P473,P80,2.700000000000001
P473,P121,3.600000000000002
P473,P280,1.5000000000000002
P473,P112,2.0000000000000004
P473,P282,2.500000000000001
P473,P324,7.19999999999999
P473,P248,3.3000000000000016
P473,P354,8.099999999999987
P473,P374,2.2000000000000006
P473,P58,7.799999999999988
P473,P305,5.799999999999995
P473,P430,2.2000000000000006
P473,P272,3.1000000000000014
P473,P434,5.999999999999995
P473,P359,1.7000000000000004
P473,P296,3.2000000000000015
P473,P70,6.499999999999993
P473,P47,2.3000000000000007
P473,P402,3.0000000000000013
P473,P277,3.5000000000000018
P473,P409,6.8999999999999915
P473,P353,2.9000000000000012
P473,P43,2.3000000000000007
P473,P68,5.899999999999995
P473,P418,3.900000000000002
P473,P160,2.700000000000001
P473,P8,7.599999999999989
P473,P164,3.700000000000002
P473,P278,7.699999999999989
P473,P309,7.699999999999989
P473,P439,6.699999999999992
P473,P218,1.2
P473,P49,9.099999999999984
P473,P23,6.699999999999992
P473,P335,6.799999999999992
P473,P258,3.900000000000002
P473,P86,1.8000000000000005
P473,P158,2.700000000000001
P473,P344,4.6
P473,P116,7.499999999999989
P473,P228,5.299999999999997
P473,P63,2.700000000000001
P473,P170,5.399999999999997
P473,P199,5.399999999999997
P473,P62,2.9000000000000012
P473,P300,2.2000000000000006
P473,P132,2.9000000000000012
P473,P314,6.5999999999999925
P473,P317,2.500000000000001
P473,P395,7.29999999999999
P473,P204,3.2000000000000015
P473,P337,2.0000000000000004
P473,P342,2.3000000000000007
P473,P83,2.3000000000000007
P473,P93,7.29999999999999
P473,P427,6.399999999999993
P473,P169,9.299999999999983
P473,P82,5.399999999999997
P473,P440,5.4999999999999964
P473,P371,5.799999999999995
P473,P162,8.199999999999987
P473,P155,6.699999999999992
P473,P232,6.799999999999992
P473,P281,6.5999999999999925
P473,P136,7.899999999999988
P473,P415,14.799999999999963
P473,P432,6.999999999999991
P473,P253,5.4999999999999964
P473,P173,7.599999999999989
P473,P478,7.799999999999988
P473,P189,9.399999999999983
P473,P141,8.099999999999987
P473,P477,5.099999999999998
P473,P74,6.699999999999992
P473,P446,8.299999999999986
P473,P490,6.499999999999993
P473,P404,8.999999999999984
P473,P42,4.899999999999999
P474,P125,2.600000000000001
P474,P211,5.399999999999997
P474,P350,6.399999999999993
P474,P282,13.299999999999969
P474,P336,8.199999999999987
P474,P414,5.4999999999999964
P474,P389,6.999999999999991
P474,P60,7.999999999999988
P474,P273,5.599999999999996
P474,P34,8.499999999999986
P474,P81,5.799999999999995
P474,P162,8.699999999999985
P474,P111,8.399999999999986
P474,P487,8.699999999999985
P474,P432,6.399999999999993
P475,P136,1.9000000000000006
P475,P59,6.499999999999993
P475,P498,5.699999999999996
P475,P464,4.6
P475,P206,7.499999999999989
P475,P486,4.799999999999999
P475,P413,3.5000000000000018
P475,P40,3.4000000000000017
P475,P468,2.2000000000000006
P475,P491,8.299999999999986
P475,P24,7.19999999999999
P475,P171,5.299999999999997
P475,P65,6.199999999999994
P475,P370,2.3000000000000007
P475,P333,6.499999999999993
P475,P343,2.9000000000000012
P475,P6,1.9000000000000006
P475,P236,12.89999999999997
P475,P329,3.1000000000000014
P475,P242,2.500000000000001
P475,P30,7.499999999999989
P475,P142,2.9000000000000012
P475,P419,2.500000000000001
P475,P505,2.400000000000001
P475,P431,4.100000000000001
P475,P250,6.799999999999992
P475,P26,3.2000000000000015
P475,P75,6.299999999999994
P475,P358,3.1000000000000014
P475,P433,4.5
P475,P269,6.099999999999994
P475,P80,3.3000000000000016
P475,P121,8.199999999999987
P475,P280,10.29999999999998
P475,P282,1.9000000000000006
P475,P112,2.9000000000000012
P475,P265,17.69999999999998
P475,P393,7.19999999999999
P475,P128,6.099999999999994
P475,P248,12.99999999999997
P475,P374,7.699999999999989
P475,P454,6.8999999999999915
P475,P470,4.4
P475,P200,7.999999999999988
P475,P141,7.099999999999991
P475,P36,9.099999999999984
P475,P71,7.39999999999999
P475,P448,6.099999999999994
P475,P74,7.099999999999991
P475,P359,7.699999999999989
P475,P484,6.799999999999992
P475,P402,7.19999999999999
P475,P277,5.999999999999995
P475,P353,6.299999999999994
P475,P43,5.1999999999999975
P475,P264,6.699999999999992
P475,P164,5.699999999999996
P475,P326,7.099999999999991
P475,P480,5.599999999999996
P475,P466,7.699999999999989
P475,P396,5.4999999999999964
P475,P469,8.499999999999986
P475,P9,5.099999999999998
P475,P394,10.29999999999998
P475,P489,6.5999999999999925
P475,P51,5.699999999999996
P475,P86,6.099999999999994
P475,P17,8.499999999999986
P475,P4,5.1999999999999975
P475,P184,7.39999999999999
P475,P272,7.19999999999999
P475,P14,4.999999999999998
P475,P157,7.19999999999999
P475,P63,7.899999999999988
P475,P130,5.799999999999995
P475,P81,6.799999999999992
P475,P76,1.3
P476,P197,1.0999999999999999
P476,P412,3.700000000000002
P476,P253,9.699999999999982
P476,P405,7.599999999999989
P476,P411,6.999999999999991
P476,P111,8.899999999999984
P476,P339,9.299999999999983
P477,P287,2.3000000000000007
P477,P402,3.5000000000000018
P477,P447,2.800000000000001
P477,P85,2.400000000000001
P477,P187,2.1000000000000005
P477,P228,9.299999999999983
P477,P21,2.0000000000000004
P477,P340,5.099999999999998
P477,P11,4.300000000000001
P477,P317,5.599999999999996
P477,P17,5.1999999999999975
P477,P259,7.799999999999988
P477,P59,2.800000000000001
P477,P286,7.29999999999999
P477,P506,2.1000000000000005
P477,P351,7.799999999999988
P477,P435,5.4999999999999964
P477,P111,3.1000000000000014
P477,P278,6.299999999999994
P477,P309,6.299999999999994
P477,P195,3.5000000000000018
P477,P439,6.699999999999992
P477,P267,2.700000000000001
P477,P258,8.899999999999984
P477,P49,10.899999999999977
P477,P132,10.899999999999977
P477,P337,1.7000000000000004
P477,P342,2.9000000000000012
P477,P161,2.700000000000001
P477,P83,3.0000000000000013
P477,P23,7.699999999999989
P477,P427,2.1000000000000005
P477,P169,1.4000000000000001
P477,P82,2.3000000000000007
P477,P335,9.099999999999984
P477,P344,9.099999999999984
P477,P155,5.299999999999997
P477,P116,6.499999999999993
P477,P246,6.499999999999993
P477,P170,7.19999999999999
P477,P199,7.19999999999999
P477,P314,5.899999999999995
P477,P395,6.499999999999993
P477,P478,3.2000000000000015
P477,P189,1.9000000000000006
P477,P415,3.700000000000002
P477,P93,6.999999999999991
P477,P473,5.099999999999998
P477,P117,5.599999999999996
P477,P446,2.9000000000000012
P477,P404,2.400000000000001
P477,P42,2.600000000000001
P477,P306,1.5000000000000002
P477,P495,7.699999999999989
P477,P34,5.299999999999997
P477,P149,5.999999999999995
P477,P383,3.0000000000000013
P477,P380,4.000000000000002
P478,P289,4.899999999999999
P478,P231,138.49999999999642
P478,P78,3.2000000000000015
P478,P363,8.799999999999985
P478,P216,4.899999999999999
P478,P341,6.499999999999993
P478,P213,4.000000000000002
P478,P1,4.699999999999999
P478,P442,8.499999999999986
P478,P117,12.499999999999972
P478,P344,2.700000000000001
P478,P495,12.499999999999972
P478,P187,3.0000000000000013
P478,P34,12.89999999999997
P478,P60,2.9000000000000012
P478,P444,2.500000000000001
P478,P241,3.800000000000002
P478,P440,4.300000000000001
P478,P291,2.0000000000000004
P478,P149,6.299999999999994
P478,P173,3.5000000000000018
P478,P473,7.799999999999988
P478,P93,6.199999999999994
P478,P141,2.700000000000001
P478,P477,3.2000000000000015
P478,P74,3.600000000000002
P478,P395,6.999999999999991
P478,P490,2.800000000000001
P478,P314,6.399999999999993
P478,P484,2.800000000000001
P478,P423,4.799999999999999
P478,P170,7.39999999999999
P478,P199,7.39999999999999
P478,P457,2.800000000000001
P478,P407,3.5000000000000018
P478,P228,7.499999999999989
P478,P246,7.499999999999989
P478,P397,2.3000000000000007
P478,P116,6.699999999999992
P478,P334,2.800000000000001
P478,P165,1.8000000000000005
P478,P176,1.9000000000000006
P478,P218,2.1000000000000005
P479,P296,5.699999999999996
P479,P500,103.3999999999984
P479,P418,5.299999999999997
P479,P101,3.1000000000000014
P479,P89,2.2000000000000006
P479,P391,1.8000000000000005
P479,P149,2.500000000000001
P479,P118,2.600000000000001
P479,P97,1.5000000000000002
P479,P93,7.099999999999991
P479,P96,1.9000000000000006
P479,P344,6.5999999999999925
P479,P375,2.500000000000001
P479,P156,1.7000000000000004
P479,P79,2.0000000000000004
P479,P112,10.799999999999978
P479,P44,2.600000000000001
P479,P300,3.5000000000000018
P479,P395,8.899999999999984
P479,P485,2.700000000000001
P479,P111,2.800000000000001
P479,P417,2.9000000000000012
P479,P199,15.099999999999962
P479,P204,4.000000000000002
P479,P314,3.1000000000000014
P479,P116,15.299999999999962
P479,P255,1.7000000000000004
P479,P163,3.2000000000000015
P479,P267,1.9000000000000006
P479,P27,2.3000000000000007
P479,P164,6.699999999999992
P479,P381,3.600000000000002
P479,P403,2.600000000000001
P479,P23,13.499999999999968
P479,P282,34.100000000000215
P479,P507,1.6000000000000003
P479,P158,4.5
P479,P278,16.09999999999996
P479,P249,3.0000000000000013
P479,P435,10.09999999999998
P479,P68,4.799999999999999
P479,P47,2.700000000000001
P479,P402,2.3000000000000007
P479,P241,55.900000000000524
P479,P8,5.899999999999995
P479,P353,3.900000000000002
P479,P43,3.700000000000002
P479,P309,7.999999999999988
P479,P439,8.799999999999985
P479,P160,2.400000000000001
P479,P49,7.899999999999988
P479,P218,3.1000000000000014
P479,P335,6.999999999999991
P479,P139,2.0000000000000004
P479,P258,2.400000000000001
P479,P86,2.9000000000000012
P479,P228,7.39999999999999
P479,P100,8.299999999999986
P479,P393,6.699999999999992
P479,P12,8.499999999999986
P479,P279,4.6
P480,P457,4.899999999999999
P480,P163,4.799999999999999
P480,P205,12.599999999999971
P480,P262,1.6000000000000003
P480,P56,4.699999999999999
P480,P27,2.800000000000001
P480,P261,3.700000000000002
P480,P3,3.3000000000000016
P480,P220,11.599999999999975
P480,P127,1.6000000000000003
P480,P171,3.4000000000000017
P480,P112,2.3000000000000007
P480,P329,6.499999999999993
P480,P24,4.699999999999999
P480,P65,5.699999999999996
P480,P71,2.2000000000000006
P480,P448,1.9000000000000006
P480,P113,3.800000000000002
P480,P333,6.999999999999991
P480,P398,5.1999999999999975
P480,P402,3.1000000000000014
P480,P353,2.2000000000000006
P480,P30,11.399999999999975
P480,P43,1.7000000000000004
P480,P250,7.599999999999989
P480,P77,6.299999999999994
P480,P75,5.899999999999995
P480,P164,1.9000000000000006
P480,P269,6.5999999999999925
P480,P140,5.799999999999995
P480,P475,5.599999999999996
P480,P396,3.3000000000000016
P480,P257,6.999999999999991
P480,P115,5.799999999999995
P480,P201,7.099999999999991
P480,P47,7.899999999999988
P480,P489,4.4
P480,P86,4.799999999999999
P480,P324,8.899999999999984
P480,P158,2.500000000000001
P480,P17,1.9000000000000006
P480,P354,6.5999999999999925
P480,P58,5.599999999999996
P480,P184,2.3000000000000007
P480,P305,7.19999999999999
P480,P63,4.799999999999999
P480,P105,2.500000000000001
P480,P62,1.9000000000000006
P480,P265,2.9000000000000012
P480,P508,2.600000000000001
P480,P130,2.9000000000000012
P480,P300,2.600000000000001
P480,P81,2.700000000000001
P480,P317,3.700000000000002
P480,P195,1.9000000000000006
P480,P267,5.399999999999997
P480,P434,5.899999999999995
P480,P330,2.1000000000000005
P480,P337,2.500000000000001
P480,P342,2.9000000000000012
P480,P70,7.19999999999999
P480,P161,2.500000000000001
P480,P83,2.3000000000000007
P480,P409,6.799999999999992
P480,P427,2.500000000000001
P480,P82,3.0000000000000013
P480,P68,6.099999999999994
P480,P155,1.8000000000000005
P480,P8,8.099999999999987
P480,P278,9.399999999999983
P480,P309,9.399999999999983
P480,P439,8.799999999999985
P480,P258,8.799999999999985
P480,P49,8.399999999999986
P480,P132,8.399999999999986
P480,P502,4.300000000000001
P480,P23,8.999999999999984
P481,P427,5.599999999999996
P481,P354,2.400000000000001
P481,P231,3.0000000000000013
P481,P250,1.9000000000000006
P481,P330,4.300000000000001
P481,P38,3.4000000000000017
P481,P371,2.3000000000000007
P481,P387,2.2000000000000006
P481,P24,5.799999999999995
P481,P140,2.700000000000001
P481,P32,2.700000000000001
P481,P486,2.400000000000001
P481,P30,6.299999999999994
P481,P18,2.3000000000000007
P481,P135,2.9000000000000012
P481,P232,4.200000000000001
P481,P269,6.199999999999994
P481,P141,5.399999999999997
P481,P440,2.3000000000000007
P481,P378,4.300000000000001
P481,P110,1.9000000000000006
P481,P257,6.299999999999994
P481,P51,2.1000000000000005
P481,P157,57.90000000000055
P481,P134,4.100000000000001
P481,P456,2.800000000000001
P481,P103,4.5
P481,P194,607.9000000000697
P481,P40,1.9000000000000006
P481,P468,3.3000000000000016
P481,P3,3.900000000000002
P481,P324,4.200000000000001
P481,P65,3.4000000000000017
P481,P127,1.8000000000000005
P481,P491,2.600000000000001
P481,P58,5.399999999999997
P481,P171,2.800000000000001
P481,P465,3.2000000000000015
P481,P305,6.799999999999992
P481,P246,3.1000000000000014
P481,P25,2.500000000000001
P481,P6,2.2000000000000006
P481,P343,2.600000000000001
P481,P75,2.800000000000001
P481,P245,2.400000000000001
P481,P329,1.8000000000000005
P481,P394,2.500000000000001
P481,P242,5.299999999999997
P481,P133,2.2000000000000006
P481,P201,3.700000000000002
P481,P419,2.1000000000000005
P481,P431,6.099999999999994
P481,P240,2.700000000000001
P481,P358,4.4
P481,P80,4.5
P481,P451,4.100000000000001
P481,P280,1.6000000000000003
P481,P434,1.9000000000000006
P481,P112,2.0000000000000004
P481,P282,3.1000000000000014
P481,P68,7.599999999999989
P481,P89,2.400000000000001
P481,P248,3.4000000000000017
P481,P374,2.700000000000001
P481,P8,2.3000000000000007
P481,P278,5.4999999999999964
P481,P309,5.4999999999999964
P481,P430,3.700000000000002
P481,P439,8.099999999999987
P481,P23,6.499999999999993
P481,P272,1.9000000000000006
P481,P335,8.999999999999984
P481,P359,3.900000000000002
P481,P296,2.700000000000001
P481,P47,3.0000000000000013
P481,P402,2.9000000000000012
P481,P353,2.600000000000001
P481,P116,6.499999999999993
P481,P43,4.100000000000001
P481,P287,2.3000000000000007
P481,P418,3.0000000000000013
P481,P160,4.000000000000002
P481,P199,5.299999999999997
P481,P345,2.400000000000001
P481,P79,3.5000000000000018
P481,P27,2.400000000000001
P481,P228,3.900000000000002
P481,P314,4.699999999999999
P481,P395,8.999999999999984
P481,P509,2.3000000000000007
P481,P93,6.999999999999991
P481,P86,2.500000000000001
P481,P117,6.099999999999994
P481,P344,3.2000000000000015
P481,P495,7.499999999999989
P481,P187,5.399999999999997
P481,P34,6.099999999999994
P481,P163,15.399999999999961
P481,P97,2.400000000000001
P481,P300,2.2000000000000006
P481,P500,13.09999999999997
P481,P317,2.9000000000000012
P481,P204,3.600000000000002
P481,P118,13.399999999999968
P481,P337,2.3000000000000007
P481,P452,13.09999999999997
P481,P83,2.600000000000001
P481,P391,14.999999999999963
P481,P281,2.2000000000000006
P481,P149,2.2000000000000006
P481,P261,1.5000000000000002
P481,P53,5.699999999999996
P481,P136,3.700000000000002
P481,P181,6.799999999999992
P481,P173,2.700000000000001
P481,P114,4.999999999999998
P481,P200,3.3000000000000016
P481,P88,2.500000000000001
P482,P401,3.0000000000000013
P482,P329,3.900000000000002
P482,P86,2.800000000000001
P482,P122,2.400000000000001
P482,P501,9.499999999999982
P482,P203,1.9000000000000006
P482,P202,5.899999999999995
P482,P398,3.600000000000002
P482,P296,2.0000000000000004
P483,P497,5.699999999999996
P483,P311,6.699999999999992
P483,P195,5.999999999999995
P483,P198,5.899999999999995
P483,P129,6.299999999999994
P483,P416,5.299999999999997
P483,P366,12.599999999999971
P483,P61,8.299999999999986
P483,P13,6.299999999999994
P483,P191,9.199999999999983
P484,P209,11.699999999999974
P484,P182,2.2000000000000006
P484,P456,2.400000000000001
P484,P373,6.699999999999992
P484,P328,6.399999999999993
P484,P75,7.099999999999991
P484,P359,4.100000000000001
P484,P269,7.099999999999991
P484,P140,6.199999999999994
P484,P475,6.799999999999992
P484,P257,6.499999999999993
P484,P402,2.1000000000000005
P484,P115,5.799999999999995
P484,P277,2.500000000000001
P484,P201,6.999999999999991
P484,P353,3.5000000000000018
P484,P47,6.5999999999999925
P484,P43,2.500000000000001
P484,P160,3.5000000000000018
P484,P418,3.5000000000000018
P484,P164,1.8000000000000005
P484,P324,6.399999999999993
P484,P489,2.700000000000001
P484,P157,2.3000000000000007
P484,P204,2.500000000000001
P484,P423,212.29999999999222
P484,P116,7.999999999999988
P484,P228,6.699999999999992
P484,P246,6.699999999999992
P484,P170,5.799999999999995
P484,P199,5.799999999999995
P484,P478,2.800000000000001
P484,P27,2.800000000000001
P484,P314,8.699999999999985
P484,P189,2.1000000000000005
P484,P415,2.800000000000001
P484,P395,6.499999999999993
P484,P73,2.2000000000000006
P484,P446,2.600000000000001
P484,P93,10.29999999999998
P484,P404,1.9000000000000006
P484,P42,0.4
P485,P293,4.4
P485,P79,177.4999999999942
P485,P324,2.9000000000000012
P485,P65,4.300000000000001
P485,P2,2.800000000000001
P485,P300,320.5000000000044
P485,P491,2.500000000000001
P485,P131,3.600000000000002
P485,P44,57.400000000000546
P485,P171,3.0000000000000013
P485,P25,2.2000000000000006
P485,P343,2.800000000000001
P485,P126,6.099999999999994
P485,P6,5.899999999999995
P485,P75,2.400000000000001
P485,P435,2.0000000000000004
P485,P55,1.8000000000000005
P485,P329,3.5000000000000018
P485,P394,2.2000000000000006
P485,P242,1.9000000000000006
P485,P133,3.800000000000002
P485,P201,2.9000000000000012
P485,P419,2.3000000000000007
P485,P431,6.399999999999993
P485,P199,8.399999999999986
P485,P240,3.4000000000000017
P485,P106,2.3000000000000007
P485,P68,2.800000000000001
P485,P116,2.1000000000000005
P485,P358,1.6000000000000003
P485,P297,1.9000000000000006
P485,P80,5.099999999999998
P485,P284,2.9000000000000012
P485,P434,2.600000000000001
P485,P280,2.3000000000000007
P485,P451,2.600000000000001
P485,P112,2.0000000000000004
P485,P479,2.700000000000001
P485,P395,7.999999999999988
P485,P89,1.6000000000000003
P485,P459,4.5
P485,P492,2.2000000000000006
P485,P248,2.800000000000001
P485,P93,7.499999999999989
P485,P374,2.9000000000000012
P485,P167,12.199999999999973
P485,P402,4.000000000000002
P485,P381,2.400000000000001
P485,P16,8.299999999999986
P485,P122,3.5000000000000018
P485,P326,2.800000000000001
P485,P424,4.6
P485,P278,7.099999999999991
P485,P309,7.099999999999991
P485,P499,2.3000000000000007
P486,P351,6.099999999999994
P486,P266,5.4999999999999964
P486,P439,2.700000000000001
P486,P32,73.20000000000012
P486,P341,2.1000000000000005
P486,P179,1.9000000000000006
P486,P452,3.900000000000002
P486,P147,3.3000000000000016
P486,P30,3.700000000000002
P486,P481,2.400000000000001
P486,P506,2.800000000000001
P486,P212,2.500000000000001
P486,P333,4.799999999999999
P486,P349,2.1000000000000005
P486,P146,2.500000000000001
P486,P92,2.3000000000000007
P486,P24,7.19999999999999
P486,P432,2.1000000000000005
P486,P53,2.500000000000001
P486,P404,3.0000000000000013
P486,P487,3.0000000000000013
P486,P26,5.699999999999996
P486,P347,2.800000000000001
P486,P499,2.700000000000001
P486,P9,2.500000000000001
P486,P7,3.1000000000000014
P486,P113,4.799999999999999
P486,P354,3.5000000000000018
P486,P250,4.300000000000001
P486,P464,7.699999999999989
P486,P475,4.799999999999999
P486,P184,8.099999999999987
P486,P491,14.599999999999964
P486,P4,7.699999999999989
P486,P108,4.899999999999999
P487,P78,5.899999999999995
P487,P330,3.0000000000000013
P487,P26,122.7999999999973
P487,P38,4.5
P487,P387,2.500000000000001
P487,P398,2.1000000000000005
P487,P32,2.700000000000001
P487,P486,3.0000000000000013
P487,P24,4.300000000000001
P487,P18,3.2000000000000015
P487,P333,10.699999999999978
P487,P135,3.0000000000000013
P487,P464,2.800000000000001
P487,P141,3.0000000000000013
P487,P440,1.9000000000000006
P487,P378,3.800000000000002
P487,P30,8.099999999999987
P487,P51,4.300000000000001
P487,P134,4.100000000000001
P487,P269,5.999999999999995
P487,P456,4.100000000000001
P487,P114,37.90000000000027
P487,P40,2.400000000000001
P487,P468,2.0000000000000004
P487,P3,2.0000000000000004
P487,P257,6.5999999999999925
P487,P115,7.099999999999991
P487,P65,2.2000000000000006
P487,P127,2.700000000000001
P487,P491,3.5000000000000018
P487,P171,2.2000000000000006
P487,P370,2.700000000000001
P487,P465,2.1000000000000005
P487,P246,3.4000000000000017
P487,P25,2.600000000000001
P487,P343,2.0000000000000004
P487,P6,3.1000000000000014
P487,P75,2.1000000000000005
P487,P324,7.29999999999999
P487,P329,2.400000000000001
P487,P245,2.500000000000001
P487,P394,6.099999999999994
P487,P242,2.700000000000001
P487,P197,122.89999999999729
P487,P133,2.400000000000001
P487,P201,2.600000000000001
P487,P419,2.9000000000000012
P487,P58,6.999999999999991
P487,P505,1.9000000000000006
P487,P431,2.800000000000001
P487,P305,6.8999999999999915
P487,P240,2.0000000000000004
P487,P73,118.09999999999756
P487,P358,2.600000000000001
P487,P80,5.599999999999996
P487,P121,2.0000000000000004
P487,P280,2.800000000000001
P487,P112,2.600000000000001
P487,P282,2.400000000000001
P487,P434,5.599999999999996
P487,P248,3.2000000000000015
P487,P70,8.299999999999986
P487,P374,3.2000000000000015
P487,P383,177.3999999999942
P487,P430,2.1000000000000005
P487,P409,5.299999999999997
P487,P68,7.099999999999991
P487,P272,2.2000000000000006
P487,P8,7.19999999999999
P487,P359,3.0000000000000013
P487,P278,8.199999999999987
P487,P309,8.199999999999987
P487,P296,1.9000000000000006
P487,P439,8.799999999999985
P487,P47,1.4000000000000001
P487,P402,2.9000000000000012
P487,P23,9.699999999999982
P487,P353,4.000000000000002
P487,P43,1.9000000000000006
P487,P164,2.400000000000001
P487,P422,16.09999999999996
P487,P474,8.699999999999985
P487,P57,7.899999999999988
P487,P37,6.099999999999994
P487,P389,2.0000000000000004
P487,P159,2.2000000000000006
P487,P425,2.9000000000000012
P488,P118,15.199999999999962
P488,P344,5.299999999999997
P488,P300,5.699999999999996
P488,P111,2.700000000000001
P488,P213,4.300000000000001
P488,P496,4.999999999999998
P488,P225,0.9999999999999999
P488,P164,5.4999999999999964
P488,P425,1.7000000000000004
P488,P20,12.499999999999972
P488,P444,4.200000000000001
P488,P388,13.599999999999968
P488,P106,2.700000000000001
P488,P284,2.0000000000000004
P488,P94,2.2000000000000006
P488,P43,3.4000000000000017
P488,P68,6.299999999999994
P488,P418,3.5000000000000018
P488,P160,3.800000000000002
P488,P8,9.199999999999983
P488,P278,7.39999999999999
P488,P309,7.39999999999999
P488,P439,6.699999999999992
P488,P218,2.800000000000001
P488,P49,6.999999999999991
P488,P23,6.699999999999992
P488,P335,5.099999999999998
P488,P258,6.099999999999994
P488,P86,2.3000000000000007
P488,P158,2.2000000000000006
P488,P116,7.599999999999989
P488,P228,5.299999999999997
P488,P63,2.0000000000000004
P488,P170,9.99999999999998
P488,P199,9.99999999999998
P488,P62,1.8000000000000005
P488,P132,5.1999999999999975
P488,P314,6.199999999999994
P488,P317,2.400000000000001
P488,P395,7.099999999999991
P488,P204,3.0000000000000013
P488,P337,1.7000000000000004
P488,P342,2.1000000000000005
P488,P83,2.400000000000001
P488,P93,7.29999999999999
P488,P117,5.399999999999997
P488,P169,5.799999999999995
P488,P155,3.600000000000002
P488,P281,2.400000000000001
P488,P495,5.899999999999995
P488,P34,10.19999999999998
P488,P149,5.899999999999995
P488,P432,2.2000000000000006
P488,P163,12.99999999999997
P488,P507,13.199999999999969
P488,P500,14.699999999999964
P488,P452,12.79999999999997
P488,P114,5.699999999999996
P488,P136,2.3000000000000007
P488,P200,3.3000000000000016
P489,P97,4.000000000000002
P489,P398,2.700000000000001
P489,P227,3.0000000000000013
P489,P299,5.299999999999997
P489,P416,3.3000000000000016
P489,P335,3.2000000000000015
P489,P258,3.2000000000000015
P489,P309,2.400000000000001
P489,P236,5.299999999999997
P489,P67,6.499999999999993
P489,P183,5.899999999999995
P489,P222,2.1000000000000005
P489,P159,4.200000000000001
P489,P275,3.2000000000000015
P489,P283,0.4
P489,P293,3.1000000000000014
P489,P255,5.399999999999997
P489,P91,6.999999999999991
P489,P484,2.700000000000001
P489,P324,7.799999999999988
P489,P218,1.9000000000000006
P489,P326,3.1000000000000014
P489,P480,4.4
P489,P491,2.500000000000001
P489,P469,1.7000000000000004
P489,P47,5.399999999999997
P489,P9,2.800000000000001
P489,P201,5.299999999999997
P489,P394,2.9000000000000012
P489,P115,6.299999999999994
P489,P498,6.299999999999994
P489,P257,5.599999999999996
P489,P51,3.900000000000002
P489,P475,6.5999999999999925
P489,P280,2.600000000000001
P489,P140,8.099999999999987
P489,P269,5.999999999999995
P489,P75,6.5999999999999925
P489,P77,10.899999999999977
P489,P164,10.899999999999977
P489,P250,8.499999999999986
P489,P4,1.7000000000000004
P489,P30,6.5999999999999925
P489,P282,2.1000000000000005
P489,P248,3.0000000000000013
P489,P463,6.099999999999994
P489,P108,2.700000000000001
P489,P233,9.399999999999983
P490,P212,2.700000000000001
P490,P467,2.0000000000000004
P490,P128,2.800000000000001
P490,P35,0.1
P490,P145,3.900000000000002
P490,P325,2.2000000000000006
P490,P180,6.299999999999994
P490,P131,2.600000000000001
P490,P272,2.9000000000000012
P490,P296,3.1000000000000014
P490,P89,6.999999999999991
P490,P471,6.8999999999999915
P490,P194,2.3000000000000007
P490,P70,7.699999999999989
P490,P205,5.899999999999995
P490,P63,3.1000000000000014
P490,P409,8.699999999999985
P490,P105,3.1000000000000014
P490,P265,4.100000000000001
P490,P62,3.0000000000000013
P490,P68,7.099999999999991
P490,P508,3.800000000000002
P490,P300,2.800000000000001
P490,P81,2.700000000000001
P490,P8,4.999999999999998
P490,P317,2.0000000000000004
P490,P195,1.5000000000000002
P490,P267,2.2000000000000006
P490,P278,7.19999999999999
P490,P309,7.19999999999999
P490,P337,2.0000000000000004
P490,P342,3.600000000000002
P490,P439,5.1999999999999975
P490,P161,2.400000000000001
P490,P83,3.5000000000000018
P490,P258,5.299999999999997
P490,P49,9.199999999999983
P490,P132,9.199999999999983
P490,P23,6.399999999999993
P490,P427,2.800000000000001
P490,P169,1.7000000000000004
P490,P82,1.4000000000000001
P490,P155,2.9000000000000012
P490,P335,6.799999999999992
P490,P344,6.799999999999992
P490,P116,5.999999999999995
P490,P228,7.999999999999988
P490,P246,7.999999999999988
P490,P170,7.39999999999999
P490,P199,7.39999999999999
P490,P314,7.39999999999999
P490,P478,2.800000000000001
P490,P395,5.899999999999995
P490,P27,2.500000000000001
P490,P189,2.2000000000000006
P490,P415,2.800000000000001
P490,P93,10.899999999999977
P490,P446,2.800000000000001
P490,P473,6.499999999999993
P490,P404,2.0000000000000004
P490,P117,7.699999999999989
P490,P42,2.800000000000001
P490,P306,2.600000000000001
P491,P470,3.2000000000000015
P491,P418,2.0000000000000004
P491,P101,3.700000000000002
P491,P222,3.1000000000000014
P491,P395,3.4000000000000017
P491,P359,1.9000000000000006
P491,P149,4.200000000000001
P491,P118,4.5
P491,P97,2.1000000000000005
P491,P344,2.800000000000001
P491,P307,4.999999999999998
P491,P300,2.600000000000001
P491,P485,2.500000000000001
P491,P79,5.399999999999997
P491,P111,2.1000000000000005
P491,P213,2.1000000000000005
P491,P417,2.400000000000001
P491,P204,4.999999999999998
P491,P278,6.199999999999994
P491,P163,2.700000000000001
P491,P267,2.800000000000001
P491,P27,3.0000000000000013
P491,P355,5.999999999999995
P491,P381,2.3000000000000007
P491,P403,2.500000000000001
P491,P507,2.700000000000001
P491,P158,6.299999999999994
P491,P82,1.9000000000000006
P491,P342,3.700000000000002
P491,P337,2.1000000000000005
P491,P281,3.5000000000000018
P491,P335,3.0000000000000013
P491,P258,2.400000000000001
P491,P298,2.3000000000000007
P491,P305,5.699999999999996
P491,P439,2.0000000000000004
P491,P309,2.400000000000001
P491,P147,2.800000000000001
P491,P179,2.600000000000001
P491,P452,2.600000000000001
P491,P341,2.2000000000000006
P491,P58,6.999999999999991
P491,P181,2.2000000000000006
P491,P217,2.3000000000000007
P491,P194,2.700000000000001
P491,P481,2.600000000000001
P491,P327,1.9000000000000006
P491,P212,2.3000000000000007
P491,P102,3.2000000000000015
P491,P324,10.699999999999978
P491,P349,2.800000000000001
P491,P42,3.600000000000002
P491,P189,2.3000000000000007
P491,P92,3.700000000000002
P491,P146,4.200000000000001
P491,P127,27.000000000000114
P491,P432,2.3000000000000007
P491,P409,4.100000000000001
P491,P448,6.699999999999992
P491,P404,2.600000000000001
P491,P53,2.800000000000001
P491,P114,3.700000000000002
P491,P487,3.5000000000000018
P491,P26,2.0000000000000004
P491,P73,2.600000000000001
P491,P347,3.800000000000002
P491,P458,1.7000000000000004
P491,P115,12.69999999999997
P491,P499,3.900000000000002
P491,P257,17.299999999999976
P491,P7,4.6
P491,P293,2.9000000000000012
P491,P354,2.0000000000000004
P491,P269,15.79999999999996
P491,P250,15.099999999999962
P491,P427,2.600000000000001
P491,P30,13.799999999999967
P491,P390,2.1000000000000005
P491,P440,1.9000000000000006
P491,P333,14.899999999999963
P491,P330,1.9000000000000006
P491,P65,16.499999999999964
P491,P24,11.699999999999974
P491,P475,8.299999999999986
P491,P128,3.4000000000000017
P491,P184,2.3000000000000007
P491,P486,14.599999999999964
P491,P206,13.699999999999967
P491,P431,6.699999999999992
P491,P71,2.2000000000000006
P491,P113,1.9000000000000006
P491,P398,4.300000000000001
P491,P402,1.7000000000000004
P491,P353,2.2000000000000006
P491,P43,5.1999999999999975
P491,P77,10.499999999999979
P491,P164,8.899999999999984
P491,P75,6.699999999999992
P491,P396,0.9999999999999999
P491,P140,6.8999999999999915
P491,P201,6.999999999999991
P491,P47,6.8999999999999915
P491,P489,2.500000000000001
P491,P86,2.400000000000001
P491,P157,4.699999999999999
P491,P177,6.299999999999994
P491,P172,9.199999999999983
P492,P279,3.600000000000002
P492,P44,17.899999999999984
P492,P89,4.100000000000001
P492,P459,3.0000000000000013
P492,P79,5.999999999999995
P492,P300,2.600000000000001
P492,P485,2.2000000000000006
P492,P47,3.0000000000000013
P492,P211,4.5
P492,P494,23.800000000000068
P492,P425,1.7000000000000004
P492,P91,12.599999999999971
P492,P308,10.19999999999998
P492,P208,2.3000000000000007
P492,P46,5.299999999999997
P492,P382,9.499999999999982
P492,P447,7.499999999999989
P493,P453,4.4
P493,P326,5.799999999999995
P493,P390,6.499999999999993
P494,P2,3.4000000000000017
P494,P46,6.299999999999994
P494,P505,4.799999999999999
P494,P188,11.799999999999974
P494,P311,14.199999999999966
P494,P382,15.399999999999961
P494,P275,7.39999999999999
P494,P203,6.8999999999999915
P494,P492,23.800000000000068
P494,P130,8.199999999999987
P494,P297,5.099999999999998
P494,P84,5.899999999999995
P494,P195,4.4
P494,P156,5.399999999999997
P494,P245,7.499999999999989
P494,P175,7.099999999999991
P495,P226,6.399999999999993
P495,P89,27.40000000000012
P495,P391,1.8000000000000005
P495,P500,7.29999999999999
P495,P459,24.100000000000072
P495,P149,7.29999999999999
P495,P248,6.299999999999994
P495,P118,9.599999999999982
P495,P97,11.899999999999974
P495,P374,8.199999999999987
P495,P96,5.999999999999995
P495,P117,14.299999999999965
P495,P344,12.99999999999997
P495,P86,14.499999999999964
P495,P156,15.59999999999996
P495,P79,11.299999999999976
P495,P44,6.8999999999999915
P495,P300,15.199999999999962
P495,P272,7.19999999999999
P495,P417,4.799999999999999
P495,P296,8.299999999999986
P495,P204,12.299999999999972
P495,P353,8.399999999999986
P495,P60,12.099999999999973
P495,P163,6.499999999999993
P495,P273,6.199999999999994
P495,P418,11.299999999999976
P495,P509,7.799999999999988
P495,P507,7.39999999999999
P495,P342,13.299999999999969
P495,P249,8.299999999999986
P495,P337,15.199999999999962
P495,P281,13.799999999999967
P495,P298,7.699999999999989
P495,P34,8.499999999999986
P495,P193,8.699999999999985
P495,P181,5.4999999999999964
P495,P452,9.199999999999983
P495,P386,8.099999999999987
P495,P481,7.499999999999989
P495,P478,12.499999999999972
P495,P187,6.799999999999992
P495,P349,6.699999999999992
P495,P42,10.599999999999978
P495,P189,13.499999999999968
P495,P53,6.699999999999992
P495,P404,15.59999999999996
P495,P432,12.599999999999971
P495,P114,5.4999999999999964
P495,P383,8.099999999999987
P495,P317,6.999999999999991
P495,P347,5.399999999999997
P495,P83,7.699999999999989
P495,P444,6.5999999999999925
P495,P261,6.999999999999991
P495,P241,5.4999999999999964
P495,P169,6.499999999999993
P495,P155,5.399999999999997
P495,P488,5.899999999999995
P495,P440,7.19999999999999
P495,P232,6.099999999999994
P495,P136,7.29999999999999
P495,P173,7.499999999999989
P495,P88,6.099999999999994
P495,P141,7.499999999999989
P495,P477,7.699999999999989
P495,P306,7.19999999999999
P495,P74,8.699999999999985
P496,P258,2.400000000000001
P496,P151,1.6000000000000003
P496,P319,2.600000000000001
P496,P511,5.4999999999999964
P496,P277,2.400000000000001
P496,P325,3.3000000000000016
P496,P232,8.999999999999984
P496,P196,2.600000000000001
P496,P488,4.999999999999998
P496,P177,2.500000000000001
P496,P308,7.899999999999988
P496,P60,3.3000000000000016
P496,P254,2.700000000000001
P496,P340,5.099999999999998
P496,P222,2.2000000000000006
P496,P15,5.1999999999999975
P496,P212,3.600000000000002
P496,P278,7.899999999999988
P496,P309,7.899999999999988
P496,P8,5.299999999999997
P496,P136,2.700000000000001
P496,P265,5.399999999999997
P496,P68,7.899999999999988
P496,P393,2.800000000000001
P496,P415,3.3000000000000016
P496,P409,7.999999999999988
P496,P461,5.299999999999997
P496,P407,2.700000000000001
P496,P194,7.899999999999988
P496,P300,5.299999999999997
P497,P227,6.199999999999994
P497,P483,5.699999999999996
P497,P195,6.299999999999994
P497,P198,6.799999999999992
P497,P129,8.799999999999985
P497,P416,5.899999999999995
P497,P61,8.499999999999986
P497,P13,6.799999999999992
P498,P169,2.9000000000000012
P498,P471,1.0999999999999999
P498,P54,45.00000000000037
P498,P426,3.2000000000000015
P498,P105,2.2000000000000006
P498,P460,6.999999999999991
P498,P334,3.3000000000000016
P498,P475,5.699999999999996
P498,P119,2.0000000000000004
P498,P285,3.3000000000000016
P498,P25,2.500000000000001
P498,P505,2.2000000000000006
P498,P282,4.000000000000002
P498,P373,8.599999999999985
P498,P248,3.5000000000000018
P498,P146,2.800000000000001
P498,P470,4.4
P498,P272,7.19999999999999
P498,P359,2.800000000000001
P498,P463,7.29999999999999
P498,P9,75.49999999999999
P498,P30,6.499999999999993
P498,P250,7.19999999999999
P498,P77,5.099999999999998
P498,P164,5.099999999999998
P498,P75,5.599999999999996
P498,P396,2.700000000000001
P498,P269,5.399999999999997
P498,P140,7.099999999999991
P498,P257,7.899999999999988
P498,P394,5.399999999999997
P498,P236,8.099999999999987
P498,P489,6.299999999999994
P498,P418,6.699999999999992
P498,P86,6.099999999999994
P498,P158,6.299999999999994
P498,P51,5.799999999999995
P498,P280,6.999999999999991
P498,P17,5.999999999999995
P498,P4,6.699999999999992
P498,P184,7.899999999999988
P498,P157,5.599999999999996
P498,P63,6.699999999999992
P498,P14,6.099999999999994
P498,P130,7.39999999999999
P498,P265,8.499999999999986
P498,P81,8.099999999999987
P498,P195,7.39999999999999
P498,P121,6.199999999999994
P498,P267,6.699999999999992
P498,P115,1187.7000000000153
P499,P243,114.89999999999775
P499,P7,2.9000000000000012
P499,P427,4.100000000000001
P499,P354,2.400000000000001
P499,P250,4.4
P499,P78,2.400000000000001
P499,P330,1.8000000000000005
P499,P38,2.3000000000000007
P499,P347,21.10000000000003
P499,P387,4.6
P499,P398,3.1000000000000014
P499,P32,2.0000000000000004
P499,P486,2.700000000000001
P499,P24,5.699999999999996
P499,P18,2.400000000000001
P499,P135,3.4000000000000017
P499,P464,4.799999999999999
P499,P333,7.699999999999989
P499,P141,2.800000000000001
P499,P440,1.9000000000000006
P499,P378,2.9000000000000012
P499,P30,5.699999999999996
P499,P134,2.2000000000000006
P499,P456,3.5000000000000018
P499,P269,5.699999999999996
P499,P40,2.800000000000001
P499,P468,2.400000000000001
P499,P3,3.5000000000000018
P499,P65,3.4000000000000017
P499,P257,5.099999999999998
P499,P127,2.800000000000001
P499,P491,3.900000000000002
P499,P115,9.299999999999983
P499,P171,2.400000000000001
P499,P370,3.0000000000000013
P499,P465,2.9000000000000012
P499,P246,2.500000000000001
P499,P25,2.1000000000000005
P499,P343,4.899999999999999
P499,P6,2.1000000000000005
P499,P75,3.3000000000000016
P499,P245,2.600000000000001
P499,P329,3.0000000000000013
P499,P324,7.099999999999991
P499,P380,1.0999999999999999
P499,P274,2.3000000000000007
P499,P91,12.99999999999997
P499,P506,1.9000000000000006
P499,P208,2.1000000000000005
P499,P255,15.099999999999962
P499,P293,3.5000000000000018
P499,P89,11.699999999999974
P499,P471,11.099999999999977
P499,P376,13.499999999999968
P499,P98,17.899999999999984
P499,P247,17.899999999999984
P499,P82,2.3000000000000007
P499,P70,6.5999999999999925
P499,P205,7.19999999999999
P499,P155,1.7000000000000004
P499,P409,4.999999999999998
P499,P68,7.699999999999989
P499,P8,6.8999999999999915
P499,P485,2.3000000000000007
P499,P278,5.4999999999999964
P499,P309,5.4999999999999964
P500,P479,103.3999999999984
P500,P418,9.499999999999982
P500,P101,4.000000000000002
P500,P89,8.199999999999987
P500,P391,5.299999999999997
P500,P495,7.29999999999999
P500,P374,8.699999999999985
P500,P118,7.799999999999988
P500,P97,12.89999999999997
P500,P96,7.599999999999989
P500,P296,6.299999999999994
P500,P117,10.499999999999979
P500,P344,18.099999999999987
P500,P86,13.699999999999967
P500,P156,12.199999999999973
P500,P79,13.599999999999968
P500,P300,16.499999999999964
P500,P353,7.599999999999989
P500,P417,8.399999999999986
P500,P204,12.199999999999973
P500,P509,11.299999999999976
P500,P507,14.499999999999964
P500,P337,11.699999999999974
P500,P281,13.599999999999968
P500,P298,7.499999999999989
P500,P181,7.29999999999999
P500,P452,8.099999999999987
P500,P481,13.09999999999997
P500,P317,5.599999999999996
P500,P83,7.29999999999999
P500,P42,12.89999999999997
P500,P189,13.499999999999968
P500,P53,4.899999999999999
P500,P404,14.299999999999965
P500,P432,14.699999999999964
P500,P114,1076.2000000001167
P500,P383,12.099999999999973
P500,P347,13.899999999999967
P500,P149,5.799999999999995
P500,P261,12.89999999999997
P500,P488,14.699999999999964
P500,P136,7.29999999999999
P500,P306,6.199999999999994
P500,P173,6.299999999999994
P500,P380,7.899999999999988
P500,P200,6.199999999999994
P501,P210,9.099999999999984
P501,P34,6.799999999999992
P501,P173,15.59999999999996
P501,P88,7.799999999999988
P501,P482,9.499999999999982
P501,P106,6.5999999999999925
P501,P299,11.199999999999976
P501,P276,6.399999999999993
P502,P334,2.600000000000001
P502,P295,3.4000000000000017
P502,P426,5.999999999999995
P502,P377,3.3000000000000016
P502,P138,2.400000000000001
P502,P232,1.7000000000000004
P502,P141,4.6
P502,P30,5.699999999999996
P502,P440,2.2000000000000006
P502,P378,2.9000000000000012
P502,P189,3.700000000000002
P502,P277,3.2000000000000015
P502,P2,3.800000000000002
P502,P213,2.9000000000000012
P502,P216,6.099999999999994
P502,P341,6.499999999999993
P502,P187,3.800000000000002
P502,P176,3.2000000000000015
P502,P218,2.3000000000000007
P502,P23,9.499999999999982
P502,P480,4.300000000000001
P502,P385,3.900000000000002
P502,P49,4.6
P502,P132,4.6
P502,P41,2.0000000000000004
P502,P258,5.299999999999997
P502,P339,2.9000000000000012
P502,P9,4.000000000000002
P502,P109,3.3000000000000016
P502,P424,1.9000000000000006
P502,P439,1.2
P503,P356,0.5
P503,P173,5.399999999999997
P503,P225,7.999999999999988
P503,P157,6.8999999999999915
P503,P336,6.099999999999994
P504,P236,7.19999999999999
P504,P252,5.4999999999999964
P504,P407,6.199999999999994
P504,P229,9.099999999999984
P504,P171,6.499999999999993
P505,P353,2.600000000000001
P505,P494,4.799999999999999
P505,P435,5.699999999999996
P505,P432,2.500000000000001
P505,P409,3.0000000000000013
P505,P305,5.999999999999995
P505,P448,2.400000000000001
P505,P404,2.1000000000000005
P505,P53,3.4000000000000017
P505,P114,2.600000000000001
P505,P487,1.9000000000000006
P505,P197,2.0000000000000004
P505,P58,8.699999999999985
P505,P73,3.700000000000002
P505,P347,2.1000000000000005
P505,P458,2.2000000000000006
P505,P142,57.80000000000055
P505,P277,2.700000000000001
P505,P7,4.000000000000002
P505,P354,3.2000000000000015
P505,P324,6.299999999999994
P505,P139,3.2000000000000015
P505,P154,2.700000000000001
P505,P427,2.600000000000001
P505,P419,110.99999999999797
P505,P13,2.800000000000001
P505,P201,6.799999999999992
P505,P115,7.099999999999991
P505,P473,2.400000000000001
P505,P257,9.89999999999998
P505,P390,2.700000000000001
P505,P440,2.800000000000001
P505,P269,7.999999999999988
P505,P75,6.5999999999999925
P505,P232,2.0000000000000004
P505,P330,1.7000000000000004
P505,P250,6.299999999999994
P505,P475,2.400000000000001
P505,P377,2.3000000000000007
P505,P30,5.099999999999998
P505,P265,2.2000000000000006
P505,P90,2.700000000000001
P505,P373,5.699999999999996
P505,P397,3.1000000000000014
P505,P264,3.700000000000002
P505,P498,2.2000000000000006
P505,P99,7.599999999999989
P505,P295,5.999999999999995
P505,P230,1.9000000000000006
P505,P323,6.199999999999994
P506,P12,93.99999999999893
P506,P212,217.29999999999194
P506,P427,2.400000000000001
P506,P354,3.800000000000002
P506,P250,2.0000000000000004
P506,P330,2.9000000000000012
P506,P38,2.2000000000000006
P506,P371,2.600000000000001
P506,P387,4.000000000000002
P506,P24,6.799999999999992
P506,P140,2.600000000000001
P506,P32,2.3000000000000007
P506,P486,2.800000000000001
P506,P18,4.4
P506,P30,7.499999999999989
P506,P135,2.0000000000000004
P506,P232,2.700000000000001
P506,P141,1.7000000000000004
P506,P440,3.3000000000000016
P506,P378,2.400000000000001
P506,P269,6.5999999999999925
P506,P110,1.8000000000000005
P506,P51,2.3000000000000007
P506,P257,5.799999999999995
P506,P134,3.4000000000000017
P506,P456,2.0000000000000004
P506,P103,1.8000000000000005
P506,P40,2.700000000000001
P506,P468,2.0000000000000004
P506,P3,2.700000000000001
P506,P324,3.600000000000002
P506,P155,1.4000000000000001
P506,P370,3.600000000000002
P506,P91,14.499999999999964
P506,P255,5.899999999999995
P506,P105,3.2000000000000015
P506,P499,1.9000000000000006
P506,P293,3.4000000000000017
P506,P351,5.899999999999995
P506,P477,2.1000000000000005
P506,P321,4.799999999999999
P506,P2,1.5000000000000002
P506,P274,3.600000000000002
P507,P429,4.200000000000001
P507,P24,2.500000000000001
P507,P387,2.400000000000001
P507,P385,2.9000000000000012
P507,P138,3.5000000000000018
P507,P257,6.399999999999993
P507,P277,2.1000000000000005
P507,P232,3.900000000000002
P507,P141,11.099999999999977
P507,P440,3.1000000000000014
P507,P378,1.8000000000000005
P507,P110,2.9000000000000012
P507,P51,2.1000000000000005
P507,P58,5.4999999999999964
P507,P134,3.2000000000000015
P507,P305,6.699999999999992
P507,P456,3.900000000000002
P507,P103,5.099999999999998
P507,P137,3.4000000000000017
P507,P40,2.700000000000001
P507,P468,2.9000000000000012
P507,P324,3.0000000000000013
P507,P318,2.600000000000001
P507,P65,3.4000000000000017
P507,P127,2.800000000000001
P507,P2,3.3000000000000016
P507,P491,2.700000000000001
P507,P171,2.600000000000001
P507,P465,2.3000000000000007
P507,P246,2.3000000000000007
P507,P6,2.9000000000000012
P507,P25,1.8000000000000005
P507,P343,2.2000000000000006
P507,P75,1.9000000000000006
P507,P55,3.600000000000002
P507,P245,2.0000000000000004
P507,P329,2.500000000000001
P507,P394,2.600000000000001
P507,P62,3.4000000000000017
P507,P242,4.899999999999999
P507,P133,2.700000000000001
P507,P201,2.3000000000000007
P507,P419,2.3000000000000007
P507,P431,5.999999999999995
P507,P240,2.700000000000001
P507,P106,2.3000000000000007
P507,P68,2.0000000000000004
P507,P278,6.299999999999994
P507,P358,2.9000000000000012
P507,P80,4.5
P507,P451,2.400000000000001
P507,P284,2.500000000000001
P507,P434,2.3000000000000007
P507,P280,2.600000000000001
P507,P112,1.9000000000000006
P507,P282,2.3000000000000007
P507,P479,1.6000000000000003
P507,P23,9.799999999999981
P507,P89,2.600000000000001
P507,P248,4.899999999999999
P507,P374,2.0000000000000004
P507,P116,6.399999999999993
P507,P272,1.4000000000000001
P507,P199,6.8999999999999915
P507,P296,2.0000000000000004
P507,P314,8.699999999999985
P507,P402,3.3000000000000016
P507,P395,8.899999999999984
P507,P353,2.800000000000001
P507,P43,5.299999999999997
P507,P93,8.199999999999987
P507,P418,2.700000000000001
P507,P160,5.399999999999997
P507,P79,1.7000000000000004
P507,P156,4.799999999999999
P507,P509,2.700000000000001
P507,P495,7.39999999999999
P507,P117,4.000000000000002
P507,P86,2.600000000000001
P507,P163,14.799999999999963
P507,P344,3.5000000000000018
P507,P500,14.499999999999964
P507,P118,12.69999999999997
P507,P97,3.0000000000000013
P507,P300,2.1000000000000005
P507,P391,15.099999999999962
P507,P204,3.2000000000000015
P507,P83,5.399999999999997
P507,P149,3.4000000000000017
P507,P298,2.3000000000000007
P507,P53,2.3000000000000007
P507,P404,6.999999999999991
P507,P383,10.899999999999977
P507,P347,4.000000000000002
P507,P181,5.699999999999996
P507,P261,2.2000000000000006
P507,P452,6.999999999999991
P507,P488,13.199999999999969
P507,P136,7.29999999999999
P507,P189,6.5999999999999925
P507,P173,6.199999999999994
P507,P42,8.599999999999985
P507,P306,6.199999999999994
P507,P200,6.5999999999999925
P507,P88,6.299999999999994
P507,P380,9.099999999999984
P508,P425,0.1
P508,P69,5.4999999999999964
P508,P172,7.39999999999999
P508,P340,3.3000000000000016
P508,P153,15.99999999999996
P508,P279,2.9000000000000012
P508,P64,15.99999999999996
P508,P82,2.1000000000000005
P508,P102,1.9000000000000006
P508,P234,4.899999999999999
P508,P23,8.199999999999987
P508,P62,130.49999999999687
P508,P246,2.0000000000000004
P508,P49,7.899999999999988
P508,P258,6.799999999999992
P508,P439,8.499999999999986
P508,P278,6.399999999999993
P508,P309,6.399999999999993
P508,P141,2.3000000000000007
P508,P8,8.999999999999984
P508,P74,2.700000000000001
P508,P490,3.800000000000002
P508,P68,6.999999999999991
P508,P423,2.400000000000001
P508,P409,7.29999999999999
P508,P205,5.799999999999995
P508,P457,2.500000000000001
P508,P265,137.89999999999645
P508,P407,4.200000000000001
P508,P70,6.099999999999994
P508,P130,169.79999999999464
P508,P397,2.0000000000000004
P508,P465,2.600000000000001
P508,P334,2.400000000000001
P508,P434,7.19999999999999
P508,P176,1.8000000000000005
P508,P145,3.0000000000000013
P508,P218,2.3000000000000007
P508,P326,2.700000000000001
P508,P480,2.600000000000001
P508,P385,1.5000000000000002
P508,P9,2.400000000000001
P508,P305,7.899999999999988
P508,P394,2.0000000000000004
P508,P236,3.5000000000000018
P508,P58,6.999999999999991
P508,P354,5.299999999999997
P508,P418,1.7000000000000004
P508,P51,2.600000000000001
P508,P469,5.599999999999996
P508,P280,1.7000000000000004
P508,P324,8.099999999999987
P508,P4,2.800000000000001
P508,P138,3.0000000000000013
P508,P319,6.299999999999994
P509,P438,5.799999999999995
P509,P500,11.299999999999976
P509,P163,9.099999999999984
P509,P495,7.799999999999988
P509,P507,2.700000000000001
P509,P342,2.0000000000000004
P509,P249,3.4000000000000017
P509,P337,4.699999999999999
P509,P281,1.6000000000000003
P509,P298,2.0000000000000004
P509,P34,4.999999999999998
P509,P93,9.399999999999983
P509,P193,2.3000000000000007
P509,P181,4.000000000000002
P509,P179,3.5000000000000018
P509,P452,3.600000000000002
P509,P386,2.500000000000001
P509,P481,2.3000000000000007
P509,P395,4.799999999999999
P509,P314,5.299999999999997
P509,P349,2.600000000000001
P509,P42,3.5000000000000018
P509,P189,3.900000000000002
P509,P199,9.99999999999998
P509,P92,2.9000000000000012
P509,P53,2.500000000000001
P509,P432,3.1000000000000014
P509,P404,2.0000000000000004
P509,P228,7.29999999999999
P509,P114,2.2000000000000006
P509,P73,2.700000000000001
P509,P383,3.0000000000000013
P509,P116,7.999999999999988
P509,P347,2.9000000000000012
P509,P380,2.1000000000000005
P509,P7,5.099999999999998
P509,P446,2.2000000000000006
P509,P62,2.1000000000000005
P509,P139,3.4000000000000017
P509,P444,3.700000000000002
P509,P261,2.700000000000001
P509,P178,7.19999999999999
P509,P29,6.299999999999994
P509,P252,6.499999999999993
P509,P363,5.099999999999998
P509,P165,5.1999999999999975
P509,P217,6.199999999999994
P509,P229,2.3000000000000007
P509,P214,7.799999999999988
P510,P146,5.099999999999998
P510,P426,5.1999999999999975
P510,P92,4.4
P510,P192,4.100000000000001
P510,P70,1.9000000000000006
P510,P182,2.3000000000000007
P510,P105,9.099999999999984
P510,P511,14.099999999999966
P511,P387,75.3
P511,P457,3.600000000000002
P511,P468,2.0000000000000004
P511,P496,5.4999999999999964
P511,P163,1.9000000000000006
P511,P27,2.500000000000001
P511,P8,2.600000000000001
P511,P262,7.19999999999999
P511,P445,2.9000000000000012
P511,P238,6.5999999999999925
P511,P384,6.5999999999999925
P511,P388,6.399999999999993
P511,P222,4.699999999999999
P511,P510,14.099999999999966
P511,P414,6.199999999999994
