user_id,neighbor_id,duration_seconds
P_1-2_1990,P_1-1-pt_7732,3.700000000000002
P_1-3_2410,P_1-2_4634,30.100000000000158
P_1-3_2410,P_1-3_4775,32.40000000000019
P_1-3_2410,P_1-3_3253,20.200000000000017
P_1-3_2410,P_1-3_2018,11.599999999999975
P_1-3_2410,P_1-3_2633,9.99999999999998
P_1-3_2410,P_1-2_1942,9.99999999999998
P_1-3_2410,P_1-3_331,10.09999999999998
P_1-3_2410,P_1-2_2626,10.09999999999998
P_1-3_2410,P_1-2_5210,9.99999999999998
P_1-3_2410,P_1-2_573,10.09999999999998
P_1-3_2410,P_1-3_4954,19.70000000000001
P_1-3_2410,P_1-3_4875,20.30000000000002
P_1-3_2410,P_1-3_1815,20.100000000000016
P_1-3_2410,P_1-1-pt_1594,10.999999999999977
P_1-3_2410,P_1-3_3410,9.89999999999998
P_1-3_2410,P_1-3_835,18.39999999999999
P_1-3_2410,P_1-2_3943,10.09999999999998
P_1-3_2410,P_1-1-pt_6226,7.799999999999988
P_1-3_2410,P_1-1-pt_1044,7.699999999999989
P_1-3_2410,P_1-3_3639,10.09999999999998
P_1-3_2410,P_1-2_2193,20.100000000000016
P_1-3_2410,P_1-3_1693,16.99999999999997
P_1-3_2410,P_1-2_5588,20.700000000000024
P_1-3_2410,P_1-3_5023,11.799999999999974
P_1-3_2410,P_1-2_4589,21.600000000000037
P_1-3_2410,P_1-3_1135,21.500000000000036
P_1-3_2221,P_1-1-pt_3097,33.400000000000205
P_1-3_2018,P_1-2_573,23.10000000000006
P_1-3_2018,P_1-3_4954,30.800000000000168
P_1-3_2018,P_1-2_4634,20.100000000000016
P_1-3_2018,P_1-3_4775,20.000000000000014
P_1-3_2018,P_1-3_2410,11.599999999999975
P_1-3_2018,P_1-3_3253,20.200000000000017
P_1-3_2018,P_2-1_1646,23.30000000000006
P_1-3_2018,P_2-1_5411,15.299999999999962
P_1-3_2018,P_1-3_2633,10.09999999999998
P_1-3_2018,P_1-3_331,10.09999999999998
P_1-3_2018,P_1-2_2626,11.599999999999975
P_1-3_2018,P_1-2_5210,11.999999999999973
P_1-3_2018,P_1-3_4875,20.000000000000014
P_1-3_2018,P_1-3_1815,16.499999999999964
P_1-3_2018,P_1-1-pt_1594,9.599999999999982
P_1-3_2018,P_1-3_3410,10.29999999999998
P_1-3_2018,P_1-1-pt_6226,7.899999999999988
P_1-3_2018,P_1-1-pt_1044,7.799999999999988
P_1-3_2018,P_1-3_3639,9.99999999999998
P_1-3_2018,P_1-2_2193,18.19999999999999
P_1-3_2018,P_1-3_1693,10.09999999999998
P_1-3_2018,P_1-2_5588,9.89999999999998
P_1-3_2018,P_1-3_5023,10.09999999999998
P_1-3_2018,P_1-2_2828,10.09999999999998
P_1-3_2018,P_1-3_1135,9.99999999999998
P_1-3_2018,P_1-2_4589,19.200000000000003
P_1-3_2018,P_1-1-pt_3684,14.299999999999965
P_1-3_2018,P_1-1-veh_317,12.99999999999997
P_1-3_2018,P_1-2_810,20.000000000000014
P_1-3_2018,P_1-2_467,11.699999999999974
P_1-2_609,P_1-1-pt_3508,3.700000000000002
P_1-2_609,P_1-1-pt_889,3.800000000000002
P_1-2_609,P_1-1-pt_498,3.700000000000002
P_1-2_609,P_1-1-pt_3797,3.600000000000002
P_1-2_609,P_1-1-pt_1694,3.800000000000002
P_1-2_609,P_1-1-pt_262,3.700000000000002
P_1-2_609,P_1-1-pt_2032,7.799999999999988
P_1-2_609,P_1-2_5745,19.200000000000003
P_1-2_609,P_1-2_4266,9.99999999999998
P_1-2_609,P_1-1-pt_8735,7.799999999999988
P_1-2_609,P_1-2_4947,10.19999999999998
P_1-1-pt_5078,P_1-2_3280,3.800000000000002
P_1-1-pt_5078,P_1-1-pt_3405,9.99999999999998
P_1-1-pt_5078,P_1-1-pt_7208,10.999999999999977
P_1-1-pt_5078,P_1-1-pt_6334,16.29999999999996
P_1-1-pt_5078,P_1-1-pt_6538,8.499999999999986
P_1-1-pt_5078,P_1-1-pt_4901,22.60000000000005
P_1-1-pt_5078,P_1-1-pt_8682,8.799999999999985
P_1-1-pt_5078,P_1-1-pt_6688,8.799999999999985
P_1-1-pt_5078,P_1-1-pt_5376,127.19999999999705
P_1-1-pt_5078,P_1-1-pt_3779,10.799999999999978
P_1-1-pt_5078,P_1-1-pt_7262,8.799999999999985
P_1-1-pt_5078,P_1-1-pt_7205,11.199999999999976
P_1-1-pt_5078,P_1-1-pt_7080,17.299999999999976
P_1-1-pt_5078,P_1-1-pt_1020,10.799999999999978
P_1-2_4734,P_1-2_4206,40.80000000000031
P_1-2_4734,P_1-3_1500,40.500000000000306
P_1-2_4734,P_1-3_3901,40.60000000000031
P_1-2_4734,P_1-2_1420,40.60000000000031
P_1-2_4734,P_1-3_228,40.60000000000031
P_1-2_4734,P_1-3_3776,40.70000000000031
P_1-2_4734,P_2-1_2161,40.80000000000031
P_1-2_4734,P_1-3_874,20.40000000000002
P_1-2_4734,P_1-3_1615,40.80000000000031
P_1-2_4734,P_1-2_5885,40.80000000000031
P_1-2_4734,P_1-3_5141,40.500000000000306
P_1-2_4734,P_2-1_3599,30.600000000000165
P_1-2_4734,P_1-3_2454,20.30000000000002
P_1-2_4734,P_2-1_6008,20.40000000000002
P_1-2_4734,P_1-2_1656,20.40000000000002
P_1-2_4734,P_1-2_1053,20.50000000000002
P_1-2_4734,P_2-1_2785,20.30000000000002
P_1-2_4734,P_1-2_5495,20.40000000000002
P_1-2_4734,P_1-2_4452,20.30000000000002
P_1-2_4734,P_1-3_3834,20.30000000000002
P_1-2_4734,P_1-3_1657,20.40000000000002
P_1-2_4734,P_1-2_3280,20.40000000000002
P_1-2_4734,P_1-3_3046,20.40000000000002
P_1-2_4734,P_1-3_3457,20.40000000000002
P_1-2_4734,P_1-3_372,20.40000000000002
P_1-2_4734,P_1-3_4168,20.40000000000002
P_1-2_4734,P_1-3_2053,18.19999999999999
P_1-1-pt_8289,P_1-2_638,694.8000000000894
P_1-1-pt_8289,P_1-2_5753,39.800000000000296
P_1-1-pt_8289,P_1-1-veh_834,34.800000000000225
P_1-1-pt_8289,P_1-1-veh_530,8.399999999999986
P_1-1-pt_8289,P_1-2_3153,8.199999999999987
P_1-1-pt_8289,P_1-3_743,15.499999999999961
P_1-1-pt_8289,P_1-3_2599,7.799999999999988
P_1-1-pt_8289,P_1-2_5745,7.799999999999988
P_1-1-pt_8289,P_1-1-pt_8735,10.09999999999998
P_1-1-pt_8289,P_1-2_4266,6.5999999999999925
P_1-1-pt_8289,P_1-3_3076,7.799999999999988
P_1-1-pt_8289,P_2-1_1211,23.400000000000063
P_1-1-pt_8289,P_1-1-pt_182,10.09999999999998
P_1-1-pt_8289,P_1-2_4947,7.799999999999988
P_1-1-pt_8289,P_1-3_4289,7.799999999999988
P_1-1-pt_8289,P_1-3_5600,7.899999999999988
P_1-1-pt_8289,P_2-1_2749,31.300000000000175
P_1-1-pt_8289,P_1-1-pt_1639,45.00000000000037
P_1-1-pt_8289,P_1-1-veh_723,5.799999999999995
P_1-1-pt_8289,P_1-2_186,14.799999999999963
P_1-1-pt_8289,P_1-2_4465,7.599999999999989
P_1-1-pt_8289,P_1-2_4447,8.099999999999987
P_1-1-pt_8289,P_1-3_5348,7.799999999999988
P_1-1-pt_8289,P_1-3_1297,24.500000000000078
P_1-1-pt_8289,P_1-2_1458,6.699999999999992
P_1-1-pt_8289,P_1-2_808,7.799999999999988
P_1-1-pt_8289,P_1-2_1492,7.799999999999988
P_1-1-pt_8289,P_1-2_5054,7.799999999999988
P_1-2_638,P_1-1-pt_8289,694.8000000000894
P_1-2_638,P_1-1-pt_8184,13.299999999999969
P_1-2_638,P_1-3_2999,20.200000000000017
P_1-3_2454,P_1-2_4206,20.40000000000002
P_1-3_2454,P_1-3_1500,20.30000000000002
P_1-3_2454,P_1-3_3901,20.30000000000002
P_1-3_2454,P_1-2_1420,20.40000000000002
P_1-3_2454,P_1-3_228,20.200000000000017
P_1-3_2454,P_1-3_3776,20.200000000000017
P_1-3_2454,P_2-1_2161,20.30000000000002
P_1-3_2454,P_1-3_874,10.19999999999998
P_1-3_2454,P_1-3_1615,20.30000000000002
P_1-3_2454,P_1-2_5885,20.30000000000002
P_1-3_2454,P_1-3_5141,20.200000000000017
P_1-3_2454,P_2-1_3599,20.30000000000002
P_1-3_2454,P_1-2_4734,20.30000000000002
P_1-3_2454,P_2-1_6008,10.09999999999998
P_1-3_2454,P_1-2_1656,10.19999999999998
P_1-3_2454,P_1-2_1053,10.19999999999998
P_1-3_2454,P_2-1_2785,10.09999999999998
P_1-3_2454,P_1-2_5495,10.09999999999998
P_1-3_2454,P_1-2_4452,10.09999999999998
P_1-3_2454,P_1-3_3834,10.09999999999998
P_1-3_2454,P_1-3_1657,10.19999999999998
P_1-3_2454,P_1-2_3280,10.09999999999998
P_1-3_2454,P_1-3_3046,10.19999999999998
P_1-3_2454,P_1-3_3457,10.09999999999998
P_1-3_2454,P_1-3_372,10.09999999999998
P_1-3_2454,P_1-3_4168,10.09999999999998
P_1-3_2454,P_1-3_2053,10.09999999999998
P_1-3_2454,P_1-3_3054,10.09999999999998
P_1-3_2454,P_1-2_5951,10.09999999999998
P_1-3_2454,P_1-3_2256,10.09999999999998
P_1-3_2454,P_1-3_970,10.09999999999998
P_1-3_2454,P_1-3_5359,9.99999999999998
P_1-3_2454,P_1-3_2203,10.09999999999998
P_1-3_2454,P_1-3_2540,9.99999999999998
P_1-3_2454,P_1-3_1243,10.09999999999998
P_1-3_2454,P_1-3_891,10.09999999999998
P_1-3_2454,P_1-3_4690,10.29999999999998
P_1-3_2454,P_1-3_4995,10.29999999999998
P_1-3_2454,P_1-3_4425,10.09999999999998
P_1-3_2454,P_1-3_4033,10.19999999999998
P_1-2_3821,P_1-2_2580,133.89999999999668
P_1-2_3821,P_1-3_4738,133.3999999999967
P_1-2_3821,P_1-2_5752,123.59999999999725
P_1-2_3821,P_1-2_3464,123.59999999999725
P_1-2_3821,P_1-2_2797,136.19999999999655
P_1-2_3821,P_1-1-veh_837,113.29999999999784
P_1-2_3821,P_2-1_2028,61.90000000000061
P_1-2_3821,P_1-2_2080,103.19999999999841
P_1-2_3821,P_2-1_857,93.09999999999899
P_1-2_3821,P_1-2_4646,92.69999999999901
P_1-2_3821,P_2-1_2626,63.80000000000064
P_1-2_3821,P_2-1_4458,83.69999999999952
P_1-2_3821,P_1-2_3210,82.3999999999996
P_1-2_3821,P_1-2_2767,41.200000000000315
P_1-2_3821,P_1-2_2470,61.70000000000061
P_1-2_3821,P_1-3_1755,72.10000000000018
P_1-2_3821,P_2-1_6106,72.10000000000018
P_1-2_3821,P_1-3_1002,72.10000000000018
P_1-2_3821,P_1-3_2501,41.00000000000031
P_1-2_3821,P_1-3_3231,61.600000000000605
P_1-2_3821,P_2-1_3205,30.800000000000168
P_1-2_3821,P_1-2_2625,30.800000000000168
P_1-2_4454,P_1-1-pt_7938,5.399999999999997
P_1-2_4454,P_1-1-pt_3931,5.399999999999997
P_1-2_4454,P_1-1-pt_8282,5.399999999999997
P_1-2_4454,P_1-1-pt_3353,7.29999999999999
P_1-2_4454,P_1-1-pt_842,5.399999999999997
P_1-2_4454,P_1-1-pt_7890,5.299999999999997
P_1-2_4454,P_1-1-pt_5070,8.399999999999986
P_1-1-pt_2770,P_1-1-pt_7938,10.19999999999998
P_1-1-pt_2770,P_1-1-pt_3931,8.799999999999985
P_1-1-pt_2770,P_1-1-pt_3353,10.09999999999998
P_1-1-pt_2770,P_1-1-pt_6189,10.399999999999979
P_1-1-pt_2770,P_1-1-pt_842,10.399999999999979
P_1-1-pt_2770,P_1-1-pt_7890,10.09999999999998
P_1-1-pt_5139,P_1-2_250,3.600000000000002
P_1-1-pt_5139,P_1-3_5475,3.600000000000002
P_1-1-pt_5139,P_1-1-pt_7440,9.699999999999982
P_1-1-pt_5139,P_1-3_1945,7.899999999999988
P_1-1-pt_5139,P_1-2_848,3.800000000000002
P_1-1-pt_5139,P_1-2_4474,20.900000000000027
P_1-1-pt_5139,P_1-3_1027,7.599999999999989
P_1-1-pt_5139,P_1-2_2988,3.5000000000000018
P_1-1-pt_5139,P_1-2_1453,7.899999999999988
P_1-1-pt_5139,P_1-1-pt_2431,10.09999999999998
P_1-1-pt_255,P_1-3_855,1.3
P_1-1-pt_255,P_1-1-pt_1560,10.699999999999978
P_1-1-pt_255,P_1-1-pt_2606,10.799999999999978
P_1-1-pt_255,P_1-1-pt_1966,10.799999999999978
P_1-1-pt_255,P_1-1-pt_5906,10.699999999999978
P_1-1-pt_255,P_1-1-pt_1238,10.899999999999977
P_1-1-pt_255,P_1-1-pt_3916,10.899999999999977
P_1-1-pt_255,P_1-1-pt_3128,10.699999999999978
P_1-1-pt_255,P_1-1-pt_1226,11.199999999999976
P_1-1-pt_255,P_1-3_1542,3.700000000000002
P_1-1-pt_255,P_1-1-pt_3409,9.89999999999998
P_1-1-pt_255,P_1-1-pt_3624,10.09999999999998
P_1-1-pt_255,P_1-1-pt_5066,11.499999999999975
P_1-1-pt_255,P_1-1-pt_3097,10.699999999999978
P_1-1-pt_255,P_1-1-pt_8586,11.099999999999977
P_1-1-pt_255,P_1-1-pt_761,10.899999999999977
P_1-1-pt_255,P_1-1-pt_5137,28.90000000000014
P_1-1-pt_255,P_1-1-pt_7634,11.099999999999977
P_1-1-pt_255,P_1-2_659,3.700000000000002
P_1-3_3834,P_1-3_3046,10.09999999999998
P_1-3_3834,P_1-3_3457,10.19999999999998
P_1-3_3834,P_1-1-pt_2606,3.800000000000002
P_1-3_3834,P_1-1-pt_3910,3.600000000000002
P_1-3_3834,P_1-3_3776,30.500000000000163
P_1-3_3834,P_2-1_2161,20.40000000000002
P_1-3_3834,P_1-3_874,20.30000000000002
P_1-3_3834,P_1-3_1615,20.200000000000017
P_1-3_3834,P_1-2_5885,20.30000000000002
P_1-3_3834,P_1-3_5141,20.40000000000002
P_1-3_3834,P_2-1_3599,20.30000000000002
P_1-3_3834,P_1-2_4734,20.30000000000002
P_1-3_3834,P_1-3_2454,10.09999999999998
P_1-3_3834,P_1-2_4206,20.30000000000002
P_1-3_3834,P_1-3_1500,20.200000000000017
P_1-3_3834,P_2-1_6008,20.40000000000002
P_1-3_3834,P_1-2_1656,20.30000000000002
P_1-3_3834,P_1-3_3901,20.200000000000017
P_1-3_3834,P_1-2_1053,20.30000000000002
P_1-3_3834,P_2-1_2785,20.30000000000002
P_1-3_3834,P_1-2_1420,20.30000000000002
P_1-3_3834,P_1-3_228,20.30000000000002
P_1-3_3834,P_1-2_5495,20.40000000000002
P_1-3_3834,P_1-2_4452,20.40000000000002
P_1-3_3834,P_1-3_1657,10.29999999999998
P_1-3_3834,P_1-2_3280,10.19999999999998
P_1-3_3834,P_1-3_372,10.09999999999998
P_1-3_3834,P_1-3_4168,10.19999999999998
P_1-3_3834,P_1-3_2053,10.19999999999998
P_1-3_3834,P_1-3_3054,10.19999999999998
P_1-3_3834,P_1-3_2256,10.19999999999998
P_1-3_3834,P_1-3_970,10.19999999999998
P_1-3_3834,P_1-3_5359,10.09999999999998
P_1-3_3834,P_1-3_2203,10.09999999999998
P_1-3_3834,P_1-3_2540,10.09999999999998
P_1-3_3834,P_1-3_1243,10.09999999999998
P_1-2_4327,P_1-2_3716,20.30000000000002
P_1-2_1559,P_1-3_3004,20.50000000000002
P_1-2_1559,P_1-2_1017,10.399999999999979
P_1-2_1559,P_1-2_671,33.60000000000021
P_1-2_1313,P_1-3_2484,6.8999999999999915
P_1-2_1313,P_1-1-pt_1766,20.600000000000023
P_1-2_1313,P_1-3_1292,8.899999999999984
P_1-3_2180,P_1-2_3378,0.30000000000000004
P_1-3_2180,P_1-3_2076,9.99999999999998
P_1-3_2180,P_1-2_423,0.6
P_1-3_2180,P_1-1-pt_4785,7.799999999999988
P_1-3_2180,P_1-1-pt_1232,7.899999999999988
P_1-3_2180,P_1-1-pt_3229,8.199999999999987
P_1-3_2180,P_2-1_3664,10.599999999999978
P_1-3_2180,P_2-1_3058,10.399999999999979
P_1-3_2180,P_1-1-pt_3372,8.099999999999987
P_1-3_2180,P_1-3_2219,10.09999999999998
P_1-3_2180,P_1-2_1070,10.29999999999998
P_1-3_2180,P_1-3_4996,10.09999999999998
P_1-3_2180,P_1-2_5092,1.0999999999999999
P_1-3_2180,P_1-3_5354,10.09999999999998
P_1-2_3488,P_1-2_2237,16.19999999999996
P_1-2_3488,P_1-1-pt_2129,15.59999999999996
P_1-2_3488,P_1-1-pt_1039,15.499999999999961
P_1-2_3488,P_1-1-pt_5275,15.499999999999961
P_1-2_3488,P_1-1-pt_1700,15.59999999999996
P_1-2_3488,P_1-1-pt_2782,15.499999999999961
P_1-2_3488,P_1-3_2261,20.100000000000016
P_1-2_3488,P_1-1-pt_413,15.499999999999961
P_1-2_3488,P_1-2_4061,15.99999999999996
P_1-2_3488,P_1-1-pt_2854,15.499999999999961
P_1-2_3488,P_1-1-pt_6602,15.59999999999996
P_1-2_3488,P_1-1-pt_6335,15.499999999999961
P_1-2_3488,P_1-3_186,20.200000000000017
P_1-2_3488,P_1-2_3850,20.200000000000017
P_1-2_3488,P_1-2_3247,15.99999999999996
P_1-2_3488,P_1-3_2683,20.200000000000017
P_1-2_3488,P_1-1-pt_5452,15.499999999999961
P_1-2_3488,P_2-1_6187,16.09999999999996
P_1-2_3488,P_1-1-pt_5152,7.799999999999988
P_1-2_3488,P_1-2_4836,7.999999999999988
P_1-3_3046,P_1-3_3457,17.199999999999974
P_1-3_3046,P_1-3_3834,10.09999999999998
P_1-3_3046,P_1-1-pt_4966,4.4
P_1-3_3046,P_1-1-pt_3910,3.900000000000002
P_1-3_3046,P_1-1-pt_6346,3.700000000000002
P_1-3_3046,P_1-3_1615,20.40000000000002
P_1-3_3046,P_1-2_5885,20.40000000000002
P_1-3_3046,P_1-3_5141,20.30000000000002
P_1-3_3046,P_2-1_3599,20.40000000000002
P_1-3_3046,P_1-2_4734,20.40000000000002
P_1-3_3046,P_1-3_2454,10.19999999999998
P_1-3_3046,P_1-2_4206,20.30000000000002
P_1-3_3046,P_1-3_1500,20.30000000000002
P_1-3_3046,P_2-1_6008,20.50000000000002
P_1-3_3046,P_1-2_1656,20.40000000000002
P_1-3_3046,P_1-3_3901,20.30000000000002
P_1-3_3046,P_1-2_1053,10.19999999999998
P_1-3_3046,P_2-1_2785,10.09999999999998
P_1-3_3046,P_1-2_1420,10.19999999999998
P_1-3_3046,P_1-3_228,10.19999999999998
P_1-3_3046,P_1-2_5495,10.19999999999998
P_1-3_3046,P_1-2_4452,10.19999999999998
P_1-3_3046,P_1-3_3776,10.19999999999998
P_1-3_3046,P_1-3_1657,10.19999999999998
P_1-3_3046,P_2-1_2161,10.19999999999998
P_1-3_3046,P_1-2_3280,10.29999999999998
P_1-3_3046,P_1-3_372,10.19999999999998
P_1-3_3046,P_1-3_4168,10.19999999999998
P_1-3_3046,P_1-3_2053,10.19999999999998
P_1-3_3046,P_1-3_3054,10.19999999999998
P_1-3_3046,P_1-3_2256,10.09999999999998
P_1-3_3046,P_1-3_970,10.19999999999998
P_1-1-pt_530,P_1-1-pt_2218,10.399999999999979
P_1-1-pt_530,P_1-1-pt_6540,5.299999999999997
P_1-1-pt_530,P_1-1-pt_761,11.399999999999975
P_1-1-pt_530,P_1-1-pt_357,9.89999999999998
P_1-1-pt_530,P_1-1-pt_3700,9.699999999999982
P_1-1-pt_530,P_1-1-pt_234,9.499999999999982
P_1-1-pt_530,P_1-1-pt_2187,13.09999999999997
P_1-1-pt_530,P_1-1-pt_6297,13.999999999999966
P_1-1-pt_530,P_1-1-pt_7459,11.099999999999977
P_1-1-pt_3629,P_1-1-pt_4572,329.8000000000065
P_1-1-pt_3629,P_1-2_4771,31.70000000000018
P_1-1-pt_3629,P_1-3_1503,134.19999999999666
P_1-1-pt_3629,P_1-2_4339,126.99999999999706
P_1-1-pt_3629,P_1-3_5079,31.500000000000178
P_1-1-pt_3629,P_2-1_4755,32.000000000000185
P_1-1-pt_3629,P_2-1_4789,110.499999999998
P_1-1-pt_3629,P_1-2_3749,95.19999999999887
P_1-1-pt_3629,P_1-1-pt_1714,20.600000000000023
P_1-1-pt_3629,P_1-2_2780,86.89999999999934
P_1-1-pt_3629,P_1-2_2287,15.79999999999996
P_1-1-pt_3629,P_1-3_1785,15.79999999999996
P_1-1-pt_3629,P_1-1-pt_8911,20.600000000000023
P_1-1-pt_3629,P_1-2_3081,16.19999999999996
P_1-2_4634,P_1-3_4775,42.00000000000033
P_1-2_4634,P_1-3_2410,30.100000000000158
P_1-2_4634,P_1-3_3253,40.2000000000003
P_1-2_4634,P_1-3_2018,20.100000000000016
P_1-2_4634,P_1-3_2633,30.20000000000016
P_1-2_4634,P_1-2_1942,10.09999999999998
P_1-2_4634,P_1-3_331,30.400000000000162
P_1-2_4634,P_1-2_2626,9.99999999999998
P_1-2_4634,P_1-2_5210,20.100000000000016
P_1-2_4634,P_1-2_573,26.200000000000102
P_1-2_4634,P_1-3_4954,20.900000000000027
P_1-2_4634,P_1-3_4875,61.0000000000006
P_1-2_4634,P_1-3_1815,55.60000000000052
P_1-2_4634,P_1-1-pt_1594,46.40000000000039
P_1-2_4634,P_1-3_3410,60.70000000000059
P_1-2_4634,P_1-3_835,11.999999999999973
P_1-2_4634,P_2-1_5411,38.400000000000276
P_1-2_4634,P_2-1_1646,31.60000000000018
P_1-2_4634,P_1-1-pt_6226,15.499999999999961
P_1-2_4634,P_1-3_3639,10.09999999999998
P_1-2_4634,P_1-2_2193,9.99999999999998
P_1-2_4634,P_1-2_5800,10.09999999999998
P_1-2_4634,P_1-2_5588,9.799999999999981
P_1-2_4634,P_1-3_5023,11.799999999999974
P_1-2_4634,P_1-2_2828,9.99999999999998
P_1-2_4609,P_1-1-pt_8375,101.29999999999852
P_1-2_4609,P_2-1_5067,8.899999999999984
P_1-2_2580,P_1-2_3821,133.89999999999668
P_1-2_2580,P_1-3_4738,133.5999999999967
P_1-2_2580,P_1-2_5752,123.59999999999725
P_1-2_2580,P_1-2_3464,122.39999999999732
P_1-2_2580,P_1-2_2797,145.29999999999603
P_1-2_2580,P_1-1-veh_837,112.79999999999787
P_1-2_2580,P_2-1_2028,61.80000000000061
P_1-2_2580,P_1-2_2080,102.89999999999843
P_1-2_2580,P_2-1_857,1092.5000000001019
P_1-2_2580,P_1-2_4646,83.19999999999955
P_1-2_2580,P_2-1_2626,61.80000000000061
P_1-2_2580,P_2-1_4458,82.3999999999996
P_1-2_2580,P_1-2_3210,81.99999999999962
P_1-2_2580,P_1-2_2470,77.89999999999985
P_1-2_2580,P_1-2_2767,41.40000000000032
P_1-2_2580,P_1-3_1755,72.00000000000018
P_1-2_2580,P_2-1_6106,61.80000000000061
P_1-2_2580,P_1-3_1002,72.10000000000018
P_1-2_2580,P_1-3_2501,41.100000000000314
P_1-2_2580,P_1-3_3231,61.600000000000605
P_1-2_2580,P_2-1_3205,30.90000000000017
P_1-2_2580,P_1-2_2625,30.90000000000017
P_1-2_1285,P_1-1-pt_2425,839.4000000001223
P_1-2_1285,P_1-1-pt_1601,5.1999999999999975
P_1-1-pt_6355,P_1-1-pt_5167,10.799999999999978
P_1-1-pt_6355,P_1-1-pt_1747,10.799999999999978
P_1-1-pt_6355,P_1-1-pt_7938,8.699999999999985
P_1-1-pt_6355,P_1-1-pt_3931,10.09999999999998
P_1-1-pt_6355,P_1-1-pt_8282,9.99999999999998
P_1-1-pt_6355,P_1-1-pt_3353,10.699999999999978
P_1-1-pt_6355,P_1-1-pt_6189,17.69999999999998
P_1-1-pt_6355,P_1-1-pt_842,9.99999999999998
P_1-1-pt_6355,P_1-1-pt_7890,9.99999999999998
P_1-1-pt_6355,P_1-1-pt_879,18.699999999999996
P_1-1-pt_6355,P_1-1-pt_5070,10.09999999999998
P_1-1-pt_1669,P_1-3_4593,3.700000000000002
P_1-1-pt_1669,P_1-2_1494,3.700000000000002
P_1-1-pt_1669,P_1-1-pt_6381,8.799999999999985
P_1-1-pt_5167,P_1-1-pt_6355,10.799999999999978
P_1-1-pt_5167,P_1-1-pt_1747,250.19999999999007
P_1-1-pt_5167,P_1-1-pt_3858,57.400000000000546
P_1-1-pt_5167,P_1-1-pt_521,658.7000000000812
P_1-1-pt_5167,P_1-1-pt_6974,177.89999999999418
P_1-1-pt_5167,P_1-1-pt_3671,235.99999999999088
P_1-1-pt_5167,P_1-1-pt_4262,11.599999999999975
P_1-1-pt_5167,P_1-1-pt_98,116.29999999999767
P_1-1-pt_5167,P_1-1-pt_3207,55.900000000000524
P_1-1-pt_5167,P_1-1-pt_1497,79.49999999999976
P_1-1-pt_5167,P_1-1-veh_51,3.700000000000002
P_1-1-pt_5167,P_1-1-veh_302,9.599999999999982
P_1-1-pt_5167,P_1-1-pt_6743,28.500000000000135
P_1-1-pt_5167,P_1-1-pt_296,10.09999999999998
P_1-1-pt_5167,P_1-1-pt_8016,44.50000000000036
P_1-1-pt_5167,P_1-1-pt_1020,11.199999999999976
P_1-1-pt_5167,P_1-1-pt_562,19.300000000000004
P_1-1-pt_5167,P_1-1-pt_4736,33.2000000000002
P_1-1-pt_5167,P_1-1-pt_2880,31.70000000000018
P_1-1-pt_5167,P_1-1-pt_2708,11.899999999999974
P_1-1-pt_5167,P_1-1-pt_1610,163.09999999999502
P_1-1-pt_5167,P_1-1-pt_7243,542.1000000000547
P_1-1-pt_5167,P_1-1-pt_1963,11.899999999999974
P_1-1-pt_5167,P_1-1-pt_2194,8.899999999999984
P_1-1-pt_5167,P_1-1-pt_3388,10.399999999999979
P_1-1-pt_5167,P_1-1-pt_2920,10.599999999999978
P_1-1-pt_5167,P_1-1-pt_4070,11.599999999999975
P_1-1-pt_5167,P_1-1-pt_5267,32.60000000000019
P_1-1-pt_5167,P_1-1-pt_4345,331.6000000000069
P_1-1-pt_5167,P_1-1-pt_459,10.09999999999998
P_1-1-pt_5167,P_1-1-pt_2004,22.300000000000047
P_1-1-pt_5167,P_1-1-pt_8731,10.899999999999977
P_1-1-pt_5167,P_1-1-pt_7355,11.399999999999975
P_1-1-pt_5167,P_1-1-pt_5173,10.599999999999978
P_1-1-pt_5167,P_1-1-pt_7881,113.49999999999783
P_1-1-pt_5167,P_1-1-pt_7447,235.99999999999088
P_1-1-pt_5167,P_1-1-pt_7372,11.599999999999975
P_1-1-pt_5167,P_1-1-pt_8316,17.69999999999998
P_1-1-pt_5167,P_1-1-pt_7573,11.599999999999975
P_1-1-pt_5167,P_1-1-veh_767,3.800000000000002
P_1-1-pt_5167,P_1-1-pt_1995,9.99999999999998
P_1-1-pt_5167,P_1-1-pt_2013,36.40000000000025
P_1-3_4492,P_1-1-pt_5960,12.79999999999997
P_1-3_4492,P_1-1-pt_7697,3.800000000000002
P_1-3_4492,P_1-1-pt_1601,7.799999999999988
P_1-1-pt_1006,P_1-1-pt_8969,10.19999999999998
P_1-1-pt_1006,P_1-3_5475,11.099999999999977
P_1-1-pt_1006,P_1-2_3483,8.399999999999986
P_1-1-pt_1006,P_1-1-pt_2431,10.19999999999998
P_1-1-pt_1006,P_1-1-pt_5819,21.80000000000004
P_1-1-pt_1006,P_1-3_4479,24.300000000000075
P_1-1-pt_1006,P_1-3_2324,15.79999999999996
P_1-1-pt_1006,P_1-2_848,15.99999999999996
P_1-1-pt_1006,P_1-2_3702,13.499999999999968
P_1-1-pt_1006,P_1-1-pt_7381,20.800000000000026
P_1-1-pt_1006,P_1-1-pt_4589,28.20000000000013
P_1-1-pt_1006,P_1-1-pt_7355,20.40000000000002
P_1-2_2287,P_1-2_4771,20.40000000000002
P_1-2_2287,P_1-3_5079,20.200000000000017
P_1-2_2287,P_2-1_4755,20.30000000000002
P_1-2_2287,P_1-1-pt_1714,8.199999999999987
P_1-2_2287,P_1-2_4339,20.600000000000023
P_1-2_2287,P_1-1-pt_3629,15.79999999999996
P_1-2_2287,P_1-1-pt_4572,15.89999999999996
P_1-2_2287,P_1-2_2780,20.600000000000023
P_1-2_2287,P_1-3_1503,20.50000000000002
P_1-2_2287,P_1-2_3749,20.50000000000002
P_1-2_2287,P_2-1_4789,520.9000000000499
P_1-2_2287,P_1-3_1785,10.09999999999998
P_1-2_2287,P_1-1-pt_8911,7.899999999999988
P_1-2_2287,P_1-2_3081,10.19999999999998
P_1-2_2287,P_1-3_3054,10.09999999999998
P_1-2_2287,P_1-2_5951,10.09999999999998
P_1-2_2287,P_1-3_2256,10.09999999999998
P_1-2_2287,P_1-3_970,10.09999999999998
P_1-2_2287,P_1-3_5359,10.09999999999998
P_1-2_2287,P_1-3_2203,10.09999999999998
P_1-2_2287,P_1-3_2540,10.09999999999998
P_1-2_2287,P_1-3_1243,10.09999999999998
P_1-2_2287,P_1-3_891,10.09999999999998
P_1-2_2287,P_1-3_4690,10.29999999999998
P_1-2_2287,P_1-3_4995,10.29999999999998
P_1-2_2287,P_1-1-pt_1350,14.899999999999963
P_1-2_2287,P_1-3_4425,10.19999999999998
P_1-2_2287,P_1-3_4033,10.09999999999998
P_1-2_2287,P_1-3_767,3.5000000000000018
P_1-2_3214,P_1-1-pt_5960,3.700000000000002
P_1-2_3214,P_1-1-pt_6189,3.600000000000002
P_1-2_3214,P_1-1-pt_842,3.700000000000002
P_1-2_3214,P_1-1-pt_7890,3.700000000000002
P_1-2_3214,P_1-1-pt_5587,6.799999999999992
P_1-2_3214,P_1-2_5020,8.299999999999986
P_2-1_6021,P_2-1_1193,152.29999999999563
P_1-2_4270,P_1-1-pt_889,3.800000000000002
P_1-2_4270,P_1-1-pt_498,3.800000000000002
P_1-2_4270,P_1-1-pt_3797,3.600000000000002
P_1-2_1612,P_1-1-pt_3858,9.699999999999982
P_1-2_1612,P_1-1-pt_868,10.29999999999998
P_1-2_1612,P_1-1-pt_7881,10.09999999999998
P_1-2_1612,P_1-1-pt_3957,19.70000000000001
P_1-2_1612,P_1-1-pt_4071,19.80000000000001
P_1-2_1612,P_1-1-pt_2187,9.799999999999981
P_1-2_1612,P_1-1-pt_7213,9.89999999999998
P_1-2_1612,P_1-1-pt_6413,9.89999999999998
P_1-2_1612,P_1-1-pt_494,9.699999999999982
P_1-2_1612,P_1-1-pt_2162,9.799999999999981
P_1-2_3693,P_1-3_331,9.99999999999998
P_1-2_3693,P_2-1_5411,36.200000000000244
P_1-2_3693,P_1-2_5210,10.09999999999998
P_1-2_3693,P_1-2_573,10.29999999999998
P_1-2_3693,P_2-1_1646,30.100000000000158
P_1-2_3693,P_1-3_4954,9.799999999999981
P_1-2_3693,P_1-3_2874,10.09999999999998
P_1-2_3693,P_1-3_115,29.000000000000142
P_1-2_3693,P_1-3_68,13.09999999999997
P_1-2_3693,P_1-2_1017,10.09999999999998
P_1-2_3693,P_1-3_1292,9.89999999999998
P_1-2_3693,P_1-3_3103,10.899999999999977
P_1-2_3693,P_1-1-pt_5241,5.899999999999995
P_1-2_3693,P_1-2_568,10.999999999999977
P_1-2_3693,P_1-1-pt_3670,6.399999999999993
P_1-2_3693,P_2-1_3956,10.799999999999978
P_1-2_3693,P_1-2_1502,10.19999999999998
P_1-2_3693,P_1-1-pt_5143,3.600000000000002
P_1-2_3693,P_1-1-pt_2952,15.399999999999961
P_1-2_3693,P_1-1-veh_5,17.899999999999984
P_1-2_3693,P_1-2_3408,15.99999999999996
P_1-3_5578,P_1-1-pt_8068,6.099999999999994
P_1-3_5578,P_1-2_4791,8.299999999999986
P_1-3_5578,P_1-3_2010,10.29999999999998
P_1-3_5578,P_1-2_1533,8.199999999999987
P_1-3_5578,P_1-3_635,10.399999999999979
P_1-3_5578,P_1-2_78,5.299999999999997
P_1-3_5578,P_1-3_4313,10.19999999999998
P_1-3_5578,P_1-3_2604,10.29999999999998
P_1-3_5578,P_1-3_75,9.99999999999998
P_1-3_5578,P_1-2_4257,10.19999999999998
P_1-3_5578,P_1-3_520,10.19999999999998
P_2-1_63,P_1-1-pt_4879,7.29999999999999
P_2-1_63,P_1-1-pt_868,9.99999999999998
P_2-1_63,P_1-1-pt_7881,10.699999999999978
P_2-1_63,P_1-1-pt_3957,19.70000000000001
P_2-1_63,P_1-1-pt_4071,19.70000000000001
P_2-1_63,P_1-1-pt_2187,9.99999999999998
P_2-1_63,P_1-1-pt_7213,9.89999999999998
P_2-1_63,P_1-1-pt_6413,9.89999999999998
P_2-1_63,P_1-1-pt_494,9.799999999999981
P_2-1_63,P_1-1-pt_2162,9.599999999999982
P_2-1_63,P_1-1-pt_1449,17.199999999999974
P_2-1_5435,P_2-1_4331,159.9999999999952
P_2-1_5435,P_1-2_2229,159.8999999999952
P_2-1_5435,P_1-2_2030,148.69999999999584
P_2-1_5435,P_2-1_3376,149.99999999999577
P_2-1_5435,P_2-1_6256,143.09999999999616
P_2-1_5435,P_1-2_3908,149.69999999999578
P_2-1_5435,P_1-2_4607,139.49999999999636
P_2-1_5435,P_1-1-pt_7104,99.9999999999986
P_2-1_5435,P_1-2_4886,138.5999999999964
P_2-1_5435,P_1-2_3005,950.7000000001476
P_2-1_5435,P_1-1-pt_7917,84.89999999999945
P_2-1_5435,P_2-1_5859,118.89999999999752
P_2-1_5435,P_2-1_1911,119.39999999999749
P_2-1_5435,P_1-2_6071,109.79999999999804
P_2-1_5435,P_1-3_4957,119.99999999999746
P_2-1_5435,P_1-2_1272,109.99999999999802
P_2-1_5435,P_2-1_2074,118.59999999999754
P_2-1_5435,P_1-3_4751,99.49999999999862
P_2-1_5435,P_2-1_1242,89.59999999999918
P_2-1_5435,P_2-1_3947,89.59999999999918
P_2-1_5435,P_2-1_6248,89.49999999999919
P_2-1_5435,P_1-3_3176,362.3000000000139
P_2-1_5435,P_1-2_2976,86.09999999999938
P_2-1_5435,P_1-2_1639,340.70000000000897
P_2-1_5435,P_2-1_497,91.1999999999991
P_2-1_5435,P_2-1_1408,81.09999999999967
P_2-1_5435,P_1-2_1471,79.59999999999975
P_2-1_5435,P_2-1_4664,79.19999999999978
P_1-1-pt_7040,P_1-1-pt_7123,1592.3999999996472
P_1-1-pt_7915,P_1-1-pt_6974,312.40000000000254
P_1-1-pt_7915,P_1-1-pt_3858,14.499999999999964
P_1-1-pt_7915,P_1-1-pt_1963,81.79999999999963
P_1-1-pt_7915,P_1-1-pt_5835,80.19999999999972
P_1-1-pt_7915,P_1-1-pt_2708,80.39999999999971
P_1-1-pt_7915,P_1-1-pt_521,13.799999999999967
P_1-1-pt_7915,P_1-1-pt_98,255.79999999998975
P_1-1-pt_7915,P_1-1-pt_7372,10.999999999999977
P_1-1-pt_7915,P_1-1-pt_1610,167.49999999999477
P_1-1-pt_7915,P_1-1-pt_2771,18.39999999999999
P_1-1-pt_7915,P_1-1-pt_7447,10.19999999999998
P_1-1-pt_7915,P_1-1-pt_5999,8.299999999999986
P_1-1-pt_7123,P_1-1-pt_7040,1592.3999999996472
P_1-1-pt_7123,P_1-2_5834,6.499999999999993
P_1-1-pt_7123,P_1-1-pt_4788,10.19999999999998
P_1-1-pt_7123,P_1-1-pt_4988,5.299999999999997
P_1-2_5943,P_1-1-pt_4645,5.099999999999998
P_1-3_5334,P_1-2_3413,12.599999999999971
P_1-1-pt_1747,P_1-1-pt_6355,10.799999999999978
P_1-1-pt_1747,P_1-1-pt_5167,250.19999999999007
P_1-1-pt_1747,P_1-1-pt_3858,72.20000000000017
P_1-1-pt_1747,P_1-1-pt_521,57.60000000000055
P_1-1-pt_1747,P_1-1-pt_3671,216.89999999999196
P_1-1-pt_1747,P_1-1-pt_4262,10.09999999999998
P_1-1-pt_1747,P_1-1-pt_98,113.19999999999784
P_1-1-pt_1747,P_1-1-pt_3207,54.90000000000051
P_1-1-pt_1747,P_1-1-pt_6974,104.19999999999835
P_1-1-pt_1747,P_1-1-pt_1497,60.900000000000595
P_1-1-pt_1747,P_1-1-veh_51,3.700000000000002
P_1-1-pt_1747,P_1-1-pt_6743,22.000000000000043
P_1-1-pt_1747,P_1-1-pt_296,10.399999999999979
P_1-1-pt_1747,P_1-1-pt_8016,44.50000000000036
P_1-1-pt_1747,P_1-1-pt_1020,11.399999999999975
P_1-1-pt_1747,P_1-1-pt_562,20.200000000000017
P_1-1-pt_1747,P_1-1-pt_4736,33.3000000000002
P_1-1-pt_1747,P_1-1-pt_2880,31.70000000000018
P_1-1-pt_1747,P_1-1-pt_5267,45.80000000000038
P_1-1-pt_1747,P_1-1-pt_2708,11.699999999999974
P_1-1-pt_1747,P_1-1-pt_1610,161.19999999999513
P_1-1-pt_1747,P_1-1-pt_7243,22.900000000000055
P_1-1-pt_1747,P_1-1-pt_1963,11.499999999999975
P_1-1-pt_1747,P_1-1-pt_3388,10.29999999999998
P_1-1-pt_1747,P_1-1-pt_2920,10.19999999999998
P_1-1-pt_1747,P_1-1-pt_4070,11.799999999999974
P_1-1-pt_1747,P_1-1-pt_4345,23.10000000000006
P_1-1-pt_1747,P_1-1-pt_2004,150.19999999999575
P_1-1-pt_1747,P_1-1-pt_8731,10.799999999999978
P_1-1-pt_1747,P_1-1-pt_7355,11.399999999999975
P_1-1-pt_1747,P_1-1-pt_5173,10.499999999999979
P_1-1-pt_1747,P_1-1-pt_7447,152.19999999999564
P_1-1-pt_1747,P_1-1-pt_7881,147.29999999999592
P_1-1-pt_1747,P_1-1-pt_7372,11.699999999999974
P_1-1-pt_1747,P_1-1-pt_8316,10.29999999999998
P_1-1-pt_1747,P_1-1-pt_7573,11.099999999999977
P_1-1-pt_1747,P_1-1-veh_767,3.900000000000002
P_1-1-pt_1747,P_1-1-pt_1995,10.499999999999979
P_1-1-pt_1747,P_1-1-pt_2013,9.89999999999998
P_2-1_5419,P_2-1_5975,3.1000000000000014
P_2-1_5419,P_1-1-pt_824,3.600000000000002
P_2-1_5419,P_1-1-pt_4879,9.199999999999983
P_2-1_5419,P_1-1-pt_3858,8.799999999999985
P_2-1_5419,P_1-1-pt_3957,12.099999999999973
P_2-1_5419,P_1-1-pt_4071,12.199999999999973
P_2-1_5419,P_1-1-pt_2162,3.800000000000002
P_2-1_5419,P_1-1-pt_6413,69.40000000000033
P_2-1_5419,P_1-1-pt_3409,15.499999999999961
P_1-2_3608,P_1-3_743,2.9000000000000012
P_1-2_3608,P_1-1-pt_1173,15.099999999999962
P_1-2_5092,P_1-3_2076,2.0000000000000004
P_1-2_5092,P_1-2_423,20.30000000000002
P_1-2_5092,P_1-2_5020,10.09999999999998
P_1-2_5092,P_1-2_471,20.200000000000017
P_1-2_5092,P_1-3_3626,1.0999999999999999
P_1-2_5092,P_1-3_1588,8.099999999999987
P_1-2_5092,P_1-2_5805,10.09999999999998
P_1-2_5092,P_1-2_3378,20.200000000000017
P_1-2_5092,P_1-2_2590,10.19999999999998
P_1-2_5092,P_1-3_4996,0.4
P_1-2_5092,P_1-2_3077,20.40000000000002
P_1-2_5092,P_1-3_5354,0.8999999999999999
P_1-2_5092,P_1-2_3614,7.999999999999988
P_1-2_5092,P_1-3_4587,0.7999999999999999
P_1-2_5092,P_1-2_1633,7.499999999999989
P_1-2_5092,P_1-3_2180,1.0999999999999999
P_1-1-pt_7440,P_1-3_2327,7.899999999999988
P_1-1-pt_7440,P_1-1-pt_6673,10.19999999999998
P_1-1-pt_7440,P_1-1-veh_326,7.899999999999988
P_1-1-pt_7440,P_1-1-pt_5139,9.699999999999982
P_1-1-pt_7440,P_1-1-pt_4380,10.09999999999998
P_1-1-pt_7440,P_1-1-pt_3820,8.599999999999985
P_1-1-pt_7440,P_1-1-pt_562,9.399999999999983
P_1-1-pt_7440,P_1-3_5477,10.19999999999998
P_1-1-pt_841,P_1-1-pt_5982,21.600000000000037
P_1-1-pt_841,P_1-3_1140,15.69999999999996
P_1-1-pt_841,P_1-1-pt_877,20.50000000000002
P_1-1-pt_841,P_1-1-pt_4554,20.30000000000002
P_1-1-pt_841,P_1-1-pt_8085,1677.19999999957
P_1-1-pt_841,P_1-1-pt_4407,1838.5999999994233
P_1-3_2881,P_1-1-pt_4064,10.999999999999977
P_1-1-pt_8982,P_1-1-pt_3931,9.99999999999998
P_1-1-pt_8982,P_1-1-pt_8282,10.09999999999998
P_1-1-pt_8982,P_1-1-pt_2255,10.09999999999998
P_1-1-pt_8982,P_1-1-pt_3353,10.19999999999998
P_1-1-pt_8982,P_1-1-pt_842,10.29999999999998
P_1-1-pt_8982,P_1-1-pt_7890,10.19999999999998
P_1-2_2512,P_1-1-pt_4595,16.599999999999966
P_1-2_2512,P_1-3_5376,20.600000000000023
P_1-2_4206,P_1-2_4734,40.80000000000031
P_1-2_4206,P_1-3_1500,40.60000000000031
P_1-2_4206,P_1-3_3901,40.60000000000031
P_1-2_4206,P_1-2_1420,40.80000000000031
P_1-2_4206,P_1-3_228,40.80000000000031
P_1-2_4206,P_1-3_3776,40.70000000000031
P_1-2_4206,P_2-1_2161,40.80000000000031
P_1-2_4206,P_1-3_874,20.40000000000002
P_1-2_4206,P_1-3_1615,40.70000000000031
P_1-2_4206,P_1-2_5885,30.500000000000163
P_1-2_4206,P_1-3_5141,30.30000000000016
P_1-2_4206,P_2-1_3599,30.700000000000166
P_1-2_4206,P_1-3_2454,20.40000000000002
P_1-2_4206,P_2-1_6008,20.40000000000002
P_1-2_4206,P_1-2_1656,20.40000000000002
P_1-2_4206,P_1-2_1053,20.600000000000023
P_1-2_4206,P_2-1_2785,20.40000000000002
P_1-2_4206,P_1-2_5495,20.30000000000002
P_1-2_4206,P_1-2_4452,20.40000000000002
P_1-2_4206,P_1-3_3834,20.30000000000002
P_1-2_4206,P_1-3_1657,20.40000000000002
P_1-2_4206,P_1-2_3280,20.40000000000002
P_1-2_4206,P_1-3_3046,20.30000000000002
P_1-2_4206,P_1-3_3457,20.40000000000002
P_1-2_4206,P_1-3_372,10.19999999999998
P_1-2_4206,P_1-3_4168,10.19999999999998
P_1-2_4206,P_1-3_2053,10.09999999999998
P_1-2_4206,P_1-3_3054,11.199999999999976
P_1-2_5640,P_1-3_4875,10.09999999999998
P_1-2_5640,P_1-2_568,14.699999999999964
P_1-2_5640,P_1-1-pt_1044,7.799999999999988
P_1-2_5640,P_1-3_1693,11.199999999999976
P_1-2_5640,P_1-2_5588,11.199999999999976
P_1-2_5640,P_1-3_5023,10.19999999999998
P_1-2_5640,P_1-1-veh_337,20.200000000000017
P_1-2_5640,P_1-1-pt_2952,12.599999999999971
P_1-2_5640,P_1-1-veh_5,10.09999999999998
P_1-2_5640,P_1-3_4558,30.500000000000163
P_1-2_5640,P_1-2_1066,31.300000000000175
P_1-2_5640,P_1-2_3835,211.89999999999225
P_1-2_5640,P_1-2_810,11.799999999999974
P_1-1-pt_5392,P_1-2_939,30.100000000000158
P_1-1-pt_5392,P_1-1-pt_8747,10.19999999999998
P_1-1-pt_5392,P_1-1-pt_3189,10.29999999999998
P_1-1-pt_5392,P_1-1-pt_5457,19.300000000000004
P_1-1-pt_5392,P_1-1-pt_1138,19.300000000000004
P_1-1-pt_5392,P_1-1-pt_1981,19.300000000000004
P_1-1-pt_5392,P_1-1-pt_8762,19.300000000000004
P_1-1-pt_5392,P_1-1-pt_2317,10.09999999999998
P_1-1-pt_5392,P_1-1-pt_6353,10.499999999999979
P_1-1-pt_5392,P_1-1-pt_4628,10.09999999999998
P_1-2_2564,P_1-3_3004,20.600000000000023
P_1-1-pt_2342,P_1-3_5020,3.600000000000002
P_1-1-pt_2342,P_1-2_3356,6.399999999999993
P_1-1-pt_2342,P_1-1-pt_8601,20.40000000000002
P_1-1-pt_2342,P_1-1-pt_411,11.099999999999977
P_1-1-pt_2342,P_1-1-pt_4312,9.099999999999984
P_1-1-pt_2342,P_1-1-pt_4474,10.29999999999998
P_1-1-pt_2342,P_1-1-pt_4212,10.19999999999998
P_1-1-pt_2342,P_1-1-pt_6642,11.599999999999975
P_1-1-pt_2342,P_1-2_4715,6.499999999999993
P_1-1-pt_8545,P_1-1-pt_2606,9.699999999999982
P_1-1-pt_8545,P_1-1-pt_5143,9.99999999999998
P_1-1-pt_8545,P_1-1-pt_1238,10.799999999999978
P_1-1-pt_8545,P_1-3_2051,6.699999999999992
P_1-1-pt_8545,P_1-1-pt_3916,10.19999999999998
P_1-1-pt_8545,P_1-1-pt_3128,10.499999999999979
P_1-1-pt_8545,P_1-1-pt_1226,10.699999999999978
P_1-1-pt_8545,P_1-1-pt_3624,10.09999999999998
P_1-1-pt_8545,P_1-1-pt_2992,10.999999999999977
P_1-1-pt_8545,P_1-1-pt_3214,10.699999999999978
P_1-1-pt_8545,P_1-1-pt_7412,10.899999999999977
P_1-1-pt_8545,P_1-1-pt_5066,11.099999999999977
P_1-1-pt_8545,P_1-1-pt_5346,10.799999999999978
P_1-1-pt_8545,P_1-1-pt_3046,11.099999999999977
P_1-1-pt_8545,P_1-1-pt_8586,16.399999999999963
P_1-1-pt_8545,P_1-1-pt_8562,14.399999999999965
P_1-1-pt_8545,P_1-1-pt_6453,10.399999999999979
P_1-1-pt_8545,P_1-1-pt_7213,10.499999999999979
P_1-1-pt_8545,P_1-1-pt_5193,1835.8999999994257
P_1-2_4955,P_2-1_4930,17.799999999999983
P_2-1_5001,P_2-1_3601,41.50000000000032
P_2-1_5001,P_2-1_2486,41.200000000000315
P_2-1_5001,P_2-1_6266,97.79999999999872
P_2-1_5001,P_2-1_4487,79.99999999999973
P_2-1_5001,P_1-2_489,10.899999999999977
P_2-1_4331,P_2-1_5435,159.9999999999952
P_2-1_4331,P_1-2_2229,149.69999999999578
P_2-1_4331,P_1-2_2030,149.4999999999958
P_2-1_4331,P_2-1_3376,149.4999999999958
P_2-1_4331,P_2-1_6256,149.3999999999958
P_2-1_4331,P_1-2_3908,149.79999999999578
P_2-1_4331,P_1-2_4607,970.100000000152
P_2-1_4331,P_1-1-pt_7104,100.49999999999856
P_2-1_4331,P_1-2_4886,128.499999999997
P_2-1_4331,P_1-2_3005,142.4999999999962
P_2-1_4331,P_1-1-pt_7917,84.19999999999949
P_2-1_4331,P_2-1_5859,118.49999999999754
P_2-1_4331,P_2-1_1911,119.39999999999749
P_2-1_4331,P_1-2_6071,109.39999999999806
P_2-1_4331,P_1-3_4957,109.49999999999805
P_2-1_4331,P_1-2_1272,109.79999999999804
P_2-1_4331,P_2-1_2074,109.59999999999805
P_2-1_4331,P_1-3_4751,99.49999999999862
P_2-1_4331,P_2-1_1242,89.79999999999917
P_2-1_4331,P_2-1_3947,89.59999999999918
P_2-1_4331,P_2-1_6248,89.89999999999917
P_2-1_4331,P_1-3_3176,89.49999999999919
P_2-1_4331,P_1-2_2976,79.69999999999975
P_2-1_4331,P_1-2_1639,89.79999999999917
P_2-1_4331,P_2-1_497,81.29999999999966
P_2-1_4331,P_2-1_1408,907.7000000001378
P_2-1_4331,P_1-2_1471,907.1000000001377
P_2-1_4331,P_2-1_4664,77.99999999999984
P_1-2_5753,P_1-1-pt_8289,39.800000000000296
P_1-2_5753,P_1-1-veh_834,42.70000000000034
P_1-2_5753,P_1-1-veh_530,10.899999999999977
P_1-2_5753,P_1-2_3153,10.899999999999977
P_1-2_5753,P_1-3_2599,10.09999999999998
P_1-2_5753,P_1-2_5745,10.19999999999998
P_1-2_5753,P_1-1-pt_8735,7.799999999999988
P_1-2_5753,P_1-2_4266,10.09999999999998
P_1-2_5753,P_1-3_3076,10.09999999999998
P_1-2_5753,P_1-1-pt_182,7.799999999999988
P_1-2_5753,P_1-2_4947,10.19999999999998
P_1-2_5753,P_1-3_4289,10.09999999999998
P_1-2_5753,P_1-3_5600,10.09999999999998
P_1-2_5753,P_2-1_2749,30.500000000000163
P_1-2_5753,P_1-1-pt_1639,16.599999999999966
P_1-2_5753,P_1-2_186,22.700000000000053
P_1-2_5753,P_2-1_1211,40.2000000000003
P_1-2_5753,P_1-3_1297,31.60000000000018
P_1-2_5753,P_1-3_743,10.09999999999998
P_1-2_5753,P_1-2_808,10.19999999999998
P_1-2_5753,P_1-2_1492,10.09999999999998
P_1-2_5753,P_1-2_5054,10.09999999999998
P_1-1-veh_767,P_1-1-pt_5199,9.299999999999983
P_1-1-veh_767,P_1-1-pt_3021,3.700000000000002
P_1-1-veh_767,P_1-1-pt_3762,3.700000000000002
P_1-1-veh_767,P_1-1-pt_6007,3.700000000000002
P_1-1-veh_767,P_1-1-pt_8410,6.999999999999991
P_1-1-veh_767,P_1-1-pt_5666,7.799999999999988
P_1-1-veh_767,P_1-1-pt_2880,7.799999999999988
P_1-1-veh_767,P_1-1-pt_3207,47.3000000000004
P_1-1-veh_767,P_1-1-pt_4345,3.600000000000002
P_1-1-veh_767,P_1-1-pt_6743,7.799999999999988
P_1-1-veh_767,P_1-1-pt_8280,3.4000000000000017
P_1-1-veh_767,P_1-1-pt_8016,5.1999999999999975
P_1-1-veh_767,P_1-1-pt_7279,9.599999999999982
P_1-1-veh_767,P_1-1-pt_7372,2.500000000000001
P_1-1-veh_767,P_1-1-pt_521,3.700000000000002
P_1-1-veh_767,P_1-1-pt_7243,3.600000000000002
P_1-1-veh_767,P_1-1-pt_5167,3.800000000000002
P_1-1-veh_767,P_1-1-pt_7447,7.799999999999988
P_1-1-veh_767,P_1-1-pt_1747,3.900000000000002
P_1-1-veh_767,P_1-1-pt_7881,12.299999999999972
P_1-2_4853,P_1-2_4954,16.99999999999997
P_1-2_4853,P_2-1_1463,10.29999999999998
P_1-2_4853,P_2-1_4788,14.299999999999965
P_1-2_4853,P_2-1_499,10.19999999999998
P_1-2_4853,P_2-1_804,10.19999999999998
P_1-2_4853,P_1-2_5634,10.19999999999998
P_1-2_4853,P_2-1_494,10.19999999999998
P_1-2_4853,P_1-2_4112,10.19999999999998
P_1-2_4853,P_2-1_2710,10.29999999999998
P_1-2_4853,P_2-1_994,13.899999999999967
P_1-2_4853,P_2-1_213,10.09999999999998
P_1-2_4853,P_2-1_6083,9.99999999999998
P_1-2_4853,P_2-1_4042,15.79999999999996
P_1-3_1785,P_1-1-pt_3910,3.600000000000002
P_1-3_1785,P_2-1_4755,20.50000000000002
P_1-3_1785,P_1-1-pt_1714,7.899999999999988
P_1-3_1785,P_1-2_2287,10.09999999999998
P_1-3_1785,P_1-2_4771,20.30000000000002
P_1-3_1785,P_2-1_4789,26.80000000000011
P_1-3_1785,P_1-2_4339,20.50000000000002
P_1-3_1785,P_1-1-pt_3629,15.79999999999996
P_1-3_1785,P_1-1-pt_4572,15.79999999999996
P_1-3_1785,P_1-2_2780,20.600000000000023
P_1-3_1785,P_1-3_1503,20.600000000000023
P_1-3_1785,P_1-3_5079,20.40000000000002
P_1-3_1785,P_1-2_3749,33.80000000000021
P_1-3_1785,P_1-1-pt_8911,7.799999999999988
P_1-3_1785,P_1-2_3081,10.19999999999998
P_1-3_1785,P_1-2_5951,10.09999999999998
P_1-3_1785,P_1-3_891,10.09999999999998
P_1-3_2323,P_1-1-pt_6779,6.299999999999994
P_2-1_4127,P_1-2_2440,9.799999999999981
P_2-1_4127,P_1-2_865,9.89999999999998
P_2-1_4127,P_1-2_5417,9.99999999999998
P_2-1_4127,P_1-2_1032,10.09999999999998
P_2-1_4127,P_1-1-pt_5684,16.99999999999997
P_2-1_4127,P_1-1-pt_8815,7.599999999999989
P_2-1_4127,P_1-1-pt_703,7.699999999999989
P_2-1_4127,P_1-1-pt_3881,7.599999999999989
P_2-1_4127,P_2-1_6102,9.99999999999998
P_2-1_4127,P_2-1_670,10.09999999999998
P_2-1_4127,P_2-1_3756,10.19999999999998
P_2-1_4127,P_1-3_3759,14.799999999999963
P_1-2_3575,P_1-3_5376,131.6999999999968
P_1-2_3575,P_1-3_2985,7.799999999999988
P_1-2_3575,P_1-3_220,20.200000000000017
P_1-3_528,P_1-3_2654,20.100000000000016
P_1-3_528,P_1-1-pt_6273,4.5
P_1-3_528,P_1-3_403,17.099999999999973
P_1-3_528,P_1-3_3759,15.099999999999962
P_1-3_3759,P_1-3_3440,122.29999999999733
P_1-3_3759,P_1-2_3125,17.49999999999998
P_1-3_3759,P_1-1-pt_1826,15.399999999999961
P_1-3_3759,P_1-3_528,15.099999999999962
P_1-3_3759,P_2-1_4127,14.799999999999963
P_1-2_3386,P_1-1-pt_8747,9.599999999999982
P_1-2_3386,P_1-1-pt_7177,5.399999999999997
P_1-2_3386,P_1-3_2985,0.6
P_1-2_3386,P_1-1-pt_3188,9.499999999999982
P_1-2_3280,P_1-1-pt_5078,3.800000000000002
P_1-2_3280,P_1-1-pt_3910,3.800000000000002
P_1-2_3280,P_1-1-pt_6346,3.700000000000002
P_1-2_3280,P_1-3_1615,20.40000000000002
P_1-2_3280,P_1-2_5885,20.30000000000002
P_1-2_3280,P_1-3_5141,20.40000000000002
P_1-2_3280,P_2-1_3599,20.40000000000002
P_1-2_3280,P_1-2_4734,20.40000000000002
P_1-2_3280,P_1-3_2454,10.09999999999998
P_1-2_3280,P_1-2_4206,20.40000000000002
P_1-2_3280,P_1-3_1500,20.30000000000002
P_1-2_3280,P_2-1_6008,20.200000000000017
P_1-2_3280,P_1-2_1656,20.40000000000002
P_1-2_3280,P_1-3_3901,20.200000000000017
P_1-2_3280,P_1-2_1053,20.30000000000002
P_1-2_3280,P_2-1_2785,20.40000000000002
P_1-2_3280,P_1-2_1420,10.19999999999998
P_1-2_3280,P_1-3_228,10.19999999999998
P_1-2_3280,P_1-2_5495,10.19999999999998
P_1-2_3280,P_1-2_4452,10.29999999999998
P_1-2_3280,P_1-3_3834,10.19999999999998
P_1-2_3280,P_1-3_3776,10.19999999999998
P_1-2_3280,P_1-3_1657,10.19999999999998
P_1-2_3280,P_2-1_2161,10.19999999999998
P_1-2_3280,P_1-3_3046,10.29999999999998
P_1-2_3280,P_1-3_3457,10.19999999999998
P_1-2_3280,P_1-3_372,10.19999999999998
P_1-2_3280,P_1-3_4168,10.19999999999998
P_1-2_3280,P_1-3_2053,10.19999999999998
P_1-2_3280,P_1-3_3054,10.19999999999998
P_1-2_3280,P_1-3_2256,10.19999999999998
P_1-2_3280,P_1-3_970,10.09999999999998
P_1-2_3280,P_1-3_5359,10.09999999999998
P_1-2_3280,P_1-3_2203,10.19999999999998
P_1-2_3280,P_1-3_2540,3.900000000000002
P_1-2_593,P_1-1-pt_4645,15.499999999999961
P_1-2_593,P_1-2_3318,946.8000000001467
P_1-1-pt_4996,P_1-1-veh_610,3.600000000000002
P_1-1-pt_4996,P_1-1-pt_761,21.400000000000034
P_1-1-pt_4996,P_1-1-pt_3097,19.900000000000013
P_1-1-pt_4996,P_1-1-pt_2834,29.000000000000142
P_1-1-pt_4996,P_1-1-pt_6297,10.799999999999978
P_1-1-pt_4996,P_1-1-pt_5199,20.40000000000002
P_1-1-pt_4996,P_1-1-pt_655,12.399999999999972
P_1-1-pt_4996,P_1-1-pt_6931,11.199999999999976
P_1-1-pt_4996,P_1-1-pt_3067,11.199999999999976
P_1-1-pt_4996,P_1-1-pt_3964,11.099999999999977
P_1-1-pt_4996,P_1-1-pt_776,11.099999999999977
P_1-1-pt_4996,P_1-1-pt_3762,11.199999999999976
P_1-1-pt_4996,P_1-1-pt_8540,10.999999999999977
P_1-1-pt_4996,P_1-1-pt_2218,11.599999999999975
P_1-1-pt_4996,P_1-1-pt_6016,11.099999999999977
P_1-1-pt_4996,P_1-1-pt_4806,12.89999999999997
P_1-1-pt_4996,P_1-1-pt_6809,13.299999999999969
P_1-1-pt_4996,P_1-1-pt_8866,11.099999999999977
P_1-1-pt_4996,P_1-1-pt_6007,11.399999999999975
P_1-1-pt_4996,P_1-1-pt_2162,23.10000000000006
P_1-1-pt_4996,P_1-1-pt_7806,11.099999999999977
P_1-1-pt_4996,P_1-2_3156,4.999999999999998
P_1-1-pt_4996,P_1-1-pt_297,237.69999999999078
P_1-1-pt_4996,P_1-1-pt_4672,10.699999999999978
P_1-1-pt_4996,P_1-1-pt_6176,10.899999999999977
P_1-2_1600,P_1-2_2908,20.30000000000002
P_1-2_1600,P_1-3_410,10.09999999999998
P_1-2_1600,P_1-1-pt_6309,15.299999999999962
P_1-1-pt_2162,P_1-1-pt_3275,7.699999999999989
P_1-1-pt_2162,P_1-1-pt_1560,7.499999999999989
P_1-1-pt_2162,P_1-1-pt_1966,10.799999999999978
P_1-1-pt_2162,P_1-2_2875,11.999999999999973
P_1-1-pt_2162,P_1-1-pt_5906,10.499999999999979
P_1-1-pt_2162,P_1-1-pt_1238,10.599999999999978
P_1-1-pt_2162,P_1-1-pt_3916,10.699999999999978
P_1-1-pt_2162,P_1-1-pt_3128,10.499999999999979
P_1-1-pt_2162,P_1-1-pt_1226,10.599999999999978
P_1-1-pt_2162,P_1-1-pt_3409,20.200000000000017
P_1-1-pt_2162,P_1-1-pt_494,3841.099999997602
P_1-1-pt_2162,P_1-1-pt_2992,10.399999999999979
P_1-1-pt_2162,P_1-1-pt_3214,10.799999999999978
P_1-1-pt_2162,P_1-1-pt_7412,10.799999999999978
P_1-1-pt_2162,P_1-1-pt_5066,10.599999999999978
P_1-1-pt_2162,P_1-1-pt_6543,19.400000000000006
P_1-1-pt_2162,P_2-1_3764,9.699999999999982
P_1-1-pt_2162,P_2-1_2925,9.599999999999982
P_1-1-pt_2162,P_1-1-pt_8586,10.499999999999979
P_1-1-pt_2162,P_2-1_63,9.599999999999982
P_1-1-pt_2162,P_1-2_1612,9.799999999999981
P_1-1-pt_2162,P_1-1-pt_4996,23.10000000000006
P_1-1-pt_2162,P_1-1-pt_6453,10.29999999999998
P_1-1-pt_2162,P_1-1-pt_2187,11.199999999999976
P_1-1-pt_2162,P_1-3_3245,3.700000000000002
P_1-1-pt_2162,P_1-1-pt_7213,11.299999999999976
P_1-1-pt_2162,P_1-1-pt_6413,11.399999999999975
P_1-1-pt_2162,P_2-1_5419,3.800000000000002
P_1-1-pt_2162,P_1-1-pt_8728,9.299999999999983
P_1-1-pt_2162,P_1-2_4483,10.09999999999998
P_1-1-pt_4671,P_1-1-pt_3927,9.89999999999998
P_1-1-pt_4671,P_1-1-pt_1298,9.399999999999983
P_1-1-pt_4671,P_1-1-pt_3275,10.899999999999977
P_1-1-pt_4671,P_1-1-pt_1560,10.799999999999978
P_1-1-pt_4671,P_1-1-pt_1966,10.899999999999977
P_1-1-pt_4671,P_1-1-pt_5906,10.899999999999977
P_1-1-pt_4671,P_1-1-pt_1238,10.799999999999978
P_1-1-pt_4671,P_1-1-pt_3916,10.999999999999977
P_1-1-pt_4671,P_1-1-pt_3128,10.899999999999977
P_1-1-pt_4671,P_1-1-pt_1226,11.099999999999977
P_1-1-pt_4671,P_1-1-pt_3409,9.99999999999998
P_1-1-pt_4671,P_1-1-pt_3624,9.99999999999998
P_1-1-pt_4671,P_1-1-pt_2992,10.699999999999978
P_1-1-pt_4671,P_1-1-pt_3214,9.399999999999983
P_1-1-pt_4671,P_1-1-pt_7412,10.699999999999978
P_1-1-pt_4671,P_1-1-pt_6242,13.599999999999968
P_1-1-pt_4671,P_1-1-pt_5066,10.599999999999978
P_1-1-pt_4671,P_1-1-pt_5346,10.799999999999978
P_1-1-pt_4671,P_1-1-pt_3046,9.399999999999983
P_1-1-pt_4671,P_1-1-pt_1354,14.599999999999964
P_1-1-pt_4671,P_1-1-pt_1473,10.899999999999977
P_1-1-pt_4671,P_1-1-pt_3700,12.79999999999997
P_1-1-pt_4671,P_1-1-pt_357,13.799999999999967
P_1-1-pt_4671,P_1-1-pt_234,10.999999999999977
P_1-1-pt_4671,P_1-1-pt_6297,10.699999999999978
P_1-1-pt_4671,P_1-1-pt_6209,11.299999999999976
P_1-1-pt_4671,P_1-1-pt_7459,10.799999999999978
P_1-1-pt_4671,P_1-1-pt_385,9.499999999999982
P_1-1-pt_4671,P_1-3_2397,3.700000000000002
P_1-1-pt_4671,P_1-1-pt_3769,11.199999999999976
P_1-1-pt_4671,P_1-3_795,3.700000000000002
P_1-1-pt_4671,P_1-1-pt_6031,11.399999999999975
P_1-1-pt_4671,P_1-1-pt_6409,11.499999999999975
P_1-1-pt_4671,P_1-3_2218,3.700000000000002
P_1-2_1066,P_1-1-pt_4715,3.700000000000002
P_1-2_1066,P_1-2_5640,31.300000000000175
P_1-2_1066,P_1-1-veh_337,20.200000000000017
P_1-1-pt_6931,P_1-3_2955,10.999999999999977
P_1-1-pt_6931,P_1-1-pt_4996,11.199999999999976
P_1-1-pt_6931,P_1-1-pt_6809,11.099999999999977
P_1-1-pt_6931,P_1-1-pt_3386,9.599999999999982
P_1-1-pt_6931,P_1-1-pt_3067,10.499999999999979
P_1-1-pt_6931,P_1-1-pt_3964,10.09999999999998
P_1-1-pt_6931,P_1-1-pt_776,10.699999999999978
P_1-1-pt_6931,P_1-1-pt_3128,12.499999999999972
P_1-1-pt_6931,P_1-1-pt_1226,12.69999999999997
P_1-1-pt_6931,P_1-1-pt_8540,12.499999999999972
P_1-1-pt_6931,P_1-1-pt_6016,10.29999999999998
P_1-1-pt_6931,P_1-1-pt_5199,10.699999999999978
P_1-1-pt_6931,P_1-1-pt_2992,9.699999999999982
P_1-1-pt_6931,P_1-1-pt_7205,0.8999999999999999
P_1-1-pt_6931,P_1-1-pt_7412,10.899999999999977
P_1-1-pt_6931,P_1-1-pt_8866,10.699999999999978
P_1-1-pt_6931,P_1-3_4690,9.99999999999998
P_1-1-pt_6931,P_1-1-pt_6543,10.699999999999978
P_1-1-pt_6931,P_1-1-pt_2542,11.199999999999976
P_1-1-pt_6931,P_1-1-pt_5346,11.199999999999976
P_1-1-pt_6931,P_1-1-pt_3046,11.099999999999977
P_1-1-pt_6931,P_1-1-pt_1473,10.699999999999978
P_1-1-pt_6931,P_1-1-pt_234,10.29999999999998
P_1-1-pt_6931,P_1-1-pt_2533,10.19999999999998
P_1-1-pt_6931,P_1-1-pt_2529,10.09999999999998
P_1-1-pt_6931,P_1-1-pt_1561,9.99999999999998
P_1-1-pt_6931,P_1-1-pt_8830,10.19999999999998
P_1-1-pt_6931,P_1-1-pt_2528,21.500000000000036
P_1-1-pt_6931,P_1-1-pt_972,19.1
P_1-1-pt_6931,P_2-1_2057,3.700000000000002
P_1-1-pt_6931,P_1-1-pt_7278,10.899999999999977
P_1-1-pt_6931,P_2-1_3844,3.700000000000002
P_1-1-pt_2844,P_1-1-pt_192,10.29999999999998
P_1-1-pt_2844,P_1-1-pt_1601,8.999999999999984
P_1-1-pt_2844,P_1-3_5477,12.499999999999972
P_1-1-pt_2844,P_1-1-pt_7938,1568.399999999669
P_1-1-pt_2844,P_1-1-pt_3820,1.3
P_1-1-pt_2844,P_1-1-pt_2474,1571.9999999996658
P_1-1-pt_6309,P_1-2_2908,14.899999999999963
P_1-1-pt_6309,P_1-1-pt_467,5.599999999999996
P_1-1-pt_6309,P_1-3_410,10.399999999999979
P_1-1-pt_6309,P_1-2_1600,15.299999999999962
P_1-3_2955,P_1-1-pt_6931,10.999999999999977
P_1-3_2955,P_1-3_502,16.99999999999997
P_1-3_2955,P_1-3_3494,17.59999999999998
P_1-3_2955,P_1-3_855,136.19999999999655
P_1-3_2955,P_1-3_4690,7.39999999999999
P_1-3_2955,P_1-2_4710,9.199999999999983
P_1-2_4388,P_1-2_3850,5.699999999999996
P_1-2_4388,P_2-1_3944,20.30000000000002
P_1-1-veh_234,P_1-1-pt_6538,7.799999999999988
P_1-1-veh_234,P_1-1-pt_8682,15.79999999999996
P_1-1-veh_234,P_1-1-pt_6688,7.899999999999988
P_1-1-veh_234,P_1-3_767,10.19999999999998
P_1-1-veh_234,P_1-1-pt_5376,7.799999999999988
P_1-1-veh_234,P_1-1-pt_6016,11.199999999999976
P_1-1-veh_234,P_1-2_1596,10.19999999999998
P_1-1-veh_234,P_1-1-pt_7262,7.899999999999988
P_1-1-veh_234,P_1-1-pt_7080,17.999999999999986
P_1-1-veh_234,P_1-2_3156,10.19999999999998
P_1-1-veh_234,P_1-2_3389,10.29999999999998
P_1-1-pt_5258,P_1-1-pt_7277,10.19999999999998
P_1-1-pt_5258,P_2-1_2293,3.5000000000000018
P_1-1-pt_5258,P_1-1-pt_5975,25.600000000000094
P_1-1-pt_5258,P_1-1-pt_7948,17.999999999999986
P_1-1-pt_5258,P_1-1-pt_8994,1467.7999999997605
P_1-3_2278,P_1-3_3793,8.599999999999985
P_1-3_2278,P_2-1_6274,20.200000000000017
P_1-3_2278,P_1-2_293,20.100000000000016
P_1-3_2278,P_1-3_3488,10.09999999999998
P_1-3_2278,P_1-2_939,8.299999999999986
P_1-3_2278,P_1-3_2051,10.09999999999998
P_1-1-pt_6031,P_1-1-pt_1121,10.799999999999978
P_1-1-pt_6031,P_1-1-pt_2606,10.799999999999978
P_1-1-pt_6031,P_1-1-pt_1966,10.799999999999978
P_1-1-pt_6031,P_1-1-pt_5906,10.899999999999977
P_1-1-pt_6031,P_1-1-pt_1238,10.999999999999977
P_1-1-pt_6031,P_1-1-pt_3916,10.19999999999998
P_1-1-pt_6031,P_1-1-pt_3128,11.299999999999976
P_1-1-pt_6031,P_1-1-pt_1226,10.699999999999978
P_1-1-pt_6031,P_1-1-pt_6016,11.199999999999976
P_1-1-pt_6031,P_1-1-pt_5199,12.599999999999971
P_1-1-pt_6031,P_1-1-pt_2992,11.099999999999977
P_1-1-pt_6031,P_1-1-pt_3214,9.499999999999982
P_1-1-pt_6031,P_1-1-pt_7412,9.599999999999982
P_1-1-pt_6031,P_1-1-pt_8866,9.299999999999983
P_1-1-pt_6031,P_1-1-pt_6543,9.399999999999983
P_1-1-pt_6031,P_1-1-pt_3474,10.699999999999978
P_1-1-pt_6031,P_1-3_4425,3.800000000000002
P_1-1-pt_6031,P_1-3_4033,3.700000000000002
P_1-1-pt_6031,P_1-1-pt_8435,10.999999999999977
P_1-1-pt_6031,P_1-3_767,3.800000000000002
P_1-1-pt_6031,P_1-1-pt_357,9.399999999999983
P_1-1-pt_6031,P_1-1-pt_3700,10.799999999999978
P_1-1-pt_6031,P_1-1-pt_1940,21.90000000000004
P_1-1-pt_6031,P_1-1-pt_624,19.1
P_1-1-pt_6031,P_1-1-pt_0,18.39999999999999
P_1-1-pt_6031,P_1-1-pt_8068,23.20000000000006
P_1-1-pt_6031,P_1-1-pt_8553,11.499999999999975
P_1-1-pt_6031,P_2-1_1290,0.2
P_1-1-pt_6031,P_1-1-pt_5876,60.30000000000059
P_1-1-pt_6031,P_1-1-pt_4671,11.399999999999975
P_1-1-pt_6031,P_1-1-pt_4919,11.299999999999976
P_1-1-pt_6031,P_1-1-pt_2882,11.299999999999976
P_1-1-pt_6031,P_1-1-pt_4397,11.199999999999976
P_1-1-pt_776,P_1-1-pt_7760,11.299999999999976
P_1-1-pt_776,P_1-2_5814,3.800000000000002
P_1-1-pt_776,P_1-3_2053,3.800000000000002
P_1-1-pt_776,P_1-1-pt_6209,18.9
P_1-1-pt_776,P_1-1-pt_6297,23.400000000000063
P_1-1-pt_776,P_1-1-pt_5199,12.399999999999972
P_1-1-pt_776,P_1-1-pt_3021,10.999999999999977
P_1-1-pt_776,P_1-2_303,16.89999999999997
P_1-1-pt_776,P_1-1-pt_6931,10.699999999999978
P_1-1-pt_776,P_1-1-pt_2218,10.999999999999977
P_1-1-pt_776,P_1-1-pt_8435,7.499999999999989
P_1-1-pt_776,P_1-1-pt_7459,10.599999999999978
P_1-1-pt_776,P_1-1-pt_2187,9.499999999999982
P_1-1-pt_776,P_1-1-pt_1544,9.299999999999983
P_1-1-pt_776,P_1-1-pt_6809,13.499999999999968
P_1-1-pt_776,P_1-1-pt_4996,11.099999999999977
P_1-1-pt_776,P_1-1-pt_6242,10.999999999999977
P_1-1-pt_776,P_1-2_2543,8.099999999999987
P_1-1-pt_776,P_1-3_4743,7.699999999999989
P_1-1-pt_4262,P_1-1-pt_5167,11.599999999999975
P_1-1-pt_4262,P_1-1-pt_3671,11.199999999999976
P_1-1-pt_4262,P_1-1-pt_1747,10.09999999999998
P_1-1-pt_4262,P_1-1-pt_6743,9.99999999999998
P_1-1-pt_4262,P_1-1-pt_5357,9.89999999999998
P_1-1-pt_4262,P_1-1-veh_152,3.700000000000002
P_1-1-pt_4262,P_1-1-veh_853,3.700000000000002
P_1-1-pt_4262,P_1-1-pt_1420,10.599999999999978
P_1-1-pt_4262,P_1-1-pt_8247,10.599999999999978
P_1-1-pt_4262,P_1-1-pt_3512,10.09999999999998
P_1-1-pt_4262,P_1-1-pt_216,10.29999999999998
P_1-1-pt_4262,P_1-1-pt_4799,10.09999999999998
P_1-1-pt_4262,P_1-1-pt_4076,10.499999999999979
P_1-1-pt_4262,P_1-1-pt_2748,10.799999999999978
P_1-1-pt_4262,P_1-1-pt_5154,10.699999999999978
P_1-1-pt_4262,P_1-1-pt_1798,10.699999999999978
P_1-1-pt_4262,P_1-2_238,2.0000000000000004
P_1-1-pt_4262,P_1-1-pt_7491,8.099999999999987
P_1-1-pt_4262,P_1-2_4539,2.700000000000001
P_1-1-pt_4262,P_1-1-pt_119,9.399999999999983
P_1-1-pt_4262,P_1-1-pt_3865,9.399999999999983
P_1-1-pt_4262,P_1-1-pt_6624,11.599999999999975
P_1-1-pt_4262,P_1-1-pt_2735,20.40000000000002
P_1-1-pt_6673,P_1-1-pt_7440,10.19999999999998
P_1-1-pt_6673,P_1-1-veh_326,7.899999999999988
P_1-1-pt_6673,P_1-3_2279,7.799999999999988
P_1-1-pt_6673,P_1-3_3197,7.899999999999988
P_1-1-pt_6673,P_1-3_1286,7.899999999999988
P_1-1-pt_6673,P_1-1-veh_302,6.699999999999992
P_1-1-pt_6673,P_1-1-pt_562,20.800000000000026
P_1-1-pt_6673,P_1-1-pt_4589,0.30000000000000004
P_1-1-pt_6673,P_1-1-pt_7381,10.29999999999998
P_1-1-pt_6673,P_1-1-pt_6771,10.19999999999998
P_1-1-pt_6673,P_1-3_2324,7.799999999999988
P_1-1-pt_6673,P_1-3_4479,7.799999999999988
P_1-1-pt_6673,P_1-1-pt_6422,10.09999999999998
P_1-1-pt_6673,P_1-1-pt_2920,10.09999999999998
P_1-1-pt_6673,P_1-1-pt_4070,8.599999999999985
P_1-1-pt_6673,P_1-1-pt_4363,10.29999999999998
P_1-1-pt_6673,P_1-1-pt_2702,20.30000000000002
P_1-1-pt_6673,P_1-1-pt_2004,9.599999999999982
P_1-1-pt_6673,P_1-1-pt_8731,8.499999999999986
P_1-3_3457,P_1-3_3046,17.199999999999974
P_1-3_3457,P_1-3_3834,10.19999999999998
P_1-3_3457,P_1-1-pt_4966,5.4999999999999964
P_1-3_3457,P_1-1-pt_3910,3.800000000000002
P_1-3_3457,P_1-1-pt_6346,3.700000000000002
P_1-3_3457,P_1-3_1615,20.700000000000024
P_1-3_3457,P_1-2_5885,20.40000000000002
P_1-3_3457,P_1-3_5141,20.40000000000002
P_1-3_3457,P_2-1_3599,20.200000000000017
P_1-3_3457,P_1-2_4734,20.40000000000002
P_1-3_3457,P_1-3_2454,10.09999999999998
P_1-3_3457,P_1-2_4206,20.40000000000002
P_1-3_3457,P_1-3_1500,20.30000000000002
P_1-3_3457,P_2-1_6008,20.30000000000002
P_1-3_3457,P_1-2_1656,10.19999999999998
P_1-3_3457,P_1-3_3901,10.19999999999998
P_1-3_3457,P_1-2_1053,10.19999999999998
P_1-3_3457,P_2-1_2785,10.19999999999998
P_1-3_3457,P_1-2_1420,10.19999999999998
P_1-3_3457,P_1-3_228,10.09999999999998
P_1-3_3457,P_1-2_5495,10.19999999999998
P_1-3_3457,P_1-2_4452,10.19999999999998
P_1-3_3457,P_1-3_3776,10.19999999999998
P_1-3_3457,P_1-3_1657,10.19999999999998
P_1-3_3457,P_2-1_2161,10.19999999999998
P_1-3_3457,P_1-2_3280,10.19999999999998
P_1-3_3457,P_1-3_372,10.19999999999998
P_1-3_3457,P_1-3_4168,10.19999999999998
P_1-3_3457,P_1-3_2053,10.19999999999998
P_1-3_3457,P_1-3_3054,10.19999999999998
P_1-2_2229,P_1-2_2030,151.79999999999566
P_1-2_2229,P_2-1_5435,159.8999999999952
P_1-2_2229,P_2-1_4331,149.69999999999578
P_1-2_2229,P_2-1_3376,149.2999999999958
P_1-2_2229,P_2-1_6256,149.79999999999578
P_1-2_2229,P_1-2_3908,149.79999999999578
P_1-2_2229,P_1-2_4607,138.8999999999964
P_1-2_2229,P_1-1-pt_7104,585.8000000000646
P_1-2_2229,P_1-2_4886,180.59999999999403
P_1-2_2229,P_1-2_3005,119.39999999999749
P_1-2_2229,P_1-1-pt_7917,558.1000000000583
P_1-2_2229,P_2-1_5859,118.79999999999752
P_1-2_2229,P_2-1_1911,930.0000000001429
P_1-2_2229,P_1-2_6071,109.99999999999802
P_1-2_2229,P_1-3_4957,110.29999999999801
P_1-2_2229,P_1-2_1272,109.39999999999806
P_1-2_2229,P_2-1_2074,109.19999999999807
P_1-2_2229,P_2-1_1242,89.89999999999917
P_1-2_2229,P_2-1_3947,89.79999999999917
P_1-2_2229,P_2-1_6248,89.49999999999919
P_1-2_2229,P_1-3_3176,89.3999999999992
P_1-2_2229,P_1-2_2976,79.89999999999974
P_1-2_2229,P_1-2_1639,89.3999999999992
P_1-2_2229,P_2-1_497,79.89999999999974
P_1-2_2229,P_2-1_1408,79.69999999999975
P_1-2_2229,P_1-2_1471,79.99999999999973
P_1-2_2229,P_1-3_4751,916.3000000001398
P_1-2_2229,P_2-1_4664,883.9000000001324
P_1-3_635,P_1-3_2010,9.799999999999981
P_1-3_635,P_1-2_1533,8.199999999999987
P_1-3_635,P_1-3_5578,10.399999999999979
P_1-3_635,P_1-3_4313,10.599999999999978
P_1-3_635,P_1-3_75,10.29999999999998
P_1-2_4753,P_1-2_6028,20.30000000000002
P_1-3_5475,P_1-1-pt_5139,3.600000000000002
P_1-3_5475,P_1-1-pt_1006,11.099999999999977
P_1-3_5475,P_2-1_5067,11.599999999999975
P_1-1-pt_560,P_1-3_874,97.9999999999987
P_1-1-pt_560,P_1-1-pt_6346,10.799999999999978
P_1-3_4644,P_1-3_455,10.19999999999998
P_1-1-pt_494,P_1-1-pt_3275,7.599999999999989
P_1-1-pt_494,P_1-1-pt_1560,7.699999999999989
P_1-1-pt_494,P_1-3_2588,17.49999999999998
P_1-1-pt_494,P_1-1-pt_1966,10.899999999999977
P_1-1-pt_494,P_1-2_2875,5.899999999999995
P_1-1-pt_494,P_1-1-pt_5906,10.699999999999978
P_1-1-pt_494,P_1-1-pt_1238,10.799999999999978
P_1-1-pt_494,P_1-1-pt_3916,10.599999999999978
P_1-1-pt_494,P_1-1-pt_3128,10.699999999999978
P_1-1-pt_494,P_1-1-pt_1226,10.799999999999978
P_1-1-pt_494,P_1-1-pt_3409,10.29999999999998
P_1-1-pt_494,P_1-1-pt_2162,3841.099999997602
P_1-1-pt_494,P_1-1-pt_2992,10.799999999999978
P_1-1-pt_494,P_1-1-pt_3214,10.699999999999978
P_1-1-pt_494,P_1-1-pt_7412,11.499999999999975
P_1-1-pt_494,P_1-1-pt_5066,10.499999999999979
P_1-1-pt_494,P_2-1_3764,9.799999999999981
P_1-1-pt_494,P_2-1_2925,9.699999999999982
P_1-1-pt_494,P_1-1-pt_8586,10.399999999999979
P_1-1-pt_494,P_2-1_63,9.799999999999981
P_1-1-pt_494,P_1-2_1612,9.699999999999982
P_1-1-pt_494,P_1-1-pt_7806,10.799999999999978
P_1-1-pt_494,P_1-1-pt_6548,564.6000000000598
P_2-1_3136,P_2-1_5450,51.000000000000455
P_2-1_3136,P_2-1_3538,51.000000000000455
P_2-1_3136,P_2-1_3527,40.500000000000306
P_2-1_3136,P_2-1_2148,30.30000000000016
P_1-2_573,P_1-3_2018,23.10000000000006
P_1-2_573,P_1-3_3639,9.99999999999998
P_1-2_573,P_1-2_4634,26.200000000000102
P_1-2_573,P_1-3_4775,20.200000000000017
P_1-2_573,P_1-3_2410,10.09999999999998
P_1-2_573,P_1-3_3253,20.000000000000014
P_1-2_573,P_1-3_2633,21.600000000000037
P_1-2_573,P_2-1_1646,30.400000000000162
P_1-2_573,P_2-1_5411,31.200000000000173
P_1-2_573,P_1-3_331,247.29999999999023
P_1-2_573,P_1-2_5210,187.9999999999936
P_1-2_573,P_1-2_3693,10.29999999999998
P_1-2_573,P_1-3_4954,10.699999999999978
P_1-2_573,P_1-3_4875,12.099999999999973
P_1-2_573,P_1-3_1815,13.299999999999969
P_1-2_573,P_1-1-pt_1594,7.699999999999989
P_1-2_573,P_1-3_3410,10.09999999999998
P_1-2_573,P_1-1-pt_6226,7.799999999999988
P_1-2_573,P_1-2_2193,9.99999999999998
P_1-2_573,P_1-3_1693,10.09999999999998
P_1-2_573,P_1-2_5588,9.799999999999981
P_1-2_573,P_1-3_5023,10.09999999999998
P_1-2_573,P_1-2_2828,14.099999999999966
P_1-2_573,P_1-3_1135,16.19999999999996
P_1-2_573,P_1-2_4589,20.100000000000016
P_1-2_573,P_1-1-pt_3684,9.799999999999981
P_1-2_573,P_1-1-veh_317,20.100000000000016
P_1-2_573,P_1-2_810,10.499999999999979
P_1-2_573,P_1-2_467,20.200000000000017
P_1-2_163,P_1-1-pt_1771,10.19999999999998
P_1-2_163,P_1-2_3742,10.19999999999998
P_1-2_163,P_1-1-veh_170,10.09999999999998
P_1-2_163,P_1-1-pt_7462,6.999999999999991
P_2-1_2293,P_1-1-pt_5258,3.5000000000000018
P_2-1_2293,P_1-1-pt_2164,3.600000000000002
P_2-1_2293,P_1-1-pt_7638,3.600000000000002
P_2-1_2293,P_1-1-pt_6381,9.099999999999984
P_2-1_2293,P_1-1-pt_8368,7.29999999999999
P_1-2_2030,P_1-2_2229,151.79999999999566
P_1-2_2030,P_2-1_5435,148.69999999999584
P_1-2_2030,P_2-1_4331,149.4999999999958
P_1-2_2030,P_2-1_3376,1108.5000000000873
P_1-2_2030,P_2-1_6256,139.69999999999635
P_1-2_2030,P_1-2_3908,139.59999999999636
P_1-2_2030,P_1-2_4607,139.39999999999637
P_1-2_2030,P_1-1-pt_7104,107.09999999999819
P_1-2_2030,P_1-2_4886,138.29999999999643
P_1-2_2030,P_1-2_3005,119.89999999999746
P_1-2_2030,P_1-1-pt_7917,92.99999999999899
P_1-2_2030,P_2-1_5859,118.59999999999754
P_1-2_2030,P_1-2_6071,1033.2000000001558
P_1-2_2030,P_1-3_4957,116.59999999999765
P_1-2_2030,P_1-2_1272,99.59999999999862
P_1-2_2030,P_2-1_2074,99.49999999999862
P_1-2_2030,P_1-3_4751,100.09999999999859
P_1-2_2030,P_2-1_1911,929.2000000001427
P_1-2_2030,P_2-1_1242,1018.0000000001629
P_1-2_2030,P_2-1_3947,902.7000000001367
P_1-2_2030,P_2-1_6248,89.49999999999919
P_1-2_2030,P_1-3_3176,79.59999999999975
P_1-2_2030,P_1-2_2976,79.59999999999975
P_1-2_2030,P_1-2_1639,79.99999999999973
P_1-2_2030,P_2-1_497,79.59999999999975
P_1-2_2030,P_2-1_1408,79.59999999999975
P_1-2_2030,P_1-2_1471,79.59999999999975
P_1-2_2030,P_2-1_4664,81.89999999999962
P_1-1-veh_65,P_1-3_75,20.30000000000002
P_1-1-veh_65,P_1-1-pt_2542,18.499999999999993
P_1-1-veh_65,P_1-1-pt_2529,14.099999999999966
P_1-1-veh_65,P_1-1-pt_7142,9.099999999999984
P_1-1-veh_65,P_1-1-pt_385,8.999999999999984
P_1-3_4690,P_1-1-pt_4966,4.4
P_1-3_4690,P_1-1-pt_3220,5.999999999999995
P_1-3_4690,P_1-1-pt_6176,3.900000000000002
P_1-3_4690,P_1-1-pt_2882,3.700000000000002
P_1-3_4690,P_1-1-pt_5886,7.999999999999988
P_1-3_4690,P_1-1-pt_6409,3.800000000000002
P_1-3_4690,P_1-1-pt_7412,3.800000000000002
P_1-3_4690,P_1-1-pt_8866,3.700000000000002
P_1-3_4690,P_1-1-pt_6931,9.99999999999998
P_1-3_4690,P_1-1-pt_6543,4.4
P_1-3_4690,P_1-1-pt_3910,3.700000000000002
P_1-3_4690,P_1-3_2955,7.39999999999999
P_1-3_4690,P_1-1-pt_6346,3.700000000000002
P_1-3_4690,P_1-1-pt_1714,7.799999999999988
P_1-3_4690,P_1-2_2287,10.29999999999998
P_1-3_4690,P_1-3_2454,10.29999999999998
P_1-3_4738,P_1-2_3821,133.3999999999967
P_1-3_4738,P_1-2_2580,133.5999999999967
P_1-3_4738,P_1-2_5752,123.29999999999727
P_1-3_4738,P_1-2_3464,122.7999999999973
P_1-3_4738,P_1-2_2797,122.99999999999729
P_1-3_4738,P_1-1-veh_837,3188.999999998195
P_1-3_4738,P_2-1_2028,61.500000000000604
P_1-3_4738,P_1-2_2080,102.79999999999843
P_1-3_4738,P_2-1_857,102.29999999999846
P_1-3_4738,P_1-2_4646,82.09999999999961
P_1-3_4738,P_2-1_2626,68.90000000000036
P_1-3_4738,P_2-1_4458,82.2999999999996
P_1-3_4738,P_1-2_3210,82.09999999999961
P_1-3_4738,P_1-2_2767,41.100000000000314
P_1-3_4738,P_1-2_2470,61.4000000000006
P_1-3_4738,P_1-3_1755,72.10000000000018
P_1-3_4738,P_2-1_6106,61.600000000000605
P_1-3_4738,P_1-3_1002,61.70000000000061
P_1-3_4738,P_1-3_2501,40.90000000000031
P_1-3_4738,P_1-3_3231,61.80000000000061
P_1-3_4738,P_2-1_3205,31.00000000000017
P_1-3_4738,P_1-2_2625,612.4000000000707
P_1-1-pt_1270,P_1-1-pt_3275,10.399999999999979
P_1-1-pt_1270,P_1-1-pt_1560,10.599999999999978
P_1-1-pt_1270,P_1-1-pt_1966,9.299999999999983
P_1-1-pt_1270,P_1-1-pt_5906,10.899999999999977
P_1-1-pt_1270,P_1-1-pt_1238,10.899999999999977
P_1-1-pt_1270,P_1-1-pt_3916,10.699999999999978
P_1-1-pt_1270,P_1-1-pt_3128,10.699999999999978
P_1-1-pt_1270,P_1-1-pt_1108,7.499999999999989
P_1-1-pt_1270,P_1-1-pt_1226,10.599999999999978
P_1-1-pt_1270,P_1-1-pt_3624,9.99999999999998
P_1-1-pt_1270,P_1-1-pt_2992,10.899999999999977
P_1-1-pt_1270,P_1-1-pt_3214,10.699999999999978
P_1-1-pt_1270,P_1-1-pt_7412,10.999999999999977
P_1-1-pt_1270,P_1-1-pt_3409,237.4999999999908
P_1-1-pt_1270,P_1-1-pt_5066,11.499999999999975
P_1-1-pt_1270,P_1-1-pt_5346,10.699999999999978
P_1-1-pt_1270,P_1-1-pt_3046,10.29999999999998
P_1-1-pt_1270,P_1-1-pt_8586,10.799999999999978
P_1-1-pt_1270,P_1-1-pt_4919,11.399999999999975
P_1-1-pt_1270,P_1-1-pt_6453,10.09999999999998
P_1-1-pt_1270,P_1-3_3245,3.700000000000002
P_1-1-pt_1270,P_1-1-pt_8027,10.499999999999979
P_1-1-pt_3858,P_1-1-pt_5167,57.400000000000546
P_1-1-pt_3858,P_1-1-pt_1747,72.20000000000017
P_1-1-pt_3858,P_1-1-pt_6974,28.20000000000013
P_1-1-pt_3858,P_1-1-pt_4879,10.499999999999979
P_1-1-pt_3858,P_1-1-pt_2013,9.199999999999983
P_1-1-pt_3858,P_1-1-pt_98,57.00000000000054
P_1-1-pt_3858,P_1-1-pt_3671,63.30000000000063
P_1-1-pt_3858,P_1-1-pt_1020,13.899999999999967
P_1-1-pt_3858,P_1-1-pt_562,19.60000000000001
P_1-1-pt_3858,P_1-1-pt_4736,19.1
P_1-1-pt_3858,P_1-1-pt_2880,21.20000000000003
P_1-1-pt_3858,P_1-1-pt_5267,331.00000000000676
P_1-1-pt_3858,P_1-2_1612,9.699999999999982
P_1-1-pt_3858,P_1-1-pt_23,21.20000000000003
P_1-1-pt_3858,P_1-1-pt_824,10.29999999999998
P_1-1-pt_3858,P_2-1_5419,8.799999999999985
P_1-1-pt_3858,P_2-1_5975,14.199999999999966
P_1-1-pt_3858,P_1-1-pt_2771,10.499999999999979
P_1-1-pt_3858,P_1-1-pt_2708,57.00000000000054
P_1-1-pt_3858,P_1-1-pt_5835,56.40000000000053
P_1-1-pt_3858,P_1-1-pt_1963,57.00000000000054
P_1-1-pt_3858,P_1-1-pt_6743,15.299999999999962
P_1-1-pt_3858,P_1-1-pt_8016,23.30000000000006
P_1-1-pt_3858,P_1-1-pt_2004,149.89999999999577
P_1-1-pt_3858,P_1-1-pt_8731,11.299999999999976
P_1-1-pt_3858,P_1-1-pt_1610,494.90000000004403
P_1-1-pt_3858,P_1-1-pt_7915,14.499999999999964
P_1-1-pt_3858,P_1-1-pt_5170,20.700000000000024
P_1-1-pt_3858,P_1-1-pt_2947,10.699999999999978
P_1-1-pt_3858,P_1-1-pt_5999,20.600000000000023
P_1-1-pt_3858,P_1-1-pt_3207,11.599999999999975
P_1-1-pt_3858,P_1-1-pt_7881,45.20000000000037
P_1-1-pt_3858,P_1-1-pt_1497,10.499999999999979
P_1-2_1640,P_1-1-pt_868,3.700000000000002
P_1-2_4715,P_1-1-pt_5960,5.399999999999997
P_1-2_4715,P_1-1-pt_3353,5.399999999999997
P_1-2_4715,P_1-1-pt_6189,5.299999999999997
P_1-2_4715,P_1-1-pt_842,5.599999999999996
P_1-2_4715,P_1-1-pt_7890,5.4999999999999964
P_1-2_4715,P_1-1-pt_2342,6.499999999999993
P_1-2_752,P_1-1-pt_8994,12.299999999999972
P_1-3_5117,P_1-2_171,45.70000000000038
P_1-3_17,P_1-1-pt_234,14.099999999999966
P_1-3_17,P_1-2_4464,0.4
P_1-3_17,P_1-3_3579,4.6
P_1-3_17,P_1-3_5504,10.09999999999998
P_1-1-pt_1108,P_1-1-pt_1560,27.300000000000118
P_1-1-pt_1108,P_1-1-pt_1966,10.499999999999979
P_1-1-pt_1108,P_1-1-pt_5906,10.699999999999978
P_1-1-pt_1108,P_1-1-pt_1238,10.899999999999977
P_1-1-pt_1108,P_1-1-pt_3916,10.699999999999978
P_1-1-pt_1108,P_1-1-pt_3128,10.899999999999977
P_1-1-pt_1108,P_1-1-pt_1226,32.20000000000019
P_1-1-pt_1108,P_1-1-veh_792,3.700000000000002
P_1-1-pt_1108,P_1-1-pt_1270,7.499999999999989
P_1-1-pt_1108,P_1-1-pt_4919,10.399999999999979
P_1-1-pt_1108,P_1-1-pt_1304,21.10000000000003
P_1-1-pt_1108,P_1-1-pt_4397,9.699999999999982
P_1-1-pt_1108,P_1-2_1203,9.099999999999984
P_1-1-pt_1108,P_1-1-pt_3214,10.899999999999977
P_1-1-pt_1108,P_1-1-pt_7412,11.099999999999977
P_1-1-pt_1108,P_1-2_1512,7.499999999999989
P_1-1-pt_1108,P_1-2_502,7.499999999999989
P_1-1-pt_1108,P_1-1-pt_8137,11.099999999999977
P_1-1-pt_1108,P_1-1-pt_6672,11.199999999999976
P_1-1-pt_1108,P_1-1-pt_5499,11.299999999999976
P_1-1-pt_1108,P_1-1-pt_704,11.299999999999976
P_1-1-pt_1108,P_1-1-pt_1542,11.599999999999975
P_1-1-pt_1108,P_1-1-pt_5941,11.299999999999976
P_1-1-pt_1560,P_1-1-pt_255,10.699999999999978
P_1-1-pt_1560,P_1-1-pt_1108,27.300000000000118
P_1-1-pt_1560,P_1-1-pt_494,7.699999999999989
P_1-1-pt_1560,P_1-1-pt_2162,7.499999999999989
P_1-1-pt_1560,P_1-1-pt_5897,11.299999999999976
P_1-1-pt_1560,P_1-1-pt_4671,10.799999999999978
P_1-1-pt_1560,P_1-1-pt_1270,10.599999999999978
P_1-1-pt_1560,P_1-1-pt_4919,10.499999999999979
P_1-1-pt_1560,P_1-1-pt_1304,11.199999999999976
P_1-1-pt_1560,P_1-1-pt_7863,10.599999999999978
P_1-1-pt_1560,P_1-1-pt_5193,9.299999999999983
P_1-1-pt_1560,P_1-1-pt_7325,10.899999999999977
P_1-1-pt_1560,P_1-1-pt_8137,11.099999999999977
P_1-1-pt_1560,P_1-1-pt_8762,9.599999999999982
P_1-1-pt_1560,P_1-2_2983,9.599999999999982
P_1-1-pt_1560,P_1-1-pt_1138,9.599999999999982
P_1-1-pt_1560,P_1-1-pt_5457,10.899999999999977
P_1-1-pt_1560,P_1-1-pt_6672,10.799999999999978
P_1-1-pt_1560,P_1-1-pt_5499,9.199999999999983
P_1-1-pt_1560,P_1-1-pt_704,8.999999999999984
P_1-1-pt_1560,P_1-1-pt_6624,9.399999999999983
P_1-1-pt_1560,P_1-1-pt_812,9.499999999999982
P_1-1-pt_1560,P_1-1-pt_3188,9.499999999999982
P_1-1-pt_1560,P_1-1-pt_8747,12.399999999999972
P_1-1-pt_1560,P_1-1-pt_7177,10.799999999999978
P_1-1-pt_1560,P_1-1-pt_3189,9.799999999999981
P_1-1-pt_1560,P_1-1-pt_2535,11.299999999999976
P_1-1-pt_1560,P_1-1-pt_1034,9.399999999999983
P_1-1-pt_1560,P_1-1-pt_3275,1491.2999999997392
P_1-1-pt_1560,P_1-1-pt_6353,10.899999999999977
P_1-1-pt_1560,P_1-1-pt_3306,8.799999999999985
P_1-1-pt_1560,P_1-1-pt_5298,18.9
P_1-1-pt_1560,P_1-1-pt_2383,10.799999999999978
P_1-1-pt_2606,P_1-3_3834,3.800000000000002
P_1-1-pt_2606,P_1-1-pt_3067,263.99999999999153
P_1-1-pt_2606,P_1-1-pt_6031,10.799999999999978
P_1-1-pt_2606,P_1-1-pt_255,10.799999999999978
P_1-1-pt_2606,P_1-1-pt_3769,10.699999999999978
P_1-1-pt_2606,P_1-1-pt_4397,10.899999999999977
P_1-1-pt_2606,P_1-1-pt_1981,9.99999999999998
P_1-1-pt_2606,P_1-1-pt_8545,9.699999999999982
P_1-1-pt_2606,P_1-1-pt_5941,10.699999999999978
P_1-1-pt_2606,P_1-1-pt_1121,10.999999999999977
P_1-1-pt_3769,P_1-1-pt_2606,10.699999999999978
P_1-1-pt_3769,P_1-1-pt_5143,9.89999999999998
P_1-1-pt_3769,P_1-1-pt_5906,10.899999999999977
P_1-1-pt_3769,P_1-1-pt_1238,10.699999999999978
P_1-1-pt_3769,P_1-1-pt_3916,10.799999999999978
P_1-1-pt_3769,P_1-1-pt_3128,10.799999999999978
P_1-1-pt_3769,P_1-1-pt_1226,10.699999999999978
P_1-1-pt_3769,P_1-1-pt_3409,10.19999999999998
P_1-1-pt_3769,P_1-1-pt_3624,10.699999999999978
P_1-1-pt_3769,P_1-1-pt_2992,10.699999999999978
P_1-1-pt_3769,P_1-1-veh_792,3.900000000000002
P_1-1-pt_3769,P_1-1-pt_3214,10.19999999999998
P_1-1-pt_3769,P_1-1-pt_7412,16.599999999999966
P_1-1-pt_3769,P_1-1-pt_6242,9.399999999999983
P_1-1-pt_3769,P_1-1-pt_5066,10.699999999999978
P_1-1-pt_3769,P_1-1-pt_5346,10.799999999999978
P_1-1-pt_3769,P_1-1-pt_3046,11.099999999999977
P_1-1-pt_3769,P_1-1-pt_1354,12.499999999999972
P_1-1-pt_3769,P_1-1-pt_1473,10.899999999999977
P_1-1-pt_3769,P_1-1-pt_3700,12.79999999999997
P_1-1-pt_3769,P_1-1-pt_357,12.599999999999971
P_1-1-pt_3769,P_1-1-pt_234,9.89999999999998
P_1-1-pt_3769,P_1-1-pt_6297,10.899999999999977
P_1-1-pt_3769,P_1-1-pt_6209,11.099999999999977
P_1-1-pt_3769,P_1-1-pt_7459,10.699999999999978
P_1-1-pt_3769,P_1-1-pt_385,9.299999999999983
P_1-1-pt_3769,P_1-1-pt_5897,2221.699999999075
P_1-1-pt_3769,P_1-3_2397,3.700000000000002
P_1-1-pt_3769,P_1-1-pt_4671,11.199999999999976
P_1-1-pt_3769,P_1-1-pt_4919,10.999999999999977
P_1-1-pt_3769,P_1-3_795,16.29999999999996
P_1-1-pt_3769,P_1-1-pt_2882,10.999999999999977
P_1-1-pt_3769,P_1-1-pt_4397,11.499999999999975
P_1-1-pt_8692,P_1-1-veh_459,15.89999999999996
P_1-3_2187,P_2-1_4811,10.399999999999979
P_1-3_2187,P_1-3_5152,10.09999999999998
P_1-2_2237,P_1-2_3488,16.19999999999996
P_1-2_2237,P_1-3_2261,16.19999999999996
P_1-2_2237,P_1-2_4061,20.200000000000017
P_1-2_2237,P_1-3_186,16.09999999999996
P_1-2_2237,P_1-2_3850,16.09999999999996
P_1-2_2237,P_1-2_3247,20.100000000000016
P_1-2_2237,P_1-3_2683,16.09999999999996
P_1-2_2237,P_2-1_6187,10.09999999999998
P_1-2_2237,P_2-1_1311,0.1
P_1-2_2237,P_1-2_4836,10.09999999999998
P_1-2_2237,P_1-2_4791,11.799999999999974
P_2-1_3376,P_2-1_6256,151.49999999999568
P_2-1_3376,P_2-1_5435,149.99999999999577
P_2-1_3376,P_2-1_4331,149.4999999999958
P_2-1_3376,P_1-2_2229,149.2999999999958
P_2-1_3376,P_1-2_2030,1108.5000000000873
P_2-1_3376,P_1-2_3908,145.699999999996
P_2-1_3376,P_1-2_4607,139.29999999999637
P_2-1_3376,P_1-1-pt_7104,242.4999999999905
P_2-1_3376,P_1-2_4886,138.5999999999964
P_2-1_3376,P_1-2_3005,119.99999999999746
P_2-1_3376,P_1-1-pt_7917,545.5000000000555
P_2-1_3376,P_2-1_5859,118.79999999999752
P_2-1_3376,P_1-2_6071,120.9999999999974
P_2-1_3376,P_1-3_4957,929.5000000001428
P_2-1_3376,P_1-2_1272,109.99999999999802
P_2-1_3376,P_2-1_2074,99.59999999999862
P_2-1_3376,P_1-3_4751,99.69999999999861
P_2-1_3376,P_2-1_1911,929.9000000001429
P_2-1_3376,P_2-1_1242,106.59999999999822
P_2-1_3376,P_2-1_3947,907.1000000001377
P_2-1_3376,P_2-1_6248,89.49999999999919
P_2-1_3376,P_1-3_3176,79.49999999999976
P_2-1_3376,P_1-2_2976,79.89999999999974
P_2-1_3376,P_1-2_1639,79.19999999999978
P_2-1_3376,P_2-1_497,79.69999999999975
P_2-1_3376,P_2-1_1408,79.99999999999973
P_2-1_3376,P_1-2_1471,79.19999999999978
P_2-1_3376,P_2-1_4664,81.99999999999962
P_1-1-pt_3927,P_1-1-pt_4671,9.89999999999998
P_1-1-pt_3927,P_1-1-pt_5298,10.19999999999998
P_1-1-pt_3927,P_1-1-pt_5115,7.999999999999988
P_1-1-pt_3927,P_1-2_3413,19.300000000000004
P_1-1-pt_3927,P_1-3_5376,11.099999999999977
P_1-1-veh_459,P_1-1-pt_8692,15.89999999999996
P_1-1-veh_459,P_1-1-pt_7664,19.1
P_1-1-veh_459,P_1-3_2280,4.200000000000001
P_2-1_4930,P_2-1_4232,10.599999999999978
P_2-1_4930,P_1-3_5354,9.199999999999983
P_2-1_4930,P_1-2_4955,17.799999999999983
P_2-1_4930,P_1-2_4540,12.099999999999973
P_2-1_4930,P_1-1-pt_4785,6.299999999999994
P_1-3_5123,P_1-1-pt_7071,3.800000000000002
P_1-3_5123,P_1-1-pt_2012,5.899999999999995
P_1-2_829,P_1-1-pt_7594,3.700000000000002
P_1-2_829,P_1-1-pt_3669,3.600000000000002
P_1-2_829,P_1-1-pt_7901,3.700000000000002
P_1-2_829,P_1-1-pt_6516,7.799999999999988
P_1-1-pt_1329,P_2-1_2925,2.1000000000000005
P_1-1-pt_1329,P_1-1-pt_3489,32.800000000000196
P_1-1-pt_1329,P_1-1-pt_65,10.699999999999978
P_1-1-pt_1329,P_1-1-pt_1528,8.499999999999986
P_2-1_6274,P_1-2_293,232.1999999999911
P_2-1_6274,P_1-3_2278,20.200000000000017
P_2-1_6274,P_1-3_3488,20.200000000000017
P_2-1_6256,P_2-1_3376,151.49999999999568
P_2-1_6256,P_2-1_5435,143.09999999999616
P_2-1_6256,P_2-1_4331,149.3999999999958
P_2-1_6256,P_1-2_2229,149.79999999999578
P_2-1_6256,P_1-2_2030,139.69999999999635
P_2-1_6256,P_1-2_3908,209.69999999999237
P_2-1_6256,P_1-2_4607,139.59999999999636
P_2-1_6256,P_1-1-pt_7104,99.49999999999862
P_2-1_6256,P_1-2_4886,138.49999999999642
P_2-1_6256,P_1-2_3005,119.1999999999975
P_2-1_6256,P_1-1-pt_7917,84.59999999999947
P_2-1_6256,P_2-1_5859,118.79999999999752
P_2-1_6256,P_2-1_1911,119.59999999999748
P_2-1_6256,P_1-2_6071,120.69999999999742
P_2-1_6256,P_1-3_4957,105.1999999999983
P_2-1_6256,P_1-2_1272,173.7999999999944
P_2-1_6256,P_2-1_2074,1026.7000000001617
P_2-1_6256,P_1-3_4751,99.39999999999863
P_2-1_6256,P_2-1_1242,89.89999999999917
P_2-1_6256,P_2-1_3947,79.79999999999974
P_2-1_6256,P_1-3_3176,1165.8000000000352
P_2-1_6256,P_1-2_2976,97.59999999999873
P_2-1_6256,P_1-2_1639,969.900000000152
P_2-1_6256,P_2-1_497,80.29999999999971
P_2-1_6256,P_2-1_1408,79.69999999999975
P_2-1_6256,P_1-2_1471,79.69999999999975
P_2-1_6256,P_2-1_4664,79.89999999999974
P_2-1_6256,P_2-1_6248,953.4000000001482
P_1-1-pt_521,P_1-1-pt_5167,658.7000000000812
P_1-1-pt_521,P_1-1-pt_1747,57.60000000000055
P_1-1-pt_521,P_1-1-pt_6743,30.400000000000162
P_1-1-pt_521,P_1-1-pt_2880,29.900000000000155
P_1-1-pt_521,P_1-1-pt_8280,43.60000000000035
P_1-1-pt_521,P_1-1-pt_3207,52.90000000000048
P_1-1-pt_521,P_1-1-pt_571,21.400000000000034
P_1-1-pt_521,P_1-1-pt_3230,21.70000000000004
P_1-1-pt_521,P_1-1-pt_8016,44.000000000000355
P_1-1-pt_521,P_1-1-pt_1020,10.999999999999977
P_1-1-pt_521,P_1-1-pt_3671,44.700000000000365
P_1-1-pt_521,P_1-1-pt_2708,11.399999999999975
P_1-1-pt_521,P_1-1-pt_1610,46.40000000000039
P_1-1-pt_521,P_1-1-pt_7243,22.40000000000005
P_1-1-pt_521,P_1-1-pt_98,483.10000000004135
P_1-1-pt_521,P_1-1-pt_1963,11.699999999999974
P_1-1-pt_521,P_1-1-pt_1497,24.500000000000078
P_1-1-pt_521,P_1-1-pt_2194,9.99999999999998
P_1-1-pt_521,P_1-1-pt_5666,20.40000000000002
P_1-1-pt_521,P_1-1-pt_4879,22.60000000000005
P_1-1-pt_521,P_1-1-pt_2920,10.699999999999978
P_1-1-pt_521,P_1-1-pt_1853,31.70000000000018
P_1-1-pt_521,P_1-1-pt_8731,10.29999999999998
P_1-1-pt_521,P_1-1-veh_610,3.600000000000002
P_1-1-pt_521,P_1-1-pt_3638,10.599999999999978
P_1-1-pt_521,P_1-1-pt_5173,9.89999999999998
P_1-1-pt_521,P_1-1-pt_7447,21.90000000000004
P_1-1-pt_521,P_1-1-pt_4345,23.700000000000067
P_1-1-pt_521,P_1-1-pt_65,11.099999999999977
P_1-1-pt_521,P_1-1-pt_23,1630.1999999996128
P_1-1-pt_521,P_1-1-pt_2369,12.499999999999972
P_1-1-pt_521,P_1-1-pt_7915,13.799999999999967
P_1-1-pt_521,P_1-1-pt_6974,7.899999999999988
P_1-1-pt_521,P_1-1-pt_7372,22.800000000000054
P_1-1-pt_521,P_1-1-pt_5267,11.099999999999977
P_1-1-pt_521,P_1-1-pt_7881,45.400000000000375
P_1-1-pt_521,P_1-1-pt_8316,10.29999999999998
P_1-1-pt_521,P_1-1-pt_7573,10.799999999999978
P_1-1-pt_521,P_1-1-veh_767,3.700000000000002
P_1-1-pt_521,P_1-1-pt_1995,11.799999999999974
P_1-1-pt_521,P_1-1-pt_2013,12.99999999999997
P_1-1-pt_521,P_1-1-pt_3025,10.399999999999979
P_1-3_2043,P_1-2_6028,20.100000000000016
P_1-1-pt_2369,P_1-1-pt_3207,10.19999999999998
P_1-1-pt_2369,P_1-1-pt_6743,125.99999999999712
P_1-1-pt_2369,P_1-1-pt_4879,36.50000000000025
P_1-1-pt_2369,P_1-1-pt_296,9.499999999999982
P_1-1-pt_2369,P_1-1-pt_4736,42.80000000000034
P_1-1-pt_2369,P_1-1-pt_2880,8.699999999999985
P_1-1-pt_2369,P_1-1-pt_571,37.90000000000027
P_1-1-pt_2369,P_1-1-pt_3230,33.1000000000002
P_1-1-pt_2369,P_1-1-pt_824,23.500000000000064
P_1-1-pt_2369,P_1-3_4328,3.900000000000002
P_1-1-pt_2369,P_1-1-pt_7881,10.599999999999978
P_1-1-pt_2369,P_1-1-pt_8280,10.399999999999979
P_1-1-pt_2369,P_1-1-pt_5170,74.40000000000005
P_1-1-pt_2369,P_1-1-pt_8016,12.399999999999972
P_1-1-pt_2369,P_1-1-pt_7243,10.499999999999979
P_1-1-pt_2369,P_1-1-pt_1497,20.900000000000027
P_1-1-pt_2369,P_1-1-pt_7447,8.599999999999985
P_1-1-pt_2369,P_1-1-pt_521,12.499999999999972
P_1-1-pt_2369,P_1-1-pt_8316,10.09999999999998
P_1-1-pt_2369,P_1-1-pt_7573,10.499999999999979
P_1-1-pt_2369,P_1-1-pt_1995,14.899999999999963
P_1-1-pt_2369,P_1-1-pt_2013,8.599999999999985
P_1-1-pt_2369,P_1-1-pt_2297,24.200000000000074
P_1-1-pt_2369,P_1-1-pt_2947,12.399999999999972
P_1-1-pt_7664,P_1-1-pt_4879,5.999999999999995
P_1-1-pt_7664,P_1-1-veh_459,19.1
P_1-1-pt_7664,P_1-2_2543,8.199999999999987
P_1-3_4168,P_1-1-pt_7760,6.5999999999999925
P_1-3_4168,P_1-1-pt_3910,5.4999999999999964
P_1-3_4168,P_1-1-pt_6346,3.700000000000002
P_1-3_4168,P_1-1-pt_1714,7.799999999999988
P_1-3_4168,P_2-1_3599,20.40000000000002
P_1-3_4168,P_1-2_4734,20.40000000000002
P_1-3_4168,P_1-3_2454,10.09999999999998
P_1-3_4168,P_1-2_4206,10.19999999999998
P_1-3_4168,P_1-3_1500,10.19999999999998
P_1-3_4168,P_2-1_6008,10.19999999999998
P_1-3_4168,P_1-2_1656,10.19999999999998
P_1-3_4168,P_1-3_3901,10.19999999999998
P_1-3_4168,P_1-2_1053,10.19999999999998
P_1-3_4168,P_2-1_2785,10.19999999999998
P_1-3_4168,P_1-2_1420,10.19999999999998
P_1-3_4168,P_1-3_228,10.19999999999998
P_1-3_4168,P_1-2_5495,10.19999999999998
P_1-3_4168,P_1-2_4452,10.19999999999998
P_1-3_4168,P_1-3_3834,10.19999999999998
P_1-3_4168,P_1-3_3776,10.19999999999998
P_1-3_4168,P_1-3_1657,10.19999999999998
P_1-3_4168,P_2-1_2161,10.19999999999998
P_1-3_4168,P_1-2_3280,10.19999999999998
P_1-3_4168,P_1-3_3046,10.19999999999998
P_1-3_4168,P_1-3_3457,10.19999999999998
P_1-3_4168,P_1-3_1615,10.19999999999998
P_1-3_4168,P_1-3_372,10.19999999999998
P_1-3_4168,P_1-2_5885,10.19999999999998
P_1-3_4168,P_1-3_5141,10.19999999999998
P_1-3_4168,P_1-3_2053,10.19999999999998
P_1-3_1500,P_1-2_4734,40.500000000000306
P_1-3_1500,P_1-2_4206,40.60000000000031
P_1-3_1500,P_1-3_3901,40.60000000000031
P_1-3_1500,P_1-2_1420,40.80000000000031
P_1-3_1500,P_1-3_228,40.400000000000304
P_1-3_1500,P_1-3_3776,40.60000000000031
P_1-3_1500,P_2-1_2161,40.80000000000031
P_1-3_1500,P_1-3_874,20.200000000000017
P_1-3_1500,P_1-3_1615,40.500000000000306
P_1-3_1500,P_1-2_5885,30.400000000000162
P_1-3_1500,P_1-3_5141,30.30000000000016
P_1-3_1500,P_2-1_3599,30.400000000000162
P_1-3_1500,P_1-3_2454,20.30000000000002
P_1-3_1500,P_1-2_1656,20.700000000000024
P_1-3_1500,P_1-2_1053,20.40000000000002
P_1-3_1500,P_2-1_2785,20.40000000000002
P_1-3_1500,P_1-2_5495,20.30000000000002
P_1-3_1500,P_1-2_4452,20.30000000000002
P_1-3_1500,P_1-3_3834,20.200000000000017
P_1-3_1500,P_1-3_1657,20.30000000000002
P_1-3_1500,P_1-2_3280,20.30000000000002
P_1-3_1500,P_1-3_3046,20.30000000000002
P_1-3_1500,P_1-3_3457,20.30000000000002
P_1-3_1500,P_1-3_372,10.19999999999998
P_1-3_1500,P_1-3_4168,10.19999999999998
P_1-3_1500,P_1-3_2053,10.09999999999998
P_1-3_1500,P_1-3_3054,10.19999999999998
P_1-3_1500,P_2-1_6008,2608.599999998723
P_1-3_4954,P_1-3_2018,30.800000000000168
P_1-3_4954,P_1-3_3639,10.09999999999998
P_1-3_4954,P_1-2_4634,20.900000000000027
P_1-3_4954,P_1-3_4775,20.100000000000016
P_1-3_4954,P_1-3_2410,19.70000000000001
P_1-3_4954,P_1-3_3253,20.30000000000002
P_1-3_4954,P_1-3_2633,22.800000000000054
P_1-3_4954,P_1-3_331,21.90000000000004
P_1-3_4954,P_1-2_5210,12.199999999999973
P_1-3_4954,P_1-2_573,10.699999999999978
P_1-3_4954,P_1-2_3693,9.799999999999981
P_1-3_4954,P_2-1_5411,30.400000000000162
P_1-3_4954,P_2-1_1646,179.99999999999406
P_1-3_4954,P_1-3_4875,10.09999999999998
P_1-3_4954,P_1-3_1815,10.09999999999998
P_1-3_4954,P_1-1-pt_1594,7.699999999999989
P_1-3_4954,P_1-3_3410,10.09999999999998
P_1-3_4954,P_1-1-pt_6226,8.499999999999986
P_1-3_4954,P_1-2_2193,10.09999999999998
P_1-3_4954,P_1-3_1693,9.699999999999982
P_1-3_4954,P_1-2_5588,12.89999999999997
P_1-3_4954,P_1-3_5023,20.200000000000017
P_1-3_4954,P_1-2_2828,20.200000000000017
P_1-3_4954,P_1-3_1135,19.70000000000001
P_1-3_4954,P_1-2_4589,19.80000000000001
P_1-3_4954,P_1-1-pt_3684,40.1000000000003
P_1-3_4954,P_1-1-veh_317,13.699999999999967
P_1-3_4954,P_1-2_810,18.099999999999987
P_1-3_4954,P_1-2_467,20.100000000000016
P_1-1-pt_4879,P_1-1-pt_7664,5.999999999999995
P_1-1-pt_4879,P_1-1-pt_3858,10.499999999999979
P_1-1-pt_4879,P_1-1-pt_2013,210.09999999999235
P_1-1-pt_4879,P_1-1-pt_6743,9.299999999999983
P_1-1-pt_4879,P_1-1-pt_2369,36.50000000000025
P_1-1-pt_4879,P_2-1_2925,3.700000000000002
P_1-1-pt_4879,P_1-3_4328,11.599999999999975
P_1-1-pt_4879,P_2-1_63,7.29999999999999
P_1-1-pt_4879,P_1-1-pt_5666,21.400000000000034
P_1-1-pt_4879,P_1-1-pt_3207,22.40000000000005
P_1-1-pt_4879,P_1-1-pt_521,22.60000000000005
P_1-1-pt_4879,P_2-1_5419,9.199999999999983
P_1-1-pt_4879,P_2-1_5975,5.299999999999997
P_1-1-pt_4879,P_1-1-pt_824,10.599999999999978
P_1-1-pt_4879,P_1-1-pt_2771,22.300000000000047
P_1-1-pt_4879,P_1-1-pt_5173,9.199999999999983
P_1-1-pt_4879,P_1-1-pt_8016,35.600000000000236
P_1-1-pt_4879,P_1-1-pt_2947,10.999999999999977
P_1-1-pt_4879,P_1-2_4445,10.19999999999998
P_1-1-pt_4879,P_2-1_3532,10.799999999999978
P_1-1-pt_4879,P_1-1-pt_5170,556.600000000058
P_1-1-pt_4879,P_1-2_303,18.499999999999993
P_1-1-pt_4879,P_1-1-pt_7243,37.000000000000256
P_1-3_1604,P_1-1-pt_2431,17.69999999999998
P_1-1-pt_2529,P_1-1-pt_7258,7.899999999999988
P_1-1-pt_2529,P_1-3_795,7.799999999999988
P_1-1-pt_2529,P_1-3_2218,7.799999999999988
P_1-1-pt_2529,P_1-3_3549,7.799999999999988
P_1-1-pt_2529,P_2-1_2136,7.899999999999988
P_1-1-pt_2529,P_1-3_2604,7.999999999999988
P_1-1-pt_2529,P_1-1-veh_65,14.099999999999966
P_1-1-pt_2529,P_1-3_75,9.299999999999983
P_1-1-pt_2529,P_1-2_549,7.899999999999988
P_1-1-pt_2529,P_1-1-pt_1561,36.40000000000025
P_1-1-pt_2529,P_2-1_2042,19.80000000000001
P_1-1-pt_2529,P_1-1-pt_8830,30.700000000000166
P_1-1-pt_2529,P_2-1_1965,23.700000000000067
P_1-1-pt_2529,P_2-1_1842,25.200000000000088
P_1-1-pt_2529,P_1-2_3894,66.20000000000051
P_1-1-pt_2529,P_1-1-pt_6931,10.09999999999998
P_1-1-pt_2529,P_1-1-pt_620,11.299999999999976
P_2-1_6236,P_1-1-pt_2431,10.399999999999979
P_1-2_4791,P_1-3_4666,8.499999999999986
P_1-2_4791,P_1-3_2010,8.499999999999986
P_1-2_4791,P_1-2_1533,9.099999999999984
P_1-2_4791,P_1-3_5578,8.299999999999986
P_1-2_4791,P_1-2_78,7.099999999999991
P_1-2_4791,P_1-2_2237,11.799999999999974
P_1-2_4791,P_1-1-pt_7897,11.999999999999973
P_1-2_4791,P_1-3_204,10.19999999999998
P_1-2_4791,P_1-3_4313,10.19999999999998
P_1-2_4791,P_1-3_2604,10.19999999999998
P_1-2_4791,P_1-3_75,10.19999999999998
P_1-2_4791,P_1-2_4257,10.09999999999998
P_1-2_4791,P_1-3_520,10.09999999999998
P_1-2_4791,P_1-2_3904,9.99999999999998
P_1-2_1255,P_1-1-pt_7243,11.499999999999975
P_1-2_1255,P_1-1-pt_6974,13.999999999999966
P_1-2_1255,P_1-1-pt_2503,10.899999999999977
P_1-2_1255,P_1-1-pt_6334,10.09999999999998
P_1-2_1255,P_1-1-pt_7262,10.09999999999998
P_1-2_1255,P_1-1-pt_5886,10.09999999999998
P_1-2_1255,P_1-1-pt_4919,10.399999999999979
P_1-2_1255,P_1-1-pt_2882,10.399999999999979
P_1-2_1255,P_1-1-pt_4397,9.99999999999998
P_2-1_6130,P_1-3_909,10.29999999999998
P_2-1_6130,P_1-2_4954,20.600000000000023
P_2-1_6130,P_2-1_1463,10.699999999999978
P_2-1_6130,P_2-1_4788,10.19999999999998
P_2-1_6130,P_2-1_499,10.09999999999998
P_2-1_6130,P_2-1_804,10.19999999999998
P_2-1_6130,P_1-2_5634,9.599999999999982
P_2-1_6130,P_2-1_494,10.19999999999998
P_2-1_6130,P_1-2_4112,17.69999999999998
P_2-1_6130,P_2-1_2710,10.29999999999998
P_2-1_6130,P_2-1_994,10.29999999999998
P_2-1_6130,P_2-1_213,10.19999999999998
P_2-1_6130,P_2-1_6083,20.200000000000017
P_2-1_6130,P_2-1_4042,20.30000000000002
P_1-2_4376,P_1-3_2270,20.30000000000002
P_1-2_4376,P_1-3_4278,20.600000000000023
P_2-1_3601,P_2-1_5001,41.50000000000032
P_2-1_3601,P_2-1_2486,30.90000000000017
P_2-1_3601,P_2-1_4998,9.99999999999998
P_2-1_3601,P_1-2_1417,10.09999999999998
P_2-1_3601,P_2-1_4487,20.700000000000024
P_2-1_3601,P_2-1_6266,20.40000000000002
P_2-1_3601,P_1-2_489,10.499999999999979
P_1-2_4208,P_1-1-pt_7732,5.099999999999998
P_1-2_4208,P_1-1-pt_3188,3.600000000000002
P_1-2_4208,P_1-1-pt_6368,10.29999999999998
P_1-2_4208,P_1-1-pt_1306,17.299999999999976
P_1-2_4208,P_1-2_3052,9.99999999999998
P_1-2_3835,P_1-2_5640,211.89999999999225
P_1-2_3835,P_1-1-veh_337,13.699999999999967
P_1-2_5641,P_1-1-pt_868,3.700000000000002
P_1-1-pt_977,P_1-1-pt_5170,10.09999999999998
P_1-2_3286,P_1-1-veh_337,10.499999999999979
P_1-2_5210,P_1-2_4634,20.100000000000016
P_1-2_5210,P_1-3_4775,20.200000000000017
P_1-2_5210,P_1-3_2410,9.99999999999998
P_1-2_5210,P_1-3_3253,20.30000000000002
P_1-2_5210,P_1-3_2018,11.999999999999973
P_1-2_5210,P_1-3_2633,23.30000000000006
P_1-2_5210,P_2-1_1646,30.400000000000162
P_1-2_5210,P_2-1_5411,30.30000000000016
P_1-2_5210,P_1-3_331,820.0000000001179
P_1-2_5210,P_1-2_573,187.9999999999936
P_1-2_5210,P_1-2_3693,10.09999999999998
P_1-2_5210,P_1-3_4954,12.199999999999973
P_1-2_5210,P_1-3_4875,18.29999999999999
P_1-2_5210,P_1-3_1815,10.09999999999998
P_1-2_5210,P_1-1-pt_1594,7.799999999999988
P_1-2_5210,P_1-3_3410,10.09999999999998
P_1-2_5210,P_1-1-pt_6226,7.799999999999988
P_1-2_5210,P_1-3_3639,9.89999999999998
P_1-2_5210,P_1-2_2193,9.99999999999998
P_1-2_5210,P_1-3_1693,10.09999999999998
P_1-2_5210,P_1-2_5588,9.799999999999981
P_1-2_5210,P_1-3_5023,10.09999999999998
P_1-2_5210,P_1-2_2828,10.09999999999998
P_1-2_5210,P_1-3_1135,9.99999999999998
P_1-2_5210,P_1-2_4589,41.900000000000325
P_1-2_5210,P_1-1-pt_3684,7.799999999999988
P_1-2_5210,P_1-1-veh_317,15.299999999999962
P_1-2_5210,P_1-2_810,12.499999999999972
P_1-2_5210,P_1-2_467,20.30000000000002
P_1-3_2053,P_1-1-pt_776,3.800000000000002
P_1-3_2053,P_1-1-pt_3910,3.700000000000002
P_1-3_2053,P_1-1-pt_6346,3.800000000000002
P_1-3_2053,P_1-1-pt_1714,7.799999999999988
P_1-3_2053,P_1-3_2454,10.09999999999998
P_1-3_2053,P_1-2_4206,10.09999999999998
P_1-3_2053,P_1-2_4734,18.19999999999999
P_1-3_2053,P_1-3_1500,10.09999999999998
P_1-3_2053,P_2-1_6008,10.09999999999998
P_1-3_2053,P_1-2_1656,10.19999999999998
P_1-3_2053,P_1-3_3901,10.09999999999998
P_1-3_2053,P_1-2_1053,10.09999999999998
P_1-3_2053,P_2-1_2785,10.09999999999998
P_1-3_2053,P_1-2_1420,10.09999999999998
P_1-3_2053,P_1-3_228,10.19999999999998
P_1-3_2053,P_1-2_5495,10.09999999999998
P_1-3_2053,P_1-2_4452,10.09999999999998
P_1-3_2053,P_1-3_3834,10.19999999999998
P_1-3_2053,P_1-3_3776,10.19999999999998
P_1-3_2053,P_1-3_1657,10.09999999999998
P_1-3_2053,P_2-1_2161,10.19999999999998
P_1-3_2053,P_1-2_3280,10.19999999999998
P_1-3_2053,P_1-3_3046,10.19999999999998
P_1-3_2053,P_1-3_3457,10.19999999999998
P_1-3_2053,P_1-3_1615,10.09999999999998
P_1-3_2053,P_1-3_372,10.09999999999998
P_1-3_2053,P_1-2_5885,10.19999999999998
P_1-3_2053,P_1-3_5141,10.19999999999998
P_1-3_2053,P_1-3_4168,10.19999999999998
P_1-1-pt_6297,P_1-1-pt_4996,10.799999999999978
P_1-1-pt_6297,P_1-1-pt_6809,10.399999999999979
P_1-1-pt_6297,P_1-1-pt_3386,10.19999999999998
P_1-1-pt_6297,P_1-1-pt_3067,22.800000000000054
P_1-1-pt_6297,P_1-1-pt_2218,9.699999999999982
P_1-1-pt_6297,P_1-1-pt_3964,21.400000000000034
P_1-1-pt_6297,P_1-1-pt_1238,12.599999999999971
P_1-1-pt_6297,P_1-1-pt_776,23.400000000000063
P_1-1-pt_6297,P_1-1-pt_3128,10.899999999999977
P_1-1-pt_6297,P_1-1-pt_1226,9.499999999999982
P_1-1-pt_6297,P_1-1-pt_8540,9.499999999999982
P_1-1-pt_6297,P_1-1-pt_2992,10.799999999999978
P_1-1-pt_6297,P_1-1-pt_7412,11.099999999999977
P_1-1-pt_6297,P_1-1-pt_8866,11.099999999999977
P_1-1-pt_6297,P_1-1-pt_6543,10.599999999999978
P_1-1-pt_6297,P_1-1-pt_2542,10.799999999999978
P_1-1-pt_6297,P_1-1-pt_5346,10.799999999999978
P_1-1-pt_6297,P_1-1-pt_6209,1516.799999999716
P_1-1-pt_6297,P_1-1-pt_3046,10.599999999999978
P_1-1-pt_6297,P_2-1_2136,9.099999999999984
P_1-1-pt_6297,P_1-1-pt_3779,11.299999999999976
P_1-1-pt_6297,P_1-1-pt_6007,11.099999999999977
P_1-1-pt_6297,P_1-1-pt_5897,10.999999999999977
P_1-1-pt_6297,P_1-1-pt_3769,10.899999999999977
P_1-1-pt_6297,P_1-1-pt_4671,10.699999999999978
P_1-1-pt_6297,P_1-1-pt_5142,12.499999999999972
P_1-1-pt_6297,P_1-1-pt_4919,12.399999999999972
P_1-1-pt_6297,P_1-1-pt_4397,12.79999999999997
P_1-1-pt_6297,P_1-3_3245,4.699999999999999
P_1-1-pt_6297,P_1-1-pt_1430,11.199999999999976
P_1-1-pt_6297,P_1-1-pt_530,13.999999999999966
P_1-1-pt_5357,P_1-1-pt_4262,9.89999999999998
P_1-1-pt_5357,P_1-1-pt_3386,20.700000000000024
P_1-1-pt_5357,P_1-2_4181,81.49999999999964
P_1-1-pt_5357,P_1-2_1356,11.299999999999976
P_1-1-pt_5357,P_1-1-pt_3112,7.599999999999989
P_1-2_1948,P_1-3_3209,15.59999999999996
P_1-2_1948,P_1-1-pt_7697,3.700000000000002
P_1-2_1948,P_1-2_2377,20.200000000000017
P_1-2_1948,P_1-1-pt_166,78.59999999999981
P_1-2_1948,P_1-1-pt_2164,81.09999999999967
P_1-2_1948,P_1-1-pt_5209,81.59999999999964
P_1-3_4262,P_2-1_2299,9.99999999999998
P_1-1-pt_6779,P_1-3_2323,6.299999999999994
P_1-1-pt_6779,P_1-3_502,6.5999999999999925
P_1-1-pt_6779,P_1-3_4236,6.299999999999994
P_1-1-pt_6779,P_1-3_637,4.799999999999999
P_1-1-pt_6779,P_1-2_4706,3.800000000000002
P_1-2_3077,P_1-2_3378,91.29999999999909
P_1-2_3077,P_1-3_2076,0.2
P_1-2_3077,P_1-2_423,30.400000000000162
P_1-2_3077,P_1-2_5020,20.200000000000017
P_1-2_3077,P_1-2_471,20.200000000000017
P_1-2_3077,P_1-3_1588,16.19999999999996
P_1-2_3077,P_1-2_5805,20.30000000000002
P_1-2_3077,P_1-2_2590,20.30000000000002
P_1-2_3077,P_1-2_5092,20.40000000000002
P_1-2_3077,P_1-2_3614,8.099999999999987
P_1-1-pt_6974,P_1-1-pt_3858,28.20000000000013
P_1-1-pt_6974,P_1-1-pt_5167,177.89999999999418
P_1-1-pt_6974,P_1-1-pt_3671,226.5999999999914
P_1-1-pt_6974,P_1-1-pt_1747,104.19999999999835
P_1-1-pt_6974,P_1-1-pt_1497,42.10000000000033
P_1-1-pt_6974,P_1-1-pt_296,10.599999999999978
P_1-1-pt_6974,P_1-1-pt_8016,21.90000000000004
P_1-1-pt_6974,P_1-1-veh_170,16.499999999999964
P_1-1-pt_6974,P_1-1-pt_1020,10.899999999999977
P_1-1-pt_6974,P_1-1-pt_2880,199.39999999999296
P_1-1-pt_6974,P_1-2_1255,13.999999999999966
P_1-1-pt_6974,P_1-1-pt_2708,10.499999999999979
P_1-1-pt_6974,P_1-1-pt_98,334.8000000000076
P_1-1-pt_6974,P_1-1-pt_1610,204.49999999999267
P_1-1-pt_6974,P_1-1-pt_7243,88.99999999999922
P_1-1-pt_6974,P_1-1-pt_3207,98.59999999999867
P_1-1-pt_6974,P_1-1-pt_3388,10.399999999999979
P_1-1-pt_6974,P_1-1-pt_4736,20.40000000000002
P_1-1-pt_6974,P_1-1-pt_2920,32.000000000000185
P_1-1-pt_6974,P_1-1-pt_4070,10.499999999999979
P_1-1-pt_6974,P_1-1-pt_5267,40.1000000000003
P_1-1-pt_6974,P_1-1-pt_7915,312.40000000000254
P_1-1-pt_6974,P_1-1-pt_7355,9.699999999999982
P_1-1-pt_6974,P_1-1-pt_5173,9.799999999999981
P_1-1-pt_6974,P_1-1-pt_521,7.899999999999988
P_1-1-pt_6974,P_1-1-pt_7372,11.199999999999976
P_1-1-pt_6974,P_1-1-pt_8316,9.799999999999981
P_1-1-pt_6974,P_1-1-pt_7573,10.599999999999978
P_1-1-pt_6974,P_1-1-pt_4345,9.89999999999998
P_1-1-pt_6974,P_1-1-pt_2771,7.29999999999999
P_1-1-pt_6974,P_1-1-pt_562,12.79999999999997
P_1-2_5927,P_1-2_5020,9.299999999999983
P_1-2_5927,P_1-1-pt_1923,5.099999999999998
P_1-1-pt_2170,P_1-1-pt_2474,197.59999999999306
P_1-1-pt_2170,P_1-1-pt_3869,2462.299999998856
P_1-3_3901,P_1-2_4734,40.60000000000031
P_1-3_3901,P_1-2_4206,40.60000000000031
P_1-3_3901,P_1-3_1500,40.60000000000031
P_1-3_3901,P_1-2_1420,40.80000000000031
P_1-3_3901,P_1-3_228,40.60000000000031
P_1-3_3901,P_1-3_3776,40.60000000000031
P_1-3_3901,P_2-1_2161,40.70000000000031
P_1-3_3901,P_1-3_874,20.30000000000002
P_1-3_3901,P_1-3_1615,30.600000000000165
P_1-3_3901,P_1-2_5885,30.600000000000165
P_1-3_3901,P_1-3_5141,30.500000000000163
P_1-3_3901,P_2-1_3599,30.500000000000163
P_1-3_3901,P_1-3_2454,20.30000000000002
P_1-3_3901,P_2-1_6008,30.500000000000163
P_1-3_3901,P_1-2_1656,578.800000000063
P_1-3_3901,P_1-2_1053,20.30000000000002
P_1-3_3901,P_2-1_2785,20.40000000000002
P_1-3_3901,P_1-2_5495,20.40000000000002
P_1-3_3901,P_1-2_4452,20.40000000000002
P_1-3_3901,P_1-3_3834,20.200000000000017
P_1-3_3901,P_1-3_1657,20.30000000000002
P_1-3_3901,P_1-2_3280,20.200000000000017
P_1-3_3901,P_1-3_3046,20.30000000000002
P_1-3_3901,P_1-3_3457,10.19999999999998
P_1-3_3901,P_1-3_372,10.09999999999998
P_1-3_3901,P_1-3_4168,10.19999999999998
P_1-3_3901,P_1-3_2053,10.09999999999998
P_1-3_3901,P_1-3_3054,10.09999999999998
P_1-3_3901,P_1-3_2256,790.3000000001111
P_1-1-pt_6368,P_1-1-pt_4595,8.599999999999985
P_1-1-pt_6368,P_1-1-pt_6322,10.699999999999978
P_1-1-pt_6368,P_1-1-pt_1306,27.800000000000125
P_1-1-pt_6368,P_1-2_4208,10.29999999999998
P_1-1-pt_6368,P_1-3_3755,8.799999999999985
P_1-1-pt_6368,P_1-1-pt_141,11.199999999999976
P_1-1-pt_5115,P_1-1-pt_3927,7.999999999999988
P_1-1-pt_5115,P_1-2_2345,3.4000000000000017
P_1-1-pt_5115,P_1-2_2922,3.5000000000000018
P_1-1-pt_5115,P_1-1-pt_4097,10.499999999999979
P_1-1-pt_5115,P_1-2_4019,3.600000000000002
P_1-1-pt_5115,P_1-1-pt_141,10.499999999999979
P_1-1-pt_5115,P_1-2_3692,3.5000000000000018
P_1-1-pt_5115,P_1-3_4125,3.700000000000002
P_1-1-pt_5115,P_1-1-pt_4945,10.599999999999978
P_1-1-pt_5115,P_1-1-veh_243,3.800000000000002
P_1-1-pt_5115,P_1-2_1850,6.199999999999994
P_1-1-pt_5115,P_1-2_5722,4.799999999999999
P_1-1-pt_1714,P_1-1-pt_3910,10.09999999999998
P_1-1-pt_1714,P_1-2_4771,15.59999999999996
P_1-1-pt_1714,P_1-3_5079,15.499999999999961
P_1-1-pt_1714,P_2-1_4755,15.59999999999996
P_1-1-pt_1714,P_2-1_4789,15.89999999999996
P_1-1-pt_1714,P_1-2_4339,15.79999999999996
P_1-1-pt_1714,P_1-1-pt_3629,20.600000000000023
P_1-1-pt_1714,P_1-1-pt_4572,20.600000000000023
P_1-1-pt_1714,P_1-2_3749,15.89999999999996
P_1-1-pt_1714,P_1-3_1503,19.0
P_1-1-pt_1714,P_1-2_2780,7.899999999999988
P_1-1-pt_1714,P_1-2_2287,8.199999999999987
P_1-1-pt_1714,P_1-3_1785,7.899999999999988
P_1-1-pt_1714,P_1-1-pt_8911,10.19999999999998
P_1-1-pt_1714,P_1-3_4168,7.799999999999988
P_1-1-pt_1714,P_1-2_3081,7.799999999999988
P_1-1-pt_1714,P_1-3_2053,7.799999999999988
P_1-1-pt_1714,P_1-3_3054,7.699999999999989
P_1-1-pt_1714,P_1-2_5951,7.799999999999988
P_1-1-pt_1714,P_1-3_2256,7.799999999999988
P_1-1-pt_1714,P_1-3_970,7.699999999999989
P_1-1-pt_1714,P_1-3_5359,7.799999999999988
P_1-1-pt_1714,P_1-3_2203,7.799999999999988
P_1-1-pt_1714,P_1-3_2540,7.799999999999988
P_1-1-pt_1714,P_1-3_1243,7.799999999999988
P_1-1-pt_1714,P_1-3_891,7.799999999999988
P_1-1-pt_1714,P_1-3_4690,7.799999999999988
P_1-1-pt_1714,P_1-3_4995,7.799999999999988
P_1-1-pt_1714,P_1-3_4425,7.799999999999988
P_1-1-pt_1714,P_1-3_4033,7.799999999999988
P_1-1-pt_1714,P_1-3_767,7.899999999999988
P_1-1-pt_1714,P_1-3_5304,7.799999999999988
P_1-2_848,P_1-1-pt_5139,3.800000000000002
P_1-2_848,P_1-1-pt_1006,15.99999999999996
P_2-1_213,P_1-2_4853,10.09999999999998
P_2-1_213,P_2-1_6130,10.19999999999998
P_1-1-pt_8184,P_1-2_638,13.299999999999969
P_1-1-pt_8184,P_1-1-pt_7067,33.60000000000021
P_1-1-pt_8184,P_1-1-pt_1723,20.200000000000017
P_1-1-veh_602,P_1-1-pt_7732,3.700000000000002
P_1-1-veh_602,P_1-1-pt_6624,3.800000000000002
P_1-2_1494,P_1-1-pt_1669,3.700000000000002
P_1-2_168,P_2-1_3797,10.29999999999998
P_1-2_168,P_2-1_595,20.40000000000002
P_1-2_168,P_2-1_4012,17.69999999999998
P_1-2_168,P_1-2_3708,10.09999999999998
P_1-2_168,P_2-1_2291,8.199999999999987
P_1-1-pt_3489,P_1-1-pt_1329,32.800000000000196
P_1-1-pt_3489,P_1-1-pt_4070,11.199999999999976
P_1-1-pt_3489,P_1-1-pt_65,10.899999999999977
P_1-1-pt_3489,P_1-3_4328,2.800000000000001
P_1-2_4483,P_1-1-pt_2880,10.799999999999978
P_1-2_4483,P_1-1-pt_1866,9.199999999999983
P_1-2_4483,P_1-1-pt_734,19.60000000000001
P_1-2_4483,P_1-1-pt_6548,19.400000000000006
P_1-2_4483,P_1-1-pt_297,28.20000000000013
P_1-2_4483,P_1-1-pt_3957,19.80000000000001
P_1-2_4483,P_1-1-pt_4071,19.80000000000001
P_1-2_4483,P_1-1-pt_2162,10.09999999999998
P_1-2_4483,P_1-1-pt_3409,10.09999999999998
P_1-2_5951,P_1-1-pt_4966,3.800000000000002
P_1-2_5951,P_1-1-pt_1226,3.600000000000002
P_1-2_5951,P_1-1-pt_8540,3.600000000000002
P_1-2_5951,P_1-1-pt_7297,9.699999999999982
P_1-2_5951,P_1-1-pt_3910,3.800000000000002
P_1-2_5951,P_1-1-pt_6346,3.800000000000002
P_1-2_5951,P_1-1-pt_1714,7.799999999999988
P_1-2_5951,P_1-2_2287,10.09999999999998
P_1-2_5951,P_1-3_2454,10.09999999999998
P_1-2_5951,P_1-2_4771,10.599999999999978
P_1-2_5951,P_1-3_5079,10.09999999999998
P_1-2_5951,P_1-3_1785,10.09999999999998
P_1-2_5951,P_2-1_4755,10.19999999999998
P_1-2_5951,P_1-1-pt_8911,7.799999999999988
P_1-2_5951,P_1-2_3081,10.19999999999998
P_1-1-pt_2129,P_1-2_3488,15.59999999999996
P_1-1-pt_2129,P_1-1-pt_5275,20.200000000000017
P_1-1-pt_2129,P_1-1-pt_1700,20.200000000000017
P_1-1-pt_2129,P_1-1-pt_2782,20.200000000000017
P_1-1-pt_2129,P_1-3_2261,15.399999999999961
P_1-1-pt_2129,P_1-1-pt_413,20.200000000000017
P_1-1-pt_2129,P_1-1-pt_2854,20.200000000000017
P_1-1-pt_2129,P_1-1-pt_6602,20.200000000000017
P_1-1-pt_2129,P_1-1-pt_6335,20.200000000000017
P_1-1-pt_2129,P_1-3_186,15.399999999999961
P_1-1-pt_2129,P_1-2_3850,15.199999999999962
P_1-1-pt_2129,P_1-3_2683,7.699999999999989
P_1-1-pt_2129,P_1-1-pt_5452,10.09999999999998
P_1-1-pt_2129,P_1-1-pt_5152,10.09999999999998
P_1-1-pt_2129,P_1-1-pt_1039,2540.9999999987845
P_1-1-pt_2129,P_1-2_1533,17.69999999999998
P_1-1-pt_2820,P_1-1-pt_8404,9.99999999999998
P_1-1-pt_2820,P_1-1-pt_8866,17.799999999999983
P_1-3_4775,P_1-2_4634,42.00000000000033
P_1-3_4775,P_1-3_2410,32.40000000000019
P_1-3_4775,P_1-3_3253,31.500000000000178
P_1-3_4775,P_1-3_2018,20.000000000000014
P_1-3_4775,P_1-3_2633,30.000000000000156
P_1-3_4775,P_1-2_1942,10.09999999999998
P_1-3_4775,P_1-3_331,30.30000000000016
P_1-3_4775,P_1-2_2626,10.09999999999998
P_1-3_4775,P_1-2_5210,20.200000000000017
P_1-3_4775,P_1-2_573,20.200000000000017
P_1-3_4775,P_1-3_4954,20.100000000000016
P_1-3_4775,P_1-3_4875,144.79999999999606
P_1-3_4775,P_1-3_1815,42.40000000000033
P_1-3_4775,P_1-1-pt_1594,23.700000000000067
P_1-3_4775,P_1-3_3410,40.400000000000304
P_1-3_4775,P_1-3_835,191.09999999999343
P_1-3_4775,P_1-2_3943,43.50000000000035
P_1-3_4775,P_1-1-pt_6226,15.59999999999996
P_1-3_4775,P_2-1_1646,30.500000000000163
P_1-3_4775,P_2-1_5411,30.500000000000163
P_1-3_4775,P_1-3_3639,19.70000000000001
P_1-3_4775,P_1-2_2193,20.100000000000016
P_1-3_4775,P_1-2_5800,20.200000000000017
P_1-3_4775,P_1-2_5588,14.699999999999964
P_1-3_4775,P_1-3_5023,20.100000000000016
P_1-3_4775,P_1-2_3383,17.099999999999973
P_1-3_4775,P_1-2_2828,11.699999999999974
P_1-3_4775,P_1-3_1135,19.0
P_1-3_4775,P_1-1-pt_3684,15.59999999999996
P_1-3_4775,P_1-2_4589,16.99999999999997
P_1-1-pt_7760,P_1-3_4168,6.5999999999999925
P_1-1-pt_7760,P_1-1-pt_7080,10.19999999999998
P_1-1-pt_7760,P_1-1-veh_792,3.800000000000002
P_1-1-pt_7760,P_1-1-pt_776,11.299999999999976
P_1-1-pt_7760,P_1-2_5814,14.399999999999965
P_1-1-pt_7760,P_1-1-pt_2882,10.09999999999998
P_1-1-pt_7760,P_1-1-pt_6273,10.499999999999979
P_1-1-pt_7760,P_1-3_209,17.69999999999998
P_1-1-pt_7760,P_1-2_3125,13.799999999999967
P_1-1-pt_7760,P_1-3_3494,21.600000000000037
P_1-1-pt_7760,P_1-1-pt_1826,9.89999999999998
P_1-1-pt_7760,P_1-2_1003,3.700000000000002
P_1-1-pt_7760,P_1-3_2498,3.700000000000002
P_1-1-pt_7760,P_1-1-pt_6038,15.199999999999962
P_1-1-pt_7760,P_1-1-pt_6007,10.799999999999978
P_1-1-pt_7760,P_1-3_4060,3.600000000000002
P_1-1-pt_7760,P_1-1-pt_3910,136.09999999999656
P_1-1-pt_7760,P_1-1-pt_5897,10.799999999999978
P_1-1-pt_7760,P_1-1-pt_5790,12.499999999999972
P_1-2_3879,P_2-1_2299,10.09999999999998
P_1-1-pt_4715,P_1-1-pt_4789,1.6000000000000003
P_1-1-pt_4715,P_1-2_1066,3.700000000000002
P_1-1-pt_4715,P_1-1-pt_7595,10.29999999999998
P_1-3_1737,P_1-3_2588,152.09999999999565
P_1-3_1737,P_1-1-pt_1350,13.399999999999968
P_1-3_1737,P_1-3_2296,16.79999999999997
P_1-3_1737,P_1-3_3305,17.899999999999984
P_1-3_1737,P_1-2_3125,19.500000000000007
P_1-1-pt_1039,P_1-2_3488,15.499999999999961
P_1-1-pt_1039,P_1-1-pt_5275,20.200000000000017
P_1-1-pt_1039,P_1-1-pt_1700,20.200000000000017
P_1-1-pt_1039,P_1-1-pt_2782,20.200000000000017
P_1-1-pt_1039,P_1-3_2261,15.399999999999961
P_1-1-pt_1039,P_1-1-pt_413,20.200000000000017
P_1-1-pt_1039,P_1-1-pt_2854,20.100000000000016
P_1-1-pt_1039,P_1-1-pt_6602,20.200000000000017
P_1-1-pt_1039,P_1-1-pt_6335,20.100000000000016
P_1-1-pt_1039,P_1-3_186,15.499999999999961
P_1-1-pt_1039,P_1-2_3850,9.89999999999998
P_1-1-pt_1039,P_1-3_2683,7.799999999999988
P_1-1-pt_1039,P_1-1-pt_5452,10.09999999999998
P_1-1-pt_1039,P_1-1-pt_5152,10.09999999999998
P_1-1-pt_1039,P_1-1-pt_2129,2540.9999999987845
P_1-2_2598,P_1-1-pt_2032,6.499999999999993
P_1-2_2598,P_1-2_4947,9.99999999999998
P_2-1_3390,P_1-1-pt_459,40.80000000000031
P_1-1-pt_3275,P_1-1-pt_494,7.599999999999989
P_1-1-pt_3275,P_1-1-pt_2162,7.699999999999989
P_1-1-pt_3275,P_1-1-pt_5897,11.099999999999977
P_1-1-pt_3275,P_1-1-pt_4671,10.899999999999977
P_1-1-pt_3275,P_1-1-pt_1270,10.399999999999979
P_1-1-pt_3275,P_1-1-pt_4919,10.599999999999978
P_1-1-pt_3275,P_1-1-pt_1304,10.599999999999978
P_1-1-pt_3275,P_1-1-pt_7863,9.399999999999983
P_1-1-pt_3275,P_1-1-pt_5193,9.399999999999983
P_1-1-pt_3275,P_1-1-pt_7325,10.899999999999977
P_1-1-pt_3275,P_1-1-pt_8137,10.799999999999978
P_1-1-pt_3275,P_1-1-pt_8762,9.599999999999982
P_1-1-pt_3275,P_1-1-pt_1138,9.599999999999982
P_1-1-pt_3275,P_1-1-pt_5457,10.699999999999978
P_1-1-pt_3275,P_1-1-pt_6672,10.499999999999979
P_1-1-pt_3275,P_1-1-pt_5499,9.099999999999984
P_1-1-pt_3275,P_1-1-pt_704,9.299999999999983
P_1-1-pt_3275,P_1-1-pt_6624,9.599999999999982
P_1-1-pt_3275,P_1-1-pt_812,9.399999999999983
P_1-1-pt_3275,P_1-1-pt_3188,9.099999999999984
P_1-1-pt_3275,P_1-1-pt_8747,12.199999999999973
P_1-1-pt_3275,P_1-1-pt_7177,11.799999999999974
P_1-1-pt_3275,P_1-1-pt_3189,9.89999999999998
P_1-1-pt_3275,P_1-1-pt_2535,11.499999999999975
P_1-1-pt_3275,P_1-1-pt_1034,9.199999999999983
P_1-1-pt_3275,P_1-1-pt_1560,1491.2999999997392
P_1-1-pt_3275,P_1-1-pt_4628,9.399999999999983
P_1-1-pt_3275,P_1-1-pt_5051,10.399999999999979
P_1-1-pt_3275,P_1-1-pt_1660,10.799999999999978
P_1-1-pt_3275,P_1-1-pt_1966,10.999999999999977
P_1-1-pt_3275,P_1-1-pt_1240,11.199999999999976
P_1-1-pt_3275,P_1-1-pt_4595,11.999999999999973
P_1-1-pt_3275,P_1-1-pt_5906,11.199999999999976
P_1-1-pt_3275,P_1-1-pt_5942,10.499999999999979
P_1-1-pt_3275,P_1-1-pt_3762,11.499999999999975
P_1-1-pt_4875,P_1-2_3850,12.69999999999997
P_1-1-pt_4875,P_1-2_3247,15.59999999999996
P_1-1-pt_4875,P_2-1_5470,8.199999999999987
P_1-1-pt_4875,P_1-1-pt_8123,16.79999999999997
P_1-2_3908,P_2-1_5435,149.69999999999578
P_1-2_3908,P_2-1_4331,149.79999999999578
P_1-2_3908,P_1-2_2229,149.79999999999578
P_1-2_3908,P_1-2_2030,139.59999999999636
P_1-2_3908,P_2-1_3376,145.699999999996
P_1-2_3908,P_2-1_6256,209.69999999999237
P_1-2_3908,P_1-2_4607,139.99999999999633
P_1-2_3908,P_1-1-pt_7104,105.59999999999827
P_1-2_3908,P_1-2_4886,138.5999999999964
P_1-2_3908,P_1-2_3005,119.49999999999748
P_1-2_3908,P_1-1-pt_7917,85.6999999999994
P_1-2_3908,P_2-1_5859,118.59999999999754
P_1-2_3908,P_2-1_1911,119.59999999999748
P_1-2_3908,P_1-2_6071,109.49999999999805
P_1-2_3908,P_1-3_4957,119.69999999999747
P_1-2_3908,P_1-2_1272,146.99999999999594
P_1-2_3908,P_1-3_4751,99.7999999999986
P_1-2_3908,P_2-1_1242,89.99999999999916
P_1-2_3908,P_2-1_3947,99.9999999999986
P_1-2_3908,P_2-1_6248,89.99999999999916
P_1-2_3908,P_1-3_3176,894.8000000001349
P_1-2_3908,P_1-2_2976,128.499999999997
P_1-2_3908,P_1-2_1639,79.59999999999975
P_1-2_3908,P_2-1_497,79.19999999999978
P_1-2_3908,P_2-1_1408,79.59999999999975
P_1-2_3908,P_1-2_1471,79.59999999999975
P_1-2_3908,P_2-1_4664,79.79999999999974
P_1-2_3908,P_2-1_2074,1038.6000000001509
P_1-2_4940,P_1-1-pt_6453,16.19999999999996
P_1-1-pt_2032,P_1-1-pt_7938,10.499999999999979
P_1-1-pt_2032,P_1-1-pt_3508,9.99999999999998
P_1-1-pt_2032,P_1-1-pt_889,9.99999999999998
P_1-1-pt_2032,P_1-1-pt_498,10.09999999999998
P_1-1-pt_2032,P_1-1-pt_3797,9.99999999999998
P_1-1-pt_2032,P_1-1-pt_1694,10.19999999999998
P_1-1-pt_2032,P_1-1-pt_262,10.09999999999998
P_1-1-pt_2032,P_1-2_609,7.799999999999988
P_1-1-pt_2032,P_1-2_1230,7.799999999999988
P_1-1-pt_2032,P_1-3_4983,7.799999999999988
P_1-1-pt_2032,P_1-2_2598,6.499999999999993
P_1-1-pt_2032,P_1-2_4371,7.799999999999988
P_2-1_3764,P_1-1-pt_3957,250.39999999999006
P_2-1_3764,P_1-1-pt_868,10.09999999999998
P_2-1_3764,P_1-1-pt_7881,10.19999999999998
P_2-1_3764,P_1-1-pt_7691,6.299999999999994
P_2-1_3764,P_1-1-pt_4071,19.70000000000001
P_2-1_3764,P_1-1-pt_2187,9.89999999999998
P_2-1_3764,P_1-1-pt_7213,10.29999999999998
P_2-1_3764,P_1-1-pt_2713,19.70000000000001
P_2-1_3764,P_1-1-pt_494,9.799999999999981
P_2-1_3764,P_1-1-pt_2162,9.699999999999982
P_2-1_3764,P_1-1-pt_6007,14.899999999999963
P_2-1_3764,P_1-1-pt_2542,16.19999999999996
P_2-1_3764,P_1-2_5466,531.4000000000523
P_2-1_3764,P_1-1-pt_8435,20.000000000000014
P_1-1-pt_2431,P_1-2_3887,7.19999999999999
P_1-1-pt_2431,P_1-1-pt_1006,10.19999999999998
P_1-1-pt_2431,P_1-1-pt_5139,10.09999999999998
P_1-1-pt_2431,P_1-2_1453,8.599999999999985
P_1-1-pt_2431,P_1-1-pt_3422,20.30000000000002
P_1-1-pt_2431,P_1-1-pt_1204,8.599999999999985
P_1-1-pt_2431,P_1-1-pt_1167,8.599999999999985
P_1-1-pt_2431,P_1-1-pt_8375,10.29999999999998
P_1-1-pt_2431,P_1-2_4329,10.599999999999978
P_1-1-pt_2431,P_1-1-pt_3931,17.899999999999984
P_1-1-pt_2431,P_1-3_1604,17.69999999999998
P_1-1-pt_2431,P_2-1_6236,10.399999999999979
P_1-1-pt_7763,P_1-1-pt_6273,7.499999999999989
P_1-1-pt_7763,P_1-1-pt_7142,8.699999999999985
P_1-2_4730,P_1-3_300,74.50000000000004
P_1-2_4730,P_1-1-pt_192,5.299999999999997
P_1-1-pt_2863,P_1-1-pt_7938,9.99999999999998
P_1-1-pt_2863,P_1-1-pt_3931,10.09999999999998
P_1-1-pt_2863,P_1-1-pt_8969,10.09999999999998
P_1-1-pt_2863,P_1-2_3887,2.800000000000001
P_1-1-pt_2863,P_1-1-pt_8196,8.699999999999985
P_1-1-pt_2863,P_1-2_2988,7.899999999999988
P_1-1-pt_2863,P_1-1-pt_6422,10.09999999999998
P_1-1-pt_2863,P_1-1-pt_5819,8.699999999999985
P_1-3_80,P_1-3_5265,10.09999999999998
P_1-3_80,P_2-1_2987,10.09999999999998
P_1-1-pt_1238,P_1-3_372,3.700000000000002
P_1-1-pt_1238,P_1-1-pt_6209,11.399999999999975
P_1-1-pt_1238,P_1-1-pt_6297,12.599999999999971
P_1-1-pt_1238,P_1-1-pt_6031,10.999999999999977
P_1-1-pt_1238,P_1-1-pt_255,10.899999999999977
P_1-1-pt_1238,P_1-1-pt_1108,10.899999999999977
P_1-1-pt_1238,P_1-1-pt_494,10.799999999999978
P_1-1-pt_1238,P_1-1-pt_2162,10.599999999999978
P_1-1-pt_1238,P_1-1-pt_5897,10.799999999999978
P_1-1-pt_1238,P_1-1-pt_3769,10.699999999999978
P_1-1-pt_1238,P_1-1-pt_4671,10.799999999999978
P_1-1-pt_1238,P_1-1-pt_1270,10.899999999999977
P_1-1-pt_1238,P_1-1-pt_4919,10.499999999999979
P_1-1-pt_1238,P_1-1-pt_1304,10.699999999999978
P_1-1-pt_1238,P_1-1-pt_4397,10.799999999999978
P_1-1-pt_1238,P_1-1-pt_8545,10.799999999999978
P_1-1-pt_1238,P_1-2_2702,17.199999999999974
P_1-1-pt_1238,P_1-1-pt_1542,8.899999999999984
P_1-1-pt_1238,P_1-1-pt_5941,10.599999999999978
P_1-1-pt_1238,P_1-1-pt_8718,10.29999999999998
P_1-1-pt_1238,P_1-1-pt_7114,12.599999999999971
P_1-1-pt_1238,P_1-1-pt_4850,11.299999999999976
P_1-1-pt_1238,P_1-2_2735,4.799999999999999
P_1-1-pt_1238,P_1-1-pt_8909,10.699999999999978
P_1-1-pt_1238,P_1-2_1502,4.200000000000001
P_1-1-veh_246,P_1-1-pt_1173,18.499999999999993
P_1-1-pt_7142,P_1-1-pt_6538,175.5999999999943
P_1-1-pt_7142,P_1-1-pt_1226,14.899999999999963
P_1-1-pt_7142,P_1-1-pt_8540,10.399999999999979
P_1-1-pt_7142,P_1-1-pt_2992,11.099999999999977
P_1-1-pt_7142,P_1-1-pt_7412,11.599999999999975
P_1-1-pt_7142,P_1-1-pt_5346,10.699999999999978
P_1-1-pt_7142,P_1-1-pt_5684,10.499999999999979
P_1-1-pt_7142,P_1-2_2715,8.399999999999986
P_1-1-pt_7142,P_1-1-pt_3021,11.899999999999974
P_1-1-pt_7142,P_1-1-pt_804,12.399999999999972
P_1-1-pt_7142,P_1-1-veh_65,9.099999999999984
P_1-1-pt_7142,P_1-1-pt_7835,11.499999999999975
P_1-1-pt_7142,P_1-1-pt_385,573.7000000000619
P_1-1-pt_7142,P_1-1-pt_7763,8.699999999999985
P_1-1-pt_8762,P_1-1-pt_1298,10.999999999999977
P_1-1-pt_8762,P_1-1-pt_3571,9.399999999999983
P_1-1-pt_8762,P_1-1-pt_3275,9.599999999999982
P_1-1-pt_8762,P_1-1-pt_1560,9.599999999999982
P_1-1-pt_8762,P_1-1-pt_1966,9.199999999999983
P_1-1-pt_8762,P_1-1-pt_1240,9.699999999999982
P_1-1-pt_8762,P_1-1-pt_4595,10.699999999999978
P_1-1-pt_8762,P_1-1-pt_8747,22.200000000000045
P_1-1-pt_8762,P_1-1-pt_3189,22.60000000000005
P_1-1-pt_8762,P_1-1-pt_5392,19.300000000000004
P_1-1-pt_8762,P_1-1-pt_1138,2030.9999999992483
P_1-1-pt_8762,P_1-1-pt_5457,18.599999999999994
P_1-1-pt_8762,P_1-1-pt_1981,2026.1999999992527
P_1-1-pt_8762,P_1-1-pt_6353,28.10000000000013
P_1-1-pt_5275,P_1-2_3488,15.499999999999961
P_1-1-pt_5275,P_1-1-pt_2129,20.200000000000017
P_1-1-pt_5275,P_1-1-pt_1039,20.200000000000017
P_1-1-pt_5275,P_1-1-pt_1700,20.100000000000016
P_1-1-pt_5275,P_1-1-pt_2782,20.200000000000017
P_1-1-pt_5275,P_1-3_2261,15.499999999999961
P_1-1-pt_5275,P_1-1-pt_413,20.100000000000016
P_1-1-pt_5275,P_1-1-pt_2854,20.200000000000017
P_1-1-pt_5275,P_1-1-pt_6602,20.100000000000016
P_1-1-pt_5275,P_1-1-pt_6335,20.200000000000017
P_1-1-pt_5275,P_1-3_186,9.099999999999984
P_1-1-pt_5275,P_1-2_3850,7.799999999999988
P_1-1-pt_5275,P_1-3_2683,7.799999999999988
P_1-1-pt_5275,P_1-1-pt_5452,10.09999999999998
P_1-1-pt_5275,P_1-1-pt_5152,9.99999999999998
P_1-1-pt_5275,P_1-2_3093,11.699999999999974
P_1-1-pt_1173,P_1-1-veh_246,18.499999999999993
P_1-1-pt_1173,P_1-2_3608,15.099999999999962
P_1-1-pt_1173,P_1-1-pt_7544,18.29999999999999
P_1-1-pt_1173,P_1-1-pt_821,1532.6999999997015
P_1-1-pt_1173,P_1-1-veh_894,2023.2999999992553
P_1-1-pt_6176,P_1-1-pt_5906,11.599999999999975
P_1-1-pt_6176,P_1-1-pt_7691,33.500000000000206
P_1-1-pt_6176,P_1-1-pt_3916,11.899999999999974
P_1-1-pt_6176,P_1-1-pt_2713,10.599999999999978
P_1-1-pt_6176,P_1-3_4690,3.900000000000002
P_1-1-pt_6176,P_1-1-pt_6548,21.80000000000004
P_1-1-pt_6176,P_1-1-pt_7573,9.399999999999983
P_1-1-pt_6176,P_1-1-pt_4988,9.399999999999983
P_1-1-pt_6176,P_1-1-pt_3220,41.40000000000032
P_1-1-pt_6176,P_1-1-pt_787,10.999999999999977
P_1-1-pt_6176,P_1-1-pt_5824,11.199999999999976
P_1-1-pt_6176,P_1-1-pt_297,11.199999999999976
P_1-1-pt_6176,P_1-1-pt_5137,10.399999999999979
P_1-1-pt_6176,P_1-1-pt_7806,10.999999999999977
P_1-1-pt_6176,P_1-1-pt_4996,10.899999999999977
P_1-2_2422,P_1-3_2076,8.499999999999986
P_1-2_2422,P_1-3_3787,8.299999999999986
P_1-2_3052,P_1-1-pt_527,10.399999999999979
P_1-2_3052,P_1-1-pt_4628,4.899999999999999
P_1-2_3052,P_1-2_4208,9.99999999999998
P_1-2_3052,P_1-3_3755,10.09999999999998
P_1-2_1420,P_1-2_4734,40.60000000000031
P_1-2_1420,P_1-2_4206,40.80000000000031
P_1-2_1420,P_1-3_1500,40.80000000000031
P_1-2_1420,P_1-3_3901,40.80000000000031
P_1-2_1420,P_1-3_228,32.9000000000002
P_1-2_1420,P_1-3_3776,40.90000000000031
P_1-2_1420,P_2-1_2161,40.60000000000031
P_1-2_1420,P_1-3_874,20.30000000000002
P_1-2_1420,P_1-3_1615,30.600000000000165
P_1-2_1420,P_1-2_5885,30.600000000000165
P_1-2_1420,P_1-3_5141,30.500000000000163
P_1-2_1420,P_2-1_3599,30.30000000000016
P_1-2_1420,P_1-3_2454,20.40000000000002
P_1-2_1420,P_2-1_6008,30.400000000000162
P_1-2_1420,P_1-2_1656,30.500000000000163
P_1-2_1420,P_1-2_1053,30.600000000000165
P_1-2_1420,P_2-1_2785,30.700000000000166
P_1-2_1420,P_1-2_5495,20.40000000000002
P_1-2_1420,P_1-2_4452,20.30000000000002
P_1-2_1420,P_1-3_3834,20.30000000000002
P_1-2_1420,P_1-3_1657,20.30000000000002
P_1-2_1420,P_1-2_3280,10.19999999999998
P_1-2_1420,P_1-3_3046,10.19999999999998
P_1-2_1420,P_1-3_3457,10.19999999999998
P_1-2_1420,P_1-3_372,10.19999999999998
P_1-2_1420,P_1-3_4168,10.19999999999998
P_1-2_1420,P_1-3_2053,10.09999999999998
P_1-2_1420,P_1-3_3054,10.19999999999998
P_1-2_1420,P_1-3_2256,10.29999999999998
P_1-2_1420,P_1-3_970,10.19999999999998
P_1-2_1420,P_1-3_5359,10.09999999999998
P_1-2_1420,P_1-3_2203,10.09999999999998
P_1-2_1420,P_1-3_2540,10.29999999999998
P_1-1-pt_6743,P_1-1-pt_521,30.400000000000162
P_1-1-pt_6743,P_1-1-pt_8280,31.200000000000173
P_1-1-pt_6743,P_1-1-pt_4262,9.99999999999998
P_1-1-pt_6743,P_1-1-pt_3207,32.9000000000002
P_1-1-pt_6743,P_1-1-pt_4879,9.299999999999983
P_1-1-pt_6743,P_1-1-pt_2369,125.99999999999712
P_1-1-pt_6743,P_1-1-pt_5167,28.500000000000135
P_1-1-pt_6743,P_1-1-pt_1747,22.000000000000043
P_1-1-pt_6743,P_1-1-pt_98,10.499999999999979
P_1-1-pt_6743,P_1-1-pt_8016,21.10000000000003
P_1-1-pt_6743,P_1-1-pt_3671,21.20000000000003
P_1-1-pt_6743,P_1-1-veh_302,144.79999999999606
P_1-1-pt_6743,P_1-1-pt_7243,31.00000000000017
P_1-1-pt_6743,P_1-1-pt_459,10.29999999999998
P_1-1-pt_6743,P_1-1-pt_1610,12.199999999999973
P_1-1-pt_6743,P_1-1-pt_3858,15.299999999999962
P_1-1-pt_6743,P_1-1-pt_5267,10.19999999999998
P_1-1-pt_6743,P_1-1-pt_8731,12.499999999999972
P_1-1-pt_6743,P_1-1-veh_610,8.399999999999986
P_1-1-pt_6743,P_1-1-pt_7355,5.699999999999996
P_1-1-pt_6743,P_1-1-pt_5173,10.399999999999979
P_1-1-pt_6743,P_1-1-pt_5170,17.099999999999973
P_1-1-pt_6743,P_1-1-pt_7881,7.799999999999988
P_1-1-pt_6743,P_1-1-pt_7447,19.60000000000001
P_1-1-pt_6743,P_1-1-pt_23,19.900000000000013
P_1-1-pt_6743,P_1-1-pt_8316,10.399999999999979
P_1-1-pt_6743,P_1-1-pt_1170,9.299999999999983
P_1-1-pt_6743,P_1-1-pt_3171,8.699999999999985
P_1-1-pt_6743,P_1-1-veh_767,7.799999999999988
P_1-1-pt_6743,P_1-1-pt_4345,9.99999999999998
P_1-1-pt_6743,P_1-1-pt_7304,17.099999999999973
P_1-1-pt_6743,P_1-1-pt_1853,8.499999999999986
P_1-1-pt_6743,P_1-1-pt_734,15.89999999999996
P_1-1-pt_6743,P_1-1-pt_2880,10.19999999999998
P_1-1-pt_6743,P_1-1-pt_3025,8.499999999999986
P_1-1-pt_6743,P_1-1-pt_7372,9.799999999999981
P_1-1-pt_6743,P_1-1-pt_571,9.89999999999998
P_1-1-pt_6743,P_1-1-pt_3230,9.89999999999998
P_1-1-pt_5199,P_1-1-pt_4996,20.40000000000002
P_1-1-pt_5199,P_1-1-pt_6809,21.80000000000004
P_1-1-pt_5199,P_1-1-pt_3386,10.799999999999978
P_1-1-pt_5199,P_1-1-pt_3067,20.30000000000002
P_1-1-pt_5199,P_1-1-pt_2218,10.09999999999998
P_1-1-pt_5199,P_1-1-pt_3964,20.000000000000014
P_1-1-pt_5199,P_1-1-veh_767,9.299999999999983
P_1-1-pt_5199,P_1-1-pt_776,12.399999999999972
P_1-1-pt_5199,P_1-1-pt_3128,11.599999999999975
P_1-1-pt_5199,P_1-1-pt_1226,10.799999999999978
P_1-1-pt_5199,P_1-1-pt_8540,10.899999999999977
P_1-1-pt_5199,P_1-1-pt_3021,11.399999999999975
P_1-1-pt_5199,P_1-1-pt_6931,10.699999999999978
P_1-1-pt_5199,P_1-1-pt_8435,16.599999999999966
P_1-1-pt_5199,P_1-1-pt_6031,12.599999999999971
P_1-1-pt_5199,P_1-1-pt_7459,12.99999999999997
P_1-1-pt_5199,P_1-1-pt_6413,11.299999999999976
P_1-1-pt_5199,P_1-1-pt_6397,12.99999999999997
P_1-1-pt_5199,P_1-1-pt_4672,10.499999999999979
P_1-1-pt_5199,P_1-1-pt_6242,10.699999999999978
P_1-1-pt_5199,P_1-1-pt_1296,11.699999999999974
P_1-1-pt_5199,P_1-1-pt_5142,11.099999999999977
P_1-1-pt_5199,P_1-1-pt_8861,11.299999999999976
P_1-1-pt_5199,P_1-1-pt_8562,18.29999999999999
P_1-1-pt_5199,P_1-1-pt_1449,12.099999999999973
P_1-1-pt_1296,P_1-2_1017,3.600000000000002
P_1-1-pt_1296,P_1-3_1292,3.800000000000002
P_1-1-pt_1296,P_1-2_2735,3.800000000000002
P_1-1-pt_1296,P_1-2_2036,3.900000000000002
P_1-1-pt_1296,P_1-1-veh_704,4.5
P_1-1-pt_1296,P_1-1-pt_3762,11.199999999999976
P_1-1-pt_1296,P_1-1-pt_8540,11.099999999999977
P_1-1-pt_1296,P_1-1-pt_2218,10.19999999999998
P_1-1-pt_1296,P_1-1-pt_2834,11.799999999999974
P_1-1-pt_1296,P_1-1-pt_6016,9.699999999999982
P_1-1-pt_1296,P_1-1-pt_5199,11.699999999999974
P_1-1-pt_1296,P_1-1-pt_4806,9.399999999999983
P_1-1-pt_1296,P_1-1-pt_6809,9.299999999999983
P_1-1-pt_1296,P_1-1-pt_8866,10.999999999999977
P_1-1-pt_1296,P_1-1-pt_6007,21.600000000000037
P_1-1-pt_1296,P_1-1-pt_3097,11.599999999999975
P_1-1-pt_1296,P_1-1-pt_761,11.299999999999976
P_1-1-pt_1296,P_1-1-pt_1544,20.50000000000002
P_1-1-pt_1296,P_1-1-pt_655,20.30000000000002
P_1-1-pt_1296,P_1-1-pt_5666,17.49999999999998
P_1-1-pt_1296,P_1-1-pt_2542,11.099999999999977
P_1-1-pt_1296,P_1-1-pt_8861,11.099999999999977
P_1-1-pt_1296,P_1-1-pt_1473,11.299999999999976
P_1-2_2554,P_1-3_3579,6.5999999999999925
P_1-1-pt_1298,P_1-1-pt_4671,9.399999999999983
P_1-1-pt_1298,P_1-1-pt_8762,10.999999999999977
P_1-1-pt_1298,P_1-1-pt_1798,9.499999999999982
P_1-1-pt_1298,P_1-1-pt_4097,181.99999999999395
P_1-3_3132,P_1-2_1805,9.99999999999998
P_1-3_3132,P_1-3_1863,9.99999999999998
P_2-1_4909,P_2-1_4748,20.900000000000027
P_2-1_4909,P_2-1_3829,10.09999999999998
P_1-1-pt_1966,P_1-1-pt_6031,10.799999999999978
P_1-1-pt_1966,P_1-1-pt_255,10.799999999999978
P_1-1-pt_1966,P_1-1-pt_1108,10.499999999999979
P_1-1-pt_1966,P_1-1-pt_494,10.899999999999977
P_1-1-pt_1966,P_1-1-pt_2162,10.799999999999978
P_1-1-pt_1966,P_1-1-pt_5897,10.799999999999978
P_1-1-pt_1966,P_1-1-pt_4671,10.899999999999977
P_1-1-pt_1966,P_1-1-pt_1270,9.299999999999983
P_1-1-pt_1966,P_1-1-pt_4919,10.799999999999978
P_1-1-pt_1966,P_1-1-pt_1304,10.599999999999978
P_1-1-pt_1966,P_1-1-pt_7863,10.799999999999978
P_1-1-pt_1966,P_1-1-pt_5193,10.799999999999978
P_1-1-pt_1966,P_1-1-pt_7325,10.999999999999977
P_1-1-pt_1966,P_1-1-pt_8137,10.599999999999978
P_1-1-pt_1966,P_1-1-pt_8762,9.199999999999983
P_1-1-pt_1966,P_1-1-pt_1138,9.499999999999982
P_1-1-pt_1966,P_1-1-pt_5457,10.899999999999977
P_1-1-pt_1966,P_1-1-pt_6672,10.899999999999977
P_1-1-pt_1966,P_1-1-pt_5499,9.199999999999983
P_1-1-pt_1966,P_1-1-pt_704,9.299999999999983
P_1-1-pt_1966,P_1-1-pt_812,9.599999999999982
P_1-1-pt_1966,P_1-3_5376,19.1
P_1-1-pt_1966,P_1-1-pt_8747,10.899999999999977
P_1-1-pt_1966,P_1-1-pt_7177,9.399999999999983
P_1-1-pt_1966,P_1-1-pt_3189,9.199999999999983
P_1-1-pt_1966,P_1-1-pt_1034,9.599999999999982
P_1-1-pt_1966,P_1-1-pt_6353,11.199999999999976
P_1-1-pt_1966,P_1-1-pt_4628,9.499999999999982
P_1-1-pt_1966,P_1-1-pt_3306,9.799999999999981
P_1-1-pt_1966,P_1-1-pt_5051,9.499999999999982
P_1-1-pt_1966,P_1-1-pt_281,9.299999999999983
P_1-1-pt_1966,P_1-1-pt_1660,9.499999999999982
P_1-1-pt_1966,P_1-1-pt_3275,10.999999999999977
P_1-1-pt_4736,P_1-1-pt_2369,42.80000000000034
P_1-1-pt_4736,P_1-1-pt_8016,20.800000000000026
P_1-1-pt_4736,P_1-1-pt_5167,33.2000000000002
P_1-1-pt_4736,P_1-1-pt_1020,11.299999999999976
P_1-1-pt_4736,P_1-1-pt_3858,19.1
P_1-1-pt_4736,P_1-1-pt_1747,33.3000000000002
P_1-1-pt_4736,P_1-1-pt_3671,28.90000000000014
P_1-1-pt_4736,P_1-1-pt_1497,26.1000000000001
P_1-1-pt_4736,P_1-1-pt_4589,8.799999999999985
P_1-1-pt_4736,P_1-1-pt_5267,10.999999999999977
P_1-1-pt_4736,P_1-1-pt_7381,8.699999999999985
P_1-1-pt_4736,P_1-1-pt_6771,8.799999999999985
P_1-1-pt_4736,P_1-1-pt_2194,9.499999999999982
P_1-1-pt_4736,P_1-1-pt_3207,22.100000000000044
P_1-1-pt_4736,P_1-1-pt_98,11.199999999999976
P_1-1-pt_4736,P_1-1-pt_3388,9.099999999999984
P_1-1-pt_4736,P_1-1-pt_2920,10.09999999999998
P_1-1-pt_4736,P_1-1-pt_6974,20.40000000000002
P_1-1-pt_4736,P_1-1-pt_1610,10.599999999999978
P_1-1-pt_4736,P_1-1-pt_1853,12.79999999999997
P_1-1-pt_4736,P_1-1-pt_459,19.70000000000001
P_1-1-pt_4736,P_1-1-pt_8728,8.299999999999986
P_1-1-pt_4736,P_1-1-pt_7355,11.199999999999976
P_1-1-pt_4736,P_1-2_250,7.699999999999989
P_1-1-pt_4736,P_1-1-pt_7208,12.299999999999972
P_1-1-pt_4736,P_1-1-pt_571,12.199999999999973
P_1-1-pt_4736,P_1-1-pt_3230,12.299999999999972
P_1-1-pt_4736,P_1-1-pt_824,12.299999999999972
P_1-1-pt_4736,P_1-2_659,3.900000000000002
P_1-1-pt_4736,P_1-1-pt_6671,29.300000000000146
P_1-1-pt_4736,P_1-1-pt_7243,10.29999999999998
P_1-1-pt_4736,P_1-1-pt_7447,8.499999999999986
P_1-1-pt_4736,P_1-1-pt_2880,13.799999999999967
P_1-1-pt_4736,P_1-1-pt_8280,11.599999999999975
P_1-1-pt_4736,P_1-1-pt_562,8.499999999999986
P_1-2_1953,P_2-1_4738,8.399999999999986
P_1-2_1953,P_1-1-pt_480,16.89999999999997
P_1-3_5354,P_1-3_3626,10.09999999999998
P_1-3_5354,P_2-1_4930,9.199999999999983
P_1-3_5354,P_1-3_4587,10.09999999999998
P_1-3_5354,P_1-3_2076,19.900000000000013
P_1-3_5354,P_1-2_471,2.0000000000000004
P_1-3_5354,P_1-2_2590,0.9999999999999999
P_1-3_5354,P_1-3_4996,9.99999999999998
P_1-3_5354,P_1-2_5092,0.8999999999999999
P_1-3_5354,P_1-3_2180,10.09999999999998
P_2-1_2136,P_1-1-pt_2529,7.899999999999988
P_2-1_2136,P_1-1-pt_6297,9.099999999999984
P_2-1_2136,P_1-1-pt_5876,5.599999999999996
P_1-1-pt_6538,P_1-1-pt_7142,175.5999999999943
P_1-1-pt_6538,P_1-1-veh_234,7.799999999999988
P_1-1-pt_6538,P_1-1-pt_5078,8.499999999999986
P_1-1-pt_6538,P_1-1-pt_761,8.699999999999985
P_1-1-pt_6538,P_1-1-pt_1020,9.399999999999983
P_1-1-pt_6538,P_1-1-pt_3425,17.399999999999977
P_1-1-pt_6538,P_1-1-pt_7205,16.89999999999997
P_1-1-pt_5193,P_1-3_2484,8.699999999999985
P_1-1-pt_5193,P_1-1-pt_3275,9.399999999999983
P_1-1-pt_5193,P_1-1-pt_1560,9.299999999999983
P_1-1-pt_5193,P_1-1-pt_1966,10.799999999999978
P_1-1-pt_5193,P_1-1-pt_5906,10.699999999999978
P_1-1-pt_5193,P_1-1-pt_3128,10.699999999999978
P_1-1-pt_5193,P_1-1-pt_1226,10.399999999999979
P_1-1-pt_5193,P_1-1-pt_3624,10.19999999999998
P_1-1-pt_5193,P_1-1-pt_2992,10.899999999999977
P_1-1-pt_5193,P_1-1-pt_3214,10.799999999999978
P_1-1-pt_5193,P_1-1-pt_7412,10.899999999999977
P_1-1-pt_5193,P_1-1-pt_5066,10.999999999999977
P_1-1-pt_5193,P_1-1-pt_5346,10.799999999999978
P_1-1-pt_5193,P_1-1-pt_3046,11.199999999999976
P_1-1-pt_5193,P_1-1-veh_792,1.0999999999999999
P_1-1-pt_5193,P_1-1-pt_8586,13.599999999999968
P_1-1-pt_5193,P_1-1-pt_8562,15.59999999999996
P_1-1-pt_5193,P_1-1-pt_6453,10.19999999999998
P_1-1-pt_5193,P_1-1-pt_7213,10.799999999999978
P_1-1-pt_5193,P_1-1-pt_8545,1835.8999999994257
P_1-2_5252,P_1-1-pt_4940,13.799999999999967
P_1-2_5252,P_1-1-pt_7388,94.79999999999889
P_1-2_5252,P_1-1-pt_4855,277.4999999999946
P_1-2_5252,P_1-1-pt_3573,18.599999999999994
P_1-2_5252,P_1-2_2026,3.800000000000002
P_1-3_4666,P_1-2_4791,8.499999999999986
P_1-3_4666,P_1-3_2010,20.700000000000024
P_1-3_4666,P_1-2_78,4.799999999999999
P_1-1-veh_407,P_1-1-pt_7594,4.899999999999999
P_1-1-veh_407,P_1-1-pt_7901,3.700000000000002
P_1-1-veh_407,P_1-1-pt_6516,7.799999999999988
P_1-3_3793,P_1-3_2278,8.599999999999985
P_1-3_3793,P_1-3_870,10.09999999999998
P_1-3_3793,P_1-3_3926,10.09999999999998
P_1-3_3793,P_1-1-pt_1189,7.799999999999988
P_1-3_3793,P_1-3_1539,10.19999999999998
P_1-2_4098,P_1-2_3716,10.699999999999978
P_1-1-pt_6292,P_1-3_2386,15.69999999999996
P_1-1-pt_6292,P_1-2_5428,1122.9000000000742
P_1-3_1027,P_1-1-pt_5139,7.599999999999989
P_1-2_1533,P_1-2_4791,9.099999999999984
P_1-2_1533,P_1-3_2010,8.199999999999987
P_1-2_1533,P_1-3_5578,8.199999999999987
P_1-2_1533,P_1-3_635,8.199999999999987
P_1-2_1533,P_1-2_78,9.699999999999982
P_1-2_1533,P_1-3_204,10.499999999999979
P_1-2_1533,P_1-1-pt_2129,17.69999999999998
P_1-2_1533,P_1-3_4313,10.09999999999998
P_1-2_1533,P_1-3_2604,10.19999999999998
P_1-2_1533,P_1-3_75,10.29999999999998
P_1-2_1533,P_1-2_4257,10.19999999999998
P_1-2_1533,P_1-3_520,10.09999999999998
P_1-3_228,P_1-2_4734,40.60000000000031
P_1-3_228,P_1-2_4206,40.80000000000031
P_1-3_228,P_1-3_1500,40.400000000000304
P_1-3_228,P_1-3_3901,40.60000000000031
P_1-3_228,P_1-2_1420,32.9000000000002
P_1-3_228,P_1-3_3776,40.80000000000031
P_1-3_228,P_2-1_2161,40.60000000000031
P_1-3_228,P_1-3_874,20.30000000000002
P_1-3_228,P_1-3_1615,30.500000000000163
P_1-3_228,P_1-2_5885,30.500000000000163
P_1-3_228,P_1-3_5141,30.400000000000162
P_1-3_228,P_2-1_3599,30.500000000000163
P_1-3_228,P_1-3_2454,20.200000000000017
P_1-3_228,P_2-1_6008,30.500000000000163
P_1-3_228,P_1-2_1656,30.600000000000165
P_1-3_228,P_1-2_1053,30.500000000000163
P_1-3_228,P_2-1_2785,30.400000000000162
P_1-3_228,P_1-2_5495,20.30000000000002
P_1-3_228,P_1-2_4452,20.40000000000002
P_1-3_228,P_1-3_3834,20.30000000000002
P_1-3_228,P_1-3_1657,20.40000000000002
P_1-3_228,P_1-2_3280,10.19999999999998
P_1-3_228,P_1-3_3046,10.19999999999998
P_1-3_228,P_1-3_3457,10.09999999999998
P_1-3_228,P_1-3_372,10.09999999999998
P_1-3_228,P_1-3_4168,10.19999999999998
P_1-3_228,P_1-3_2053,10.19999999999998
P_1-3_228,P_1-3_3054,10.19999999999998
P_1-3_228,P_1-3_2256,10.09999999999998
P_1-3_228,P_1-3_970,10.09999999999998
P_1-3_228,P_1-3_5359,10.09999999999998
P_1-3_228,P_1-3_2203,10.19999999999998
P_1-3_228,P_1-3_2540,11.199999999999976
P_1-2_5752,P_1-2_3821,123.59999999999725
P_1-2_5752,P_1-2_2580,123.59999999999725
P_1-2_5752,P_1-3_4738,123.29999999999727
P_1-2_5752,P_1-2_3464,113.29999999999784
P_1-2_5752,P_1-2_2797,113.29999999999784
P_1-2_5752,P_1-1-veh_837,113.29999999999784
P_1-2_5752,P_2-1_2028,77.0999999999999
P_1-2_5752,P_1-2_2080,92.29999999999903
P_1-2_5752,P_2-1_857,92.69999999999901
P_1-2_5752,P_1-2_4646,92.69999999999901
P_1-2_5752,P_2-1_2626,51.50000000000046
P_1-2_5752,P_2-1_4458,1152.6000000000472
P_1-2_5752,P_1-2_2767,1081.2000000001121
P_1-2_5752,P_1-2_2470,72.00000000000018
P_1-2_5752,P_1-3_1755,72.00000000000018
P_1-2_5752,P_2-1_6106,72.00000000000018
P_1-2_5752,P_1-3_1002,71.8000000000002
P_1-2_5752,P_1-3_2501,40.90000000000031
P_1-2_5752,P_1-3_3231,71.8000000000002
P_1-2_5752,P_2-1_3205,30.800000000000168
P_1-2_5752,P_1-2_2625,30.90000000000017
P_1-2_5752,P_2-1_1443,10.29999999999998
P_1-2_5752,P_1-2_3210,145.999999999996
P_1-1-pt_2425,P_1-2_1285,839.4000000001223
P_1-1-pt_2425,P_1-1-pt_6189,8.499999999999986
P_1-1-pt_2425,P_2-1_2911,1037.5000000001519
P_1-1-pt_2425,P_1-1-pt_1601,10.09999999999998
P_1-3_990,P_1-2_1017,4.699999999999999
P_1-3_990,P_1-2_2543,19.60000000000001
P_1-3_990,P_1-1-pt_696,10.399999999999979
P_1-3_990,P_1-1-pt_1766,10.399999999999979
P_1-1-pt_1167,P_1-1-pt_8375,80.29999999999971
P_1-1-pt_1167,P_1-1-pt_2431,8.599999999999985
P_1-1-pt_1167,P_1-1-pt_1204,1101.6000000000936
P_1-1-pt_5241,P_1-1-pt_5143,9.499999999999982
P_1-1-pt_5241,P_1-2_3693,5.899999999999995
P_1-1-pt_5241,P_1-2_568,1564.2999999996728
P_1-1-pt_5241,P_1-1-pt_7071,20.100000000000016
P_1-1-veh_152,P_1-1-pt_4262,3.700000000000002
P_1-1-veh_152,P_1-2_4181,10.699999999999978
P_1-3_874,P_1-1-pt_560,97.9999999999987
P_1-3_874,P_1-2_4734,20.40000000000002
P_1-3_874,P_1-2_4206,20.40000000000002
P_1-3_874,P_1-3_1500,20.200000000000017
P_1-3_874,P_1-3_3901,20.30000000000002
P_1-3_874,P_1-2_1420,20.30000000000002
P_1-3_874,P_1-3_228,20.30000000000002
P_1-3_874,P_1-3_3776,30.500000000000163
P_1-3_874,P_2-1_2161,30.400000000000162
P_1-3_874,P_1-3_1615,10.09999999999998
P_1-3_874,P_1-2_5885,10.19999999999998
P_1-3_874,P_1-3_5141,10.19999999999998
P_1-3_874,P_2-1_3599,10.19999999999998
P_1-3_874,P_1-3_2454,10.19999999999998
P_1-3_874,P_2-1_6008,10.09999999999998
P_1-3_874,P_1-2_1656,10.19999999999998
P_1-3_874,P_1-2_1053,10.09999999999998
P_1-3_874,P_2-1_2785,10.19999999999998
P_1-3_874,P_1-2_5495,20.30000000000002
P_1-3_874,P_1-2_4452,20.30000000000002
P_1-3_874,P_1-3_3834,20.30000000000002
P_1-3_874,P_1-3_1657,20.30000000000002
P_1-3_874,P_1-3_1243,97.9999999999987
P_1-1-pt_5897,P_1-1-pt_3275,11.099999999999977
P_1-1-pt_5897,P_1-1-pt_1560,11.299999999999976
P_1-1-pt_5897,P_1-1-pt_1966,10.799999999999978
P_1-1-pt_5897,P_1-1-pt_5906,10.499999999999979
P_1-1-pt_5897,P_1-1-pt_1238,10.799999999999978
P_1-1-pt_5897,P_1-1-pt_3916,10.699999999999978
P_1-1-pt_5897,P_1-1-pt_3128,10.699999999999978
P_1-1-pt_5897,P_1-1-pt_1226,10.699999999999978
P_1-1-pt_5897,P_1-1-pt_3409,10.09999999999998
P_1-1-pt_5897,P_1-1-pt_3624,9.99999999999998
P_1-1-pt_5897,P_1-1-pt_2992,10.799999999999978
P_1-1-pt_5897,P_1-1-pt_3214,9.99999999999998
P_1-1-pt_5897,P_1-1-pt_7412,11.399999999999975
P_1-1-pt_5897,P_1-1-pt_6242,9.199999999999983
P_1-1-pt_5897,P_1-1-pt_5066,10.699999999999978
P_1-1-pt_5897,P_1-1-pt_5346,10.699999999999978
P_1-1-pt_5897,P_1-1-pt_3046,11.299999999999976
P_1-1-pt_5897,P_1-1-pt_1354,12.199999999999973
P_1-1-pt_5897,P_1-1-pt_1473,10.799999999999978
P_1-1-pt_5897,P_1-1-pt_3700,12.69999999999997
P_1-1-pt_5897,P_1-1-pt_357,12.499999999999972
P_1-1-pt_5897,P_1-1-pt_234,9.499999999999982
P_1-1-pt_5897,P_1-1-pt_6297,10.999999999999977
P_1-1-pt_5897,P_1-1-pt_6209,11.399999999999975
P_1-1-pt_5897,P_1-1-pt_7459,10.899999999999977
P_1-1-pt_5897,P_1-1-pt_385,9.299999999999983
P_1-1-pt_5897,P_1-1-pt_3769,2221.699999999075
P_1-1-pt_5897,P_1-1-pt_3910,10.899999999999977
P_1-1-pt_5897,P_1-1-pt_5790,10.699999999999978
P_1-1-pt_5897,P_1-1-pt_7760,10.799999999999978
P_1-1-pt_5897,P_1-1-pt_620,11.099999999999977
P_1-1-pt_5897,P_1-1-pt_2262,10.499999999999979
P_1-1-pt_5897,P_1-1-pt_804,11.299999999999976
P_1-1-pt_5897,P_1-1-pt_3021,14.899999999999963
P_1-3_5451,P_1-1-pt_8085,9.199999999999983
P_1-3_5451,P_1-1-pt_4407,14.399999999999965
P_1-3_5451,P_1-1-pt_4212,3.700000000000002
P_1-3_5451,P_1-1-pt_1601,7.999999999999988
P_2-1_3664,P_1-2_2215,6.199999999999994
P_2-1_3664,P_1-3_2180,10.599999999999978
P_2-1_3664,P_1-1-pt_941,10.19999999999998
P_2-1_2925,P_1-1-pt_1329,2.1000000000000005
P_2-1_2925,P_1-1-pt_4879,3.700000000000002
P_2-1_2925,P_1-1-pt_6453,9.99999999999998
P_2-1_2925,P_1-1-pt_868,9.799999999999981
P_2-1_2925,P_1-1-pt_7881,9.99999999999998
P_2-1_2925,P_1-1-pt_3957,69.9000000000003
P_2-1_2925,P_1-1-pt_7691,7.899999999999988
P_2-1_2925,P_1-1-pt_4071,19.80000000000001
P_2-1_2925,P_1-1-pt_2187,9.699999999999982
P_2-1_2925,P_1-1-pt_7213,9.89999999999998
P_2-1_2925,P_1-1-pt_494,9.699999999999982
P_2-1_2925,P_1-1-pt_2162,9.599999999999982
P_1-1-pt_3671,P_1-1-pt_5167,235.99999999999088
P_1-1-pt_3671,P_1-1-pt_4262,11.199999999999976
P_1-1-pt_3671,P_1-1-pt_1747,216.89999999999196
P_1-1-pt_3671,P_1-1-pt_6974,226.5999999999914
P_1-1-pt_3671,P_1-1-pt_98,114.79999999999775
P_1-1-pt_3671,P_1-1-pt_3207,56.90000000000054
P_1-1-pt_3671,P_1-1-pt_1497,62.200000000000614
P_1-1-pt_3671,P_1-1-pt_8016,31.800000000000182
P_1-1-pt_3671,P_1-1-veh_51,3.800000000000002
P_1-1-pt_3671,P_1-1-pt_6743,21.20000000000003
P_1-1-pt_3671,P_1-1-pt_296,10.799999999999978
P_1-1-pt_3671,P_1-1-pt_3858,63.30000000000063
P_1-1-pt_3671,P_1-1-pt_562,20.30000000000002
P_1-1-pt_3671,P_1-1-pt_1020,11.899999999999974
P_1-1-pt_3671,P_1-1-pt_4736,28.90000000000014
P_1-1-pt_3671,P_1-1-pt_5267,55.00000000000051
P_1-1-pt_3671,P_1-1-pt_521,44.700000000000365
P_1-1-pt_3671,P_1-1-pt_1610,167.0999999999948
P_1-1-pt_3671,P_1-1-pt_2708,20.900000000000027
P_1-1-pt_3671,P_1-1-pt_7243,35.70000000000024
P_1-1-pt_3671,P_1-1-pt_1963,11.799999999999974
P_1-1-pt_3671,P_1-1-pt_2194,10.09999999999998
P_1-1-pt_3671,P_1-1-pt_3388,9.89999999999998
P_1-1-pt_3671,P_1-1-pt_2920,9.699999999999982
P_1-1-pt_3671,P_1-1-pt_4070,11.399999999999975
P_1-1-pt_3671,P_1-1-pt_2880,22.800000000000054
P_1-1-pt_3671,P_1-1-pt_4345,24.300000000000075
P_1-1-pt_3671,P_1-1-pt_8731,9.99999999999998
P_1-1-pt_3671,P_1-1-pt_7355,11.399999999999975
P_1-1-pt_3671,P_1-1-pt_5173,10.19999999999998
P_1-1-pt_3671,P_1-1-pt_7447,44.20000000000036
P_1-1-pt_3671,P_1-1-pt_7881,132.29999999999677
P_1-1-pt_3671,P_1-1-pt_7372,11.899999999999974
P_1-1-pt_3671,P_1-1-pt_8316,10.599999999999978
P_1-1-pt_3671,P_1-1-pt_7573,10.999999999999977
P_1-1-pt_3671,P_1-1-pt_1995,10.399999999999979
P_1-1-pt_3671,P_1-1-pt_2013,10.899999999999977
P_1-1-pt_8611,P_1-1-pt_5909,1605.4999999996353
P_1-1-pt_8611,P_1-2_4249,9.699999999999982
P_1-1-pt_8611,P_1-3_2424,7.999999999999988
P_1-3_3076,P_1-1-pt_8384,7.29999999999999
P_1-3_3076,P_1-1-pt_8548,10.399999999999979
P_1-3_3076,P_1-1-pt_1723,3.700000000000002
P_1-3_3076,P_1-3_743,20.100000000000016
P_1-3_3076,P_1-3_2599,10.09999999999998
P_1-3_3076,P_1-2_5745,10.09999999999998
P_1-3_3076,P_1-1-pt_8289,7.799999999999988
P_1-3_3076,P_1-1-pt_8735,7.799999999999988
P_1-3_3076,P_1-2_4266,9.99999999999998
P_1-3_3076,P_1-2_5753,10.09999999999998
P_1-3_3076,P_2-1_1211,10.09999999999998
P_1-3_3076,P_1-1-pt_182,7.799999999999988
P_1-3_3076,P_1-2_4947,10.09999999999998
P_1-3_3076,P_1-3_4289,10.09999999999998
P_1-3_3076,P_1-3_5600,10.09999999999998
P_1-3_3076,P_2-1_2749,10.09999999999998
P_1-3_3076,P_1-1-pt_1639,7.699999999999989
P_1-3_3076,P_1-2_186,9.99999999999998
P_1-3_3076,P_1-2_1458,10.09999999999998
P_1-3_3076,P_1-1-pt_984,12.399999999999972
P_1-3_3076,P_1-2_5374,10.29999999999998
P_1-3_3076,P_1-2_4104,10.29999999999998
P_1-3_3076,P_1-2_5054,10.19999999999998
P_1-1-pt_8068,P_1-3_5578,6.099999999999994
P_1-1-pt_8068,P_1-3_795,20.200000000000017
P_1-1-pt_8068,P_1-1-pt_3700,10.899999999999977
P_1-1-pt_8068,P_1-1-pt_357,11.099999999999977
P_1-1-pt_8068,P_1-1-pt_1940,11.799999999999974
P_1-1-pt_8068,P_1-1-pt_6031,23.20000000000006
P_1-1-pt_8068,P_1-1-pt_2533,8.599999999999985
P_2-1_3058,P_1-1-pt_3922,3.700000000000002
P_2-1_3058,P_1-3_2180,10.399999999999979
P_2-1_3058,P_1-1-pt_941,10.19999999999998
P_2-1_1463,P_1-2_4853,10.29999999999998
P_2-1_1463,P_2-1_6130,10.699999999999978
P_1-3_2076,P_1-2_3378,0.30000000000000004
P_1-3_2076,P_1-2_3077,0.2
P_1-3_2076,P_1-3_2180,9.99999999999998
P_1-3_2076,P_1-2_471,0.8999999999999999
P_1-3_2076,P_1-3_3626,20.40000000000002
P_1-3_2076,P_1-2_1672,10.29999999999998
P_1-3_2076,P_1-2_2422,8.499999999999986
P_1-3_2076,P_1-2_2590,1.9000000000000006
P_1-3_2076,P_1-2_5092,2.0000000000000004
P_1-3_2076,P_1-3_5354,19.900000000000013
P_1-3_2076,P_1-3_4587,9.99999999999998
P_1-3_2076,P_1-3_4996,9.99999999999998
P_1-3_5020,P_1-1-pt_2342,3.600000000000002
P_1-3_5020,P_1-3_4291,20.30000000000002
P_1-3_5020,P_1-2_2215,20.40000000000002
P_1-3_5020,P_1-3_4503,20.100000000000016
P_1-3_5020,P_1-2_3444,20.100000000000016
P_1-3_5020,P_1-2_5935,10.09999999999998
P_1-3_5020,P_1-2_3432,10.09999999999998
P_1-3_5020,P_1-3_3889,10.19999999999998
P_1-3_5020,P_1-2_2792,10.19999999999998
P_1-3_5020,P_1-2_2306,10.19999999999998
P_1-2_1658,P_1-1-pt_166,9.89999999999998
P_1-2_1658,P_1-2_3887,28.300000000000132
P_1-1-pt_6516,P_1-3_962,7.999999999999988
P_1-1-pt_6516,P_1-2_829,7.799999999999988
P_1-1-pt_6516,P_1-1-veh_407,7.799999999999988
P_1-2_505,P_1-1-pt_4901,38.10000000000027
P_1-2_505,P_1-1-pt_3700,7.599999999999989
P_1-2_505,P_1-1-pt_7806,4.6
P_1-3_2985,P_1-1-pt_7732,3.600000000000002
P_1-3_2985,P_1-2_3386,0.6
P_1-3_2985,P_1-2_3575,7.799999999999988
P_1-2_2613,P_1-3_220,2.700000000000001
P_2-1_3944,P_1-1-pt_2854,10.599999999999978
P_2-1_3944,P_1-1-pt_6602,9.399999999999983
P_2-1_3944,P_1-2_4388,20.30000000000002
P_1-1-pt_8280,P_1-1-pt_6743,31.200000000000173
P_1-1-pt_8280,P_1-1-pt_2880,31.60000000000018
P_1-1-pt_8280,P_1-1-pt_521,43.60000000000035
P_1-1-pt_8280,P_1-1-pt_3207,43.10000000000034
P_1-1-pt_8280,P_1-1-pt_571,22.100000000000044
P_1-1-pt_8280,P_1-1-pt_3230,22.50000000000005
P_1-1-pt_8280,P_1-1-pt_8016,45.400000000000375
P_1-1-pt_8280,P_1-1-pt_2194,9.799999999999981
P_1-1-pt_8280,P_1-1-pt_5666,19.80000000000001
P_1-1-pt_8280,P_1-1-pt_1853,30.90000000000017
P_1-1-pt_8280,P_1-1-pt_8731,10.699999999999978
P_1-1-pt_8280,P_1-1-veh_610,3.600000000000002
P_1-1-pt_8280,P_1-1-pt_7243,33.2000000000002
P_1-1-pt_8280,P_1-1-pt_23,32.000000000000185
P_1-1-pt_8280,P_1-1-pt_4345,24.00000000000007
P_1-1-pt_8280,P_1-1-pt_7355,12.199999999999973
P_1-1-pt_8280,P_1-1-pt_5173,10.399999999999979
P_1-1-pt_8280,P_1-1-pt_5170,10.599999999999978
P_1-1-pt_8280,P_1-1-pt_2369,10.399999999999979
P_1-1-pt_8280,P_1-1-pt_7881,10.499999999999979
P_1-1-pt_8280,P_1-1-pt_7447,20.800000000000026
P_1-1-pt_8280,P_1-1-pt_8316,9.99999999999998
P_1-1-pt_8280,P_1-1-veh_767,3.4000000000000017
P_1-1-pt_8280,P_1-1-pt_7372,10.499999999999979
P_1-1-pt_8280,P_1-1-pt_4736,11.599999999999975
P_1-1-pt_8280,P_1-1-pt_3025,10.499999999999979
P_1-2_5020,P_1-2_3378,20.200000000000017
P_1-2_5020,P_1-2_3077,20.200000000000017
P_1-2_5020,P_1-2_423,19.0
P_1-2_5020,P_1-2_471,10.09999999999998
P_1-2_5020,P_1-3_1588,8.099999999999987
P_1-2_5020,P_1-2_5805,10.09999999999998
P_1-2_5020,P_1-2_2590,10.19999999999998
P_1-2_5020,P_2-1_782,8.099999999999987
P_1-2_5020,P_1-2_3919,8.099999999999987
P_1-2_5020,P_1-2_5092,10.09999999999998
P_1-2_5020,P_1-2_3614,8.099999999999987
P_1-2_5020,P_1-3_4587,0.30000000000000004
P_1-2_5020,P_1-2_1633,6.999999999999991
P_1-2_5020,P_1-3_5318,0.6
P_1-2_5020,P_1-2_5927,9.299999999999983
P_1-2_5020,P_1-2_3214,8.299999999999986
P_1-1-pt_6381,P_1-2_1435,7.799999999999988
P_1-1-pt_6381,P_1-1-pt_4474,10.699999999999978
P_1-1-pt_6381,P_1-1-pt_7277,10.19999999999998
P_1-1-pt_6381,P_1-1-pt_6991,9.99999999999998
P_1-1-pt_6381,P_1-2_87,8.199999999999987
P_1-1-pt_6381,P_2-1_2293,9.099999999999984
P_1-1-pt_6381,P_1-1-pt_7638,8.799999999999985
P_1-1-pt_6381,P_1-1-pt_1669,8.799999999999985
P_1-2_3464,P_1-2_3821,123.59999999999725
P_1-2_3464,P_1-2_2580,122.39999999999732
P_1-2_3464,P_1-3_4738,122.7999999999973
P_1-2_3464,P_1-2_5752,113.29999999999784
P_1-2_3464,P_1-2_2797,113.19999999999784
P_1-2_3464,P_1-1-veh_837,113.29999999999784
P_1-2_3464,P_2-1_2028,71.8000000000002
P_1-2_3464,P_1-2_2080,124.3999999999972
P_1-2_3464,P_2-1_857,92.49999999999902
P_1-2_3464,P_1-2_4646,91.79999999999906
P_1-2_3464,P_2-1_2626,51.50000000000046
P_1-2_3464,P_2-1_4458,116.69999999999764
P_1-2_3464,P_1-2_3210,82.3999999999996
P_1-2_3464,P_1-2_2767,51.40000000000046
P_1-2_3464,P_1-2_2470,61.70000000000061
P_1-2_3464,P_1-3_1755,72.00000000000018
P_1-2_3464,P_2-1_6106,71.90000000000019
P_1-2_3464,P_1-3_1002,71.40000000000022
P_1-2_3464,P_1-3_2501,41.100000000000314
P_1-2_3464,P_1-3_3231,61.600000000000605
P_1-2_3464,P_2-1_3205,30.90000000000017
P_1-2_3464,P_1-2_2625,31.00000000000017
P_1-1-pt_3097,P_1-1-pt_4996,19.900000000000013
P_1-1-pt_3097,P_1-1-pt_6809,18.499999999999993
P_1-1-pt_3097,P_1-1-pt_3386,9.199999999999983
P_1-1-pt_3097,P_1-1-pt_3067,20.800000000000026
P_1-1-pt_3097,P_1-1-pt_2218,18.599999999999994
P_1-1-pt_3097,P_1-1-pt_3964,21.400000000000034
P_1-1-pt_3097,P_1-1-pt_6209,10.799999999999978
P_1-1-pt_3097,P_1-1-pt_3916,11.099999999999977
P_1-1-pt_3097,P_1-1-pt_8027,21.500000000000036
P_1-1-pt_3097,P_1-1-pt_2713,20.900000000000027
P_1-1-pt_3097,P_1-1-pt_5824,10.19999999999998
P_1-1-pt_3097,P_1-1-pt_6548,11.099999999999977
P_1-1-pt_3097,P_1-1-pt_5066,10.999999999999977
P_1-1-pt_3097,P_1-1-pt_7304,522.8000000000503
P_1-1-pt_3097,P_1-1-pt_734,321.4000000000046
P_1-1-pt_3097,P_1-1-pt_255,10.699999999999978
P_1-1-pt_3097,P_1-1-pt_6413,11.299999999999976
P_1-1-pt_3097,P_1-1-pt_4672,11.499999999999975
P_1-1-pt_3097,P_1-1-pt_1296,11.599999999999975
P_1-1-pt_3097,P_1-1-pt_2542,11.399999999999975
P_1-1-pt_3097,P_1-1-pt_5142,10.999999999999977
P_1-1-pt_3097,P_1-1-pt_8861,11.299999999999976
P_1-1-pt_3097,P_1-1-pt_8562,11.099999999999977
P_1-1-pt_3097,P_1-1-pt_1449,12.099999999999973
P_1-1-pt_3097,P_1-1-pt_1430,10.599999999999978
P_1-1-pt_3097,P_1-1-pt_8435,903.7000000001369
P_1-1-pt_3097,P_1-1-pt_2834,9.699999999999982
P_1-1-pt_3097,P_1-3_2221,33.400000000000205
P_1-1-pt_1306,P_1-2_3413,382.1000000000184
P_1-1-pt_1306,P_1-1-pt_6368,27.800000000000125
P_1-1-pt_1306,P_1-1-pt_6353,11.199999999999976
P_1-1-pt_1306,P_1-2_4208,17.299999999999976
P_1-1-pt_1306,P_1-3_3755,19.900000000000013
P_1-1-pt_1306,P_1-1-pt_8681,10.699999999999978
P_2-1_1609,P_1-2_5369,40.0000000000003
P_2-1_1609,P_1-3_1863,9.99999999999998
P_2-1_1609,P_2-1_2570,30.20000000000016
P_2-1_1609,P_1-2_1923,10.09999999999998
P_1-1-pt_8968,P_1-1-pt_3055,44.700000000000365
P_1-1-pt_8968,P_1-2_3088,3.800000000000002
P_1-1-pt_8968,P_1-1-pt_5580,10.699999999999978
P_1-1-pt_8968,P_1-1-pt_2961,22.900000000000055
P_1-1-pt_8968,P_1-1-pt_1232,20.30000000000002
P_1-1-pt_8968,P_1-1-pt_3229,9.99999999999998
P_1-2_3590,P_1-1-pt_3931,5.1999999999999975
P_1-2_3590,P_1-1-pt_8282,5.299999999999997
P_1-2_3590,P_1-1-pt_3353,7.19999999999999
P_1-2_3590,P_1-1-pt_842,5.299999999999997
P_1-2_3590,P_1-1-pt_7890,5.4999999999999964
P_1-1-pt_1420,P_1-1-pt_4262,10.599999999999978
P_1-1-pt_1420,P_1-2_2795,13.599999999999968
P_1-1-pt_1420,P_1-1-pt_8247,807.100000000115
P_1-1-pt_4645,P_1-2_593,15.499999999999961
P_1-1-pt_4645,P_1-1-pt_5082,10.09999999999998
P_1-1-pt_4645,P_1-2_2160,32.20000000000019
P_1-1-pt_4645,P_1-2_5943,5.099999999999998
P_1-2_4962,P_1-1-pt_527,1907.5999999993605
P_1-2_315,P_1-1-pt_192,5.399999999999997
P_1-2_3708,P_1-2_168,10.09999999999998
P_1-2_3708,P_2-1_595,12.89999999999997
P_1-2_3708,P_2-1_3797,10.09999999999998
P_1-2_3708,P_2-1_4012,16.599999999999966
P_1-2_3708,P_2-1_3175,4.5
P_1-2_3708,P_2-1_2291,8.299999999999986
P_1-1-pt_6358,P_1-1-pt_4739,8.499999999999986
P_1-1-pt_6358,P_1-1-pt_4212,11.299999999999976
P_1-1-pt_6358,P_2-1_247,3.700000000000002
P_1-1-pt_6358,P_1-3_3139,3.600000000000002
P_1-1-pt_6358,P_1-2_5254,3.600000000000002
P_1-1-pt_6358,P_1-1-veh_429,3.700000000000002
P_1-1-pt_6358,P_1-2_3356,3.800000000000002
P_1-1-pt_6358,P_2-1_4232,3.600000000000002
P_1-1-pt_5666,P_1-1-pt_2194,7.599999999999989
P_1-1-pt_5666,P_1-1-pt_571,19.80000000000001
P_1-1-pt_5666,P_1-1-pt_3230,19.60000000000001
P_1-1-pt_5666,P_1-1-pt_8016,20.200000000000017
P_1-1-pt_5666,P_1-1-pt_8280,19.80000000000001
P_1-1-pt_5666,P_1-1-pt_7243,22.50000000000005
P_1-1-pt_5666,P_1-1-pt_3207,325.4000000000055
P_1-1-pt_5666,P_1-1-pt_521,20.40000000000002
P_1-1-pt_5666,P_1-1-pt_4879,21.400000000000034
P_1-1-pt_5666,P_1-1-pt_3388,10.09999999999998
P_1-1-pt_5666,P_1-1-pt_2920,10.399999999999979
P_1-1-pt_5666,P_1-1-pt_1853,8.399999999999986
P_1-1-pt_5666,P_1-1-pt_8731,8.399999999999986
P_1-1-pt_5666,P_1-1-veh_610,7.899999999999988
P_1-1-pt_5666,P_1-1-pt_3638,8.499999999999986
P_1-1-pt_5666,P_1-1-pt_5173,10.09999999999998
P_1-1-pt_5666,P_1-1-pt_7447,10.09999999999998
P_1-1-pt_5666,P_1-1-pt_23,9.99999999999998
P_1-1-pt_5666,P_1-1-pt_1170,7.499999999999989
P_1-1-pt_5666,P_1-1-pt_8316,10.09999999999998
P_1-1-pt_5666,P_1-1-pt_3171,8.599999999999985
P_1-1-pt_5666,P_1-1-pt_5824,8.599999999999985
P_1-1-pt_5666,P_1-1-pt_6548,8.399999999999986
P_1-1-pt_5666,P_1-1-veh_767,7.799999999999988
P_1-1-pt_5666,P_1-2_1154,8.399999999999986
P_1-1-pt_5666,P_1-1-pt_3025,8.699999999999985
P_1-1-pt_5666,P_1-1-pt_3993,10.09999999999998
P_1-1-pt_5666,P_1-1-pt_1296,17.49999999999998
P_1-1-pt_5666,P_1-1-pt_655,41.200000000000315
P_1-1-pt_5666,P_1-1-pt_1544,41.00000000000031
P_1-1-pt_5666,P_1-1-pt_2542,172.2999999999945
P_1-1-pt_182,P_1-3_743,15.499999999999961
P_1-1-pt_182,P_1-1-pt_1723,20.30000000000002
P_1-1-pt_182,P_1-3_2599,7.699999999999989
P_1-1-pt_182,P_1-2_5745,7.799999999999988
P_1-1-pt_182,P_1-1-pt_8289,10.09999999999998
P_1-1-pt_182,P_1-1-pt_8735,10.19999999999998
P_1-1-pt_182,P_1-2_4266,6.5999999999999925
P_1-1-pt_182,P_1-3_3076,7.799999999999988
P_1-1-pt_182,P_1-2_5753,7.799999999999988
P_1-1-pt_182,P_2-1_1211,15.59999999999996
P_1-1-pt_182,P_1-2_4947,7.799999999999988
P_1-1-pt_182,P_1-3_4289,7.799999999999988
P_1-1-pt_182,P_1-3_5600,7.799999999999988
P_1-1-pt_182,P_2-1_2749,7.799999999999988
P_1-1-pt_182,P_1-1-pt_1639,10.09999999999998
P_1-1-pt_182,P_1-2_186,6.5999999999999925
P_1-1-pt_182,P_1-1-veh_834,7.799999999999988
P_1-1-pt_182,P_1-2_1458,7.799999999999988
P_1-1-pt_182,P_1-2_5374,7.899999999999988
P_1-1-pt_182,P_1-2_4104,7.29999999999999
P_1-1-pt_182,P_1-2_5054,7.899999999999988
P_1-2_1025,P_1-3_2482,10.699999999999978
P_1-1-veh_824,P_1-1-pt_3055,3.4000000000000017
P_1-1-veh_824,P_1-1-pt_4312,5.299999999999997
P_1-1-veh_824,P_1-1-pt_1396,12.199999999999973
P_1-1-pt_2920,P_1-1-pt_1020,9.299999999999983
P_1-1-pt_2920,P_1-1-pt_521,10.699999999999978
P_1-1-pt_2920,P_1-1-pt_5666,10.399999999999979
P_1-1-pt_2920,P_1-1-pt_1610,8.599999999999985
P_1-1-pt_2920,P_1-1-pt_4736,10.09999999999998
P_1-1-pt_2920,P_1-1-pt_6974,32.000000000000185
P_1-1-pt_2920,P_1-1-pt_5167,10.599999999999978
P_1-1-pt_2920,P_1-1-pt_1747,10.19999999999998
P_1-1-pt_2920,P_1-1-pt_5267,8.999999999999984
P_1-1-pt_2920,P_1-1-pt_98,10.999999999999977
P_1-1-pt_2920,P_1-1-pt_3207,10.899999999999977
P_1-1-pt_2920,P_1-1-pt_3671,9.699999999999982
P_1-1-pt_2920,P_1-1-pt_2004,9.699999999999982
P_1-1-pt_2920,P_1-1-pt_1497,10.19999999999998
P_1-1-pt_2920,P_1-1-pt_7372,10.29999999999998
P_1-1-pt_2920,P_1-1-pt_2702,86.49999999999936
P_1-1-pt_2920,P_1-1-pt_6673,10.09999999999998
P_1-1-pt_2920,P_1-1-pt_562,12.499999999999972
P_1-2_2335,P_1-3_283,103.09999999999842
P_1-2_2335,P_1-2_1334,72.10000000000018
P_1-2_2335,P_1-1-pt_5468,472.60000000003896
P_1-2_2335,P_1-3_3620,1149.9000000000497
P_1-2_2335,P_1-2_676,62.10000000000061
P_1-2_2335,P_1-3_3787,34.40000000000022
P_1-2_4607,P_2-1_4331,970.100000000152
P_1-2_4607,P_1-2_2229,138.8999999999964
P_1-2_4607,P_1-2_2030,139.39999999999637
P_1-2_4607,P_2-1_3376,139.29999999999637
P_1-2_4607,P_2-1_6256,139.59999999999636
P_1-2_4607,P_1-2_3908,139.99999999999633
P_1-2_4607,P_2-1_5435,139.49999999999636
P_1-2_4607,P_1-1-pt_7104,99.8999999999986
P_1-2_4607,P_1-2_4886,128.69999999999698
P_1-2_4607,P_1-2_3005,129.39999999999694
P_1-2_4607,P_1-1-pt_7917,84.79999999999946
P_1-2_4607,P_2-1_5859,108.89999999999809
P_1-2_4607,P_2-1_1911,109.89999999999803
P_1-2_4607,P_1-2_6071,109.79999999999804
P_1-2_4607,P_1-3_4957,109.59999999999805
P_1-2_4607,P_1-2_1272,109.99999999999802
P_1-2_4607,P_2-1_2074,108.89999999999809
P_1-2_4607,P_1-3_4751,89.89999999999917
P_1-2_4607,P_2-1_1242,89.59999999999918
P_1-2_4607,P_2-1_3947,89.79999999999917
P_1-2_4607,P_2-1_6248,89.49999999999919
P_1-2_4607,P_1-3_3176,89.3999999999992
P_1-2_4607,P_1-2_2976,89.69999999999918
P_1-2_4607,P_1-2_1639,89.99999999999916
P_1-2_4607,P_2-1_497,89.59999999999918
P_1-2_4607,P_2-1_1408,89.59999999999918
P_1-2_4607,P_1-2_1471,89.1999999999992
P_1-2_4607,P_2-1_4664,69.70000000000032
P_1-1-pt_2834,P_1-1-pt_4996,29.000000000000142
P_1-1-pt_2834,P_1-1-pt_6809,9.599999999999982
P_1-1-pt_2834,P_1-1-pt_3386,9.699999999999982
P_1-1-pt_2834,P_1-1-pt_3067,9.099999999999984
P_1-1-pt_2834,P_1-1-pt_2218,27.900000000000126
P_1-1-pt_2834,P_1-1-pt_7213,10.799999999999978
P_1-1-pt_2834,P_1-1-pt_6397,11.199999999999976
P_1-1-pt_2834,P_1-1-pt_4672,11.299999999999976
P_1-1-pt_2834,P_1-1-pt_6242,11.699999999999974
P_1-1-pt_2834,P_1-1-pt_1296,11.799999999999974
P_1-1-pt_2834,P_1-1-pt_5142,11.299999999999976
P_1-1-pt_2834,P_1-1-pt_8861,11.399999999999975
P_1-1-pt_2834,P_1-1-pt_3097,9.699999999999982
P_1-1-pt_2834,P_1-1-pt_8435,11.299999999999976
P_1-1-pt_2834,P_1-1-pt_1354,12.099999999999973
P_1-2_1805,P_1-3_1863,9.89999999999998
P_1-2_1805,P_1-3_3132,9.99999999999998
P_1-2_1805,P_2-1_2570,9.99999999999998
P_1-2_1805,P_1-2_1923,9.99999999999998
P_1-2_1805,P_2-1_4674,9.89999999999998
P_1-3_3776,P_1-2_4734,40.70000000000031
P_1-3_3776,P_1-2_4206,40.70000000000031
P_1-3_3776,P_1-3_1500,40.60000000000031
P_1-3_3776,P_1-3_3901,40.60000000000031
P_1-3_3776,P_1-2_1420,40.90000000000031
P_1-3_3776,P_1-3_228,40.80000000000031
P_1-3_3776,P_2-1_2161,30.600000000000165
P_1-3_3776,P_1-3_874,30.500000000000163
P_1-3_3776,P_1-3_1615,30.500000000000163
P_1-3_3776,P_1-2_5885,30.500000000000163
P_1-3_3776,P_1-3_5141,30.600000000000165
P_1-3_3776,P_2-1_3599,30.600000000000165
P_1-3_3776,P_1-3_2454,20.200000000000017
P_1-3_3776,P_2-1_6008,30.600000000000165
P_1-3_3776,P_1-2_1656,30.600000000000165
P_1-3_3776,P_1-2_1053,30.600000000000165
P_1-3_3776,P_2-1_2785,30.500000000000163
P_1-3_3776,P_1-2_5495,30.600000000000165
P_1-3_3776,P_1-2_4452,30.500000000000163
P_1-3_3776,P_1-3_3834,30.500000000000163
P_1-3_3776,P_1-3_1657,11.399999999999975
P_1-3_3776,P_1-2_3280,10.19999999999998
P_1-3_3776,P_1-3_3046,10.19999999999998
P_1-3_3776,P_1-3_3457,10.19999999999998
P_1-3_3776,P_1-3_372,10.19999999999998
P_1-3_3776,P_1-3_4168,10.19999999999998
P_1-3_3776,P_1-3_2053,10.19999999999998
P_1-3_3776,P_1-3_3054,10.19999999999998
P_1-3_3776,P_1-3_2256,10.09999999999998
P_1-3_3776,P_1-3_970,10.19999999999998
P_1-3_3776,P_1-3_5359,10.09999999999998
P_1-3_3776,P_1-3_2203,10.19999999999998
P_1-3_3776,P_1-3_2540,10.19999999999998
P_1-3_3776,P_1-3_1243,10.09999999999998
P_1-3_4124,P_1-3_2421,20.200000000000017
P_1-3_4124,P_1-2_4285,10.399999999999979
P_1-3_2599,P_1-1-pt_498,3.700000000000002
P_1-3_2599,P_1-1-pt_1723,3.700000000000002
P_1-3_2599,P_1-1-pt_8548,3.600000000000002
P_1-3_2599,P_1-1-pt_8384,3.700000000000002
P_1-3_2599,P_1-1-veh_834,10.09999999999998
P_1-3_2599,P_1-3_743,20.30000000000002
P_1-3_2599,P_1-2_5745,20.600000000000023
P_1-3_2599,P_1-1-pt_8289,7.799999999999988
P_1-3_2599,P_1-1-pt_8735,15.399999999999961
P_1-3_2599,P_1-2_4266,20.100000000000016
P_1-3_2599,P_1-3_3076,10.09999999999998
P_1-3_2599,P_1-2_5753,10.09999999999998
P_1-3_2599,P_2-1_1211,10.09999999999998
P_1-3_2599,P_1-1-pt_182,7.699999999999989
P_1-3_2599,P_1-2_4947,20.30000000000002
P_1-3_2599,P_1-3_4289,10.09999999999998
P_1-3_2599,P_1-3_5600,10.19999999999998
P_1-3_2599,P_1-2_1458,10.19999999999998
P_1-3_2599,P_1-3_5238,10.19999999999998
P_1-3_2599,P_1-3_2212,19.200000000000003
P_1-3_2599,P_1-3_2257,20.200000000000017
P_1-3_2599,P_1-2_808,11.999999999999973
P_1-3_2599,P_1-2_1492,10.09999999999998
P_1-2_5745,P_1-1-pt_498,3.600000000000002
P_1-2_5745,P_1-1-pt_1723,3.600000000000002
P_1-2_5745,P_1-1-pt_8548,3.700000000000002
P_1-2_5745,P_1-1-pt_8384,3.800000000000002
P_1-2_5745,P_1-1-veh_834,10.09999999999998
P_1-2_5745,P_1-3_743,20.200000000000017
P_1-2_5745,P_1-3_2599,20.600000000000023
P_1-2_5745,P_1-1-pt_8289,7.799999999999988
P_1-2_5745,P_1-1-pt_8735,15.59999999999996
P_1-2_5745,P_1-2_4266,20.30000000000002
P_1-2_5745,P_1-3_3076,10.09999999999998
P_1-2_5745,P_1-2_5753,10.19999999999998
P_1-2_5745,P_2-1_1211,10.19999999999998
P_1-2_5745,P_1-1-pt_182,7.799999999999988
P_1-2_5745,P_1-2_4947,20.40000000000002
P_1-2_5745,P_1-3_4289,10.19999999999998
P_1-2_5745,P_1-3_5600,10.09999999999998
P_1-2_5745,P_1-1-pt_7067,14.199999999999966
P_1-2_5745,P_1-2_1458,10.09999999999998
P_1-2_5745,P_1-3_5238,20.40000000000002
P_1-2_5745,P_1-3_2212,10.19999999999998
P_1-2_5745,P_1-3_2257,20.30000000000002
P_1-2_5745,P_1-2_808,17.399999999999977
P_1-2_5745,P_1-2_1492,10.09999999999998
P_1-2_5745,P_1-2_609,19.200000000000003
P_1-1-pt_2961,P_1-1-pt_3176,11.599999999999975
P_1-1-pt_2961,P_1-1-pt_3922,20.900000000000027
P_1-1-pt_2961,P_1-1-pt_3229,18.799999999999997
P_1-1-pt_2961,P_1-1-pt_3372,8.699999999999985
P_1-1-pt_2961,P_1-2_2306,10.599999999999978
P_1-1-pt_2961,P_1-1-pt_3055,22.100000000000044
P_1-1-pt_2961,P_1-1-pt_8968,22.900000000000055
P_1-1-pt_2961,P_1-1-pt_1232,10.09999999999998
P_1-2_2702,P_1-1-pt_1238,17.199999999999974
P_2-1_2384,P_1-1-pt_7573,4.999999999999998
P_2-1_2384,P_1-1-pt_7304,3.700000000000002
P_2-1_2384,P_1-1-pt_5684,15.399999999999961
P_2-1_2384,P_1-1-pt_357,8.899999999999984
P_2-1_2384,P_1-1-pt_3700,10.19999999999998
P_2-1_2384,P_1-1-pt_4901,13.999999999999966
P_2-1_2384,P_1-1-pt_1940,26.0000000000001
P_2-1_2384,P_1-1-pt_624,16.99999999999997
P_1-1-pt_2013,P_1-1-pt_4879,210.09999999999235
P_1-1-pt_2013,P_1-1-pt_3858,9.199999999999983
P_1-1-pt_2013,P_1-1-pt_297,15.199999999999962
P_1-1-pt_2013,P_1-1-pt_2334,10.699999999999978
P_1-1-pt_2013,P_1-1-pt_7573,17.299999999999976
P_1-1-pt_2013,P_1-1-pt_2369,8.599999999999985
P_1-1-pt_2013,P_1-1-pt_1995,524.3000000000507
P_1-1-pt_2013,P_1-1-pt_521,12.99999999999997
P_1-1-pt_2013,P_1-1-pt_7243,9.89999999999998
P_1-1-pt_2013,P_1-1-pt_5167,36.40000000000025
P_1-1-pt_2013,P_1-1-pt_7447,10.19999999999998
P_1-1-pt_2013,P_1-1-pt_1747,9.89999999999998
P_1-1-pt_2013,P_1-1-pt_3671,10.899999999999977
P_1-1-pt_2013,P_1-1-pt_7881,21.600000000000037
P_1-1-pt_2013,P_1-1-pt_3207,10.399999999999979
P_1-1-pt_2013,P_1-1-pt_1610,10.499999999999979
P_1-1-pt_2013,P_1-1-pt_98,99.29999999999863
P_1-1-pt_2013,P_1-1-pt_1497,11.699999999999974
P_1-1-pt_2013,P_1-1-pt_562,10.09999999999998
P_1-1-pt_2013,P_1-1-pt_4345,62.40000000000062
P_1-1-pt_2013,P_1-1-pt_5267,8.799999999999985
P_1-3_4875,P_1-3_3639,20.200000000000017
P_1-3_4875,P_1-2_5640,10.09999999999998
P_1-3_4875,P_1-2_4634,61.0000000000006
P_1-3_4875,P_1-3_4775,144.79999999999606
P_1-3_4875,P_1-3_2410,20.30000000000002
P_1-3_4875,P_1-3_3253,27.300000000000118
P_1-3_4875,P_1-3_2018,20.000000000000014
P_1-3_4875,P_1-3_2633,22.60000000000005
P_1-3_4875,P_1-2_5210,18.29999999999999
P_1-3_4875,P_1-3_331,26.400000000000105
P_1-3_4875,P_1-2_573,12.099999999999973
P_1-3_4875,P_1-3_4954,10.09999999999998
P_1-3_4875,P_2-1_1646,30.30000000000016
P_1-3_4875,P_2-1_5411,39.9000000000003
P_1-3_4875,P_1-3_1815,104.39999999999834
P_1-3_4875,P_1-3_835,11.599999999999975
P_1-3_4875,P_1-1-pt_1594,15.89999999999996
P_1-3_4875,P_1-3_3410,120.69999999999742
P_1-3_4875,P_1-1-pt_6226,8.299999999999986
P_1-3_4875,P_1-2_2193,15.199999999999962
P_1-3_4875,P_1-2_5800,15.099999999999962
P_1-3_4875,P_1-2_5588,19.1
P_1-3_4875,P_1-3_5023,20.200000000000017
P_1-3_4875,P_1-2_3383,20.200000000000017
P_1-3_4875,P_1-2_2828,20.100000000000016
P_1-3_4875,P_1-3_1135,19.0
P_1-3_4875,P_1-1-pt_3684,15.59999999999996
P_1-3_4875,P_1-2_4589,27.40000000000012
P_1-1-pt_98,P_1-1-pt_5167,116.29999999999767
P_1-1-pt_98,P_1-1-pt_1747,113.19999999999784
P_1-1-pt_98,P_1-1-pt_3671,114.79999999999775
P_1-1-pt_98,P_1-1-pt_1497,29.300000000000146
P_1-1-pt_98,P_1-1-veh_51,3.800000000000002
P_1-1-pt_98,P_1-1-pt_6743,10.499999999999979
P_1-1-pt_98,P_1-1-pt_296,16.79999999999997
P_1-1-pt_98,P_1-1-pt_8016,24.500000000000078
P_1-1-pt_98,P_1-1-pt_3858,57.00000000000054
P_1-1-pt_98,P_1-1-pt_1020,11.999999999999973
P_1-1-pt_98,P_1-1-pt_2880,23.000000000000057
P_1-1-pt_98,P_1-1-pt_2708,10.19999999999998
P_1-1-pt_98,P_1-1-pt_1610,98.49999999999868
P_1-1-pt_98,P_1-1-pt_5267,159.7999999999952
P_1-1-pt_98,P_1-1-pt_521,483.10000000004135
P_1-1-pt_98,P_1-1-pt_6974,334.8000000000076
P_1-1-pt_98,P_1-1-pt_5835,180.59999999999403
P_1-1-pt_98,P_1-1-pt_1963,17.799999999999983
P_1-1-pt_98,P_1-1-pt_3388,32.60000000000019
P_1-1-pt_98,P_1-1-pt_4736,11.199999999999976
P_1-1-pt_98,P_1-1-pt_2920,10.999999999999977
P_1-1-pt_98,P_1-1-pt_4070,11.799999999999974
P_1-1-pt_98,P_1-1-pt_3207,482.20000000004114
P_1-1-pt_98,P_1-1-pt_2004,23.90000000000007
P_1-1-pt_98,P_1-1-pt_8731,11.299999999999976
P_1-1-pt_98,P_1-1-pt_7915,255.79999999998975
P_1-1-pt_98,P_1-1-pt_7447,23.000000000000057
P_1-1-pt_98,P_1-1-pt_7372,12.099999999999973
P_1-1-pt_98,P_1-1-pt_7881,90.79999999999912
P_1-1-pt_98,P_1-1-pt_8316,10.399999999999979
P_1-1-pt_98,P_1-1-pt_1995,10.499999999999979
P_1-1-pt_98,P_1-1-pt_2013,99.29999999999863
P_1-1-pt_98,P_1-1-pt_4345,10.999999999999977
P_1-3_3579,P_1-2_2554,6.5999999999999925
P_1-3_3579,P_1-1-pt_0,20.40000000000002
P_1-3_3579,P_1-3_17,4.6
P_1-3_3579,P_1-2_4464,8.099999999999987
P_1-1-veh_608,P_1-1-pt_192,7.39999999999999
P_1-1-pt_527,P_1-2_3052,10.399999999999979
P_1-1-pt_527,P_1-2_4962,1907.5999999993605
P_1-2_5428,P_1-3_2386,20.200000000000017
P_1-2_5428,P_1-1-pt_6292,1122.9000000000742
P_1-1-pt_297,P_1-1-pt_7691,32.60000000000019
P_1-1-pt_297,P_1-1-pt_3916,11.499999999999975
P_1-1-pt_297,P_1-1-pt_2713,12.099999999999973
P_1-1-pt_297,P_1-1-pt_2013,15.199999999999962
P_1-1-pt_297,P_1-1-pt_4988,60.50000000000059
P_1-1-pt_297,P_1-1-pt_7573,76.69999999999992
P_1-1-pt_297,P_1-1-pt_1866,297.49999999999915
P_1-1-pt_297,P_1-1-pt_5824,10.699999999999978
P_1-1-pt_297,P_1-2_4483,28.20000000000013
P_1-1-pt_297,P_1-1-pt_6176,11.199999999999976
P_1-1-pt_297,P_1-1-pt_5137,10.499999999999979
P_1-1-pt_297,P_1-1-pt_7806,11.599999999999975
P_1-1-pt_297,P_1-1-pt_4996,237.69999999999078
P_1-1-pt_297,P_1-2_3156,8.199999999999987
P_1-1-pt_297,P_1-1-pt_4672,42.90000000000034
P_1-2_2797,P_1-2_2580,145.29999999999603
P_1-2_2797,P_1-3_4738,122.99999999999729
P_1-2_2797,P_1-2_5752,113.29999999999784
P_1-2_2797,P_1-2_3464,113.19999999999784
P_1-2_2797,P_1-2_3821,136.19999999999655
P_1-2_2797,P_1-1-veh_837,113.09999999999785
P_1-2_2797,P_2-1_2028,61.600000000000605
P_1-2_2797,P_1-2_2080,102.29999999999846
P_1-2_2797,P_2-1_857,101.39999999999851
P_1-2_2797,P_1-2_4646,85.7999999999994
P_1-2_2797,P_2-1_2626,61.80000000000061
P_1-2_2797,P_2-1_4458,82.2999999999996
P_1-2_2797,P_1-2_3210,81.79999999999963
P_1-2_2797,P_1-2_2767,41.200000000000315
P_1-2_2797,P_1-2_2470,62.00000000000061
P_1-2_2797,P_1-3_1755,71.7000000000002
P_1-2_2797,P_2-1_6106,62.00000000000061
P_1-2_2797,P_1-3_1002,72.10000000000018
P_1-2_2797,P_1-3_2501,41.00000000000031
P_1-2_2797,P_1-3_3231,61.70000000000061
P_1-2_2797,P_2-1_3205,30.90000000000017
P_1-2_2797,P_1-2_2625,30.700000000000166
P_1-2_2715,P_1-1-pt_7142,8.399999999999986
P_1-2_2715,P_1-1-pt_150,9.99999999999998
P_1-2_2715,P_2-1_3119,7.999999999999988
P_1-3_1140,P_1-1-pt_4212,7.19999999999999
P_1-3_1140,P_1-1-pt_5982,7.099999999999991
P_1-3_1140,P_1-1-pt_841,15.69999999999996
P_1-3_1140,P_1-1-pt_1601,6.299999999999994
P_1-1-pt_6413,P_1-1-pt_2218,16.599999999999966
P_1-1-pt_6413,P_1-1-pt_6809,10.599999999999978
P_1-1-pt_6413,P_1-1-pt_3762,11.099999999999977
P_1-1-pt_6413,P_1-1-pt_8540,12.89999999999997
P_1-1-pt_6413,P_1-1-pt_6016,10.699999999999978
P_1-1-pt_6413,P_1-1-pt_5199,11.299999999999976
P_1-1-pt_6413,P_1-1-pt_6007,11.099999999999977
P_1-1-pt_6413,P_1-1-pt_3097,11.299999999999976
P_1-1-pt_6413,P_2-1_63,9.89999999999998
P_1-1-pt_6413,P_1-2_1612,9.89999999999998
P_1-1-pt_6413,P_1-1-pt_6453,10.19999999999998
P_1-1-pt_6413,P_1-1-pt_2187,10.999999999999977
P_1-1-pt_6413,P_1-3_3245,3.700000000000002
P_1-1-pt_6413,P_1-1-pt_7213,11.199999999999976
P_1-1-pt_6413,P_1-1-pt_2162,11.399999999999975
P_1-1-pt_6413,P_1-1-pt_3409,10.09999999999998
P_1-1-pt_6413,P_2-1_5419,69.40000000000033
P_1-1-pt_6413,P_1-1-pt_3964,10.699999999999978
P_1-1-pt_6413,P_1-1-pt_6209,10.699999999999978
P_1-2_6013,P_1-1-pt_7573,3.700000000000002
P_1-2_6013,P_1-1-pt_7412,16.79999999999997
P_1-2_6013,P_1-1-pt_5876,11.499999999999975
P_1-2_6013,P_2-1_5975,1.6000000000000003
P_1-3_4944,P_2-1_1253,30.90000000000017
P_1-1-pt_8682,P_1-1-veh_234,15.79999999999996
P_1-1-pt_8682,P_1-1-pt_5078,8.799999999999985
P_1-1-pt_8682,P_1-1-pt_4901,10.19999999999998
P_1-1-pt_8682,P_1-1-pt_4966,10.399999999999979
P_1-1-pt_8682,P_1-1-pt_6334,18.499999999999993
P_1-1-pt_8682,P_1-1-pt_5886,10.899999999999977
P_1-1-pt_8682,P_1-3_767,8.999999999999984
P_1-1-pt_8682,P_1-2_1596,7.899999999999988
P_1-1-pt_8682,P_1-1-pt_7262,10.09999999999998
P_1-1-pt_8682,P_1-1-pt_7205,8.799999999999985
P_1-1-pt_8682,P_1-1-pt_7080,11.299999999999976
P_1-1-pt_8682,P_1-1-pt_5876,8.699999999999985
P_1-1-pt_8682,P_1-2_3156,7.999999999999988
P_1-1-pt_8682,P_1-2_3389,7.799999999999988
P_1-1-pt_8682,P_1-1-pt_7835,18.39999999999999
P_2-1_4232,P_2-1_4930,10.599999999999978
P_2-1_4232,P_1-1-pt_6358,3.600000000000002
P_2-1_4811,P_1-3_5152,10.29999999999998
P_2-1_4811,P_1-3_2187,10.399999999999979
P_2-1_4811,P_2-1_2458,1724.1999999995273
P_2-1_5799,P_1-1-pt_1601,7.099999999999991
P_1-1-pt_4966,P_1-3_3046,4.4
P_1-1-pt_4966,P_1-3_3457,5.4999999999999964
P_1-1-pt_4966,P_1-2_5951,3.800000000000002
P_1-1-pt_4966,P_1-3_2540,3.700000000000002
P_1-1-pt_4966,P_1-3_1243,3.600000000000002
P_1-1-pt_4966,P_1-1-pt_7634,110.399999999998
P_1-1-pt_4966,P_1-3_4690,4.4
P_1-1-pt_4966,P_1-1-pt_3220,14.799999999999963
P_1-1-pt_4966,P_1-1-pt_6334,8.599999999999985
P_1-1-pt_4966,P_1-1-pt_8682,10.399999999999979
P_1-1-pt_4966,P_1-1-pt_5886,10.29999999999998
P_1-1-pt_4966,P_1-3_5304,3.600000000000002
P_1-1-pt_4966,P_1-3_1047,3.700000000000002
P_1-1-pt_4966,P_1-3_795,3.800000000000002
P_1-1-pt_4966,P_1-3_2218,3.700000000000002
P_1-1-pt_4966,P_1-1-pt_280,11.399999999999975
P_1-1-pt_4966,P_1-1-pt_3425,11.199999999999976
P_1-1-pt_4966,P_1-1-pt_5137,11.399999999999975
P_1-1-pt_4966,P_1-3_3549,3.800000000000002
P_1-1-pt_4966,P_1-1-pt_4788,11.499999999999975
P_1-1-pt_4966,P_1-1-pt_2713,10.699999999999978
P_1-1-pt_1601,P_1-1-pt_3820,29.200000000000145
P_1-1-pt_1601,P_1-1-pt_7938,20.700000000000024
P_1-1-pt_1601,P_1-1-pt_2474,8.799999999999985
P_1-1-pt_1601,P_1-1-pt_2844,8.999999999999984
P_1-1-pt_1601,P_1-3_5477,8.599999999999985
P_1-1-pt_1601,P_1-3_3209,15.59999999999996
P_1-1-pt_1601,P_1-3_5550,7.999999999999988
P_1-1-pt_1601,P_2-1_5799,7.099999999999991
P_1-1-pt_1601,P_1-3_4492,7.799999999999988
P_1-1-pt_1601,P_1-2_5937,7.799999999999988
P_1-1-pt_1601,P_1-3_2528,7.799999999999988
P_1-1-pt_1601,P_1-1-pt_4727,10.19999999999998
P_1-1-pt_1601,P_1-1-pt_2255,8.899999999999984
P_1-1-pt_1601,P_1-1-pt_5635,10.09999999999998
P_1-1-pt_1601,P_1-1-pt_2425,10.09999999999998
P_1-1-pt_1601,P_2-1_2911,6.8999999999999915
P_1-1-pt_1601,P_1-2_1285,5.1999999999999975
P_1-1-pt_1601,P_1-1-pt_8853,10.19999999999998
P_1-1-pt_1601,P_1-3_5451,7.999999999999988
P_1-1-pt_1601,P_1-3_1140,6.299999999999994
P_1-2_1596,P_1-1-pt_6016,10.19999999999998
P_1-2_1596,P_1-1-veh_234,10.19999999999998
P_1-2_1596,P_1-1-pt_6334,6.799999999999992
P_1-2_1596,P_1-1-pt_8682,7.899999999999988
P_1-1-pt_5997,P_1-3_1571,10.19999999999998
P_1-1-pt_5997,P_1-1-pt_394,1148.300000000051
P_1-1-pt_5997,P_1-1-pt_5909,1323.7999999998915
P_2-1_5450,P_2-1_3136,51.000000000000455
P_2-1_5450,P_2-1_3538,40.80000000000031
P_2-1_5450,P_2-1_3527,42.10000000000033
P_2-1_5450,P_2-1_2148,40.70000000000031
P_1-1-pt_6453,P_1-2_4940,16.19999999999996
P_1-1-pt_6453,P_1-1-pt_3957,20.100000000000016
P_1-1-pt_6453,P_2-1_2925,9.99999999999998
P_1-1-pt_6453,P_1-1-pt_1020,10.399999999999979
P_1-1-pt_6453,P_1-1-pt_8728,10.399999999999979
P_1-1-pt_6453,P_1-1-pt_868,10.19999999999998
P_1-1-pt_6453,P_1-1-pt_7881,10.29999999999998
P_1-1-pt_6453,P_1-1-pt_3405,34.70000000000022
P_1-1-pt_6453,P_1-1-pt_4071,20.000000000000014
P_1-1-pt_6453,P_1-1-pt_2187,10.09999999999998
P_1-1-pt_6453,P_1-1-pt_7213,10.19999999999998
P_1-1-pt_6453,P_1-1-pt_6413,10.19999999999998
P_1-1-pt_6453,P_1-1-pt_2162,10.29999999999998
P_1-1-pt_6453,P_1-1-pt_3409,10.09999999999998
P_1-1-pt_6453,P_1-1-pt_1270,10.09999999999998
P_1-1-pt_6453,P_1-1-pt_3700,19.500000000000007
P_1-1-pt_6453,P_1-1-pt_357,19.200000000000003
P_1-1-pt_6453,P_1-1-pt_7863,10.09999999999998
P_1-1-pt_6453,P_1-1-pt_8545,10.399999999999979
P_1-1-pt_6453,P_1-1-pt_5193,10.19999999999998
P_1-1-pt_6453,P_1-1-pt_7325,9.89999999999998
P_1-1-pt_6453,P_1-1-pt_1449,143.29999999999615
P_1-1-pt_8085,P_1-3_5451,9.199999999999983
P_1-1-pt_8085,P_1-1-pt_4212,10.599999999999978
P_1-1-pt_8085,P_1-1-pt_5982,10.399999999999979
P_1-1-pt_8085,P_1-1-pt_877,21.00000000000003
P_1-1-pt_8085,P_1-1-pt_4554,20.50000000000002
P_1-1-pt_8085,P_1-1-pt_841,1677.19999999957
P_1-1-pt_8085,P_1-1-pt_4407,1667.499999999579
P_1-3_403,P_1-1-pt_1121,16.89999999999997
P_1-3_403,P_1-3_528,17.099999999999973
P_1-3_403,P_1-1-pt_972,20.200000000000017
P_1-3_403,P_1-3_520,11.299999999999976
P_1-3_403,P_2-1_3756,9.699999999999982
P_1-1-pt_571,P_1-1-pt_3230,1843.399999999419
P_1-1-pt_571,P_1-1-pt_2369,37.90000000000027
P_1-1-pt_571,P_1-1-pt_521,21.400000000000034
P_1-1-pt_571,P_1-1-pt_8280,22.100000000000044
P_1-1-pt_571,P_1-1-pt_2194,9.99999999999998
P_1-1-pt_571,P_1-1-pt_3207,11.199999999999976
P_1-1-pt_571,P_1-1-pt_5666,19.80000000000001
P_1-1-pt_571,P_1-1-pt_1853,20.800000000000026
P_1-1-pt_571,P_1-1-pt_8016,21.80000000000004
P_1-1-pt_571,P_1-1-pt_7243,10.699999999999978
P_1-1-pt_571,P_1-1-pt_23,21.500000000000036
P_1-1-pt_571,P_1-1-pt_8728,8.399999999999986
P_1-1-pt_571,P_1-1-pt_7355,11.299999999999976
P_1-1-pt_571,P_1-1-pt_2947,14.999999999999963
P_1-1-pt_571,P_1-1-pt_7208,12.399999999999972
P_1-1-pt_571,P_1-1-pt_4736,12.199999999999973
P_1-1-pt_571,P_1-1-pt_824,11.999999999999973
P_1-1-pt_571,P_1-2_659,3.900000000000002
P_1-1-pt_571,P_1-1-pt_2880,9.799999999999981
P_1-1-pt_571,P_1-1-pt_3025,10.399999999999979
P_1-1-pt_571,P_1-1-pt_6743,9.89999999999998
P_1-1-pt_571,P_1-1-pt_7372,10.699999999999978
P_1-2_3692,P_1-1-pt_5115,3.5000000000000018
P_1-1-pt_7863,P_1-1-pt_3275,9.399999999999983
P_1-1-pt_7863,P_1-1-pt_1560,10.599999999999978
P_1-1-pt_7863,P_1-1-pt_1966,10.799999999999978
P_1-1-pt_7863,P_1-1-pt_5906,10.899999999999977
P_1-1-pt_7863,P_1-1-pt_3128,10.699999999999978
P_1-1-pt_7863,P_1-1-pt_1226,10.799999999999978
P_1-1-pt_7863,P_1-1-pt_3624,10.29999999999998
P_1-1-pt_7863,P_1-1-pt_2992,11.099999999999977
P_1-1-pt_7863,P_1-1-pt_3214,10.499999999999979
P_1-1-pt_7863,P_1-1-pt_7412,10.599999999999978
P_1-1-pt_7863,P_1-1-pt_5066,10.799999999999978
P_1-1-pt_7863,P_1-1-pt_5346,10.799999999999978
P_1-1-pt_7863,P_1-1-veh_792,6.699999999999992
P_1-1-pt_7863,P_1-1-pt_3046,10.499999999999979
P_1-1-pt_7863,P_1-1-pt_8586,10.599999999999978
P_1-1-pt_7863,P_1-1-pt_6453,10.09999999999998
P_1-1-pt_7863,P_1-1-pt_234,12.199999999999973
P_1-1-pt_7863,P_1-1-pt_7213,10.899999999999977
P_1-2_2034,P_1-3_5376,20.50000000000002
P_1-2_2034,P_1-1-pt_654,6.099999999999994
P_1-2_2034,P_1-1-pt_6903,4.4
P_2-1_2045,P_1-1-pt_281,8.799999999999985
P_2-1_2045,P_1-2_2345,13.599999999999968
P_1-3_234,P_2-1_2299,10.09999999999998
P_1-1-pt_3230,P_1-1-pt_571,1843.399999999419
P_1-1-pt_3230,P_1-1-pt_2369,33.1000000000002
P_1-1-pt_3230,P_1-1-pt_521,21.70000000000004
P_1-1-pt_3230,P_1-1-pt_8280,22.50000000000005
P_1-1-pt_3230,P_1-1-pt_2194,10.09999999999998
P_1-1-pt_3230,P_1-1-pt_3207,10.899999999999977
P_1-1-pt_3230,P_1-1-pt_5666,19.60000000000001
P_1-1-pt_3230,P_1-1-pt_1853,20.700000000000024
P_1-1-pt_3230,P_1-1-pt_8016,21.300000000000033
P_1-1-pt_3230,P_1-1-pt_7243,10.699999999999978
P_1-1-pt_3230,P_1-1-pt_23,21.70000000000004
P_1-1-pt_3230,P_1-1-pt_8728,8.299999999999986
P_1-1-pt_3230,P_1-1-pt_7355,11.399999999999975
P_1-1-pt_3230,P_1-1-pt_7208,11.999999999999973
P_1-1-pt_3230,P_1-1-pt_4736,12.299999999999972
P_1-1-pt_3230,P_1-1-pt_824,11.899999999999974
P_1-1-pt_3230,P_1-2_659,3.600000000000002
P_1-1-pt_3230,P_1-1-pt_2880,9.699999999999982
P_1-1-pt_3230,P_1-1-pt_3025,10.399999999999979
P_1-1-pt_3230,P_1-1-pt_6743,9.89999999999998
P_1-1-pt_3230,P_1-1-pt_7372,10.599999999999978
P_1-3_3253,P_1-2_4634,40.2000000000003
P_1-3_3253,P_1-3_4775,31.500000000000178
P_1-3_3253,P_1-3_2410,20.200000000000017
P_1-3_3253,P_1-3_2018,20.200000000000017
P_1-3_3253,P_1-3_2633,34.70000000000022
P_1-3_3253,P_1-2_1942,19.900000000000013
P_1-3_3253,P_1-3_331,35.80000000000024
P_1-3_3253,P_1-2_2626,12.69999999999997
P_1-3_3253,P_1-2_5210,20.30000000000002
P_1-3_3253,P_1-2_573,20.000000000000014
P_1-3_3253,P_1-3_4954,20.30000000000002
P_1-3_3253,P_1-3_4875,27.300000000000118
P_1-3_3253,P_1-3_1815,20.100000000000016
P_1-3_3253,P_1-1-pt_1594,7.699999999999989
P_1-3_3253,P_1-3_3410,44.30000000000036
P_1-3_3253,P_1-3_835,18.599999999999994
P_1-3_3253,P_1-2_3943,120.79999999999741
P_1-3_3253,P_1-1-pt_6226,40.2000000000003
P_1-3_3253,P_1-1-pt_1044,24.500000000000078
P_1-3_3253,P_1-3_3639,39.9000000000003
P_1-3_3253,P_1-2_2193,42.70000000000034
P_1-3_3253,P_2-1_1646,21.70000000000004
P_1-3_3253,P_2-1_5411,30.30000000000016
P_1-3_3253,P_1-2_5800,20.000000000000014
P_1-3_3253,P_1-2_5588,12.099999999999973
P_1-3_3253,P_1-3_5023,10.09999999999998
P_1-3_3253,P_1-2_3383,12.399999999999972
P_1-3_3253,P_1-2_2828,20.000000000000014
P_1-3_4253,P_1-3_4059,20.50000000000002
P_1-2_1219,P_1-1-pt_192,3.900000000000002
P_1-3_2280,P_1-1-veh_459,4.200000000000001
P_1-3_2280,P_1-1-pt_4064,15.499999999999961
P_1-3_2280,P_1-1-pt_7201,11.799999999999974
P_1-3_2280,P_1-1-pt_8404,3.700000000000002
P_1-3_2280,P_1-1-pt_467,2.800000000000001
P_1-1-pt_6273,P_1-1-pt_7763,7.499999999999989
P_1-1-pt_6273,P_1-1-pt_1350,229.29999999999126
P_1-1-pt_6273,P_1-3_528,4.5
P_1-1-pt_6273,P_1-3_2654,21.20000000000003
P_1-1-pt_6273,P_1-1-pt_7760,10.499999999999979
P_1-3_2528,P_1-1-pt_3353,1.4000000000000001
P_1-3_2528,P_1-1-pt_7697,3.900000000000002
P_1-3_2528,P_1-1-pt_1601,7.799999999999988
P_2-1_2028,P_1-2_5752,77.0999999999999
P_2-1_2028,P_1-2_3464,71.8000000000002
P_2-1_2028,P_1-2_3821,61.90000000000061
P_2-1_2028,P_1-2_2797,61.600000000000605
P_2-1_2028,P_1-2_2580,61.80000000000061
P_2-1_2028,P_1-1-veh_837,61.3000000000006
P_2-1_2028,P_1-3_4738,61.500000000000604
P_2-1_2028,P_1-2_2080,61.70000000000061
P_2-1_2028,P_2-1_857,51.800000000000466
P_2-1_2028,P_2-1_2626,61.500000000000604
P_2-1_2028,P_1-2_2767,640.8000000000771
P_2-1_2028,P_1-2_4646,41.200000000000315
P_2-1_2028,P_2-1_4458,61.80000000000061
P_2-1_2028,P_1-2_3210,1079.3000000001139
P_2-1_2028,P_1-2_2470,72.40000000000016
P_2-1_2028,P_1-3_1755,30.800000000000168
P_2-1_2028,P_2-1_6106,30.800000000000168
P_2-1_2028,P_1-3_1002,30.800000000000168
P_2-1_2028,P_1-3_2501,40.70000000000031
P_2-1_2028,P_1-3_3231,41.200000000000315
P_2-1_2028,P_2-1_1443,20.200000000000017
P_2-1_2028,P_2-1_3205,30.500000000000163
P_2-1_2028,P_1-2_2625,30.400000000000162
P_1-1-pt_7104,P_1-2_2229,585.8000000000646
P_1-1-pt_7104,P_1-2_2030,107.09999999999819
P_1-1-pt_7104,P_2-1_3376,242.4999999999905
P_1-1-pt_7104,P_2-1_6256,99.49999999999862
P_1-1-pt_7104,P_1-2_3908,105.59999999999827
P_1-1-pt_7104,P_2-1_5435,99.9999999999986
P_1-1-pt_7104,P_1-2_4607,99.8999999999986
P_1-1-pt_7104,P_2-1_4331,100.49999999999856
P_1-1-pt_7104,P_1-2_3005,92.19999999999904
P_1-1-pt_7104,P_1-1-pt_7917,695.6000000000896
P_1-1-pt_7104,P_2-1_5859,77.89999999999985
P_1-1-pt_7104,P_1-2_4886,546.3000000000557
P_1-1-pt_7104,P_2-1_1911,492.80000000004355
P_1-1-pt_7104,P_1-2_6071,84.59999999999947
P_1-1-pt_7104,P_1-3_4957,495.50000000004417
P_1-1-pt_7104,P_1-2_1272,84.39999999999948
P_1-1-pt_7104,P_2-1_2074,76.79999999999991
P_1-1-pt_7104,P_1-3_4751,73.80000000000008
P_1-1-pt_7104,P_2-1_1242,69.50000000000033
P_1-1-pt_7104,P_2-1_3947,64.8000000000006
P_1-1-pt_7104,P_2-1_6248,69.60000000000032
P_1-1-pt_7104,P_1-3_3176,61.500000000000604
P_1-1-pt_7104,P_1-2_2976,61.4000000000006
P_1-1-pt_7104,P_1-2_1639,61.3000000000006
P_1-1-pt_7104,P_2-1_497,61.2000000000006
P_1-1-pt_7104,P_2-1_1408,61.600000000000605
P_1-1-pt_7104,P_1-2_1471,61.500000000000604
P_1-1-pt_7104,P_2-1_4664,485.6000000000419
P_1-1-pt_3595,P_1-1-pt_5913,24.200000000000074
P_1-1-pt_3595,P_1-1-pt_3112,10.799999999999978
P_1-1-pt_3595,P_1-1-pt_216,10.29999999999998
P_1-1-pt_3595,P_1-1-veh_302,10.19999999999998
P_1-2_4886,P_1-2_2229,180.59999999999403
P_1-2_4886,P_1-2_2030,138.29999999999643
P_1-2_4886,P_2-1_3376,138.5999999999964
P_1-2_4886,P_2-1_6256,138.49999999999642
P_1-2_4886,P_1-2_3908,138.5999999999964
P_1-2_4886,P_2-1_5435,138.5999999999964
P_1-2_4886,P_1-2_4607,128.69999999999698
P_1-2_4886,P_2-1_4331,128.499999999997
P_1-2_4886,P_1-2_3005,118.29999999999755
P_1-2_4886,P_1-1-pt_7917,108.89999999999809
P_1-2_4886,P_2-1_5859,119.99999999999746
P_1-2_4886,P_1-1-pt_7104,546.3000000000557
P_1-2_4886,P_2-1_1911,925.2000000001418
P_1-2_4886,P_1-2_6071,109.39999999999806
P_1-2_4886,P_1-3_4957,108.5999999999981
P_1-2_4886,P_1-2_1272,108.89999999999809
P_1-2_4886,P_2-1_2074,108.7999999999981
P_1-2_4886,P_1-3_4751,906.7000000001376
P_1-2_4886,P_2-1_1242,89.09999999999921
P_1-2_4886,P_2-1_3947,88.99999999999922
P_1-2_4886,P_2-1_6248,89.09999999999921
P_1-2_4886,P_1-3_3176,88.79999999999923
P_1-2_4886,P_1-2_2976,79.09999999999978
P_1-2_4886,P_1-2_1639,89.09999999999921
P_1-2_4886,P_2-1_497,79.29999999999977
P_1-2_4886,P_2-1_1408,78.89999999999979
P_1-2_4886,P_1-2_1471,79.19999999999978
P_1-2_4886,P_2-1_4664,872.0000000001297
P_1-2_2653,P_1-2_1562,9.599999999999982
P_1-1-pt_1121,P_1-1-pt_6031,10.799999999999978
P_1-1-pt_1121,P_1-3_403,16.89999999999997
P_1-1-pt_1121,P_1-1-pt_5941,10.599999999999978
P_1-1-pt_1121,P_1-1-pt_2606,10.999999999999977
P_2-1_804,P_1-2_4853,10.19999999999998
P_2-1_804,P_2-1_6130,10.19999999999998
P_1-1-pt_3067,P_1-1-pt_2606,263.99999999999153
P_1-1-pt_3067,P_1-1-pt_761,25.000000000000085
P_1-1-pt_3067,P_1-1-pt_3097,20.800000000000026
P_1-1-pt_3067,P_1-1-pt_2834,9.099999999999984
P_1-1-pt_3067,P_1-1-pt_6297,22.800000000000054
P_1-1-pt_3067,P_1-1-pt_5199,20.30000000000002
P_1-1-pt_3067,P_1-1-pt_655,10.899999999999977
P_1-1-pt_3067,P_1-1-pt_6931,10.499999999999979
P_1-1-pt_3067,P_1-1-pt_8435,21.70000000000004
P_1-1-pt_3067,P_1-1-pt_4996,11.199999999999976
P_1-1-pt_3067,P_1-1-pt_8866,11.299999999999976
P_1-1-pt_3067,P_1-1-pt_6543,11.299999999999976
P_1-1-pt_3067,P_1-1-pt_3474,11.499999999999975
P_1-1-pt_3067,P_1-1-pt_1354,25.200000000000088
P_1-1-pt_3067,P_1-1-pt_357,13.299999999999969
P_1-1-pt_3067,P_1-1-pt_3700,13.399999999999968
P_1-1-pt_3067,P_1-1-pt_234,11.899999999999974
P_1-1-pt_3067,P_1-1-pt_2187,8.099999999999987
P_1-1-pt_3067,P_1-1-pt_7459,10.399999999999979
P_1-1-pt_3067,P_1-1-pt_2218,10.899999999999977
P_1-1-pt_3067,P_1-1-pt_1430,765.2000000001054
P_1-1-pt_3571,P_1-1-pt_8762,9.399999999999983
P_1-1-pt_3571,P_1-1-pt_1798,10.499999999999979
P_1-1-pt_3571,P_1-1-pt_5298,10.19999999999998
P_1-1-pt_3571,P_1-1-pt_4945,202.2999999999928
P_1-1-pt_3571,P_1-1-pt_8681,235.5999999999909
P_1-3_2171,P_1-1-pt_2894,1.7000000000000004
P_1-3_2171,P_2-1_5067,0.7
P_1-3_2171,P_1-1-pt_4739,9.399999999999983
P_1-3_2424,P_1-1-pt_8611,7.999999999999988
P_1-3_2424,P_1-1-pt_467,7.899999999999988
P_1-3_3245,P_1-1-pt_7881,3.700000000000002
P_1-3_3245,P_1-1-pt_3957,12.099999999999973
P_1-3_3245,P_1-1-pt_4071,12.099999999999973
P_1-3_3245,P_1-1-pt_7213,3.600000000000002
P_1-3_3245,P_1-1-pt_6413,3.700000000000002
P_1-3_3245,P_1-1-pt_2162,3.700000000000002
P_1-3_3245,P_1-1-pt_3409,7.799999999999988
P_1-3_3245,P_1-1-pt_1270,3.700000000000002
P_1-3_3245,P_1-1-pt_6297,4.699999999999999
P_1-1-pt_0,P_1-3_3579,20.40000000000002
P_1-1-pt_0,P_1-1-pt_8553,8.499999999999986
P_1-1-pt_0,P_1-1-pt_6209,8.599999999999985
P_1-1-pt_0,P_1-1-pt_6038,8.599999999999985
P_1-1-pt_0,P_1-1-pt_6031,18.39999999999999
P_1-1-pt_0,P_1-1-pt_5229,19.500000000000007
P_1-1-pt_0,P_1-1-pt_3220,22.300000000000047
P_1-1-pt_2880,P_1-1-pt_521,29.900000000000155
P_1-1-pt_2880,P_1-1-pt_8280,31.60000000000018
P_1-1-pt_2880,P_1-1-pt_3207,39.9000000000003
P_1-1-pt_2880,P_1-1-pt_2369,8.699999999999985
P_1-1-pt_2880,P_1-1-pt_8016,219.29999999999183
P_1-1-pt_2880,P_1-1-pt_5167,31.70000000000018
P_1-1-pt_2880,P_1-1-pt_1020,10.499999999999979
P_1-1-pt_2880,P_1-1-pt_3858,21.20000000000003
P_1-1-pt_2880,P_1-1-pt_1747,31.70000000000018
P_1-1-pt_2880,P_1-1-pt_98,23.000000000000057
P_1-1-pt_2880,P_1-1-pt_5267,26.80000000000011
P_1-1-pt_2880,P_1-1-pt_6974,199.39999999999296
P_1-1-pt_2880,P_1-1-pt_4070,10.599999999999978
P_1-1-pt_2880,P_1-1-pt_2771,11.199999999999976
P_1-1-pt_2880,P_1-1-pt_2708,19.70000000000001
P_1-1-pt_2880,P_1-1-pt_5835,19.400000000000006
P_1-1-pt_2880,P_1-1-pt_1963,19.300000000000004
P_1-1-pt_2880,P_1-2_4483,10.799999999999978
P_1-1-pt_2880,P_1-1-pt_3671,22.800000000000054
P_1-1-pt_2880,P_1-1-pt_1610,27.600000000000122
P_1-1-pt_2880,P_1-1-pt_459,10.09999999999998
P_1-1-pt_2880,P_1-1-pt_8731,9.499999999999982
P_1-1-pt_2880,P_1-1-veh_610,10.29999999999998
P_1-1-pt_2880,P_1-1-pt_5173,9.399999999999983
P_1-1-pt_2880,P_1-1-pt_5170,16.699999999999967
P_1-1-pt_2880,P_1-1-pt_7243,20.30000000000002
P_1-1-pt_2880,P_1-1-pt_7881,8.599999999999985
P_1-1-pt_2880,P_1-1-pt_7447,20.30000000000002
P_1-1-pt_2880,P_1-1-pt_23,20.900000000000027
P_1-1-pt_2880,P_1-1-pt_8316,10.19999999999998
P_1-1-pt_2880,P_1-1-pt_1170,8.699999999999985
P_1-1-pt_2880,P_1-1-pt_3171,8.499999999999986
P_1-1-pt_2880,P_1-1-veh_767,7.799999999999988
P_1-1-pt_2880,P_1-1-pt_3405,36.10000000000024
P_1-1-pt_2880,P_1-1-pt_7304,17.299999999999976
P_1-1-pt_2880,P_1-1-pt_1853,149.69999999999578
P_1-1-pt_2880,P_1-1-pt_734,217.8999999999919
P_1-1-pt_2880,P_1-1-pt_6743,10.19999999999998
P_1-1-pt_2880,P_1-1-pt_7372,9.99999999999998
P_1-1-pt_2880,P_1-1-pt_571,9.799999999999981
P_1-1-pt_2880,P_1-1-pt_3230,9.699999999999982
P_1-1-pt_2880,P_1-1-pt_4736,13.799999999999967
P_1-1-pt_2880,P_1-1-pt_1497,9.599999999999982
P_1-1-pt_2880,P_1-1-pt_562,10.29999999999998
P_1-1-pt_8735,P_1-1-pt_498,10.09999999999998
P_1-1-pt_8735,P_1-1-pt_1723,80.89999999999968
P_1-1-pt_8735,P_1-1-pt_8548,10.19999999999998
P_1-1-pt_8735,P_1-1-pt_8384,10.19999999999998
P_1-1-pt_8735,P_1-3_743,15.59999999999996
P_1-1-pt_8735,P_1-3_2599,15.399999999999961
P_1-1-pt_8735,P_1-2_5745,15.59999999999996
P_1-1-pt_8735,P_1-1-pt_8289,10.09999999999998
P_1-1-pt_8735,P_1-3_3076,7.799999999999988
P_1-1-pt_8735,P_1-2_5753,7.799999999999988
P_1-1-pt_8735,P_2-1_1211,7.799999999999988
P_1-1-pt_8735,P_1-1-pt_182,10.19999999999998
P_1-1-pt_8735,P_1-2_4947,14.899999999999963
P_1-1-pt_8735,P_1-3_4289,7.799999999999988
P_1-1-pt_8735,P_1-3_5600,7.499999999999989
P_1-1-pt_8735,P_2-1_2749,7.799999999999988
P_1-1-pt_8735,P_1-1-pt_1639,10.19999999999998
P_1-1-pt_8735,P_1-2_186,7.699999999999989
P_1-1-pt_8735,P_1-2_1458,7.699999999999989
P_1-1-pt_8735,P_1-3_5238,15.59999999999996
P_1-1-pt_8735,P_1-2_4266,45.60000000000038
P_1-1-pt_8735,P_1-3_2212,10.19999999999998
P_1-1-pt_8735,P_1-3_2257,7.899999999999988
P_1-1-pt_8735,P_1-2_808,7.799999999999988
P_1-1-pt_8735,P_1-2_1492,7.899999999999988
P_1-1-pt_8735,P_1-2_609,7.799999999999988
P_1-1-pt_8735,P_1-2_1230,7.799999999999988
P_1-1-pt_8735,P_1-3_4983,7.799999999999988
P_1-1-pt_7959,P_1-3_4059,14.699999999999964
P_1-1-pt_150,P_1-1-pt_3425,10.399999999999979
P_1-1-pt_150,P_1-1-pt_5137,10.399999999999979
P_1-1-pt_150,P_1-1-pt_357,10.599999999999978
P_1-1-pt_150,P_1-2_5834,6.699999999999992
P_1-1-pt_150,P_1-2_2715,9.99999999999998
P_1-1-pt_150,P_1-1-pt_4901,26.900000000000112
P_1-1-pt_150,P_2-1_4998,9.699999999999982
P_1-1-pt_150,P_1-2_4005,3.700000000000002
P_1-1-pt_150,P_1-1-pt_1940,20.50000000000002
P_1-1-pt_3207,P_1-1-pt_5167,55.900000000000524
P_1-1-pt_3207,P_1-1-pt_1747,54.90000000000051
P_1-1-pt_3207,P_1-1-pt_3671,56.90000000000054
P_1-1-pt_3207,P_1-1-pt_2369,10.19999999999998
P_1-1-pt_3207,P_1-1-pt_6743,32.9000000000002
P_1-1-pt_3207,P_1-1-pt_2880,39.9000000000003
P_1-1-pt_3207,P_1-1-pt_521,52.90000000000048
P_1-1-pt_3207,P_1-1-pt_8280,43.10000000000034
P_1-1-pt_3207,P_1-1-pt_571,11.199999999999976
P_1-1-pt_3207,P_1-1-pt_3230,10.899999999999977
P_1-1-pt_3207,P_1-1-pt_8016,45.10000000000037
P_1-1-pt_3207,P_1-1-pt_2194,404.6000000000235
P_1-1-pt_3207,P_1-1-pt_7243,34.200000000000216
P_1-1-pt_3207,P_1-1-pt_5666,325.4000000000055
P_1-1-pt_3207,P_1-1-pt_4879,22.40000000000005
P_1-1-pt_3207,P_1-1-pt_6974,98.59999999999867
P_1-1-pt_3207,P_1-1-pt_3388,44.700000000000365
P_1-1-pt_3207,P_1-1-pt_1610,45.10000000000037
P_1-1-pt_3207,P_1-1-pt_4736,22.100000000000044
P_1-1-pt_3207,P_1-1-pt_5267,10.799999999999978
P_1-1-pt_3207,P_1-1-pt_2920,10.899999999999977
P_1-1-pt_3207,P_1-1-pt_4070,11.699999999999974
P_1-1-pt_3207,P_1-1-pt_98,482.20000000004114
P_1-1-pt_3207,P_1-1-pt_459,8.999999999999984
P_1-1-pt_3207,P_1-1-pt_8731,10.499999999999979
P_1-1-pt_3207,P_1-1-veh_610,5.099999999999998
P_1-1-pt_3207,P_1-1-pt_5173,9.99999999999998
P_1-1-pt_3207,P_1-1-pt_5170,9.299999999999983
P_1-1-pt_3207,P_1-1-pt_7881,56.30000000000053
P_1-1-pt_3207,P_1-1-pt_7447,21.400000000000034
P_1-1-pt_3207,P_1-1-pt_23,11.399999999999975
P_1-1-pt_3207,P_1-1-pt_8316,9.89999999999998
P_1-1-pt_3207,P_1-1-pt_1170,10.499999999999979
P_1-1-pt_3207,P_1-1-pt_3171,10.29999999999998
P_1-1-pt_3207,P_1-1-veh_767,47.3000000000004
P_1-1-pt_3207,P_1-1-pt_4345,22.200000000000045
P_1-1-pt_3207,P_1-1-pt_7372,10.999999999999977
P_1-1-pt_3207,P_1-1-pt_1995,10.399999999999979
P_1-1-pt_3207,P_1-1-pt_2013,10.399999999999979
P_1-1-pt_3207,P_1-1-pt_3858,11.599999999999975
P_1-1-pt_3207,P_1-1-pt_1853,12.599999999999971
P_1-1-pt_3207,P_1-1-pt_3025,11.799999999999974
P_1-1-pt_8247,P_1-2_2795,36.00000000000024
P_1-1-pt_8247,P_1-1-pt_4262,10.599999999999978
P_1-1-pt_8247,P_1-1-pt_1420,807.100000000115
P_1-2_4249,P_1-1-pt_1670,13.299999999999969
P_1-2_4249,P_1-1-pt_8611,9.699999999999982
P_1-2_4249,P_1-1-pt_5909,7.499999999999989
P_1-2_4249,P_1-1-pt_4064,9.099999999999984
P_1-2_4249,P_1-1-pt_7201,8.699999999999985
P_1-2_4249,P_1-1-pt_467,5.099999999999998
P_1-1-pt_5481,P_1-1-pt_7697,10.999999999999977
P_1-1-pt_5481,P_1-1-pt_2164,7.29999999999999
P_1-1-pt_5481,P_1-1-pt_166,11.699999999999974
P_1-1-pt_5481,P_1-1-pt_5209,3.600000000000002
P_1-2_5369,P_2-1_1609,40.0000000000003
P_1-2_5369,P_1-3_1863,9.99999999999998
P_1-2_5369,P_2-1_2570,20.000000000000014
P_1-2_5369,P_1-2_1923,9.99999999999998
P_1-2_5369,P_2-1_4674,9.99999999999998
P_1-1-pt_4785,P_1-3_2180,7.799999999999988
P_1-1-pt_4785,P_1-1-pt_941,7.899999999999988
P_1-1-pt_4785,P_2-1_4930,6.299999999999994
P_1-1-pt_3624,P_1-1-pt_255,10.09999999999998
P_1-1-pt_3624,P_1-1-pt_6016,19.400000000000006
P_1-1-pt_3624,P_1-1-pt_7213,10.19999999999998
P_1-1-pt_3624,P_1-1-pt_5897,9.99999999999998
P_1-1-pt_3624,P_1-1-pt_3769,10.699999999999978
P_1-1-pt_3624,P_1-1-pt_4671,9.99999999999998
P_1-1-pt_3624,P_1-1-pt_1270,9.99999999999998
P_1-1-pt_3624,P_1-1-pt_3409,10.19999999999998
P_1-1-pt_3624,P_1-1-pt_4919,10.19999999999998
P_1-1-pt_3624,P_1-1-pt_1304,10.29999999999998
P_1-1-pt_3624,P_1-1-pt_4397,10.19999999999998
P_1-1-pt_3624,P_1-1-pt_7863,10.29999999999998
P_1-1-pt_3624,P_1-1-pt_8545,10.09999999999998
P_1-1-pt_3624,P_1-1-pt_5193,10.19999999999998
P_1-1-pt_3624,P_1-1-pt_7325,10.09999999999998
P_1-1-pt_3624,P_1-1-pt_8137,9.199999999999983
P_1-1-pt_3624,P_1-1-pt_6672,9.599999999999982
P_1-1-pt_3624,P_1-1-pt_5499,13.899999999999967
P_1-1-pt_1304,P_1-3_3004,13.499999999999968
P_1-1-pt_1304,P_1-1-pt_3275,10.599999999999978
P_1-1-pt_1304,P_1-1-pt_1560,11.199999999999976
P_1-1-pt_1304,P_1-1-pt_1966,10.599999999999978
P_1-1-pt_1304,P_1-1-pt_5906,10.799999999999978
P_1-1-pt_1304,P_1-1-pt_1238,10.699999999999978
P_1-1-pt_1304,P_1-1-pt_3916,10.799999999999978
P_1-1-pt_1304,P_1-1-pt_3128,10.899999999999977
P_1-1-pt_1304,P_1-1-pt_1108,21.10000000000003
P_1-1-pt_1304,P_1-1-pt_1226,10.799999999999978
P_1-1-pt_1304,P_1-1-pt_3624,10.29999999999998
P_1-1-pt_1304,P_1-1-pt_2992,10.699999999999978
P_1-1-pt_1304,P_1-1-pt_3214,10.799999999999978
P_1-1-pt_1304,P_1-1-pt_7412,10.799999999999978
P_1-1-pt_1304,P_1-1-veh_792,9.99999999999998
P_1-1-pt_1304,P_1-2_502,7.599999999999989
P_1-1-pt_1304,P_1-2_1512,7.699999999999989
P_1-2_4266,P_1-1-pt_498,3.600000000000002
P_1-2_4266,P_1-3_743,20.100000000000016
P_1-2_4266,P_1-3_2599,20.100000000000016
P_1-2_4266,P_1-2_5745,20.30000000000002
P_1-2_4266,P_1-1-pt_8289,6.5999999999999925
P_1-2_4266,P_1-3_3076,9.99999999999998
P_1-2_4266,P_1-2_5753,10.09999999999998
P_1-2_4266,P_2-1_1211,9.99999999999998
P_1-2_4266,P_1-1-pt_182,6.5999999999999925
P_1-2_4266,P_1-2_4947,20.200000000000017
P_1-2_4266,P_1-3_4289,9.99999999999998
P_1-2_4266,P_1-3_5600,10.09999999999998
P_1-2_4266,P_2-1_2749,10.09999999999998
P_1-2_4266,P_1-1-pt_1639,6.499999999999993
P_1-2_4266,P_1-2_186,9.99999999999998
P_1-2_4266,P_1-2_4447,15.099999999999962
P_1-2_4266,P_1-2_1458,9.99999999999998
P_1-2_4266,P_1-3_5238,20.30000000000002
P_1-2_4266,P_1-1-pt_8735,45.60000000000038
P_1-2_4266,P_1-3_2212,10.19999999999998
P_1-2_4266,P_1-3_2257,13.199999999999969
P_1-2_4266,P_1-2_808,10.09999999999998
P_1-2_4266,P_1-2_1492,10.09999999999998
P_1-2_4266,P_1-2_609,9.99999999999998
P_1-2_4266,P_1-2_1230,10.09999999999998
P_1-2_4266,P_1-3_4983,10.09999999999998
P_1-1-pt_1037,P_1-2_2632,14.499999999999964
P_1-1-pt_1037,P_1-2_2345,8.199999999999987
P_1-1-pt_1037,P_1-1-pt_5324,1772.6999999994832
P_1-3_4289,P_1-3_743,20.200000000000017
P_1-3_4289,P_1-1-pt_1723,3.800000000000002
P_1-3_4289,P_1-3_2599,10.09999999999998
P_1-3_4289,P_1-2_5745,10.19999999999998
P_1-3_4289,P_1-1-pt_8289,7.799999999999988
P_1-3_4289,P_1-1-pt_8735,7.799999999999988
P_1-3_4289,P_1-2_4266,9.99999999999998
P_1-3_4289,P_1-3_3076,10.09999999999998
P_1-3_4289,P_1-2_5753,10.09999999999998
P_1-3_4289,P_2-1_1211,20.30000000000002
P_1-3_4289,P_1-1-pt_182,7.799999999999988
P_1-3_4289,P_1-2_4947,10.09999999999998
P_1-3_4289,P_1-3_5600,10.09999999999998
P_1-3_4289,P_2-1_2749,10.19999999999998
P_1-3_4289,P_1-1-pt_1639,7.899999999999988
P_1-3_4289,P_1-2_186,10.09999999999998
P_1-3_4289,P_1-1-veh_834,10.09999999999998
P_1-3_4289,P_1-2_1458,10.19999999999998
P_1-3_4289,P_1-3_1297,10.09999999999998
P_1-3_4289,P_1-2_808,10.09999999999998
P_1-3_4289,P_1-2_5374,18.29999999999999
P_1-3_4289,P_1-2_4104,10.19999999999998
P_1-3_4289,P_1-2_5054,10.29999999999998
P_1-3_743,P_1-2_3608,2.9000000000000012
P_1-3_743,P_1-1-pt_498,3.800000000000002
P_1-3_743,P_1-1-pt_1723,98.79999999999866
P_1-3_743,P_1-1-veh_834,20.200000000000017
P_1-3_743,P_1-3_2599,20.30000000000002
P_1-3_743,P_1-2_5745,20.200000000000017
P_1-3_743,P_1-1-pt_8289,15.499999999999961
P_1-3_743,P_1-1-pt_8735,15.59999999999996
P_1-3_743,P_1-2_4266,20.100000000000016
P_1-3_743,P_1-3_3076,20.100000000000016
P_1-3_743,P_1-1-pt_182,15.499999999999961
P_1-3_743,P_1-2_4947,20.200000000000017
P_1-3_743,P_1-3_4289,20.200000000000017
P_1-3_743,P_1-2_1585,10.09999999999998
P_1-3_743,P_1-3_5238,40.400000000000304
P_1-3_743,P_1-3_5600,10.09999999999998
P_1-3_743,P_2-1_2749,20.200000000000017
P_1-3_743,P_1-1-pt_1639,7.899999999999988
P_1-3_743,P_1-2_186,10.09999999999998
P_1-3_743,P_2-1_1211,20.200000000000017
P_1-3_743,P_1-2_1458,10.09999999999998
P_1-3_743,P_1-3_1297,10.09999999999998
P_1-3_743,P_1-2_808,10.09999999999998
P_1-3_743,P_1-2_5753,10.09999999999998
P_1-3_743,P_1-2_1492,10.19999999999998
P_1-3_743,P_1-2_5054,10.09999999999998
P_1-1-pt_1473,P_1-1-pt_1561,13.999999999999966
P_1-1-pt_1473,P_1-3_520,0.2
P_1-1-pt_1473,P_1-1-pt_3021,10.699999999999978
P_1-1-pt_1473,P_1-1-pt_804,10.699999999999978
P_1-1-pt_1473,P_1-1-pt_6931,10.699999999999978
P_1-1-pt_1473,P_1-3_767,3.700000000000002
P_1-1-pt_1473,P_1-1-pt_6007,11.299999999999976
P_1-1-pt_1473,P_1-1-pt_5897,10.799999999999978
P_1-1-pt_1473,P_1-1-pt_3769,10.899999999999977
P_1-1-pt_1473,P_1-1-pt_4671,10.899999999999977
P_1-1-pt_1473,P_1-1-pt_5142,10.999999999999977
P_1-1-pt_1473,P_1-1-pt_4919,10.799999999999978
P_1-1-pt_1473,P_1-1-pt_4397,9.99999999999998
P_1-1-pt_1473,P_1-1-pt_2187,11.099999999999977
P_1-1-pt_1473,P_1-1-pt_2218,10.899999999999977
P_1-1-pt_1473,P_1-1-pt_1544,19.80000000000001
P_1-1-pt_1473,P_1-1-pt_655,20.100000000000016
P_1-1-pt_1473,P_1-1-pt_1296,11.299999999999976
P_1-1-pt_394,P_1-1-pt_5997,1148.300000000051
P_1-1-pt_394,P_1-1-pt_4541,1100.2000000000949
P_1-1-pt_5324,P_1-2_2632,2623.3999999987095
P_1-1-pt_5324,P_1-2_2345,8.099999999999987
P_1-1-pt_5324,P_1-1-pt_1037,1772.6999999994832
P_1-2_960,P_1-3_1159,20.600000000000023
P_1-2_960,P_2-1_2438,10.09999999999998
P_1-2_960,P_2-1_410,10.09999999999998
P_1-2_960,P_1-3_2745,10.09999999999998
P_1-2_960,P_1-2_1265,10.09999999999998
P_1-2_2473,P_1-1-pt_4064,12.099999999999973
P_1-2_2473,P_1-1-pt_7201,11.799999999999974
P_1-2_2473,P_1-1-pt_8404,3.700000000000002
P_1-2_2473,P_1-1-pt_467,2.700000000000001
P_1-1-pt_8728,P_1-1-pt_1020,8.499999999999986
P_1-1-pt_8728,P_1-1-pt_6453,10.399999999999979
P_1-1-pt_8728,P_1-1-pt_571,8.399999999999986
P_1-1-pt_8728,P_1-1-pt_3230,8.299999999999986
P_1-1-pt_8728,P_1-1-pt_4736,8.299999999999986
P_1-1-pt_8728,P_1-1-pt_734,17.299999999999976
P_1-1-pt_8728,P_1-1-pt_7304,19.60000000000001
P_1-1-pt_8728,P_1-1-pt_1866,2.800000000000001
P_1-1-pt_8728,P_1-1-pt_3957,20.000000000000014
P_1-1-pt_8728,P_1-1-pt_4071,20.000000000000014
P_1-1-pt_8728,P_1-1-pt_2162,9.299999999999983
P_1-1-pt_8728,P_1-1-pt_3409,10.09999999999998
P_1-1-pt_7080,P_1-1-pt_7760,10.19999999999998
P_1-1-pt_7080,P_1-2_4464,17.299999999999976
P_1-1-pt_7080,P_1-3_5504,15.399999999999961
P_1-1-pt_7080,P_1-1-pt_2882,10.09999999999998
P_1-1-pt_7080,P_1-1-veh_234,17.999999999999986
P_1-1-pt_7080,P_1-1-pt_6334,21.600000000000037
P_1-1-pt_7080,P_1-1-pt_8682,11.299999999999976
P_1-1-pt_7080,P_1-1-pt_3779,10.29999999999998
P_1-1-pt_7080,P_1-1-pt_5078,17.299999999999976
P_1-1-pt_7080,P_1-1-pt_8798,17.899999999999984
P_1-1-pt_7080,P_1-1-pt_6409,10.09999999999998
P_1-1-pt_7080,P_1-2_3156,7.799999999999988
P_1-1-pt_7080,P_1-1-pt_1020,10.399999999999979
P_1-1-pt_7080,P_1-2_3389,7.799999999999988
P_2-1_5552,P_1-1-pt_7277,8.899999999999984
P_1-1-pt_4541,P_1-3_1134,8.899999999999984
P_1-1-pt_4541,P_1-2_455,38.80000000000028
P_1-1-pt_4541,P_1-1-pt_394,1100.2000000000949
P_1-1-pt_4541,P_1-1-pt_638,1014.4000000001621
P_1-2_250,P_1-1-pt_5139,3.600000000000002
P_1-2_250,P_1-1-pt_4736,7.699999999999989
P_1-1-pt_1700,P_1-2_3488,15.59999999999996
P_1-1-pt_1700,P_1-1-pt_2129,20.200000000000017
P_1-1-pt_1700,P_1-1-pt_1039,20.200000000000017
P_1-1-pt_1700,P_1-1-pt_5275,20.100000000000016
P_1-1-pt_1700,P_1-1-pt_2782,17.999999999999986
P_1-1-pt_1700,P_1-3_2261,15.499999999999961
P_1-1-pt_1700,P_1-1-pt_413,10.09999999999998
P_1-1-pt_1700,P_1-1-pt_2854,10.09999999999998
P_1-1-pt_1700,P_1-1-pt_6602,10.09999999999998
P_1-1-pt_1700,P_1-1-pt_6335,10.09999999999998
P_1-1-pt_1700,P_1-3_186,7.799999999999988
P_1-1-pt_1700,P_1-2_3850,7.799999999999988
P_1-1-pt_1700,P_1-3_2683,7.799999999999988
P_1-1-pt_1700,P_1-1-pt_5452,9.99999999999998
P_1-1-pt_1700,P_1-1-pt_5152,9.99999999999998
P_1-1-pt_1700,P_2-1_6032,11.099999999999977
P_1-1-pt_761,P_1-1-pt_4996,21.400000000000034
P_1-1-pt_761,P_1-1-pt_6809,10.499999999999979
P_1-1-pt_761,P_1-1-pt_3386,10.699999999999978
P_1-1-pt_761,P_1-1-pt_3067,25.000000000000085
P_1-1-pt_761,P_1-1-pt_2218,21.500000000000036
P_1-1-pt_761,P_1-1-pt_3964,22.200000000000045
P_1-1-pt_761,P_1-1-pt_5906,10.899999999999977
P_1-1-pt_761,P_1-1-pt_3916,10.699999999999978
P_1-1-pt_761,P_1-1-pt_8027,21.300000000000033
P_1-1-pt_761,P_1-1-pt_2713,22.100000000000044
P_1-1-pt_761,P_1-1-pt_5824,10.499999999999979
P_1-1-pt_761,P_1-1-pt_7208,11.099999999999977
P_1-1-pt_761,P_1-1-pt_6538,8.699999999999985
P_1-1-pt_761,P_1-1-pt_6688,8.599999999999985
P_1-1-pt_761,P_1-1-pt_7691,10.09999999999998
P_1-1-pt_761,P_1-1-pt_255,10.899999999999977
P_1-1-pt_761,P_1-1-pt_4672,17.899999999999984
P_1-1-pt_761,P_1-1-pt_1296,11.299999999999976
P_1-1-pt_761,P_1-1-pt_2542,11.399999999999975
P_1-1-pt_761,P_1-1-pt_8861,11.599999999999975
P_1-1-pt_761,P_1-1-pt_1449,14.299999999999965
P_1-1-pt_761,P_1-1-pt_1430,11.499999999999975
P_1-1-pt_761,P_1-1-pt_530,11.399999999999975
P_1-1-pt_761,P_1-1-pt_357,10.19999999999998
P_1-1-pt_761,P_1-1-pt_3700,10.09999999999998
P_1-1-pt_761,P_1-1-pt_234,9.699999999999982
P_1-1-pt_761,P_1-1-pt_2187,11.699999999999974
P_1-1-pt_7938,P_1-1-pt_2032,10.499999999999979
P_1-1-pt_7938,P_1-1-pt_2770,10.19999999999998
P_1-1-pt_7938,P_1-1-pt_6355,8.699999999999985
P_1-1-pt_7938,P_1-2_4454,5.399999999999997
P_1-1-pt_7938,P_1-1-pt_2863,9.99999999999998
P_1-1-pt_7938,P_1-1-pt_8969,10.09999999999998
P_1-1-pt_7938,P_1-1-pt_1601,20.700000000000024
P_1-1-pt_7938,P_1-3_5477,12.499999999999972
P_1-1-pt_7938,P_1-1-pt_2844,1568.399999999669
P_1-1-pt_7938,P_1-1-pt_2474,1786.099999999471
P_1-1-pt_7938,P_1-1-pt_3820,1854.5999999994087
P_1-3_2773,P_2-1_2299,10.09999999999998
P_1-2_2543,P_1-3_990,19.60000000000001
P_1-2_2543,P_1-1-pt_654,14.999999999999963
P_1-2_2543,P_1-1-pt_7664,8.199999999999987
P_1-2_2543,P_1-1-pt_776,8.099999999999987
P_1-3_1676,P_1-3_4278,20.50000000000002
P_1-3_458,P_1-1-pt_2012,3.800000000000002
P_1-3_870,P_1-3_3793,10.09999999999998
P_1-3_870,P_1-3_3926,10.19999999999998
P_1-3_870,P_1-1-pt_1189,7.799999999999988
P_1-3_870,P_1-3_1539,10.09999999999998
P_1-1-pt_3409,P_1-1-pt_255,9.89999999999998
P_1-1-pt_3409,P_1-1-pt_494,10.29999999999998
P_1-1-pt_3409,P_1-1-pt_2162,20.200000000000017
P_1-1-pt_3409,P_1-1-pt_5897,10.09999999999998
P_1-1-pt_3409,P_1-1-pt_3769,10.19999999999998
P_1-1-pt_3409,P_1-1-pt_4671,9.99999999999998
P_1-1-pt_3409,P_1-1-pt_3624,10.19999999999998
P_1-1-pt_3409,P_1-1-pt_2992,9.199999999999983
P_1-1-pt_3409,P_1-1-pt_3214,8.799999999999985
P_1-1-pt_3409,P_1-1-pt_7412,8.899999999999984
P_1-1-pt_3409,P_1-1-pt_1270,237.4999999999908
P_1-1-pt_3409,P_1-1-pt_3046,8.699999999999985
P_1-1-pt_3409,P_1-1-pt_8586,8.899999999999984
P_1-1-pt_3409,P_1-1-pt_1354,19.300000000000004
P_1-1-pt_3409,P_1-1-pt_6453,10.09999999999998
P_1-1-pt_3409,P_1-3_3245,7.799999999999988
P_1-1-pt_3409,P_1-1-pt_7213,10.09999999999998
P_1-1-pt_3409,P_1-1-pt_6413,10.09999999999998
P_1-1-pt_3409,P_2-1_5419,15.499999999999961
P_1-1-pt_3409,P_1-1-pt_8728,10.09999999999998
P_1-1-pt_3409,P_1-2_4483,10.09999999999998
P_1-1-pt_3409,P_2-1_461,7.799999999999988
P_1-1-pt_5906,P_1-1-pt_6176,11.599999999999975
P_1-1-pt_5906,P_1-1-pt_761,10.899999999999977
P_1-1-pt_5906,P_1-1-pt_6031,10.899999999999977
P_1-1-pt_5906,P_1-1-pt_255,10.699999999999978
P_1-1-pt_5906,P_1-1-pt_1108,10.699999999999978
P_1-1-pt_5906,P_1-1-pt_494,10.699999999999978
P_1-1-pt_5906,P_1-1-pt_2162,10.499999999999979
P_1-1-pt_5906,P_1-1-pt_5897,10.499999999999979
P_1-1-pt_5906,P_1-1-pt_3769,10.899999999999977
P_1-1-pt_5906,P_1-1-pt_4671,10.899999999999977
P_1-1-pt_5906,P_1-1-pt_1270,10.899999999999977
P_1-1-pt_5906,P_1-1-pt_4919,10.799999999999978
P_1-1-pt_5906,P_1-1-pt_1304,10.799999999999978
P_1-1-pt_5906,P_1-1-pt_4397,10.09999999999998
P_1-1-pt_5906,P_1-1-pt_7863,10.899999999999977
P_1-1-pt_5906,P_1-1-pt_5193,10.699999999999978
P_1-1-pt_5906,P_1-1-pt_7325,10.899999999999977
P_1-1-pt_5906,P_1-1-pt_8137,10.699999999999978
P_1-1-pt_5906,P_1-1-pt_5457,8.099999999999987
P_1-1-pt_5906,P_1-1-pt_6672,10.19999999999998
P_1-1-pt_5906,P_1-1-pt_5499,10.499999999999979
P_1-1-pt_5906,P_1-1-pt_704,10.499999999999979
P_1-1-pt_5906,P_1-1-pt_812,10.899999999999977
P_1-1-pt_5906,P_1-1-pt_8747,10.29999999999998
P_1-1-pt_5906,P_1-1-pt_7177,9.399999999999983
P_1-1-pt_5906,P_1-1-pt_3189,9.499999999999982
P_1-1-pt_5906,P_1-1-pt_1034,9.399999999999983
P_1-1-pt_5906,P_1-3_220,10.399999999999979
P_1-1-pt_5906,P_1-1-pt_6353,10.799999999999978
P_1-1-pt_5906,P_1-1-pt_4628,9.499999999999982
P_1-1-pt_5906,P_1-3_5376,19.0
P_1-1-pt_5906,P_1-1-pt_5051,9.199999999999983
P_1-1-pt_5906,P_1-1-pt_281,9.299999999999983
P_1-1-pt_5906,P_1-1-pt_1660,10.799999999999978
P_1-1-pt_5906,P_1-1-pt_3275,11.199999999999976
P_1-1-pt_5906,P_1-1-pt_2985,9.699999999999982
P_1-1-veh_837,P_1-3_4738,3188.999999998195
P_1-1-veh_837,P_1-2_5752,113.29999999999784
P_1-1-veh_837,P_1-2_3464,113.29999999999784
P_1-1-veh_837,P_1-2_3821,113.29999999999784
P_1-1-veh_837,P_1-2_2797,113.09999999999785
P_1-1-veh_837,P_1-2_2580,112.79999999999787
P_1-1-veh_837,P_2-1_2028,61.3000000000006
P_1-1-veh_837,P_1-2_2080,102.89999999999843
P_1-1-veh_837,P_2-1_857,102.99999999999842
P_1-1-veh_837,P_1-2_4646,82.3999999999996
P_1-1-veh_837,P_2-1_2626,71.50000000000021
P_1-1-veh_837,P_2-1_4458,82.1999999999996
P_1-1-veh_837,P_1-2_3210,82.2999999999996
P_1-1-veh_837,P_1-2_2767,41.100000000000314
P_1-1-veh_837,P_1-2_2470,61.80000000000061
P_1-1-veh_837,P_1-3_1755,72.10000000000018
P_1-1-veh_837,P_2-1_6106,61.80000000000061
P_1-1-veh_837,P_1-3_1002,61.600000000000605
P_1-1-veh_837,P_1-3_2501,41.200000000000315
P_1-1-veh_837,P_1-3_3231,61.80000000000061
P_1-1-veh_837,P_2-1_3205,585.6000000000646
P_1-1-veh_837,P_1-2_2625,613.600000000071
P_1-2_3224,P_1-1-pt_5818,4.5
P_1-2_3224,P_1-1-pt_3922,3.700000000000002
P_1-1-veh_834,P_1-1-pt_8289,34.800000000000225
P_1-1-veh_834,P_1-2_5753,42.70000000000034
P_1-1-veh_834,P_1-3_743,20.200000000000017
P_1-1-veh_834,P_1-3_2599,10.09999999999998
P_1-1-veh_834,P_1-2_5745,10.09999999999998
P_1-1-veh_834,P_1-1-veh_723,22.60000000000005
P_1-1-veh_834,P_1-2_186,76.59999999999992
P_1-1-veh_834,P_1-1-pt_101,8.299999999999986
P_1-1-veh_834,P_1-2_4465,10.799999999999978
P_1-1-veh_834,P_1-1-pt_1639,24.300000000000075
P_1-1-veh_834,P_1-2_4447,10.799999999999978
P_1-1-veh_834,P_1-3_5348,10.599999999999978
P_1-1-veh_834,P_1-3_1297,160.59999999999516
P_1-1-veh_834,P_1-1-pt_182,7.799999999999988
P_1-1-veh_834,P_1-2_4947,10.09999999999998
P_1-1-veh_834,P_1-3_4289,10.09999999999998
P_1-1-veh_834,P_1-3_5600,10.09999999999998
P_1-1-veh_834,P_2-1_2749,20.200000000000017
P_1-1-veh_834,P_2-1_1211,24.60000000000008
P_1-1-veh_834,P_1-2_1458,10.09999999999998
P_1-1-pt_5999,P_1-1-pt_7243,11.999999999999973
P_1-1-pt_5999,P_1-1-pt_7447,10.699999999999978
P_1-1-pt_5999,P_1-1-pt_5267,12.99999999999997
P_1-1-pt_5999,P_1-1-pt_7915,8.299999999999986
P_1-1-pt_5999,P_1-1-pt_3858,20.600000000000023
P_1-1-pt_5999,P_1-1-pt_2771,42.80000000000034
P_1-1-pt_5999,P_1-1-pt_5835,951.6000000001478
P_1-1-pt_5999,P_1-1-pt_2708,947.5000000001469
P_1-1-pt_5999,P_1-1-pt_1963,956.0000000001488
P_1-2_263,P_1-1-pt_2985,3.600000000000002
P_1-2_263,P_1-1-pt_7732,3.800000000000002
P_1-1-pt_2424,P_1-1-pt_3081,150.59999999999573
P_1-1-pt_2297,P_1-1-pt_8815,8.399999999999986
P_1-1-pt_2297,P_1-1-pt_703,8.799999999999985
P_1-1-pt_2297,P_1-1-pt_8123,8.699999999999985
P_1-1-pt_2297,P_1-1-pt_3881,8.899999999999984
P_1-1-pt_2297,P_1-1-pt_1561,8.499999999999986
P_1-1-pt_2297,P_1-1-pt_3700,10.799999999999978
P_1-1-pt_2297,P_1-3_4591,3.700000000000002
P_1-1-pt_2297,P_1-1-pt_3220,9.399999999999983
P_1-1-pt_2297,P_1-1-pt_4988,15.499999999999961
P_1-1-pt_2297,P_1-3_4328,22.300000000000047
P_1-1-pt_2297,P_1-1-pt_2334,11.199999999999976
P_1-1-pt_2297,P_1-1-pt_7634,10.899999999999977
P_1-1-pt_2297,P_1-2_659,3.700000000000002
P_1-1-pt_2297,P_1-1-pt_2369,24.200000000000074
P_1-1-pt_2297,P_1-1-pt_2947,12.299999999999972
P_1-1-pt_3176,P_1-1-pt_2961,11.599999999999975
P_1-1-pt_3176,P_1-1-pt_363,18.599999999999994
P_1-1-pt_7732,P_1-3_2985,3.600000000000002
P_1-1-pt_7732,P_1-2_1990,3.700000000000002
P_1-1-pt_7732,P_1-1-veh_602,3.700000000000002
P_1-1-pt_7732,P_1-2_4208,5.099999999999998
P_1-1-pt_7732,P_1-2_2345,3.800000000000002
P_1-1-pt_7732,P_1-1-pt_2985,10.999999999999977
P_1-1-pt_7732,P_1-3_2209,77.49999999999987
P_1-1-pt_7732,P_1-2_263,3.800000000000002
P_1-1-pt_7732,P_1-2_5983,3.700000000000002
P_1-1-pt_7732,P_1-3_2966,3.600000000000002
P_1-1-pt_7732,P_1-2_5806,3.600000000000002
P_1-1-pt_7732,P_1-1-veh_39,3.700000000000002
P_1-1-pt_7732,P_1-3_3963,6.099999999999994
P_1-1-pt_7732,P_1-2_364,14.599999999999964
P_1-1-pt_7732,P_1-1-pt_5298,2.1000000000000005
P_1-1-pt_7573,P_1-2_6013,3.700000000000002
P_1-1-pt_7573,P_2-1_2384,4.999999999999998
P_1-1-pt_7573,P_1-1-pt_3220,9.499999999999982
P_1-1-pt_7573,P_1-1-pt_6176,9.399999999999983
P_1-1-pt_7573,P_1-1-pt_4788,12.599999999999971
P_1-1-pt_7573,P_1-1-pt_7634,10.19999999999998
P_1-1-pt_7573,P_1-1-pt_787,10.499999999999979
P_1-1-pt_7573,P_1-1-pt_297,76.69999999999992
P_1-1-pt_7573,P_1-1-pt_4988,96.49999999999879
P_1-1-pt_7573,P_1-1-pt_2013,17.299999999999976
P_1-1-pt_7573,P_1-1-pt_1995,40.500000000000306
P_1-1-pt_7573,P_1-1-pt_2369,10.499999999999979
P_1-1-pt_7573,P_1-1-pt_7372,12.099999999999973
P_1-1-pt_7573,P_1-1-pt_521,10.799999999999978
P_1-1-pt_7573,P_1-1-pt_6974,10.599999999999978
P_1-1-pt_7573,P_1-1-pt_1610,12.499999999999972
P_1-1-pt_7573,P_1-1-pt_3671,10.999999999999977
P_1-1-pt_7573,P_1-1-pt_7243,11.299999999999976
P_1-1-pt_7573,P_1-1-pt_7881,21.00000000000003
P_1-1-pt_7573,P_1-1-pt_5167,11.599999999999975
P_1-1-pt_7573,P_1-1-pt_7447,149.4999999999958
P_1-1-pt_7573,P_1-1-pt_1747,11.099999999999977
P_1-1-pt_7573,P_1-1-pt_5267,240.09999999999064
P_1-2_3378,P_1-2_3077,91.29999999999909
P_1-2_3378,P_1-3_2180,0.30000000000000004
P_1-2_3378,P_1-3_2076,0.30000000000000004
P_1-2_3378,P_1-2_423,30.400000000000162
P_1-2_3378,P_1-2_5020,20.200000000000017
P_1-2_3378,P_1-2_471,18.799999999999997
P_1-2_3378,P_1-3_1588,16.19999999999996
P_1-2_3378,P_1-2_5805,21.00000000000003
P_1-2_3378,P_1-2_2590,22.000000000000043
P_1-2_3378,P_1-2_5092,20.200000000000017
P_1-2_3378,P_1-2_3614,8.399999999999986
P_1-2_1203,P_1-1-pt_2882,15.69999999999996
P_1-2_1203,P_1-1-pt_1108,9.099999999999984
P_1-3_1945,P_1-1-pt_5139,7.899999999999988
P_1-2_4771,P_1-1-pt_3910,3.800000000000002
P_1-2_4771,P_1-1-pt_3629,31.70000000000018
P_1-2_4771,P_1-1-pt_4572,31.70000000000018
P_1-2_4771,P_1-3_1503,31.400000000000176
P_1-2_4771,P_1-2_4339,30.90000000000017
P_1-2_4771,P_1-3_5079,40.80000000000031
P_1-2_4771,P_2-1_4755,40.400000000000304
P_1-2_4771,P_1-1-pt_1714,15.59999999999996
P_1-2_4771,P_1-2_2287,20.40000000000002
P_1-2_4771,P_2-1_4789,20.900000000000027
P_1-2_4771,P_1-2_2780,20.50000000000002
P_1-2_4771,P_1-2_3749,37.40000000000026
P_1-2_4771,P_1-3_1785,20.30000000000002
P_1-2_4771,P_1-1-pt_8911,15.59999999999996
P_1-2_4771,P_1-2_3081,20.200000000000017
P_1-2_4771,P_1-2_5951,10.599999999999978
P_1-2_3702,P_1-1-pt_4380,119.79999999999747
P_1-2_3702,P_1-1-pt_1006,13.499999999999968
P_1-2_3702,P_1-1-pt_7381,13.799999999999967
P_1-2_2875,P_1-1-pt_8435,10.599999999999978
P_1-2_2875,P_1-1-pt_494,5.899999999999995
P_1-2_2875,P_1-1-pt_2162,11.999999999999973
P_1-3_3494,P_1-1-pt_7213,3.700000000000002
P_1-3_3494,P_1-1-pt_7641,3.600000000000002
P_1-3_3494,P_1-1-pt_7760,21.600000000000037
P_1-3_3494,P_1-3_2955,17.59999999999998
P_1-3_3494,P_1-3_855,17.69999999999998
P_1-2_2795,P_1-1-pt_8247,36.00000000000024
P_1-2_2795,P_1-1-pt_1420,13.599999999999968
P_1-2_2795,P_1-1-pt_216,11.399999999999975
P_1-3_1324,P_1-1-pt_7071,5.999999999999995
P_1-3_283,P_1-2_2335,103.09999999999842
P_1-3_283,P_1-2_1334,71.90000000000019
P_1-3_283,P_1-1-pt_5468,55.40000000000052
P_1-3_283,P_1-3_3620,72.00000000000018
P_1-3_283,P_1-2_676,91.79999999999906
P_1-3_283,P_1-3_3787,30.90000000000017
P_1-3_4291,P_1-2_2215,20.100000000000016
P_1-3_4291,P_1-3_4503,20.200000000000017
P_1-3_4291,P_1-2_3444,20.200000000000017
P_1-3_4291,P_1-3_5020,20.30000000000002
P_1-3_4291,P_1-2_5935,20.40000000000002
P_1-3_4291,P_1-2_3432,20.30000000000002
P_1-3_4291,P_1-3_3889,20.100000000000016
P_1-3_4291,P_1-2_2792,20.100000000000016
P_1-3_4291,P_1-2_2306,20.100000000000016
P_1-3_4291,P_1-1-pt_5068,15.499999999999961
P_1-2_4329,P_1-1-pt_8375,365.30000000001456
P_1-2_4329,P_1-1-pt_8869,45.70000000000038
P_1-2_4329,P_1-1-pt_2431,10.599999999999978
P_1-2_5437,P_1-1-pt_3508,5.899999999999995
P_1-2_5437,P_1-1-pt_889,3.700000000000002
P_1-2_5437,P_1-1-pt_498,3.700000000000002
P_1-2_5437,P_1-1-pt_3797,3.600000000000002
P_1-2_5437,P_1-1-pt_1694,4.999999999999998
P_1-2_5437,P_1-1-pt_262,3.700000000000002
P_1-1-pt_8969,P_1-1-pt_1006,10.19999999999998
P_1-1-pt_8969,P_1-1-pt_7938,10.09999999999998
P_1-1-pt_8969,P_1-1-pt_3931,8.499999999999986
P_1-1-pt_8969,P_1-1-pt_2863,10.09999999999998
P_1-1-pt_8969,P_1-1-pt_8282,10.19999999999998
P_1-1-pt_8969,P_1-1-pt_2255,9.99999999999998
P_1-1-pt_8969,P_1-1-pt_3353,10.09999999999998
P_1-1-pt_8969,P_1-1-pt_842,10.19999999999998
P_1-1-pt_8969,P_1-1-pt_7890,10.19999999999998
P_1-1-pt_3386,P_1-1-veh_610,3.700000000000002
P_1-1-pt_3386,P_1-1-pt_761,10.699999999999978
P_1-1-pt_3386,P_1-1-pt_3097,9.199999999999983
P_1-1-pt_3386,P_1-1-pt_2834,9.699999999999982
P_1-1-pt_3386,P_1-1-pt_6297,10.19999999999998
P_1-1-pt_3386,P_1-1-pt_5199,10.799999999999978
P_1-1-pt_3386,P_1-1-pt_655,10.899999999999977
P_1-1-pt_3386,P_1-1-pt_6931,9.599999999999982
P_1-1-pt_3386,P_1-1-pt_1430,10.699999999999978
P_1-1-pt_3386,P_1-1-pt_5357,20.700000000000024
P_1-1-pt_3386,P_1-1-pt_216,20.700000000000024
P_1-1-pt_3386,P_1-1-pt_5727,1913.699999999355
P_1-1-pt_3386,P_1-1-pt_1323,1753.5999999995006
P_1-2_1265,P_2-1_1162,20.600000000000023
P_1-2_1265,P_2-1_2438,10.09999999999998
P_1-2_1265,P_2-1_410,10.09999999999998
P_1-2_1265,P_1-3_2745,10.09999999999998
P_1-2_1265,P_1-2_960,10.09999999999998
P_1-2_3716,P_1-2_4327,20.30000000000002
P_1-2_3716,P_1-2_4098,10.699999999999978
P_1-1-pt_1138,P_1-1-pt_1798,727.1000000000968
P_1-1-pt_1138,P_1-1-pt_3275,9.599999999999982
P_1-1-pt_1138,P_1-1-pt_1560,9.599999999999982
P_1-1-pt_1138,P_1-2_2983,8.399999999999986
P_1-1-pt_1138,P_1-3_1975,7.29999999999999
P_1-1-pt_1138,P_1-3_1292,24.500000000000078
P_1-1-pt_1138,P_1-1-pt_1966,9.499999999999982
P_1-1-pt_1138,P_1-1-pt_1240,9.399999999999983
P_1-1-pt_1138,P_1-1-pt_4595,10.599999999999978
P_1-1-pt_1138,P_1-1-pt_8747,22.300000000000047
P_1-1-pt_1138,P_1-1-pt_3189,22.40000000000005
P_1-1-pt_1138,P_1-1-pt_5392,19.300000000000004
P_1-1-pt_1138,P_1-1-pt_8762,2030.9999999992483
P_1-1-pt_1138,P_1-1-pt_5457,1795.999999999462
P_1-1-pt_1138,P_1-1-pt_1981,2024.3999999992543
P_1-1-pt_1138,P_1-1-pt_6353,18.699999999999996
P_1-1-pt_4595,P_1-2_2512,16.599999999999966
P_1-1-pt_4595,P_1-1-pt_6368,8.599999999999985
P_1-1-pt_4595,P_1-1-pt_7325,8.399999999999986
P_1-1-pt_4595,P_1-1-pt_8137,7.499999999999989
P_1-1-pt_4595,P_1-1-pt_8762,10.699999999999978
P_1-1-pt_4595,P_1-1-pt_1138,10.599999999999978
P_1-1-pt_4595,P_1-1-pt_5457,10.899999999999977
P_1-1-pt_4595,P_1-1-pt_6672,11.199999999999976
P_1-1-pt_4595,P_1-1-pt_5499,9.399999999999983
P_1-1-pt_4595,P_1-1-pt_704,9.499999999999982
P_1-1-pt_4595,P_1-1-pt_812,9.599999999999982
P_1-1-pt_4595,P_1-1-pt_8747,11.099999999999977
P_1-1-pt_4595,P_1-1-pt_7177,9.399999999999983
P_1-1-pt_4595,P_1-1-pt_3189,9.799999999999981
P_1-1-pt_4595,P_1-1-pt_1034,9.399999999999983
P_1-1-pt_4595,P_1-3_5376,19.500000000000007
P_1-1-pt_4595,P_1-1-pt_6353,10.699999999999978
P_1-1-pt_4595,P_1-1-pt_4628,9.299999999999983
P_1-1-pt_4595,P_1-1-pt_3306,9.89999999999998
P_1-1-pt_4595,P_1-1-pt_5051,9.399999999999983
P_1-1-pt_4595,P_1-1-pt_281,9.699999999999982
P_1-1-pt_4595,P_1-1-pt_1660,10.699999999999978
P_1-1-pt_4595,P_1-1-pt_3275,11.999999999999973
P_1-1-pt_4595,P_1-1-pt_2985,9.299999999999983
P_1-3_3536,P_1-1-pt_1542,4.999999999999998
P_1-3_3536,P_1-1-pt_7071,3.800000000000002
P_1-3_3536,P_1-1-pt_2012,22.300000000000047
P_1-1-pt_3353,P_1-1-pt_4823,11.199999999999976
P_1-1-pt_3353,P_1-3_2528,1.4000000000000001
P_1-1-pt_3353,P_1-2_4715,5.399999999999997
P_1-1-pt_3353,P_1-1-pt_2770,10.09999999999998
P_1-1-pt_3353,P_1-2_2879,3.700000000000002
P_1-1-pt_3353,P_1-2_1196,10.09999999999998
P_1-1-pt_3353,P_1-1-pt_5070,10.999999999999977
P_1-1-pt_3353,P_1-1-pt_6355,10.699999999999978
P_1-1-pt_3353,P_1-2_4454,7.29999999999999
P_1-1-pt_3353,P_1-2_3590,7.19999999999999
P_1-1-pt_3353,P_1-1-pt_8982,10.19999999999998
P_1-1-pt_3353,P_1-1-pt_8969,10.09999999999998
P_1-1-pt_3353,P_1-1-pt_2255,25.700000000000095
P_1-1-pt_3353,P_1-1-pt_8869,20.800000000000026
P_1-1-pt_3353,P_1-1-pt_8850,11.699999999999974
P_1-1-veh_792,P_1-1-pt_7760,3.800000000000002
P_1-1-veh_792,P_1-1-pt_1108,3.700000000000002
P_1-1-veh_792,P_1-1-pt_3769,3.900000000000002
P_1-1-veh_792,P_1-1-pt_3214,15.89999999999996
P_1-1-veh_792,P_1-1-pt_7412,4.899999999999999
P_1-1-veh_792,P_1-1-pt_1304,9.99999999999998
P_1-1-veh_792,P_1-1-pt_5066,14.599999999999964
P_1-1-veh_792,P_1-1-pt_5346,16.599999999999966
P_1-1-veh_792,P_1-1-pt_7863,6.699999999999992
P_1-1-veh_792,P_1-1-pt_3046,17.49999999999998
P_1-1-veh_792,P_1-1-pt_5193,1.0999999999999999
P_1-3_2421,P_1-3_4124,20.200000000000017
P_1-2_3389,P_1-1-veh_234,10.29999999999998
P_1-2_3389,P_1-1-pt_8682,7.799999999999988
P_1-2_3389,P_1-1-pt_3779,3.700000000000002
P_1-2_3389,P_1-1-pt_7080,7.799999999999988
P_1-2_3389,P_1-1-pt_7262,8.899999999999984
P_1-2_1017,P_1-1-pt_1296,3.600000000000002
P_1-2_1017,P_1-3_990,4.699999999999999
P_1-2_1017,P_1-2_1559,10.399999999999979
P_1-2_1017,P_1-1-pt_1542,3.600000000000002
P_1-2_1017,P_1-1-pt_7071,4.000000000000002
P_1-2_1017,P_1-2_3693,10.09999999999998
P_1-2_1017,P_1-1-pt_2012,3.600000000000002
P_1-2_3413,P_1-1-pt_1306,382.1000000000184
P_1-2_3413,P_1-1-pt_8718,3.800000000000002
P_1-2_3413,P_1-3_5334,12.599999999999971
P_1-2_3413,P_1-1-pt_3927,19.300000000000004
P_1-2_3413,P_1-3_574,1.0999999999999999
P_1-1-pt_654,P_1-2_2543,14.999999999999963
P_1-1-pt_654,P_1-3_1975,6.199999999999994
P_1-1-pt_654,P_1-2_3589,10.399999999999979
P_1-1-pt_654,P_1-2_4340,9.599999999999982
P_1-1-pt_654,P_1-2_2034,6.099999999999994
P_1-1-pt_654,P_1-1-pt_3916,17.799999999999983
P_1-2_3081,P_1-1-pt_3910,5.899999999999995
P_1-2_3081,P_1-1-pt_6346,3.700000000000002
P_1-2_3081,P_1-1-pt_1714,7.799999999999988
P_1-2_3081,P_1-2_2287,10.19999999999998
P_1-2_3081,P_1-2_4771,20.200000000000017
P_1-2_3081,P_1-3_5079,10.09999999999998
P_1-2_3081,P_1-3_1785,10.19999999999998
P_1-2_3081,P_2-1_4755,10.09999999999998
P_1-2_3081,P_1-2_3749,20.50000000000002
P_1-2_3081,P_2-1_4789,20.900000000000027
P_1-2_3081,P_1-2_4339,20.50000000000002
P_1-2_3081,P_1-1-pt_8911,7.999999999999988
P_1-2_3081,P_1-1-pt_3629,16.19999999999996
P_1-2_3081,P_1-1-pt_4572,15.89999999999996
P_1-2_3081,P_1-2_2780,20.50000000000002
P_1-2_3081,P_1-3_1503,20.50000000000002
P_1-2_3081,P_1-2_5951,10.19999999999998
P_1-3_3410,P_1-2_4634,60.70000000000059
P_1-3_3410,P_1-3_4775,40.400000000000304
P_1-3_3410,P_1-3_2410,9.89999999999998
P_1-3_3410,P_1-3_3253,44.30000000000036
P_1-3_3410,P_1-3_2018,10.29999999999998
P_1-3_3410,P_1-3_2633,30.100000000000158
P_1-3_3410,P_1-3_331,23.500000000000064
P_1-3_3410,P_1-2_5210,10.09999999999998
P_1-3_3410,P_1-2_573,10.09999999999998
P_1-3_3410,P_1-3_4954,10.09999999999998
P_1-3_3410,P_1-3_4875,120.69999999999742
P_1-3_3410,P_1-3_1815,21.400000000000034
P_1-3_3410,P_1-3_835,10.09999999999998
P_1-3_3410,P_2-1_1646,307.5000000000014
P_1-3_3410,P_2-1_5411,258.89999999999037
P_1-3_3410,P_1-2_3943,23.500000000000064
P_1-3_3410,P_1-1-pt_1044,21.20000000000003
P_1-1-pt_8739,P_1-1-pt_2427,65.80000000000054
P_1-1-pt_1798,P_1-1-pt_1298,9.499999999999982
P_1-1-pt_1798,P_1-1-pt_3571,10.499999999999979
P_1-1-pt_1798,P_1-1-pt_1138,727.1000000000968
P_1-1-pt_1798,P_1-1-pt_4262,10.699999999999978
P_1-1-pt_1798,P_1-1-pt_5154,1018.600000000163
P_1-1-pt_1798,P_1-1-pt_2748,912.5000000001389
P_1-1-pt_5298,P_1-1-pt_3927,10.19999999999998
P_1-1-pt_5298,P_1-1-pt_5499,10.09999999999998
P_1-1-pt_5298,P_1-1-pt_3571,10.19999999999998
P_1-1-pt_5298,P_1-1-pt_812,165.79999999999487
P_1-1-pt_5298,P_1-2_1601,8.199999999999987
P_1-1-pt_5298,P_1-1-pt_2383,9.199999999999983
P_1-1-pt_5298,P_1-1-pt_7732,2.1000000000000005
P_1-1-pt_5298,P_1-1-pt_1560,18.9
P_2-1_3119,P_2-1_3778,10.09999999999998
P_2-1_3119,P_2-1_3797,10.09999999999998
P_2-1_3119,P_2-1_595,10.09999999999998
P_2-1_3119,P_2-1_3175,9.99999999999998
P_2-1_3119,P_1-2_2715,7.999999999999988
P_2-1_3119,P_1-2_5834,9.99999999999998
P_1-3_1571,P_1-1-pt_5997,10.19999999999998
P_1-3_1571,P_1-1-pt_8404,8.799999999999985
P_1-3_1571,P_1-1-pt_4064,15.099999999999962
P_1-3_1571,P_1-1-pt_7201,14.799999999999963
P_1-3_1571,P_1-1-pt_467,9.199999999999983
P_1-1-pt_2952,P_1-1-veh_337,298.79999999999944
P_1-1-pt_2952,P_1-2_5640,12.599999999999971
P_1-1-pt_2952,P_1-1-veh_5,31.60000000000018
P_1-1-pt_2952,P_1-1-pt_8909,18.19999999999999
P_1-1-pt_2952,P_1-2_3693,15.399999999999961
P_1-1-pt_7948,P_1-2_3144,14.899999999999963
P_1-1-pt_7948,P_1-1-pt_5258,17.999999999999986
P_1-1-pt_7325,P_1-1-pt_8137,54.2000000000005
P_1-1-pt_7325,P_1-1-pt_3275,10.899999999999977
P_1-1-pt_7325,P_1-1-pt_1560,10.899999999999977
P_1-1-pt_7325,P_1-1-pt_1966,10.999999999999977
P_1-1-pt_7325,P_1-1-pt_4595,8.399999999999986
P_1-1-pt_7325,P_1-1-pt_5906,10.899999999999977
P_1-1-pt_7325,P_1-1-pt_3128,10.499999999999979
P_1-1-pt_7325,P_1-1-pt_1226,10.799999999999978
P_1-1-pt_7325,P_1-1-pt_3624,10.09999999999998
P_1-1-pt_7325,P_1-1-pt_2992,10.899999999999977
P_1-1-pt_7325,P_1-1-pt_3214,10.899999999999977
P_1-1-pt_7325,P_1-1-pt_7412,10.699999999999978
P_1-1-pt_7325,P_1-1-pt_5066,10.599999999999978
P_1-1-pt_7325,P_1-1-pt_5346,10.899999999999977
P_1-1-pt_7325,P_1-1-pt_3046,10.799999999999978
P_1-1-pt_7325,P_1-1-pt_8586,10.999999999999977
P_1-1-pt_7325,P_1-1-pt_1449,11.899999999999974
P_1-1-pt_7325,P_1-1-pt_6453,9.89999999999998
P_1-1-pt_7325,P_1-1-pt_385,10.499999999999979
P_1-1-pt_7325,P_1-1-pt_7213,11.399999999999975
P_1-1-pt_4380,P_1-1-pt_7440,10.09999999999998
P_1-1-pt_4380,P_1-1-pt_8994,19.200000000000003
P_1-1-pt_4380,P_1-2_3702,119.79999999999747
P_1-2_303,P_1-1-pt_776,16.89999999999997
P_1-2_303,P_1-1-pt_4879,18.499999999999993
P_1-2_2215,P_1-3_4291,20.100000000000016
P_1-2_2215,P_1-3_4503,20.100000000000016
P_1-2_2215,P_1-2_3444,20.200000000000017
P_1-2_2215,P_1-3_5020,20.40000000000002
P_1-2_2215,P_1-2_5935,20.50000000000002
P_1-2_2215,P_2-1_3664,6.199999999999994
P_1-2_2215,P_1-2_3432,20.40000000000002
P_1-2_2215,P_1-3_3889,20.40000000000002
P_1-2_2215,P_1-2_2792,20.40000000000002
P_1-2_2215,P_1-2_2306,10.09999999999998
P_1-2_2215,P_1-1-pt_5068,15.399999999999961
P_1-1-veh_610,P_1-1-pt_4996,3.600000000000002
P_1-1-veh_610,P_1-1-pt_3386,3.700000000000002
P_1-1-veh_610,P_1-1-pt_2218,3.700000000000002
P_1-1-veh_610,P_1-1-pt_3762,3.700000000000002
P_1-1-veh_610,P_1-1-pt_8280,3.600000000000002
P_1-1-veh_610,P_1-1-pt_7243,3.5000000000000018
P_1-1-veh_610,P_1-1-pt_521,3.600000000000002
P_1-1-veh_610,P_1-1-pt_23,3.600000000000002
P_1-1-veh_610,P_1-1-pt_5666,7.899999999999988
P_1-1-veh_610,P_1-1-pt_8731,14.999999999999963
P_1-1-veh_610,P_1-1-pt_3207,5.099999999999998
P_1-1-veh_610,P_1-1-pt_2880,10.29999999999998
P_1-1-veh_610,P_1-1-pt_4345,3.800000000000002
P_1-1-veh_610,P_1-1-pt_6743,8.399999999999986
P_1-1-veh_610,P_2-1_2098,15.399999999999961
P_1-2_5765,P_1-3_2786,11.499999999999975
P_1-1-pt_7277,P_1-1-pt_5258,10.19999999999998
P_1-1-pt_7277,P_1-1-pt_3931,8.599999999999985
P_1-1-pt_7277,P_1-1-pt_2164,10.29999999999998
P_1-1-pt_7277,P_2-1_5552,8.899999999999984
P_1-1-pt_7277,P_1-1-pt_1396,8.599999999999985
P_1-1-pt_7277,P_1-1-pt_7638,11.099999999999977
P_1-1-pt_7277,P_1-1-pt_6381,10.19999999999998
P_1-1-pt_7277,P_1-1-pt_4212,10.699999999999978
P_1-1-pt_8137,P_1-1-pt_7325,54.2000000000005
P_1-1-pt_8137,P_1-1-pt_3275,10.799999999999978
P_1-1-pt_8137,P_1-1-pt_1560,11.099999999999977
P_1-1-pt_8137,P_1-1-pt_1966,10.599999999999978
P_1-1-pt_8137,P_1-1-pt_4595,7.499999999999989
P_1-1-pt_8137,P_1-1-pt_5906,10.699999999999978
P_1-1-pt_8137,P_1-1-pt_3128,10.899999999999977
P_1-1-pt_8137,P_1-1-pt_1226,10.799999999999978
P_1-1-pt_8137,P_1-1-pt_3624,9.199999999999983
P_1-1-pt_8137,P_1-1-pt_2992,10.699999999999978
P_1-1-pt_8137,P_1-1-pt_3214,10.599999999999978
P_1-1-pt_8137,P_1-1-pt_7412,10.699999999999978
P_1-1-pt_8137,P_1-1-pt_5066,10.599999999999978
P_1-1-pt_8137,P_1-1-pt_5346,10.699999999999978
P_1-1-pt_8137,P_1-1-pt_3046,10.799999999999978
P_1-1-pt_8137,P_1-1-pt_8586,10.699999999999978
P_1-1-pt_8137,P_1-1-pt_1108,11.099999999999977
P_1-1-pt_8137,P_1-2_502,5.4999999999999964
P_1-1-pt_8137,P_1-2_1512,3.700000000000002
P_1-1-pt_8137,P_1-1-pt_5941,4.4
P_1-1-pt_8137,P_1-1-pt_6389,10.29999999999998
P_1-1-pt_8137,P_1-1-pt_812,10.999999999999977
P_1-1-pt_6389,P_1-1-pt_3512,178.29999999999416
P_1-1-pt_6389,P_1-1-pt_2927,8.499999999999986
P_1-1-pt_6389,P_1-3_687,15.299999999999962
P_1-1-pt_6389,P_1-1-pt_6903,8.799999999999985
P_1-1-pt_6389,P_1-1-pt_812,12.99999999999997
P_1-1-pt_6389,P_1-1-pt_3762,11.399999999999975
P_1-1-pt_6389,P_1-1-pt_1226,15.299999999999962
P_1-1-pt_6389,P_1-1-pt_2992,17.49999999999998
P_1-1-pt_6389,P_1-1-pt_3214,10.499999999999979
P_1-1-pt_6389,P_1-1-pt_7412,10.599999999999978
P_1-1-pt_6389,P_1-1-pt_5066,10.999999999999977
P_1-1-pt_6389,P_1-1-pt_5346,11.199999999999976
P_1-1-pt_6389,P_1-1-pt_3046,10.899999999999977
P_1-1-pt_6389,P_1-1-pt_8586,10.799999999999978
P_1-1-pt_6389,P_1-1-pt_8137,10.29999999999998
P_1-3_2786,P_1-2_5765,11.499999999999975
P_1-1-pt_5913,P_1-1-pt_3595,24.200000000000074
P_1-1-pt_7208,P_1-1-pt_5078,10.999999999999977
P_1-1-pt_7208,P_1-1-pt_5066,14.499999999999964
P_1-1-pt_7208,P_1-1-pt_761,11.099999999999977
P_1-1-pt_7208,P_1-1-pt_1020,10.599999999999978
P_1-1-pt_7208,P_1-1-pt_6671,19.300000000000004
P_1-1-pt_7208,P_1-1-pt_571,12.399999999999972
P_1-1-pt_7208,P_1-1-pt_3230,11.999999999999973
P_1-1-pt_7208,P_1-1-pt_4736,12.299999999999972
P_1-1-pt_7208,P_1-1-pt_824,23.400000000000063
P_1-1-pt_7208,P_1-2_659,3.900000000000002
P_1-1-pt_7208,P_1-1-pt_2947,10.29999999999998
P_1-1-pt_7208,P_1-1-pt_5170,10.999999999999977
P_1-1-pt_7208,P_1-2_4445,6.199999999999994
P_1-1-pt_7208,P_2-1_4871,11.399999999999975
P_1-1-pt_7208,P_1-1-pt_2771,11.099999999999977
P_2-1_2987,P_1-1-pt_3669,3.5000000000000018
P_2-1_2987,P_1-3_5265,10.09999999999998
P_2-1_2987,P_1-3_80,10.09999999999998
P_2-1_2911,P_1-1-pt_6189,13.299999999999969
P_2-1_2911,P_1-1-pt_2425,1037.5000000001519
P_2-1_2911,P_1-1-pt_1601,6.8999999999999915
P_1-1-veh_5,P_1-2_5640,10.09999999999998
P_1-1-veh_5,P_1-1-veh_337,10.19999999999998
P_1-1-veh_5,P_1-1-pt_2952,31.60000000000018
P_1-1-veh_5,P_1-2_3693,17.899999999999984
P_1-2_671,P_1-2_1559,33.60000000000021
P_1-1-pt_3916,P_1-1-pt_6176,11.899999999999974
P_1-1-pt_3916,P_1-1-pt_297,11.499999999999975
P_1-1-pt_3916,P_1-1-pt_761,10.699999999999978
P_1-1-pt_3916,P_1-1-pt_3097,11.099999999999977
P_1-1-pt_3916,P_1-1-pt_6031,10.19999999999998
P_1-1-pt_3916,P_1-1-pt_255,10.899999999999977
P_1-1-pt_3916,P_1-1-pt_1108,10.699999999999978
P_1-1-pt_3916,P_1-1-pt_494,10.599999999999978
P_1-1-pt_3916,P_1-1-pt_2162,10.699999999999978
P_1-1-pt_3916,P_1-1-pt_5897,10.699999999999978
P_1-1-pt_3916,P_1-1-pt_3769,10.799999999999978
P_1-1-pt_3916,P_1-1-pt_4671,10.999999999999977
P_1-1-pt_3916,P_1-1-pt_1270,10.699999999999978
P_1-1-pt_3916,P_1-1-pt_4919,10.799999999999978
P_1-1-pt_3916,P_1-1-pt_1304,10.799999999999978
P_1-1-pt_3916,P_1-1-pt_4397,10.899999999999977
P_1-1-pt_3916,P_1-1-pt_8545,10.19999999999998
P_1-1-pt_3916,P_1-1-pt_1542,10.699999999999978
P_1-1-pt_3916,P_1-1-pt_5941,10.799999999999978
P_1-1-pt_3916,P_1-1-pt_8718,10.799999999999978
P_1-1-pt_3916,P_1-1-pt_7114,10.799999999999978
P_1-1-pt_3916,P_1-1-pt_4850,11.299999999999976
P_1-1-pt_3916,P_1-1-pt_654,17.799999999999983
P_1-3_2633,P_1-2_4634,30.20000000000016
P_1-3_2633,P_1-3_4775,30.000000000000156
P_1-3_2633,P_1-3_2410,9.99999999999998
P_1-3_2633,P_1-3_3253,34.70000000000022
P_1-3_2633,P_1-3_2018,10.09999999999998
P_1-3_2633,P_2-1_1646,53.40000000000049
P_1-3_2633,P_2-1_5411,60.50000000000059
P_1-3_2633,P_1-3_331,30.90000000000017
P_1-3_2633,P_1-2_5210,23.30000000000006
P_1-3_2633,P_1-2_573,21.600000000000037
P_1-3_2633,P_1-3_4954,22.800000000000054
P_1-3_2633,P_1-3_4875,22.60000000000005
P_1-3_2633,P_1-3_1815,27.900000000000126
P_1-3_2633,P_1-1-pt_1594,15.499999999999961
P_1-3_2633,P_1-3_3410,30.100000000000158
P_1-3_2633,P_1-1-pt_6226,23.30000000000006
P_1-3_2633,P_1-1-pt_1044,40.90000000000031
P_1-3_2633,P_1-3_3639,32.50000000000019
P_1-3_2633,P_1-2_2193,40.2000000000003
P_1-3_2633,P_1-3_1693,11.699999999999974
P_1-3_2633,P_1-2_5588,29.300000000000146
P_1-3_2633,P_1-3_5023,30.100000000000158
P_1-3_2633,P_1-2_2828,171.89999999999452
P_1-3_2633,P_1-2_3383,20.100000000000016
P_1-3_2633,P_1-2_5800,22.000000000000043
P_1-3_2633,P_1-2_3943,12.99999999999997
P_1-2_2338,P_1-1-pt_8869,31.00000000000017
P_1-2_2338,P_2-1_5067,9.89999999999998
P_1-2_171,P_1-3_5117,45.70000000000038
P_1-2_171,P_1-1-pt_638,6.199999999999994
P_1-2_171,P_1-2_4285,145.19999999999604
P_1-2_171,P_1-1-pt_868,3.0000000000000013
P_1-1-pt_3800,P_1-1-pt_5960,10.699999999999978
P_1-1-pt_3800,P_1-1-pt_6189,10.599999999999978
P_1-1-pt_3800,P_1-1-pt_842,10.599999999999978
P_1-1-pt_3800,P_1-1-pt_7890,10.899999999999977
P_1-1-pt_3800,P_1-1-pt_5587,11.099999999999977
P_1-3_5550,P_1-1-pt_6262,13.09999999999997
P_1-3_5550,P_1-1-pt_1601,7.999999999999988
P_2-1_2161,P_1-2_4734,40.80000000000031
P_2-1_2161,P_1-2_4206,40.80000000000031
P_2-1_2161,P_1-3_1500,40.80000000000031
P_2-1_2161,P_1-3_3901,40.70000000000031
P_2-1_2161,P_1-2_1420,40.60000000000031
P_2-1_2161,P_1-3_228,40.60000000000031
P_2-1_2161,P_1-3_3776,30.600000000000165
P_2-1_2161,P_1-3_874,30.400000000000162
P_2-1_2161,P_1-3_1615,30.500000000000163
P_2-1_2161,P_1-2_5885,30.600000000000165
P_2-1_2161,P_1-3_5141,30.500000000000163
P_2-1_2161,P_2-1_3599,30.600000000000165
P_2-1_2161,P_1-3_2454,20.30000000000002
P_2-1_2161,P_2-1_6008,30.600000000000165
P_2-1_2161,P_1-2_1656,30.600000000000165
P_2-1_2161,P_1-2_1053,30.600000000000165
P_2-1_2161,P_2-1_2785,30.500000000000163
P_2-1_2161,P_1-2_5495,20.40000000000002
P_2-1_2161,P_1-2_4452,20.40000000000002
P_2-1_2161,P_1-3_3834,20.40000000000002
P_2-1_2161,P_1-3_1657,20.40000000000002
P_2-1_2161,P_1-2_3280,10.19999999999998
P_2-1_2161,P_1-3_3046,10.19999999999998
P_2-1_2161,P_1-3_3457,10.19999999999998
P_2-1_2161,P_1-3_372,10.19999999999998
P_2-1_2161,P_1-3_4168,10.19999999999998
P_2-1_2161,P_1-3_2053,10.19999999999998
P_2-1_2161,P_1-3_3054,10.19999999999998
P_2-1_2161,P_1-3_2256,10.19999999999998
P_2-1_2161,P_1-3_970,10.19999999999998
P_2-1_2161,P_1-3_5359,10.19999999999998
P_2-1_2161,P_1-3_2203,10.19999999999998
P_2-1_2161,P_1-3_2540,10.09999999999998
P_2-1_2161,P_1-3_1243,10.19999999999998
P_2-1_4788,P_1-2_4853,14.299999999999965
P_2-1_4788,P_2-1_6130,10.19999999999998
P_1-3_2482,P_1-2_1025,10.699999999999978
P_1-1-pt_2503,P_1-1-pt_6334,4.4
P_1-1-pt_2503,P_1-3_4060,9.199999999999983
P_1-1-pt_2503,P_1-3_2397,7.899999999999988
P_1-1-pt_2503,P_1-2_1255,10.899999999999977
P_1-1-pt_2503,P_1-3_5252,7.29999999999999
P_1-1-pt_2503,P_2-1_5975,7.19999999999999
P_1-1-pt_2503,P_1-2_659,2.800000000000001
P_1-3_28,P_2-1_2299,13.09999999999997
P_1-1-veh_603,P_1-1-pt_467,10.19999999999998
P_1-1-veh_603,P_1-3_410,6.299999999999994
P_1-1-pt_1497,P_1-1-pt_3671,62.200000000000614
P_1-1-pt_1497,P_1-1-pt_6974,42.10000000000033
P_1-1-pt_1497,P_1-1-pt_5167,79.49999999999976
P_1-1-pt_1497,P_1-1-pt_1747,60.900000000000595
P_1-1-pt_1497,P_1-1-pt_98,29.300000000000146
P_1-1-pt_1497,P_1-1-pt_8016,20.600000000000023
P_1-1-pt_1497,P_1-1-pt_2702,60.800000000000594
P_1-1-pt_1497,P_1-2_3887,7.899999999999988
P_1-1-pt_1497,P_1-1-veh_302,6.5999999999999925
P_1-1-pt_1497,P_1-1-pt_562,15.099999999999962
P_1-1-pt_1497,P_1-1-pt_4736,26.1000000000001
P_1-1-pt_1497,P_1-1-pt_4589,9.099999999999984
P_1-1-pt_1497,P_1-1-pt_5267,44.40000000000036
P_1-1-pt_1497,P_1-1-pt_521,24.500000000000078
P_1-1-pt_1497,P_1-1-pt_1610,54.80000000000051
P_1-1-pt_1497,P_1-1-pt_2194,127.49999999999703
P_1-1-pt_1497,P_1-1-pt_2004,20.900000000000027
P_1-1-pt_1497,P_1-1-pt_2920,10.19999999999998
P_1-1-pt_1497,P_1-1-pt_4070,8.599999999999985
P_1-1-pt_1497,P_1-1-pt_4363,10.29999999999998
P_1-1-pt_1497,P_1-1-pt_8731,9.89999999999998
P_1-1-pt_1497,P_1-1-pt_7355,10.09999999999998
P_1-1-pt_1497,P_1-1-pt_5173,12.299999999999972
P_1-1-pt_1497,P_1-1-pt_2369,20.900000000000027
P_1-1-pt_1497,P_1-1-pt_7243,9.89999999999998
P_1-1-pt_1497,P_1-1-pt_7447,20.40000000000002
P_1-1-pt_1497,P_1-1-pt_7881,51.90000000000047
P_1-1-pt_1497,P_1-1-pt_7372,10.399999999999979
P_1-1-pt_1497,P_1-1-pt_2013,11.699999999999974
P_1-1-pt_1497,P_1-1-pt_4345,9.89999999999998
P_1-1-pt_1497,P_1-1-pt_3858,10.499999999999979
P_1-1-pt_1497,P_1-1-pt_2880,9.599999999999982
P_1-1-pt_1497,P_1-1-pt_1853,11.199999999999976
P_1-1-pt_1497,P_1-1-pt_3025,10.19999999999998
P_1-2_4285,P_1-3_4124,10.399999999999979
P_1-2_4285,P_1-2_171,145.19999999999604
P_1-2_4285,P_1-2_1356,277.0999999999945
P_1-2_4285,P_1-1-pt_3638,16.599999999999966
P_1-2_4285,P_1-1-pt_4064,16.29999999999996
P_1-2_4285,P_1-1-pt_7201,16.19999999999996
P_1-2_4285,P_1-1-pt_467,9.199999999999983
P_1-1-pt_498,P_1-3_743,3.800000000000002
P_1-1-pt_498,P_1-3_2599,3.700000000000002
P_1-1-pt_498,P_1-2_5745,3.600000000000002
P_1-1-pt_498,P_1-1-pt_8735,10.09999999999998
P_1-1-pt_498,P_1-1-pt_1723,888.1000000001334
P_1-1-pt_498,P_1-2_4266,3.600000000000002
P_1-1-pt_498,P_1-3_1535,3.600000000000002
P_1-1-pt_498,P_1-2_3427,3.800000000000002
P_1-1-pt_498,P_1-3_5238,3.700000000000002
P_1-1-pt_498,P_1-3_2212,3.900000000000002
P_1-1-pt_498,P_1-3_2257,3.700000000000002
P_1-1-pt_498,P_1-2_808,3.700000000000002
P_1-1-pt_498,P_1-2_1492,7.29999999999999
P_1-1-pt_498,P_1-1-pt_2032,10.09999999999998
P_1-1-pt_498,P_1-2_609,3.700000000000002
P_1-1-pt_498,P_1-2_1230,3.600000000000002
P_1-1-pt_498,P_1-3_4983,3.700000000000002
P_1-1-pt_498,P_1-2_4371,3.800000000000002
P_1-1-pt_498,P_1-2_5437,3.700000000000002
P_1-1-pt_498,P_1-1-pt_192,10.499999999999979
P_1-1-pt_498,P_1-2_4270,3.800000000000002
P_1-1-pt_498,P_1-2_172,3.800000000000002
P_1-3_3755,P_1-1-pt_3188,3.700000000000002
P_1-3_3755,P_1-1-pt_6368,8.799999999999985
P_1-3_3755,P_1-1-pt_1306,19.900000000000013
P_1-3_3755,P_1-2_3052,10.09999999999998
P_1-3_2745,P_2-1_2438,20.30000000000002
P_1-3_2745,P_2-1_410,20.30000000000002
P_1-3_2745,P_1-2_960,10.09999999999998
P_1-3_2745,P_1-2_1265,10.09999999999998
P_1-3_2745,P_1-2_3952,10.19999999999998
P_1-1-pt_1723,P_1-3_743,98.79999999999866
P_1-1-pt_1723,P_1-3_2599,3.700000000000002
P_1-1-pt_1723,P_1-2_5745,3.600000000000002
P_1-1-pt_1723,P_1-1-pt_498,888.1000000001334
P_1-1-pt_1723,P_1-1-pt_8735,80.89999999999968
P_1-1-pt_1723,P_1-1-pt_8548,10.799999999999978
P_1-1-pt_1723,P_1-1-pt_8384,11.199999999999976
P_1-1-pt_1723,P_1-3_3076,3.700000000000002
P_1-1-pt_1723,P_1-1-pt_182,20.30000000000002
P_1-1-pt_1723,P_1-2_4947,7.39999999999999
P_1-1-pt_1723,P_1-3_4289,3.800000000000002
P_1-1-pt_1723,P_1-1-pt_8184,20.200000000000017
P_1-1-pt_1723,P_1-2_808,3.700000000000002
P_1-1-pt_1723,P_1-1-pt_5563,10.799999999999978
P_1-1-pt_4901,P_1-1-pt_8553,64.10000000000063
P_1-1-pt_4901,P_1-1-pt_7258,8.399999999999986
P_1-1-pt_4901,P_1-1-pt_5078,22.60000000000005
P_1-1-pt_4901,P_1-3_4425,0.7
P_1-1-pt_4901,P_1-1-pt_8682,10.19999999999998
P_1-1-pt_4901,P_1-1-pt_6688,10.499999999999979
P_1-1-pt_4901,P_1-1-pt_5376,8.699999999999985
P_1-1-pt_4901,P_1-1-pt_624,11.199999999999976
P_1-1-pt_4901,P_1-1-pt_3474,11.499999999999975
P_1-1-pt_4901,P_1-1-pt_5876,10.999999999999977
P_1-1-pt_4901,P_1-2_505,38.10000000000027
P_1-1-pt_4901,P_1-1-pt_357,11.299999999999976
P_1-1-pt_4901,P_1-1-pt_3700,10.799999999999978
P_1-1-pt_4901,P_2-1_2384,13.999999999999966
P_1-1-pt_4901,P_1-1-pt_1940,21.20000000000003
P_1-1-pt_4901,P_1-1-pt_150,26.900000000000112
P_1-1-pt_4919,P_1-3_3545,11.099999999999977
P_1-1-pt_4919,P_1-1-pt_3275,10.599999999999978
P_1-1-pt_4919,P_1-1-pt_1560,10.499999999999979
P_1-1-pt_4919,P_1-1-pt_1966,10.799999999999978
P_1-1-pt_4919,P_1-1-pt_5906,10.799999999999978
P_1-1-pt_4919,P_1-1-pt_1238,10.499999999999979
P_1-1-pt_4919,P_1-1-pt_3916,10.799999999999978
P_1-1-pt_4919,P_1-1-pt_3128,10.799999999999978
P_1-1-pt_4919,P_1-1-pt_1108,10.399999999999979
P_1-1-pt_4919,P_1-1-pt_1226,10.899999999999977
P_1-1-pt_4919,P_1-1-pt_3624,10.19999999999998
P_1-1-pt_4919,P_1-1-pt_2992,10.499999999999979
P_1-1-pt_4919,P_1-1-pt_3214,10.799999999999978
P_1-1-pt_4919,P_1-1-pt_7412,10.799999999999978
P_1-1-pt_4919,P_1-1-pt_5066,21.00000000000003
P_1-1-pt_4919,P_1-1-pt_5346,10.899999999999977
P_1-1-pt_4919,P_1-1-pt_3046,10.699999999999978
P_1-1-pt_4919,P_1-1-pt_8586,10.499999999999979
P_1-1-pt_4919,P_1-1-pt_1270,11.399999999999975
P_1-1-pt_4919,P_1-1-pt_1473,10.799999999999978
P_1-1-pt_4919,P_1-1-pt_3700,12.599999999999971
P_1-1-pt_4919,P_1-1-pt_357,12.599999999999971
P_1-1-pt_4919,P_1-1-pt_234,10.899999999999977
P_1-1-pt_4919,P_1-1-pt_6297,12.399999999999972
P_1-1-pt_4919,P_1-1-pt_6209,11.999999999999973
P_1-1-pt_4919,P_1-1-pt_7459,11.199999999999976
P_1-1-pt_4919,P_1-1-pt_385,9.499999999999982
P_1-1-pt_4919,P_1-1-pt_3910,12.299999999999972
P_1-1-pt_4919,P_1-1-pt_3769,10.999999999999977
P_1-1-pt_4919,P_1-3_795,3.700000000000002
P_1-1-pt_4919,P_1-1-pt_6031,11.299999999999976
P_1-1-pt_4919,P_1-1-pt_6409,11.999999999999973
P_1-1-pt_4919,P_1-3_2218,3.700000000000002
P_1-1-pt_4919,P_1-2_1255,10.399999999999979
P_1-3_4587,P_1-3_3626,10.29999999999998
P_1-3_4587,P_1-3_5354,10.09999999999998
P_1-3_4587,P_1-3_2076,9.99999999999998
P_1-3_4587,P_1-2_5020,0.30000000000000004
P_1-3_4587,P_1-2_471,0.7
P_1-3_4587,P_1-2_5805,0.1
P_1-3_4587,P_1-2_2590,1.0999999999999999
P_1-3_4587,P_1-3_4996,10.09999999999998
P_1-3_4587,P_1-2_5092,0.7999999999999999
P_1-1-pt_3512,P_1-1-pt_6389,178.29999999999416
P_1-1-pt_3512,P_1-1-pt_4262,10.09999999999998
P_2-1_5067,P_1-3_5475,11.599999999999975
P_2-1_5067,P_1-2_4609,8.899999999999984
P_2-1_5067,P_1-2_2338,9.89999999999998
P_2-1_5067,P_1-3_2171,0.7
P_2-1_5067,P_1-2_2074,0.7999999999999999
P_2-1_5067,P_1-3_3648,0.9999999999999999
P_2-1_2486,P_2-1_5001,41.200000000000315
P_2-1_2486,P_2-1_3601,30.90000000000017
P_2-1_2486,P_2-1_4998,10.09999999999998
P_2-1_2486,P_2-1_4487,31.300000000000175
P_2-1_2486,P_2-1_6266,101.49999999999851
P_2-1_2486,P_1-2_1417,9.99999999999998
P_2-1_2486,P_1-2_489,9.99999999999998
P_1-1-pt_2808,P_2-1_1443,7.899999999999988
P_1-2_4464,P_1-1-pt_7080,17.299999999999976
P_1-2_4464,P_1-3_17,0.4
P_1-2_4464,P_1-3_3579,8.099999999999987
P_1-3_1535,P_1-1-pt_498,3.600000000000002
P_2-1_499,P_1-2_4853,10.19999999999998
P_2-1_499,P_2-1_6130,10.09999999999998
P_1-1-pt_1226,P_1-1-pt_7142,14.899999999999963
P_1-1-pt_1226,P_1-1-veh_106,3.600000000000002
P_1-1-pt_1226,P_1-2_5951,3.600000000000002
P_1-1-pt_1226,P_1-3_970,3.800000000000002
P_1-1-pt_1226,P_1-3_5359,3.800000000000002
P_1-1-pt_1226,P_1-3_2203,3.700000000000002
P_1-1-pt_1226,P_1-1-pt_6209,9.499999999999982
P_1-1-pt_1226,P_1-1-pt_6297,9.499999999999982
P_1-1-pt_1226,P_1-1-pt_5199,10.799999999999978
P_1-1-pt_1226,P_1-1-pt_3021,10.799999999999978
P_1-1-pt_1226,P_1-1-pt_6931,12.69999999999997
P_1-1-pt_1226,P_1-1-pt_6031,10.699999999999978
P_1-1-pt_1226,P_1-1-pt_255,11.199999999999976
P_1-1-pt_1226,P_1-1-pt_7213,10.499999999999979
P_1-1-pt_1226,P_1-1-pt_1108,32.20000000000019
P_1-1-pt_1226,P_1-1-pt_494,10.799999999999978
P_1-1-pt_1226,P_1-1-pt_2162,10.599999999999978
P_1-1-pt_1226,P_1-1-pt_5897,10.699999999999978
P_1-1-pt_1226,P_1-1-pt_3769,10.699999999999978
P_1-1-pt_1226,P_1-1-pt_4671,11.099999999999977
P_1-1-pt_1226,P_1-1-pt_1270,10.599999999999978
P_1-1-pt_1226,P_1-1-pt_4919,10.899999999999977
P_1-1-pt_1226,P_1-1-pt_1304,10.799999999999978
P_1-1-pt_1226,P_1-1-pt_4397,10.999999999999977
P_1-1-pt_1226,P_1-1-pt_7863,10.799999999999978
P_1-1-pt_1226,P_1-1-pt_8545,10.699999999999978
P_1-1-pt_1226,P_1-1-pt_5193,10.399999999999979
P_1-1-pt_1226,P_1-1-pt_7325,10.799999999999978
P_1-1-pt_1226,P_1-1-pt_8137,10.799999999999978
P_1-1-pt_1226,P_1-1-pt_6672,10.899999999999977
P_1-1-pt_1226,P_1-1-pt_5499,10.799999999999978
P_1-1-pt_1226,P_1-1-pt_704,10.599999999999978
P_1-1-pt_1226,P_1-1-pt_6389,15.299999999999962
P_1-1-pt_1226,P_1-1-pt_812,10.899999999999977
P_1-1-pt_1226,P_1-1-pt_7177,8.999999999999984
P_1-1-pt_1226,P_1-1-pt_3189,9.499999999999982
P_1-1-pt_1226,P_1-1-pt_1034,10.899999999999977
P_1-1-pt_1226,P_1-1-pt_6353,10.999999999999977
P_1-1-pt_1226,P_1-1-pt_4628,10.899999999999977
P_1-1-pt_1226,P_1-1-pt_5051,10.899999999999977
P_1-1-pt_1226,P_1-1-pt_281,11.099999999999977
P_1-1-pt_1226,P_1-1-pt_1660,10.899999999999977
P_1-1-veh_530,P_1-1-pt_8289,8.399999999999986
P_1-1-veh_530,P_1-2_5753,10.899999999999977
P_1-3_3135,P_1-2_3850,26.70000000000011
P_1-3_1213,P_1-1-pt_363,3.700000000000002
P_1-2_568,P_1-2_5640,14.699999999999964
P_1-2_568,P_1-1-pt_3670,464.60000000003714
P_1-2_568,P_1-2_3693,10.999999999999977
P_1-2_568,P_1-1-pt_5241,1564.2999999996728
P_1-2_568,P_1-1-pt_7071,8.999999999999984
P_1-2_2345,P_1-1-pt_7732,3.800000000000002
P_1-2_2345,P_1-1-pt_5115,3.4000000000000017
P_1-2_2345,P_1-1-pt_2535,3.700000000000002
P_1-2_2345,P_1-1-pt_1037,8.199999999999987
P_1-2_2345,P_1-1-pt_5324,8.099999999999987
P_1-2_2345,P_1-2_2632,3.700000000000002
P_1-2_2345,P_2-1_2045,13.599999999999968
P_1-2_2345,P_1-3_5376,7.699999999999989
P_1-2_149,P_1-1-pt_5942,32.9000000000002
P_1-2_149,P_1-3_3216,20.100000000000016
P_1-2_149,P_1-1-pt_4789,999.6000000001587
P_1-1-pt_5942,P_1-2_149,32.9000000000002
P_1-1-pt_5942,P_1-1-veh_337,6.099999999999994
P_1-1-pt_5942,P_1-3_3216,15.69999999999996
P_1-1-pt_5942,P_1-1-pt_4789,689.1000000000881
P_1-1-pt_5942,P_1-2_5348,309.5000000000019
P_1-1-pt_5942,P_1-1-pt_3275,10.499999999999979
P_1-1-pt_3931,P_1-1-pt_7277,8.599999999999985
P_1-1-pt_3931,P_1-1-pt_2770,8.799999999999985
P_1-1-pt_3931,P_1-1-pt_5070,9.199999999999983
P_1-1-pt_3931,P_1-1-pt_6355,10.09999999999998
P_1-1-pt_3931,P_1-2_4454,5.399999999999997
P_1-1-pt_3931,P_1-2_3590,5.1999999999999975
P_1-1-pt_3931,P_1-1-pt_8982,9.99999999999998
P_1-1-pt_3931,P_1-1-pt_2863,10.09999999999998
P_1-1-pt_3931,P_1-1-pt_8969,8.499999999999986
P_1-1-pt_3931,P_1-1-pt_8869,18.699999999999996
P_1-1-pt_3931,P_1-1-pt_2431,17.899999999999984
P_1-1-pt_8830,P_2-1_1842,3.900000000000002
P_1-1-pt_8830,P_1-1-pt_2542,25.000000000000085
P_1-1-pt_8830,P_1-1-pt_2529,30.700000000000166
P_1-1-pt_8830,P_2-1_2042,809.8000000001156
P_1-1-pt_8830,P_1-1-pt_1561,1036.300000000153
P_1-1-pt_8830,P_1-1-pt_6931,10.19999999999998
P_1-1-pt_8830,P_1-1-pt_804,12.89999999999997
P_1-2_4019,P_1-1-pt_5115,3.600000000000002
P_1-2_1942,P_1-2_4634,10.09999999999998
P_1-2_1942,P_1-3_4775,10.09999999999998
P_1-2_1942,P_1-3_2410,9.99999999999998
P_1-2_1942,P_1-3_3253,19.900000000000013
P_1-2_1942,P_1-1-pt_7071,3.800000000000002
P_1-2_1942,P_1-1-pt_2012,3.800000000000002
P_1-3_1292,P_1-1-pt_1296,3.800000000000002
P_1-3_1292,P_1-1-pt_216,34.00000000000021
P_1-3_1292,P_1-2_1313,8.899999999999984
P_1-3_1292,P_1-3_2484,3.0000000000000013
P_1-3_1292,P_1-1-pt_1138,24.500000000000078
P_1-3_1292,P_1-1-pt_7071,3.800000000000002
P_1-3_1292,P_1-2_3693,9.89999999999998
P_1-3_1292,P_1-1-pt_2012,3.800000000000002
P_1-2_3005,P_2-1_5435,950.7000000001476
P_1-2_3005,P_1-2_4607,129.39999999999694
P_1-2_3005,P_2-1_4331,142.4999999999962
P_1-2_3005,P_1-2_4886,118.29999999999755
P_1-2_3005,P_1-1-pt_7104,92.19999999999904
P_1-2_3005,P_1-2_2229,119.39999999999749
P_1-2_3005,P_1-2_2030,119.89999999999746
P_1-2_3005,P_2-1_3376,119.99999999999746
P_1-2_3005,P_2-1_6256,119.1999999999975
P_1-2_3005,P_1-2_3908,119.49999999999748
P_1-2_3005,P_1-1-pt_7917,84.39999999999948
P_1-2_3005,P_2-1_5859,118.89999999999752
P_1-2_3005,P_2-1_1911,109.39999999999806
P_1-2_3005,P_1-2_6071,109.49999999999805
P_1-2_3005,P_1-3_4957,109.19999999999807
P_1-2_3005,P_1-2_1272,109.39999999999806
P_1-2_3005,P_2-1_2074,109.29999999999806
P_1-2_3005,P_1-3_4751,99.7999999999986
P_1-2_3005,P_2-1_1242,89.99999999999916
P_1-2_3005,P_2-1_3947,89.99999999999916
P_1-2_3005,P_2-1_6248,89.3999999999992
P_1-2_3005,P_1-3_3176,89.59999999999918
P_1-2_3005,P_1-2_2976,97.89999999999871
P_1-2_3005,P_1-2_1639,89.59999999999918
P_1-2_3005,P_2-1_497,93.79999999999895
P_1-2_3005,P_1-2_1471,86.39999999999937
P_1-2_3005,P_2-1_4664,70.0000000000003
P_1-2_3005,P_2-1_1408,3612.9999999978095
P_1-1-pt_8553,P_1-1-pt_4901,64.10000000000063
P_1-1-pt_8553,P_1-3_2218,13.399999999999968
P_1-1-pt_8553,P_1-1-pt_6209,22.300000000000047
P_1-1-pt_8553,P_1-1-pt_6038,22.300000000000047
P_1-1-pt_8553,P_1-1-pt_0,8.499999999999986
P_1-1-pt_8553,P_1-1-pt_3021,13.499999999999968
P_1-1-pt_8553,P_1-1-pt_6031,11.499999999999975
P_1-1-pt_8553,P_1-1-pt_1940,10.599999999999978
P_1-3_4487,P_1-1-veh_337,20.30000000000002
P_1-2_1417,P_2-1_3601,10.09999999999998
P_1-2_1417,P_2-1_2486,9.99999999999998
P_1-2_4474,P_1-1-pt_5139,20.900000000000027
P_1-3_3639,P_1-2_573,9.99999999999998
P_1-3_3639,P_1-3_4954,10.09999999999998
P_1-3_3639,P_1-3_4875,20.200000000000017
P_1-3_3639,P_1-2_2193,20.30000000000002
P_1-3_3639,P_1-3_2410,10.09999999999998
P_1-3_3639,P_1-3_3253,39.9000000000003
P_1-3_3639,P_1-3_2018,9.99999999999998
P_1-3_3639,P_1-3_2633,32.50000000000019
P_1-3_3639,P_1-3_331,74.70000000000003
P_1-3_3639,P_1-2_5210,9.89999999999998
P_1-3_3639,P_1-2_4634,10.09999999999998
P_1-3_3639,P_1-3_1815,17.199999999999974
P_1-3_3639,P_1-3_4775,19.70000000000001
P_1-3_1657,P_1-1-pt_3910,3.800000000000002
P_1-3_1657,P_2-1_2161,20.40000000000002
P_1-3_1657,P_1-3_874,20.30000000000002
P_1-3_1657,P_1-3_1615,20.40000000000002
P_1-3_1657,P_1-2_5885,20.40000000000002
P_1-3_1657,P_1-3_5141,20.30000000000002
P_1-3_1657,P_2-1_3599,20.40000000000002
P_1-3_1657,P_1-2_4734,20.40000000000002
P_1-3_1657,P_1-3_2454,10.19999999999998
P_1-3_1657,P_1-2_4206,20.40000000000002
P_1-3_1657,P_1-3_1500,20.30000000000002
P_1-3_1657,P_2-1_6008,20.40000000000002
P_1-3_1657,P_1-2_1656,20.40000000000002
P_1-3_1657,P_1-3_3901,20.30000000000002
P_1-3_1657,P_1-2_1053,20.30000000000002
P_1-3_1657,P_2-1_2785,20.50000000000002
P_1-3_1657,P_1-2_1420,20.30000000000002
P_1-3_1657,P_1-3_228,20.40000000000002
P_1-3_1657,P_1-2_5495,20.40000000000002
P_1-3_1657,P_1-2_4452,20.40000000000002
P_1-3_1657,P_1-3_3834,10.29999999999998
P_1-3_1657,P_1-3_3776,11.399999999999975
P_1-3_1657,P_1-2_3280,10.19999999999998
P_1-3_1657,P_1-3_3046,10.19999999999998
P_1-3_1657,P_1-3_3457,10.19999999999998
P_1-3_1657,P_1-3_372,10.19999999999998
P_1-3_1657,P_1-3_4168,10.19999999999998
P_1-3_1657,P_1-3_2053,10.09999999999998
P_1-3_1657,P_1-3_3054,10.19999999999998
P_1-3_1657,P_1-3_2256,10.19999999999998
P_1-3_1657,P_1-3_970,10.19999999999998
P_1-3_1657,P_1-3_5359,10.09999999999998
P_1-3_1657,P_1-3_2203,10.19999999999998
P_1-3_1657,P_1-3_2540,10.09999999999998
P_1-3_1657,P_1-3_1243,10.09999999999998
P_1-1-pt_7691,P_1-1-pt_6176,33.500000000000206
P_1-1-pt_7691,P_1-1-pt_297,32.60000000000019
P_1-1-pt_7691,P_1-1-pt_8410,31.800000000000182
P_1-1-pt_7691,P_1-1-pt_8731,10.899999999999977
P_1-1-pt_7691,P_1-1-pt_3638,10.799999999999978
P_1-1-pt_7691,P_1-1-pt_5173,8.599999999999985
P_1-1-pt_7691,P_2-1_3764,6.299999999999994
P_1-1-pt_7691,P_2-1_2925,7.899999999999988
P_1-1-pt_7691,P_1-1-pt_3957,40.60000000000031
P_1-1-pt_7691,P_1-1-pt_5824,21.90000000000004
P_1-1-pt_7691,P_1-1-pt_6548,21.80000000000004
P_1-1-pt_7691,P_1-1-pt_7304,22.000000000000043
P_1-1-pt_7691,P_1-1-pt_734,21.300000000000033
P_1-1-pt_7691,P_1-1-pt_1866,11.099999999999977
P_1-1-pt_7691,P_1-1-pt_761,10.09999999999998
P_1-3_1680,P_1-1-pt_1350,9.699999999999982
P_1-3_1680,P_1-2_3654,6.099999999999994
P_1-3_1680,P_1-3_5304,8.299999999999986
P_1-1-pt_2782,P_1-2_3488,15.499999999999961
P_1-1-pt_2782,P_1-1-pt_2129,20.200000000000017
P_1-1-pt_2782,P_1-1-pt_1039,20.200000000000017
P_1-1-pt_2782,P_1-1-pt_5275,20.200000000000017
P_1-1-pt_2782,P_1-1-pt_1700,17.999999999999986
P_1-1-pt_2782,P_1-3_2261,15.499999999999961
P_1-1-pt_2782,P_1-1-pt_413,10.09999999999998
P_1-1-pt_2782,P_1-1-pt_2854,9.99999999999998
P_1-1-pt_2782,P_1-1-pt_6602,10.09999999999998
P_1-1-pt_2782,P_1-1-pt_6335,10.09999999999998
P_1-1-pt_2782,P_1-3_186,7.799999999999988
P_1-1-pt_2782,P_1-2_3850,7.39999999999999
P_1-1-pt_2782,P_1-3_2683,7.799999999999988
P_1-1-pt_2782,P_1-1-pt_5452,10.09999999999998
P_1-1-pt_2782,P_1-1-pt_5152,9.99999999999998
P_1-1-veh_337,P_1-1-pt_5942,6.099999999999994
P_1-1-veh_337,P_1-1-pt_4789,7.899999999999988
P_1-1-veh_337,P_1-1-pt_6135,7.899999999999988
P_1-1-veh_337,P_1-3_308,10.19999999999998
P_1-1-veh_337,P_1-1-veh_675,10.19999999999998
P_1-1-veh_337,P_1-2_5588,10.09999999999998
P_1-1-veh_337,P_1-1-pt_5399,7.799999999999988
P_1-1-veh_337,P_1-3_5023,10.09999999999998
P_1-1-veh_337,P_1-2_3383,10.09999999999998
P_1-1-veh_337,P_1-1-pt_2952,298.79999999999944
P_1-1-veh_337,P_1-2_5640,20.200000000000017
P_1-1-veh_337,P_1-1-veh_5,10.19999999999998
P_1-1-veh_337,P_1-3_4558,20.30000000000002
P_1-1-veh_337,P_1-2_1066,20.200000000000017
P_1-1-veh_337,P_1-2_3835,13.699999999999967
P_1-1-veh_337,P_1-2_3286,10.499999999999979
P_1-1-veh_337,P_1-3_2733,50.00000000000044
P_1-1-veh_337,P_1-1-pt_7595,8.299999999999986
P_1-1-veh_337,P_1-3_4487,20.30000000000002
P_1-1-veh_337,P_1-2_1130,18.599999999999994
P_1-1-veh_337,P_1-2_2561,10.09999999999998
P_1-1-veh_337,P_1-3_3062,10.19999999999998
P_1-1-veh_337,P_1-1-pt_3365,26.900000000000112
P_1-3_5600,P_1-3_2599,10.19999999999998
P_1-3_5600,P_1-2_5745,10.09999999999998
P_1-3_5600,P_1-1-pt_8289,7.899999999999988
P_1-3_5600,P_2-1_2749,30.400000000000162
P_1-3_5600,P_1-1-pt_8735,7.499999999999989
P_1-3_5600,P_1-2_4266,10.09999999999998
P_1-3_5600,P_1-3_3076,10.09999999999998
P_1-3_5600,P_1-2_5753,10.09999999999998
P_1-3_5600,P_2-1_1211,20.30000000000002
P_1-3_5600,P_1-1-pt_182,7.799999999999988
P_1-3_5600,P_1-2_4947,10.19999999999998
P_1-3_5600,P_1-3_4289,10.09999999999998
P_1-3_5600,P_1-1-pt_1639,7.799999999999988
P_1-3_5600,P_1-2_186,9.99999999999998
P_1-3_5600,P_1-1-veh_834,10.09999999999998
P_1-3_5600,P_1-2_1458,10.19999999999998
P_1-3_5600,P_1-3_1297,10.09999999999998
P_1-3_5600,P_1-3_743,10.09999999999998
P_1-3_5600,P_1-2_808,10.09999999999998
P_1-3_5600,P_1-2_5374,18.799999999999997
P_1-3_5600,P_1-2_4104,18.29999999999999
P_1-3_5600,P_1-2_5054,10.29999999999998
P_1-3_4328,P_1-1-pt_4879,11.599999999999975
P_1-3_4328,P_1-1-pt_23,6.499999999999993
P_1-3_4328,P_1-1-pt_824,3.600000000000002
P_1-3_4328,P_1-1-pt_2369,3.900000000000002
P_1-3_4328,P_1-1-pt_2947,5.299999999999997
P_1-3_4328,P_1-1-pt_2334,8.799999999999985
P_1-3_4328,P_1-1-pt_3489,2.800000000000001
P_1-3_4328,P_1-1-pt_2297,22.300000000000047
P_1-1-pt_2218,P_1-1-veh_610,3.700000000000002
P_1-1-pt_2218,P_1-1-pt_761,21.500000000000036
P_1-1-pt_2218,P_1-1-pt_3097,18.599999999999994
P_1-1-pt_2218,P_1-1-pt_6427,10.09999999999998
P_1-1-pt_2218,P_1-1-pt_2834,27.900000000000126
P_1-1-pt_2218,P_1-1-pt_6297,9.699999999999982
P_1-1-pt_2218,P_1-1-pt_5199,10.09999999999998
P_1-1-pt_2218,P_1-1-pt_6413,16.599999999999966
P_1-1-pt_2218,P_1-1-pt_3964,24.200000000000074
P_1-1-pt_2218,P_1-1-pt_776,10.999999999999977
P_1-1-pt_2218,P_1-1-pt_3762,11.299999999999976
P_1-1-pt_2218,P_1-1-pt_3993,10.29999999999998
P_1-1-pt_2218,P_1-1-pt_2187,21.70000000000004
P_1-1-pt_2218,P_1-1-pt_1544,10.899999999999977
P_1-1-pt_2218,P_1-1-pt_6809,10.899999999999977
P_1-1-pt_2218,P_1-1-pt_6397,9.599999999999982
P_1-1-pt_2218,P_1-1-pt_4996,11.599999999999975
P_1-1-pt_2218,P_1-1-pt_4672,11.199999999999976
P_1-1-pt_2218,P_1-1-pt_6242,9.699999999999982
P_1-1-pt_2218,P_1-1-pt_1296,10.19999999999998
P_1-1-pt_2218,P_1-1-pt_530,10.399999999999979
P_1-1-pt_2218,P_1-1-pt_8866,23.600000000000065
P_1-1-pt_2218,P_1-1-pt_6543,11.099999999999977
P_1-1-pt_2218,P_1-1-pt_3474,12.89999999999997
P_1-1-pt_2218,P_1-1-pt_8435,9.099999999999984
P_1-1-pt_2218,P_1-1-pt_1354,11.199999999999976
P_1-1-pt_2218,P_1-1-pt_1473,10.899999999999977
P_1-1-pt_2218,P_1-1-pt_6209,11.099999999999977
P_1-1-pt_2218,P_1-1-pt_3067,10.899999999999977
P_1-1-pt_2218,P_1-1-pt_1430,10.599999999999978
P_1-1-pt_2218,P_1-1-veh_201,3.700000000000002
P_1-2_4947,P_1-3_743,20.200000000000017
P_1-2_4947,P_1-1-pt_1723,7.39999999999999
P_1-2_4947,P_1-3_2599,20.30000000000002
P_1-2_4947,P_1-2_5745,20.40000000000002
P_1-2_4947,P_1-1-pt_8289,7.799999999999988
P_1-2_4947,P_1-1-pt_8735,14.899999999999963
P_1-2_4947,P_1-2_4266,20.200000000000017
P_1-2_4947,P_1-3_3076,10.09999999999998
P_1-2_4947,P_1-2_5753,10.19999999999998
P_1-2_4947,P_2-1_1211,20.200000000000017
P_1-2_4947,P_1-1-pt_182,7.799999999999988
P_1-2_4947,P_1-3_4289,10.09999999999998
P_1-2_4947,P_1-3_5600,10.19999999999998
P_1-2_4947,P_2-1_2749,10.19999999999998
P_1-2_4947,P_1-1-pt_1639,7.799999999999988
P_1-2_4947,P_1-2_186,10.09999999999998
P_1-2_4947,P_1-1-veh_834,10.09999999999998
P_1-2_4947,P_1-2_1458,10.09999999999998
P_1-2_4947,P_1-3_1297,10.09999999999998
P_1-2_4947,P_1-3_2257,8.599999999999985
P_1-2_4947,P_1-2_808,10.19999999999998
P_1-2_4947,P_1-2_1492,10.19999999999998
P_1-2_4947,P_1-2_609,10.19999999999998
P_1-2_4947,P_1-2_1230,10.09999999999998
P_1-2_4947,P_1-3_4983,10.19999999999998
P_1-2_4947,P_1-2_2598,9.99999999999998
P_1-2_4947,P_1-2_4371,10.09999999999998
P_1-1-pt_4789,P_1-1-pt_4715,1.6000000000000003
P_1-1-pt_4789,P_1-1-veh_337,7.899999999999988
P_1-1-pt_4789,P_1-3_3216,15.69999999999996
P_1-1-pt_4789,P_1-1-pt_5942,689.1000000000881
P_1-1-pt_4789,P_1-1-pt_4850,15.199999999999962
P_1-1-pt_4789,P_1-2_149,999.6000000001587
P_1-3_520,P_1-1-pt_7634,2.0000000000000004
P_1-3_520,P_1-1-pt_3474,5.399999999999997
P_1-3_520,P_1-1-pt_1473,0.2
P_1-3_520,P_1-3_403,11.299999999999976
P_1-3_520,P_1-2_4791,10.09999999999998
P_1-3_520,P_1-2_1533,10.09999999999998
P_1-3_520,P_1-3_5578,10.19999999999998
P_1-1-pt_6809,P_1-1-pt_761,10.499999999999979
P_1-1-pt_6809,P_1-1-pt_3097,18.499999999999993
P_1-1-pt_6809,P_1-1-pt_2834,9.599999999999982
P_1-1-pt_6809,P_1-1-pt_6297,10.399999999999979
P_1-1-pt_6809,P_1-1-pt_5199,21.80000000000004
P_1-1-pt_6809,P_1-1-pt_655,10.499999999999979
P_1-1-pt_6809,P_1-1-pt_6931,11.099999999999977
P_1-1-pt_6809,P_1-1-pt_8435,21.70000000000004
P_1-1-pt_6809,P_1-1-pt_7459,10.599999999999978
P_1-1-pt_6809,P_1-1-pt_776,13.499999999999968
P_1-1-pt_6809,P_1-1-pt_6413,10.599999999999978
P_1-1-pt_6809,P_1-1-pt_3762,11.399999999999975
P_1-1-pt_6809,P_1-1-pt_8540,13.599999999999968
P_1-1-pt_6809,P_1-1-pt_2218,10.899999999999977
P_1-1-pt_6809,P_1-1-pt_6016,11.199999999999976
P_1-1-pt_6809,P_1-1-pt_6397,9.599999999999982
P_1-1-pt_6809,P_1-1-pt_4996,13.299999999999969
P_1-1-pt_6809,P_1-1-pt_4672,9.299999999999983
P_1-1-pt_6809,P_1-1-pt_6242,9.499999999999982
P_1-1-pt_6809,P_1-1-pt_1296,9.299999999999983
P_1-1-pt_6809,P_1-1-pt_5142,10.19999999999998
P_1-1-pt_6809,P_1-1-pt_8861,11.099999999999977
P_1-1-pt_6809,P_1-1-pt_8562,10.899999999999977
P_1-1-pt_6809,P_1-1-pt_1449,9.89999999999998
P_1-1-pt_6809,P_1-1-pt_3964,11.899999999999974
P_1-1-pt_6809,P_1-3_765,12.99999999999997
P_1-1-pt_6809,P_1-1-pt_1354,11.599999999999975
P_1-1-pt_5381,P_1-1-veh_326,9.799999999999981
P_1-1-pt_5381,P_1-1-pt_2747,776.1000000001079
P_1-1-pt_8540,P_1-1-pt_7142,10.399999999999979
P_1-1-pt_8540,P_1-2_5951,3.600000000000002
P_1-1-pt_8540,P_1-3_970,3.700000000000002
P_1-1-pt_8540,P_1-3_5359,3.800000000000002
P_1-1-pt_8540,P_1-3_2203,3.800000000000002
P_1-1-pt_8540,P_1-3_2540,3.800000000000002
P_1-1-pt_8540,P_1-3_1243,3.700000000000002
P_1-1-pt_8540,P_1-1-pt_6209,9.399999999999983
P_1-1-pt_8540,P_1-1-pt_6297,9.499999999999982
P_1-1-pt_8540,P_1-1-pt_5199,10.899999999999977
P_1-1-pt_8540,P_1-1-pt_3021,9.299999999999983
P_1-1-pt_8540,P_1-1-pt_6931,12.499999999999972
P_1-1-pt_8540,P_1-1-pt_8435,12.299999999999972
P_1-1-pt_8540,P_1-1-pt_7459,27.200000000000117
P_1-1-pt_8540,P_1-1-pt_3993,10.29999999999998
P_1-1-pt_8540,P_1-1-pt_2187,10.599999999999978
P_1-1-pt_8540,P_1-1-pt_1544,9.799999999999981
P_1-1-pt_8540,P_1-1-pt_6809,13.599999999999968
P_1-1-pt_8540,P_1-1-pt_6413,12.89999999999997
P_1-1-pt_8540,P_1-1-pt_6397,10.19999999999998
P_1-1-pt_8540,P_1-1-pt_4996,10.999999999999977
P_1-1-pt_8540,P_1-1-pt_6242,10.799999999999978
P_1-1-pt_8540,P_1-1-pt_1296,11.099999999999977
P_1-1-pt_8540,P_1-1-pt_5142,10.999999999999977
P_1-1-pt_8540,P_1-1-pt_1430,10.799999999999978
P_1-3_2010,P_1-1-pt_6335,9.599999999999982
P_1-3_2010,P_1-3_186,10.499999999999979
P_1-3_2010,P_1-3_4666,20.700000000000024
P_1-3_2010,P_1-2_4791,8.499999999999986
P_1-3_2010,P_1-2_1533,8.199999999999987
P_1-3_2010,P_1-3_5578,10.29999999999998
P_1-3_2010,P_1-3_635,9.799999999999981
P_1-3_2010,P_1-2_78,7.19999999999999
P_1-3_2010,P_1-3_562,9.799999999999981
P_1-3_2010,P_1-3_274,10.29999999999998
P_1-1-pt_6672,P_1-1-pt_3275,10.499999999999979
P_1-1-pt_6672,P_1-1-pt_1560,10.799999999999978
P_1-1-pt_6672,P_1-3_5376,13.499999999999968
P_1-1-pt_6672,P_1-1-pt_1966,10.899999999999977
P_1-1-pt_6672,P_1-1-pt_1240,10.899999999999977
P_1-1-pt_6672,P_1-1-pt_4595,11.199999999999976
P_1-1-pt_6672,P_1-1-pt_5906,10.19999999999998
P_1-1-pt_6672,P_1-1-pt_1226,10.899999999999977
P_1-1-pt_6672,P_1-1-pt_3624,9.599999999999982
P_1-1-pt_6672,P_1-1-pt_2992,10.999999999999977
P_1-1-pt_6672,P_1-1-pt_3214,11.299999999999976
P_1-1-pt_6672,P_1-1-pt_7412,10.899999999999977
P_1-1-pt_6672,P_1-1-pt_5066,10.599999999999978
P_1-1-pt_6672,P_1-1-pt_5346,10.799999999999978
P_1-1-pt_6672,P_1-1-pt_3046,10.599999999999978
P_1-1-pt_6672,P_1-1-pt_8586,10.799999999999978
P_1-1-pt_6672,P_1-1-pt_1108,11.199999999999976
P_1-1-pt_3670,P_2-1_3956,132.99999999999673
P_1-1-pt_3670,P_1-2_568,464.60000000003714
P_1-1-pt_3670,P_1-1-pt_5143,10.19999999999998
P_1-1-pt_3670,P_1-2_3693,6.399999999999993
P_1-1-pt_3670,P_1-1-pt_7071,20.000000000000014
P_1-1-pt_3508,P_1-1-pt_2032,9.99999999999998
P_1-1-pt_3508,P_1-2_609,3.700000000000002
P_1-1-pt_3508,P_1-2_1230,3.700000000000002
P_1-1-pt_3508,P_1-3_4983,3.700000000000002
P_1-1-pt_3508,P_1-2_4371,3.700000000000002
P_1-1-pt_3508,P_1-2_5437,5.899999999999995
P_1-1-pt_3508,P_1-1-pt_192,10.699999999999978
P_1-1-pt_3508,P_1-1-pt_7645,17.69999999999998
P_1-1-pt_3508,P_1-1-pt_2420,10.499999999999979
P_1-3_855,P_1-1-pt_255,1.3
P_1-3_855,P_1-3_502,14.099999999999966
P_1-3_855,P_1-3_3494,17.69999999999998
P_1-3_855,P_1-3_2955,136.19999999999655
P_1-3_891,P_1-1-pt_2882,3.600000000000002
P_1-3_891,P_1-1-pt_5886,7.899999999999988
P_1-3_891,P_1-1-pt_7412,3.700000000000002
P_1-3_891,P_1-1-pt_8866,3.700000000000002
P_1-3_891,P_1-1-pt_3910,3.600000000000002
P_1-3_891,P_1-1-pt_6346,3.700000000000002
P_1-3_891,P_1-1-pt_1714,7.799999999999988
P_1-3_891,P_1-2_2287,10.09999999999998
P_1-3_891,P_1-3_2454,10.09999999999998
P_1-3_891,P_1-3_1785,10.09999999999998
P_1-1-pt_8027,P_1-1-pt_761,21.300000000000033
P_1-1-pt_8027,P_1-1-pt_3097,21.500000000000036
P_1-1-pt_8027,P_1-1-pt_3762,10.799999999999978
P_1-1-pt_8027,P_1-1-pt_2713,10.999999999999977
P_1-1-pt_8027,P_1-1-pt_3025,11.199999999999976
P_1-1-pt_8027,P_1-1-pt_655,20.30000000000002
P_1-1-pt_8027,P_1-1-pt_5066,11.599999999999975
P_1-1-pt_8027,P_1-1-pt_8586,10.899999999999977
P_1-1-pt_8027,P_1-1-pt_1270,10.499999999999979
P_1-1-pt_4739,P_1-1-pt_6358,8.499999999999986
P_1-1-pt_4739,P_1-1-pt_5648,21.400000000000034
P_1-1-pt_4739,P_1-3_2171,9.399999999999983
P_1-1-pt_655,P_1-1-pt_4996,12.399999999999972
P_1-1-pt_655,P_1-1-pt_6809,10.499999999999979
P_1-1-pt_655,P_1-1-pt_3386,10.899999999999977
P_1-1-pt_655,P_1-1-pt_3067,10.899999999999977
P_1-1-pt_655,P_1-1-pt_3964,9.599999999999982
P_1-1-pt_655,P_1-1-pt_3762,11.199999999999976
P_1-1-pt_655,P_1-1-pt_3025,20.30000000000002
P_1-1-pt_655,P_1-1-pt_8027,20.30000000000002
P_1-1-pt_655,P_1-1-pt_3993,20.50000000000002
P_1-1-pt_655,P_1-1-pt_2713,19.900000000000013
P_1-1-pt_655,P_1-1-pt_6007,21.400000000000034
P_1-1-pt_655,P_1-1-pt_1296,20.30000000000002
P_1-1-pt_655,P_1-1-pt_5666,41.200000000000315
P_1-1-pt_655,P_1-1-pt_2542,19.900000000000013
P_1-1-pt_655,P_1-1-pt_8861,20.800000000000026
P_1-1-pt_655,P_1-1-pt_1473,20.100000000000016
P_1-1-pt_655,P_1-1-pt_1544,1897.3999999993698
P_2-1_670,P_1-1-pt_308,7.799999999999988
P_2-1_670,P_2-1_4127,10.09999999999998
P_1-1-pt_6135,P_1-1-veh_337,7.899999999999988
P_1-1-pt_6135,P_1-1-pt_4850,18.19999999999999
P_1-1-pt_6688,P_1-1-veh_234,7.899999999999988
P_1-1-pt_6688,P_1-1-pt_5078,8.799999999999985
P_1-1-pt_6688,P_1-1-pt_4901,10.499999999999979
P_1-1-pt_6688,P_1-1-pt_8586,20.50000000000002
P_1-1-pt_6688,P_1-1-pt_761,8.599999999999985
P_1-1-pt_6688,P_1-1-pt_1020,10.09999999999998
P_1-1-pt_6688,P_1-1-pt_3425,17.199999999999974
P_1-1-pt_6688,P_1-1-pt_7205,17.099999999999973
P_1-1-veh_51,P_1-1-pt_5167,3.700000000000002
P_1-1-veh_51,P_1-1-pt_1747,3.700000000000002
P_1-1-veh_51,P_1-1-pt_98,3.800000000000002
P_1-1-veh_51,P_1-1-pt_8016,3.800000000000002
P_1-1-veh_51,P_1-1-pt_3671,3.800000000000002
P_1-1-veh_51,P_1-1-pt_1020,5.699999999999996
P_1-1-veh_51,P_1-1-pt_2474,20.600000000000023
P_1-3_2540,P_1-1-pt_4966,3.700000000000002
P_1-3_2540,P_1-1-pt_2882,3.700000000000002
P_1-3_2540,P_1-1-pt_8540,3.800000000000002
P_1-3_2540,P_1-1-pt_3910,3.800000000000002
P_1-3_2540,P_1-1-pt_6346,5.4999999999999964
P_1-3_2540,P_1-1-pt_1714,7.799999999999988
P_1-3_2540,P_1-2_2287,10.09999999999998
P_1-3_2540,P_1-3_2454,9.99999999999998
P_1-3_2540,P_1-2_1420,10.29999999999998
P_1-3_2540,P_1-3_228,11.199999999999976
P_1-3_2540,P_1-2_5495,10.19999999999998
P_1-3_2540,P_1-2_4452,10.19999999999998
P_1-3_2540,P_1-3_3834,10.09999999999998
P_1-3_2540,P_1-3_3776,10.19999999999998
P_1-3_2540,P_1-3_1657,10.09999999999998
P_1-3_2540,P_2-1_2161,10.09999999999998
P_1-3_2540,P_1-2_3280,3.900000000000002
P_1-2_961,P_2-1_2299,20.200000000000017
P_1-1-pt_5170,P_1-1-pt_977,10.09999999999998
P_1-1-pt_5170,P_1-1-pt_1449,10.09999999999998
P_1-1-pt_5170,P_1-1-pt_3638,10.899999999999977
P_1-1-pt_5170,P_1-1-pt_868,10.399999999999979
P_1-1-pt_5170,P_1-1-pt_1853,20.30000000000002
P_1-1-pt_5170,P_1-1-pt_3207,9.299999999999983
P_1-1-pt_5170,P_1-1-pt_2880,16.699999999999967
P_1-1-pt_5170,P_1-1-pt_4345,10.699999999999978
P_1-1-pt_5170,P_1-1-pt_6743,17.099999999999973
P_1-1-pt_5170,P_1-1-pt_8280,10.599999999999978
P_1-1-pt_5170,P_1-1-pt_2369,74.40000000000005
P_1-1-pt_5170,P_1-1-pt_65,10.19999999999998
P_1-1-pt_5170,P_1-1-pt_3858,20.700000000000024
P_1-1-pt_5170,P_1-1-pt_2947,11.199999999999976
P_1-1-pt_5170,P_1-1-pt_2771,11.199999999999976
P_1-1-pt_5170,P_1-2_4445,10.09999999999998
P_1-1-pt_5170,P_2-1_3532,10.499999999999979
P_1-1-pt_5170,P_1-1-pt_4879,556.600000000058
P_1-1-pt_5170,P_1-1-pt_7208,10.999999999999977
P_1-1-pt_5170,P_1-1-pt_8016,10.699999999999978
P_1-1-pt_5170,P_1-1-pt_3025,10.699999999999978
P_1-1-pt_5170,P_1-1-pt_8404,11.199999999999976
P_1-1-pt_6548,P_1-1-pt_3220,7.899999999999988
P_1-1-pt_6548,P_1-1-pt_6176,21.80000000000004
P_1-1-pt_6548,P_1-1-pt_3097,11.099999999999977
P_1-1-pt_6548,P_1-1-pt_7691,21.80000000000004
P_1-1-pt_6548,P_1-1-pt_5666,8.399999999999986
P_1-1-pt_6548,P_1-1-pt_5824,10.899999999999977
P_1-1-pt_6548,P_1-1-pt_8410,11.099999999999977
P_1-1-pt_6548,P_1-1-pt_3405,10.999999999999977
P_1-1-pt_6548,P_1-1-pt_7304,11.599999999999975
P_1-1-pt_6548,P_1-2_4483,19.400000000000006
P_1-1-pt_6548,P_1-1-pt_734,46.100000000000385
P_1-1-pt_6548,P_1-1-pt_5137,11.099999999999977
P_1-1-pt_6548,P_1-2_3156,9.199999999999983
P_1-1-pt_6548,P_1-1-pt_7806,11.099999999999977
P_1-1-pt_6548,P_1-1-pt_494,564.6000000000598
P_1-1-pt_7917,P_1-2_4886,108.89999999999809
P_1-1-pt_7917,P_1-1-pt_7104,695.6000000000896
P_1-1-pt_7917,P_1-2_2229,558.1000000000583
P_1-1-pt_7917,P_1-2_2030,92.99999999999899
P_1-1-pt_7917,P_2-1_3376,545.5000000000555
P_1-1-pt_7917,P_2-1_6256,84.59999999999947
P_1-1-pt_7917,P_1-2_3908,85.6999999999994
P_1-1-pt_7917,P_1-2_3005,84.39999999999948
P_1-1-pt_7917,P_2-1_5435,84.89999999999945
P_1-1-pt_7917,P_1-2_4607,84.79999999999946
P_1-1-pt_7917,P_2-1_4331,84.19999999999949
P_1-1-pt_7917,P_2-1_1911,501.50000000004553
P_1-1-pt_7917,P_1-2_6071,86.09999999999938
P_1-1-pt_7917,P_1-3_4957,479.7000000000406
P_1-1-pt_7917,P_1-2_1272,85.39999999999942
P_1-1-pt_7917,P_2-1_2074,76.69999999999992
P_1-1-pt_7917,P_2-1_5859,97.59999999999873
P_1-1-pt_7917,P_1-3_4751,63.80000000000064
P_1-1-pt_7917,P_2-1_1242,71.10000000000024
P_1-1-pt_7917,P_2-1_3947,61.70000000000061
P_1-1-pt_7917,P_2-1_6248,68.90000000000036
P_1-1-pt_7917,P_1-3_3176,61.3000000000006
P_1-1-pt_7917,P_1-2_2976,61.2000000000006
P_1-1-pt_7917,P_1-2_1639,61.500000000000604
P_1-1-pt_7917,P_2-1_497,61.500000000000604
P_1-1-pt_7917,P_2-1_1408,61.500000000000604
P_1-1-pt_7917,P_1-2_1471,61.4000000000006
P_1-1-pt_7917,P_2-1_4664,874.6000000001303
P_1-3_2261,P_1-2_3488,20.100000000000016
P_1-3_2261,P_1-2_2237,16.19999999999996
P_1-3_2261,P_1-1-pt_2129,15.399999999999961
P_1-3_2261,P_1-1-pt_1039,15.399999999999961
P_1-3_2261,P_1-1-pt_5275,15.499999999999961
P_1-3_2261,P_1-1-pt_1700,15.499999999999961
P_1-3_2261,P_1-1-pt_2782,15.499999999999961
P_1-3_2261,P_1-1-pt_413,7.799999999999988
P_1-3_2261,P_1-2_4061,8.099999999999987
P_1-3_2261,P_1-1-pt_2854,7.699999999999989
P_1-3_2261,P_1-1-pt_6602,7.799999999999988
P_1-3_2261,P_1-1-pt_6335,7.699999999999989
P_1-3_2261,P_1-3_186,10.09999999999998
P_1-3_2261,P_1-2_3850,9.99999999999998
P_1-3_2261,P_1-2_3247,7.999999999999988
P_1-3_2261,P_1-3_2683,10.09999999999998
P_1-3_2261,P_1-3_5504,11.799999999999974
P_1-3_2261,P_1-1-pt_5452,7.699999999999989
P_1-3_2261,P_2-1_6187,8.099999999999987
P_1-3_2261,P_1-1-pt_5152,7.699999999999989
P_1-3_2261,P_1-2_4836,7.999999999999988
P_1-3_4743,P_1-1-pt_4799,181.69999999999396
P_1-3_4743,P_1-1-pt_776,7.699999999999989
P_1-3_2270,P_1-2_4376,20.30000000000002
P_1-3_2270,P_1-3_4278,20.600000000000023
P_1-1-pt_1923,P_1-3_1588,7.799999999999988
P_1-1-pt_1923,P_2-1_782,9.299999999999983
P_1-1-pt_1923,P_1-2_3614,7.799999999999988
P_1-1-pt_1923,P_1-2_1633,8.299999999999986
P_1-1-pt_1923,P_1-2_5927,5.099999999999998
P_1-2_6019,P_1-1-pt_5346,3.800000000000002
P_1-2_6019,P_1-1-pt_8123,7.999999999999988
P_1-2_6019,P_1-1-pt_5836,3.5000000000000018
P_1-2_6019,P_1-1-pt_1590,3.700000000000002
P_1-2_6019,P_2-1_5470,9.699999999999982
P_1-1-pt_8083,P_1-2_3676,30.500000000000163
P_1-1-pt_8083,P_1-2_5983,7.799999999999988
P_1-1-pt_8083,P_1-1-pt_4568,216.299999999992
P_1-1-pt_8083,P_1-2_5806,7.799999999999988
P_1-3_331,P_1-2_4634,30.400000000000162
P_1-3_331,P_1-3_4775,30.30000000000016
P_1-3_331,P_1-3_2410,10.09999999999998
P_1-3_331,P_1-3_3253,35.80000000000024
P_1-3_331,P_1-3_2018,10.09999999999998
P_1-3_331,P_1-3_2633,30.90000000000017
P_1-3_331,P_2-1_1646,20.30000000000002
P_1-3_331,P_2-1_5411,30.400000000000162
P_1-3_331,P_1-2_5210,820.0000000001179
P_1-3_331,P_1-2_573,247.29999999999023
P_1-3_331,P_1-2_3693,9.99999999999998
P_1-3_331,P_1-3_4954,21.90000000000004
P_1-3_331,P_1-3_4875,26.400000000000105
P_1-3_331,P_1-3_1815,30.500000000000163
P_1-3_331,P_1-1-pt_1594,7.699999999999989
P_1-3_331,P_1-3_3410,23.500000000000064
P_1-3_331,P_1-1-pt_6226,56.000000000000526
P_1-3_331,P_1-3_3639,74.70000000000003
P_1-3_331,P_1-2_2193,30.000000000000156
P_1-3_331,P_1-3_1693,10.19999999999998
P_1-3_331,P_1-2_5588,30.90000000000017
P_1-3_331,P_1-3_5023,32.40000000000019
P_1-3_331,P_1-2_2828,32.30000000000019
P_1-3_331,P_1-2_3383,20.200000000000017
P_1-3_331,P_1-2_5800,20.100000000000016
P_1-3_331,P_1-2_3943,11.699999999999974
P_2-1_994,P_1-2_4853,13.899999999999967
P_2-1_994,P_2-1_6130,10.29999999999998
P_1-2_3093,P_2-1_6032,9.89999999999998
P_1-2_3093,P_1-1-pt_5275,11.699999999999974
P_1-2_3093,P_1-3_5496,9.89999999999998
P_1-2_3093,P_1-3_1402,9.89999999999998
P_1-3_1243,P_1-1-pt_4966,3.600000000000002
P_1-3_1243,P_1-1-pt_2882,3.600000000000002
P_1-3_1243,P_1-1-pt_8540,3.700000000000002
P_1-3_1243,P_1-1-pt_3910,3.800000000000002
P_1-3_1243,P_1-1-pt_6346,3.700000000000002
P_1-3_1243,P_1-1-pt_1714,7.799999999999988
P_1-3_1243,P_1-2_2287,10.09999999999998
P_1-3_1243,P_1-3_2454,10.09999999999998
P_1-3_1243,P_1-2_5495,10.09999999999998
P_1-3_1243,P_1-2_4452,10.19999999999998
P_1-3_1243,P_1-3_3834,10.09999999999998
P_1-3_1243,P_1-3_3776,10.09999999999998
P_1-3_1243,P_1-3_1657,10.09999999999998
P_1-3_1243,P_2-1_2161,10.19999999999998
P_1-3_1243,P_1-3_874,97.9999999999987
P_1-2_2768,P_1-3_220,2.1000000000000005
P_1-2_2561,P_1-1-veh_337,10.09999999999998
P_2-1_1842,P_1-1-pt_8830,3.900000000000002
P_2-1_1842,P_1-2_3894,8.599999999999985
P_2-1_1842,P_1-1-pt_2529,25.200000000000088
P_2-1_1842,P_1-1-pt_3021,10.699999999999978
P_1-2_3676,P_1-1-pt_8083,30.500000000000163
P_1-2_2626,P_1-2_4634,9.99999999999998
P_1-2_2626,P_1-3_4775,10.09999999999998
P_1-2_2626,P_1-3_2410,10.09999999999998
P_1-2_2626,P_1-3_3253,12.69999999999997
P_1-2_2626,P_1-3_2018,11.599999999999975
P_1-2_2626,P_1-1-pt_7071,3.800000000000002
P_1-2_2626,P_1-1-pt_2012,3.700000000000002
P_1-1-pt_1670,P_1-2_4249,13.299999999999969
P_1-1-pt_1670,P_1-3_2327,3.800000000000002
P_1-1-pt_1670,P_1-1-veh_326,13.299999999999969
P_1-1-pt_1670,P_1-3_2279,3.600000000000002
P_1-1-pt_1670,P_1-3_3197,3.600000000000002
P_1-1-pt_1670,P_1-3_1286,5.099999999999998
P_1-1-pt_1670,P_1-2_1453,4.4
P_1-2_3427,P_1-1-pt_498,3.800000000000002
P_1-1-veh_302,P_1-1-pt_5167,9.599999999999982
P_1-1-veh_302,P_1-1-pt_6743,144.79999999999606
P_1-1-veh_302,P_1-1-pt_1497,6.5999999999999925
P_1-1-veh_302,P_1-1-pt_6673,6.699999999999992
P_1-1-veh_302,P_1-1-pt_3595,10.19999999999998
P_1-3_5359,P_1-1-pt_2882,3.700000000000002
P_1-3_5359,P_1-1-pt_1226,3.800000000000002
P_1-3_5359,P_1-1-pt_8540,3.800000000000002
P_1-3_5359,P_1-1-pt_3910,3.700000000000002
P_1-3_5359,P_1-1-pt_6346,3.600000000000002
P_1-3_5359,P_1-1-pt_1714,7.799999999999988
P_1-3_5359,P_1-2_2287,10.09999999999998
P_1-3_5359,P_1-3_2454,9.99999999999998
P_1-3_5359,P_1-2_1420,10.09999999999998
P_1-3_5359,P_1-3_228,10.09999999999998
P_1-3_5359,P_1-2_5495,10.19999999999998
P_1-3_5359,P_1-2_4452,10.19999999999998
P_1-3_5359,P_1-3_3834,10.09999999999998
P_1-3_5359,P_1-3_3776,10.09999999999998
P_1-3_5359,P_1-3_1657,10.09999999999998
P_1-3_5359,P_2-1_2161,10.19999999999998
P_1-3_5359,P_1-2_3280,10.09999999999998
P_1-3_5359,P_2-1_2785,392.10000000002066
P_2-1_5859,P_1-2_4886,119.99999999999746
P_2-1_5859,P_1-1-pt_7104,77.89999999999985
P_2-1_5859,P_1-2_2229,118.79999999999752
P_2-1_5859,P_1-2_2030,118.59999999999754
P_2-1_5859,P_2-1_3376,118.79999999999752
P_2-1_5859,P_2-1_6256,118.79999999999752
P_2-1_5859,P_1-2_3908,118.59999999999754
P_2-1_5859,P_1-2_3005,118.89999999999752
P_2-1_5859,P_2-1_5435,118.89999999999752
P_2-1_5859,P_1-2_4607,108.89999999999809
P_2-1_5859,P_2-1_4331,118.49999999999754
P_2-1_5859,P_2-1_1911,108.89999999999809
P_2-1_5859,P_1-2_6071,108.39999999999812
P_2-1_5859,P_1-3_4957,108.89999999999809
P_2-1_5859,P_1-2_1272,108.89999999999809
P_2-1_5859,P_2-1_2074,108.6999999999981
P_2-1_5859,P_1-1-pt_7917,97.59999999999873
P_2-1_5859,P_1-3_4751,91.59999999999907
P_2-1_5859,P_2-1_1242,89.09999999999921
P_2-1_5859,P_2-1_3947,89.09999999999921
P_2-1_5859,P_2-1_6248,88.59999999999924
P_2-1_5859,P_1-3_3176,88.69999999999924
P_2-1_5859,P_1-2_2976,89.09999999999921
P_2-1_5859,P_1-2_1639,89.09999999999921
P_2-1_5859,P_2-1_497,88.99999999999922
P_2-1_5859,P_2-1_1408,89.09999999999921
P_2-1_5859,P_1-2_1471,84.99999999999945
P_2-1_5859,P_2-1_4664,69.00000000000036
P_1-1-pt_1232,P_1-3_2180,7.899999999999988
P_1-1-pt_1232,P_1-1-pt_941,7.899999999999988
P_1-1-pt_1232,P_1-1-pt_8968,20.30000000000002
P_1-1-pt_1232,P_1-1-pt_2961,10.09999999999998
P_1-1-pt_1232,P_1-1-pt_3229,9.299999999999983
P_1-1-pt_1181,P_1-1-pt_192,11.299999999999976
P_1-1-pt_1181,P_1-1-pt_8196,10.499999999999979
P_1-1-pt_1181,P_1-2_2988,3.600000000000002
P_1-1-pt_5648,P_1-1-pt_192,11.299999999999976
P_1-1-pt_5648,P_1-1-pt_4739,21.400000000000034
P_1-1-pt_5648,P_1-1-pt_8196,10.599999999999978
P_1-3_5076,P_1-1-pt_2747,8.399999999999986
P_1-3_308,P_1-1-veh_337,10.19999999999998
P_1-3_308,P_1-1-pt_2012,7.799999999999988
P_1-1-pt_7304,P_2-1_2384,3.700000000000002
P_1-1-pt_7304,P_1-1-pt_1866,13.699999999999967
P_1-1-pt_7304,P_1-1-pt_4788,10.799999999999978
P_1-1-pt_7304,P_1-1-pt_787,11.399999999999975
P_1-1-pt_7304,P_1-1-pt_3097,522.8000000000503
P_1-1-pt_7304,P_1-1-pt_7691,22.000000000000043
P_1-1-pt_7304,P_1-1-pt_5824,8.499999999999986
P_1-1-pt_7304,P_1-1-pt_8728,19.60000000000001
P_1-1-pt_7304,P_1-1-pt_6548,11.599999999999975
P_1-1-pt_7304,P_1-1-pt_734,1547.9999999996876
P_1-1-pt_7304,P_1-1-pt_8410,23.000000000000057
P_1-1-pt_7304,P_1-1-pt_2880,17.299999999999976
P_1-1-pt_7304,P_1-1-pt_3405,10.799999999999978
P_1-1-pt_7304,P_1-1-pt_6743,17.099999999999973
P_1-1-pt_7304,P_1-1-pt_1853,392.50000000002075
P_1-1-pt_7304,P_1-1-pt_3025,10.899999999999977
P_1-1-pt_7304,P_1-1-pt_5137,11.299999999999976
P_1-1-pt_2894,P_1-3_2171,1.7000000000000004
P_1-1-pt_2894,P_1-2_3742,3.700000000000002
P_1-1-pt_2894,P_1-1-veh_170,3.600000000000002
P_1-1-pt_2894,P_1-1-pt_7462,10.29999999999998
P_1-2_1699,P_1-1-pt_4554,8.499999999999986
P_1-2_1699,P_1-1-pt_8601,41.200000000000315
P_1-2_1699,P_1-1-pt_411,7.799999999999988
P_1-2_1699,P_1-1-pt_1396,33.0000000000002
P_1-2_1699,P_1-1-pt_480,21.00000000000003
P_1-3_5079,P_1-1-pt_3910,3.900000000000002
P_1-3_5079,P_1-2_4771,40.80000000000031
P_1-3_5079,P_1-3_1503,45.50000000000038
P_1-3_5079,P_1-2_4339,40.90000000000031
P_1-3_5079,P_1-1-pt_3629,31.500000000000178
P_1-3_5079,P_1-1-pt_4572,31.300000000000175
P_1-3_5079,P_2-1_4755,40.80000000000031
P_1-3_5079,P_2-1_4789,30.90000000000017
P_1-3_5079,P_1-1-pt_1714,15.499999999999961
P_1-3_5079,P_1-2_2287,20.200000000000017
P_1-3_5079,P_1-2_3749,22.100000000000044
P_1-3_5079,P_1-2_2780,20.600000000000023
P_1-3_5079,P_1-3_1785,20.40000000000002
P_1-3_5079,P_1-1-pt_8911,7.799999999999988
P_1-3_5079,P_1-2_3081,10.09999999999998
P_1-3_5079,P_1-2_5951,10.09999999999998
P_1-3_2029,P_1-1-pt_7071,3.700000000000002
P_1-2_1633,P_1-2_5020,6.999999999999991
P_1-2_1633,P_1-1-pt_1923,8.299999999999986
P_1-2_1633,P_1-3_1588,10.09999999999998
P_1-2_1633,P_1-2_5805,7.499999999999989
P_1-2_1633,P_1-2_2590,7.39999999999999
P_1-2_1633,P_1-2_5092,7.499999999999989
P_1-2_3153,P_1-1-pt_8289,8.199999999999987
P_1-2_3153,P_1-2_5753,10.899999999999977
P_1-1-pt_8016,P_1-1-pt_1497,20.600000000000023
P_1-1-pt_8016,P_1-1-pt_3671,31.800000000000182
P_1-1-pt_8016,P_1-1-veh_51,3.800000000000002
P_1-1-pt_8016,P_1-1-pt_6743,21.10000000000003
P_1-1-pt_8016,P_1-1-pt_296,11.199999999999976
P_1-1-pt_8016,P_1-1-pt_98,24.500000000000078
P_1-1-pt_8016,P_1-1-pt_5167,44.50000000000036
P_1-1-pt_8016,P_1-1-pt_1747,44.50000000000036
P_1-1-pt_8016,P_1-1-pt_6974,21.90000000000004
P_1-1-pt_8016,P_1-1-pt_562,19.80000000000001
P_1-1-pt_8016,P_1-1-pt_4736,20.800000000000026
P_1-1-pt_8016,P_1-1-pt_2880,219.29999999999183
P_1-1-pt_8016,P_1-1-pt_521,44.000000000000355
P_1-1-pt_8016,P_1-1-pt_8280,45.400000000000375
P_1-1-pt_8016,P_1-1-pt_2194,10.399999999999979
P_1-1-pt_8016,P_1-1-pt_3207,45.10000000000037
P_1-1-pt_8016,P_1-1-pt_5666,20.200000000000017
P_1-1-pt_8016,P_1-1-pt_1853,22.50000000000005
P_1-1-pt_8016,P_1-1-pt_571,21.80000000000004
P_1-1-pt_8016,P_1-1-pt_3230,21.300000000000033
P_1-1-pt_8016,P_1-1-pt_7243,35.40000000000023
P_1-1-pt_8016,P_1-1-pt_23,32.9000000000002
P_1-1-pt_8016,P_1-1-pt_1610,21.70000000000004
P_1-1-pt_8016,P_1-1-pt_4345,21.500000000000036
P_1-1-pt_8016,P_1-1-pt_459,283.699999999996
P_1-1-pt_8016,P_1-1-pt_3858,23.30000000000006
P_1-1-pt_8016,P_1-1-pt_5267,10.599999999999978
P_1-1-pt_8016,P_1-1-pt_8731,11.599999999999975
P_1-1-pt_8016,P_1-1-pt_7355,10.19999999999998
P_1-1-pt_8016,P_1-1-pt_5173,8.899999999999984
P_1-1-pt_8016,P_1-1-pt_4879,35.600000000000236
P_1-1-pt_8016,P_1-1-pt_2369,12.399999999999972
P_1-1-pt_8016,P_1-1-pt_7881,12.299999999999972
P_1-1-pt_8016,P_1-1-pt_7447,21.300000000000033
P_1-1-pt_8016,P_1-1-pt_8316,9.699999999999982
P_1-1-pt_8016,P_1-1-veh_767,5.1999999999999975
P_1-1-pt_8016,P_1-1-pt_7372,10.999999999999977
P_1-1-pt_8016,P_1-1-pt_1866,8.699999999999985
P_1-1-pt_8016,P_1-1-pt_5170,10.699999999999978
P_1-2_489,P_2-1_2486,9.99999999999998
P_1-2_489,P_2-1_5001,10.899999999999977
P_1-2_489,P_2-1_3601,10.499999999999979
P_1-2_489,P_2-1_79,20.200000000000017
P_1-2_489,P_2-1_318,193.1999999999933
P_1-3_2203,P_1-1-pt_2882,3.700000000000002
P_1-3_2203,P_1-1-pt_1226,3.700000000000002
P_1-3_2203,P_1-1-pt_8540,3.800000000000002
P_1-3_2203,P_1-1-pt_3910,3.700000000000002
P_1-3_2203,P_1-1-pt_6346,3.700000000000002
P_1-3_2203,P_1-1-pt_1714,7.799999999999988
P_1-3_2203,P_1-2_2287,10.09999999999998
P_1-3_2203,P_1-3_2454,10.09999999999998
P_1-3_2203,P_1-2_1420,10.09999999999998
P_1-3_2203,P_1-3_228,10.19999999999998
P_1-3_2203,P_1-2_5495,10.29999999999998
P_1-3_2203,P_1-2_4452,10.19999999999998
P_1-3_2203,P_1-3_3834,10.09999999999998
P_1-3_2203,P_1-3_3776,10.19999999999998
P_1-3_2203,P_1-3_1657,10.19999999999998
P_1-3_2203,P_2-1_2161,10.19999999999998
P_1-3_2203,P_1-2_3280,10.19999999999998
P_1-1-pt_5070,P_1-1-pt_3931,9.199999999999983
P_1-1-pt_5070,P_1-1-pt_3353,10.999999999999977
P_1-1-pt_5070,P_1-1-pt_6189,10.399999999999979
P_1-1-pt_5070,P_1-1-pt_842,10.399999999999979
P_1-1-pt_5070,P_1-1-pt_7890,10.499999999999979
P_1-1-pt_5070,P_1-1-pt_6355,10.09999999999998
P_1-1-pt_5070,P_1-2_4454,8.399999999999986
P_2-1_3538,P_2-1_3136,51.000000000000455
P_2-1_3538,P_2-1_5450,40.80000000000031
P_2-1_3538,P_2-1_3527,40.0000000000003
P_2-1_3538,P_2-1_2148,40.70000000000031
P_1-1-pt_7634,P_1-1-pt_4966,110.399999999998
P_1-1-pt_7634,P_1-3_520,2.0000000000000004
P_1-1-pt_7634,P_1-1-pt_2334,33.0000000000002
P_1-1-pt_7634,P_1-1-pt_7573,10.19999999999998
P_1-1-pt_7634,P_1-1-pt_4988,20.50000000000002
P_1-1-pt_7634,P_1-1-pt_4788,73.5000000000001
P_1-1-pt_7634,P_1-1-pt_787,21.500000000000036
P_1-1-pt_7634,P_1-1-pt_734,10.799999999999978
P_1-1-pt_7634,P_1-3_4015,3.600000000000002
P_1-1-pt_7634,P_1-3_2218,15.499999999999961
P_1-1-pt_7634,P_1-1-pt_2297,10.899999999999977
P_1-1-pt_7634,P_1-1-pt_255,11.099999999999977
P_1-1-pt_8282,P_1-1-pt_6355,9.99999999999998
P_1-1-pt_8282,P_1-2_4454,5.399999999999997
P_1-1-pt_8282,P_1-2_3590,5.299999999999997
P_1-1-pt_8282,P_1-1-pt_8982,10.09999999999998
P_1-1-pt_8282,P_1-1-pt_8969,10.19999999999998
P_1-1-pt_8282,P_1-1-pt_8196,10.699999999999978
P_1-1-pt_8282,P_1-2_2988,3.800000000000002
P_1-2_2080,P_1-2_3464,124.3999999999972
P_1-2_2080,P_1-2_3821,103.19999999999841
P_1-2_2080,P_1-2_2797,102.29999999999846
P_1-2_2080,P_1-2_2580,102.89999999999843
P_1-2_2080,P_1-1-veh_837,102.89999999999843
P_1-2_2080,P_1-3_4738,102.79999999999843
P_1-2_2080,P_2-1_2028,61.70000000000061
P_1-2_2080,P_1-2_5752,92.29999999999903
P_1-2_2080,P_2-1_857,92.29999999999903
P_1-2_2080,P_1-2_4646,93.09999999999899
P_1-2_2080,P_2-1_2626,51.50000000000046
P_1-2_2080,P_2-1_4458,462.00000000003655
P_1-2_2080,P_1-2_3210,82.2999999999996
P_1-2_2080,P_1-2_2767,51.50000000000046
P_1-2_2080,P_1-2_2470,61.70000000000061
P_1-2_2080,P_1-3_1755,72.00000000000018
P_1-2_2080,P_2-1_6106,72.60000000000015
P_1-2_2080,P_1-3_1002,72.00000000000018
P_1-2_2080,P_1-3_2501,41.00000000000031
P_1-2_2080,P_1-3_3231,61.600000000000605
P_1-2_2080,P_2-1_3205,31.200000000000173
P_1-2_2080,P_1-2_2625,30.800000000000168
P_1-3_3624,P_1-1-pt_1396,7.799999999999988
P_1-1-pt_3055,P_1-1-veh_824,3.4000000000000017
P_1-1-pt_3055,P_1-1-pt_8968,44.700000000000365
P_1-1-pt_3055,P_1-1-pt_3808,9.399999999999983
P_1-1-pt_3055,P_1-2_2306,12.599999999999971
P_1-1-pt_3055,P_1-1-pt_5068,10.399999999999979
P_1-1-pt_3055,P_1-1-pt_2961,22.100000000000044
P_2-1_247,P_1-1-pt_6358,3.700000000000002
P_2-1_247,P_1-3_3139,10.09999999999998
P_2-1_247,P_1-1-veh_429,10.19999999999998
P_2-1_247,P_1-2_3356,9.99999999999998
P_1-1-pt_2713,P_1-1-pt_6176,10.599999999999978
P_1-1-pt_2713,P_1-1-pt_297,12.099999999999973
P_1-1-pt_2713,P_1-1-pt_761,22.100000000000044
P_1-1-pt_2713,P_1-1-pt_3097,20.900000000000027
P_1-1-pt_2713,P_1-1-pt_8027,10.999999999999977
P_1-1-pt_2713,P_1-1-pt_3025,11.199999999999976
P_1-1-pt_2713,P_1-1-pt_3993,8.699999999999985
P_1-1-pt_2713,P_1-1-pt_655,19.900000000000013
P_1-1-pt_2713,P_1-1-pt_7213,21.300000000000033
P_1-1-pt_2713,P_2-1_3764,19.70000000000001
P_1-1-pt_2713,P_1-1-pt_8586,10.599999999999978
P_1-1-pt_2713,P_1-1-pt_5137,11.599999999999975
P_1-1-pt_2713,P_1-1-pt_7806,10.999999999999977
P_1-1-pt_2713,P_1-1-pt_4966,10.699999999999978
P_1-1-pt_2713,P_1-1-pt_3220,10.599999999999978
P_1-1-pt_2713,P_1-2_659,3.5000000000000018
P_1-1-pt_3220,P_1-3_4690,5.999999999999995
P_1-1-pt_3220,P_1-1-pt_4966,14.799999999999963
P_1-1-pt_3220,P_1-1-pt_6548,7.899999999999988
P_1-1-pt_3220,P_1-1-pt_7573,9.499999999999982
P_1-1-pt_3220,P_1-1-pt_4988,9.499999999999982
P_1-1-pt_3220,P_1-1-pt_6176,41.40000000000032
P_1-1-pt_3220,P_1-1-pt_787,23.800000000000068
P_1-1-pt_3220,P_1-3_795,3.3000000000000016
P_1-1-pt_3220,P_1-1-pt_4788,11.099999999999977
P_1-1-pt_3220,P_1-3_2218,3.700000000000002
P_1-1-pt_3220,P_1-1-pt_280,10.999999999999977
P_1-1-pt_3220,P_1-1-pt_3425,10.699999999999978
P_1-1-pt_3220,P_1-1-pt_5137,10.899999999999977
P_1-1-pt_3220,P_1-1-pt_2297,9.399999999999983
P_1-1-pt_3220,P_1-1-pt_7421,10.599999999999978
P_1-1-pt_3220,P_1-1-pt_5836,81.79999999999963
P_1-1-pt_3220,P_1-1-veh_33,130.29999999999688
P_1-1-pt_3220,P_1-1-pt_2713,10.599999999999978
P_1-1-pt_3220,P_1-1-pt_5229,10.699999999999978
P_1-1-pt_3220,P_1-1-pt_0,22.300000000000047
P_1-3_1059,P_1-3_2279,9.99999999999998
P_1-3_1059,P_1-2_269,11.599999999999975
P_1-1-pt_363,P_1-1-pt_3176,18.599999999999994
P_1-1-pt_363,P_1-1-pt_687,10.899999999999977
P_1-1-pt_363,P_2-1_4736,5.999999999999995
P_1-1-pt_363,P_1-1-pt_5587,11.099999999999977
P_1-1-pt_363,P_1-1-pt_5580,10.899999999999977
P_1-1-pt_363,P_1-1-pt_5818,10.699999999999978
P_1-1-pt_363,P_1-1-pt_5854,10.699999999999978
P_1-1-pt_363,P_1-1-pt_4019,12.79999999999997
P_1-1-pt_363,P_1-3_1213,3.700000000000002
P_1-1-pt_363,P_2-1_4152,3.600000000000002
P_1-1-pt_363,P_1-3_2119,3.600000000000002
P_1-1-pt_363,P_1-3_2492,3.600000000000002
P_1-2_262,P_1-1-pt_192,3.3000000000000016
P_1-2_262,P_1-3_4856,12.299999999999972
P_1-2_1196,P_1-1-pt_3353,10.09999999999998
P_1-2_1196,P_1-1-pt_6189,9.99999999999998
P_1-2_1196,P_1-1-pt_842,9.89999999999998
P_1-2_1196,P_1-1-pt_7890,9.89999999999998
P_2-1_973,P_2-1_1571,40.60000000000031
P_1-2_3943,P_1-3_4775,43.50000000000035
P_1-2_3943,P_1-3_2410,10.09999999999998
P_1-2_3943,P_1-3_3253,120.79999999999741
P_1-2_3943,P_1-3_835,12.599999999999971
P_1-2_3943,P_2-1_1646,108.6999999999981
P_1-2_3943,P_2-1_5411,77.39999999999988
P_1-2_3943,P_1-3_3410,23.500000000000064
P_1-2_3943,P_1-1-pt_1044,11.399999999999975
P_1-2_3943,P_1-3_2633,12.99999999999997
P_1-2_3943,P_1-3_331,11.699999999999974
P_1-3_4809,P_1-1-pt_480,3.700000000000002
P_1-1-pt_7258,P_1-1-pt_2529,7.899999999999988
P_1-1-pt_7258,P_1-1-pt_4901,8.399999999999986
P_1-1-pt_7258,P_1-1-pt_4988,13.499999999999968
P_1-2_2074,P_2-1_5067,0.7999999999999999
P_1-1-pt_5499,P_1-1-pt_5298,10.09999999999998
P_1-1-pt_5499,P_1-1-pt_3275,9.099999999999984
P_1-1-pt_5499,P_1-1-pt_1560,9.199999999999983
P_1-1-pt_5499,P_1-1-pt_1966,9.199999999999983
P_1-1-pt_5499,P_1-1-pt_1240,9.499999999999982
P_1-1-pt_5499,P_1-1-pt_4595,9.399999999999983
P_1-1-pt_5499,P_1-1-pt_5906,10.499999999999979
P_1-1-pt_5499,P_1-1-pt_1226,10.799999999999978
P_1-1-pt_5499,P_1-1-pt_3624,13.899999999999967
P_1-1-pt_5499,P_1-1-pt_2992,10.699999999999978
P_1-1-pt_5499,P_1-1-pt_3214,10.699999999999978
P_1-1-pt_5499,P_1-1-pt_7412,10.699999999999978
P_1-1-pt_5499,P_1-1-pt_5066,10.499999999999979
P_1-1-pt_5499,P_1-1-pt_5346,10.699999999999978
P_1-1-pt_5499,P_1-1-pt_3046,10.599999999999978
P_1-1-pt_5499,P_1-1-pt_8586,10.799999999999978
P_1-1-pt_5499,P_1-1-pt_1108,11.299999999999976
P_1-3_3626,P_1-3_5354,10.09999999999998
P_1-3_3626,P_1-3_4587,10.29999999999998
P_1-3_3626,P_1-3_2076,20.40000000000002
P_1-3_3626,P_1-2_471,2.0000000000000004
P_1-3_3626,P_1-2_2590,0.9999999999999999
P_1-3_3626,P_1-3_4996,10.09999999999998
P_1-3_3626,P_1-2_5092,1.0999999999999999
P_1-3_3626,P_1-3_5318,10.29999999999998
P_1-3_3626,P_1-3_1223,10.19999999999998
P_1-3_3626,P_1-3_4399,10.19999999999998
P_1-1-pt_296,P_1-1-pt_2369,9.499999999999982
P_1-1-pt_296,P_1-1-pt_5167,10.09999999999998
P_1-1-pt_296,P_1-1-pt_1747,10.399999999999979
P_1-1-pt_296,P_1-1-pt_6974,10.599999999999978
P_1-1-pt_296,P_1-1-pt_8016,11.199999999999976
P_1-1-pt_296,P_1-1-pt_98,16.79999999999997
P_1-1-pt_296,P_1-1-pt_3671,10.799999999999978
P_2-1_4748,P_2-1_3829,10.29999999999998
P_2-1_4748,P_2-1_4909,20.900000000000027
P_2-1_4755,P_1-1-pt_3910,3.600000000000002
P_2-1_4755,P_1-2_4771,40.400000000000304
P_2-1_4755,P_1-3_1503,41.200000000000315
P_2-1_4755,P_1-2_4339,40.90000000000031
P_2-1_4755,P_1-1-pt_3629,32.000000000000185
P_2-1_4755,P_1-1-pt_4572,31.70000000000018
P_2-1_4755,P_1-3_5079,40.80000000000031
P_2-1_4755,P_2-1_4789,30.700000000000166
P_2-1_4755,P_1-1-pt_1714,15.59999999999996
P_2-1_4755,P_1-2_2287,20.30000000000002
P_2-1_4755,P_1-3_1785,20.50000000000002
P_2-1_4755,P_1-2_2780,20.600000000000023
P_2-1_4755,P_1-2_3749,20.600000000000023
P_2-1_4755,P_1-1-pt_8911,7.799999999999988
P_2-1_4755,P_1-2_3081,10.09999999999998
P_2-1_4755,P_1-2_5951,10.19999999999998
P_1-1-pt_2882,P_1-2_1203,15.69999999999996
P_1-1-pt_2882,P_1-1-pt_7760,10.09999999999998
P_1-1-pt_2882,P_1-3_767,14.699999999999964
P_1-1-pt_2882,P_1-1-pt_3128,11.299999999999976
P_1-1-pt_2882,P_1-3_970,2.600000000000001
P_1-1-pt_2882,P_1-3_5359,3.700000000000002
P_1-1-pt_2882,P_1-3_2203,3.700000000000002
P_1-1-pt_2882,P_1-3_2540,3.700000000000002
P_1-1-pt_2882,P_1-3_1243,3.600000000000002
P_1-1-pt_2882,P_1-1-pt_804,11.099999999999977
P_1-1-pt_2882,P_1-1-pt_5886,20.600000000000023
P_1-1-pt_2882,P_1-3_891,3.600000000000002
P_1-1-pt_2882,P_1-3_4690,3.700000000000002
P_1-1-pt_2882,P_1-3_4995,72.90000000000013
P_1-1-pt_2882,P_1-1-pt_6409,22.200000000000045
P_1-1-pt_2882,P_1-1-pt_7412,57.300000000000544
P_1-1-pt_2882,P_1-1-pt_7080,10.09999999999998
P_1-1-pt_2882,P_1-1-pt_6038,11.599999999999975
P_1-1-pt_2882,P_1-1-pt_3910,7.599999999999989
P_1-1-pt_2882,P_1-1-pt_3769,10.999999999999977
P_1-1-pt_2882,P_1-1-pt_6031,11.299999999999976
P_1-1-pt_2882,P_1-3_2218,3.600000000000002
P_1-1-pt_2882,P_1-2_1255,10.399999999999979
P_2-1_2034,P_1-1-pt_480,3.700000000000002
P_1-3_4649,P_1-1-pt_638,10.29999999999998
P_1-3_4649,P_1-2_1356,4.5
P_1-1-pt_7114,P_1-1-pt_1238,12.599999999999971
P_1-1-pt_7114,P_1-1-pt_3916,10.799999999999978
P_1-1-pt_7114,P_1-1-pt_3214,11.399999999999975
P_1-3_2327,P_1-1-pt_7440,7.899999999999988
P_1-3_2327,P_1-1-pt_1670,3.800000000000002
P_1-3_2327,P_1-1-pt_638,8.999999999999984
P_1-3_2327,P_1-1-pt_868,26.300000000000104
P_1-3_2327,P_1-1-pt_3638,12.099999999999973
P_1-3_2327,P_1-1-pt_4064,12.099999999999973
P_1-3_2327,P_1-1-pt_7201,11.699999999999974
P_1-3_2327,P_1-1-pt_467,12.99999999999997
P_1-1-pt_459,P_1-1-pt_1020,10.399999999999979
P_1-1-pt_459,P_1-1-pt_4736,19.70000000000001
P_1-1-pt_459,P_1-1-pt_1853,9.299999999999983
P_1-1-pt_459,P_1-1-pt_3207,8.999999999999984
P_1-1-pt_459,P_1-1-pt_1610,8.299999999999986
P_1-1-pt_459,P_1-1-pt_2880,10.09999999999998
P_1-1-pt_459,P_1-1-pt_4345,9.99999999999998
P_1-1-pt_459,P_1-1-pt_6743,10.29999999999998
P_1-1-pt_459,P_1-1-pt_5167,10.09999999999998
P_1-1-pt_459,P_1-1-pt_8016,283.699999999996
P_1-1-pt_459,P_2-1_3390,40.80000000000031
P_1-1-pt_3002,P_1-1-pt_6278,5.299999999999997
P_1-1-pt_3002,P_1-1-pt_8601,9.399999999999983
P_1-1-pt_3002,P_1-1-pt_1241,9.399999999999983
P_1-1-pt_2702,P_1-1-pt_1497,60.800000000000594
P_1-1-pt_2702,P_1-2_3887,3.700000000000002
P_1-1-pt_2702,P_1-1-pt_562,20.600000000000023
P_1-1-pt_2702,P_1-1-pt_4589,10.19999999999998
P_1-1-pt_2702,P_1-1-pt_2004,21.10000000000003
P_1-1-pt_2702,P_1-1-pt_7381,10.399999999999979
P_1-1-pt_2702,P_1-1-pt_6771,10.19999999999998
P_1-1-pt_2702,P_1-3_2324,3.600000000000002
P_1-1-pt_2702,P_1-3_4479,3.700000000000002
P_1-1-pt_2702,P_1-1-pt_6422,10.09999999999998
P_1-1-pt_2702,P_1-1-pt_7372,10.999999999999977
P_1-1-pt_2702,P_1-1-pt_2920,86.49999999999936
P_1-1-pt_2702,P_1-1-pt_4070,10.699999999999978
P_1-1-pt_2702,P_1-1-pt_4363,10.29999999999998
P_1-1-pt_2702,P_1-1-pt_6673,20.30000000000002
P_1-1-pt_2702,P_1-1-pt_8731,10.399999999999979
P_1-2_5800,P_1-2_4634,10.09999999999998
P_1-2_5800,P_1-3_4875,15.099999999999962
P_1-2_5800,P_1-3_1815,122.09999999999734
P_1-2_5800,P_1-3_4775,20.200000000000017
P_1-2_5800,P_1-3_2633,22.000000000000043
P_1-2_5800,P_1-3_331,20.100000000000016
P_1-2_5800,P_1-3_3253,20.000000000000014
P_1-3_4593,P_1-1-pt_1669,3.700000000000002
P_1-1-pt_216,P_1-3_1292,34.00000000000021
P_1-1-pt_216,P_1-1-pt_4262,10.29999999999998
P_1-1-pt_216,P_1-1-pt_1323,20.700000000000024
P_1-1-pt_216,P_1-1-pt_5727,20.800000000000026
P_1-1-pt_216,P_1-1-pt_3386,20.700000000000024
P_1-1-pt_216,P_1-2_2795,11.399999999999975
P_1-1-pt_216,P_1-1-pt_3595,10.29999999999998
P_1-1-pt_5376,P_1-1-veh_234,7.799999999999988
P_1-1-pt_5376,P_1-1-pt_5078,127.19999999999705
P_1-1-pt_5376,P_1-1-pt_4901,8.699999999999985
P_1-1-pt_5376,P_1-1-pt_6334,11.599999999999975
P_1-1-pt_5376,P_1-1-pt_1020,10.699999999999978
P_1-1-pt_5376,P_1-1-pt_7205,18.099999999999987
P_1-1-pt_5376,P_1-1-pt_2947,12.69999999999997
P_1-3_75,P_1-1-veh_65,20.30000000000002
P_1-3_75,P_1-1-pt_2529,9.299999999999983
P_1-3_75,P_2-1_5470,8.699999999999985
P_1-3_75,P_1-2_4791,10.19999999999998
P_1-3_75,P_1-2_1533,10.29999999999998
P_1-3_75,P_1-3_5578,9.99999999999998
P_1-3_75,P_1-3_635,10.29999999999998
P_1-2_3887,P_1-1-pt_2702,3.700000000000002
P_1-2_3887,P_1-1-pt_1497,7.899999999999988
P_1-2_3887,P_1-1-pt_2431,7.19999999999999
P_1-2_3887,P_1-1-pt_166,14.799999999999963
P_1-2_3887,P_1-2_1658,28.300000000000132
P_1-2_3887,P_1-1-pt_2863,2.800000000000001
P_1-3_4591,P_1-1-pt_2297,3.700000000000002
P_1-3_4591,P_1-1-pt_3355,3.700000000000002
P_1-3_4591,P_1-1-pt_7806,3.700000000000002
P_1-3_4591,P_1-1-pt_5836,3.700000000000002
P_1-3_4591,P_1-1-pt_5684,12.499999999999972
P_1-3_4591,P_1-1-pt_5229,3.800000000000002
P_1-3_4591,P_1-1-pt_8123,7.799999999999988
P_1-3_4591,P_1-1-pt_1590,3.600000000000002
P_1-1-pt_192,P_1-1-pt_2844,10.29999999999998
P_1-1-pt_192,P_1-1-pt_1181,11.299999999999976
P_1-1-pt_192,P_1-1-pt_5648,11.299999999999976
P_1-1-pt_192,P_1-2_315,5.399999999999997
P_1-1-pt_192,P_1-2_1219,3.900000000000002
P_1-1-pt_192,P_1-1-veh_458,3.0000000000000013
P_1-1-pt_192,P_1-2_262,3.3000000000000016
P_1-1-pt_192,P_1-2_4730,5.299999999999997
P_1-1-pt_192,P_1-3_300,3.600000000000002
P_1-1-pt_192,P_1-1-veh_608,7.39999999999999
P_1-1-pt_192,P_1-1-pt_2427,10.599999999999978
P_1-1-pt_192,P_1-1-pt_7645,21.400000000000034
P_1-1-pt_192,P_1-1-pt_3508,10.699999999999978
P_1-1-pt_192,P_1-1-pt_889,10.499999999999979
P_1-1-pt_192,P_1-1-pt_498,10.499999999999979
P_1-1-pt_192,P_1-1-pt_3797,10.699999999999978
P_1-1-pt_192,P_1-1-pt_1694,10.599999999999978
P_1-3_3648,P_2-1_5067,0.9999999999999999
P_1-2_3011,P_1-1-pt_1396,6.799999999999992
P_1-2_502,P_1-1-pt_1304,7.599999999999989
P_1-2_502,P_1-1-pt_1108,7.499999999999989
P_1-2_502,P_1-1-pt_8137,5.4999999999999964
P_1-1-pt_1528,P_1-1-pt_1329,8.499999999999986
P_1-1-pt_6427,P_1-1-pt_2218,10.09999999999998
P_1-1-pt_6427,P_1-1-pt_3964,10.29999999999998
P_1-1-pt_6427,P_1-1-pt_6209,10.19999999999998
P_1-1-pt_6427,P_1-1-pt_3762,10.399999999999979
P_1-1-pt_6427,P_1-1-pt_6007,10.09999999999998
P_1-1-pt_6427,P_1-1-pt_1430,9.599999999999982
P_1-2_1458,P_1-3_2599,10.19999999999998
P_1-2_1458,P_1-2_5745,10.09999999999998
P_1-2_1458,P_1-1-pt_8735,7.699999999999989
P_1-2_1458,P_1-2_4266,9.99999999999998
P_1-2_1458,P_1-3_3076,10.09999999999998
P_1-2_1458,P_1-1-pt_182,7.799999999999988
P_1-2_1458,P_1-2_4947,10.09999999999998
P_1-2_1458,P_1-3_4289,10.19999999999998
P_1-2_1458,P_1-3_5600,10.19999999999998
P_1-2_1458,P_2-1_2749,20.200000000000017
P_1-2_1458,P_1-1-pt_1639,7.799999999999988
P_1-2_1458,P_1-2_186,10.09999999999998
P_1-2_1458,P_2-1_1211,20.30000000000002
P_1-2_1458,P_1-1-veh_834,10.09999999999998
P_1-2_1458,P_1-3_1297,10.09999999999998
P_1-2_1458,P_1-3_743,10.09999999999998
P_1-2_1458,P_1-1-pt_8289,6.699999999999992
P_1-2_1458,P_1-2_808,10.09999999999998
P_1-2_1458,P_1-2_1492,10.09999999999998
P_1-2_1458,P_1-2_5054,10.19999999999998
P_1-1-pt_3229,P_1-1-pt_2961,18.799999999999997
P_1-1-pt_3229,P_1-1-pt_3922,10.19999999999998
P_1-1-pt_3229,P_1-3_2180,8.199999999999987
P_1-1-pt_3229,P_1-1-pt_941,7.999999999999988
P_1-1-pt_3229,P_1-1-pt_8968,9.99999999999998
P_1-1-pt_3229,P_1-1-pt_1232,9.299999999999983
P_2-1_1911,P_2-1_6256,119.59999999999748
P_2-1_1911,P_1-2_3908,119.59999999999748
P_2-1_1911,P_1-2_3005,109.39999999999806
P_2-1_1911,P_2-1_5435,119.39999999999749
P_2-1_1911,P_1-2_4607,109.89999999999803
P_2-1_1911,P_2-1_4331,119.39999999999749
P_2-1_1911,P_1-1-pt_7917,501.50000000004553
P_2-1_1911,P_2-1_5859,108.89999999999809
P_2-1_1911,P_1-2_4886,925.2000000001418
P_2-1_1911,P_1-1-pt_7104,492.80000000004355
P_2-1_1911,P_1-2_2229,930.0000000001429
P_2-1_1911,P_1-2_6071,109.69999999999804
P_2-1_1911,P_1-3_4957,109.99999999999802
P_2-1_1911,P_1-2_1272,109.89999999999803
P_2-1_1911,P_2-1_2074,109.49999999999805
P_2-1_1911,P_1-3_4751,99.9999999999986
P_2-1_1911,P_1-2_2030,929.2000000001427
P_2-1_1911,P_2-1_3376,929.9000000001429
P_2-1_1911,P_2-1_1242,89.69999999999918
P_2-1_1911,P_2-1_3947,89.99999999999916
P_2-1_1911,P_2-1_6248,89.89999999999917
P_2-1_1911,P_1-3_3176,89.2999999999992
P_2-1_1911,P_1-2_2976,81.29999999999966
P_2-1_1911,P_1-2_1639,89.69999999999918
P_2-1_1911,P_2-1_497,86.09999999999938
P_2-1_1911,P_2-1_1408,79.59999999999975
P_2-1_1911,P_1-2_1471,79.69999999999975
P_2-1_1911,P_2-1_4664,3224.9999999981624
P_1-3_372,P_1-1-pt_1238,3.700000000000002
P_1-3_372,P_1-1-pt_3910,3.600000000000002
P_1-3_372,P_1-1-pt_6346,3.700000000000002
P_1-3_372,P_1-2_5885,21.90000000000004
P_1-3_372,P_1-3_5141,20.30000000000002
P_1-3_372,P_2-1_3599,20.40000000000002
P_1-3_372,P_1-2_4734,20.40000000000002
P_1-3_372,P_1-3_2454,10.09999999999998
P_1-3_372,P_1-2_4206,10.19999999999998
P_1-3_372,P_1-3_1500,10.19999999999998
P_1-3_372,P_2-1_6008,10.19999999999998
P_1-3_372,P_1-2_1656,10.19999999999998
P_1-3_372,P_1-3_3901,10.09999999999998
P_1-3_372,P_1-2_1053,10.19999999999998
P_1-3_372,P_2-1_2785,10.19999999999998
P_1-3_372,P_1-2_1420,10.19999999999998
P_1-3_372,P_1-3_228,10.09999999999998
P_1-3_372,P_1-2_5495,10.19999999999998
P_1-3_372,P_1-2_4452,10.09999999999998
P_1-3_372,P_1-3_3834,10.09999999999998
P_1-3_372,P_1-3_3776,10.19999999999998
P_1-3_372,P_1-3_1657,10.19999999999998
P_1-3_372,P_2-1_2161,10.19999999999998
P_1-3_372,P_1-2_3280,10.19999999999998
P_1-3_372,P_1-3_3046,10.19999999999998
P_1-3_372,P_1-3_3457,10.19999999999998
P_1-3_372,P_1-3_1615,10.19999999999998
P_1-3_372,P_1-3_4168,10.19999999999998
P_1-3_372,P_1-3_2053,10.09999999999998
P_1-3_372,P_1-3_3054,10.19999999999998
P_1-1-pt_4397,P_1-1-pt_2606,10.899999999999977
P_1-1-pt_4397,P_1-1-pt_5143,10.699999999999978
P_1-1-pt_4397,P_1-1-pt_5906,10.09999999999998
P_1-1-pt_4397,P_1-1-pt_1238,10.799999999999978
P_1-1-pt_4397,P_1-1-pt_3916,10.899999999999977
P_1-1-pt_4397,P_1-1-pt_3128,10.899999999999977
P_1-1-pt_4397,P_1-1-pt_1108,9.699999999999982
P_1-1-pt_4397,P_1-1-pt_1226,10.999999999999977
P_1-1-pt_4397,P_1-1-pt_3624,10.19999999999998
P_1-1-pt_4397,P_1-1-pt_2992,10.799999999999978
P_1-1-pt_4397,P_1-1-pt_3214,10.599999999999978
P_1-1-pt_4397,P_1-1-pt_7412,10.799999999999978
P_1-1-pt_4397,P_1-1-pt_5066,10.699999999999978
P_1-1-pt_4397,P_1-1-pt_5346,10.799999999999978
P_1-1-pt_4397,P_1-1-pt_3046,10.499999999999979
P_1-1-pt_4397,P_1-1-pt_8586,10.699999999999978
P_1-1-pt_4397,P_1-1-pt_1473,9.99999999999998
P_1-1-pt_4397,P_1-1-pt_3700,12.69999999999997
P_1-1-pt_4397,P_1-1-pt_357,12.79999999999997
P_1-1-pt_4397,P_1-1-pt_234,10.799999999999978
P_1-1-pt_4397,P_1-1-pt_6297,12.79999999999997
P_1-1-pt_4397,P_1-1-pt_6209,11.499999999999975
P_1-1-pt_4397,P_1-1-pt_7459,12.399999999999972
P_1-1-pt_4397,P_1-1-pt_385,10.499999999999979
P_1-1-pt_4397,P_1-1-pt_3910,9.499999999999982
P_1-1-pt_4397,P_1-1-pt_3769,11.499999999999975
P_1-1-pt_4397,P_1-1-pt_6031,11.199999999999976
P_1-1-pt_4397,P_1-3_2218,3.700000000000002
P_1-1-pt_4397,P_1-1-pt_6409,11.099999999999977
P_1-1-pt_4397,P_1-2_1255,9.99999999999998
P_1-1-pt_3762,P_1-1-veh_610,3.700000000000002
P_1-1-pt_3762,P_1-3_2565,3.700000000000002
P_1-1-pt_3762,P_1-1-pt_7447,10.19999999999998
P_1-1-pt_3762,P_1-1-pt_6427,10.399999999999979
P_1-1-pt_3762,P_1-1-pt_8316,10.19999999999998
P_1-1-pt_3762,P_1-1-pt_8027,10.799999999999978
P_1-1-pt_3762,P_1-1-veh_767,3.700000000000002
P_1-1-pt_3762,P_1-1-pt_655,11.199999999999976
P_1-1-pt_3762,P_1-1-pt_2218,11.299999999999976
P_1-1-pt_3762,P_1-1-pt_8435,10.799999999999978
P_1-1-pt_3762,P_1-1-pt_7459,10.499999999999979
P_1-1-pt_3762,P_1-1-pt_3993,9.99999999999998
P_1-1-pt_3762,P_1-1-pt_2187,7.799999999999988
P_1-1-pt_3762,P_1-1-pt_1544,9.799999999999981
P_1-1-pt_3762,P_1-1-pt_6809,11.399999999999975
P_1-1-pt_3762,P_1-1-pt_6413,11.099999999999977
P_1-1-pt_3762,P_1-1-pt_6397,10.999999999999977
P_1-1-pt_3762,P_1-1-pt_4996,11.199999999999976
P_1-1-pt_3762,P_1-1-pt_6242,10.699999999999978
P_1-1-pt_3762,P_1-1-pt_1296,11.199999999999976
P_1-1-pt_3762,P_1-1-pt_8861,10.499999999999979
P_1-1-pt_3762,P_1-1-pt_8562,10.599999999999978
P_1-1-pt_3762,P_1-1-pt_6389,11.399999999999975
P_1-1-pt_3762,P_1-1-pt_812,9.199999999999983
P_1-1-pt_3762,P_1-1-pt_8747,9.399999999999983
P_1-1-pt_3762,P_1-1-pt_7177,9.099999999999984
P_1-1-pt_3762,P_1-1-pt_3189,10.599999999999978
P_1-1-pt_3762,P_1-1-pt_1034,10.699999999999978
P_1-1-pt_3762,P_1-1-pt_6353,10.29999999999998
P_1-1-pt_3762,P_1-1-pt_4628,9.099999999999984
P_1-1-pt_3762,P_1-1-pt_5051,9.499999999999982
P_1-1-pt_3762,P_1-1-pt_281,9.199999999999983
P_1-1-pt_3762,P_1-1-pt_1660,9.499999999999982
P_1-1-pt_3762,P_1-1-pt_3275,11.499999999999975
P_2-1_3175,P_2-1_595,485.2000000000418
P_2-1_3175,P_2-1_3797,46.700000000000394
P_2-1_3175,P_2-1_3778,9.99999999999998
P_2-1_3175,P_2-1_3119,9.99999999999998
P_2-1_3175,P_1-2_3708,4.5
P_2-1_3175,P_2-1_4012,60.00000000000058
P_1-2_423,P_1-3_2180,0.6
P_1-2_423,P_1-2_3378,30.400000000000162
P_1-2_423,P_1-2_3077,30.400000000000162
P_1-2_423,P_1-2_5020,19.0
P_1-2_423,P_1-2_471,20.30000000000002
P_1-2_423,P_1-3_1588,15.99999999999996
P_1-2_423,P_1-2_5805,20.100000000000016
P_1-2_423,P_1-2_2590,20.40000000000002
P_1-2_423,P_2-1_782,8.899999999999984
P_1-2_423,P_1-2_3919,8.099999999999987
P_1-2_423,P_1-2_5092,20.30000000000002
P_1-2_423,P_1-2_3614,6.999999999999991
P_1-3_2565,P_1-1-pt_3762,3.700000000000002
P_1-3_2565,P_1-1-pt_1449,3.600000000000002
P_1-1-pt_6278,P_1-1-pt_3002,5.299999999999997
P_1-1-pt_6278,P_1-1-pt_8172,33.500000000000206
P_1-3_1615,P_1-2_4734,40.80000000000031
P_1-3_1615,P_1-2_4206,40.70000000000031
P_1-3_1615,P_1-3_1500,40.500000000000306
P_1-3_1615,P_1-3_3901,30.600000000000165
P_1-3_1615,P_1-2_1420,30.600000000000165
P_1-3_1615,P_1-3_228,30.500000000000163
P_1-3_1615,P_1-3_3776,30.500000000000163
P_1-3_1615,P_2-1_2161,30.500000000000163
P_1-3_1615,P_1-3_874,10.09999999999998
P_1-3_1615,P_1-2_5885,30.600000000000165
P_1-3_1615,P_1-3_5141,30.500000000000163
P_1-3_1615,P_2-1_3599,30.600000000000165
P_1-3_1615,P_1-3_2454,20.30000000000002
P_1-3_1615,P_2-1_6008,25.100000000000087
P_1-3_1615,P_1-2_1656,20.40000000000002
P_1-3_1615,P_1-2_1053,20.30000000000002
P_1-3_1615,P_2-1_2785,20.40000000000002
P_1-3_1615,P_1-2_5495,20.40000000000002
P_1-3_1615,P_1-2_4452,20.40000000000002
P_1-3_1615,P_1-3_3834,20.200000000000017
P_1-3_1615,P_1-3_1657,20.40000000000002
P_1-3_1615,P_1-2_3280,20.40000000000002
P_1-3_1615,P_1-3_3046,20.40000000000002
P_1-3_1615,P_1-3_3457,20.700000000000024
P_1-3_1615,P_1-3_372,10.19999999999998
P_1-3_1615,P_1-3_4168,10.19999999999998
P_1-3_1615,P_1-3_2053,10.09999999999998
P_1-3_1615,P_1-3_3054,10.19999999999998
P_1-3_3054,P_1-1-veh_106,17.49999999999998
P_1-3_3054,P_1-1-pt_3910,3.700000000000002
P_1-3_3054,P_1-1-pt_6346,3.800000000000002
P_1-3_3054,P_1-1-pt_1714,7.699999999999989
P_1-3_3054,P_1-2_2287,10.09999999999998
P_1-3_3054,P_1-3_2454,10.09999999999998
P_1-3_3054,P_1-2_4206,11.199999999999976
P_1-3_3054,P_1-3_1500,10.19999999999998
P_1-3_3054,P_2-1_6008,10.09999999999998
P_1-3_3054,P_1-2_1656,10.09999999999998
P_1-3_3054,P_1-3_3901,10.09999999999998
P_1-3_3054,P_1-2_1053,10.19999999999998
P_1-3_3054,P_2-1_2785,10.09999999999998
P_1-3_3054,P_1-2_1420,10.19999999999998
P_1-3_3054,P_1-3_228,10.19999999999998
P_1-3_3054,P_1-2_5495,10.19999999999998
P_1-3_3054,P_1-2_4452,10.19999999999998
P_1-3_3054,P_1-3_3834,10.19999999999998
P_1-3_3054,P_1-3_3776,10.19999999999998
P_1-3_3054,P_1-3_1657,10.19999999999998
P_1-3_3054,P_2-1_2161,10.19999999999998
P_1-3_3054,P_1-2_3280,10.19999999999998
P_1-3_3054,P_1-3_3046,10.19999999999998
P_1-3_3054,P_1-3_3457,10.19999999999998
P_1-3_3054,P_1-3_1615,10.19999999999998
P_1-3_3054,P_1-3_372,10.19999999999998
P_1-2_3356,P_1-1-pt_2342,6.399999999999993
P_1-2_3356,P_1-1-pt_4407,19.60000000000001
P_1-2_3356,P_1-1-pt_6358,3.800000000000002
P_1-2_3356,P_2-1_247,9.99999999999998
P_1-2_1957,P_1-1-pt_1240,24.500000000000078
P_1-2_1957,P_1-1-pt_3188,7.39999999999999
P_1-1-pt_2748,P_1-1-pt_2927,28.600000000000136
P_1-1-pt_2748,P_1-1-pt_5154,1563.8999999996731
P_1-1-pt_2748,P_1-1-pt_4262,10.799999999999978
P_1-1-pt_2748,P_1-1-pt_1798,912.5000000001389
P_1-3_5504,P_1-1-pt_7080,15.399999999999961
P_1-3_5504,P_1-3_2261,11.799999999999974
P_1-3_5504,P_1-3_17,10.09999999999998
P_1-1-pt_1396,P_2-1_5127,14.599999999999964
P_1-1-pt_1396,P_1-1-pt_7277,8.599999999999985
P_1-1-pt_1396,P_1-2_87,7.999999999999988
P_1-1-pt_1396,P_1-1-pt_1222,9.599999999999982
P_1-1-pt_1396,P_1-2_24,7.699999999999989
P_1-1-pt_1396,P_1-3_3624,7.799999999999988
P_1-1-pt_1396,P_1-1-pt_1577,10.09999999999998
P_1-1-pt_1396,P_2-1_493,7.999999999999988
P_1-1-pt_1396,P_1-2_2295,13.299999999999969
P_1-1-pt_1396,P_1-3_5452,61.80000000000061
P_1-1-pt_1396,P_1-2_3011,6.799999999999992
P_1-1-pt_1396,P_1-1-veh_594,8.999999999999984
P_1-1-pt_1396,P_2-1_6010,15.79999999999996
P_1-1-pt_1396,P_1-1-veh_824,12.199999999999973
P_1-1-pt_1396,P_2-1_1228,11.699999999999974
P_1-1-pt_1396,P_1-3_3301,7.799999999999988
P_1-1-pt_1396,P_1-3_1826,11.799999999999974
P_1-1-pt_1396,P_1-1-pt_6747,390.5000000000203
P_1-1-pt_1396,P_1-1-veh_515,30.20000000000016
P_1-1-pt_1396,P_1-1-pt_8838,77.29999999999988
P_1-1-pt_1396,P_2-1_4229,68.50000000000038
P_1-1-pt_1396,P_1-1-pt_4186,30.600000000000165
P_1-1-pt_1396,P_1-2_1699,33.0000000000002
P_1-1-pt_1396,P_1-1-pt_480,8.699999999999985
P_1-1-pt_1396,P_1-1-pt_8947,9.99999999999998
P_1-2_6071,P_2-1_6256,120.69999999999742
P_1-2_6071,P_1-2_3908,109.49999999999805
P_1-2_6071,P_1-2_3005,109.49999999999805
P_1-2_6071,P_2-1_5435,109.79999999999804
P_1-2_6071,P_1-2_4607,109.79999999999804
P_1-2_6071,P_2-1_4331,109.39999999999806
P_1-2_6071,P_1-1-pt_7917,86.09999999999938
P_1-2_6071,P_2-1_5859,108.39999999999812
P_1-2_6071,P_1-2_4886,109.39999999999806
P_1-2_6071,P_1-1-pt_7104,84.59999999999947
P_1-2_6071,P_1-2_2229,109.99999999999802
P_1-2_6071,P_1-2_2030,1033.2000000001558
P_1-2_6071,P_2-1_1911,109.69999999999804
P_1-2_6071,P_2-1_3376,120.9999999999974
P_1-2_6071,P_1-3_4957,123.89999999999723
P_1-2_6071,P_1-2_1272,108.09999999999813
P_1-2_6071,P_2-1_2074,99.59999999999862
P_1-2_6071,P_1-3_4751,99.7999999999986
P_1-2_6071,P_2-1_3947,103.59999999999839
P_1-2_6071,P_2-1_6248,89.99999999999916
P_1-2_6071,P_1-3_3176,79.29999999999977
P_1-2_6071,P_1-2_2976,79.69999999999975
P_1-2_6071,P_1-2_1639,79.99999999999973
P_1-2_6071,P_2-1_497,79.39999999999976
P_1-2_6071,P_2-1_1408,79.29999999999977
P_1-2_6071,P_1-2_1471,79.99999999999973
P_1-2_6071,P_2-1_4664,79.49999999999976
P_1-2_6071,P_2-1_1242,4009.9999999974484
P_1-1-pt_2194,P_1-1-pt_5666,7.599999999999989
P_1-1-pt_2194,P_1-1-pt_571,9.99999999999998
P_1-1-pt_2194,P_1-1-pt_3230,10.09999999999998
P_1-1-pt_2194,P_1-1-pt_8016,10.399999999999979
P_1-1-pt_2194,P_1-1-pt_8280,9.799999999999981
P_1-1-pt_2194,P_1-1-pt_3207,404.6000000000235
P_1-1-pt_2194,P_1-1-pt_7243,10.799999999999978
P_1-1-pt_2194,P_1-1-pt_521,9.99999999999998
P_1-1-pt_2194,P_1-1-pt_3671,10.09999999999998
P_1-1-pt_2194,P_1-1-pt_1610,10.799999999999978
P_1-1-pt_2194,P_1-1-pt_4736,9.499999999999982
P_1-1-pt_2194,P_1-1-pt_1497,127.49999999999703
P_1-1-pt_2194,P_1-1-pt_5167,8.899999999999984
P_1-1-pt_2194,P_1-1-pt_4345,0.6
P_1-1-pt_2194,P_1-1-pt_3388,205.7999999999926
P_1-1-pt_2194,P_1-1-pt_5960,10.09999999999998
P_1-1-veh_170,P_1-1-pt_6974,16.499999999999964
P_1-1-veh_170,P_1-2_2377,8.399999999999986
P_1-1-veh_170,P_1-1-pt_2164,3.800000000000002
P_1-1-veh_170,P_1-1-pt_6262,6.799999999999992
P_1-1-veh_170,P_1-1-pt_2894,3.600000000000002
P_1-1-veh_170,P_1-2_163,10.09999999999998
P_1-1-veh_170,P_1-1-pt_6189,3.700000000000002
P_1-1-pt_2957,P_1-3_3096,9.299999999999983
P_1-2_2828,P_1-3_2018,10.09999999999998
P_1-2_2828,P_1-3_2633,171.89999999999452
P_1-2_2828,P_1-2_5210,10.09999999999998
P_1-2_2828,P_1-3_331,32.30000000000019
P_1-2_2828,P_1-2_573,14.099999999999966
P_1-2_2828,P_1-3_4954,20.200000000000017
P_1-2_2828,P_1-2_4634,9.99999999999998
P_1-2_2828,P_1-3_4875,20.100000000000016
P_1-2_2828,P_1-3_4775,11.699999999999974
P_1-2_2828,P_1-3_1815,10.09999999999998
P_1-2_2828,P_1-3_3253,20.000000000000014
P_1-1-pt_3964,P_1-1-pt_761,22.200000000000045
P_1-1-pt_3964,P_1-1-pt_3097,21.400000000000034
P_1-1-pt_3964,P_1-1-pt_6427,10.29999999999998
P_1-1-pt_3964,P_1-1-pt_6297,21.400000000000034
P_1-1-pt_3964,P_1-1-pt_5199,20.000000000000014
P_1-1-pt_3964,P_1-1-pt_655,9.599999999999982
P_1-1-pt_3964,P_1-1-pt_6931,10.09999999999998
P_1-1-pt_3964,P_1-1-pt_2218,24.200000000000074
P_1-1-pt_3964,P_1-1-pt_8435,21.20000000000003
P_1-1-pt_3964,P_1-1-pt_7459,10.699999999999978
P_1-1-pt_3964,P_1-1-pt_4996,11.099999999999977
P_1-1-pt_3964,P_1-1-pt_4806,11.199999999999976
P_1-1-pt_3964,P_1-1-pt_6809,11.899999999999974
P_1-1-pt_3964,P_1-1-pt_8866,10.699999999999978
P_1-1-pt_3964,P_1-1-pt_6543,11.399999999999975
P_1-1-pt_3964,P_1-1-pt_3474,11.899999999999974
P_1-1-pt_3964,P_1-1-pt_1354,11.599999999999975
P_1-1-pt_3964,P_1-1-pt_357,11.499999999999975
P_1-1-pt_3964,P_1-1-pt_3700,13.09999999999997
P_1-1-pt_3964,P_1-1-pt_234,11.299999999999976
P_1-1-pt_3964,P_1-1-pt_2187,10.699999999999978
P_1-1-pt_3964,P_1-1-pt_6413,10.699999999999978
P_1-3_3062,P_1-1-veh_337,10.19999999999998
P_1-1-pt_562,P_1-1-pt_8016,19.80000000000001
P_1-1-pt_562,P_1-1-pt_3671,20.30000000000002
P_1-1-pt_562,P_1-1-pt_5167,19.300000000000004
P_1-1-pt_562,P_1-1-pt_1020,10.999999999999977
P_1-1-pt_562,P_1-1-pt_3858,19.60000000000001
P_1-1-pt_562,P_1-1-pt_1747,20.200000000000017
P_1-1-pt_562,P_1-1-pt_1497,15.099999999999962
P_1-1-pt_562,P_1-1-pt_2702,20.600000000000023
P_1-1-pt_562,P_1-1-pt_7372,10.09999999999998
P_1-1-pt_562,P_1-1-pt_3360,18.29999999999999
P_1-1-pt_562,P_1-1-pt_6673,20.800000000000026
P_1-1-pt_562,P_1-1-pt_4664,22.300000000000047
P_1-1-pt_562,P_1-1-pt_7440,9.399999999999983
P_1-1-pt_562,P_1-1-pt_6422,10.499999999999979
P_1-1-pt_562,P_1-1-pt_2920,12.499999999999972
P_1-1-pt_562,P_1-1-pt_4363,20.30000000000002
P_1-1-pt_562,P_1-1-pt_8731,8.699999999999985
P_1-1-pt_562,P_1-1-pt_5267,8.799999999999985
P_1-1-pt_562,P_1-1-pt_2013,10.09999999999998
P_1-1-pt_562,P_1-1-pt_4345,16.19999999999996
P_1-1-pt_562,P_1-1-pt_7881,21.500000000000036
P_1-1-pt_562,P_1-1-pt_1610,10.599999999999978
P_1-1-pt_562,P_1-1-pt_2880,10.29999999999998
P_1-1-pt_562,P_1-1-pt_4736,8.499999999999986
P_1-1-pt_562,P_1-1-pt_6974,12.79999999999997
P_1-1-pt_562,P_1-1-pt_3025,8.699999999999985
P_1-1-pt_562,P_1-1-pt_1853,46.100000000000385
P_1-3_2016,P_1-1-pt_7927,20.40000000000002
P_2-1_857,P_1-1-veh_837,102.99999999999842
P_2-1_857,P_1-3_4738,102.29999999999846
P_2-1_857,P_2-1_2028,51.800000000000466
P_2-1_857,P_1-2_5752,92.69999999999901
P_2-1_857,P_1-2_3464,92.49999999999902
P_2-1_857,P_1-2_2080,92.29999999999903
P_2-1_857,P_1-2_3821,93.09999999999899
P_2-1_857,P_1-2_2797,101.39999999999851
P_2-1_857,P_1-2_2580,1092.5000000001019
P_2-1_857,P_1-2_4646,82.3999999999996
P_2-1_857,P_2-1_2626,61.70000000000061
P_2-1_857,P_2-1_4458,82.3999999999996
P_2-1_857,P_1-2_3210,82.2999999999996
P_2-1_857,P_1-2_2470,65.30000000000057
P_2-1_857,P_1-3_1755,72.10000000000018
P_2-1_857,P_2-1_6106,61.80000000000061
P_2-1_857,P_1-3_1002,71.8000000000002
P_2-1_857,P_1-3_2501,41.200000000000315
P_2-1_857,P_1-3_3231,61.70000000000061
P_2-1_857,P_1-2_2767,1037.5000000001519
P_2-1_857,P_2-1_3205,30.700000000000166
P_2-1_857,P_1-2_2625,31.00000000000017
P_1-1-pt_3910,P_1-2_4771,3.800000000000002
P_1-1-pt_3910,P_1-3_5079,3.900000000000002
P_1-1-pt_3910,P_2-1_4755,3.600000000000002
P_1-1-pt_3910,P_1-1-pt_1714,10.09999999999998
P_1-1-pt_3910,P_1-3_3834,3.600000000000002
P_1-1-pt_3910,P_1-3_1657,3.800000000000002
P_1-1-pt_3910,P_1-3_1785,3.600000000000002
P_1-1-pt_3910,P_1-2_3280,3.800000000000002
P_1-1-pt_3910,P_1-3_3046,3.900000000000002
P_1-1-pt_3910,P_1-3_3457,3.800000000000002
P_1-1-pt_3910,P_1-1-pt_8911,10.899999999999977
P_1-1-pt_3910,P_1-3_372,3.600000000000002
P_1-1-pt_3910,P_1-3_4168,5.4999999999999964
P_1-1-pt_3910,P_1-2_3081,5.899999999999995
P_1-1-pt_3910,P_1-3_2053,3.700000000000002
P_1-1-pt_3910,P_1-3_3054,3.700000000000002
P_1-1-pt_3910,P_1-2_5951,3.800000000000002
P_1-1-pt_3910,P_1-3_2256,3.700000000000002
P_1-1-pt_3910,P_1-3_970,3.700000000000002
P_1-1-pt_3910,P_1-3_5359,3.700000000000002
P_1-1-pt_3910,P_1-3_2203,3.700000000000002
P_1-1-pt_3910,P_1-3_2540,3.800000000000002
P_1-1-pt_3910,P_1-3_1243,3.800000000000002
P_1-1-pt_3910,P_1-3_891,3.600000000000002
P_1-1-pt_3910,P_1-3_4690,3.700000000000002
P_1-1-pt_3910,P_1-3_4995,3.600000000000002
P_1-1-pt_3910,P_1-1-pt_7297,10.399999999999979
P_1-1-pt_3910,P_1-3_4425,3.700000000000002
P_1-1-pt_3910,P_1-3_4033,3.600000000000002
P_1-1-pt_3910,P_1-3_767,3.700000000000002
P_1-1-pt_3910,P_1-3_5304,3.600000000000002
P_1-1-pt_3910,P_1-3_1047,4.300000000000001
P_1-1-pt_3910,P_1-1-pt_6007,10.599999999999978
P_1-1-pt_3910,P_1-3_4060,4.4
P_1-1-pt_3910,P_1-1-pt_5897,10.899999999999977
P_1-1-pt_3910,P_1-1-pt_7760,136.09999999999656
P_1-1-pt_3910,P_1-3_2397,3.800000000000002
P_1-1-pt_3910,P_1-1-pt_5142,10.699999999999978
P_1-1-pt_3910,P_1-1-pt_4919,12.299999999999972
P_1-1-pt_3910,P_1-1-pt_2882,7.599999999999989
P_1-1-pt_3910,P_1-1-pt_4397,9.499999999999982
P_1-1-pt_5684,P_2-1_2384,15.399999999999961
P_1-1-pt_5684,P_1-1-pt_8356,10.19999999999998
P_1-1-pt_5684,P_1-1-pt_7142,10.499999999999979
P_1-1-pt_5684,P_1-3_4591,12.499999999999972
P_1-1-pt_5684,P_2-1_4127,16.99999999999997
P_1-1-pt_5684,P_1-2_4005,3.700000000000002
P_1-1-pt_5684,P_1-2_2665,9.99999999999998
P_1-1-pt_5684,P_1-2_1032,3.600000000000002
P_1-3_5304,P_1-1-pt_4788,3.700000000000002
P_1-3_5304,P_1-1-pt_787,21.80000000000004
P_1-3_5304,P_1-1-pt_4966,3.600000000000002
P_1-3_5304,P_1-1-pt_6409,3.600000000000002
P_1-3_5304,P_1-1-pt_7459,3.700000000000002
P_1-3_5304,P_1-1-pt_234,3.800000000000002
P_1-3_5304,P_1-1-pt_3910,3.600000000000002
P_1-3_5304,P_1-1-pt_6346,3.600000000000002
P_1-3_5304,P_1-1-pt_1714,7.799999999999988
P_1-3_5304,P_1-3_1680,8.299999999999986
P_1-1-pt_4850,P_1-1-pt_4779,18.099999999999987
P_1-1-pt_4850,P_1-1-pt_6135,18.19999999999999
P_1-1-pt_4850,P_1-1-pt_4789,15.199999999999962
P_1-1-pt_4850,P_1-1-pt_5143,10.599999999999978
P_1-1-pt_4850,P_1-1-pt_1238,11.299999999999976
P_1-1-pt_4850,P_1-1-pt_3916,11.299999999999976
P_1-1-pt_4850,P_1-1-pt_8747,10.799999999999978
P_1-1-pt_4850,P_1-1-pt_3189,11.099999999999977
P_2-1_2626,P_2-1_2028,61.500000000000604
P_2-1_2626,P_2-1_4458,604.1000000000688
P_2-1_2626,P_1-2_5752,51.50000000000046
P_2-1_2626,P_1-2_3464,51.50000000000046
P_2-1_2626,P_1-2_2080,51.50000000000046
P_2-1_2626,P_1-2_3821,63.80000000000064
P_2-1_2626,P_1-2_2797,61.80000000000061
P_2-1_2626,P_1-2_2580,61.80000000000061
P_2-1_2626,P_2-1_857,61.70000000000061
P_2-1_2626,P_1-1-veh_837,71.50000000000021
P_2-1_2626,P_1-3_4738,68.90000000000036
P_2-1_2626,P_1-2_4646,62.00000000000061
P_2-1_2626,P_1-2_3210,41.100000000000314
P_2-1_2626,P_1-2_2767,51.40000000000046
P_2-1_2626,P_1-2_2470,51.50000000000046
P_2-1_2626,P_1-3_1755,51.60000000000046
P_2-1_2626,P_2-1_6106,51.30000000000046
P_2-1_2626,P_1-3_1002,51.30000000000046
P_2-1_2626,P_1-3_2501,40.60000000000031
P_2-1_2626,P_1-3_3231,30.700000000000166
P_2-1_2626,P_2-1_3205,30.700000000000166
P_2-1_2626,P_1-2_2625,30.700000000000166
P_1-2_3300,P_1-3_3164,4.699999999999999
P_1-1-veh_675,P_1-1-veh_337,10.19999999999998
P_1-1-veh_675,P_1-1-pt_5143,2.700000000000001
P_1-1-veh_675,P_1-1-pt_4779,1048.6000000001418
P_1-1-veh_675,P_1-1-pt_7684,0.1
P_1-2_3654,P_1-3_1680,6.099999999999994
P_1-2_3654,P_1-3_5053,16.89999999999997
P_1-2_3654,P_1-3_1273,9.299999999999983
P_1-1-pt_2927,P_1-1-pt_6397,8.899999999999984
P_1-1-pt_2927,P_1-2_3950,12.69999999999997
P_1-1-pt_2927,P_1-1-pt_1766,14.299999999999965
P_1-1-pt_2927,P_1-1-pt_6389,8.499999999999986
P_1-1-pt_2927,P_1-1-pt_2748,28.600000000000136
P_1-1-pt_2927,P_1-1-pt_1034,18.39999999999999
P_1-1-pt_4572,P_1-1-pt_3629,329.8000000000065
P_1-1-pt_4572,P_1-2_4771,31.70000000000018
P_1-1-pt_4572,P_1-3_1503,134.59999999999664
P_1-1-pt_4572,P_1-2_4339,126.49999999999709
P_1-1-pt_4572,P_1-3_5079,31.300000000000175
P_1-1-pt_4572,P_2-1_4755,31.70000000000018
P_1-1-pt_4572,P_2-1_4789,110.99999999999797
P_1-1-pt_4572,P_1-2_3749,95.09999999999887
P_1-1-pt_4572,P_1-1-pt_1714,20.600000000000023
P_1-1-pt_4572,P_1-2_2780,87.69999999999929
P_1-1-pt_4572,P_1-2_2287,15.89999999999996
P_1-1-pt_4572,P_1-3_1785,15.79999999999996
P_1-1-pt_4572,P_1-1-pt_8911,20.600000000000023
P_1-1-pt_4572,P_1-2_3081,15.89999999999996
P_1-3_4957,P_2-1_6256,105.1999999999983
P_1-3_4957,P_1-2_3908,119.69999999999747
P_1-3_4957,P_1-2_3005,109.19999999999807
P_1-3_4957,P_2-1_5435,119.99999999999746
P_1-3_4957,P_1-2_4607,109.59999999999805
P_1-3_4957,P_2-1_4331,109.49999999999805
P_1-3_4957,P_1-1-pt_7917,479.7000000000406
P_1-3_4957,P_2-1_5859,108.89999999999809
P_1-3_4957,P_1-2_4886,108.5999999999981
P_1-3_4957,P_1-1-pt_7104,495.50000000004417
P_1-3_4957,P_1-2_2229,110.29999999999801
P_1-3_4957,P_1-2_2030,116.59999999999765
P_1-3_4957,P_2-1_1911,109.99999999999802
P_1-3_4957,P_2-1_3376,929.5000000001428
P_1-3_4957,P_1-2_6071,123.89999999999723
P_1-3_4957,P_1-2_1272,109.99999999999802
P_1-3_4957,P_2-1_2074,109.89999999999803
P_1-3_4957,P_1-3_4751,99.9999999999986
P_1-3_4957,P_2-1_1242,909.8000000001383
P_1-3_4957,P_2-1_3947,112.79999999999787
P_1-3_4957,P_2-1_6248,89.59999999999918
P_1-3_4957,P_1-3_3176,89.69999999999918
P_1-3_4957,P_1-2_2976,79.89999999999974
P_1-3_4957,P_1-2_1639,89.69999999999918
P_1-3_4957,P_2-1_497,79.79999999999974
P_1-3_4957,P_2-1_1408,79.99999999999973
P_1-3_4957,P_1-2_1471,79.69999999999975
P_1-3_4957,P_2-1_4664,79.59999999999975
P_1-3_502,P_1-1-pt_6779,6.5999999999999925
P_1-3_502,P_1-3_2955,16.99999999999997
P_1-3_502,P_1-3_855,14.099999999999966
P_1-3_1159,P_1-2_960,20.600000000000023
P_2-1_5127,P_1-1-pt_1396,14.599999999999964
P_1-3_3164,P_1-2_3300,4.699999999999999
P_1-1-pt_687,P_2-1_4736,9.599999999999982
P_1-1-pt_687,P_1-1-pt_363,10.899999999999977
P_1-2_78,P_1-3_4666,4.799999999999999
P_1-2_78,P_1-2_4791,7.099999999999991
P_1-2_78,P_1-3_2010,7.19999999999999
P_1-2_78,P_1-2_1533,9.699999999999982
P_1-2_78,P_1-3_5578,5.299999999999997
P_1-2_78,P_1-3_204,2.600000000000001
P_1-2_78,P_1-3_4313,8.299999999999986
P_1-2_78,P_1-3_2604,0.6
P_1-1-pt_8911,P_1-1-pt_6016,17.69999999999998
P_1-1-pt_8911,P_1-1-pt_7297,8.699999999999985
P_1-1-pt_8911,P_1-1-pt_3910,10.899999999999977
P_1-1-pt_8911,P_1-1-pt_6346,9.99999999999998
P_1-1-pt_8911,P_1-1-pt_1714,10.19999999999998
P_1-1-pt_8911,P_1-2_2287,7.899999999999988
P_1-1-pt_8911,P_1-2_4771,15.59999999999996
P_1-1-pt_8911,P_1-3_5079,7.799999999999988
P_1-1-pt_8911,P_1-3_1785,7.799999999999988
P_1-1-pt_8911,P_2-1_4755,7.799999999999988
P_1-1-pt_8911,P_1-1-pt_3629,20.600000000000023
P_1-1-pt_8911,P_1-1-pt_4572,20.600000000000023
P_1-1-pt_8911,P_1-2_4339,23.30000000000006
P_1-1-pt_8911,P_1-2_2780,15.79999999999996
P_1-1-pt_8911,P_1-3_1503,15.79999999999996
P_1-1-pt_8911,P_1-2_3749,15.79999999999996
P_1-1-pt_8911,P_2-1_4789,15.99999999999996
P_1-1-pt_8911,P_1-2_3081,7.999999999999988
P_1-1-pt_8911,P_1-2_5951,7.799999999999988
P_1-1-pt_1020,P_1-1-veh_51,5.699999999999996
P_1-1-pt_1020,P_1-1-pt_1747,11.399999999999975
P_1-1-pt_1020,P_1-1-pt_5167,11.199999999999976
P_1-1-pt_1020,P_1-1-pt_3858,13.899999999999967
P_1-1-pt_1020,P_1-1-pt_562,10.999999999999977
P_1-1-pt_1020,P_1-1-pt_4736,11.299999999999976
P_1-1-pt_1020,P_1-1-pt_3671,11.899999999999974
P_1-1-pt_1020,P_1-1-pt_2880,10.499999999999979
P_1-1-pt_1020,P_1-1-pt_98,11.999999999999973
P_1-1-pt_1020,P_1-1-pt_6974,10.899999999999977
P_1-1-pt_1020,P_1-1-pt_521,10.999999999999977
P_1-1-pt_1020,P_1-1-pt_2920,9.299999999999983
P_1-1-pt_1020,P_1-1-pt_6453,10.399999999999979
P_1-1-pt_1020,P_1-1-pt_459,10.399999999999979
P_1-1-pt_1020,P_1-1-pt_8728,8.499999999999986
P_1-1-pt_1020,P_1-1-pt_7355,10.09999999999998
P_1-1-pt_1020,P_1-1-pt_1995,7.999999999999988
P_1-1-pt_1020,P_1-1-pt_7208,10.599999999999978
P_1-1-pt_1020,P_1-1-pt_6538,9.399999999999983
P_1-1-pt_1020,P_1-1-pt_6688,10.09999999999998
P_1-1-pt_1020,P_1-1-pt_5376,10.699999999999978
P_1-1-pt_1020,P_1-1-pt_7205,10.399999999999979
P_1-1-pt_1020,P_1-2_3156,5.799999999999995
P_1-1-pt_1020,P_1-1-pt_6334,9.99999999999998
P_1-1-pt_1020,P_1-1-pt_5078,10.799999999999978
P_1-1-pt_1020,P_1-1-pt_7080,10.399999999999979
P_1-1-pt_1020,P_1-1-pt_7262,1.7000000000000004
P_1-1-pt_1020,P_1-1-pt_8798,151.59999999999567
P_1-2_4710,P_1-1-pt_3355,3.800000000000002
P_1-2_4710,P_1-1-pt_7806,3.700000000000002
P_1-2_4710,P_1-1-pt_5836,3.600000000000002
P_1-2_4710,P_1-1-pt_5229,5.799999999999995
P_1-2_4710,P_1-1-pt_8123,7.999999999999988
P_1-2_4710,P_1-1-pt_3021,3.800000000000002
P_1-2_4710,P_1-1-pt_1590,5.799999999999995
P_1-2_4710,P_1-1-pt_308,15.299999999999962
P_1-2_4710,P_1-3_2955,9.199999999999983
P_1-1-pt_2542,P_1-2_5417,16.499999999999964
P_1-1-pt_2542,P_1-1-pt_8830,25.000000000000085
P_1-1-pt_2542,P_1-1-veh_65,18.499999999999993
P_1-1-pt_2542,P_1-1-pt_6209,9.99999999999998
P_1-1-pt_2542,P_1-1-pt_6297,10.799999999999978
P_1-1-pt_2542,P_1-1-pt_6038,14.999999999999963
P_1-1-pt_2542,P_1-1-pt_3021,11.099999999999977
P_1-1-pt_2542,P_1-1-pt_804,11.299999999999976
P_1-1-pt_2542,P_1-1-pt_6931,11.199999999999976
P_1-1-pt_2542,P_1-1-pt_3474,28.700000000000138
P_1-1-pt_2542,P_1-3_4425,15.59999999999996
P_1-1-pt_2542,P_1-1-pt_7459,9.299999999999983
P_1-1-pt_2542,P_1-1-pt_6007,17.799999999999983
P_1-1-pt_2542,P_2-1_3764,16.19999999999996
P_1-1-pt_2542,P_1-2_5466,14.499999999999964
P_1-1-pt_2542,P_1-1-pt_3097,11.399999999999975
P_1-1-pt_2542,P_1-1-pt_761,11.399999999999975
P_1-1-pt_2542,P_1-1-pt_5666,172.2999999999945
P_1-1-pt_2542,P_1-1-pt_1544,19.80000000000001
P_1-1-pt_2542,P_1-1-pt_655,19.900000000000013
P_1-1-pt_2542,P_1-1-pt_1296,11.099999999999977
P_1-3_2588,P_1-1-pt_1544,12.199999999999973
P_1-3_2588,P_1-1-pt_494,17.49999999999998
P_1-3_2588,P_1-1-pt_5143,23.800000000000068
P_1-3_2588,P_1-3_1737,152.09999999999565
P_1-3_2588,P_1-1-pt_1350,14.999999999999963
P_1-3_2588,P_1-3_2296,14.399999999999965
P_1-3_2588,P_1-3_3305,17.399999999999977
P_1-3_3488,P_1-3_3926,10.399999999999979
P_1-3_3488,P_1-3_2278,10.09999999999998
P_1-3_3488,P_2-1_6274,20.200000000000017
P_1-3_3488,P_1-2_293,20.100000000000016
P_1-3_3488,P_1-2_939,8.199999999999987
P_1-3_3488,P_1-3_2051,10.899999999999977
P_1-2_1272,P_1-2_3908,146.99999999999594
P_1-2_1272,P_1-2_3005,109.39999999999806
P_1-2_1272,P_2-1_5435,109.99999999999802
P_1-2_1272,P_1-2_4607,109.99999999999802
P_1-2_1272,P_2-1_4331,109.79999999999804
P_1-2_1272,P_1-1-pt_7917,85.39999999999942
P_1-2_1272,P_2-1_5859,108.89999999999809
P_1-2_1272,P_1-2_4886,108.89999999999809
P_1-2_1272,P_1-1-pt_7104,84.39999999999948
P_1-2_1272,P_1-2_2229,109.39999999999806
P_1-2_1272,P_1-2_2030,99.59999999999862
P_1-2_1272,P_2-1_1911,109.89999999999803
P_1-2_1272,P_2-1_3376,109.99999999999802
P_1-2_1272,P_1-2_6071,108.09999999999813
P_1-2_1272,P_1-3_4957,109.99999999999802
P_1-2_1272,P_2-1_6256,173.7999999999944
P_1-2_1272,P_2-1_2074,105.39999999999829
P_1-2_1272,P_1-3_4751,99.69999999999861
P_1-2_1272,P_2-1_1242,99.19999999999864
P_1-2_1272,P_2-1_3947,99.7999999999986
P_1-2_1272,P_2-1_6248,101.5999999999985
P_1-2_1272,P_1-2_2976,80.89999999999968
P_1-2_1272,P_1-2_1639,79.59999999999975
P_1-2_1272,P_2-1_497,79.79999999999974
P_1-2_1272,P_2-1_1408,79.99999999999973
P_1-2_1272,P_1-2_1471,79.59999999999975
P_1-2_1272,P_2-1_4664,79.79999999999974
P_1-2_1272,P_1-3_3176,953.2000000001482
P_1-2_5885,P_1-2_4734,40.80000000000031
P_1-2_5885,P_1-2_4206,30.500000000000163
P_1-2_5885,P_1-3_1500,30.400000000000162
P_1-2_5885,P_1-3_3901,30.600000000000165
P_1-2_5885,P_1-2_1420,30.600000000000165
P_1-2_5885,P_1-3_228,30.500000000000163
P_1-2_5885,P_1-3_3776,30.500000000000163
P_1-2_5885,P_2-1_2161,30.600000000000165
P_1-2_5885,P_1-3_874,10.19999999999998
P_1-2_5885,P_1-3_1615,30.600000000000165
P_1-2_5885,P_1-3_5141,32.40000000000019
P_1-2_5885,P_2-1_3599,30.600000000000165
P_1-2_5885,P_1-3_2454,20.30000000000002
P_1-2_5885,P_2-1_6008,20.40000000000002
P_1-2_5885,P_1-2_1656,20.40000000000002
P_1-2_5885,P_1-2_1053,20.30000000000002
P_1-2_5885,P_2-1_2785,20.40000000000002
P_1-2_5885,P_1-2_5495,20.40000000000002
P_1-2_5885,P_1-2_4452,20.30000000000002
P_1-2_5885,P_1-3_3834,20.30000000000002
P_1-2_5885,P_1-3_1657,20.40000000000002
P_1-2_5885,P_1-2_3280,20.30000000000002
P_1-2_5885,P_1-3_3046,20.40000000000002
P_1-2_5885,P_1-3_3457,20.40000000000002
P_1-2_5885,P_1-3_372,21.90000000000004
P_1-2_5885,P_1-3_4168,10.19999999999998
P_1-2_5885,P_1-3_2053,10.19999999999998
P_1-2_695,P_1-2_4340,5.599999999999996
P_1-2_695,P_1-2_3589,22.60000000000005
P_1-3_3846,P_1-1-pt_2164,3.800000000000002
P_2-1_5573,P_1-1-pt_7071,3.700000000000002
P_1-2_2908,P_1-2_1600,20.30000000000002
P_1-2_2908,P_1-1-pt_6309,14.899999999999963
P_1-3_767,P_1-1-veh_234,10.19999999999998
P_1-3_767,P_1-1-pt_2882,14.699999999999964
P_1-3_767,P_1-1-pt_6334,7.799999999999988
P_1-3_767,P_1-1-pt_5886,6.999999999999991
P_1-3_767,P_1-1-pt_8682,8.999999999999984
P_1-3_767,P_1-1-pt_6409,3.700000000000002
P_1-3_767,P_1-1-pt_5876,11.399999999999975
P_1-3_767,P_1-1-pt_6031,3.800000000000002
P_1-3_767,P_1-1-pt_7459,3.700000000000002
P_1-3_767,P_1-1-pt_1473,3.700000000000002
P_1-3_767,P_1-1-pt_3910,3.700000000000002
P_1-3_767,P_1-1-pt_6346,3.800000000000002
P_1-3_767,P_1-1-pt_1714,7.899999999999988
P_1-3_767,P_1-2_2287,3.5000000000000018
P_1-3_3889,P_1-2_2792,9.99999999999998
P_1-3_3889,P_1-3_4291,20.100000000000016
P_1-3_3889,P_1-2_2215,20.40000000000002
P_1-3_3889,P_1-3_4503,20.40000000000002
P_1-3_3889,P_1-2_3444,10.29999999999998
P_1-3_3889,P_1-3_5020,10.19999999999998
P_1-3_3889,P_1-2_5935,10.19999999999998
P_1-3_3889,P_1-2_3432,10.09999999999998
P_1-3_3889,P_1-2_2306,10.19999999999998
P_1-1-pt_824,P_1-1-pt_2369,23.500000000000064
P_1-1-pt_824,P_1-3_4328,3.600000000000002
P_1-1-pt_824,P_1-1-pt_3858,10.29999999999998
P_1-1-pt_824,P_1-1-pt_2771,11.299999999999976
P_1-1-pt_824,P_2-1_5419,3.600000000000002
P_1-1-pt_824,P_2-1_5975,3.600000000000002
P_1-1-pt_824,P_1-1-pt_4879,10.599999999999978
P_1-1-pt_824,P_1-1-pt_2947,20.30000000000002
P_1-1-pt_824,P_1-1-pt_7208,23.400000000000063
P_1-1-pt_824,P_1-1-pt_571,11.999999999999973
P_1-1-pt_824,P_1-1-pt_3230,11.899999999999974
P_1-1-pt_824,P_1-1-pt_4736,12.299999999999972
P_1-1-pt_824,P_1-2_659,3.900000000000002
P_1-2_2792,P_1-3_3889,9.99999999999998
P_1-2_2792,P_1-3_4291,20.100000000000016
P_1-2_2792,P_1-2_2215,20.40000000000002
P_1-2_2792,P_1-3_4503,20.40000000000002
P_1-2_2792,P_1-2_3444,10.19999999999998
P_1-2_2792,P_1-3_5020,10.19999999999998
P_1-2_2792,P_1-2_5935,10.29999999999998
P_1-2_2792,P_1-2_3432,10.19999999999998
P_1-2_2792,P_1-2_2306,10.09999999999998
P_1-1-pt_8435,P_1-1-pt_6809,21.70000000000004
P_1-1-pt_8435,P_1-1-pt_3067,21.70000000000004
P_1-1-pt_8435,P_1-2_2875,10.599999999999978
P_1-1-pt_8435,P_1-1-pt_3964,21.20000000000003
P_1-1-pt_8435,P_1-1-pt_776,7.499999999999989
P_1-1-pt_8435,P_1-1-pt_3762,10.799999999999978
P_1-1-pt_8435,P_1-1-pt_8540,12.299999999999972
P_1-1-pt_8435,P_1-1-pt_6016,12.499999999999972
P_1-1-pt_8435,P_1-1-pt_5199,16.599999999999966
P_1-1-pt_8435,P_1-1-pt_2992,12.89999999999997
P_1-1-pt_8435,P_1-1-pt_3214,10.29999999999998
P_1-1-pt_8435,P_1-1-pt_7412,11.899999999999974
P_1-1-pt_8435,P_1-1-pt_8866,9.499999999999982
P_1-1-pt_8435,P_1-1-pt_3474,10.699999999999978
P_1-1-pt_8435,P_1-3_4425,3.5000000000000018
P_1-1-pt_8435,P_1-3_4033,3.600000000000002
P_1-1-pt_8435,P_1-1-pt_6031,10.999999999999977
P_1-1-pt_8435,P_1-1-pt_7459,10.999999999999977
P_1-1-pt_8435,P_1-1-pt_6007,12.499999999999972
P_1-1-pt_8435,P_2-1_3764,20.000000000000014
P_1-1-pt_8435,P_1-1-pt_5142,10.999999999999977
P_1-1-pt_8435,P_1-1-pt_8861,11.299999999999976
P_1-1-pt_8435,P_1-1-pt_2218,9.099999999999984
P_1-1-pt_8435,P_1-1-pt_8562,10.699999999999978
P_1-1-pt_8435,P_1-1-pt_1449,11.999999999999973
P_1-1-pt_8435,P_1-1-pt_1430,10.499999999999979
P_1-1-pt_8435,P_1-1-pt_3097,903.7000000001369
P_1-1-pt_8435,P_1-1-pt_2834,11.299999999999976
P_1-1-pt_4988,P_1-1-pt_3220,9.499999999999982
P_1-1-pt_4988,P_1-1-pt_6176,9.399999999999983
P_1-1-pt_4988,P_1-1-pt_4788,88.39999999999925
P_1-1-pt_4988,P_1-1-pt_7634,20.50000000000002
P_1-1-pt_4988,P_1-1-pt_787,30.800000000000168
P_1-1-pt_4988,P_1-1-pt_297,60.50000000000059
P_1-1-pt_4988,P_1-1-pt_7573,96.49999999999879
P_1-1-pt_4988,P_1-1-pt_2334,10.999999999999977
P_1-1-pt_4988,P_1-1-pt_7258,13.499999999999968
P_1-1-pt_4988,P_1-1-pt_7123,5.299999999999997
P_1-1-pt_4988,P_1-1-pt_280,11.599999999999975
P_1-1-pt_4988,P_1-1-pt_3425,11.199999999999976
P_1-1-pt_4988,P_1-1-pt_5137,10.899999999999977
P_1-1-pt_4988,P_1-1-pt_2297,15.499999999999961
P_1-1-pt_4988,P_1-1-pt_3355,11.599999999999975
P_1-1-pt_4988,P_1-1-pt_7806,13.299999999999969
P_1-1-pt_4988,P_1-1-pt_5836,11.999999999999973
P_1-1-pt_4988,P_2-1_5975,21.70000000000004
P_1-1-pt_2992,P_1-1-pt_7142,11.099999999999977
P_1-1-pt_2992,P_1-1-pt_6209,11.099999999999977
P_1-1-pt_2992,P_1-1-pt_6297,10.799999999999978
P_1-1-pt_2992,P_1-1-pt_3021,10.599999999999978
P_1-1-pt_2992,P_1-1-pt_6931,9.699999999999982
P_1-1-pt_2992,P_1-1-pt_8435,12.89999999999997
P_1-1-pt_2992,P_1-1-pt_6031,11.099999999999977
P_1-1-pt_2992,P_1-1-pt_7459,12.99999999999997
P_1-1-pt_2992,P_1-1-pt_7213,9.699999999999982
P_1-1-pt_2992,P_1-1-pt_494,10.799999999999978
P_1-1-pt_2992,P_1-1-pt_2162,10.399999999999979
P_1-1-pt_2992,P_1-1-pt_5897,10.799999999999978
P_1-1-pt_2992,P_1-1-pt_3769,10.699999999999978
P_1-1-pt_2992,P_1-1-pt_4671,10.699999999999978
P_1-1-pt_2992,P_1-1-pt_1270,10.899999999999977
P_1-1-pt_2992,P_1-1-pt_3409,9.199999999999983
P_1-1-pt_2992,P_1-1-pt_4919,10.499999999999979
P_1-1-pt_2992,P_1-1-pt_1304,10.699999999999978
P_1-1-pt_2992,P_1-1-pt_4397,10.799999999999978
P_1-1-pt_2992,P_1-1-pt_7863,11.099999999999977
P_1-1-pt_2992,P_1-2_1512,1.5000000000000002
P_1-1-pt_2992,P_1-1-pt_8545,10.999999999999977
P_1-1-pt_2992,P_1-1-pt_5193,10.899999999999977
P_1-1-pt_2992,P_1-1-pt_7325,10.899999999999977
P_1-1-pt_2992,P_1-1-pt_8137,10.699999999999978
P_1-1-pt_2992,P_1-1-pt_6672,10.999999999999977
P_1-1-pt_2992,P_1-1-pt_5499,10.699999999999978
P_1-1-pt_2992,P_1-1-pt_704,10.899999999999977
P_1-1-pt_2992,P_1-1-pt_6389,17.49999999999998
P_1-1-pt_2992,P_1-1-pt_812,11.099999999999977
P_1-1-pt_2992,P_1-1-pt_7177,10.799999999999978
P_1-1-pt_2992,P_1-1-pt_1034,18.9
P_1-1-pt_2992,P_1-1-pt_2317,22.900000000000055
P_1-1-pt_2992,P_1-1-pt_6353,8.699999999999985
P_1-1-pt_2992,P_1-1-pt_4628,10.799999999999978
P_1-3_1863,P_2-1_1609,9.99999999999998
P_1-3_1863,P_1-2_5369,9.99999999999998
P_1-3_1863,P_1-2_1805,9.89999999999998
P_1-3_1863,P_1-3_3132,9.99999999999998
P_2-1_2074,P_1-2_3005,109.29999999999806
P_2-1_2074,P_2-1_5435,118.59999999999754
P_2-1_2074,P_2-1_4331,109.59999999999805
P_2-1_2074,P_1-2_4607,108.89999999999809
P_2-1_2074,P_1-1-pt_7917,76.69999999999992
P_2-1_2074,P_2-1_5859,108.6999999999981
P_2-1_2074,P_1-2_4886,108.7999999999981
P_2-1_2074,P_1-1-pt_7104,76.79999999999991
P_2-1_2074,P_1-2_2229,109.19999999999807
P_2-1_2074,P_1-2_2030,99.49999999999862
P_2-1_2074,P_2-1_1911,109.49999999999805
P_2-1_2074,P_2-1_3376,99.59999999999862
P_2-1_2074,P_1-2_6071,99.59999999999862
P_2-1_2074,P_1-3_4957,109.89999999999803
P_2-1_2074,P_2-1_6256,1026.7000000001617
P_2-1_2074,P_1-2_1272,105.39999999999829
P_2-1_2074,P_1-3_4751,99.69999999999861
P_2-1_2074,P_2-1_1242,89.79999999999917
P_2-1_2074,P_2-1_3947,94.39999999999891
P_2-1_2074,P_2-1_6248,89.59999999999918
P_2-1_2074,P_1-3_3176,982.1000000001548
P_2-1_2074,P_1-2_1639,110.29999999999801
P_2-1_2074,P_2-1_497,79.99999999999973
P_2-1_2074,P_2-1_1408,79.99999999999973
P_2-1_2074,P_1-2_1471,79.99999999999973
P_2-1_2074,P_2-1_4664,79.99999999999973
P_2-1_2074,P_1-2_3908,1038.6000000001509
P_2-1_2074,P_1-2_2976,990.7000000001567
P_1-3_3545,P_1-1-pt_4919,11.099999999999977
P_1-2_3483,P_1-1-pt_1006,8.399999999999986
P_1-1-pt_4076,P_1-1-pt_4262,10.499999999999979
P_1-1-veh_326,P_1-1-pt_7440,7.899999999999988
P_1-1-veh_326,P_1-1-pt_6673,7.899999999999988
P_1-1-veh_326,P_1-1-pt_1670,13.299999999999969
P_1-1-veh_326,P_1-1-pt_5381,9.799999999999981
P_1-1-veh_326,P_1-1-pt_3638,8.999999999999984
P_1-1-veh_326,P_1-1-pt_4064,8.999999999999984
P_1-1-veh_326,P_1-1-pt_7201,8.599999999999985
P_1-1-veh_326,P_1-1-pt_467,6.8999999999999915
P_1-2_1923,P_1-2_1805,9.99999999999998
P_1-2_1923,P_1-2_5369,9.99999999999998
P_1-2_1923,P_2-1_1609,10.09999999999998
P_1-3_3926,P_1-3_3488,10.399999999999979
P_1-3_3926,P_1-3_3793,10.09999999999998
P_1-3_3926,P_1-3_870,10.19999999999998
P_1-3_3926,P_1-1-pt_1189,7.799999999999988
P_1-3_3926,P_1-3_1539,10.09999999999998
P_1-1-pt_3128,P_1-1-pt_2882,11.299999999999976
P_1-1-pt_3128,P_1-1-pt_6209,10.899999999999977
P_1-1-pt_3128,P_1-1-pt_6297,10.899999999999977
P_1-1-pt_3128,P_1-1-pt_5199,11.599999999999975
P_1-1-pt_3128,P_1-1-pt_3021,10.899999999999977
P_1-1-pt_3128,P_1-1-pt_6931,12.499999999999972
P_1-1-pt_3128,P_1-1-pt_6031,11.299999999999976
P_1-1-pt_3128,P_1-1-pt_255,10.699999999999978
P_1-1-pt_3128,P_1-1-pt_1108,10.899999999999977
P_1-1-pt_3128,P_1-1-pt_494,10.699999999999978
P_1-1-pt_3128,P_1-1-pt_2162,10.499999999999979
P_1-1-pt_3128,P_1-1-pt_5897,10.699999999999978
P_1-1-pt_3128,P_1-1-pt_3769,10.799999999999978
P_1-1-pt_3128,P_1-1-pt_4671,10.899999999999977
P_1-1-pt_3128,P_1-1-pt_1270,10.699999999999978
P_1-1-pt_3128,P_1-1-pt_4919,10.799999999999978
P_1-1-pt_3128,P_1-1-pt_1304,10.899999999999977
P_1-1-pt_3128,P_1-1-pt_4397,10.899999999999977
P_1-1-pt_3128,P_1-1-pt_7863,10.699999999999978
P_1-1-pt_3128,P_1-1-pt_8545,10.499999999999979
P_1-1-pt_3128,P_1-1-pt_5193,10.699999999999978
P_1-1-pt_3128,P_1-1-pt_7325,10.499999999999979
P_1-1-pt_3128,P_1-1-pt_8137,10.899999999999977
P_1-1-pt_3128,P_1-1-pt_3214,10.899999999999977
P_1-1-pt_3128,P_1-1-pt_5066,16.699999999999967
P_1-2_24,P_1-1-pt_7638,3.600000000000002
P_1-2_24,P_1-1-pt_1396,7.699999999999989
P_1-2_4976,P_1-1-pt_2012,9.99999999999998
P_1-2_4976,P_1-3_2501,112.1999999999979
P_1-3_1588,P_1-2_423,15.99999999999996
P_1-3_1588,P_1-2_5020,8.099999999999987
P_1-3_1588,P_1-2_471,16.19999999999996
P_1-3_1588,P_1-2_3378,16.19999999999996
P_1-3_1588,P_1-2_3077,16.19999999999996
P_1-3_1588,P_1-1-pt_1923,7.799999999999988
P_1-3_1588,P_1-2_5805,7.699999999999989
P_1-3_1588,P_1-2_2590,8.099999999999987
P_1-3_1588,P_1-2_5092,8.099999999999987
P_1-3_1588,P_1-2_3614,10.09999999999998
P_1-3_1588,P_1-2_1633,10.09999999999998
P_1-3_3301,P_1-1-pt_1396,7.799999999999988
P_1-3_3301,P_1-1-pt_480,3.600000000000002
P_1-3_5141,P_1-2_4734,40.500000000000306
P_1-3_5141,P_1-2_4206,30.30000000000016
P_1-3_5141,P_1-3_1500,30.30000000000016
P_1-3_5141,P_1-3_3901,30.500000000000163
P_1-3_5141,P_1-2_1420,30.500000000000163
P_1-3_5141,P_1-3_228,30.400000000000162
P_1-3_5141,P_1-3_3776,30.600000000000165
P_1-3_5141,P_2-1_2161,30.500000000000163
P_1-3_5141,P_1-3_874,10.19999999999998
P_1-3_5141,P_1-3_1615,30.500000000000163
P_1-3_5141,P_1-2_5885,32.40000000000019
P_1-3_5141,P_2-1_3599,30.400000000000162
P_1-3_5141,P_1-3_2454,20.200000000000017
P_1-3_5141,P_2-1_6008,20.30000000000002
P_1-3_5141,P_1-2_1656,20.30000000000002
P_1-3_5141,P_1-2_1053,20.30000000000002
P_1-3_5141,P_2-1_2785,20.40000000000002
P_1-3_5141,P_1-2_5495,20.40000000000002
P_1-3_5141,P_1-2_4452,20.30000000000002
P_1-3_5141,P_1-3_3834,20.40000000000002
P_1-3_5141,P_1-3_1657,20.30000000000002
P_1-3_5141,P_1-2_3280,20.40000000000002
P_1-3_5141,P_1-3_3046,20.30000000000002
P_1-3_5141,P_1-3_3457,20.40000000000002
P_1-3_5141,P_1-3_372,20.30000000000002
P_1-3_5141,P_1-3_4168,10.19999999999998
P_1-3_5141,P_1-3_2053,10.19999999999998
P_2-1_4769,P_1-3_4996,57.60000000000055
P_2-1_3527,P_2-1_3136,40.500000000000306
P_2-1_3527,P_2-1_3538,40.0000000000003
P_2-1_3527,P_2-1_5450,42.10000000000033
P_2-1_3527,P_2-1_2148,30.400000000000162
P_1-1-pt_2164,P_1-3_3846,3.800000000000002
P_1-1-pt_2164,P_1-1-pt_7277,10.29999999999998
P_1-1-pt_2164,P_2-1_1485,3.5000000000000018
P_1-1-pt_2164,P_2-1_2293,3.600000000000002
P_1-1-pt_2164,P_1-2_3742,3.700000000000002
P_1-1-pt_2164,P_1-1-veh_170,3.800000000000002
P_1-1-pt_2164,P_1-2_2377,12.099999999999973
P_1-1-pt_2164,P_1-1-pt_6262,19.900000000000013
P_1-1-pt_2164,P_1-2_1948,81.09999999999967
P_1-1-pt_2164,P_1-1-pt_5481,7.29999999999999
P_1-1-pt_2164,P_1-1-pt_5209,975.0000000001531
P_1-1-pt_2164,P_1-1-pt_166,971.6000000001524
P_2-1_1193,P_2-1_6021,152.29999999999563
P_1-2_4954,P_1-2_4853,16.99999999999997
P_1-2_4954,P_2-1_6130,20.600000000000023
P_1-1-pt_3189,P_1-1-pt_2535,20.30000000000002
P_1-1-pt_3189,P_1-1-pt_3275,9.89999999999998
P_1-1-pt_3189,P_1-1-pt_1560,9.799999999999981
P_1-1-pt_3189,P_1-1-pt_1966,9.199999999999983
P_1-1-pt_3189,P_1-1-pt_1240,9.199999999999983
P_1-1-pt_3189,P_1-1-pt_4595,9.799999999999981
P_1-1-pt_3189,P_1-1-pt_5906,9.499999999999982
P_1-1-pt_3189,P_1-1-pt_3762,10.599999999999978
P_1-1-pt_3189,P_1-1-pt_1226,9.499999999999982
P_1-1-pt_3189,P_1-1-pt_8762,22.60000000000005
P_1-1-pt_3189,P_1-1-pt_1981,22.60000000000005
P_1-1-pt_3189,P_1-1-pt_1138,22.40000000000005
P_1-1-pt_3189,P_1-1-pt_5457,22.300000000000047
P_1-1-pt_3189,P_1-1-pt_5392,10.29999999999998
P_1-1-pt_3189,P_1-1-pt_4850,11.099999999999977
P_1-2_2735,P_1-1-pt_1296,3.800000000000002
P_1-2_2735,P_1-2_2983,20.40000000000002
P_1-2_2735,P_1-3_1975,14.599999999999964
P_1-2_2735,P_1-1-pt_1238,4.799999999999999
P_1-2_5588,P_1-1-pt_5399,19.500000000000007
P_1-2_5588,P_1-1-veh_337,10.09999999999998
P_1-2_5588,P_1-2_5640,11.199999999999976
P_1-2_5588,P_1-3_2410,20.700000000000024
P_1-2_5588,P_1-3_2018,9.89999999999998
P_1-2_5588,P_1-3_2633,29.300000000000146
P_1-2_5588,P_1-2_5210,9.799999999999981
P_1-2_5588,P_1-3_331,30.90000000000017
P_1-2_5588,P_1-2_573,9.799999999999981
P_1-2_5588,P_1-3_4954,12.89999999999997
P_1-2_5588,P_1-2_4634,9.799999999999981
P_1-2_5588,P_1-3_4875,19.1
P_1-2_5588,P_1-3_4775,14.699999999999964
P_1-2_5588,P_1-3_1815,22.300000000000047
P_1-2_5588,P_1-3_3253,12.099999999999973
P_1-1-pt_984,P_1-3_3076,12.399999999999972
P_2-1_2042,P_1-1-pt_280,3.600000000000002
P_2-1_2042,P_1-1-pt_2529,19.80000000000001
P_2-1_2042,P_1-1-pt_8830,809.8000000001156
P_2-1_2042,P_1-1-pt_1561,809.6000000001155
P_1-1-pt_5399,P_1-2_5588,19.500000000000007
P_1-1-pt_5399,P_1-1-veh_337,7.799999999999988
P_1-1-pt_5399,P_1-1-pt_5143,10.09999999999998
P_1-1-pt_5399,P_1-3_3103,10.899999999999977
P_1-1-pt_5399,P_1-1-pt_7684,1510.7999999997214
P_1-1-pt_696,P_1-3_990,10.399999999999979
P_1-1-pt_696,P_1-1-pt_1766,2776.3999999985704
P_2-1_4152,P_1-1-pt_363,3.600000000000002
P_1-1-pt_4064,P_1-3_2881,10.999999999999977
P_1-1-pt_4064,P_1-3_2280,15.499999999999961
P_1-1-pt_4064,P_1-2_2473,12.099999999999973
P_1-1-pt_4064,P_1-2_4249,9.099999999999984
P_1-1-pt_4064,P_1-1-pt_8404,22.200000000000045
P_1-1-pt_4064,P_1-3_1571,15.099999999999962
P_1-1-pt_4064,P_1-3_1134,11.999999999999973
P_1-1-pt_4064,P_1-3_2327,12.099999999999973
P_1-1-pt_4064,P_1-2_4285,16.29999999999996
P_1-1-pt_4064,P_1-1-veh_326,8.999999999999984
P_1-1-pt_4064,P_1-3_2279,11.999999999999973
P_1-1-pt_4064,P_1-1-pt_7201,1715.0999999995356
P_1-1-pt_4064,P_1-1-pt_3638,1062.5000000001291
P_2-1_1162,P_1-2_1265,20.600000000000023
P_1-2_2306,P_1-1-pt_3055,12.599999999999971
P_1-2_2306,P_1-3_4291,20.100000000000016
P_1-2_2306,P_1-2_2215,10.09999999999998
P_1-2_2306,P_1-1-pt_2961,10.599999999999978
P_1-2_2306,P_1-3_4503,10.19999999999998
P_1-2_2306,P_1-2_3444,10.19999999999998
P_1-2_2306,P_1-3_5020,10.19999999999998
P_1-2_2306,P_1-2_5935,10.19999999999998
P_1-2_2306,P_1-2_3432,10.19999999999998
P_1-2_2306,P_1-3_3889,10.19999999999998
P_1-2_2306,P_1-2_2792,10.09999999999998
P_1-1-pt_7297,P_1-1-pt_8911,8.699999999999985
P_1-1-pt_7297,P_1-2_5951,9.699999999999982
P_1-1-pt_7297,P_1-1-pt_3910,10.399999999999979
P_1-1-pt_7297,P_1-3_3440,3.0000000000000013
P_1-1-pt_7297,P_1-1-pt_6346,10.999999999999977
P_1-1-pt_5457,P_1-1-pt_3275,10.699999999999978
P_1-1-pt_5457,P_1-1-pt_1560,10.899999999999977
P_1-1-pt_5457,P_1-3_5376,13.299999999999969
P_1-1-pt_5457,P_1-1-pt_1966,10.899999999999977
P_1-1-pt_5457,P_1-1-pt_1240,10.799999999999978
P_1-1-pt_5457,P_1-1-pt_4595,10.899999999999977
P_1-1-pt_5457,P_1-1-pt_5906,8.099999999999987
P_1-1-pt_5457,P_1-1-pt_8747,22.000000000000043
P_1-1-pt_5457,P_1-1-pt_3189,22.300000000000047
P_1-1-pt_5457,P_1-1-pt_5392,19.300000000000004
P_1-1-pt_5457,P_1-1-pt_1138,1795.999999999462
P_1-1-pt_5457,P_1-1-pt_8762,18.599999999999994
P_1-1-pt_5457,P_1-1-pt_6353,14.199999999999966
P_1-1-pt_5457,P_1-1-pt_1981,1801.499999999457
P_1-1-pt_3422,P_1-1-pt_2431,20.30000000000002
P_1-1-pt_413,P_1-2_3488,15.499999999999961
P_1-1-pt_413,P_1-1-pt_2129,20.200000000000017
P_1-1-pt_413,P_1-1-pt_1039,20.200000000000017
P_1-1-pt_413,P_1-1-pt_5275,20.100000000000016
P_1-1-pt_413,P_1-1-pt_1700,10.09999999999998
P_1-1-pt_413,P_1-1-pt_2782,10.09999999999998
P_1-1-pt_413,P_1-3_2261,7.799999999999988
P_1-1-pt_413,P_1-1-pt_2854,10.09999999999998
P_1-1-pt_413,P_1-1-pt_6602,9.99999999999998
P_1-1-pt_413,P_1-1-pt_6335,10.09999999999998
P_1-1-pt_413,P_1-3_186,7.799999999999988
P_1-1-pt_413,P_1-2_3850,7.799999999999988
P_1-1-pt_413,P_1-3_2683,7.799999999999988
P_1-1-pt_413,P_1-1-pt_5452,9.99999999999998
P_1-1-pt_413,P_1-1-pt_5152,10.09999999999998
P_1-1-pt_812,P_1-1-pt_5298,165.79999999999487
P_1-1-pt_812,P_1-1-pt_3275,9.399999999999983
P_1-1-pt_812,P_1-1-pt_1560,9.499999999999982
P_1-1-pt_812,P_1-1-pt_1966,9.599999999999982
P_1-1-pt_812,P_1-1-pt_1240,9.499999999999982
P_1-1-pt_812,P_1-1-pt_4595,9.599999999999982
P_1-1-pt_812,P_1-1-pt_5906,10.899999999999977
P_1-1-pt_812,P_1-1-pt_6389,12.99999999999997
P_1-1-pt_812,P_1-1-pt_3762,9.199999999999983
P_1-1-pt_812,P_1-1-pt_1226,10.899999999999977
P_1-1-pt_812,P_1-1-pt_2992,11.099999999999977
P_1-1-pt_812,P_1-1-pt_3214,10.599999999999978
P_1-1-pt_812,P_1-1-pt_7412,10.899999999999977
P_1-1-pt_812,P_1-1-pt_5066,10.699999999999978
P_1-1-pt_812,P_1-1-pt_5346,10.499999999999979
P_1-1-pt_812,P_1-1-pt_3046,10.799999999999978
P_1-1-pt_812,P_1-1-pt_8586,10.599999999999978
P_1-1-pt_812,P_1-1-pt_8137,10.999999999999977
P_1-3_5469,P_1-1-pt_2012,3.800000000000002
P_1-1-pt_6209,P_1-1-pt_3097,10.799999999999978
P_1-1-pt_6209,P_1-1-pt_6427,10.19999999999998
P_1-1-pt_6209,P_1-1-pt_8316,10.699999999999978
P_1-1-pt_6209,P_1-1-pt_1238,11.399999999999975
P_1-1-pt_6209,P_1-1-pt_776,18.9
P_1-1-pt_6209,P_1-1-pt_3128,10.899999999999977
P_1-1-pt_6209,P_1-1-pt_1226,9.499999999999982
P_1-1-pt_6209,P_1-1-pt_8540,9.399999999999983
P_1-1-pt_6209,P_1-1-pt_2992,11.099999999999977
P_1-1-pt_6209,P_1-1-pt_7412,10.899999999999977
P_1-1-pt_6209,P_1-1-pt_8866,10.999999999999977
P_1-1-pt_6209,P_1-1-pt_6543,10.599999999999978
P_1-1-pt_6209,P_1-1-pt_2542,9.99999999999998
P_1-1-pt_6209,P_1-1-pt_5346,9.399999999999983
P_1-1-pt_6209,P_1-1-pt_6297,1516.799999999716
P_1-1-pt_6209,P_1-1-pt_8553,22.300000000000047
P_1-1-pt_6209,P_1-1-pt_6038,11.299999999999976
P_1-1-pt_6209,P_1-1-pt_0,8.599999999999985
P_1-1-pt_6209,P_1-1-pt_3779,11.399999999999975
P_1-1-pt_6209,P_1-1-pt_6007,11.199999999999976
P_1-1-pt_6209,P_1-1-pt_5897,11.399999999999975
P_1-1-pt_6209,P_1-1-pt_3769,11.099999999999977
P_1-1-pt_6209,P_1-1-pt_4671,11.299999999999976
P_1-1-pt_6209,P_1-1-pt_5142,11.399999999999975
P_1-1-pt_6209,P_1-1-pt_4919,11.999999999999973
P_1-1-pt_6209,P_1-1-pt_4397,11.499999999999975
P_1-1-pt_6209,P_1-1-pt_7459,710.600000000093
P_1-1-pt_6209,P_1-1-pt_2218,11.099999999999977
P_1-1-pt_6209,P_1-1-pt_6413,10.699999999999978
P_1-2_5814,P_1-1-pt_776,3.800000000000002
P_1-2_5814,P_1-1-pt_7760,14.399999999999965
P_1-3_2119,P_1-1-pt_363,3.600000000000002
P_1-1-pt_877,P_1-1-pt_4212,10.799999999999978
P_1-1-pt_877,P_1-1-pt_5982,10.499999999999979
P_1-1-pt_877,P_1-1-pt_841,20.50000000000002
P_1-1-pt_877,P_1-1-pt_8085,21.00000000000003
P_1-1-pt_877,P_1-1-pt_4407,20.50000000000002
P_1-1-pt_1401,P_1-1-pt_7544,18.599999999999994
P_1-1-pt_5836,P_1-1-pt_308,10.09999999999998
P_1-1-pt_5836,P_1-2_1032,3.600000000000002
P_1-1-pt_5836,P_1-2_6019,3.5000000000000018
P_1-1-pt_5836,P_1-1-pt_8123,9.699999999999982
P_1-1-pt_5836,P_1-3_4591,3.700000000000002
P_1-1-pt_5836,P_1-2_4710,3.600000000000002
P_1-1-pt_5836,P_1-1-pt_5337,10.09999999999998
P_1-1-pt_5836,P_1-2_318,3.0000000000000013
P_1-1-pt_5836,P_1-2_1918,3.700000000000002
P_1-1-pt_5836,P_1-3_4167,3.800000000000002
P_1-1-pt_5836,P_1-1-pt_4988,11.999999999999973
P_1-1-pt_5836,P_1-1-pt_3220,81.79999999999963
P_1-1-pt_5836,P_1-1-pt_4788,20.30000000000002
P_1-1-pt_5836,P_1-1-pt_787,10.499999999999979
P_1-2_2632,P_1-1-pt_1037,14.499999999999964
P_1-2_2632,P_1-1-pt_5324,2623.3999999987095
P_1-2_2632,P_1-2_2345,3.700000000000002
P_1-2_3444,P_1-3_4291,20.200000000000017
P_1-2_3444,P_1-2_2215,20.200000000000017
P_1-2_3444,P_1-3_4503,20.000000000000014
P_1-2_3444,P_1-3_5020,20.100000000000016
P_1-2_3444,P_1-2_5935,21.00000000000003
P_1-2_3444,P_1-2_3432,20.30000000000002
P_1-2_3444,P_1-3_3889,10.29999999999998
P_1-2_3444,P_1-2_2792,10.19999999999998
P_1-2_3444,P_1-2_2306,10.19999999999998
P_1-2_5634,P_2-1_494,20.30000000000002
P_1-2_5634,P_1-2_4853,10.19999999999998
P_1-2_5634,P_2-1_6130,9.599999999999982
P_1-2_3950,P_1-1-pt_2927,12.69999999999997
P_1-2_3950,P_1-3_2484,18.599999999999994
P_1-1-pt_467,P_1-1-veh_603,10.19999999999998
P_1-1-pt_467,P_1-1-pt_6309,5.599999999999996
P_1-1-pt_467,P_1-1-pt_7201,200.5999999999929
P_1-1-pt_467,P_1-1-pt_8404,9.99999999999998
P_1-1-pt_467,P_1-3_410,1.8000000000000005
P_1-1-pt_467,P_1-3_2280,2.800000000000001
P_1-1-pt_467,P_1-3_3979,2.800000000000001
P_1-1-pt_467,P_1-2_2473,2.700000000000001
P_1-1-pt_467,P_1-2_4249,5.099999999999998
P_1-1-pt_467,P_1-3_2424,7.899999999999988
P_1-1-pt_467,P_1-3_1571,9.199999999999983
P_1-1-pt_467,P_1-3_1134,7.799999999999988
P_1-1-pt_467,P_1-3_2327,12.99999999999997
P_1-1-pt_467,P_1-2_4285,9.199999999999983
P_1-1-pt_467,P_1-1-veh_326,6.8999999999999915
P_1-1-pt_467,P_1-3_2279,7.799999999999988
P_1-3_3433,P_1-1-pt_3360,14.899999999999963
P_1-1-pt_6016,P_1-2_1596,10.19999999999998
P_1-1-pt_6016,P_1-1-pt_8911,17.69999999999998
P_1-1-pt_6016,P_1-1-veh_234,11.199999999999976
P_1-1-pt_6016,P_1-1-pt_3021,10.799999999999978
P_1-1-pt_6016,P_1-1-pt_6931,10.29999999999998
P_1-1-pt_6016,P_1-1-pt_8435,12.499999999999972
P_1-1-pt_6016,P_1-1-pt_6031,11.199999999999976
P_1-1-pt_6016,P_1-1-pt_7459,12.399999999999972
P_1-1-pt_6016,P_1-1-pt_3624,19.400000000000006
P_1-1-pt_6016,P_1-1-pt_1544,10.699999999999978
P_1-1-pt_6016,P_1-1-pt_6809,11.199999999999976
P_1-1-pt_6016,P_1-1-pt_6413,10.699999999999978
P_1-1-pt_6016,P_1-1-pt_6397,9.399999999999983
P_1-1-pt_6016,P_1-1-pt_4996,11.099999999999977
P_1-1-pt_6016,P_1-1-pt_4672,10.799999999999978
P_1-1-pt_6016,P_1-1-pt_6242,9.799999999999981
P_1-1-pt_6016,P_1-1-pt_1296,9.699999999999982
P_1-1-pt_6016,P_1-1-pt_5142,9.099999999999984
P_1-1-pt_6016,P_1-1-pt_8861,10.699999999999978
P_1-1-pt_6016,P_1-1-pt_1449,12.399999999999972
P_1-1-pt_6016,P_1-1-pt_1430,10.899999999999977
P_1-3_68,P_1-1-pt_1542,3.700000000000002
P_1-3_68,P_1-1-pt_7071,3.700000000000002
P_1-3_68,P_1-2_3693,13.09999999999997
P_2-1_4042,P_1-2_4853,15.79999999999996
P_2-1_4042,P_2-1_6130,20.30000000000002
P_1-1-pt_3188,P_1-1-pt_3275,9.099999999999984
P_1-1-pt_3188,P_1-1-pt_1560,9.499999999999982
P_1-1-pt_3188,P_1-2_4208,3.600000000000002
P_1-1-pt_3188,P_1-3_3755,3.700000000000002
P_1-1-pt_3188,P_1-2_3386,9.499999999999982
P_1-1-pt_3188,P_1-2_1957,7.39999999999999
P_1-1-pt_7459,P_1-1-pt_6809,10.599999999999978
P_1-1-pt_7459,P_1-1-pt_3964,10.699999999999978
P_1-1-pt_7459,P_1-1-pt_776,10.599999999999978
P_1-1-pt_7459,P_1-1-pt_3762,10.499999999999979
P_1-1-pt_7459,P_1-1-pt_8540,27.200000000000117
P_1-1-pt_7459,P_1-1-pt_3993,2.2000000000000006
P_1-1-pt_7459,P_1-1-pt_6016,12.399999999999972
P_1-1-pt_7459,P_1-1-pt_5199,12.99999999999997
P_1-1-pt_7459,P_1-1-pt_2992,12.99999999999997
P_1-1-pt_7459,P_1-1-pt_3214,12.79999999999997
P_1-1-pt_7459,P_1-1-pt_7412,10.899999999999977
P_1-1-pt_7459,P_1-1-pt_8866,10.799999999999978
P_1-1-pt_7459,P_1-1-pt_6543,10.899999999999977
P_1-1-pt_7459,P_1-1-pt_3474,10.29999999999998
P_1-1-pt_7459,P_1-1-pt_2542,9.299999999999983
P_1-1-pt_7459,P_1-3_4033,1.8000000000000005
P_1-1-pt_7459,P_1-1-pt_8435,10.999999999999977
P_1-1-pt_7459,P_1-3_767,3.700000000000002
P_1-1-pt_7459,P_1-3_5304,3.700000000000002
P_1-1-pt_7459,P_1-1-pt_7262,80.39999999999971
P_1-1-pt_7459,P_1-1-pt_1940,11.299999999999976
P_1-1-pt_7459,P_1-1-pt_6007,10.799999999999978
P_1-1-pt_7459,P_1-1-pt_5897,10.899999999999977
P_1-1-pt_7459,P_1-1-pt_3769,10.699999999999978
P_1-1-pt_7459,P_1-1-pt_4671,10.799999999999978
P_1-1-pt_7459,P_1-1-pt_5142,10.799999999999978
P_1-1-pt_7459,P_1-1-pt_4919,11.199999999999976
P_1-1-pt_7459,P_1-1-pt_4397,12.399999999999972
P_1-1-pt_7459,P_1-1-pt_6209,710.600000000093
P_1-1-pt_7459,P_1-1-pt_3067,10.399999999999979
P_1-1-pt_7459,P_1-1-pt_1430,10.999999999999977
P_1-1-pt_7459,P_1-1-pt_530,11.099999999999977
P_1-1-pt_2533,P_1-1-pt_6931,10.19999999999998
P_1-1-pt_2533,P_1-1-pt_6038,8.899999999999984
P_1-1-pt_2533,P_1-1-pt_8068,8.599999999999985
P_1-1-pt_4186,P_1-1-pt_6642,10.09999999999998
P_1-1-pt_4186,P_1-1-pt_1396,30.600000000000165
P_1-1-pt_4186,P_1-1-pt_480,20.100000000000016
P_1-1-pt_8410,P_1-1-pt_1853,471.60000000003873
P_1-1-pt_8410,P_1-1-pt_7691,31.800000000000182
P_1-1-pt_8410,P_1-1-pt_8731,10.999999999999977
P_1-1-pt_8410,P_1-1-pt_6007,10.999999999999977
P_1-1-pt_8410,P_1-1-pt_7447,8.499999999999986
P_1-1-pt_8410,P_1-1-pt_1170,10.799999999999978
P_1-1-pt_8410,P_1-1-pt_3171,10.599999999999978
P_1-1-pt_8410,P_1-1-pt_8316,8.299999999999986
P_1-1-pt_8410,P_1-1-pt_3405,21.300000000000033
P_1-1-pt_8410,P_1-1-veh_767,6.999999999999991
P_1-1-pt_8410,P_1-1-pt_5824,10.799999999999978
P_1-1-pt_8410,P_1-1-pt_6548,11.099999999999977
P_1-1-pt_8410,P_1-1-pt_7304,23.000000000000057
P_1-1-pt_8410,P_1-1-pt_734,10.799999999999978
P_1-1-pt_8410,P_1-1-pt_3025,10.999999999999977
P_1-1-pt_7462,P_1-1-pt_5209,18.099999999999987
P_1-1-pt_7462,P_1-1-pt_6262,9.799999999999981
P_1-1-pt_7462,P_1-1-pt_5960,10.19999999999998
P_1-1-pt_7462,P_1-1-pt_2894,10.29999999999998
P_1-1-pt_7462,P_1-2_163,6.999999999999991
P_1-1-pt_7462,P_1-1-pt_6189,10.09999999999998
P_1-3_5006,P_2-1_6160,19.80000000000001
P_1-2_1102,P_2-1_2299,10.09999999999998
P_1-3_795,P_1-1-pt_2529,7.799999999999988
P_1-3_795,P_1-1-pt_624,13.699999999999967
P_1-3_795,P_1-1-pt_8068,20.200000000000017
P_1-3_795,P_1-1-pt_787,3.600000000000002
P_1-3_795,P_1-1-pt_4788,8.499999999999986
P_1-3_795,P_1-1-pt_3220,3.3000000000000016
P_1-3_795,P_1-1-pt_4966,3.800000000000002
P_1-3_795,P_1-1-pt_7262,7.799999999999988
P_1-3_795,P_1-1-pt_5886,7.999999999999988
P_1-3_795,P_1-1-pt_4671,3.700000000000002
P_1-3_795,P_1-1-pt_4919,3.700000000000002
P_1-3_795,P_1-1-pt_3769,16.29999999999996
P_1-3_795,P_1-1-pt_5790,3.800000000000002
P_1-3_795,P_1-1-pt_2262,3.700000000000002
P_1-1-pt_5267,P_1-1-pt_3858,331.00000000000676
P_1-1-pt_5267,P_1-1-pt_1747,45.80000000000038
P_1-1-pt_5267,P_1-1-pt_2880,26.80000000000011
P_1-1-pt_5267,P_1-1-pt_3671,55.00000000000051
P_1-1-pt_5267,P_1-1-pt_2708,11.399999999999975
P_1-1-pt_5267,P_1-1-pt_1610,288.29999999999706
P_1-1-pt_5267,P_1-1-pt_7243,23.400000000000063
P_1-1-pt_5267,P_1-1-pt_98,159.7999999999952
P_1-1-pt_5267,P_1-1-pt_1963,10.699999999999978
P_1-1-pt_5267,P_1-1-pt_1497,44.40000000000036
P_1-1-pt_5267,P_1-1-pt_4736,10.999999999999977
P_1-1-pt_5267,P_1-1-pt_7381,8.199999999999987
P_1-1-pt_5267,P_1-1-pt_6771,8.599999999999985
P_1-1-pt_5267,P_1-1-pt_6422,8.799999999999985
P_1-1-pt_5267,P_1-1-pt_3207,10.799999999999978
P_1-1-pt_5267,P_1-1-pt_2920,8.999999999999984
P_1-1-pt_5267,P_1-1-pt_4070,11.199999999999976
P_1-1-pt_5267,P_1-1-pt_5167,32.60000000000019
P_1-1-pt_5267,P_1-1-pt_6974,40.1000000000003
P_1-1-pt_5267,P_1-1-pt_6743,10.19999999999998
P_1-1-pt_5267,P_1-1-pt_8016,10.599999999999978
P_1-1-pt_5267,P_1-1-pt_2004,21.10000000000003
P_1-1-pt_5267,P_1-1-pt_7372,10.799999999999978
P_1-1-pt_5267,P_1-1-pt_8731,10.799999999999978
P_1-1-pt_5267,P_1-1-pt_521,11.099999999999977
P_1-1-pt_5267,P_1-1-pt_7881,41.800000000000324
P_1-1-pt_5267,P_1-1-pt_8316,9.499999999999982
P_1-1-pt_5267,P_1-1-pt_5999,12.99999999999997
P_1-1-pt_5267,P_1-1-pt_7447,258.6999999999903
P_1-1-pt_5267,P_1-3_5572,9.399999999999983
P_1-1-pt_5267,P_1-1-pt_7573,240.09999999999064
P_1-1-pt_5267,P_1-1-pt_562,8.799999999999985
P_1-1-pt_5267,P_1-1-pt_2013,8.799999999999985
P_1-2_3125,P_1-1-pt_7760,13.799999999999967
P_1-2_3125,P_1-3_3759,17.49999999999998
P_1-2_3125,P_1-3_3440,14.599999999999964
P_1-2_3125,P_1-1-pt_1826,15.59999999999996
P_1-2_3125,P_1-3_1737,19.500000000000007
P_1-2_4646,P_2-1_4458,83.79999999999951
P_1-2_4646,P_1-2_5752,92.69999999999901
P_1-2_4646,P_1-2_3464,91.79999999999906
P_1-2_4646,P_1-2_2080,93.09999999999899
P_1-2_4646,P_1-2_3821,92.69999999999901
P_1-2_4646,P_1-2_2797,85.7999999999994
P_1-2_4646,P_1-2_2580,83.19999999999955
P_1-2_4646,P_2-1_857,82.3999999999996
P_1-2_4646,P_1-1-veh_837,82.3999999999996
P_1-2_4646,P_1-3_4738,82.09999999999961
P_1-2_4646,P_2-1_2626,62.00000000000061
P_1-2_4646,P_1-2_3210,82.3999999999996
P_1-2_4646,P_1-2_2767,41.00000000000031
P_1-2_4646,P_1-2_2470,111.79999999999792
P_1-2_4646,P_2-1_2028,41.200000000000315
P_1-2_4646,P_1-3_1755,72.00000000000018
P_1-2_4646,P_2-1_6106,116.49999999999766
P_1-2_4646,P_1-3_1002,75.00000000000001
P_1-2_4646,P_1-3_2501,41.00000000000031
P_1-2_4646,P_1-3_3231,61.600000000000605
P_1-2_4646,P_2-1_1443,20.50000000000002
P_1-2_4646,P_2-1_3205,30.800000000000168
P_1-2_4646,P_1-2_2625,35.10000000000023
P_1-2_1132,P_1-1-pt_5137,18.29999999999999
P_1-2_172,P_1-1-pt_889,3.800000000000002
P_1-2_172,P_1-1-pt_498,3.800000000000002
P_1-3_410,P_1-1-veh_603,6.299999999999994
P_1-3_410,P_1-2_1600,10.09999999999998
P_1-3_410,P_1-1-pt_6309,10.399999999999979
P_1-3_410,P_1-1-pt_7201,11.799999999999974
P_1-3_410,P_1-1-pt_8404,3.600000000000002
P_1-3_410,P_1-1-pt_467,1.8000000000000005
P_1-1-pt_3372,P_1-1-pt_2961,8.699999999999985
P_1-1-pt_3372,P_1-1-pt_3922,10.29999999999998
P_1-1-pt_3372,P_1-3_2180,8.099999999999987
P_1-1-pt_3372,P_1-1-pt_941,7.999999999999988
P_1-1-pt_2317,P_1-1-pt_4405,10.19999999999998
P_1-1-pt_2317,P_1-1-pt_2247,10.29999999999998
P_1-1-pt_2317,P_1-1-pt_5392,10.09999999999998
P_1-1-pt_2317,P_1-1-pt_2992,22.900000000000055
P_1-1-pt_2317,P_1-1-pt_6353,13.499999999999968
P_1-1-pt_7243,P_1-1-pt_6743,31.00000000000017
P_1-1-pt_7243,P_1-2_1255,11.499999999999975
P_1-1-pt_7243,P_1-1-pt_5267,23.400000000000063
P_1-1-pt_7243,P_1-1-pt_5167,542.1000000000547
P_1-1-pt_7243,P_1-1-pt_521,22.40000000000005
P_1-1-pt_7243,P_1-1-pt_1747,22.900000000000055
P_1-1-pt_7243,P_1-1-pt_3671,35.70000000000024
P_1-1-pt_7243,P_1-1-pt_1610,34.200000000000216
P_1-1-pt_7243,P_1-1-pt_6974,88.99999999999922
P_1-1-pt_7243,P_1-1-pt_2194,10.799999999999978
P_1-1-pt_7243,P_1-1-pt_5666,22.50000000000005
P_1-1-pt_7243,P_1-1-pt_3207,34.200000000000216
P_1-1-pt_7243,P_1-1-pt_1853,31.300000000000175
P_1-1-pt_7243,P_1-1-pt_571,10.699999999999978
P_1-1-pt_7243,P_1-1-pt_3230,10.699999999999978
P_1-1-pt_7243,P_1-1-pt_8016,35.40000000000023
P_1-1-pt_7243,P_1-1-pt_8731,10.09999999999998
P_1-1-pt_7243,P_1-1-veh_610,3.5000000000000018
P_1-1-pt_7243,P_1-1-pt_8280,33.2000000000002
P_1-1-pt_7243,P_1-1-pt_3638,10.29999999999998
P_1-1-pt_7243,P_1-1-pt_5173,9.799999999999981
P_1-1-pt_7243,P_1-1-pt_23,10.899999999999977
P_1-1-pt_7243,P_1-1-pt_2880,20.30000000000002
P_1-1-pt_7243,P_1-1-pt_4345,21.80000000000004
P_1-1-pt_7243,P_1-1-pt_2369,10.499999999999979
P_1-1-pt_7243,P_1-1-pt_7447,619.5000000000723
P_1-1-pt_7243,P_1-1-pt_1497,9.89999999999998
P_1-1-pt_7243,P_1-1-pt_7881,782.8000000001094
P_1-1-pt_7243,P_1-1-pt_7372,22.50000000000005
P_1-1-pt_7243,P_1-1-pt_5999,11.999999999999973
P_1-1-pt_7243,P_1-1-pt_7573,11.299999999999976
P_1-1-pt_7243,P_1-1-veh_767,3.600000000000002
P_1-1-pt_7243,P_1-1-pt_1995,10.09999999999998
P_1-1-pt_7243,P_1-1-pt_2013,9.89999999999998
P_1-1-pt_7243,P_1-1-pt_4879,37.000000000000256
P_1-1-pt_7243,P_1-1-pt_4736,10.29999999999998
P_1-1-pt_7243,P_1-1-pt_3025,10.29999999999998
P_1-2_4290,P_1-1-pt_7177,20.50000000000002
P_2-1_4458,P_1-2_4646,83.79999999999951
P_2-1_4458,P_2-1_2626,604.1000000000688
P_2-1_4458,P_1-2_5752,1152.6000000000472
P_2-1_4458,P_1-2_3464,116.69999999999764
P_2-1_4458,P_1-2_2080,462.00000000003655
P_2-1_4458,P_1-2_3821,83.69999999999952
P_2-1_4458,P_1-2_2797,82.2999999999996
P_2-1_4458,P_1-2_2580,82.3999999999996
P_2-1_4458,P_2-1_857,82.3999999999996
P_2-1_4458,P_1-1-veh_837,82.1999999999996
P_2-1_4458,P_1-3_4738,82.2999999999996
P_2-1_4458,P_1-2_3210,133.99999999999667
P_2-1_4458,P_1-2_2767,1079.8000000001134
P_2-1_4458,P_1-2_2470,61.90000000000061
P_2-1_4458,P_2-1_2028,61.80000000000061
P_2-1_4458,P_1-3_1755,72.00000000000018
P_2-1_4458,P_2-1_6106,72.00000000000018
P_2-1_4458,P_1-3_1002,71.90000000000019
P_2-1_4458,P_1-3_2501,51.30000000000046
P_2-1_4458,P_1-3_3231,41.100000000000314
P_2-1_4458,P_2-1_1443,30.90000000000017
P_2-1_4458,P_2-1_3205,30.90000000000017
P_2-1_4458,P_1-2_2625,30.800000000000168
P_1-1-pt_1542,P_1-3_3536,4.999999999999998
P_1-1-pt_1542,P_1-2_4896,3.700000000000002
P_1-1-pt_1542,P_1-3_68,3.700000000000002
P_1-1-pt_1542,P_1-2_1017,3.600000000000002
P_1-1-pt_1542,P_1-1-pt_5143,9.89999999999998
P_1-1-pt_1542,P_1-1-pt_1238,8.899999999999984
P_1-1-pt_1542,P_1-1-pt_3916,10.699999999999978
P_1-1-pt_1542,P_1-1-pt_3214,10.899999999999977
P_1-1-pt_1542,P_1-1-pt_7412,11.099999999999977
P_1-1-pt_1542,P_1-1-pt_5066,10.899999999999977
P_1-1-pt_1542,P_1-1-pt_5346,10.699999999999978
P_1-1-pt_1542,P_1-1-pt_3046,10.599999999999978
P_1-1-pt_1542,P_1-1-pt_8586,10.699999999999978
P_1-1-pt_1542,P_1-1-pt_1108,11.599999999999975
P_1-1-pt_1542,P_1-1-pt_5941,488.5000000000426
P_1-1-pt_8316,P_1-1-pt_6209,10.699999999999978
P_1-1-pt_8316,P_1-1-pt_3021,10.499999999999979
P_1-1-pt_8316,P_1-1-pt_3762,10.19999999999998
P_1-1-pt_8316,P_1-1-pt_6007,10.19999999999998
P_1-1-pt_8316,P_1-1-pt_8410,8.299999999999986
P_1-1-pt_8316,P_1-1-pt_5666,10.09999999999998
P_1-1-pt_8316,P_1-1-pt_3171,211.1999999999923
P_1-1-pt_8316,P_1-1-pt_1853,8.499999999999986
P_1-1-pt_8316,P_1-1-pt_3207,9.89999999999998
P_1-1-pt_8316,P_1-1-pt_2880,10.19999999999998
P_1-1-pt_8316,P_1-1-pt_4345,10.09999999999998
P_1-1-pt_8316,P_1-1-pt_6743,10.399999999999979
P_1-1-pt_8316,P_1-1-pt_1170,193.79999999999328
P_1-1-pt_8316,P_1-1-pt_8280,9.99999999999998
P_1-1-pt_8316,P_1-1-pt_65,9.699999999999982
P_1-1-pt_8316,P_1-1-pt_8016,9.699999999999982
P_1-1-pt_8316,P_1-1-pt_2369,10.09999999999998
P_1-1-pt_8316,P_1-1-pt_7372,9.89999999999998
P_1-1-pt_8316,P_1-1-pt_6974,9.799999999999981
P_1-1-pt_8316,P_1-1-pt_5267,9.499999999999982
P_1-1-pt_8316,P_1-1-pt_5167,17.69999999999998
P_1-1-pt_8316,P_1-1-pt_1747,10.29999999999998
P_1-1-pt_8316,P_1-1-pt_3671,10.599999999999978
P_1-1-pt_8316,P_1-1-pt_521,10.29999999999998
P_1-1-pt_8316,P_1-1-pt_98,10.399999999999979
P_1-1-pt_8316,P_1-1-pt_7881,21.500000000000036
P_1-1-pt_8316,P_1-1-pt_1610,9.099999999999984
P_1-1-pt_7412,P_1-1-pt_7142,11.599999999999975
P_1-1-pt_7412,P_1-2_6013,16.79999999999997
P_1-1-pt_7412,P_1-1-pt_6209,10.899999999999977
P_1-1-pt_7412,P_1-1-pt_6297,11.099999999999977
P_1-1-pt_7412,P_1-1-pt_3021,10.999999999999977
P_1-1-pt_7412,P_1-1-pt_804,10.499999999999979
P_1-1-pt_7412,P_1-3_891,3.700000000000002
P_1-1-pt_7412,P_1-3_4690,3.800000000000002
P_1-1-pt_7412,P_1-1-pt_6931,10.899999999999977
P_1-1-pt_7412,P_1-3_4995,3.900000000000002
P_1-1-pt_7412,P_1-1-pt_2882,57.300000000000544
P_1-1-pt_7412,P_1-1-pt_8435,11.899999999999974
P_1-1-pt_7412,P_1-1-pt_6031,9.599999999999982
P_1-1-pt_7412,P_1-1-pt_7459,10.899999999999977
P_1-1-pt_7412,P_1-1-pt_494,11.499999999999975
P_1-1-pt_7412,P_1-1-pt_2162,10.799999999999978
P_1-1-pt_7412,P_1-1-pt_5897,11.399999999999975
P_1-1-pt_7412,P_1-1-pt_3769,16.599999999999966
P_1-1-pt_7412,P_1-1-pt_4671,10.699999999999978
P_1-1-pt_7412,P_1-1-veh_792,4.899999999999999
P_1-1-pt_7412,P_1-1-pt_3409,8.899999999999984
P_1-1-pt_7412,P_1-1-pt_1270,10.999999999999977
P_1-1-pt_7412,P_1-1-pt_4919,10.799999999999978
P_1-1-pt_7412,P_1-1-pt_1304,10.799999999999978
P_1-1-pt_7412,P_1-1-pt_4397,10.799999999999978
P_1-1-pt_7412,P_1-1-pt_7863,10.599999999999978
P_1-1-pt_7412,P_1-1-pt_8545,10.899999999999977
P_1-1-pt_7412,P_1-1-pt_5193,10.899999999999977
P_1-1-pt_7412,P_1-1-pt_7325,10.699999999999978
P_1-1-pt_7412,P_1-1-pt_8137,10.699999999999978
P_1-1-pt_7412,P_1-1-pt_1108,11.099999999999977
P_1-1-pt_7412,P_1-1-pt_6672,10.899999999999977
P_1-1-pt_7412,P_1-1-pt_5499,10.699999999999978
P_1-1-pt_7412,P_1-1-pt_704,10.999999999999977
P_1-1-pt_7412,P_1-1-pt_1542,11.099999999999977
P_1-1-pt_7412,P_1-1-pt_5941,11.199999999999976
P_1-1-pt_7412,P_1-1-pt_6389,10.599999999999978
P_1-1-pt_7412,P_1-1-pt_812,10.899999999999977
P_1-1-pt_7412,P_1-1-pt_7177,10.999999999999977
P_1-1-pt_7412,P_1-1-pt_8718,11.199999999999976
P_1-2_1127,P_1-1-pt_7881,11.399999999999975
P_1-3_115,P_1-2_3693,29.000000000000142
P_1-3_115,P_1-1-pt_2012,2.500000000000001
P_1-3_1815,P_1-2_4634,55.60000000000052
P_1-3_1815,P_1-3_4775,42.40000000000033
P_1-3_1815,P_1-3_2410,20.100000000000016
P_1-3_1815,P_1-3_3253,20.100000000000016
P_1-3_1815,P_1-3_2018,16.499999999999964
P_1-3_1815,P_1-3_2633,27.900000000000126
P_1-3_1815,P_1-3_331,30.500000000000163
P_1-3_1815,P_1-2_5210,10.09999999999998
P_1-3_1815,P_1-2_573,13.299999999999969
P_1-3_1815,P_1-3_4954,10.09999999999998
P_1-3_1815,P_1-3_4875,104.39999999999834
P_1-3_1815,P_2-1_5411,34.50000000000022
P_1-3_1815,P_2-1_1646,30.20000000000016
P_1-3_1815,P_1-3_835,10.09999999999998
P_1-3_1815,P_1-1-pt_1594,7.999999999999988
P_1-3_1815,P_1-3_3410,21.400000000000034
P_1-3_1815,P_1-1-pt_6226,15.499999999999961
P_1-3_1815,P_1-3_3639,17.199999999999974
P_1-3_1815,P_1-2_2193,18.799999999999997
P_1-3_1815,P_1-2_5800,122.09999999999734
P_1-3_1815,P_1-2_5588,22.300000000000047
P_1-3_1815,P_1-3_5023,17.099999999999973
P_1-3_1815,P_1-2_3383,10.19999999999998
P_1-3_1815,P_1-2_2828,10.09999999999998
P_1-1-pt_3046,P_1-1-pt_8123,17.799999999999983
P_1-1-pt_3046,P_1-2_3894,17.099999999999973
P_1-1-pt_3046,P_1-1-pt_6297,10.599999999999978
P_1-1-pt_3046,P_1-1-pt_6038,10.899999999999977
P_1-1-pt_3046,P_1-1-pt_3021,10.899999999999977
P_1-1-pt_3046,P_1-1-pt_804,14.999999999999963
P_1-1-pt_3046,P_1-1-pt_6931,11.099999999999977
P_1-1-pt_3046,P_1-3_4425,3.800000000000002
P_1-1-pt_3046,P_1-3_4033,3.900000000000002
P_1-1-pt_3046,P_1-1-pt_1354,7.19999999999999
P_1-1-pt_3046,P_1-1-pt_6007,10.899999999999977
P_1-1-pt_3046,P_1-1-pt_5897,11.299999999999976
P_1-1-pt_3046,P_1-1-pt_3769,11.099999999999977
P_1-1-pt_3046,P_1-1-pt_4671,9.399999999999983
P_1-1-pt_3046,P_1-1-pt_3409,8.699999999999985
P_1-1-pt_3046,P_1-1-pt_1270,10.29999999999998
P_1-1-pt_3046,P_1-1-pt_4919,10.699999999999978
P_1-1-pt_3046,P_1-1-pt_4397,10.499999999999979
P_1-1-pt_3046,P_1-1-pt_7863,10.499999999999979
P_1-1-pt_3046,P_1-1-veh_792,17.49999999999998
P_1-1-pt_3046,P_1-1-pt_8545,11.099999999999977
P_1-1-pt_3046,P_1-1-pt_5193,11.199999999999976
P_1-1-pt_3046,P_1-1-pt_7325,10.799999999999978
P_1-1-pt_3046,P_1-1-pt_8137,10.799999999999978
P_1-1-pt_3046,P_1-1-pt_6672,10.599999999999978
P_1-1-pt_3046,P_1-1-pt_5499,10.599999999999978
P_1-1-pt_3046,P_1-1-pt_704,10.599999999999978
P_1-1-pt_3046,P_1-1-pt_1542,10.599999999999978
P_1-1-pt_3046,P_1-1-pt_5941,10.699999999999978
P_1-1-pt_3046,P_1-1-pt_6389,10.899999999999977
P_1-1-pt_3046,P_1-1-pt_812,10.799999999999978
P_1-3_1503,P_1-1-pt_3629,134.19999999999666
P_1-3_1503,P_1-1-pt_4572,134.59999999999664
P_1-3_1503,P_1-2_4771,31.400000000000176
P_1-3_1503,P_1-2_4339,164.29999999999495
P_1-3_1503,P_1-3_5079,45.50000000000038
P_1-3_1503,P_2-1_4755,41.200000000000315
P_1-3_1503,P_2-1_4789,144.1999999999961
P_1-3_1503,P_1-2_3749,635.0000000000758
P_1-3_1503,P_1-1-pt_1714,19.0
P_1-3_1503,P_1-2_2780,113.79999999999781
P_1-3_1503,P_1-2_2287,20.50000000000002
P_1-3_1503,P_1-3_1785,20.600000000000023
P_1-3_1503,P_1-1-pt_8911,15.79999999999996
P_1-3_1503,P_1-2_3081,20.50000000000002
P_1-3_5023,P_1-1-veh_337,10.09999999999998
P_1-3_5023,P_1-2_5640,10.19999999999998
P_1-3_5023,P_1-3_2410,11.799999999999974
P_1-3_5023,P_1-3_2018,10.09999999999998
P_1-3_5023,P_1-3_2633,30.100000000000158
P_1-3_5023,P_1-2_5210,10.09999999999998
P_1-3_5023,P_1-3_331,32.40000000000019
P_1-3_5023,P_1-2_573,10.09999999999998
P_1-3_5023,P_1-3_4954,20.200000000000017
P_1-3_5023,P_1-2_4634,11.799999999999974
P_1-3_5023,P_1-3_4875,20.200000000000017
P_1-3_5023,P_1-3_4775,20.100000000000016
P_1-3_5023,P_1-3_1815,17.099999999999973
P_1-3_5023,P_1-3_3253,10.09999999999998
P_1-1-pt_6397,P_1-1-pt_2927,8.899999999999984
P_1-1-pt_6397,P_1-1-pt_3762,10.999999999999977
P_1-1-pt_6397,P_1-1-pt_8540,10.19999999999998
P_1-1-pt_6397,P_1-1-pt_2218,9.599999999999982
P_1-1-pt_6397,P_1-1-pt_2834,11.199999999999976
P_1-1-pt_6397,P_1-1-pt_6016,9.399999999999983
P_1-1-pt_6397,P_1-1-pt_5199,12.99999999999997
P_1-1-pt_6397,P_1-1-pt_4806,13.799999999999967
P_1-1-pt_6397,P_1-1-pt_6809,9.599999999999982
P_1-1-pt_8548,P_1-3_2599,3.600000000000002
P_1-1-pt_8548,P_1-2_5745,3.700000000000002
P_1-1-pt_8548,P_1-1-pt_8735,10.19999999999998
P_1-1-pt_8548,P_1-1-pt_1723,10.799999999999978
P_1-1-pt_8548,P_1-3_3076,10.399999999999979
P_1-1-pt_8548,P_1-1-pt_8384,4446.999999998647
P_1-2_4061,P_1-2_3488,15.99999999999996
P_1-2_4061,P_1-2_2237,20.200000000000017
P_1-2_4061,P_1-3_2261,8.099999999999987
P_1-2_4061,P_1-3_186,7.999999999999988
P_1-2_4061,P_1-2_3850,7.999999999999988
P_1-2_4061,P_1-2_3247,10.09999999999998
P_1-2_4061,P_1-3_2683,8.099999999999987
P_1-2_4061,P_2-1_6187,10.09999999999998
P_1-2_4061,P_1-2_4836,10.09999999999998
P_1-1-pt_8384,P_1-3_2599,3.700000000000002
P_1-1-pt_8384,P_1-2_5745,3.800000000000002
P_1-1-pt_8384,P_1-1-pt_8735,10.19999999999998
P_1-1-pt_8384,P_1-1-pt_1723,11.199999999999976
P_1-1-pt_8384,P_1-3_3076,7.29999999999999
P_1-1-pt_8384,P_1-1-pt_8548,4446.999999998647
P_1-3_5152,P_2-1_4811,10.29999999999998
P_1-3_5152,P_1-3_2187,10.09999999999998
P_2-1_6083,P_1-2_4853,9.99999999999998
P_2-1_6083,P_2-1_6130,20.200000000000017
P_1-1-pt_7638,P_1-2_24,3.600000000000002
P_1-1-pt_7638,P_1-1-pt_4474,10.19999999999998
P_1-1-pt_7638,P_1-1-pt_7277,11.099999999999977
P_1-1-pt_7638,P_1-1-pt_6991,9.799999999999981
P_1-1-pt_7638,P_1-2_87,3.800000000000002
P_1-1-pt_7638,P_2-1_2293,3.600000000000002
P_1-1-pt_7638,P_1-1-pt_6381,8.799999999999985
P_1-1-pt_1350,P_1-1-pt_6273,229.29999999999126
P_1-1-pt_1350,P_1-3_1737,13.399999999999968
P_1-1-pt_1350,P_1-3_2588,14.999999999999963
P_1-1-pt_1350,P_1-3_1680,9.699999999999982
P_1-1-pt_1350,P_1-3_5053,8.099999999999987
P_1-1-pt_1350,P_1-3_1273,5.899999999999995
P_1-1-pt_1350,P_1-2_2287,14.899999999999963
P_1-1-pt_6334,P_1-1-pt_5078,16.29999999999996
P_1-1-pt_6334,P_1-1-pt_2503,4.4
P_1-1-pt_6334,P_1-3_4425,8.499999999999986
P_1-1-pt_6334,P_1-1-pt_4966,8.599999999999985
P_1-1-pt_6334,P_1-1-pt_8682,18.499999999999993
P_1-1-pt_6334,P_1-3_767,7.799999999999988
P_1-1-pt_6334,P_1-1-pt_5376,11.599999999999975
P_1-1-pt_6334,P_1-2_1596,6.799999999999992
P_1-1-pt_6334,P_1-1-pt_7262,20.30000000000002
P_1-1-pt_6334,P_1-1-pt_7205,8.799999999999985
P_1-1-pt_6334,P_1-1-pt_7080,21.600000000000037
P_1-1-pt_6334,P_1-1-pt_5876,6.8999999999999915
P_1-1-pt_6334,P_1-2_3156,23.30000000000006
P_1-1-pt_6334,P_1-1-pt_3779,10.399999999999979
P_1-1-pt_6334,P_1-1-pt_1020,9.99999999999998
P_1-1-pt_6334,P_1-2_1255,10.09999999999998
P_1-1-pt_6334,P_1-1-pt_5886,10.09999999999998
P_1-1-pt_6334,P_1-3_3549,8.299999999999986
P_1-1-pt_8375,P_1-2_4329,365.30000000001456
P_1-1-pt_8375,P_1-2_4609,101.29999999999852
P_1-1-pt_8375,P_1-1-pt_8869,268.39999999999253
P_1-1-pt_8375,P_1-1-pt_1167,80.29999999999971
P_1-1-pt_8375,P_1-1-pt_2431,10.29999999999998
P_1-1-pt_1853,P_1-1-pt_8410,471.60000000003873
P_1-1-pt_1853,P_1-1-pt_571,20.800000000000026
P_1-1-pt_1853,P_1-1-pt_3230,20.700000000000024
P_1-1-pt_1853,P_1-1-pt_8016,22.50000000000005
P_1-1-pt_1853,P_1-1-pt_8280,30.90000000000017
P_1-1-pt_1853,P_1-1-pt_7243,31.300000000000175
P_1-1-pt_1853,P_1-1-pt_521,31.70000000000018
P_1-1-pt_1853,P_1-1-pt_23,31.900000000000183
P_1-1-pt_1853,P_1-1-pt_5666,8.399999999999986
P_1-1-pt_1853,P_1-1-pt_4736,12.79999999999997
P_1-1-pt_1853,P_1-1-pt_459,9.299999999999983
P_1-1-pt_1853,P_1-1-pt_8731,11.299999999999976
P_1-1-pt_1853,P_1-1-pt_5173,8.499999999999986
P_1-1-pt_1853,P_1-1-pt_5170,20.30000000000002
P_1-1-pt_1853,P_1-1-pt_7881,11.099999999999977
P_1-1-pt_1853,P_1-1-pt_7447,17.999999999999986
P_1-1-pt_1853,P_1-1-pt_8316,8.499999999999986
P_1-1-pt_1853,P_1-1-pt_1170,10.799999999999978
P_1-1-pt_1853,P_1-1-pt_3171,10.599999999999978
P_1-1-pt_1853,P_1-1-pt_3405,21.600000000000037
P_1-1-pt_1853,P_1-1-pt_2880,149.69999999999578
P_1-1-pt_1853,P_1-1-pt_6743,8.499999999999986
P_1-1-pt_1853,P_1-1-pt_7304,392.50000000002075
P_1-1-pt_1853,P_1-1-pt_7372,10.399999999999979
P_1-1-pt_1853,P_1-1-pt_3207,12.599999999999971
P_1-1-pt_1853,P_1-1-pt_1497,11.199999999999976
P_1-1-pt_1853,P_1-1-pt_3025,11.099999999999977
P_1-1-pt_1853,P_1-1-pt_562,46.100000000000385
P_1-3_2296,P_1-3_1737,16.79999999999997
P_1-3_2296,P_1-3_2588,14.399999999999965
P_1-1-pt_7447,P_1-1-pt_3762,10.19999999999998
P_1-1-pt_7447,P_1-1-pt_6007,10.09999999999998
P_1-1-pt_7447,P_1-1-pt_8410,8.499999999999986
P_1-1-pt_7447,P_1-1-pt_23,9.99999999999998
P_1-1-pt_7447,P_1-1-pt_521,21.90000000000004
P_1-1-pt_7447,P_1-1-pt_5666,10.09999999999998
P_1-1-pt_7447,P_1-1-pt_1853,17.999999999999986
P_1-1-pt_7447,P_1-1-pt_3207,21.400000000000034
P_1-1-pt_7447,P_1-1-pt_2880,20.30000000000002
P_1-1-pt_7447,P_1-1-pt_4345,20.000000000000014
P_1-1-pt_7447,P_1-1-pt_6743,19.60000000000001
P_1-1-pt_7447,P_1-1-pt_8280,20.800000000000026
P_1-1-pt_7447,P_1-1-pt_8016,21.300000000000033
P_1-1-pt_7447,P_1-1-pt_7243,619.5000000000723
P_1-1-pt_7447,P_1-1-pt_1497,20.40000000000002
P_1-1-pt_7447,P_1-1-pt_2369,8.599999999999985
P_1-1-pt_7447,P_1-1-pt_1747,152.19999999999564
P_1-1-pt_7447,P_1-1-pt_3671,44.20000000000036
P_1-1-pt_7447,P_1-1-pt_1610,42.40000000000033
P_1-1-pt_7447,P_1-1-pt_7881,306.6000000000012
P_1-1-pt_7447,P_1-1-pt_5167,235.99999999999088
P_1-1-pt_7447,P_1-1-pt_98,23.000000000000057
P_1-1-pt_7447,P_1-1-pt_7372,165.1999999999949
P_1-1-pt_7447,P_1-1-pt_2771,20.700000000000024
P_1-1-pt_7447,P_1-1-pt_1963,1.7000000000000004
P_1-1-pt_7447,P_1-1-pt_7915,10.19999999999998
P_1-1-pt_7447,P_1-1-pt_5999,10.699999999999978
P_1-1-pt_7447,P_1-1-pt_5267,258.6999999999903
P_1-1-pt_7447,P_1-1-pt_7573,149.4999999999958
P_1-1-pt_7447,P_1-1-veh_767,7.799999999999988
P_1-1-pt_7447,P_1-1-pt_1995,9.799999999999981
P_1-1-pt_7447,P_1-1-pt_2013,10.19999999999998
P_1-1-pt_7447,P_1-1-pt_4736,8.499999999999986
P_1-1-pt_7447,P_1-1-pt_3025,8.599999999999985
P_1-1-pt_7355,P_1-1-pt_5824,10.799999999999978
P_1-1-pt_7355,P_1-1-pt_1020,10.09999999999998
P_1-1-pt_7355,P_1-1-pt_571,11.299999999999976
P_1-1-pt_7355,P_1-1-pt_3230,11.399999999999975
P_1-1-pt_7355,P_1-1-pt_4736,11.199999999999976
P_1-1-pt_7355,P_1-1-pt_6743,5.699999999999996
P_1-1-pt_7355,P_1-1-pt_8280,12.199999999999973
P_1-1-pt_7355,P_1-1-pt_8016,10.19999999999998
P_1-1-pt_7355,P_1-1-pt_1610,10.29999999999998
P_1-1-pt_7355,P_1-1-pt_6974,9.699999999999982
P_1-1-pt_7355,P_1-1-pt_1497,10.09999999999998
P_1-1-pt_7355,P_1-1-pt_5167,11.399999999999975
P_1-1-pt_7355,P_1-1-pt_1747,11.399999999999975
P_1-1-pt_7355,P_1-1-pt_3671,11.399999999999975
P_1-1-pt_7355,P_1-1-pt_3360,16.79999999999997
P_1-1-pt_7355,P_1-1-pt_1006,20.40000000000002
P_1-1-pt_3365,P_1-1-veh_337,26.900000000000112
P_1-1-pt_3405,P_1-1-pt_5078,9.99999999999998
P_1-1-pt_3405,P_1-1-pt_8798,21.10000000000003
P_1-1-pt_3405,P_1-1-pt_8410,21.300000000000033
P_1-1-pt_3405,P_1-1-pt_6453,34.70000000000022
P_1-1-pt_3405,P_1-1-pt_5824,10.799999999999978
P_1-1-pt_3405,P_1-1-pt_6548,10.999999999999977
P_1-1-pt_3405,P_1-1-pt_1853,21.600000000000037
P_1-1-pt_3405,P_1-1-pt_2880,36.10000000000024
P_1-1-pt_3405,P_1-1-pt_7304,10.799999999999978
P_1-1-pt_3405,P_1-1-pt_734,10.899999999999977
P_1-1-pt_3405,P_1-1-pt_3025,10.799999999999978
P_1-3_2279,P_1-1-pt_6673,7.799999999999988
P_1-3_2279,P_1-1-pt_1670,3.600000000000002
P_1-3_2279,P_1-3_1059,9.99999999999998
P_1-3_2279,P_1-1-pt_3112,10.799999999999978
P_1-3_2279,P_1-1-pt_3171,24.500000000000078
P_1-3_2279,P_1-1-pt_3638,12.099999999999973
P_1-3_2279,P_1-1-pt_4064,11.999999999999973
P_1-3_2279,P_1-1-pt_7201,11.699999999999974
P_1-3_2279,P_1-1-pt_467,7.799999999999988
P_1-1-pt_8815,P_1-1-pt_2297,8.399999999999986
P_1-1-pt_8815,P_1-1-pt_703,1026.1000000001623
P_1-1-pt_8815,P_2-1_4127,7.599999999999989
P_1-1-pt_8815,P_1-1-pt_5337,695.4000000000896
P_1-2_3383,P_1-1-veh_337,10.09999999999998
P_1-2_3383,P_1-3_2633,20.100000000000016
P_1-2_3383,P_1-3_4875,20.200000000000017
P_1-2_3383,P_1-3_331,20.200000000000017
P_1-2_3383,P_1-3_4775,17.099999999999973
P_1-2_3383,P_1-3_1815,10.19999999999998
P_1-2_3383,P_1-3_3253,12.399999999999972
P_1-1-pt_2378,P_1-1-pt_4353,503.1000000000459
P_1-1-pt_2378,P_1-1-pt_3469,1370.6999999998488
P_1-1-pt_1594,P_1-2_4634,46.40000000000039
P_1-1-pt_1594,P_1-3_4775,23.700000000000067
P_1-1-pt_1594,P_1-3_2410,10.999999999999977
P_1-1-pt_1594,P_1-3_3253,7.699999999999989
P_1-1-pt_1594,P_1-3_2018,9.599999999999982
P_1-1-pt_1594,P_1-3_2633,15.499999999999961
P_1-1-pt_1594,P_1-3_331,7.699999999999989
P_1-1-pt_1594,P_1-2_5210,7.799999999999988
P_1-1-pt_1594,P_1-2_573,7.699999999999989
P_1-1-pt_1594,P_1-3_4954,7.699999999999989
P_1-1-pt_1594,P_1-3_4875,15.89999999999996
P_1-1-pt_1594,P_1-3_1815,7.999999999999988
P_1-1-pt_5886,P_1-1-pt_2882,20.600000000000023
P_1-1-pt_5886,P_1-3_891,7.899999999999988
P_1-1-pt_5886,P_1-3_4690,7.999999999999988
P_1-1-pt_5886,P_1-3_4995,7.899999999999988
P_1-1-pt_5886,P_1-3_4425,7.899999999999988
P_1-1-pt_5886,P_1-3_4033,15.69999999999996
P_1-1-pt_5886,P_1-1-pt_4966,10.29999999999998
P_1-1-pt_5886,P_1-1-pt_8682,10.899999999999977
P_1-1-pt_5886,P_1-3_767,6.999999999999991
P_1-1-pt_5886,P_1-3_4060,7.899999999999988
P_1-1-pt_5886,P_1-3_2397,7.899999999999988
P_1-1-pt_5886,P_1-1-pt_7262,10.29999999999998
P_1-1-pt_5886,P_1-3_795,7.999999999999988
P_1-1-pt_5886,P_1-1-pt_6409,10.09999999999998
P_1-1-pt_5886,P_1-3_2218,7.799999999999988
P_1-1-pt_5886,P_1-1-pt_6334,10.09999999999998
P_1-1-pt_5886,P_1-2_1255,10.09999999999998
P_1-1-pt_5886,P_1-3_3549,9.89999999999998
P_1-1-pt_5886,P_1-3_5252,15.69999999999996
P_1-1-pt_234,P_1-3_17,14.099999999999966
P_1-1-pt_234,P_1-1-pt_3021,15.199999999999962
P_1-1-pt_234,P_1-1-pt_804,10.29999999999998
P_1-1-pt_234,P_1-1-pt_6931,10.29999999999998
P_1-1-pt_234,P_1-3_5304,3.800000000000002
P_1-1-pt_234,P_1-1-pt_3779,10.899999999999977
P_1-1-pt_234,P_1-1-pt_6007,9.299999999999983
P_1-1-pt_234,P_1-1-pt_5897,9.499999999999982
P_1-1-pt_234,P_1-1-pt_3769,9.89999999999998
P_1-1-pt_234,P_1-1-pt_4671,10.999999999999977
P_1-1-pt_234,P_1-1-pt_5142,11.099999999999977
P_1-1-pt_234,P_1-1-pt_4919,10.899999999999977
P_1-1-pt_234,P_1-1-pt_4397,10.799999999999978
P_1-1-pt_234,P_1-1-pt_7863,12.199999999999973
P_1-1-pt_234,P_1-1-pt_3964,11.299999999999976
P_1-1-pt_234,P_1-1-pt_3067,11.899999999999974
P_1-1-pt_234,P_1-1-pt_1430,9.89999999999998
P_1-1-pt_234,P_1-1-pt_530,9.499999999999982
P_1-1-pt_234,P_1-1-pt_761,9.699999999999982
P_1-1-pt_7421,P_1-1-pt_1722,1170.1000000000313
P_1-1-pt_7421,P_1-1-pt_3220,10.599999999999978
P_1-1-pt_7421,P_1-1-pt_4788,26.400000000000105
P_1-2_471,P_1-3_2076,0.8999999999999999
P_1-2_471,P_1-2_3378,18.799999999999997
P_1-2_471,P_1-2_3077,20.200000000000017
P_1-2_471,P_1-2_423,20.30000000000002
P_1-2_471,P_1-2_5020,10.09999999999998
P_1-2_471,P_1-3_3626,2.0000000000000004
P_1-2_471,P_1-3_1588,16.19999999999996
P_1-2_471,P_1-2_5805,20.200000000000017
P_1-2_471,P_1-2_2590,20.50000000000002
P_1-2_471,P_1-3_4996,0.7
P_1-2_471,P_2-1_782,7.999999999999988
P_1-2_471,P_1-2_3919,8.099999999999987
P_1-2_471,P_1-2_5092,20.200000000000017
P_1-2_471,P_1-3_5354,2.0000000000000004
P_1-2_471,P_1-2_3614,8.099999999999987
P_1-2_471,P_1-3_4587,0.7
P_1-1-pt_1722,P_1-1-pt_7421,1170.1000000000313
P_1-2_2036,P_1-1-pt_1296,3.900000000000002
P_1-2_5722,P_1-1-pt_5115,4.799999999999999
P_1-2_5722,P_1-1-pt_2985,3.800000000000002
P_1-1-pt_8869,P_1-2_4329,45.70000000000038
P_1-1-pt_8869,P_1-1-pt_8375,268.39999999999253
P_1-1-pt_8869,P_1-2_2338,31.00000000000017
P_1-1-pt_8869,P_1-1-pt_1771,17.999999999999986
P_1-1-pt_8869,P_1-1-pt_3931,18.699999999999996
P_1-1-pt_8869,P_1-1-pt_3353,20.800000000000026
P_1-1-pt_2854,P_1-1-pt_6602,20.100000000000016
P_1-1-pt_2854,P_1-2_3488,15.499999999999961
P_1-1-pt_2854,P_1-1-pt_2129,20.200000000000017
P_1-1-pt_2854,P_1-1-pt_1039,20.100000000000016
P_1-1-pt_2854,P_1-1-pt_5275,20.200000000000017
P_1-1-pt_2854,P_1-1-pt_1700,10.09999999999998
P_1-1-pt_2854,P_1-1-pt_2782,9.99999999999998
P_1-1-pt_2854,P_1-3_2261,7.699999999999989
P_1-1-pt_2854,P_2-1_3944,10.599999999999978
P_1-1-pt_2854,P_1-1-pt_413,10.09999999999998
P_1-1-pt_2854,P_1-1-pt_6335,9.99999999999998
P_1-1-pt_2854,P_1-3_186,7.699999999999989
P_1-1-pt_2854,P_1-2_3850,7.799999999999988
P_1-1-pt_2854,P_1-3_2683,7.699999999999989
P_1-1-pt_2854,P_1-1-pt_5452,9.99999999999998
P_1-1-pt_2854,P_1-1-pt_5152,9.99999999999998
P_1-2_5598,P_1-2_318,16.99999999999997
P_1-2_5598,P_1-1-pt_7806,3.4000000000000017
P_1-2_2440,P_1-1-pt_703,224.49999999999153
P_1-2_2440,P_2-1_4127,9.799999999999981
P_1-2_2440,P_1-1-pt_3881,105.59999999999827
P_1-2_4339,P_1-1-pt_3629,126.99999999999706
P_1-2_4339,P_1-1-pt_4572,126.49999999999709
P_1-2_4339,P_1-2_4771,30.90000000000017
P_1-2_4339,P_1-3_1503,164.29999999999495
P_1-2_4339,P_1-3_5079,40.90000000000031
P_1-2_4339,P_2-1_4755,40.90000000000031
P_1-2_4339,P_2-1_4789,158.2999999999953
P_1-2_4339,P_1-2_3749,133.19999999999672
P_1-2_4339,P_1-1-pt_1714,15.79999999999996
P_1-2_4339,P_1-2_2780,112.79999999999787
P_1-2_4339,P_1-2_2287,20.600000000000023
P_1-2_4339,P_1-3_1785,20.50000000000002
P_1-2_4339,P_1-1-pt_8911,23.30000000000006
P_1-2_4339,P_1-2_3081,20.50000000000002
P_1-2_318,P_1-2_5598,16.99999999999997
P_1-2_318,P_1-1-pt_3355,10.999999999999977
P_1-2_318,P_1-1-pt_5836,3.0000000000000013
P_1-2_318,P_1-1-pt_5229,3.600000000000002
P_1-2_318,P_1-1-pt_5337,13.799999999999967
P_1-2_318,P_1-1-pt_8123,6.699999999999992
P_1-2_318,P_1-1-pt_308,6.5999999999999925
P_1-1-pt_6602,P_1-1-pt_2854,20.100000000000016
P_1-1-pt_6602,P_1-2_3488,15.59999999999996
P_1-1-pt_6602,P_1-1-pt_2129,20.200000000000017
P_1-1-pt_6602,P_1-1-pt_1039,20.200000000000017
P_1-1-pt_6602,P_1-1-pt_5275,20.100000000000016
P_1-1-pt_6602,P_1-1-pt_1700,10.09999999999998
P_1-1-pt_6602,P_1-1-pt_2782,10.09999999999998
P_1-1-pt_6602,P_1-3_2261,7.799999999999988
P_1-1-pt_6602,P_2-1_3944,9.399999999999983
P_1-1-pt_6602,P_1-1-pt_413,9.99999999999998
P_1-1-pt_6602,P_1-1-pt_6335,10.09999999999998
P_1-1-pt_6602,P_1-3_186,7.799999999999988
P_1-1-pt_6602,P_1-2_3850,7.799999999999988
P_1-1-pt_6602,P_1-3_2683,7.699999999999989
P_1-1-pt_6602,P_1-1-pt_5452,10.09999999999998
P_1-1-pt_6602,P_1-1-pt_5152,10.09999999999998
P_1-1-pt_4727,P_1-1-pt_7697,9.99999999999998
P_1-1-pt_4727,P_1-1-pt_1601,10.19999999999998
P_1-1-pt_1544,P_1-3_2588,12.199999999999973
P_1-1-pt_1544,P_1-1-pt_776,9.299999999999983
P_1-1-pt_1544,P_1-1-pt_3762,9.799999999999981
P_1-1-pt_1544,P_1-1-pt_8540,9.799999999999981
P_1-1-pt_1544,P_1-1-pt_2218,10.899999999999977
P_1-1-pt_1544,P_1-1-pt_6016,10.699999999999978
P_1-1-pt_1544,P_1-1-pt_6007,10.599999999999978
P_1-1-pt_1544,P_1-1-pt_1296,20.50000000000002
P_1-1-pt_1544,P_1-1-pt_5666,41.00000000000031
P_1-1-pt_1544,P_1-1-pt_2542,19.80000000000001
P_1-1-pt_1544,P_1-1-pt_8861,20.40000000000002
P_1-1-pt_1544,P_1-1-pt_1473,19.80000000000001
P_1-1-pt_1544,P_1-1-pt_655,1897.3999999993698
P_1-1-pt_703,P_1-2_2440,224.49999999999153
P_1-1-pt_703,P_1-1-pt_8123,6.399999999999993
P_1-1-pt_703,P_1-1-pt_2297,8.799999999999985
P_1-1-pt_703,P_1-1-pt_8815,1026.1000000001623
P_1-1-pt_703,P_1-1-pt_3881,1039.1000000001504
P_1-1-pt_703,P_2-1_4127,7.699999999999989
P_1-1-pt_3957,P_1-1-pt_6453,20.100000000000016
P_1-1-pt_3957,P_2-1_3764,250.39999999999006
P_1-1-pt_3957,P_1-1-pt_868,10.999999999999977
P_1-1-pt_3957,P_1-1-pt_7881,10.999999999999977
P_1-1-pt_3957,P_2-1_2925,69.9000000000003
P_1-1-pt_3957,P_1-1-pt_7691,40.60000000000031
P_1-1-pt_3957,P_2-1_63,19.70000000000001
P_1-1-pt_3957,P_1-2_1612,19.70000000000001
P_1-1-pt_3957,P_1-3_3245,12.099999999999973
P_1-1-pt_3957,P_2-1_5419,12.099999999999973
P_1-1-pt_3957,P_1-1-pt_8728,20.000000000000014
P_1-1-pt_3957,P_1-2_4483,19.80000000000001
P_1-1-pt_3957,P_2-1_461,12.199999999999973
P_1-1-pt_3957,P_1-1-pt_4071,3008.599999998359
P_1-3_2492,P_1-1-pt_363,3.600000000000002
P_1-1-pt_2004,P_1-1-pt_2702,21.10000000000003
P_1-1-pt_2004,P_1-1-pt_7381,10.29999999999998
P_1-1-pt_2004,P_1-1-pt_6771,10.09999999999998
P_1-1-pt_2004,P_1-3_2324,3.600000000000002
P_1-1-pt_2004,P_1-3_4479,3.600000000000002
P_1-1-pt_2004,P_1-1-pt_6422,10.19999999999998
P_1-1-pt_2004,P_1-1-pt_1497,20.900000000000027
P_1-1-pt_2004,P_1-1-pt_2920,9.699999999999982
P_1-1-pt_2004,P_1-1-pt_4070,10.699999999999978
P_1-1-pt_2004,P_1-1-pt_4363,9.99999999999998
P_1-1-pt_2004,P_1-1-pt_5267,21.10000000000003
P_1-1-pt_2004,P_1-1-pt_98,23.90000000000007
P_1-1-pt_2004,P_1-1-pt_5167,22.300000000000047
P_1-1-pt_2004,P_1-1-pt_3858,149.89999999999577
P_1-1-pt_2004,P_1-1-pt_1610,150.29999999999575
P_1-1-pt_2004,P_1-1-pt_1747,150.19999999999575
P_1-1-pt_2004,P_1-1-pt_7372,11.099999999999977
P_1-1-pt_2004,P_1-1-pt_6673,9.599999999999982
P_1-1-pt_2004,P_1-1-pt_3112,10.699999999999978
P_2-1_595,P_2-1_3797,217.09999999999195
P_2-1_595,P_2-1_3175,485.2000000000418
P_2-1_595,P_2-1_4012,225.99999999999145
P_2-1_595,P_2-1_3119,10.09999999999998
P_2-1_595,P_1-2_168,20.40000000000002
P_2-1_595,P_1-2_3708,12.89999999999997
P_1-1-pt_8123,P_1-1-pt_703,6.399999999999993
P_1-1-pt_8123,P_1-1-pt_3881,10.19999999999998
P_1-1-pt_8123,P_1-1-pt_2297,8.699999999999985
P_1-1-pt_8123,P_1-2_865,7.799999999999988
P_1-1-pt_8123,P_1-2_5417,7.799999999999988
P_1-1-pt_8123,P_1-2_1916,7.799999999999988
P_1-1-pt_8123,P_1-1-pt_3046,17.799999999999983
P_1-1-pt_8123,P_1-1-pt_308,10.29999999999998
P_1-1-pt_8123,P_1-2_1032,7.999999999999988
P_1-1-pt_8123,P_1-2_6019,7.999999999999988
P_1-1-pt_8123,P_1-1-pt_5836,9.699999999999982
P_1-1-pt_8123,P_1-1-pt_5229,10.29999999999998
P_1-1-pt_8123,P_1-3_4591,7.799999999999988
P_1-1-pt_8123,P_1-2_4710,7.999999999999988
P_1-1-pt_8123,P_1-2_318,6.699999999999992
P_1-1-pt_8123,P_1-1-pt_1590,10.09999999999998
P_1-1-pt_8123,P_1-1-pt_4875,16.79999999999997
P_1-1-pt_8123,P_1-2_1685,749.0000000001017
P_1-1-pt_8123,P_1-2_1918,7.899999999999988
P_1-1-pt_8123,P_1-3_4167,7.799999999999988
P_1-1-pt_8123,P_1-2_750,7.999999999999988
P_1-1-pt_8123,P_1-3_3748,7.899999999999988
P_2-1_3599,P_1-2_4734,30.600000000000165
P_2-1_3599,P_1-2_4206,30.700000000000166
P_2-1_3599,P_1-3_1500,30.400000000000162
P_2-1_3599,P_1-3_3901,30.500000000000163
P_2-1_3599,P_1-2_1420,30.30000000000016
P_2-1_3599,P_1-3_228,30.500000000000163
P_2-1_3599,P_1-3_3776,30.600000000000165
P_2-1_3599,P_2-1_2161,30.600000000000165
P_2-1_3599,P_1-3_874,10.19999999999998
P_2-1_3599,P_1-3_1615,30.600000000000165
P_2-1_3599,P_1-2_5885,30.600000000000165
P_2-1_3599,P_1-3_5141,30.400000000000162
P_2-1_3599,P_1-3_2454,20.30000000000002
P_2-1_3599,P_2-1_6008,20.30000000000002
P_2-1_3599,P_1-2_1656,20.30000000000002
P_2-1_3599,P_1-2_1053,20.40000000000002
P_2-1_3599,P_2-1_2785,20.40000000000002
P_2-1_3599,P_1-2_5495,20.40000000000002
P_2-1_3599,P_1-2_4452,20.40000000000002
P_2-1_3599,P_1-3_3834,20.30000000000002
P_2-1_3599,P_1-3_1657,20.40000000000002
P_2-1_3599,P_1-2_3280,20.40000000000002
P_2-1_3599,P_1-3_3046,20.40000000000002
P_2-1_3599,P_1-3_3457,20.200000000000017
P_2-1_3599,P_1-3_372,20.40000000000002
P_2-1_3599,P_1-3_4168,20.40000000000002
P_1-1-pt_4823,P_1-1-pt_3353,11.199999999999976
P_1-1-pt_4823,P_2-1_4229,3.800000000000002
P_1-1-pt_4823,P_1-1-pt_8368,10.999999999999977
P_1-1-pt_4823,P_1-1-pt_4474,8.599999999999985
P_1-1-pt_4823,P_1-1-pt_8601,8.399999999999986
P_1-3_4503,P_1-3_4291,20.200000000000017
P_1-3_4503,P_1-2_2215,20.100000000000016
P_1-3_4503,P_1-2_3444,20.000000000000014
P_1-3_4503,P_1-3_5020,20.100000000000016
P_1-3_4503,P_1-2_5935,20.40000000000002
P_1-3_4503,P_1-2_3432,20.40000000000002
P_1-3_4503,P_1-3_3889,20.40000000000002
P_1-3_4503,P_1-2_2792,20.40000000000002
P_1-3_4503,P_1-2_2306,10.19999999999998
P_1-2_2590,P_1-3_2076,1.9000000000000006
P_1-2_2590,P_1-2_423,20.40000000000002
P_1-2_2590,P_1-2_5020,10.19999999999998
P_1-2_2590,P_1-2_471,20.50000000000002
P_1-2_2590,P_1-2_3077,20.30000000000002
P_1-2_2590,P_1-3_3626,0.9999999999999999
P_1-2_2590,P_1-3_1588,8.099999999999987
P_1-2_2590,P_1-2_5805,10.09999999999998
P_1-2_2590,P_1-2_3378,22.000000000000043
P_1-2_2590,P_1-3_4996,0.9999999999999999
P_1-2_2590,P_1-2_5092,10.19999999999998
P_1-2_2590,P_1-3_5354,0.9999999999999999
P_1-2_2590,P_1-2_3614,7.999999999999988
P_1-2_2590,P_1-3_4587,1.0999999999999999
P_1-2_2590,P_1-2_1633,7.39999999999999
P_1-2_2590,P_1-3_5318,1.0999999999999999
P_1-2_2590,P_1-3_1223,1.2
P_1-2_2590,P_1-3_4399,0.8999999999999999
P_1-1-pt_65,P_1-1-pt_1329,10.699999999999978
P_1-1-pt_65,P_1-1-pt_3489,10.899999999999977
P_1-1-pt_65,P_1-1-pt_2771,10.699999999999978
P_1-1-pt_65,P_1-2_659,16.19999999999996
P_1-1-pt_65,P_1-1-pt_5170,10.19999999999998
P_1-1-pt_65,P_1-1-pt_23,10.999999999999977
P_1-1-pt_65,P_1-1-pt_521,11.099999999999977
P_1-1-pt_65,P_1-1-pt_8316,9.699999999999982
P_1-1-pt_65,P_1-1-pt_7279,9.299999999999983
P_1-1-pt_65,P_1-1-pt_8404,9.399999999999983
P_1-2_2922,P_1-1-pt_5115,3.5000000000000018
P_1-1-pt_3881,P_1-1-pt_8123,10.19999999999998
P_1-1-pt_3881,P_1-1-pt_2297,8.899999999999984
P_1-1-pt_3881,P_1-1-pt_703,1039.1000000001504
P_1-1-pt_3881,P_1-2_2440,105.59999999999827
P_1-1-pt_3881,P_2-1_4127,7.599999999999989
P_1-1-pt_4097,P_1-1-pt_5115,10.499999999999979
P_1-1-pt_4097,P_1-1-pt_1298,181.99999999999395
P_1-1-pt_5835,P_1-1-pt_98,180.59999999999403
P_1-1-pt_5835,P_1-1-pt_4070,18.799999999999997
P_1-1-pt_5835,P_1-1-pt_2880,19.400000000000006
P_1-1-pt_5835,P_1-1-pt_2771,154.39999999999552
P_1-1-pt_5835,P_1-1-pt_3858,56.40000000000053
P_1-1-pt_5835,P_1-2_659,12.099999999999973
P_1-1-pt_5835,P_1-1-pt_7915,80.19999999999972
P_1-1-pt_5835,P_1-1-pt_5999,951.6000000001478
P_1-1-pt_5835,P_1-1-pt_2708,3687.4999999977417
P_1-1-pt_5835,P_1-1-pt_1963,3574.3999999978446
P_1-2_2665,P_1-1-pt_5684,9.99999999999998
P_1-1-veh_853,P_1-1-pt_4262,3.700000000000002
P_1-1-pt_4664,P_1-1-pt_562,22.300000000000047
P_1-1-pt_4664,P_1-2_455,11.799999999999974
P_1-1-pt_2708,P_1-1-pt_98,10.19999999999998
P_1-1-pt_2708,P_1-1-pt_5267,11.399999999999975
P_1-1-pt_2708,P_1-1-pt_5167,11.899999999999974
P_1-1-pt_2708,P_1-1-pt_521,11.399999999999975
P_1-1-pt_2708,P_1-1-pt_1747,11.699999999999974
P_1-1-pt_2708,P_1-1-pt_3671,20.900000000000027
P_1-1-pt_2708,P_1-1-pt_1610,23.000000000000057
P_1-1-pt_2708,P_1-1-pt_6974,10.499999999999979
P_1-1-pt_2708,P_1-1-pt_4070,18.799999999999997
P_1-1-pt_2708,P_1-1-pt_2880,19.70000000000001
P_1-1-pt_2708,P_1-1-pt_2771,159.19999999999524
P_1-1-pt_2708,P_1-1-pt_3858,57.00000000000054
P_1-1-pt_2708,P_1-2_659,11.699999999999974
P_1-1-pt_2708,P_1-1-pt_7915,80.39999999999971
P_1-1-pt_2708,P_1-1-pt_5835,3687.4999999977417
P_1-1-pt_2708,P_1-1-pt_5999,947.5000000001469
P_1-1-pt_2708,P_1-1-pt_1963,3570.0999999978485
P_2-1_5975,P_2-1_5419,3.1000000000000014
P_2-1_5975,P_1-1-pt_824,3.600000000000002
P_2-1_5975,P_1-1-pt_4879,5.299999999999997
P_2-1_5975,P_1-1-pt_3858,14.199999999999966
P_2-1_5975,P_1-1-pt_2503,7.19999999999999
P_2-1_5975,P_1-1-pt_2334,33.90000000000021
P_2-1_5975,P_1-2_6013,1.6000000000000003
P_2-1_5975,P_1-1-pt_4988,21.70000000000004
P_1-1-veh_594,P_2-1_6010,20.40000000000002
P_1-1-veh_594,P_1-1-pt_1396,8.999999999999984
P_1-2_4272,P_2-1_2299,10.09999999999998
P_1-1-veh_704,P_1-1-pt_1296,4.5
P_2-1_3956,P_1-1-pt_3670,132.99999999999673
P_2-1_3956,P_1-2_3693,10.799999999999978
P_1-3_3004,P_1-1-pt_1304,13.499999999999968
P_1-3_3004,P_1-2_1559,20.50000000000002
P_1-3_3004,P_1-2_2564,20.600000000000023
P_1-3_5412,P_1-1-pt_2012,3.800000000000002
P_2-1_1965,P_1-1-pt_2529,23.700000000000067
P_2-1_1965,P_1-1-pt_804,0.4
P_1-1-pt_1610,P_1-1-pt_98,98.49999999999868
P_1-1-pt_1610,P_1-1-pt_5267,288.29999999999706
P_1-1-pt_1610,P_1-1-pt_5167,163.09999999999502
P_1-1-pt_1610,P_1-1-pt_521,46.40000000000039
P_1-1-pt_1610,P_1-1-pt_1747,161.19999999999513
P_1-1-pt_1610,P_1-1-pt_3671,167.0999999999948
P_1-1-pt_1610,P_1-1-pt_2708,23.000000000000057
P_1-1-pt_1610,P_1-1-pt_7243,34.200000000000216
P_1-1-pt_1610,P_1-1-pt_6974,204.49999999999267
P_1-1-pt_1610,P_1-1-pt_1963,23.600000000000065
P_1-1-pt_1610,P_1-1-pt_1497,54.80000000000051
P_1-1-pt_1610,P_1-1-pt_2194,10.799999999999978
P_1-1-pt_1610,P_1-1-pt_3207,45.10000000000037
P_1-1-pt_1610,P_1-1-pt_3388,10.999999999999977
P_1-1-pt_1610,P_1-1-pt_2920,8.599999999999985
P_1-1-pt_1610,P_1-1-pt_4736,10.599999999999978
P_1-1-pt_1610,P_1-1-pt_4070,10.599999999999978
P_1-1-pt_1610,P_1-1-pt_2880,27.600000000000122
P_1-1-pt_1610,P_1-1-pt_459,8.299999999999986
P_1-1-pt_1610,P_1-1-pt_8016,21.70000000000004
P_1-1-pt_1610,P_1-1-pt_4345,22.40000000000005
P_1-1-pt_1610,P_1-1-pt_6743,12.199999999999973
P_1-1-pt_1610,P_1-1-pt_2004,150.29999999999575
P_1-1-pt_1610,P_1-1-pt_8731,11.299999999999976
P_1-1-pt_1610,P_1-1-pt_3858,494.90000000004403
P_1-1-pt_1610,P_1-1-pt_7355,10.29999999999998
P_1-1-pt_1610,P_1-1-pt_5173,5.399999999999997
P_1-1-pt_1610,P_1-1-pt_7447,42.40000000000033
P_1-1-pt_1610,P_1-1-pt_7881,131.09999999999684
P_1-1-pt_1610,P_1-1-pt_7372,10.399999999999979
P_1-1-pt_1610,P_1-1-pt_7915,167.49999999999477
P_1-1-pt_1610,P_1-1-pt_8316,9.099999999999984
P_1-1-pt_1610,P_1-1-pt_7573,12.499999999999972
P_1-1-pt_1610,P_1-1-pt_1995,10.399999999999979
P_1-1-pt_1610,P_1-1-pt_2013,10.499999999999979
P_1-1-pt_1610,P_1-1-pt_562,10.599999999999978
P_1-2_2295,P_1-1-pt_1396,13.299999999999969
P_1-2_2295,P_1-1-pt_480,3.700000000000002
P_1-2_269,P_1-3_1059,11.599999999999975
P_1-2_6028,P_1-2_4753,20.30000000000002
P_1-2_6028,P_1-3_2043,20.100000000000016
P_1-2_6028,P_1-3_2999,4.799999999999999
P_1-3_4313,P_1-2_4791,10.19999999999998
P_1-3_4313,P_1-2_1533,10.09999999999998
P_1-3_4313,P_1-3_5578,10.19999999999998
P_1-3_4313,P_1-3_635,10.599999999999978
P_1-3_4313,P_1-2_78,8.299999999999986
P_2-1_2148,P_2-1_3538,40.70000000000031
P_2-1_2148,P_2-1_5450,40.70000000000031
P_2-1_2148,P_2-1_3527,30.400000000000162
P_2-1_2148,P_2-1_3136,30.30000000000016
P_1-2_2767,P_2-1_2028,640.8000000000771
P_1-2_2767,P_1-2_2470,72.50000000000016
P_1-2_2767,P_1-1-veh_837,41.100000000000314
P_1-2_2767,P_1-3_4738,41.100000000000314
P_1-2_2767,P_1-2_4646,41.00000000000031
P_1-2_2767,P_2-1_2626,51.40000000000046
P_1-2_2767,P_2-1_4458,1079.8000000001134
P_1-2_2767,P_1-2_5752,1081.2000000001121
P_1-2_2767,P_1-2_3210,58.800000000000566
P_1-2_2767,P_1-2_3464,51.40000000000046
P_1-2_2767,P_1-2_2080,51.50000000000046
P_1-2_2767,P_1-2_3821,41.200000000000315
P_1-2_2767,P_1-2_2797,41.200000000000315
P_1-2_2767,P_1-2_2580,41.40000000000032
P_1-2_2767,P_1-3_1755,30.90000000000017
P_1-2_2767,P_2-1_6106,31.00000000000017
P_1-2_2767,P_1-3_1002,30.800000000000168
P_1-2_2767,P_1-3_2501,40.90000000000031
P_1-2_2767,P_1-3_3231,41.00000000000031
P_1-2_2767,P_2-1_857,1037.5000000001519
P_1-2_2767,P_2-1_1443,20.30000000000002
P_1-2_2767,P_2-1_3205,30.600000000000165
P_1-2_2767,P_1-2_2625,30.20000000000016
P_1-3_4756,P_2-1_2299,9.99999999999998
P_1-1-pt_3869,P_1-1-pt_2474,49.90000000000044
P_1-1-pt_3869,P_1-1-pt_2170,2462.299999998856
P_1-1-pt_3869,P_1-1-pt_6262,19.900000000000013
P_1-1-pt_5824,P_1-1-pt_7355,10.799999999999978
P_1-1-pt_5824,P_1-1-pt_2947,10.899999999999977
P_1-1-pt_5824,P_1-1-pt_761,10.499999999999979
P_1-1-pt_5824,P_1-1-pt_3097,10.19999999999998
P_1-1-pt_5824,P_1-1-pt_7691,21.90000000000004
P_1-1-pt_5824,P_1-3_5572,17.099999999999973
P_1-1-pt_5824,P_1-1-pt_5666,8.599999999999985
P_1-1-pt_5824,P_1-1-pt_6548,10.899999999999977
P_1-1-pt_5824,P_1-1-pt_8410,10.799999999999978
P_1-1-pt_5824,P_1-1-pt_3405,10.799999999999978
P_1-1-pt_5824,P_1-1-pt_7304,8.499999999999986
P_1-1-pt_5824,P_1-1-pt_734,8.799999999999985
P_1-1-pt_5824,P_1-1-pt_1866,11.099999999999977
P_1-1-pt_5824,P_1-1-pt_297,10.699999999999978
P_1-1-pt_5824,P_1-1-pt_6176,11.199999999999976
P_1-1-pt_5824,P_1-1-pt_5137,11.099999999999977
P_1-3_455,P_2-1_883,16.19999999999996
P_1-3_455,P_1-3_5203,10.09999999999998
P_1-3_455,P_1-3_4644,10.19999999999998
P_1-1-pt_3112,P_1-1-pt_3595,10.799999999999978
P_1-1-pt_3112,P_1-1-pt_5357,7.599999999999989
P_1-1-pt_3112,P_1-3_2279,10.799999999999978
P_1-1-pt_3112,P_1-1-pt_2004,10.699999999999978
P_1-1-pt_3457,P_1-1-pt_8356,204.29999999999268
P_1-1-pt_4589,P_1-1-pt_1497,9.099999999999984
P_1-1-pt_4589,P_1-1-pt_4736,8.799999999999985
P_1-1-pt_4589,P_1-1-pt_2702,10.19999999999998
P_1-1-pt_4589,P_1-1-pt_7372,10.19999999999998
P_1-1-pt_4589,P_1-1-pt_6673,0.30000000000000004
P_1-1-pt_4589,P_1-1-pt_8994,37.40000000000026
P_1-1-pt_4589,P_1-1-pt_1006,28.20000000000013
P_1-1-pt_4940,P_1-1-pt_4353,2800.799999998548
P_1-1-pt_4940,P_1-1-pt_3469,937.0000000001445
P_1-1-pt_4940,P_1-2_5252,13.799999999999967
P_1-3_2219,P_1-1-pt_5587,3.800000000000002
P_1-3_2219,P_1-1-pt_3922,3.5000000000000018
P_1-3_2219,P_1-3_2180,10.09999999999998
P_1-3_2209,P_1-1-pt_2985,3.700000000000002
P_1-3_2209,P_1-1-pt_7732,77.49999999999987
P_1-1-pt_4353,P_1-1-pt_4940,2800.799999998548
P_1-1-pt_4353,P_1-1-pt_2378,503.1000000000459
P_1-1-pt_4353,P_1-1-pt_7388,319.3000000000041
P_1-1-pt_4353,P_1-1-pt_3469,634.2000000000756
P_1-1-pt_4353,P_1-1-pt_4855,20.900000000000027
P_1-1-pt_4353,P_1-1-pt_3573,321.6000000000046
P_1-2_1070,P_1-1-pt_5587,3.800000000000002
P_1-2_1070,P_1-1-pt_3922,3.700000000000002
P_1-2_1070,P_1-3_2180,10.29999999999998
P_1-2_1070,P_1-1-pt_941,10.29999999999998
P_2-1_1646,P_1-3_2018,23.30000000000006
P_2-1_1646,P_2-1_5411,659.1000000000813
P_2-1_1646,P_1-3_2633,53.40000000000049
P_2-1_1646,P_1-3_331,20.30000000000002
P_2-1_1646,P_1-2_5210,30.400000000000162
P_2-1_1646,P_1-2_573,30.400000000000162
P_2-1_1646,P_1-2_3693,30.100000000000158
P_2-1_1646,P_1-3_4954,179.99999999999406
P_2-1_1646,P_1-3_4875,30.30000000000016
P_2-1_1646,P_1-2_4634,31.60000000000018
P_2-1_1646,P_1-3_1815,30.20000000000016
P_2-1_1646,P_1-3_835,30.500000000000163
P_2-1_1646,P_1-3_4775,30.500000000000163
P_2-1_1646,P_1-3_3253,21.70000000000004
P_2-1_1646,P_1-2_3943,108.6999999999981
P_2-1_1646,P_1-3_3410,307.5000000000014
P_2-1_1646,P_1-1-pt_1044,41.30000000000032
P_1-2_3088,P_1-1-pt_8968,3.800000000000002
P_1-2_3088,P_1-1-pt_6642,3.600000000000002
P_1-1-pt_5587,P_1-3_2219,3.800000000000002
P_1-1-pt_5587,P_1-2_1070,3.800000000000002
P_1-1-pt_5587,P_1-1-pt_363,11.099999999999977
P_1-1-pt_5587,P_1-1-pt_5068,3.4000000000000017
P_1-1-pt_5587,P_1-2_3214,6.799999999999992
P_1-1-pt_5587,P_1-1-pt_3800,11.099999999999977
P_1-1-pt_6373,P_1-1-pt_1034,9.499999999999982
P_1-1-pt_6373,P_1-1-pt_2383,9.699999999999982
P_1-1-pt_6373,P_1-1-pt_3749,56.000000000000526
P_1-1-pt_2187,P_1-1-pt_776,9.499999999999982
P_1-1-pt_2187,P_1-1-pt_3762,7.799999999999988
P_1-1-pt_2187,P_1-1-pt_8540,10.599999999999978
P_1-1-pt_2187,P_1-1-pt_2218,21.70000000000004
P_1-1-pt_2187,P_1-1-pt_5066,7.699999999999989
P_1-1-pt_2187,P_2-1_3764,9.89999999999998
P_1-1-pt_2187,P_2-1_2925,9.699999999999982
P_1-1-pt_2187,P_2-1_63,9.99999999999998
P_1-1-pt_2187,P_1-2_1612,9.799999999999981
P_1-1-pt_2187,P_1-1-pt_6453,10.09999999999998
P_1-1-pt_2187,P_1-1-pt_7213,12.099999999999973
P_1-1-pt_2187,P_1-1-pt_6413,10.999999999999977
P_1-1-pt_2187,P_1-1-pt_2162,11.199999999999976
P_1-1-pt_2187,P_1-1-pt_8861,11.199999999999976
P_1-1-pt_2187,P_1-1-pt_1473,11.099999999999977
P_1-1-pt_2187,P_1-1-pt_3964,10.699999999999978
P_1-1-pt_2187,P_1-1-pt_3067,8.099999999999987
P_1-1-pt_2187,P_1-1-pt_1430,12.99999999999997
P_1-1-pt_2187,P_1-1-pt_530,13.09999999999997
P_1-1-pt_2187,P_1-1-pt_761,11.699999999999974
P_1-3_1273,P_1-1-pt_1350,5.899999999999995
P_1-3_1273,P_1-2_3654,9.299999999999983
P_1-3_1273,P_1-2_1736,17.399999999999977
P_1-2_5803,P_1-1-pt_5082,7.899999999999988
P_1-1-pt_4312,P_1-1-veh_824,5.299999999999997
P_1-1-pt_4312,P_1-1-pt_2342,9.099999999999984
P_1-1-pt_4312,P_1-1-pt_4474,7.899999999999988
P_1-1-pt_2383,P_1-2_1601,3.600000000000002
P_1-1-pt_2383,P_1-1-pt_6373,9.699999999999982
P_1-1-pt_2383,P_1-1-pt_3306,11.399999999999975
P_1-1-pt_2383,P_1-1-pt_5298,9.199999999999983
P_1-1-pt_2383,P_1-1-pt_1560,10.799999999999978
P_1-1-pt_2383,P_1-1-pt_8285,11.299999999999976
P_1-1-pt_2383,P_1-1-pt_3749,11.199999999999976
P_1-1-veh_429,P_1-1-pt_6358,3.700000000000002
P_1-1-veh_429,P_2-1_247,10.19999999999998
P_1-1-pt_2947,P_1-1-pt_5824,10.899999999999977
P_1-1-pt_2947,P_1-3_4328,5.299999999999997
P_1-1-pt_2947,P_1-1-pt_571,14.999999999999963
P_1-1-pt_2947,P_1-1-pt_824,20.30000000000002
P_1-1-pt_2947,P_1-1-pt_2771,10.999999999999977
P_1-1-pt_2947,P_1-1-pt_4879,10.999999999999977
P_1-1-pt_2947,P_1-1-pt_5170,11.199999999999976
P_1-1-pt_2947,P_1-1-pt_3858,10.699999999999978
P_1-1-pt_2947,P_1-1-pt_7208,10.29999999999998
P_1-1-pt_2947,P_1-1-pt_2297,12.299999999999972
P_1-1-pt_2947,P_1-1-pt_2369,12.399999999999972
P_1-1-pt_2947,P_1-1-pt_5376,12.69999999999997
P_1-1-pt_3021,P_1-1-pt_8316,10.499999999999979
P_1-1-pt_3021,P_1-1-veh_767,3.700000000000002
P_1-1-pt_3021,P_1-1-pt_776,10.999999999999977
P_1-1-pt_3021,P_1-1-pt_3128,10.899999999999977
P_1-1-pt_3021,P_1-1-pt_1226,10.799999999999978
P_1-1-pt_3021,P_1-1-pt_8540,9.299999999999983
P_1-1-pt_3021,P_1-1-pt_6016,10.799999999999978
P_1-1-pt_3021,P_1-1-pt_5199,11.399999999999975
P_1-1-pt_3021,P_1-1-pt_2992,10.599999999999978
P_1-1-pt_3021,P_1-1-pt_7412,10.999999999999977
P_1-1-pt_3021,P_1-1-pt_8866,10.499999999999979
P_1-1-pt_3021,P_1-1-pt_6543,11.199999999999976
P_1-1-pt_3021,P_1-1-pt_2542,11.099999999999977
P_1-1-pt_3021,P_1-1-pt_5346,15.099999999999962
P_1-1-pt_3021,P_1-1-pt_3046,10.899999999999977
P_1-1-pt_3021,P_1-1-pt_1473,10.699999999999978
P_1-1-pt_3021,P_1-1-pt_8553,13.499999999999968
P_1-1-pt_3021,P_1-1-pt_234,15.199999999999962
P_1-1-pt_3021,P_1-1-pt_7142,11.899999999999974
P_1-1-pt_3021,P_1-1-pt_385,11.299999999999976
P_1-1-pt_3021,P_1-1-pt_5790,8.799999999999985
P_1-1-pt_3021,P_1-2_865,4.6
P_1-1-pt_3021,P_1-2_4710,3.800000000000002
P_1-1-pt_3021,P_1-1-pt_1590,10.699999999999978
P_1-1-pt_3021,P_2-1_1842,10.699999999999978
P_1-1-pt_3021,P_1-1-pt_972,15.399999999999961
P_1-1-pt_3021,P_1-1-pt_3779,36.50000000000025
P_1-1-pt_3021,P_1-2_3894,4.5
P_1-1-pt_3021,P_1-1-pt_6007,10.699999999999978
P_1-1-pt_3021,P_1-1-pt_5897,14.899999999999963
P_1-1-pt_3021,P_1-1-pt_5142,11.799999999999974
P_1-1-veh_106,P_1-3_3054,17.49999999999998
P_1-1-veh_106,P_1-1-pt_1226,3.600000000000002
P_1-1-veh_723,P_1-1-veh_834,22.60000000000005
P_1-1-veh_723,P_1-1-pt_101,17.099999999999973
P_1-1-veh_723,P_1-1-pt_1639,14.399999999999965
P_1-1-veh_723,P_1-1-pt_8289,5.799999999999995
P_1-1-pt_1995,P_1-1-pt_787,10.19999999999998
P_1-1-pt_1995,P_1-1-pt_2334,12.99999999999997
P_1-1-pt_1995,P_1-1-pt_1020,7.999999999999988
P_1-1-pt_1995,P_1-1-pt_7573,40.500000000000306
P_1-1-pt_1995,P_1-1-pt_2369,14.899999999999963
P_1-1-pt_1995,P_1-1-pt_2013,524.3000000000507
P_1-1-pt_1995,P_1-1-pt_521,11.799999999999974
P_1-1-pt_1995,P_1-1-pt_7243,10.09999999999998
P_1-1-pt_1995,P_1-1-pt_5167,9.99999999999998
P_1-1-pt_1995,P_1-1-pt_7447,9.799999999999981
P_1-1-pt_1995,P_1-1-pt_1747,10.499999999999979
P_1-1-pt_1995,P_1-1-pt_98,10.499999999999979
P_1-1-pt_1995,P_1-1-pt_3671,10.399999999999979
P_1-1-pt_1995,P_1-1-pt_7881,21.600000000000037
P_1-1-pt_1995,P_1-1-pt_3207,10.399999999999979
P_1-1-pt_1995,P_1-1-pt_1610,10.399999999999979
P_1-2_3210,P_1-2_3464,82.3999999999996
P_1-2_3210,P_1-2_2080,82.2999999999996
P_1-2_3210,P_1-2_3821,82.3999999999996
P_1-2_3210,P_1-2_2797,81.79999999999963
P_1-2_3210,P_1-2_2580,81.99999999999962
P_1-2_3210,P_2-1_857,82.2999999999996
P_1-2_3210,P_1-1-veh_837,82.2999999999996
P_1-2_3210,P_1-3_4738,82.09999999999961
P_1-2_3210,P_1-2_4646,82.3999999999996
P_1-2_3210,P_2-1_2626,41.100000000000314
P_1-2_3210,P_2-1_4458,133.99999999999667
P_1-2_3210,P_1-2_2767,58.800000000000566
P_1-2_3210,P_1-2_2470,72.10000000000018
P_1-2_3210,P_2-1_2028,1079.3000000001139
P_1-2_3210,P_1-3_1755,72.30000000000017
P_1-2_3210,P_2-1_6106,72.10000000000018
P_1-2_3210,P_1-3_1002,71.8000000000002
P_1-2_3210,P_1-3_2501,41.100000000000314
P_1-2_3210,P_1-3_3231,71.8000000000002
P_1-2_3210,P_2-1_3205,30.800000000000168
P_1-2_3210,P_1-2_2625,30.700000000000166
P_1-2_3210,P_2-1_1443,10.29999999999998
P_1-2_3210,P_1-2_5752,145.999999999996
P_1-1-pt_5154,P_1-1-pt_2748,1563.8999999996731
P_1-1-pt_5154,P_1-1-pt_4262,10.699999999999978
P_1-1-pt_5154,P_1-1-pt_1798,1018.600000000163
P_1-2_1685,P_1-1-pt_1590,3.700000000000002
P_1-2_1685,P_1-1-pt_8123,749.0000000001017
P_1-2_1685,P_1-1-pt_308,7.799999999999988
P_1-3_4751,P_1-2_2030,100.09999999999859
P_1-3_4751,P_2-1_1911,99.9999999999986
P_1-3_4751,P_2-1_3376,99.69999999999861
P_1-3_4751,P_1-2_6071,99.7999999999986
P_1-3_4751,P_1-3_4957,99.9999999999986
P_1-3_4751,P_2-1_6256,99.39999999999863
P_1-3_4751,P_1-2_1272,99.69999999999861
P_1-3_4751,P_1-2_3908,99.7999999999986
P_1-3_4751,P_2-1_2074,99.69999999999861
P_1-3_4751,P_2-1_5435,99.49999999999862
P_1-3_4751,P_1-2_3005,99.7999999999986
P_1-3_4751,P_2-1_4331,99.49999999999862
P_1-3_4751,P_1-2_4607,89.89999999999917
P_1-3_4751,P_2-1_5859,91.59999999999907
P_1-3_4751,P_1-1-pt_7917,63.80000000000064
P_1-3_4751,P_1-2_4886,906.7000000001376
P_1-3_4751,P_1-1-pt_7104,73.80000000000008
P_1-3_4751,P_2-1_1242,89.99999999999916
P_1-3_4751,P_2-1_3947,89.99999999999916
P_1-3_4751,P_2-1_6248,89.89999999999917
P_1-3_4751,P_1-3_3176,89.49999999999919
P_1-3_4751,P_1-2_2976,89.59999999999918
P_1-3_4751,P_1-2_1639,89.59999999999918
P_1-3_4751,P_2-1_497,89.59999999999918
P_1-3_4751,P_2-1_1408,89.69999999999918
P_1-3_4751,P_1-2_1471,79.69999999999975
P_1-3_4751,P_1-2_2229,916.3000000001398
P_1-3_4751,P_2-1_4664,70.0000000000003
P_1-1-pt_1963,P_1-1-pt_5267,10.699999999999978
P_1-1-pt_1963,P_1-1-pt_5167,11.899999999999974
P_1-1-pt_1963,P_1-1-pt_521,11.699999999999974
P_1-1-pt_1963,P_1-1-pt_1747,11.499999999999975
P_1-1-pt_1963,P_1-1-pt_3671,11.799999999999974
P_1-1-pt_1963,P_1-1-pt_1610,23.600000000000065
P_1-1-pt_1963,P_1-1-pt_98,17.799999999999983
P_1-1-pt_1963,P_1-1-pt_4070,19.1
P_1-1-pt_1963,P_1-1-pt_2880,19.300000000000004
P_1-1-pt_1963,P_1-1-pt_2771,154.39999999999552
P_1-1-pt_1963,P_1-1-pt_3858,57.00000000000054
P_1-1-pt_1963,P_1-2_659,12.099999999999973
P_1-1-pt_1963,P_1-1-pt_7915,81.79999999999963
P_1-1-pt_1963,P_1-1-pt_7447,1.7000000000000004
P_1-1-pt_1963,P_1-1-pt_2708,3570.0999999978485
P_1-1-pt_1963,P_1-1-pt_5835,3574.3999999978446
P_1-1-pt_1963,P_1-1-pt_5999,956.0000000001488
P_1-3_3440,P_1-3_3759,122.29999999999733
P_1-3_3440,P_1-2_3125,14.599999999999964
P_1-3_3440,P_1-1-pt_1826,9.599999999999982
P_1-3_3440,P_1-1-pt_7297,3.0000000000000013
P_1-3_3197,P_1-1-pt_6673,7.899999999999988
P_1-3_3197,P_1-1-pt_1670,3.600000000000002
P_1-1-veh_243,P_1-1-pt_5115,3.800000000000002
P_1-3_2999,P_1-2_6028,4.799999999999999
P_1-3_2999,P_1-2_638,20.200000000000017
P_1-1-pt_141,P_1-1-pt_5115,10.499999999999979
P_1-1-pt_141,P_1-1-pt_6368,11.199999999999976
P_1-1-pt_5917,P_1-1-pt_2535,242.89999999999048
P_1-1-pt_2012,P_1-3_3536,22.300000000000047
P_1-1-pt_2012,P_1-3_5123,5.899999999999995
P_1-1-pt_2012,P_1-2_1942,3.800000000000002
P_1-1-pt_2012,P_1-2_2626,3.700000000000002
P_1-1-pt_2012,P_1-3_3588,3.700000000000002
P_1-1-pt_2012,P_1-3_115,2.500000000000001
P_1-1-pt_2012,P_1-3_5412,3.800000000000002
P_1-1-pt_2012,P_1-3_458,3.800000000000002
P_1-1-pt_2012,P_1-3_5469,3.800000000000002
P_1-1-pt_2012,P_1-3_308,7.799999999999988
P_1-1-pt_2012,P_1-3_2474,10.09999999999998
P_1-1-pt_2012,P_1-2_4976,9.99999999999998
P_1-1-pt_2012,P_1-2_1017,3.600000000000002
P_1-1-pt_2012,P_1-3_1292,3.800000000000002
P_1-1-pt_2012,P_1-3_3103,3.800000000000002
P_1-1-pt_5909,P_1-1-pt_8611,1605.4999999996353
P_1-1-pt_5909,P_1-2_4249,7.499999999999989
P_1-1-pt_5909,P_1-1-pt_5997,1323.7999999998915
P_1-3_970,P_1-1-pt_2882,2.600000000000001
P_1-3_970,P_1-1-pt_1226,3.800000000000002
P_1-3_970,P_1-1-pt_8540,3.700000000000002
P_1-3_970,P_2-1_5470,11.099999999999977
P_1-3_970,P_1-1-pt_3910,3.700000000000002
P_1-3_970,P_1-1-pt_6346,3.700000000000002
P_1-3_970,P_1-1-pt_1714,7.699999999999989
P_1-3_970,P_1-2_2287,10.09999999999998
P_1-3_970,P_1-3_2454,10.09999999999998
P_1-3_970,P_1-2_1053,10.19999999999998
P_1-3_970,P_2-1_2785,10.19999999999998
P_1-3_970,P_1-2_1420,10.19999999999998
P_1-3_970,P_1-3_228,10.09999999999998
P_1-3_970,P_1-2_5495,10.19999999999998
P_1-3_970,P_1-2_4452,10.19999999999998
P_1-3_970,P_1-3_3834,10.19999999999998
P_1-3_970,P_1-3_3776,10.19999999999998
P_1-3_970,P_1-3_1657,10.19999999999998
P_1-3_970,P_2-1_2161,10.19999999999998
P_1-3_970,P_1-2_3280,10.09999999999998
P_1-3_970,P_1-3_3046,10.19999999999998
P_1-2_4181,P_1-1-pt_5357,81.49999999999964
P_1-2_4181,P_1-1-veh_152,10.699999999999978
P_1-3_4995,P_1-1-pt_5886,7.899999999999988
P_1-3_4995,P_1-1-pt_2882,72.90000000000013
P_1-3_4995,P_1-1-pt_6409,3.700000000000002
P_1-3_4995,P_1-1-pt_3214,7.799999999999988
P_1-3_4995,P_1-1-pt_7412,3.900000000000002
P_1-3_4995,P_1-1-pt_8866,3.800000000000002
P_1-3_4995,P_1-1-pt_6543,3.700000000000002
P_1-3_4995,P_1-1-pt_3910,3.600000000000002
P_1-3_4995,P_1-1-pt_6346,3.700000000000002
P_1-3_4995,P_1-1-pt_1714,7.799999999999988
P_1-3_4995,P_1-2_2287,10.29999999999998
P_1-3_4995,P_1-3_2454,10.29999999999998
P_1-2_3904,P_1-1-pt_5790,12.399999999999972
P_1-2_3904,P_1-2_4791,9.99999999999998
P_1-2_4540,P_1-1-pt_3808,15.199999999999962
P_1-2_4540,P_1-1-pt_1241,10.19999999999998
P_1-2_4540,P_2-1_4930,12.099999999999973
P_1-3_5452,P_1-1-pt_1396,61.80000000000061
P_1-3_5452,P_1-1-pt_480,5.1999999999999975
P_2-1_1571,P_2-1_973,40.60000000000031
P_1-1-pt_6335,P_1-3_186,23.500000000000064
P_1-1-pt_6335,P_1-3_2010,9.599999999999982
P_1-1-pt_6335,P_1-2_3488,15.499999999999961
P_1-1-pt_6335,P_1-1-pt_2129,20.200000000000017
P_1-1-pt_6335,P_1-1-pt_1039,20.100000000000016
P_1-1-pt_6335,P_1-1-pt_5275,20.200000000000017
P_1-1-pt_6335,P_1-1-pt_1700,10.09999999999998
P_1-1-pt_6335,P_1-1-pt_2782,10.09999999999998
P_1-1-pt_6335,P_1-3_2261,7.699999999999989
P_1-1-pt_6335,P_1-1-pt_413,10.09999999999998
P_1-1-pt_6335,P_1-1-pt_2854,9.99999999999998
P_1-1-pt_6335,P_1-1-pt_6602,10.09999999999998
P_1-1-pt_6335,P_1-2_3850,7.799999999999988
P_1-1-pt_6335,P_1-3_2683,7.699999999999989
P_1-1-pt_6335,P_1-1-pt_5452,10.09999999999998
P_1-1-pt_6335,P_1-1-pt_5152,8.999999999999984
P_1-1-pt_4723,P_1-1-pt_4628,9.89999999999998
P_2-1_6032,P_2-1_883,16.29999999999996
P_2-1_6032,P_1-3_5496,10.19999999999998
P_2-1_6032,P_1-3_1402,10.19999999999998
P_2-1_6032,P_1-1-pt_1700,11.099999999999977
P_2-1_6032,P_1-2_3093,9.89999999999998
P_1-3_204,P_1-2_4791,10.19999999999998
P_1-3_204,P_1-2_1533,10.499999999999979
P_1-3_204,P_1-2_78,2.600000000000001
P_1-3_186,P_1-1-pt_6335,23.500000000000064
P_1-3_186,P_1-3_2010,10.499999999999979
P_1-3_186,P_1-2_3488,20.200000000000017
P_1-3_186,P_1-2_2237,16.09999999999996
P_1-3_186,P_1-1-pt_2129,15.399999999999961
P_1-3_186,P_1-1-pt_1039,15.499999999999961
P_1-3_186,P_1-1-pt_5275,9.099999999999984
P_1-3_186,P_1-1-pt_1700,7.799999999999988
P_1-3_186,P_1-1-pt_2782,7.799999999999988
P_1-3_186,P_1-3_2261,10.09999999999998
P_1-3_186,P_1-1-pt_413,7.799999999999988
P_1-3_186,P_1-2_4061,7.999999999999988
P_1-3_186,P_1-1-pt_2854,7.699999999999989
P_1-3_186,P_1-1-pt_6602,7.799999999999988
P_1-3_186,P_1-2_3850,9.99999999999998
P_1-3_186,P_1-2_3247,7.999999999999988
P_1-3_186,P_1-3_2683,10.09999999999998
P_1-3_186,P_1-1-pt_5452,7.799999999999988
P_1-3_186,P_2-1_6187,7.999999999999988
P_1-3_186,P_1-1-pt_5152,7.799999999999988
P_1-3_186,P_1-2_4836,8.099999999999987
P_2-1_4998,P_2-1_3601,9.99999999999998
P_2-1_4998,P_2-1_2486,10.09999999999998
P_2-1_4998,P_1-1-pt_150,9.699999999999982
P_2-1_4998,P_1-1-pt_5229,12.89999999999997
P_2-1_4998,P_1-1-pt_8356,236.69999999999084
P_1-2_5834,P_1-1-pt_7123,6.499999999999993
P_1-2_5834,P_1-1-pt_150,6.699999999999992
P_1-2_5834,P_2-1_3119,9.99999999999998
P_1-1-pt_1034,P_1-1-pt_6373,9.499999999999982
P_1-1-pt_1034,P_1-1-pt_3275,9.199999999999983
P_1-1-pt_1034,P_1-1-pt_1560,9.399999999999983
P_1-1-pt_1034,P_1-1-pt_1966,9.599999999999982
P_1-1-pt_1034,P_1-1-pt_1240,9.599999999999982
P_1-1-pt_1034,P_1-1-pt_4595,9.399999999999983
P_1-1-pt_1034,P_1-1-pt_2927,18.39999999999999
P_1-1-pt_1034,P_1-1-pt_5906,9.399999999999983
P_1-1-pt_1034,P_1-1-pt_3762,10.699999999999978
P_1-1-pt_1034,P_1-1-pt_1226,10.899999999999977
P_1-1-pt_1034,P_1-1-pt_2247,10.699999999999978
P_1-1-pt_1034,P_1-1-pt_2992,18.9
P_1-2_3894,P_2-1_1842,8.599999999999985
P_1-2_3894,P_1-1-pt_3046,17.099999999999973
P_1-2_3894,P_1-1-pt_2529,66.20000000000051
P_1-2_3894,P_1-1-pt_3021,4.5
P_1-2_3894,P_1-1-pt_3779,11.399999999999975
P_1-1-pt_1449,P_1-1-pt_5170,10.09999999999998
P_1-1-pt_1449,P_1-1-pt_8404,10.699999999999978
P_1-1-pt_1449,P_1-1-pt_6016,12.399999999999972
P_1-1-pt_1449,P_1-1-pt_5199,12.099999999999973
P_1-1-pt_1449,P_1-1-pt_4806,11.299999999999976
P_1-1-pt_1449,P_1-1-pt_6809,9.89999999999998
P_1-1-pt_1449,P_1-1-pt_8866,10.499999999999979
P_1-1-pt_1449,P_1-3_2565,3.600000000000002
P_1-1-pt_1449,P_1-2_5408,3.600000000000002
P_1-1-pt_1449,P_1-2_3745,3.600000000000002
P_1-1-pt_1449,P_1-1-pt_6543,9.599999999999982
P_1-1-pt_1449,P_1-1-pt_3474,9.399999999999983
P_1-1-pt_1449,P_1-1-pt_8435,11.999999999999973
P_1-1-pt_1449,P_1-1-pt_3097,12.099999999999973
P_1-1-pt_1449,P_1-1-pt_1354,9.399999999999983
P_1-1-pt_1449,P_1-1-pt_761,14.299999999999965
P_1-1-pt_1449,P_1-2_3997,15.99999999999996
P_1-1-pt_1449,P_2-1_63,17.199999999999974
P_1-1-pt_1449,P_1-1-pt_7325,11.899999999999974
P_1-1-pt_1449,P_1-1-pt_6453,143.29999999999615
P_1-2_1601,P_1-1-pt_5298,8.199999999999987
P_1-2_1601,P_1-1-pt_2383,3.600000000000002
P_1-2_5806,P_1-1-pt_8083,7.799999999999988
P_1-2_5806,P_1-1-pt_2985,3.700000000000002
P_1-2_5806,P_1-1-pt_7732,3.600000000000002
P_1-2_1918,P_1-1-pt_5836,3.700000000000002
P_1-2_1918,P_1-1-pt_5229,3.700000000000002
P_1-2_1918,P_1-1-pt_1590,3.700000000000002
P_1-2_1918,P_1-1-pt_8123,7.899999999999988
P_1-2_1918,P_1-1-pt_308,7.899999999999988
P_1-3_4425,P_1-1-pt_4901,0.7
P_1-3_4425,P_1-1-pt_6334,8.499999999999986
P_1-3_4425,P_1-1-pt_5886,7.899999999999988
P_1-3_4425,P_1-3_4033,20.30000000000002
P_1-3_4425,P_1-1-pt_6409,3.600000000000002
P_1-3_4425,P_1-1-pt_8435,3.5000000000000018
P_1-3_4425,P_1-1-pt_6031,3.800000000000002
P_1-3_4425,P_1-1-pt_2542,15.59999999999996
P_1-3_4425,P_1-1-pt_5346,3.800000000000002
P_1-3_4425,P_1-1-pt_3046,3.800000000000002
P_1-3_4425,P_1-1-pt_3910,3.700000000000002
P_1-3_4425,P_1-1-pt_6346,3.700000000000002
P_1-3_4425,P_1-1-pt_1714,7.799999999999988
P_1-3_4425,P_1-2_2287,10.19999999999998
P_1-3_4425,P_1-3_2454,10.09999999999998
P_1-3_2484,P_1-2_1313,6.8999999999999915
P_1-3_2484,P_1-1-pt_1766,20.40000000000002
P_1-3_2484,P_1-1-pt_5193,8.699999999999985
P_1-3_2484,P_1-3_1292,3.0000000000000013
P_1-3_2484,P_1-2_3950,18.599999999999994
P_1-3_89,P_1-1-pt_842,4.999999999999998
P_1-3_89,P_1-1-pt_7890,5.099999999999998
P_1-3_89,P_1-1-pt_6642,16.29999999999996
P_1-1-pt_1044,P_1-2_5640,7.799999999999988
P_1-1-pt_1044,P_1-3_2410,7.699999999999989
P_1-1-pt_1044,P_1-3_3253,24.500000000000078
P_1-1-pt_1044,P_1-3_2018,7.799999999999988
P_1-1-pt_1044,P_1-3_2633,40.90000000000031
P_1-1-pt_1044,P_1-3_835,9.299999999999983
P_1-1-pt_1044,P_1-1-pt_6322,19.500000000000007
P_1-1-pt_1044,P_2-1_1646,41.30000000000032
P_1-1-pt_1044,P_1-2_3943,11.399999999999975
P_1-1-pt_1044,P_1-3_3410,21.20000000000003
P_1-1-pt_1044,P_2-1_5411,189.39999999999353
P_1-2_5935,P_1-3_4291,20.40000000000002
P_1-2_5935,P_1-2_2215,20.50000000000002
P_1-2_5935,P_1-3_4503,20.40000000000002
P_1-2_5935,P_1-2_3444,21.00000000000003
P_1-2_5935,P_1-3_5020,10.09999999999998
P_1-2_5935,P_1-2_3432,10.19999999999998
P_1-2_5935,P_1-3_3889,10.19999999999998
P_1-2_5935,P_1-2_2792,10.29999999999998
P_1-2_5935,P_1-2_2306,10.19999999999998
P_2-1_1242,P_2-1_6256,89.89999999999917
P_2-1_1242,P_1-3_4957,909.8000000001383
P_2-1_1242,P_1-2_1272,99.19999999999864
P_2-1_1242,P_1-2_3908,89.99999999999916
P_2-1_1242,P_2-1_2074,89.79999999999917
P_2-1_1242,P_1-2_3005,89.99999999999916
P_2-1_1242,P_2-1_5435,89.59999999999918
P_2-1_1242,P_2-1_4331,89.79999999999917
P_2-1_1242,P_1-2_4607,89.59999999999918
P_2-1_1242,P_2-1_5859,89.09999999999921
P_2-1_1242,P_1-1-pt_7917,71.10000000000024
P_2-1_1242,P_1-2_4886,89.09999999999921
P_2-1_1242,P_1-2_2229,89.89999999999917
P_2-1_1242,P_1-3_4751,89.99999999999916
P_2-1_1242,P_1-1-pt_7104,69.50000000000033
P_2-1_1242,P_2-1_1911,89.69999999999918
P_2-1_1242,P_2-1_3376,106.59999999999822
P_2-1_1242,P_1-2_2030,1018.0000000001629
P_2-1_1242,P_2-1_3947,900.6000000001362
P_2-1_1242,P_2-1_6248,89.69999999999918
P_2-1_1242,P_1-3_3176,79.49999999999976
P_2-1_1242,P_1-2_2976,79.89999999999974
P_2-1_1242,P_1-2_1639,79.59999999999975
P_2-1_1242,P_2-1_497,79.99999999999973
P_2-1_1242,P_2-1_1408,79.19999999999978
P_2-1_1242,P_1-2_1471,79.99999999999973
P_2-1_1242,P_2-1_4664,79.49999999999976
P_2-1_1242,P_1-2_6071,4009.9999999974484
P_1-2_5417,P_1-1-pt_2542,16.499999999999964
P_1-2_5417,P_1-1-pt_8123,7.799999999999988
P_1-2_5417,P_2-1_4127,9.99999999999998
P_1-1-pt_7897,P_1-2_4791,11.999999999999973
P_1-1-pt_4212,P_1-1-pt_6358,11.299999999999976
P_1-1-pt_4212,P_1-3_5451,3.700000000000002
P_1-1-pt_4212,P_1-3_1140,7.19999999999999
P_1-1-pt_4212,P_1-1-pt_4407,10.29999999999998
P_1-1-pt_4212,P_1-1-pt_8085,10.599999999999978
P_1-1-pt_4212,P_1-1-pt_877,10.799999999999978
P_1-1-pt_4212,P_1-1-pt_4554,10.599999999999978
P_1-1-pt_4212,P_1-1-pt_411,10.599999999999978
P_1-1-pt_4212,P_1-1-pt_6642,11.499999999999975
P_1-1-pt_4212,P_1-1-pt_8601,30.500000000000163
P_1-1-pt_4212,P_1-1-pt_2342,10.19999999999998
P_1-1-pt_4212,P_1-1-pt_7277,10.699999999999978
P_1-3_5238,P_1-1-pt_498,3.700000000000002
P_1-3_5238,P_1-1-pt_3797,3.700000000000002
P_1-3_5238,P_1-1-pt_1694,3.800000000000002
P_1-3_5238,P_1-1-pt_262,3.3000000000000016
P_1-3_5238,P_1-3_743,40.400000000000304
P_1-3_5238,P_1-3_2599,10.19999999999998
P_1-3_5238,P_1-2_5745,20.40000000000002
P_1-3_5238,P_1-2_4266,20.30000000000002
P_1-3_5238,P_1-1-pt_8735,15.59999999999996
P_1-1-pt_4070,P_1-1-pt_3489,11.199999999999976
P_1-1-pt_4070,P_1-1-pt_2880,10.599999999999978
P_1-1-pt_4070,P_1-1-pt_2771,10.599999999999978
P_1-1-pt_4070,P_1-1-pt_2708,18.799999999999997
P_1-1-pt_4070,P_1-1-pt_5835,18.799999999999997
P_1-1-pt_4070,P_1-1-pt_1963,19.1
P_1-1-pt_4070,P_1-1-pt_6974,10.499999999999979
P_1-1-pt_4070,P_1-1-pt_5167,11.599999999999975
P_1-1-pt_4070,P_1-1-pt_1747,11.799999999999974
P_1-1-pt_4070,P_1-1-pt_5267,11.199999999999976
P_1-1-pt_4070,P_1-1-pt_3207,11.699999999999974
P_1-1-pt_4070,P_1-1-pt_98,11.799999999999974
P_1-1-pt_4070,P_1-1-pt_3671,11.399999999999975
P_1-1-pt_4070,P_1-1-pt_4345,11.099999999999977
P_1-1-pt_4070,P_1-1-pt_1610,10.599999999999978
P_1-1-pt_4070,P_1-1-pt_2004,10.699999999999978
P_1-1-pt_4070,P_1-1-pt_1497,8.599999999999985
P_1-1-pt_4070,P_1-1-pt_7372,10.799999999999978
P_1-1-pt_4070,P_1-1-pt_2702,10.699999999999978
P_1-1-pt_4070,P_1-1-pt_6673,8.599999999999985
P_1-1-pt_4070,P_1-1-pt_7766,300.19999999999976
P_1-2_4005,P_1-1-pt_5684,3.700000000000002
P_1-2_4005,P_1-1-pt_150,3.700000000000002
P_1-3_2218,P_1-1-pt_2529,7.799999999999988
P_1-3_2218,P_1-1-pt_8553,13.399999999999968
P_1-3_2218,P_1-1-pt_3220,3.700000000000002
P_1-3_2218,P_1-1-pt_7634,15.499999999999961
P_1-3_2218,P_1-1-pt_4966,3.700000000000002
P_1-3_2218,P_1-1-pt_6409,175.09999999999434
P_1-3_2218,P_1-1-pt_7262,8.499999999999986
P_1-3_2218,P_1-1-pt_5886,7.799999999999988
P_1-3_2218,P_1-1-pt_4671,3.700000000000002
P_1-3_2218,P_1-1-pt_4919,3.700000000000002
P_1-3_2218,P_1-1-pt_2882,3.600000000000002
P_1-3_2218,P_1-1-pt_4397,3.700000000000002
P_1-3_3787,P_1-2_1334,41.200000000000315
P_1-3_3787,P_1-1-pt_5468,28.600000000000136
P_1-3_3787,P_1-2_2335,34.40000000000022
P_1-3_3787,P_1-3_3620,41.00000000000031
P_1-3_3787,P_1-2_676,30.90000000000017
P_1-3_3787,P_1-3_283,30.90000000000017
P_1-3_3787,P_1-2_1672,10.19999999999998
P_1-3_3787,P_1-2_2422,8.299999999999986
P_1-2_659,P_1-1-pt_1963,12.099999999999973
P_1-2_659,P_1-1-pt_5835,12.099999999999973
P_1-2_659,P_1-1-pt_2708,11.699999999999974
P_1-2_659,P_1-1-pt_65,16.19999999999996
P_1-2_659,P_1-1-pt_7208,3.900000000000002
P_1-2_659,P_1-1-pt_571,3.900000000000002
P_1-2_659,P_1-1-pt_3230,3.600000000000002
P_1-2_659,P_1-1-pt_4736,3.900000000000002
P_1-2_659,P_1-1-pt_2503,2.800000000000001
P_1-2_659,P_1-1-pt_824,3.900000000000002
P_1-2_659,P_1-1-pt_2297,3.700000000000002
P_1-2_659,P_1-1-pt_255,3.700000000000002
P_1-2_659,P_1-1-pt_2713,3.5000000000000018
P_1-1-pt_8601,P_1-1-pt_2342,20.40000000000002
P_1-1-pt_8601,P_1-1-pt_3002,9.399999999999983
P_1-1-pt_8601,P_1-1-pt_8368,8.699999999999985
P_1-1-pt_8601,P_1-1-pt_6642,122.59999999999731
P_1-1-pt_8601,P_1-2_1699,41.200000000000315
P_1-1-pt_8601,P_1-1-pt_411,8.799999999999985
P_1-1-pt_8601,P_1-1-pt_4823,8.399999999999986
P_1-1-pt_8601,P_1-1-pt_4212,30.500000000000163
P_1-2_4506,P_1-1-pt_4799,101.99999999999848
P_1-1-pt_5960,P_1-1-pt_3800,10.699999999999978
P_1-1-pt_5960,P_1-2_3214,3.700000000000002
P_1-1-pt_5960,P_1-2_4715,5.399999999999997
P_1-1-pt_5960,P_1-3_4492,12.79999999999997
P_1-1-pt_5960,P_1-2_3742,3.600000000000002
P_1-1-pt_5960,P_1-1-pt_7462,10.19999999999998
P_1-1-pt_5960,P_1-1-pt_2194,10.09999999999998
P_1-1-pt_7766,P_1-2_1356,17.099999999999973
P_1-1-pt_7766,P_1-1-pt_4070,300.19999999999976
P_1-1-pt_7381,P_1-1-pt_4736,8.699999999999985
P_1-1-pt_7381,P_1-1-pt_5267,8.199999999999987
P_1-1-pt_7381,P_1-1-pt_2004,10.29999999999998
P_1-1-pt_7381,P_1-1-pt_2702,10.399999999999979
P_1-1-pt_7381,P_1-1-pt_7372,9.99999999999998
P_1-1-pt_7381,P_1-1-pt_6673,10.29999999999998
P_1-1-pt_7381,P_1-1-pt_1006,20.800000000000026
P_1-1-pt_7381,P_1-2_3702,13.799999999999967
P_1-3_1693,P_1-2_5640,11.199999999999976
P_1-3_1693,P_1-3_2410,16.99999999999997
P_1-3_1693,P_1-3_2018,10.09999999999998
P_1-3_1693,P_1-3_2633,11.699999999999974
P_1-3_1693,P_1-2_5210,10.09999999999998
P_1-3_1693,P_1-3_331,10.19999999999998
P_1-3_1693,P_1-2_573,10.09999999999998
P_1-3_1693,P_1-3_4954,9.699999999999982
P_1-3_1693,P_1-3_835,20.200000000000017
P_2-1_4738,P_1-2_1953,8.399999999999986
P_1-2_3850,P_1-1-pt_4875,12.69999999999997
P_1-2_3850,P_1-2_3488,20.200000000000017
P_1-2_3850,P_1-2_2237,16.09999999999996
P_1-2_3850,P_1-1-pt_2129,15.199999999999962
P_1-2_3850,P_1-1-pt_1039,9.89999999999998
P_1-2_3850,P_1-1-pt_5275,7.799999999999988
P_1-2_3850,P_1-1-pt_1700,7.799999999999988
P_1-2_3850,P_1-2_4388,5.699999999999996
P_1-2_3850,P_1-1-pt_2782,7.39999999999999
P_1-2_3850,P_1-3_2261,9.99999999999998
P_1-2_3850,P_1-1-pt_413,7.799999999999988
P_1-2_3850,P_1-2_4061,7.999999999999988
P_1-2_3850,P_1-1-pt_2854,7.799999999999988
P_1-2_3850,P_1-1-pt_6602,7.799999999999988
P_1-2_3850,P_1-1-pt_6335,7.799999999999988
P_1-2_3850,P_1-3_186,9.99999999999998
P_1-2_3850,P_1-2_3247,8.099999999999987
P_1-2_3850,P_1-3_2683,10.09999999999998
P_1-2_3850,P_1-1-pt_5452,7.799999999999988
P_1-2_3850,P_2-1_6187,8.099999999999987
P_1-2_3850,P_1-1-pt_5152,7.699999999999989
P_1-2_3850,P_1-2_4836,8.099999999999987
P_1-2_3850,P_1-3_3135,26.70000000000011
P_2-1_3532,P_1-1-pt_4879,10.799999999999978
P_2-1_3532,P_1-1-pt_5170,10.499999999999979
P_1-1-pt_704,P_1-1-pt_3275,9.299999999999983
P_1-1-pt_704,P_1-1-pt_1560,8.999999999999984
P_1-1-pt_704,P_1-1-pt_1966,9.299999999999983
P_1-1-pt_704,P_1-1-pt_1240,9.299999999999983
P_1-1-pt_704,P_1-1-pt_4595,9.499999999999982
P_1-1-pt_704,P_1-1-pt_5906,10.499999999999979
P_1-1-pt_704,P_1-1-pt_1226,10.599999999999978
P_1-1-pt_704,P_1-1-pt_2992,10.899999999999977
P_1-1-pt_704,P_1-1-pt_3214,10.899999999999977
P_1-1-pt_704,P_1-1-pt_7412,10.999999999999977
P_1-1-pt_704,P_1-1-pt_5066,10.799999999999978
P_1-1-pt_704,P_1-1-pt_5346,10.799999999999978
P_1-1-pt_704,P_1-1-pt_3046,10.599999999999978
P_1-1-pt_704,P_1-1-pt_8586,10.999999999999977
P_1-1-pt_704,P_1-1-pt_1108,11.299999999999976
P_1-2_1334,P_1-2_2335,72.10000000000018
P_1-2_1334,P_1-3_283,71.90000000000019
P_1-2_1334,P_1-1-pt_5468,48.900000000000425
P_1-2_1334,P_1-3_3620,61.70000000000061
P_1-2_1334,P_1-2_676,61.80000000000061
P_1-2_1334,P_1-3_3787,41.200000000000315
P_2-1_3947,P_2-1_6256,79.79999999999974
P_2-1_3947,P_1-2_1272,99.7999999999986
P_2-1_3947,P_1-2_3908,99.9999999999986
P_2-1_3947,P_2-1_2074,94.39999999999891
P_2-1_3947,P_2-1_5435,89.59999999999918
P_2-1_3947,P_1-2_3005,89.99999999999916
P_2-1_3947,P_2-1_4331,89.59999999999918
P_2-1_3947,P_1-2_4607,89.79999999999917
P_2-1_3947,P_2-1_5859,89.09999999999921
P_2-1_3947,P_1-1-pt_7917,61.70000000000061
P_2-1_3947,P_1-2_4886,88.99999999999922
P_2-1_3947,P_1-2_2229,89.79999999999917
P_2-1_3947,P_1-3_4751,89.99999999999916
P_2-1_3947,P_1-1-pt_7104,64.8000000000006
P_2-1_3947,P_2-1_1911,89.99999999999916
P_2-1_3947,P_2-1_3376,907.1000000001377
P_2-1_3947,P_1-2_2030,902.7000000001367
P_2-1_3947,P_2-1_1242,900.6000000001362
P_2-1_3947,P_1-2_6071,103.59999999999839
P_2-1_3947,P_1-3_4957,112.79999999999787
P_2-1_3947,P_2-1_6248,89.89999999999917
P_2-1_3947,P_1-3_3176,79.59999999999975
P_2-1_3947,P_1-2_2976,79.89999999999974
P_2-1_3947,P_1-2_1639,79.79999999999974
P_2-1_3947,P_2-1_497,79.89999999999974
P_2-1_3947,P_2-1_1408,79.29999999999977
P_2-1_3947,P_1-2_1471,79.69999999999975
P_2-1_3947,P_2-1_4664,79.99999999999973
P_1-1-pt_7213,P_1-3_3494,3.700000000000002
P_1-1-pt_7213,P_1-1-pt_1826,10.19999999999998
P_1-1-pt_7213,P_1-1-pt_2834,10.799999999999978
P_1-1-pt_7213,P_1-1-pt_1226,10.499999999999979
P_1-1-pt_7213,P_1-3_1542,3.700000000000002
P_1-1-pt_7213,P_1-1-pt_3624,10.19999999999998
P_1-1-pt_7213,P_1-1-pt_2992,9.699999999999982
P_1-1-pt_7213,P_1-1-pt_5066,10.499999999999979
P_1-1-pt_7213,P_2-1_3764,10.29999999999998
P_1-1-pt_7213,P_1-1-pt_2713,21.300000000000033
P_1-1-pt_7213,P_2-1_2925,9.89999999999998
P_1-1-pt_7213,P_2-1_63,9.89999999999998
P_1-1-pt_7213,P_1-2_1612,9.89999999999998
P_1-1-pt_7213,P_1-1-pt_6453,10.19999999999998
P_1-1-pt_7213,P_1-1-pt_2187,12.099999999999973
P_1-1-pt_7213,P_1-3_3245,3.600000000000002
P_1-1-pt_7213,P_1-1-pt_6413,11.199999999999976
P_1-1-pt_7213,P_1-1-pt_2162,11.299999999999976
P_1-1-pt_7213,P_1-1-pt_3409,10.09999999999998
P_1-1-pt_7213,P_1-1-pt_7863,10.899999999999977
P_1-1-pt_7213,P_1-1-pt_8545,10.499999999999979
P_1-1-pt_7213,P_1-1-pt_5193,10.799999999999978
P_1-1-pt_7213,P_1-1-pt_7325,11.399999999999975
P_1-1-pt_8356,P_1-1-pt_5684,10.19999999999998
P_1-1-pt_8356,P_1-1-pt_3457,204.29999999999268
P_1-1-pt_8356,P_2-1_4998,236.69999999999084
P_2-1_5411,P_2-1_1646,659.1000000000813
P_2-1_5411,P_1-3_2018,15.299999999999962
P_2-1_5411,P_1-3_2633,60.50000000000059
P_2-1_5411,P_1-3_331,30.400000000000162
P_2-1_5411,P_1-2_5210,30.30000000000016
P_2-1_5411,P_1-2_573,31.200000000000173
P_2-1_5411,P_1-2_3693,36.200000000000244
P_2-1_5411,P_1-3_4954,30.400000000000162
P_2-1_5411,P_1-3_4875,39.9000000000003
P_2-1_5411,P_1-2_4634,38.400000000000276
P_2-1_5411,P_1-3_1815,34.50000000000022
P_2-1_5411,P_1-3_835,20.30000000000002
P_2-1_5411,P_1-3_4775,30.500000000000163
P_2-1_5411,P_1-3_3253,30.30000000000016
P_2-1_5411,P_1-2_3943,77.39999999999988
P_2-1_5411,P_1-3_3410,258.89999999999037
P_2-1_5411,P_1-1-pt_1044,189.39999999999353
P_1-3_5217,P_1-1-pt_4019,4.899999999999999
P_1-1-pt_804,P_1-1-pt_2882,11.099999999999977
P_1-1-pt_804,P_1-1-pt_7412,10.499999999999979
P_1-1-pt_804,P_1-1-pt_8866,10.799999999999978
P_1-1-pt_804,P_1-1-pt_6543,11.299999999999976
P_1-1-pt_804,P_1-1-pt_2542,11.299999999999976
P_1-1-pt_804,P_1-1-pt_5346,10.799999999999978
P_1-1-pt_804,P_1-1-pt_3046,14.999999999999963
P_1-1-pt_804,P_1-1-pt_1473,10.699999999999978
P_1-1-pt_804,P_1-1-pt_234,10.29999999999998
P_1-1-pt_804,P_1-1-pt_7142,12.399999999999972
P_1-1-pt_804,P_1-1-pt_385,11.499999999999975
P_1-1-pt_804,P_1-1-pt_5337,13.09999999999997
P_1-1-pt_804,P_2-1_1965,0.4
P_1-1-pt_804,P_1-1-pt_8830,12.89999999999997
P_1-1-pt_804,P_1-1-pt_7835,11.199999999999976
P_1-1-pt_804,P_1-1-pt_3779,10.899999999999977
P_1-1-pt_804,P_1-1-pt_6007,14.899999999999963
P_1-1-pt_804,P_1-1-pt_5897,11.299999999999976
P_1-1-pt_804,P_1-1-pt_5142,10.999999999999977
P_1-1-pt_6771,P_1-1-pt_4736,8.799999999999985
P_1-1-pt_6771,P_1-1-pt_5267,8.599999999999985
P_1-1-pt_6771,P_1-1-pt_2004,10.09999999999998
P_1-1-pt_6771,P_1-1-pt_2702,10.19999999999998
P_1-1-pt_6771,P_1-1-pt_7372,10.29999999999998
P_1-1-pt_6771,P_1-1-pt_6673,10.19999999999998
P_1-1-pt_6771,P_1-1-pt_2037,169.39999999999466
P_1-3_274,P_1-3_2010,10.29999999999998
P_2-1_6266,P_2-1_5001,97.79999999999872
P_2-1_6266,P_2-1_4487,91.1999999999991
P_2-1_6266,P_2-1_2486,101.49999999999851
P_2-1_6266,P_2-1_3601,20.40000000000002
P_1-1-pt_4407,P_1-2_3356,19.60000000000001
P_1-1-pt_4407,P_1-3_5451,14.399999999999965
P_1-1-pt_4407,P_1-1-pt_4212,10.29999999999998
P_1-1-pt_4407,P_1-1-pt_5982,10.699999999999978
P_1-1-pt_4407,P_1-1-pt_877,20.50000000000002
P_1-1-pt_4407,P_1-1-pt_4554,20.700000000000024
P_1-1-pt_4407,P_1-1-pt_8085,1667.499999999579
P_1-1-pt_4407,P_1-1-pt_841,1838.5999999994233
P_1-1-pt_4788,P_1-1-pt_7573,12.599999999999971
P_1-1-pt_4788,P_1-1-pt_4988,88.39999999999925
P_1-1-pt_4788,P_1-1-pt_7634,73.5000000000001
P_1-1-pt_4788,P_1-3_5304,3.700000000000002
P_1-1-pt_4788,P_1-1-pt_7304,10.799999999999978
P_1-1-pt_4788,P_1-1-pt_1866,19.80000000000001
P_1-1-pt_4788,P_1-1-pt_8586,10.799999999999978
P_1-1-pt_4788,P_1-1-pt_7123,10.19999999999998
P_1-1-pt_4788,P_1-3_795,8.499999999999986
P_1-1-pt_4788,P_1-1-pt_3220,11.099999999999977
P_1-1-pt_4788,P_1-1-pt_2334,10.899999999999977
P_1-1-pt_4788,P_1-1-pt_280,23.700000000000067
P_1-1-pt_4788,P_1-1-pt_3425,19.200000000000003
P_1-1-pt_4788,P_1-3_3549,5.599999999999996
P_1-1-pt_4788,P_1-1-pt_4966,11.499999999999975
P_1-1-pt_4788,P_1-1-pt_7421,26.400000000000105
P_1-1-pt_4788,P_1-1-pt_5836,20.30000000000002
P_1-1-pt_4788,P_1-1-pt_787,11.099999999999977
P_1-1-pt_6671,P_1-1-pt_787,10.29999999999998
P_1-1-pt_6671,P_1-1-pt_7208,19.300000000000004
P_1-1-pt_6671,P_1-1-pt_4736,29.300000000000146
P_2-1_3778,P_2-1_3175,9.99999999999998
P_2-1_3778,P_2-1_3797,10.09999999999998
P_2-1_3778,P_2-1_3119,10.09999999999998
P_1-1-pt_4799,P_1-3_4743,181.69999999999396
P_1-1-pt_4799,P_1-2_4506,101.99999999999848
P_1-1-pt_4799,P_1-1-pt_4262,10.09999999999998
P_1-3_2733,P_1-1-veh_337,50.00000000000044
P_1-1-pt_7372,P_1-1-pt_562,10.09999999999998
P_1-1-pt_7372,P_1-1-pt_4589,10.19999999999998
P_1-1-pt_7372,P_1-1-pt_7381,9.99999999999998
P_1-1-pt_7372,P_1-1-pt_6771,10.29999999999998
P_1-1-pt_7372,P_1-3_2324,3.700000000000002
P_1-1-pt_7372,P_1-3_4479,3.900000000000002
P_1-1-pt_7372,P_1-1-pt_6422,9.99999999999998
P_1-1-pt_7372,P_1-1-pt_2702,10.999999999999977
P_1-1-pt_7372,P_1-1-pt_2920,10.29999999999998
P_1-1-pt_7372,P_1-1-pt_4070,10.799999999999978
P_1-1-pt_7372,P_1-1-pt_4363,10.19999999999998
P_1-1-pt_7372,P_1-1-pt_5267,10.799999999999978
P_1-1-pt_7372,P_1-1-pt_2004,11.099999999999977
P_1-1-pt_7372,P_1-1-pt_8731,10.599999999999978
P_1-1-pt_7372,P_1-1-pt_5167,11.599999999999975
P_1-1-pt_7372,P_1-1-pt_7243,22.50000000000005
P_1-1-pt_7372,P_1-1-pt_1747,11.699999999999974
P_1-1-pt_7372,P_1-1-pt_7881,22.50000000000005
P_1-1-pt_7372,P_1-1-pt_1497,10.399999999999979
P_1-1-pt_7372,P_1-1-pt_3671,11.899999999999974
P_1-1-pt_7372,P_1-1-pt_521,22.800000000000054
P_1-1-pt_7372,P_1-1-pt_98,12.099999999999973
P_1-1-pt_7372,P_1-1-pt_7447,165.1999999999949
P_1-1-pt_7372,P_1-1-pt_7915,10.999999999999977
P_1-1-pt_7372,P_1-1-pt_1610,10.399999999999979
P_1-1-pt_7372,P_1-1-pt_6974,11.199999999999976
P_1-1-pt_7372,P_1-1-pt_8316,9.89999999999998
P_1-1-pt_7372,P_1-1-pt_7573,12.099999999999973
P_1-1-pt_7372,P_1-1-veh_767,2.500000000000001
P_1-1-pt_7372,P_1-1-pt_3207,10.999999999999977
P_1-1-pt_7372,P_1-1-pt_4345,10.799999999999978
P_1-1-pt_7372,P_1-1-pt_8280,10.499999999999979
P_1-1-pt_7372,P_1-1-pt_8016,10.999999999999977
P_1-1-pt_7372,P_1-1-pt_2880,9.99999999999998
P_1-1-pt_7372,P_1-1-pt_1853,10.399999999999979
P_1-1-pt_7372,P_1-1-pt_3025,10.499999999999979
P_1-1-pt_7372,P_1-1-pt_6743,9.799999999999981
P_1-1-pt_7372,P_1-1-pt_23,11.099999999999977
P_1-1-pt_7372,P_1-1-pt_571,10.699999999999978
P_1-1-pt_7372,P_1-1-pt_3230,10.599999999999978
P_1-1-pt_2771,P_1-1-pt_4070,10.599999999999978
P_1-1-pt_2771,P_1-1-pt_2880,11.199999999999976
P_1-1-pt_2771,P_1-1-pt_824,11.299999999999976
P_1-1-pt_2771,P_1-1-pt_2708,159.19999999999524
P_1-1-pt_2771,P_1-1-pt_5835,154.39999999999552
P_1-1-pt_2771,P_1-1-pt_1963,154.39999999999552
P_1-1-pt_2771,P_1-1-pt_3858,10.499999999999979
P_1-1-pt_2771,P_1-1-pt_4879,22.300000000000047
P_1-1-pt_2771,P_2-1_461,11.699999999999974
P_1-1-pt_2771,P_1-1-pt_65,10.699999999999978
P_1-1-pt_2771,P_1-1-pt_2947,10.999999999999977
P_1-1-pt_2771,P_1-1-pt_5170,11.199999999999976
P_1-1-pt_2771,P_1-1-pt_7447,20.700000000000024
P_1-1-pt_2771,P_1-1-pt_7915,18.39999999999999
P_1-1-pt_2771,P_2-1_4871,12.099999999999973
P_1-1-pt_2771,P_1-1-pt_7208,11.099999999999977
P_1-1-pt_2771,P_1-1-pt_5999,42.80000000000034
P_1-1-pt_2771,P_1-1-pt_6974,7.29999999999999
P_2-1_6248,P_1-2_1272,101.5999999999985
P_2-1_6248,P_1-2_3908,89.99999999999916
P_2-1_6248,P_1-3_3176,111.39999999999795
P_2-1_6248,P_2-1_2074,89.59999999999918
P_2-1_6248,P_2-1_5435,89.49999999999919
P_2-1_6248,P_1-2_3005,89.3999999999992
P_2-1_6248,P_2-1_4331,89.89999999999917
P_2-1_6248,P_1-2_4607,89.49999999999919
P_2-1_6248,P_2-1_5859,88.59999999999924
P_2-1_6248,P_1-1-pt_7917,68.90000000000036
P_2-1_6248,P_1-2_4886,89.09999999999921
P_2-1_6248,P_1-2_2229,89.49999999999919
P_2-1_6248,P_1-3_4751,89.89999999999917
P_2-1_6248,P_1-1-pt_7104,69.60000000000032
P_2-1_6248,P_2-1_1911,89.89999999999917
P_2-1_6248,P_2-1_3376,89.49999999999919
P_2-1_6248,P_1-2_2030,89.49999999999919
P_2-1_6248,P_2-1_1242,89.69999999999918
P_2-1_6248,P_1-2_6071,89.99999999999916
P_2-1_6248,P_1-3_4957,89.59999999999918
P_2-1_6248,P_2-1_3947,89.89999999999917
P_2-1_6248,P_1-2_2976,79.99999999999973
P_2-1_6248,P_1-2_1639,79.99999999999973
P_2-1_6248,P_2-1_497,79.89999999999974
P_2-1_6248,P_2-1_1408,79.59999999999975
P_2-1_6248,P_1-2_1471,79.69999999999975
P_2-1_6248,P_2-1_4664,79.69999999999975
P_2-1_6248,P_2-1_6256,953.4000000001482
P_1-3_2757,P_2-1_2299,10.09999999999998
P_2-1_2291,P_1-2_168,8.199999999999987
P_2-1_2291,P_1-2_3708,8.299999999999986
P_1-2_939,P_1-1-pt_5392,30.100000000000158
P_1-2_939,P_1-3_2278,8.299999999999986
P_1-2_939,P_1-3_3488,8.199999999999987
P_1-2_2470,P_1-2_2580,77.89999999999985
P_1-2_2470,P_1-2_2767,72.50000000000016
P_1-2_2470,P_2-1_857,65.30000000000057
P_1-2_2470,P_1-1-veh_837,61.80000000000061
P_1-2_2470,P_1-3_4738,61.4000000000006
P_1-2_2470,P_1-2_4646,111.79999999999792
P_1-2_2470,P_2-1_2626,51.50000000000046
P_1-2_2470,P_2-1_4458,61.90000000000061
P_1-2_2470,P_1-2_5752,72.00000000000018
P_1-2_2470,P_1-2_3210,72.10000000000018
P_1-2_2470,P_1-2_3464,61.70000000000061
P_1-2_2470,P_1-2_2080,61.70000000000061
P_1-2_2470,P_1-2_3821,61.70000000000061
P_1-2_2470,P_1-2_2797,62.00000000000061
P_1-2_2470,P_2-1_2028,72.40000000000016
P_1-2_2470,P_1-3_1755,1059.2000000001321
P_1-2_2470,P_2-1_6106,1224.4999999999818
P_1-2_2470,P_1-3_1002,64.40000000000062
P_1-2_2470,P_1-3_2501,51.20000000000046
P_1-2_2470,P_1-3_3231,181.39999999999398
P_1-2_2470,P_2-1_3205,41.00000000000031
P_1-2_2470,P_1-2_2625,40.500000000000306
P_1-2_2470,P_2-1_1443,142.69999999999618
P_1-1-pt_2334,P_1-1-pt_7634,33.0000000000002
P_1-1-pt_2334,P_1-1-pt_1995,12.99999999999997
P_1-1-pt_2334,P_1-1-pt_2013,10.699999999999978
P_1-1-pt_2334,P_1-1-pt_4988,10.999999999999977
P_1-1-pt_2334,P_1-3_4015,3.700000000000002
P_1-1-pt_2334,P_1-3_4328,8.799999999999985
P_1-1-pt_2334,P_1-1-pt_4788,10.899999999999977
P_1-1-pt_2334,P_1-1-pt_2297,11.199999999999976
P_1-1-pt_2334,P_1-1-pt_787,17.199999999999974
P_1-1-pt_2334,P_2-1_5975,33.90000000000021
P_1-2_1585,P_1-3_743,10.09999999999998
P_1-2_3247,P_1-1-pt_4875,15.59999999999996
P_1-2_3247,P_1-2_3488,15.99999999999996
P_1-2_3247,P_1-2_2237,20.100000000000016
P_1-2_3247,P_1-3_2261,7.999999999999988
P_1-2_3247,P_1-2_4061,10.09999999999998
P_1-2_3247,P_1-3_186,7.999999999999988
P_1-2_3247,P_1-2_3850,8.099999999999987
P_1-2_3247,P_1-3_2683,7.999999999999988
P_1-2_3247,P_2-1_6187,10.09999999999998
P_1-2_3247,P_2-1_1311,0.9999999999999999
P_1-2_3247,P_1-2_4836,9.99999999999998
P_1-2_3247,P_2-1_5470,11.499999999999975
P_1-2_293,P_2-1_6274,232.1999999999911
P_1-2_293,P_1-3_2278,20.100000000000016
P_1-2_293,P_1-3_3488,20.100000000000016
P_1-1-pt_624,P_1-3_795,13.699999999999967
P_1-1-pt_624,P_1-1-pt_4901,11.199999999999976
P_1-1-pt_624,P_1-1-pt_7262,8.799999999999985
P_1-1-pt_624,P_1-1-pt_3474,11.199999999999976
P_1-1-pt_624,P_1-1-pt_5876,33.1000000000002
P_1-1-pt_624,P_1-1-pt_357,10.899999999999977
P_1-1-pt_624,P_1-1-pt_3700,10.599999999999978
P_1-1-pt_624,P_2-1_2384,16.99999999999997
P_1-1-pt_624,P_1-1-pt_1940,10.599999999999978
P_1-1-pt_624,P_1-1-veh_33,3.700000000000002
P_1-1-pt_624,P_1-1-pt_6031,19.1
P_1-3_3176,P_2-1_6248,111.39999999999795
P_1-3_3176,P_2-1_6256,1165.8000000000352
P_1-3_3176,P_1-2_3908,894.8000000001349
P_1-3_3176,P_2-1_2074,982.1000000001548
P_1-3_3176,P_2-1_5435,362.3000000000139
P_1-3_3176,P_1-2_3005,89.59999999999918
P_1-3_3176,P_2-1_4331,89.49999999999919
P_1-3_3176,P_1-2_4607,89.3999999999992
P_1-3_3176,P_2-1_5859,88.69999999999924
P_1-3_3176,P_1-1-pt_7917,61.3000000000006
P_1-3_3176,P_1-2_4886,88.79999999999923
P_1-3_3176,P_1-2_2229,89.3999999999992
P_1-3_3176,P_1-3_4751,89.49999999999919
P_1-3_3176,P_1-1-pt_7104,61.500000000000604
P_1-3_3176,P_2-1_1911,89.2999999999992
P_1-3_3176,P_2-1_3376,79.49999999999976
P_1-3_3176,P_1-2_2030,79.59999999999975
P_1-3_3176,P_2-1_1242,79.49999999999976
P_1-3_3176,P_1-2_6071,79.29999999999977
P_1-3_3176,P_1-3_4957,89.69999999999918
P_1-3_3176,P_2-1_3947,79.59999999999975
P_1-3_3176,P_1-2_2976,103.89999999999837
P_1-3_3176,P_1-2_1639,367.80000000001513
P_1-3_3176,P_2-1_497,79.39999999999976
P_1-3_3176,P_2-1_1408,79.49999999999976
P_1-3_3176,P_1-2_1471,79.29999999999977
P_1-3_3176,P_2-1_4664,79.69999999999975
P_1-3_3176,P_1-2_1272,953.2000000001482
P_1-1-pt_3469,P_1-1-pt_4940,937.0000000001445
P_1-1-pt_3469,P_1-1-pt_4353,634.2000000000756
P_1-1-pt_3469,P_1-1-pt_2378,1370.6999999998488
P_1-1-pt_5468,P_1-2_2335,472.60000000003896
P_1-1-pt_5468,P_1-3_283,55.40000000000052
P_1-1-pt_5468,P_1-2_1334,48.900000000000425
P_1-1-pt_5468,P_1-3_3620,45.80000000000038
P_1-1-pt_5468,P_1-2_676,47.400000000000404
P_1-1-pt_5468,P_1-3_3787,28.600000000000136
P_1-2_1850,P_1-1-pt_5115,6.199999999999994
P_1-2_1850,P_1-1-pt_2985,3.700000000000002
P_2-1_3797,P_2-1_595,217.09999999999195
P_2-1_3797,P_2-1_3175,46.700000000000394
P_2-1_3797,P_2-1_4012,50.50000000000045
P_2-1_3797,P_2-1_3778,10.09999999999998
P_2-1_3797,P_2-1_3119,10.09999999999998
P_2-1_3797,P_1-2_168,10.29999999999998
P_2-1_3797,P_1-2_3708,10.09999999999998
P_1-1-pt_1241,P_1-1-pt_5068,8.499999999999986
P_1-1-pt_1241,P_1-2_4540,10.19999999999998
P_1-1-pt_1241,P_1-1-pt_3002,9.399999999999983
P_1-1-pt_8586,P_1-1-pt_4788,10.799999999999978
P_1-1-pt_8586,P_1-1-pt_787,11.199999999999976
P_1-1-pt_8586,P_1-1-pt_6688,20.50000000000002
P_1-1-pt_8586,P_1-1-pt_8027,10.899999999999977
P_1-1-pt_8586,P_1-1-pt_255,11.099999999999977
P_1-1-pt_8586,P_1-1-pt_2713,10.599999999999978
P_1-1-pt_8586,P_1-1-pt_494,10.399999999999979
P_1-1-pt_8586,P_1-1-pt_2162,10.499999999999979
P_1-1-pt_8586,P_1-1-pt_3409,8.899999999999984
P_1-1-pt_8586,P_1-1-pt_1354,21.10000000000003
P_1-1-pt_8586,P_1-1-pt_1270,10.799999999999978
P_1-1-pt_8586,P_1-1-pt_4919,10.499999999999979
P_1-1-pt_8586,P_1-1-pt_4397,10.699999999999978
P_1-1-pt_8586,P_1-1-pt_7863,10.599999999999978
P_1-1-pt_8586,P_1-1-pt_5193,13.599999999999968
P_1-1-pt_8586,P_1-1-pt_8545,16.399999999999963
P_1-1-pt_8586,P_1-1-pt_7325,10.999999999999977
P_1-1-pt_8586,P_1-1-pt_8137,10.699999999999978
P_1-1-pt_8586,P_1-1-pt_6672,10.799999999999978
P_1-1-pt_8586,P_1-1-pt_5499,10.799999999999978
P_1-1-pt_8586,P_1-1-pt_704,10.999999999999977
P_1-1-pt_8586,P_1-1-pt_1542,10.699999999999978
P_1-1-pt_8586,P_1-1-pt_5941,10.799999999999978
P_1-1-pt_8586,P_1-1-pt_6389,10.799999999999978
P_1-1-pt_8586,P_1-1-pt_812,10.599999999999978
P_1-1-pt_3797,P_1-3_5238,3.700000000000002
P_1-1-pt_3797,P_1-3_2212,3.800000000000002
P_1-1-pt_3797,P_1-3_2257,3.600000000000002
P_1-1-pt_3797,P_1-2_808,3.700000000000002
P_1-1-pt_3797,P_1-2_1492,3.800000000000002
P_1-1-pt_3797,P_1-1-pt_2032,9.99999999999998
P_1-1-pt_3797,P_1-2_609,3.600000000000002
P_1-1-pt_3797,P_1-2_1230,3.700000000000002
P_1-1-pt_3797,P_1-3_4983,3.600000000000002
P_1-1-pt_3797,P_1-2_4371,3.700000000000002
P_1-1-pt_3797,P_1-2_5437,3.600000000000002
P_1-1-pt_3797,P_1-1-pt_192,10.699999999999978
P_1-1-pt_3797,P_1-2_4270,3.600000000000002
P_1-3_2604,P_1-1-pt_2529,7.999999999999988
P_1-3_2604,P_1-2_4791,10.19999999999998
P_1-3_2604,P_1-2_1533,10.19999999999998
P_1-3_2604,P_1-3_5578,10.29999999999998
P_1-3_2604,P_1-2_78,0.6
P_1-1-pt_4945,P_1-1-pt_5115,10.599999999999978
P_1-1-pt_4945,P_1-1-pt_3571,202.2999999999928
P_1-1-pt_4945,P_1-1-pt_8285,10.699999999999978
P_1-1-pt_6624,P_1-1-pt_3275,9.599999999999982
P_1-1-pt_6624,P_1-1-pt_1560,9.399999999999983
P_1-1-pt_6624,P_1-1-veh_602,3.800000000000002
P_1-1-pt_6624,P_1-3_71,12.199999999999973
P_1-1-pt_6624,P_1-1-pt_4262,11.599999999999975
P_1-1-pt_941,P_1-3_213,10.19999999999998
P_1-1-pt_941,P_1-1-pt_4785,7.899999999999988
P_1-1-pt_941,P_1-1-pt_1232,7.899999999999988
P_1-1-pt_941,P_2-1_782,8.799999999999985
P_1-1-pt_941,P_1-1-pt_3229,7.999999999999988
P_1-1-pt_941,P_2-1_3664,10.19999999999998
P_1-1-pt_941,P_2-1_3058,10.19999999999998
P_1-1-pt_941,P_1-1-pt_3372,7.999999999999988
P_1-1-pt_941,P_1-2_3919,6.299999999999994
P_1-1-pt_941,P_1-2_1070,10.29999999999998
P_1-2_1916,P_1-1-pt_8123,7.799999999999988
P_1-2_2377,P_1-1-pt_5975,33.400000000000205
P_1-2_2377,P_1-1-pt_7697,12.499999999999972
P_1-2_2377,P_1-1-veh_170,8.399999999999986
P_1-2_2377,P_1-1-pt_5209,11.799999999999974
P_1-2_2377,P_1-1-pt_2164,12.099999999999973
P_1-2_2377,P_1-1-pt_166,11.499999999999975
P_1-2_2377,P_1-2_1948,20.200000000000017
P_1-1-pt_5635,P_1-1-pt_1601,10.09999999999998
P_1-1-pt_8731,P_1-1-pt_8410,10.999999999999977
P_1-1-pt_8731,P_1-1-pt_7691,10.899999999999977
P_1-1-pt_8731,P_1-1-pt_8280,10.699999999999978
P_1-1-pt_8731,P_1-1-pt_7243,10.09999999999998
P_1-1-pt_8731,P_1-1-pt_521,10.29999999999998
P_1-1-pt_8731,P_1-1-pt_23,10.29999999999998
P_1-1-pt_8731,P_1-1-pt_5666,8.399999999999986
P_1-1-pt_8731,P_1-1-pt_1853,11.299999999999976
P_1-1-pt_8731,P_1-1-veh_610,14.999999999999963
P_1-1-pt_8731,P_1-1-pt_3207,10.499999999999979
P_1-1-pt_8731,P_1-1-pt_2880,9.499999999999982
P_1-1-pt_8731,P_1-1-pt_4345,12.099999999999973
P_1-1-pt_8731,P_1-1-pt_6743,12.499999999999972
P_1-1-pt_8731,P_1-1-pt_3671,9.99999999999998
P_1-1-pt_8731,P_1-1-pt_8016,11.599999999999975
P_1-1-pt_8731,P_1-1-pt_3858,11.299999999999976
P_1-1-pt_8731,P_1-1-pt_1610,11.299999999999976
P_1-1-pt_8731,P_1-1-pt_98,11.299999999999976
P_1-1-pt_8731,P_1-1-pt_1497,9.89999999999998
P_1-1-pt_8731,P_1-1-pt_5167,10.899999999999977
P_1-1-pt_8731,P_1-1-pt_1747,10.799999999999978
P_1-1-pt_8731,P_1-1-pt_7372,10.599999999999978
P_1-1-pt_8731,P_1-1-pt_5267,10.799999999999978
P_1-1-pt_8731,P_1-1-pt_6673,8.499999999999986
P_1-1-pt_8731,P_1-1-pt_2702,10.399999999999979
P_1-1-pt_8731,P_1-1-pt_562,8.699999999999985
P_1-1-pt_8731,P_1-1-pt_4363,19.0
P_1-1-pt_23,P_1-3_4328,6.499999999999993
P_1-1-pt_23,P_1-1-pt_3858,21.20000000000003
P_1-1-pt_23,P_1-1-pt_1853,31.900000000000183
P_1-1-pt_23,P_1-1-pt_571,21.500000000000036
P_1-1-pt_23,P_1-1-pt_3230,21.70000000000004
P_1-1-pt_23,P_1-1-pt_8016,32.9000000000002
P_1-1-pt_23,P_1-1-pt_8731,10.29999999999998
P_1-1-pt_23,P_1-1-veh_610,3.600000000000002
P_1-1-pt_23,P_1-1-pt_8280,32.000000000000185
P_1-1-pt_23,P_1-1-pt_3638,10.599999999999978
P_1-1-pt_23,P_1-1-pt_5173,10.19999999999998
P_1-1-pt_23,P_1-1-pt_7243,10.899999999999977
P_1-1-pt_23,P_1-1-pt_7447,9.99999999999998
P_1-1-pt_23,P_1-1-pt_5666,9.99999999999998
P_1-1-pt_23,P_1-1-pt_3207,11.399999999999975
P_1-1-pt_23,P_1-1-pt_2880,20.900000000000027
P_1-1-pt_23,P_1-1-pt_4345,22.200000000000045
P_1-1-pt_23,P_1-1-pt_6743,19.900000000000013
P_1-1-pt_23,P_1-1-pt_65,10.999999999999977
P_1-1-pt_23,P_1-1-pt_521,1630.1999999996128
P_1-1-pt_23,P_1-1-pt_3025,10.29999999999998
P_1-1-pt_23,P_1-1-pt_7372,11.099999999999977
P_1-1-pt_7262,P_1-1-pt_624,8.799999999999985
P_1-1-pt_7262,P_1-1-veh_234,7.899999999999988
P_1-1-pt_7262,P_1-1-pt_6334,20.30000000000002
P_1-1-pt_7262,P_1-1-pt_8682,10.09999999999998
P_1-1-pt_7262,P_1-1-pt_3779,10.399999999999979
P_1-1-pt_7262,P_1-1-pt_5078,8.799999999999985
P_1-1-pt_7262,P_1-1-pt_6409,14.099999999999966
P_1-1-pt_7262,P_1-1-pt_7459,80.39999999999971
P_1-1-pt_7262,P_1-1-pt_1940,20.900000000000027
P_1-1-pt_7262,P_1-3_1047,7.999999999999988
P_1-1-pt_7262,P_1-3_4060,7.899999999999988
P_1-1-pt_7262,P_1-1-pt_5886,10.29999999999998
P_1-1-pt_7262,P_1-3_2397,7.799999999999988
P_1-1-pt_7262,P_1-1-pt_8798,10.09999999999998
P_1-1-pt_7262,P_1-3_795,7.799999999999988
P_1-1-pt_7262,P_1-3_2218,8.499999999999986
P_1-1-pt_7262,P_1-2_1255,10.09999999999998
P_1-1-pt_7262,P_1-1-pt_1020,1.7000000000000004
P_1-1-pt_7262,P_1-2_3389,8.899999999999984
P_1-1-pt_5941,P_1-1-pt_1121,10.599999999999978
P_1-1-pt_5941,P_1-1-pt_2606,10.699999999999978
P_1-1-pt_5941,P_1-1-pt_1238,10.599999999999978
P_1-1-pt_5941,P_1-1-pt_3916,10.799999999999978
P_1-1-pt_5941,P_1-1-pt_3214,10.999999999999977
P_1-1-pt_5941,P_1-1-pt_7412,11.199999999999976
P_1-1-pt_5941,P_1-1-pt_5066,10.899999999999977
P_1-1-pt_5941,P_1-1-pt_5346,10.699999999999978
P_1-1-pt_5941,P_1-1-pt_3046,10.699999999999978
P_1-1-pt_5941,P_1-1-pt_8586,10.799999999999978
P_1-1-pt_5941,P_1-1-pt_8137,4.4
P_1-1-pt_5941,P_1-1-pt_1108,11.299999999999976
P_1-1-pt_5941,P_1-1-pt_1542,488.5000000000426
P_2-1_4789,P_1-2_4339,158.2999999999953
P_2-1_4789,P_1-1-pt_3629,110.499999999998
P_2-1_4789,P_1-1-pt_4572,110.99999999999797
P_2-1_4789,P_1-3_5079,30.90000000000017
P_2-1_4789,P_2-1_4755,30.700000000000166
P_2-1_4789,P_1-3_1503,144.1999999999961
P_2-1_4789,P_1-2_3749,634.9000000000758
P_2-1_4789,P_1-1-pt_1714,15.89999999999996
P_2-1_4789,P_1-2_2780,113.09999999999785
P_2-1_4789,P_1-2_4771,20.900000000000027
P_2-1_4789,P_1-2_2287,520.9000000000499
P_2-1_4789,P_1-3_1785,26.80000000000011
P_2-1_4789,P_1-1-pt_8911,15.99999999999996
P_2-1_4789,P_1-2_3081,20.900000000000027
P_1-3_3549,P_1-1-pt_2529,7.799999999999988
P_1-3_3549,P_1-1-pt_3474,8.399999999999986
P_1-3_3549,P_1-1-pt_4966,3.800000000000002
P_1-3_3549,P_1-1-pt_4788,5.599999999999996
P_1-3_3549,P_1-1-pt_5886,9.89999999999998
P_1-3_3549,P_1-1-pt_6334,8.299999999999986
P_1-3_4125,P_1-1-pt_5115,3.700000000000002
P_2-1_2438,P_1-3_2745,20.30000000000002
P_2-1_2438,P_2-1_410,10.09999999999998
P_2-1_2438,P_1-2_960,10.09999999999998
P_2-1_2438,P_1-2_1265,10.09999999999998
P_2-1_2438,P_1-2_3952,10.29999999999998
P_2-1_2438,P_1-2_933,10.19999999999998
P_1-3_2324,P_1-3_4479,19.400000000000006
P_1-3_2324,P_1-1-pt_2004,3.600000000000002
P_1-3_2324,P_1-1-pt_2702,3.600000000000002
P_1-3_2324,P_1-1-pt_7372,3.700000000000002
P_1-3_2324,P_1-1-pt_6673,7.799999999999988
P_1-3_2324,P_1-1-pt_1006,15.79999999999996
P_1-3_2683,P_1-2_3488,20.200000000000017
P_1-3_2683,P_1-2_2237,16.09999999999996
P_1-3_2683,P_1-1-pt_2129,7.699999999999989
P_1-3_2683,P_1-1-pt_1039,7.799999999999988
P_1-3_2683,P_1-1-pt_5275,7.799999999999988
P_1-3_2683,P_1-1-pt_1700,7.799999999999988
P_1-3_2683,P_1-1-pt_2782,7.799999999999988
P_1-3_2683,P_1-3_2261,10.09999999999998
P_1-3_2683,P_1-1-pt_413,7.799999999999988
P_1-3_2683,P_1-2_4061,8.099999999999987
P_1-3_2683,P_1-1-pt_2854,7.699999999999989
P_1-3_2683,P_1-1-pt_6602,7.699999999999989
P_1-3_2683,P_1-1-pt_6335,7.699999999999989
P_1-3_2683,P_1-3_186,10.09999999999998
P_1-3_2683,P_1-2_3850,10.09999999999998
P_1-3_2683,P_1-2_3247,7.999999999999988
P_1-3_2683,P_1-1-pt_5452,7.699999999999989
P_1-3_2683,P_2-1_6187,7.999999999999988
P_1-3_2683,P_1-1-pt_5152,7.699999999999989
P_1-3_2683,P_1-2_4836,8.099999999999987
P_1-2_1502,P_1-1-pt_5143,3.700000000000002
P_1-2_1502,P_1-2_3693,10.19999999999998
P_1-2_1502,P_1-1-pt_1238,4.200000000000001
P_1-1-pt_280,P_2-1_2042,3.600000000000002
P_1-1-pt_280,P_1-1-pt_1561,9.99999999999998
P_1-1-pt_280,P_1-1-pt_787,9.799999999999981
P_1-1-pt_280,P_1-1-pt_3220,10.999999999999977
P_1-1-pt_280,P_1-1-pt_4988,11.599999999999975
P_1-1-pt_280,P_1-1-pt_4966,11.399999999999975
P_1-1-pt_280,P_1-1-pt_4788,23.700000000000067
P_1-1-pt_280,P_1-3_5252,10.19999999999998
P_1-1-pt_280,P_1-1-pt_7205,10.999999999999977
P_1-2_2976,P_1-2_1272,80.89999999999968
P_1-2_2976,P_1-2_3908,128.499999999997
P_1-2_2976,P_2-1_5435,86.09999999999938
P_1-2_2976,P_1-2_3005,97.89999999999871
P_1-2_2976,P_2-1_4331,79.69999999999975
P_1-2_2976,P_1-2_4607,89.69999999999918
P_1-2_2976,P_2-1_5859,89.09999999999921
P_1-2_2976,P_1-1-pt_7917,61.2000000000006
P_1-2_2976,P_1-2_4886,79.09999999999978
P_1-2_2976,P_1-2_2229,79.89999999999974
P_1-2_2976,P_1-3_4751,89.59999999999918
P_1-2_2976,P_1-1-pt_7104,61.4000000000006
P_1-2_2976,P_2-1_1911,81.29999999999966
P_1-2_2976,P_2-1_3376,79.89999999999974
P_1-2_2976,P_1-2_2030,79.59999999999975
P_1-2_2976,P_2-1_1242,79.89999999999974
P_1-2_2976,P_1-2_6071,79.69999999999975
P_1-2_2976,P_1-3_4957,79.89999999999974
P_1-2_2976,P_2-1_3947,79.89999999999974
P_1-2_2976,P_2-1_6248,79.99999999999973
P_1-2_2976,P_2-1_6256,97.59999999999873
P_1-2_2976,P_1-3_3176,103.89999999999837
P_1-2_2976,P_1-2_1639,972.8000000001526
P_1-2_2976,P_2-1_497,331.90000000000697
P_1-2_2976,P_2-1_1408,84.0999999999995
P_1-2_2976,P_1-2_1471,79.89999999999974
P_1-2_2976,P_2-1_4664,70.0000000000003
P_1-2_2976,P_2-1_2074,990.7000000001567
P_1-1-pt_2474,P_1-1-pt_3869,49.90000000000044
P_1-1-pt_2474,P_1-1-pt_2170,197.59999999999306
P_1-1-pt_2474,P_1-2_3742,3.700000000000002
P_1-1-pt_2474,P_1-1-veh_51,20.600000000000023
P_1-1-pt_2474,P_1-1-pt_1601,8.799999999999985
P_1-1-pt_2474,P_1-3_5477,12.79999999999997
P_1-1-pt_2474,P_1-1-pt_2844,1571.9999999996658
P_1-1-pt_2474,P_1-1-pt_7938,1786.099999999471
P_1-1-pt_2474,P_1-1-pt_3820,1781.8999999994749
P_1-3_835,P_1-2_4634,11.999999999999973
P_1-3_835,P_1-3_4775,191.09999999999343
P_1-3_835,P_1-3_2410,18.39999999999999
P_1-3_835,P_1-3_3253,18.599999999999994
P_1-3_835,P_1-3_4875,11.599999999999975
P_1-3_835,P_1-3_1815,10.09999999999998
P_1-3_835,P_2-1_5411,20.30000000000002
P_1-3_835,P_2-1_1646,30.500000000000163
P_1-3_835,P_1-2_3943,12.599999999999971
P_1-3_835,P_1-3_3410,10.09999999999998
P_1-3_835,P_1-1-pt_1044,9.299999999999983
P_1-3_835,P_1-3_1693,20.200000000000017
P_1-1-pt_620,P_1-1-pt_2262,278.7999999999949
P_1-1-pt_620,P_1-1-pt_2529,11.299999999999976
P_1-1-pt_620,P_1-1-pt_7835,9.299999999999983
P_1-1-pt_620,P_1-1-pt_3779,9.499999999999982
P_1-1-pt_620,P_1-1-pt_6007,9.799999999999981
P_1-1-pt_620,P_1-1-pt_5897,11.099999999999977
P_1-3_2474,P_1-1-pt_2012,10.09999999999998
P_1-3_5572,P_1-1-pt_5824,17.099999999999973
P_1-3_5572,P_1-1-pt_5267,9.399999999999983
P_1-1-pt_166,P_1-2_3887,14.799999999999963
P_1-1-pt_166,P_1-2_1658,9.89999999999998
P_1-1-pt_166,P_1-2_2377,11.499999999999975
P_1-1-pt_166,P_1-1-pt_6262,20.40000000000002
P_1-1-pt_166,P_1-2_1948,78.59999999999981
P_1-1-pt_166,P_1-1-pt_2164,971.6000000001524
P_1-1-pt_166,P_1-1-pt_5481,11.699999999999974
P_1-1-pt_166,P_1-1-pt_5209,964.3000000001507
P_2-1_6008,P_1-2_1656,44.30000000000036
P_2-1_6008,P_1-3_3901,30.500000000000163
P_2-1_6008,P_1-2_1420,30.400000000000162
P_2-1_6008,P_1-3_228,30.500000000000163
P_2-1_6008,P_1-3_3776,30.600000000000165
P_2-1_6008,P_2-1_2161,30.600000000000165
P_2-1_6008,P_1-3_874,10.09999999999998
P_2-1_6008,P_1-3_1615,25.100000000000087
P_2-1_6008,P_1-2_5885,20.40000000000002
P_2-1_6008,P_1-3_5141,20.30000000000002
P_2-1_6008,P_2-1_3599,20.30000000000002
P_2-1_6008,P_1-2_4734,20.40000000000002
P_2-1_6008,P_1-3_2454,10.09999999999998
P_2-1_6008,P_1-2_4206,20.40000000000002
P_2-1_6008,P_1-2_1053,20.40000000000002
P_2-1_6008,P_2-1_2785,20.40000000000002
P_2-1_6008,P_1-2_5495,20.30000000000002
P_2-1_6008,P_1-2_4452,20.40000000000002
P_2-1_6008,P_1-3_3834,20.40000000000002
P_2-1_6008,P_1-3_1657,20.40000000000002
P_2-1_6008,P_1-2_3280,20.200000000000017
P_2-1_6008,P_1-3_3046,20.50000000000002
P_2-1_6008,P_1-3_3457,20.30000000000002
P_2-1_6008,P_1-3_372,10.19999999999998
P_2-1_6008,P_1-3_4168,10.19999999999998
P_2-1_6008,P_1-3_2053,10.09999999999998
P_2-1_6008,P_1-3_3054,10.09999999999998
P_2-1_6008,P_1-3_1500,2608.599999998723
P_1-2_1512,P_1-1-pt_2992,1.5000000000000002
P_1-2_1512,P_1-1-pt_1304,7.699999999999989
P_1-2_1512,P_1-1-pt_1108,7.499999999999989
P_1-2_1512,P_1-1-pt_8137,3.700000000000002
P_1-2_1656,P_2-1_6008,44.30000000000036
P_1-2_1656,P_1-3_1500,20.700000000000024
P_1-2_1656,P_1-3_3901,578.800000000063
P_1-2_1656,P_1-2_1420,30.500000000000163
P_1-2_1656,P_1-3_228,30.600000000000165
P_1-2_1656,P_1-3_3776,30.600000000000165
P_1-2_1656,P_2-1_2161,30.600000000000165
P_1-2_1656,P_1-3_874,10.19999999999998
P_1-2_1656,P_1-3_1615,20.40000000000002
P_1-2_1656,P_1-2_5885,20.40000000000002
P_1-2_1656,P_1-3_5141,20.30000000000002
P_1-2_1656,P_2-1_3599,20.30000000000002
P_1-2_1656,P_1-2_4734,20.40000000000002
P_1-2_1656,P_1-3_2454,10.19999999999998
P_1-2_1656,P_1-2_4206,20.40000000000002
P_1-2_1656,P_1-2_1053,20.40000000000002
P_1-2_1656,P_2-1_2785,20.40000000000002
P_1-2_1656,P_1-2_5495,20.40000000000002
P_1-2_1656,P_1-2_4452,20.30000000000002
P_1-2_1656,P_1-3_3834,20.30000000000002
P_1-2_1656,P_1-3_1657,20.40000000000002
P_1-2_1656,P_1-2_3280,20.40000000000002
P_1-2_1656,P_1-3_3046,20.40000000000002
P_1-2_1656,P_1-3_3457,10.19999999999998
P_1-2_1656,P_1-3_372,10.19999999999998
P_1-2_1656,P_1-3_4168,10.19999999999998
P_1-2_1656,P_1-3_2053,10.19999999999998
P_1-2_1656,P_1-3_3054,10.09999999999998
P_1-2_1656,P_1-3_2256,23.30000000000006
P_1-1-pt_6346,P_1-1-pt_560,10.799999999999978
P_1-1-pt_6346,P_1-2_3280,3.700000000000002
P_1-1-pt_6346,P_1-3_3046,3.700000000000002
P_1-1-pt_6346,P_1-3_3457,3.700000000000002
P_1-1-pt_6346,P_1-1-pt_8911,9.99999999999998
P_1-1-pt_6346,P_1-3_372,3.700000000000002
P_1-1-pt_6346,P_1-3_4168,3.700000000000002
P_1-1-pt_6346,P_1-2_3081,3.700000000000002
P_1-1-pt_6346,P_1-3_2053,3.800000000000002
P_1-1-pt_6346,P_1-3_3054,3.800000000000002
P_1-1-pt_6346,P_1-2_5951,3.800000000000002
P_1-1-pt_6346,P_1-3_2256,3.700000000000002
P_1-1-pt_6346,P_1-3_970,3.700000000000002
P_1-1-pt_6346,P_1-3_5359,3.600000000000002
P_1-1-pt_6346,P_1-3_2203,3.700000000000002
P_1-1-pt_6346,P_1-3_2540,5.4999999999999964
P_1-1-pt_6346,P_1-3_1243,3.700000000000002
P_1-1-pt_6346,P_1-3_891,3.700000000000002
P_1-1-pt_6346,P_1-3_4690,3.700000000000002
P_1-1-pt_6346,P_1-3_4995,3.700000000000002
P_1-1-pt_6346,P_1-1-pt_7297,10.999999999999977
P_1-1-pt_6346,P_1-3_4425,3.700000000000002
P_1-1-pt_6346,P_1-3_4033,3.600000000000002
P_1-1-pt_6346,P_1-3_767,3.800000000000002
P_1-1-pt_6346,P_1-3_5304,3.600000000000002
P_1-1-pt_6346,P_1-3_1047,3.700000000000002
P_1-1-pt_6346,P_1-3_4060,3.700000000000002
P_1-3_2212,P_1-1-pt_498,3.900000000000002
P_1-3_2212,P_1-1-pt_3797,3.800000000000002
P_1-3_2212,P_1-1-pt_1694,3.700000000000002
P_1-3_2212,P_1-3_2599,19.200000000000003
P_1-3_2212,P_1-2_5745,10.19999999999998
P_1-3_2212,P_1-2_4266,10.19999999999998
P_1-3_2212,P_1-1-pt_8735,10.19999999999998
P_1-3_3216,P_1-1-pt_5942,15.69999999999996
P_1-3_3216,P_1-2_149,20.100000000000016
P_1-3_3216,P_1-1-pt_4789,15.69999999999996
P_1-1-pt_4568,P_1-2_5983,3.5000000000000018
P_1-1-pt_4568,P_1-1-pt_8083,216.299999999992
P_1-3_4479,P_1-3_2324,19.400000000000006
P_1-3_4479,P_1-1-pt_2004,3.600000000000002
P_1-3_4479,P_1-1-pt_2702,3.700000000000002
P_1-3_4479,P_1-1-pt_7372,3.900000000000002
P_1-3_4479,P_1-1-pt_6673,7.799999999999988
P_1-3_4479,P_1-1-pt_1006,24.300000000000075
P_1-1-pt_3808,P_1-2_4540,15.199999999999962
P_1-1-pt_3808,P_1-1-pt_3055,9.399999999999983
P_1-1-pt_3808,P_1-1-pt_7932,97.49999999999874
P_1-1-pt_3808,P_1-1-pt_8172,238.8999999999907
P_1-1-pt_734,P_1-1-pt_7634,10.799999999999978
P_1-1-pt_734,P_1-1-pt_3097,321.4000000000046
P_1-1-pt_734,P_1-1-pt_7691,21.300000000000033
P_1-1-pt_734,P_1-1-pt_5824,8.799999999999985
P_1-1-pt_734,P_1-1-pt_8728,17.299999999999976
P_1-1-pt_734,P_1-1-pt_1866,22.60000000000005
P_1-1-pt_734,P_1-1-pt_7304,1547.9999999996876
P_1-1-pt_734,P_1-2_4483,19.60000000000001
P_1-1-pt_734,P_1-1-pt_6548,46.100000000000385
P_1-1-pt_734,P_1-1-pt_8410,10.799999999999978
P_1-1-pt_734,P_1-1-pt_2880,217.8999999999919
P_1-1-pt_734,P_1-1-pt_3405,10.899999999999977
P_1-1-pt_734,P_1-1-pt_6743,15.89999999999996
P_1-1-pt_734,P_1-1-pt_3025,10.999999999999977
P_1-1-pt_734,P_1-1-pt_5137,10.999999999999977
P_1-2_186,P_1-1-veh_834,76.59999999999992
P_1-2_186,P_1-1-pt_101,14.999999999999963
P_1-2_186,P_1-1-pt_1639,28.700000000000138
P_1-2_186,P_1-1-pt_8289,14.799999999999963
P_1-2_186,P_1-1-pt_8735,7.699999999999989
P_1-2_186,P_1-2_4266,9.99999999999998
P_1-2_186,P_1-3_3076,9.99999999999998
P_1-2_186,P_1-2_5753,22.700000000000053
P_1-2_186,P_2-1_1211,20.000000000000014
P_1-2_186,P_1-1-pt_182,6.5999999999999925
P_1-2_186,P_1-2_4947,10.09999999999998
P_1-2_186,P_1-3_4289,10.09999999999998
P_1-2_186,P_1-3_5600,9.99999999999998
P_1-2_186,P_2-1_2749,28.10000000000013
P_1-2_186,P_1-2_1458,10.09999999999998
P_1-2_186,P_1-3_1297,20.700000000000024
P_1-2_186,P_1-3_743,10.09999999999998
P_1-3_3139,P_1-1-pt_6358,3.600000000000002
P_1-3_3139,P_2-1_247,10.09999999999998
P_1-3_4167,P_1-1-pt_5836,3.800000000000002
P_1-3_4167,P_1-1-pt_5229,3.600000000000002
P_1-3_4167,P_1-1-pt_1590,3.700000000000002
P_1-3_4167,P_1-1-pt_8123,7.799999999999988
P_1-3_4167,P_1-1-pt_308,7.899999999999988
P_1-1-veh_458,P_1-1-pt_192,3.0000000000000013
P_1-3_2874,P_1-2_3693,10.09999999999998
P_1-2_1356,P_1-1-pt_5357,11.299999999999976
P_1-2_1356,P_1-1-pt_7766,17.099999999999973
P_1-2_1356,P_1-3_4649,4.5
P_1-2_1356,P_1-2_4285,277.0999999999945
P_1-3_3588,P_1-1-pt_6322,3.600000000000002
P_1-3_3588,P_1-1-pt_2012,3.700000000000002
P_1-1-pt_7177,P_1-2_4290,20.50000000000002
P_1-1-pt_7177,P_1-1-pt_3275,11.799999999999974
P_1-1-pt_7177,P_1-1-pt_1560,10.799999999999978
P_1-1-pt_7177,P_1-1-pt_1966,9.399999999999983
P_1-1-pt_7177,P_1-2_3386,5.399999999999997
P_1-1-pt_7177,P_1-1-pt_1240,9.699999999999982
P_1-1-pt_7177,P_1-1-pt_4595,9.399999999999983
P_1-1-pt_7177,P_1-1-pt_5906,9.399999999999983
P_1-1-pt_7177,P_1-1-pt_8747,62.300000000000615
P_1-1-pt_7177,P_1-1-pt_3762,9.099999999999984
P_1-1-pt_7177,P_1-1-pt_1226,8.999999999999984
P_1-1-pt_7177,P_1-1-pt_2992,10.799999999999978
P_1-1-pt_7177,P_1-1-pt_7412,10.999999999999977
P_1-1-pt_7177,P_1-1-pt_8718,210.69999999999231
P_1-1-pt_7177,P_1-1-pt_5066,10.699999999999978
P_1-1-pt_7177,P_1-1-pt_5346,10.699999999999978
P_1-1-pt_1826,P_1-1-pt_7213,10.19999999999998
P_1-1-pt_1826,P_1-1-pt_7760,9.89999999999998
P_1-1-pt_1826,P_1-3_3759,15.399999999999961
P_1-1-pt_1826,P_1-3_3440,9.599999999999982
P_1-1-pt_1826,P_1-2_3125,15.59999999999996
P_1-1-pt_5580,P_1-1-pt_363,10.899999999999977
P_1-1-pt_5580,P_1-1-pt_5068,8.699999999999985
P_1-1-pt_5580,P_1-1-pt_8968,10.699999999999978
P_1-2_1639,P_2-1_497,83.49999999999953
P_1-2_1639,P_2-1_5435,340.70000000000897
P_1-2_1639,P_1-2_3005,89.59999999999918
P_1-2_1639,P_2-1_4331,89.79999999999917
P_1-2_1639,P_1-2_4607,89.99999999999916
P_1-2_1639,P_2-1_5859,89.09999999999921
P_1-2_1639,P_1-1-pt_7917,61.500000000000604
P_1-2_1639,P_1-2_4886,89.09999999999921
P_1-2_1639,P_1-2_2229,89.3999999999992
P_1-2_1639,P_1-3_4751,89.59999999999918
P_1-2_1639,P_1-1-pt_7104,61.3000000000006
P_1-2_1639,P_2-1_1911,89.69999999999918
P_1-2_1639,P_2-1_3376,79.19999999999978
P_1-2_1639,P_1-2_2030,79.99999999999973
P_1-2_1639,P_2-1_1242,79.59999999999975
P_1-2_1639,P_1-2_6071,79.99999999999973
P_1-2_1639,P_1-3_4957,89.69999999999918
P_1-2_1639,P_2-1_3947,79.79999999999974
P_1-2_1639,P_2-1_6248,79.99999999999973
P_1-2_1639,P_2-1_6256,969.900000000152
P_1-2_1639,P_1-3_3176,367.80000000001513
P_1-2_1639,P_1-2_1272,79.59999999999975
P_1-2_1639,P_1-2_3908,79.59999999999975
P_1-2_1639,P_2-1_2074,110.29999999999801
P_1-2_1639,P_1-2_2976,972.8000000001526
P_1-2_1639,P_2-1_1408,79.59999999999975
P_1-2_1639,P_1-2_1471,79.59999999999975
P_1-2_1639,P_2-1_4664,79.69999999999975
P_1-1-pt_7491,P_1-1-pt_119,245.79999999999032
P_1-1-pt_7491,P_1-1-pt_4262,8.099999999999987
P_1-1-pt_7491,P_1-2_238,989.8000000001565
P_1-1-pt_5346,P_1-2_6019,3.800000000000002
P_1-1-pt_5346,P_1-1-pt_7142,10.699999999999978
P_1-1-pt_5346,P_1-1-pt_6209,9.399999999999983
P_1-1-pt_5346,P_1-1-pt_6297,10.799999999999978
P_1-1-pt_5346,P_1-1-pt_6038,10.799999999999978
P_1-1-pt_5346,P_1-1-pt_3021,15.099999999999962
P_1-1-pt_5346,P_1-1-pt_804,10.799999999999978
P_1-1-pt_5346,P_1-1-pt_6931,11.199999999999976
P_1-1-pt_5346,P_1-3_4425,3.800000000000002
P_1-1-pt_5346,P_1-3_4033,3.900000000000002
P_1-1-pt_5346,P_1-1-pt_6007,10.999999999999977
P_1-1-pt_5346,P_1-1-pt_5897,10.699999999999978
P_1-1-pt_5346,P_1-1-pt_3769,10.799999999999978
P_1-1-pt_5346,P_1-1-pt_4671,10.799999999999978
P_1-1-pt_5346,P_1-1-pt_1270,10.699999999999978
P_1-1-pt_5346,P_1-1-pt_4919,10.899999999999977
P_1-1-pt_5346,P_1-1-pt_4397,10.799999999999978
P_1-1-pt_5346,P_1-1-pt_7863,10.799999999999978
P_1-1-pt_5346,P_1-1-veh_792,16.599999999999966
P_1-1-pt_5346,P_1-1-pt_8545,10.799999999999978
P_1-1-pt_5346,P_1-1-pt_5193,10.799999999999978
P_1-1-pt_5346,P_1-1-pt_7325,10.899999999999977
P_1-1-pt_5346,P_1-1-pt_8137,10.699999999999978
P_1-1-pt_5346,P_1-1-pt_6672,10.799999999999978
P_1-1-pt_5346,P_1-1-pt_5499,10.699999999999978
P_1-1-pt_5346,P_1-1-pt_704,10.799999999999978
P_1-1-pt_5346,P_1-1-pt_1542,10.699999999999978
P_1-1-pt_5346,P_1-1-pt_5941,10.699999999999978
P_1-1-pt_5346,P_1-1-pt_6389,11.199999999999976
P_1-1-pt_5346,P_1-1-pt_812,10.499999999999979
P_1-1-pt_5346,P_1-1-pt_7177,10.699999999999978
P_2-1_1485,P_1-1-pt_2164,3.5000000000000018
P_1-3_5265,P_1-3_80,10.09999999999998
P_1-3_5265,P_2-1_2987,10.09999999999998
P_1-2_1736,P_1-3_5053,17.399999999999977
P_1-2_1736,P_1-3_1273,17.399999999999977
P_1-3_687,P_1-1-pt_6389,15.299999999999962
P_1-3_3620,P_1-3_283,72.00000000000018
P_1-3_3620,P_1-2_1334,61.70000000000061
P_1-3_3620,P_1-1-pt_5468,45.80000000000038
P_1-3_3620,P_1-2_2335,1149.9000000000497
P_1-3_3620,P_1-2_676,61.600000000000605
P_1-3_3620,P_1-3_3787,41.00000000000031
P_1-1-pt_5452,P_1-2_3488,15.499999999999961
P_1-1-pt_5452,P_1-1-pt_2129,10.09999999999998
P_1-1-pt_5452,P_1-1-pt_1039,10.09999999999998
P_1-1-pt_5452,P_1-1-pt_5275,10.09999999999998
P_1-1-pt_5452,P_1-1-pt_1700,9.99999999999998
P_1-1-pt_5452,P_1-1-pt_2782,10.09999999999998
P_1-1-pt_5452,P_1-3_2261,7.699999999999989
P_1-1-pt_5452,P_1-1-pt_413,9.99999999999998
P_1-1-pt_5452,P_1-1-pt_2854,9.99999999999998
P_1-1-pt_5452,P_1-1-pt_6602,10.09999999999998
P_1-1-pt_5452,P_1-1-pt_6335,10.09999999999998
P_1-1-pt_5452,P_1-3_186,7.799999999999988
P_1-1-pt_5452,P_1-2_3850,7.799999999999988
P_1-1-pt_5452,P_1-3_2683,7.699999999999989
P_1-1-pt_5452,P_1-1-pt_5152,10.09999999999998
P_1-2_4505,P_1-1-pt_6011,11.399999999999975
P_1-1-pt_1694,P_1-3_5238,3.800000000000002
P_1-1-pt_1694,P_1-3_2212,3.700000000000002
P_1-1-pt_1694,P_1-3_2257,3.700000000000002
P_1-1-pt_1694,P_1-2_808,3.600000000000002
P_1-1-pt_1694,P_1-2_1492,3.600000000000002
P_1-1-pt_1694,P_1-1-pt_2032,10.19999999999998
P_1-1-pt_1694,P_1-2_609,3.800000000000002
P_1-1-pt_1694,P_1-2_1230,3.700000000000002
P_1-1-pt_1694,P_1-3_4983,3.600000000000002
P_1-1-pt_1694,P_1-2_4371,3.700000000000002
P_1-1-pt_1694,P_1-2_5437,4.999999999999998
P_1-1-pt_1694,P_1-1-pt_192,10.599999999999978
P_1-2_2739,P_1-3_2639,17.49999999999998
P_1-1-pt_6011,P_1-2_4505,11.399999999999975
P_1-3_2257,P_1-1-pt_498,3.700000000000002
P_1-3_2257,P_1-1-pt_3797,3.600000000000002
P_1-3_2257,P_1-1-pt_1694,3.700000000000002
P_1-3_2257,P_1-1-pt_262,7.899999999999988
P_1-3_2257,P_1-3_2599,20.200000000000017
P_1-3_2257,P_1-2_5745,20.30000000000002
P_1-3_2257,P_1-2_4266,13.199999999999969
P_1-3_2257,P_1-1-pt_8735,7.899999999999988
P_1-3_2257,P_1-2_4947,8.599999999999985
P_2-1_497,P_1-2_1639,83.49999999999953
P_2-1_497,P_1-2_3005,93.79999999999895
P_2-1_497,P_2-1_5435,91.1999999999991
P_2-1_497,P_2-1_4331,81.29999999999966
P_2-1_497,P_1-2_4607,89.59999999999918
P_2-1_497,P_2-1_5859,88.99999999999922
P_2-1_497,P_1-1-pt_7917,61.500000000000604
P_2-1_497,P_1-2_4886,79.29999999999977
P_2-1_497,P_1-2_2229,79.89999999999974
P_2-1_497,P_1-3_4751,89.59999999999918
P_2-1_497,P_1-1-pt_7104,61.2000000000006
P_2-1_497,P_2-1_1911,86.09999999999938
P_2-1_497,P_2-1_3376,79.69999999999975
P_2-1_497,P_1-2_2030,79.59999999999975
P_2-1_497,P_2-1_1242,79.99999999999973
P_2-1_497,P_1-2_6071,79.39999999999976
P_2-1_497,P_1-3_4957,79.79999999999974
P_2-1_497,P_2-1_3947,79.89999999999974
P_2-1_497,P_2-1_6248,79.89999999999974
P_2-1_497,P_2-1_6256,80.29999999999971
P_2-1_497,P_1-3_3176,79.39999999999976
P_2-1_497,P_1-2_1272,79.79999999999974
P_2-1_497,P_1-2_3908,79.19999999999978
P_2-1_497,P_2-1_2074,79.99999999999973
P_2-1_497,P_1-2_2976,331.90000000000697
P_2-1_497,P_2-1_1408,80.89999999999968
P_2-1_497,P_1-2_1471,79.69999999999975
P_2-1_497,P_2-1_4664,72.50000000000016
P_1-3_2654,P_1-3_528,20.100000000000016
P_1-3_2654,P_1-1-pt_6273,21.20000000000003
P_1-1-pt_3749,P_1-1-pt_2119,10.899999999999977
P_1-1-pt_3749,P_1-1-pt_4740,10.899999999999977
P_1-1-pt_3749,P_1-1-pt_6373,56.000000000000526
P_1-1-pt_3749,P_1-1-pt_8285,11.199999999999976
P_1-1-pt_3749,P_1-1-pt_2383,11.199999999999976
P_1-3_2639,P_1-2_2739,17.49999999999998
P_1-1-pt_2427,P_1-1-pt_8739,65.80000000000054
P_1-1-pt_2427,P_1-1-pt_7645,18.39999999999999
P_1-1-pt_2427,P_1-1-pt_192,10.599999999999978
P_1-1-pt_1561,P_1-1-pt_280,9.99999999999998
P_1-1-pt_1561,P_1-1-pt_2297,8.499999999999986
P_1-1-pt_1561,P_1-1-pt_1940,5.699999999999996
P_1-1-pt_1561,P_1-1-pt_1473,13.999999999999966
P_1-1-pt_1561,P_1-1-pt_2529,36.40000000000025
P_1-1-pt_1561,P_1-1-pt_8830,1036.300000000153
P_1-1-pt_1561,P_1-1-pt_6931,9.99999999999998
P_1-1-pt_1561,P_2-1_2042,809.6000000001155
P_1-1-pt_3573,P_1-2_5252,18.599999999999994
P_1-1-pt_3573,P_1-1-pt_4353,321.6000000000046
P_1-1-pt_3573,P_1-1-pt_4855,1088.000000000106
P_1-3_5477,P_1-3_3209,20.200000000000017
P_1-3_5477,P_1-1-pt_1601,8.599999999999985
P_1-3_5477,P_1-1-pt_2844,12.499999999999972
P_1-3_5477,P_1-1-pt_2474,12.79999999999997
P_1-3_5477,P_1-1-pt_7938,12.499999999999972
P_1-3_5477,P_1-1-pt_3820,12.099999999999973
P_1-3_5477,P_1-1-pt_7440,10.19999999999998
P_1-1-pt_6747,P_1-1-pt_1396,390.5000000000203
P_1-1-pt_6747,P_1-1-pt_480,8.899999999999984
P_1-1-pt_6747,P_1-1-pt_8947,10.09999999999998
P_1-1-veh_317,P_1-3_2018,12.99999999999997
P_1-1-veh_317,P_1-2_5210,15.299999999999962
P_1-1-veh_317,P_1-2_573,20.100000000000016
P_1-1-veh_317,P_1-3_4954,13.699999999999967
P_1-1-pt_101,P_1-1-veh_834,8.299999999999986
P_1-1-pt_101,P_1-2_186,14.999999999999963
P_1-1-pt_101,P_1-1-veh_723,17.099999999999973
P_1-1-pt_101,P_1-1-pt_1639,80.99999999999967
P_1-1-pt_8861,P_1-1-pt_3762,10.499999999999979
P_1-1-pt_8861,P_1-1-pt_2834,11.399999999999975
P_1-1-pt_8861,P_1-1-pt_6016,10.699999999999978
P_1-1-pt_8861,P_1-1-pt_5199,11.299999999999976
P_1-1-pt_8861,P_1-1-pt_4806,10.999999999999977
P_1-1-pt_8861,P_1-1-pt_6809,11.099999999999977
P_1-1-pt_8861,P_1-1-pt_8866,9.699999999999982
P_1-1-pt_8861,P_1-1-pt_6543,9.699999999999982
P_1-1-pt_8861,P_1-1-pt_3474,7.599999999999989
P_1-1-pt_8861,P_1-1-pt_8435,11.299999999999976
P_1-1-pt_8861,P_1-1-pt_3097,11.299999999999976
P_1-1-pt_8861,P_1-1-pt_1354,11.399999999999975
P_1-1-pt_8861,P_1-1-pt_761,11.599999999999975
P_1-1-pt_8861,P_1-1-pt_2187,11.199999999999976
P_1-1-pt_8861,P_1-1-pt_1544,20.40000000000002
P_1-1-pt_8861,P_1-1-pt_655,20.800000000000026
P_1-1-pt_8861,P_1-1-pt_1296,11.099999999999977
P_1-1-pt_3425,P_1-1-pt_150,10.399999999999979
P_1-1-pt_3425,P_1-1-pt_5137,204.59999999999266
P_1-1-pt_3425,P_1-1-pt_787,11.099999999999977
P_1-1-pt_3425,P_1-1-pt_3220,10.699999999999978
P_1-1-pt_3425,P_1-1-pt_4988,11.199999999999976
P_1-1-pt_3425,P_1-1-pt_4966,11.199999999999976
P_1-1-pt_3425,P_1-1-pt_4788,19.200000000000003
P_1-1-pt_3425,P_1-1-pt_6688,17.199999999999974
P_1-1-pt_3425,P_1-1-pt_6538,17.399999999999977
P_1-2_865,P_1-1-pt_8123,7.799999999999988
P_1-2_865,P_2-1_4127,9.89999999999998
P_1-2_865,P_1-1-pt_3021,4.6
P_1-3_4059,P_1-3_4253,20.50000000000002
P_1-3_4059,P_1-1-pt_7959,14.699999999999964
P_1-1-pt_3214,P_1-1-pt_6409,10.499999999999979
P_1-1-pt_3214,P_1-3_4995,7.799999999999988
P_1-1-pt_3214,P_1-1-pt_8435,10.29999999999998
P_1-1-pt_3214,P_1-1-pt_6031,9.499999999999982
P_1-1-pt_3214,P_1-1-pt_7459,12.79999999999997
P_1-1-pt_3214,P_1-1-pt_494,10.699999999999978
P_1-1-pt_3214,P_1-1-pt_2162,10.799999999999978
P_1-1-pt_3214,P_1-1-pt_5897,9.99999999999998
P_1-1-pt_3214,P_1-1-pt_3769,10.19999999999998
P_1-1-pt_3214,P_1-1-veh_792,15.89999999999996
P_1-1-pt_3214,P_1-1-pt_4671,9.399999999999983
P_1-1-pt_3214,P_1-1-pt_3409,8.799999999999985
P_1-1-pt_3214,P_1-1-pt_1270,10.699999999999978
P_1-1-pt_3214,P_1-1-pt_4919,10.799999999999978
P_1-1-pt_3214,P_1-1-pt_1304,10.799999999999978
P_1-1-pt_3214,P_1-1-pt_4397,10.599999999999978
P_1-1-pt_3214,P_1-1-pt_7863,10.499999999999979
P_1-1-pt_3214,P_1-1-pt_8545,10.699999999999978
P_1-1-pt_3214,P_1-1-pt_5193,10.799999999999978
P_1-1-pt_3214,P_1-1-pt_7325,10.899999999999977
P_1-1-pt_3214,P_1-1-pt_8137,10.599999999999978
P_1-1-pt_3214,P_1-1-pt_1108,10.899999999999977
P_1-1-pt_3214,P_1-1-pt_6672,11.299999999999976
P_1-1-pt_3214,P_1-1-pt_5499,10.699999999999978
P_1-1-pt_3214,P_1-1-pt_704,10.899999999999977
P_1-1-pt_3214,P_1-1-pt_1542,10.899999999999977
P_1-1-pt_3214,P_1-1-pt_5941,10.999999999999977
P_1-1-pt_3214,P_1-1-pt_6389,10.499999999999979
P_1-1-pt_3214,P_1-1-pt_812,10.599999999999978
P_1-1-pt_3214,P_1-1-pt_3128,10.899999999999977
P_1-1-pt_3214,P_1-1-pt_7114,11.399999999999975
P_1-1-pt_5982,P_1-1-pt_841,21.600000000000037
P_1-1-pt_5982,P_1-3_1140,7.099999999999991
P_1-1-pt_5982,P_1-1-pt_4407,10.699999999999978
P_1-1-pt_5982,P_1-1-pt_8085,10.399999999999979
P_1-1-pt_5982,P_1-1-pt_877,10.499999999999979
P_1-1-pt_5982,P_1-1-pt_4554,10.699999999999978
P_1-1-pt_7595,P_1-1-pt_4715,10.29999999999998
P_1-1-pt_7595,P_1-1-veh_337,8.299999999999986
P_1-2_238,P_1-1-pt_3865,154.99999999999548
P_1-2_238,P_1-1-pt_119,306.1000000000011
P_1-2_238,P_1-1-pt_4262,2.0000000000000004
P_1-2_238,P_1-1-pt_7491,989.8000000001565
P_1-1-pt_7594,P_1-2_829,3.700000000000002
P_1-1-pt_7594,P_1-1-pt_5993,9.89999999999998
P_1-1-pt_7594,P_1-1-veh_407,4.899999999999999
P_1-1-pt_7278,P_1-1-pt_2528,380.9000000000181
P_1-1-pt_7278,P_1-1-pt_972,203.49999999999272
P_1-1-pt_7278,P_1-1-pt_6931,10.899999999999977
P_1-1-pt_5143,P_1-1-pt_3769,9.89999999999998
P_1-1-pt_5143,P_1-1-pt_4397,10.699999999999978
P_1-1-pt_5143,P_1-1-pt_4832,7.999999999999988
P_1-1-pt_5143,P_1-3_2588,23.800000000000068
P_1-1-pt_5143,P_1-1-pt_8545,9.99999999999998
P_1-1-pt_5143,P_1-1-pt_1542,9.89999999999998
P_1-1-pt_5143,P_1-1-pt_8718,11.799999999999974
P_1-1-pt_5143,P_1-1-pt_4850,10.599999999999978
P_1-1-pt_5143,P_1-1-veh_675,2.700000000000001
P_1-1-pt_5143,P_1-1-pt_4779,15.299999999999962
P_1-1-pt_5143,P_1-1-pt_7684,9.89999999999998
P_1-1-pt_5143,P_1-1-pt_5399,10.09999999999998
P_1-1-pt_5143,P_1-1-pt_5241,9.499999999999982
P_1-1-pt_5143,P_1-1-pt_3670,10.19999999999998
P_1-1-pt_5143,P_1-2_1502,3.700000000000002
P_1-1-pt_5143,P_1-1-pt_8909,10.599999999999978
P_1-1-pt_5143,P_1-2_3693,3.600000000000002
P_1-2_3997,P_1-1-pt_1449,15.99999999999996
P_1-1-pt_1866,P_1-1-pt_7304,13.699999999999967
P_1-1-pt_1866,P_1-1-pt_4788,19.80000000000001
P_1-1-pt_1866,P_1-1-pt_787,11.299999999999976
P_1-1-pt_1866,P_1-1-pt_297,297.49999999999915
P_1-1-pt_1866,P_1-1-pt_7691,11.099999999999977
P_1-1-pt_1866,P_1-1-pt_5824,11.099999999999977
P_1-1-pt_1866,P_1-1-pt_8728,2.800000000000001
P_1-1-pt_1866,P_1-1-pt_734,22.60000000000005
P_1-1-pt_1866,P_1-2_4483,9.199999999999983
P_1-1-pt_1866,P_2-1_461,3.700000000000002
P_1-1-pt_1866,P_1-1-pt_7279,10.899999999999977
P_1-1-pt_1866,P_1-1-pt_8016,8.699999999999985
P_1-1-pt_1866,P_1-1-pt_8404,10.599999999999978
P_2-1_6187,P_1-2_3488,16.09999999999996
P_2-1_6187,P_1-2_2237,10.09999999999998
P_2-1_6187,P_1-3_2261,8.099999999999987
P_2-1_6187,P_1-2_4061,10.09999999999998
P_2-1_6187,P_1-3_186,7.999999999999988
P_2-1_6187,P_1-2_3850,8.099999999999987
P_2-1_6187,P_1-2_3247,10.09999999999998
P_2-1_6187,P_1-3_2683,7.999999999999988
P_2-1_6187,P_1-2_4836,10.09999999999998
P_1-3_2051,P_1-1-pt_8545,6.699999999999992
P_1-3_2051,P_1-3_2278,10.09999999999998
P_1-3_2051,P_1-3_3488,10.899999999999977
P_1-1-pt_8368,P_1-1-pt_8601,8.699999999999985
P_1-1-pt_8368,P_1-1-pt_411,11.399999999999975
P_1-1-pt_8368,P_1-1-pt_4823,10.999999999999977
P_1-1-pt_8368,P_1-1-pt_4474,8.699999999999985
P_1-1-pt_8368,P_1-2_87,15.59999999999996
P_1-1-pt_8368,P_2-1_2293,7.29999999999999
P_1-3_4517,P_1-1-pt_2985,3.700000000000002
P_1-1-pt_6038,P_1-1-pt_8866,12.399999999999972
P_1-1-pt_6038,P_1-1-pt_6543,10.799999999999978
P_1-1-pt_6038,P_1-1-pt_2542,14.999999999999963
P_1-1-pt_6038,P_1-1-pt_5346,10.799999999999978
P_1-1-pt_6038,P_1-1-pt_3046,10.899999999999977
P_1-1-pt_6038,P_1-1-pt_8553,22.300000000000047
P_1-1-pt_6038,P_1-1-pt_6209,11.299999999999976
P_1-1-pt_6038,P_1-1-pt_0,8.599999999999985
P_1-1-pt_6038,P_1-1-pt_2533,8.899999999999984
P_1-1-pt_6038,P_1-1-pt_7835,11.499999999999975
P_1-1-pt_6038,P_1-1-pt_3779,11.599999999999975
P_1-1-pt_6038,P_1-1-pt_7760,15.199999999999962
P_1-1-pt_6038,P_1-1-pt_2882,11.599999999999975
P_1-3_2501,P_2-1_2626,40.60000000000031
P_1-3_2501,P_2-1_4458,51.30000000000046
P_1-3_2501,P_1-2_5752,40.90000000000031
P_1-3_2501,P_1-2_3210,41.100000000000314
P_1-3_2501,P_1-2_3464,41.100000000000314
P_1-3_2501,P_1-2_2080,41.00000000000031
P_1-3_2501,P_1-2_3821,41.00000000000031
P_1-3_2501,P_1-2_2797,41.00000000000031
P_1-3_2501,P_1-2_2580,41.100000000000314
P_1-3_2501,P_1-2_2767,40.90000000000031
P_1-3_2501,P_2-1_857,41.200000000000315
P_1-3_2501,P_1-2_2470,51.20000000000046
P_1-3_2501,P_2-1_2028,40.70000000000031
P_1-3_2501,P_1-1-veh_837,41.200000000000315
P_1-3_2501,P_1-3_4738,40.90000000000031
P_1-3_2501,P_1-3_1755,41.800000000000324
P_1-3_2501,P_2-1_6106,40.90000000000031
P_1-3_2501,P_1-3_1002,41.00000000000031
P_1-3_2501,P_1-2_4646,41.00000000000031
P_1-3_2501,P_1-3_3231,30.800000000000168
P_1-3_2501,P_2-1_1443,30.400000000000162
P_1-3_2501,P_2-1_3205,30.800000000000168
P_1-3_2501,P_1-2_2625,30.90000000000017
P_1-3_2501,P_1-2_4976,112.1999999999979
P_1-1-pt_2528,P_1-1-pt_7278,380.9000000000181
P_1-1-pt_2528,P_1-1-pt_6931,21.500000000000036
P_1-1-pt_2528,P_1-1-pt_972,90.29999999999914
P_1-1-pt_2528,P_1-1-pt_7835,8.899999999999984
P_1-1-pt_879,P_1-1-pt_6355,18.699999999999996
P_1-1-pt_1222,P_1-1-pt_1396,9.599999999999982
P_1-1-pt_1222,P_1-1-pt_480,10.09999999999998
P_1-1-pt_1222,P_1-1-pt_8947,10.09999999999998
P_1-1-pt_119,P_1-1-pt_3865,403.10000000002316
P_1-1-pt_119,P_1-2_238,306.1000000000011
P_1-1-pt_119,P_1-1-pt_7491,245.79999999999032
P_1-1-pt_119,P_1-1-pt_4262,9.399999999999983
P_1-1-pt_119,P_1-2_4539,461.3000000000364
P_1-2_933,P_2-1_2438,10.19999999999998
P_1-2_2983,P_1-1-pt_1560,9.599999999999982
P_1-2_2983,P_1-1-pt_1138,8.399999999999986
P_1-2_2983,P_1-2_2735,20.40000000000002
P_1-3_5318,P_1-2_5020,0.6
P_1-3_5318,P_1-3_3626,10.29999999999998
P_1-3_5318,P_1-2_5805,0.30000000000000004
P_1-3_5318,P_1-2_2590,1.0999999999999999
P_1-2_1053,P_1-2_1420,30.600000000000165
P_1-2_1053,P_1-3_228,30.500000000000163
P_1-2_1053,P_1-3_3776,30.600000000000165
P_1-2_1053,P_2-1_2161,30.600000000000165
P_1-2_1053,P_1-3_874,10.09999999999998
P_1-2_1053,P_1-3_1615,20.30000000000002
P_1-2_1053,P_1-2_5885,20.30000000000002
P_1-2_1053,P_1-3_5141,20.30000000000002
P_1-2_1053,P_2-1_3599,20.40000000000002
P_1-2_1053,P_1-2_4734,20.50000000000002
P_1-2_1053,P_1-3_2454,10.19999999999998
P_1-2_1053,P_1-2_4206,20.600000000000023
P_1-2_1053,P_1-3_1500,20.40000000000002
P_1-2_1053,P_2-1_6008,20.40000000000002
P_1-2_1053,P_1-2_1656,20.40000000000002
P_1-2_1053,P_1-3_3901,20.30000000000002
P_1-2_1053,P_2-1_2785,31.800000000000182
P_1-2_1053,P_1-2_5495,20.40000000000002
P_1-2_1053,P_1-2_4452,20.40000000000002
P_1-2_1053,P_1-3_3834,20.30000000000002
P_1-2_1053,P_1-3_1657,20.30000000000002
P_1-2_1053,P_1-2_3280,20.30000000000002
P_1-2_1053,P_1-3_3046,10.19999999999998
P_1-2_1053,P_1-3_3457,10.19999999999998
P_1-2_1053,P_1-3_372,10.19999999999998
P_1-2_1053,P_1-3_4168,10.19999999999998
P_1-2_1053,P_1-3_2053,10.09999999999998
P_1-2_1053,P_1-3_3054,10.19999999999998
P_1-2_1053,P_1-3_2256,10.19999999999998
P_1-2_1053,P_1-3_970,10.19999999999998
P_1-1-pt_8747,P_1-1-pt_3275,12.199999999999973
P_1-1-pt_8747,P_1-1-pt_1560,12.399999999999972
P_1-1-pt_8747,P_1-1-pt_1966,10.899999999999977
P_1-1-pt_8747,P_1-2_3386,9.599999999999982
P_1-1-pt_8747,P_1-1-pt_1240,10.699999999999978
P_1-1-pt_8747,P_1-3_5376,13.399999999999968
P_1-1-pt_8747,P_1-1-pt_4595,11.099999999999977
P_1-1-pt_8747,P_1-1-pt_5906,10.29999999999998
P_1-1-pt_8747,P_1-1-pt_7177,62.300000000000615
P_1-1-pt_8747,P_1-1-pt_3762,9.399999999999983
P_1-1-pt_8747,P_1-1-pt_8762,22.200000000000045
P_1-1-pt_8747,P_1-1-pt_1981,22.300000000000047
P_1-1-pt_8747,P_1-1-pt_1138,22.300000000000047
P_1-1-pt_8747,P_1-1-pt_5457,22.000000000000043
P_1-1-pt_8747,P_1-1-pt_5392,10.19999999999998
P_1-1-pt_8747,P_1-1-pt_4850,10.799999999999978
P_1-1-pt_787,P_1-1-pt_1995,10.19999999999998
P_1-1-pt_787,P_1-1-pt_7573,10.499999999999979
P_1-1-pt_787,P_1-1-pt_4988,30.800000000000168
P_1-1-pt_787,P_1-1-pt_7634,21.500000000000036
P_1-1-pt_787,P_1-3_5304,21.80000000000004
P_1-1-pt_787,P_1-1-pt_6671,10.29999999999998
P_1-1-pt_787,P_1-1-pt_7304,11.399999999999975
P_1-1-pt_787,P_1-1-pt_1866,11.299999999999976
P_1-1-pt_787,P_1-1-pt_8586,11.199999999999976
P_1-1-pt_787,P_1-1-pt_3220,23.800000000000068
P_1-1-pt_787,P_1-1-pt_6176,10.999999999999977
P_1-1-pt_787,P_1-3_795,3.600000000000002
P_1-1-pt_787,P_1-1-pt_280,9.799999999999981
P_1-1-pt_787,P_1-1-pt_3425,11.099999999999977
P_1-1-pt_787,P_1-1-pt_5137,9.699999999999982
P_1-1-pt_787,P_1-1-pt_2334,17.199999999999974
P_1-1-pt_787,P_1-1-pt_3355,15.399999999999961
P_1-1-pt_787,P_1-1-pt_5836,10.499999999999979
P_1-1-pt_787,P_1-1-pt_4788,11.099999999999977
P_1-1-pt_787,P_1-1-veh_33,7.999999999999988
P_1-1-pt_787,P_1-1-pt_5229,10.699999999999978
P_1-1-pt_7201,P_1-1-pt_467,200.5999999999929
P_1-1-pt_7201,P_1-3_410,11.799999999999974
P_1-1-pt_7201,P_1-3_2280,11.799999999999974
P_1-1-pt_7201,P_1-2_2473,11.799999999999974
P_1-1-pt_7201,P_1-2_4249,8.699999999999985
P_1-1-pt_7201,P_1-1-pt_8404,22.200000000000045
P_1-1-pt_7201,P_1-3_1571,14.799999999999963
P_1-1-pt_7201,P_1-3_1134,11.699999999999974
P_1-1-pt_7201,P_1-3_2327,11.699999999999974
P_1-1-pt_7201,P_1-2_4285,16.19999999999996
P_1-1-pt_7201,P_1-1-veh_326,8.599999999999985
P_1-1-pt_7201,P_1-3_2279,11.699999999999974
P_1-1-pt_7201,P_1-1-pt_4064,1715.0999999995356
P_1-1-pt_7201,P_1-1-pt_3638,1057.7000000001335
P_2-1_1311,P_1-2_2237,0.1
P_2-1_1311,P_1-2_3247,0.9999999999999999
P_1-2_810,P_1-3_2018,20.000000000000014
P_1-2_810,P_1-2_5210,12.499999999999972
P_1-2_810,P_1-2_573,10.499999999999979
P_1-2_810,P_1-3_4954,18.099999999999987
P_1-2_810,P_1-2_5640,11.799999999999974
P_2-1_1408,P_2-1_4331,907.7000000001378
P_2-1_1408,P_1-2_4607,89.59999999999918
P_2-1_1408,P_2-1_5859,89.09999999999921
P_2-1_1408,P_1-1-pt_7917,61.500000000000604
P_2-1_1408,P_1-2_4886,78.89999999999979
P_2-1_1408,P_1-2_2229,79.69999999999975
P_2-1_1408,P_1-3_4751,89.69999999999918
P_2-1_1408,P_1-1-pt_7104,61.600000000000605
P_2-1_1408,P_2-1_1911,79.59999999999975
P_2-1_1408,P_2-1_3376,79.99999999999973
P_2-1_1408,P_1-2_2030,79.59999999999975
P_2-1_1408,P_2-1_1242,79.19999999999978
P_2-1_1408,P_1-2_6071,79.29999999999977
P_2-1_1408,P_1-3_4957,79.99999999999973
P_2-1_1408,P_2-1_3947,79.29999999999977
P_2-1_1408,P_2-1_6248,79.59999999999975
P_2-1_1408,P_2-1_6256,79.69999999999975
P_2-1_1408,P_1-3_3176,79.49999999999976
P_2-1_1408,P_1-2_1272,79.99999999999973
P_2-1_1408,P_1-2_3908,79.59999999999975
P_2-1_1408,P_2-1_2074,79.99999999999973
P_2-1_1408,P_1-2_2976,84.0999999999995
P_2-1_1408,P_1-2_1639,79.59999999999975
P_2-1_1408,P_2-1_497,80.89999999999968
P_2-1_1408,P_2-1_5435,81.09999999999967
P_2-1_1408,P_1-2_1471,92.99999999999899
P_2-1_1408,P_2-1_4664,69.60000000000032
P_2-1_1408,P_1-2_3005,3612.9999999978095
P_1-1-pt_1590,P_1-1-pt_308,10.19999999999998
P_1-1-pt_1590,P_1-2_1032,3.700000000000002
P_1-1-pt_1590,P_1-2_6019,3.700000000000002
P_1-1-pt_1590,P_1-3_4591,3.600000000000002
P_1-1-pt_1590,P_1-2_4710,5.799999999999995
P_1-1-pt_1590,P_1-1-pt_3021,10.699999999999978
P_1-1-pt_1590,P_1-2_1685,3.700000000000002
P_1-1-pt_1590,P_1-1-pt_8123,10.09999999999998
P_1-1-pt_1590,P_1-2_1918,3.700000000000002
P_1-1-pt_1590,P_1-3_4167,3.700000000000002
P_1-1-pt_1590,P_1-3_3748,3.600000000000002
P_1-3_562,P_1-3_2010,9.799999999999981
P_1-1-pt_972,P_1-1-pt_7278,203.49999999999272
P_1-1-pt_972,P_1-3_403,20.200000000000017
P_1-1-pt_972,P_1-1-pt_6931,19.1
P_1-1-pt_972,P_1-1-pt_2528,90.29999999999914
P_1-1-pt_972,P_1-1-pt_3021,15.399999999999961
P_1-1-pt_972,P_1-1-pt_3779,19.60000000000001
P_1-1-pt_972,P_1-1-pt_7835,8.799999999999985
P_1-1-pt_821,P_1-1-pt_7544,18.19999999999999
P_1-1-pt_821,P_1-1-pt_1173,1532.6999999997015
P_1-3_1755,P_1-2_4646,72.00000000000018
P_1-3_1755,P_2-1_2626,51.60000000000046
P_1-3_1755,P_2-1_4458,72.00000000000018
P_1-3_1755,P_1-2_5752,72.00000000000018
P_1-3_1755,P_1-2_3210,72.30000000000017
P_1-3_1755,P_1-2_3464,72.00000000000018
P_1-3_1755,P_1-2_2080,72.00000000000018
P_1-3_1755,P_1-2_3821,72.10000000000018
P_1-3_1755,P_1-2_2797,71.7000000000002
P_1-3_1755,P_1-2_2580,72.00000000000018
P_1-3_1755,P_1-2_2767,30.90000000000017
P_1-3_1755,P_2-1_857,72.10000000000018
P_1-3_1755,P_1-2_2470,1059.2000000001321
P_1-3_1755,P_2-1_2028,30.800000000000168
P_1-3_1755,P_1-1-veh_837,72.10000000000018
P_1-3_1755,P_1-3_4738,72.10000000000018
P_1-3_1755,P_2-1_6106,62.10000000000061
P_1-3_1755,P_1-3_1002,61.80000000000061
P_1-3_1755,P_1-3_2501,41.800000000000324
P_1-3_1755,P_1-3_3231,61.80000000000061
P_1-3_1755,P_2-1_3205,41.200000000000315
P_1-3_1755,P_1-2_2625,41.00000000000031
P_1-1-pt_3865,P_1-1-pt_119,403.10000000002316
P_1-1-pt_3865,P_1-2_4539,63.90000000000064
P_1-1-pt_3865,P_1-3_71,9.099999999999984
P_1-1-pt_3865,P_1-1-pt_6903,9.89999999999998
P_1-1-pt_3865,P_1-2_238,154.99999999999548
P_1-1-pt_3865,P_1-1-pt_4262,9.399999999999983
P_1-2_4465,P_1-1-veh_834,10.799999999999978
P_1-2_4465,P_1-1-pt_1639,15.69999999999996
P_1-2_4465,P_1-1-pt_8289,7.599999999999989
P_1-1-pt_5137,P_1-1-pt_150,10.399999999999979
P_1-1-pt_5137,P_1-1-pt_3425,204.59999999999266
P_1-1-pt_5137,P_1-2_1132,18.29999999999999
P_1-1-pt_5137,P_1-1-pt_787,9.699999999999982
P_1-1-pt_5137,P_1-1-pt_3220,10.899999999999977
P_1-1-pt_5137,P_1-1-pt_4988,10.899999999999977
P_1-1-pt_5137,P_1-1-pt_4966,11.399999999999975
P_1-1-pt_5137,P_1-1-pt_255,28.90000000000014
P_1-1-pt_5137,P_1-1-pt_2713,11.599999999999975
P_1-1-pt_5137,P_1-1-pt_5824,11.099999999999977
P_1-1-pt_5137,P_1-1-pt_6548,11.099999999999977
P_1-1-pt_5137,P_1-1-pt_297,10.499999999999979
P_1-1-pt_5137,P_1-1-pt_6176,10.399999999999979
P_1-1-pt_5137,P_1-1-pt_7279,10.799999999999978
P_1-1-pt_5137,P_1-1-pt_7304,11.299999999999976
P_1-1-pt_5137,P_1-1-pt_734,10.999999999999977
P_1-3_5582,P_1-3_4996,19.500000000000007
P_1-3_2397,P_1-1-pt_2503,7.899999999999988
P_1-3_2397,P_1-1-pt_5886,7.899999999999988
P_1-3_2397,P_1-1-pt_8798,17.49999999999998
P_1-3_2397,P_1-1-pt_7262,7.799999999999988
P_1-3_2397,P_1-1-pt_3769,3.700000000000002
P_1-3_2397,P_1-1-pt_4671,3.700000000000002
P_1-3_2397,P_1-1-pt_3910,3.800000000000002
P_1-3_2397,P_1-1-pt_5790,3.700000000000002
P_2-1_6106,P_1-3_1002,1078.5000000001146
P_2-1_6106,P_1-2_4646,116.49999999999766
P_2-1_6106,P_2-1_2626,51.30000000000046
P_2-1_6106,P_2-1_4458,72.00000000000018
P_2-1_6106,P_1-2_5752,72.00000000000018
P_2-1_6106,P_1-2_3210,72.10000000000018
P_2-1_6106,P_1-2_3464,71.90000000000019
P_2-1_6106,P_1-2_2080,72.60000000000015
P_2-1_6106,P_1-2_3821,72.10000000000018
P_2-1_6106,P_1-2_2797,62.00000000000061
P_2-1_6106,P_1-2_2580,61.80000000000061
P_2-1_6106,P_1-2_2767,31.00000000000017
P_2-1_6106,P_2-1_857,61.80000000000061
P_2-1_6106,P_1-2_2470,1224.4999999999818
P_2-1_6106,P_2-1_2028,30.800000000000168
P_2-1_6106,P_1-1-veh_837,61.80000000000061
P_2-1_6106,P_1-3_4738,61.600000000000605
P_2-1_6106,P_1-3_1755,62.10000000000061
P_2-1_6106,P_1-3_2501,40.90000000000031
P_2-1_6106,P_1-3_3231,61.3000000000006
P_2-1_6106,P_2-1_1443,21.00000000000003
P_2-1_6106,P_2-1_3205,41.100000000000314
P_2-1_6106,P_1-2_2625,40.90000000000031
P_1-1-pt_638,P_1-3_2327,8.999999999999984
P_1-1-pt_638,P_1-2_171,6.199999999999994
P_1-1-pt_638,P_1-3_4649,10.29999999999998
P_1-1-pt_638,P_1-1-pt_4541,1014.4000000001621
P_1-1-pt_842,P_1-1-pt_7890,3208.1999999981776
P_1-1-pt_842,P_1-3_89,4.999999999999998
P_1-1-pt_842,P_1-1-pt_6642,17.899999999999984
P_1-1-pt_842,P_1-3_1223,3.600000000000002
P_1-1-pt_842,P_1-3_4399,3.700000000000002
P_1-1-pt_842,P_2-1_1013,3.600000000000002
P_1-1-pt_842,P_1-2_1772,3.700000000000002
P_1-1-pt_842,P_1-2_1247,3.5000000000000018
P_1-1-pt_842,P_1-1-pt_3800,10.599999999999978
P_1-1-pt_842,P_1-2_3214,3.700000000000002
P_1-1-pt_842,P_1-2_4715,5.599999999999996
P_1-1-pt_842,P_1-1-pt_2770,10.399999999999979
P_1-1-pt_842,P_1-2_1196,9.89999999999998
P_1-1-pt_842,P_1-1-pt_5070,10.399999999999979
P_1-1-pt_842,P_1-1-pt_6355,9.99999999999998
P_1-1-pt_842,P_1-2_4454,5.399999999999997
P_1-1-pt_842,P_1-2_3590,5.299999999999997
P_1-1-pt_842,P_1-1-pt_8982,10.29999999999998
P_1-1-pt_842,P_1-1-pt_8969,10.19999999999998
P_1-1-pt_842,P_1-1-pt_3669,33.0000000000002
P_1-3_1975,P_1-1-pt_1138,7.29999999999999
P_1-3_1975,P_1-2_2735,14.599999999999964
P_1-3_1975,P_1-1-pt_654,6.199999999999994
P_1-1-pt_3669,P_2-1_2987,3.5000000000000018
P_1-1-pt_3669,P_1-2_829,3.600000000000002
P_1-1-pt_3669,P_1-1-pt_842,33.0000000000002
P_1-1-pt_3669,P_1-1-pt_7890,29.800000000000153
P_1-1-pt_3388,P_1-1-pt_5666,10.09999999999998
P_1-1-pt_3388,P_1-1-pt_3671,9.89999999999998
P_1-1-pt_3388,P_1-1-pt_6974,10.399999999999979
P_1-1-pt_3388,P_1-1-pt_3207,44.700000000000365
P_1-1-pt_3388,P_1-1-pt_98,32.60000000000019
P_1-1-pt_3388,P_1-1-pt_1610,10.999999999999977
P_1-1-pt_3388,P_1-1-pt_4736,9.099999999999984
P_1-1-pt_3388,P_1-1-pt_5167,10.399999999999979
P_1-1-pt_3388,P_1-1-pt_1747,10.29999999999998
P_1-1-pt_3388,P_1-1-pt_4345,10.399999999999979
P_1-1-pt_3388,P_1-1-pt_2194,205.7999999999926
P_1-1-pt_5209,P_1-1-pt_7462,18.099999999999987
P_1-1-pt_5209,P_1-2_2377,11.799999999999974
P_1-1-pt_5209,P_1-1-pt_6262,20.000000000000014
P_1-1-pt_5209,P_1-2_1948,81.59999999999964
P_1-1-pt_5209,P_1-1-pt_2164,975.0000000001531
P_1-1-pt_5209,P_1-1-pt_166,964.3000000001507
P_1-1-pt_5209,P_1-1-pt_5481,3.600000000000002
P_1-1-pt_8850,P_1-1-pt_7217,10.29999999999998
P_1-1-pt_8850,P_1-1-pt_2037,11.499999999999975
P_1-1-pt_8850,P_1-1-pt_1771,18.499999999999993
P_1-1-pt_8850,P_1-1-pt_3353,11.699999999999974
P_1-1-pt_3820,P_1-1-pt_1601,29.200000000000145
P_1-1-pt_3820,P_1-1-pt_7440,8.599999999999985
P_1-1-pt_3820,P_1-3_5477,12.099999999999973
P_1-1-pt_3820,P_1-1-pt_2844,1.3
P_1-1-pt_3820,P_1-1-pt_2474,1781.8999999994749
P_1-1-pt_3820,P_1-1-pt_7938,1854.5999999994087
P_2-1_410,P_1-3_2745,20.30000000000002
P_2-1_410,P_2-1_2438,10.09999999999998
P_2-1_410,P_1-2_960,10.09999999999998
P_2-1_410,P_1-2_1265,10.09999999999998
P_2-1_410,P_1-2_3952,10.19999999999998
P_1-2_4539,P_1-1-pt_3865,63.90000000000064
P_1-2_4539,P_1-3_71,22.300000000000047
P_1-2_4539,P_1-1-pt_6903,17.099999999999973
P_1-2_4539,P_1-1-pt_4262,2.700000000000001
P_1-2_4539,P_1-1-pt_119,461.3000000000364
P_2-1_5470,P_1-3_970,11.099999999999977
P_2-1_5470,P_1-3_75,8.699999999999985
P_2-1_5470,P_1-2_6019,9.699999999999982
P_2-1_5470,P_1-1-pt_4875,8.199999999999987
P_2-1_5470,P_1-2_3247,11.499999999999975
P_1-2_1471,P_2-1_4331,907.1000000001377
P_1-2_1471,P_1-2_4607,89.1999999999992
P_1-2_1471,P_2-1_5859,84.99999999999945
P_1-2_1471,P_1-1-pt_7917,61.4000000000006
P_1-2_1471,P_1-2_4886,79.19999999999978
P_1-2_1471,P_1-2_2229,79.99999999999973
P_1-2_1471,P_1-3_4751,79.69999999999975
P_1-2_1471,P_1-1-pt_7104,61.500000000000604
P_1-2_1471,P_2-1_1911,79.69999999999975
P_1-2_1471,P_2-1_3376,79.19999999999978
P_1-2_1471,P_1-2_2030,79.59999999999975
P_1-2_1471,P_2-1_1242,79.99999999999973
P_1-2_1471,P_1-2_6071,79.99999999999973
P_1-2_1471,P_1-3_4957,79.69999999999975
P_1-2_1471,P_2-1_3947,79.69999999999975
P_1-2_1471,P_2-1_6248,79.69999999999975
P_1-2_1471,P_2-1_6256,79.69999999999975
P_1-2_1471,P_1-3_3176,79.29999999999977
P_1-2_1471,P_1-2_1272,79.59999999999975
P_1-2_1471,P_1-2_3908,79.59999999999975
P_1-2_1471,P_2-1_2074,79.99999999999973
P_1-2_1471,P_1-2_2976,79.89999999999974
P_1-2_1471,P_1-2_1639,79.59999999999975
P_1-2_1471,P_2-1_497,79.69999999999975
P_1-2_1471,P_2-1_5435,79.59999999999975
P_1-2_1471,P_1-2_3005,86.39999999999937
P_1-2_1471,P_2-1_1408,92.99999999999899
P_1-2_1471,P_2-1_4664,69.30000000000034
P_1-2_5408,P_1-1-pt_1449,3.600000000000002
P_1-3_71,P_1-1-pt_3865,9.099999999999984
P_1-3_71,P_1-2_4539,22.300000000000047
P_1-3_71,P_1-1-pt_6624,12.199999999999973
P_1-3_71,P_1-2_645,2.700000000000001
P_2-1_488,P_1-3_5496,10.09999999999998
P_1-1-pt_1766,P_1-2_1313,20.600000000000023
P_1-1-pt_1766,P_1-3_2484,20.40000000000002
P_1-1-pt_1766,P_1-3_990,10.399999999999979
P_1-1-pt_1766,P_1-1-pt_2927,14.299999999999965
P_1-1-pt_1766,P_1-1-pt_696,2776.3999999985704
P_1-1-pt_4628,P_1-1-pt_4723,9.89999999999998
P_1-1-pt_4628,P_1-1-pt_3275,9.399999999999983
P_1-1-pt_4628,P_1-1-pt_1966,9.499999999999982
P_1-1-pt_4628,P_1-1-pt_1240,9.499999999999982
P_1-1-pt_4628,P_1-1-pt_4595,9.299999999999983
P_1-1-pt_4628,P_1-2_3052,4.899999999999999
P_1-1-pt_4628,P_1-1-pt_5906,9.499999999999982
P_1-1-pt_4628,P_1-1-pt_3762,9.099999999999984
P_1-1-pt_4628,P_1-1-pt_1226,10.899999999999977
P_1-1-pt_4628,P_1-1-pt_5392,10.09999999999998
P_1-1-pt_4628,P_1-1-pt_2992,10.799999999999978
P_1-1-pt_1771,P_1-2_163,10.19999999999998
P_1-1-pt_1771,P_1-1-pt_8869,17.999999999999986
P_1-1-pt_1771,P_1-1-pt_8850,18.499999999999993
P_1-1-veh_894,P_1-1-pt_1173,2023.2999999992553
P_1-3_1286,P_1-1-pt_6673,7.899999999999988
P_1-3_1286,P_1-1-pt_1670,5.099999999999998
P_1-1-pt_868,P_2-1_3764,10.09999999999998
P_1-1-pt_868,P_1-1-pt_3957,10.999999999999977
P_1-1-pt_868,P_2-1_2925,9.799999999999981
P_1-1-pt_868,P_2-1_63,9.99999999999998
P_1-1-pt_868,P_1-2_1612,10.29999999999998
P_1-1-pt_868,P_1-1-pt_6453,10.19999999999998
P_1-1-pt_868,P_1-1-pt_5170,10.399999999999979
P_1-1-pt_868,P_1-1-pt_7279,47.3000000000004
P_1-1-pt_868,P_1-3_1667,6.5999999999999925
P_1-1-pt_868,P_1-1-pt_3638,354.5000000000121
P_1-1-pt_868,P_1-3_2327,26.300000000000104
P_1-1-pt_868,P_1-2_171,3.0000000000000013
P_1-1-pt_868,P_1-2_1640,3.700000000000002
P_1-1-pt_868,P_1-2_5641,3.700000000000002
P_1-1-pt_5727,P_1-1-pt_1430,10.999999999999977
P_1-1-pt_5727,P_1-1-pt_216,20.800000000000026
P_1-1-pt_5727,P_1-1-pt_3386,1913.699999999355
P_1-1-pt_5727,P_1-1-pt_1323,1756.9999999994975
P_2-1_1211,P_1-3_2599,10.09999999999998
P_2-1_1211,P_1-2_5745,10.19999999999998
P_2-1_1211,P_1-1-pt_8289,23.400000000000063
P_2-1_1211,P_1-1-pt_8735,7.799999999999988
P_2-1_1211,P_1-2_4266,9.99999999999998
P_2-1_1211,P_1-3_3076,10.09999999999998
P_2-1_1211,P_1-1-pt_182,15.59999999999996
P_2-1_1211,P_1-2_4947,20.200000000000017
P_2-1_1211,P_1-3_4289,20.30000000000002
P_2-1_1211,P_1-3_5600,20.30000000000002
P_2-1_1211,P_2-1_2749,55.300000000000516
P_2-1_1211,P_1-1-pt_1639,15.59999999999996
P_2-1_1211,P_1-2_186,20.000000000000014
P_2-1_1211,P_1-2_5753,40.2000000000003
P_2-1_1211,P_1-1-veh_834,24.60000000000008
P_2-1_1211,P_1-2_1458,20.30000000000002
P_2-1_1211,P_1-3_1297,20.200000000000017
P_2-1_1211,P_1-3_743,20.200000000000017
P_2-1_1211,P_1-2_808,20.30000000000002
P_2-1_1211,P_1-2_1492,10.09999999999998
P_2-1_1211,P_1-2_5054,16.79999999999997
P_1-1-pt_7890,P_1-1-pt_842,3208.1999999981776
P_1-1-pt_7890,P_1-3_89,5.099999999999998
P_1-1-pt_7890,P_1-1-pt_6642,16.599999999999966
P_1-1-pt_7890,P_1-3_1223,3.700000000000002
P_1-1-pt_7890,P_1-3_4399,3.600000000000002
P_1-1-pt_7890,P_2-1_1013,3.600000000000002
P_1-1-pt_7890,P_1-2_1772,3.5000000000000018
P_1-1-pt_7890,P_1-2_1247,3.700000000000002
P_1-1-pt_7890,P_1-1-pt_3800,10.899999999999977
P_1-1-pt_7890,P_1-2_3214,3.700000000000002
P_1-1-pt_7890,P_1-2_4715,5.4999999999999964
P_1-1-pt_7890,P_1-1-pt_2770,10.09999999999998
P_1-1-pt_7890,P_1-2_1196,9.89999999999998
P_1-1-pt_7890,P_1-1-pt_5070,10.499999999999979
P_1-1-pt_7890,P_1-1-pt_6355,9.99999999999998
P_1-1-pt_7890,P_1-2_4454,5.299999999999997
P_1-1-pt_7890,P_1-2_3590,5.4999999999999964
P_1-1-pt_7890,P_1-1-pt_8982,10.19999999999998
P_1-1-pt_7890,P_1-1-pt_8969,10.19999999999998
P_1-1-pt_7890,P_1-1-pt_3669,29.800000000000153
P_1-2_3589,P_1-2_4340,20.50000000000002
P_1-2_3589,P_1-1-pt_654,10.399999999999979
P_1-2_3589,P_1-2_695,22.60000000000005
P_1-2_3589,P_1-2_2019,14.399999999999965
P_2-1_2785,P_1-2_1420,30.700000000000166
P_2-1_2785,P_1-3_228,30.400000000000162
P_2-1_2785,P_1-3_3776,30.500000000000163
P_2-1_2785,P_2-1_2161,30.500000000000163
P_2-1_2785,P_1-3_874,10.19999999999998
P_2-1_2785,P_1-3_1615,20.40000000000002
P_2-1_2785,P_1-2_5885,20.40000000000002
P_2-1_2785,P_1-3_5141,20.40000000000002
P_2-1_2785,P_2-1_3599,20.40000000000002
P_2-1_2785,P_1-2_4734,20.30000000000002
P_2-1_2785,P_1-3_2454,10.09999999999998
P_2-1_2785,P_1-2_4206,20.40000000000002
P_2-1_2785,P_1-3_1500,20.40000000000002
P_2-1_2785,P_2-1_6008,20.40000000000002
P_2-1_2785,P_1-2_1656,20.40000000000002
P_2-1_2785,P_1-3_3901,20.40000000000002
P_2-1_2785,P_1-2_1053,31.800000000000182
P_2-1_2785,P_1-2_5495,20.30000000000002
P_2-1_2785,P_1-2_4452,20.30000000000002
P_2-1_2785,P_1-3_3834,20.30000000000002
P_2-1_2785,P_1-3_1657,20.50000000000002
P_2-1_2785,P_1-2_3280,20.40000000000002
P_2-1_2785,P_1-3_3046,10.09999999999998
P_2-1_2785,P_1-3_3457,10.19999999999998
P_2-1_2785,P_1-3_372,10.19999999999998
P_2-1_2785,P_1-3_4168,10.19999999999998
P_2-1_2785,P_1-3_2053,10.09999999999998
P_2-1_2785,P_1-3_3054,10.09999999999998
P_2-1_2785,P_1-3_2256,10.19999999999998
P_2-1_2785,P_1-3_970,10.19999999999998
P_2-1_2785,P_1-3_5359,392.10000000002066
P_1-1-pt_8853,P_1-1-pt_1601,10.19999999999998
P_1-1-pt_5082,P_1-1-pt_4645,10.09999999999998
P_1-1-pt_5082,P_1-2_5803,7.899999999999988
P_1-1-pt_6322,P_1-1-pt_6368,10.699999999999978
P_1-1-pt_6322,P_1-3_3588,3.600000000000002
P_1-1-pt_6322,P_1-2_5348,3.700000000000002
P_1-1-pt_6322,P_1-1-pt_1044,19.500000000000007
P_1-2_1230,P_1-1-pt_3508,3.700000000000002
P_1-2_1230,P_1-1-pt_889,3.700000000000002
P_1-2_1230,P_1-1-pt_498,3.600000000000002
P_1-2_1230,P_1-1-pt_3797,3.700000000000002
P_1-2_1230,P_1-1-pt_1694,3.700000000000002
P_1-2_1230,P_1-1-pt_262,3.600000000000002
P_1-2_1230,P_1-1-pt_2032,7.799999999999988
P_1-2_1230,P_1-2_4266,10.09999999999998
P_1-2_1230,P_1-1-pt_8735,7.799999999999988
P_1-2_1230,P_1-2_4947,10.09999999999998
P_1-1-pt_5229,P_1-1-pt_8123,10.29999999999998
P_1-1-pt_5229,P_1-3_4591,3.800000000000002
P_1-1-pt_5229,P_1-2_4710,5.799999999999995
P_1-1-pt_5229,P_1-1-pt_5337,20.800000000000026
P_1-1-pt_5229,P_1-2_318,3.600000000000002
P_1-1-pt_5229,P_1-2_1918,3.700000000000002
P_1-1-pt_5229,P_1-3_4167,3.600000000000002
P_1-1-pt_5229,P_2-1_4998,12.89999999999997
P_1-1-pt_5229,P_1-1-pt_3220,10.699999999999978
P_1-1-pt_5229,P_1-1-pt_0,19.500000000000007
P_1-1-pt_5229,P_1-1-pt_787,10.699999999999978
P_1-1-pt_8994,P_1-1-pt_4380,19.200000000000003
P_1-1-pt_8994,P_1-1-pt_4589,37.40000000000026
P_1-1-pt_8994,P_1-2_2319,7.499999999999989
P_1-1-pt_8994,P_1-2_752,12.299999999999972
P_1-1-pt_8994,P_1-1-pt_5258,1467.7999999997605
P_1-3_1223,P_1-1-pt_842,3.600000000000002
P_1-3_1223,P_1-1-pt_7890,3.700000000000002
P_1-3_1223,P_1-3_3626,10.19999999999998
P_1-3_1223,P_1-2_5805,0.5
P_1-3_1223,P_1-2_2590,1.2
P_1-1-pt_2420,P_1-1-pt_2255,23.600000000000065
P_1-1-pt_2420,P_1-1-pt_3508,10.499999999999979
P_2-1_1443,P_2-1_3205,30.500000000000163
P_2-1_1443,P_1-2_2767,20.30000000000002
P_2-1_1443,P_2-1_2028,20.200000000000017
P_2-1_1443,P_2-1_6106,21.00000000000003
P_2-1_1443,P_1-3_1002,20.600000000000023
P_2-1_1443,P_1-2_4646,20.50000000000002
P_2-1_1443,P_1-3_2501,30.400000000000162
P_2-1_1443,P_2-1_4458,30.90000000000017
P_2-1_1443,P_1-3_3231,150.09999999999576
P_2-1_1443,P_1-2_2625,10.29999999999998
P_2-1_1443,P_1-1-pt_2808,7.899999999999988
P_2-1_1443,P_1-2_5752,10.29999999999998
P_2-1_1443,P_1-2_3210,10.29999999999998
P_2-1_1443,P_1-2_2470,142.69999999999618
P_1-2_4340,P_1-2_3589,20.50000000000002
P_1-2_4340,P_1-3_5376,9.399999999999983
P_1-2_4340,P_1-1-pt_654,9.599999999999982
P_1-2_4340,P_1-2_695,5.599999999999996
P_1-2_4340,P_1-2_2019,18.599999999999994
P_1-1-pt_4554,P_1-2_1699,8.499999999999986
P_1-1-pt_4554,P_1-1-pt_6642,22.000000000000043
P_1-1-pt_4554,P_1-1-pt_4212,10.599999999999978
P_1-1-pt_4554,P_1-1-pt_5982,10.699999999999978
P_1-1-pt_4554,P_1-1-pt_841,20.30000000000002
P_1-1-pt_4554,P_1-1-pt_8085,20.50000000000002
P_1-1-pt_4554,P_1-1-pt_4407,20.700000000000024
P_1-1-pt_6422,P_1-1-pt_5267,8.799999999999985
P_1-1-pt_6422,P_1-1-pt_2004,10.19999999999998
P_1-1-pt_6422,P_1-1-pt_2702,10.09999999999998
P_1-1-pt_6422,P_1-1-pt_7372,9.99999999999998
P_1-1-pt_6422,P_1-1-pt_6673,10.09999999999998
P_1-1-pt_6422,P_1-1-pt_562,10.499999999999979
P_1-1-pt_6422,P_1-1-pt_2863,10.09999999999998
P_1-1-pt_6422,P_1-1-pt_5819,17.69999999999998
P_1-2_676,P_1-3_283,91.79999999999906
P_1-2_676,P_1-2_1334,61.80000000000061
P_1-2_676,P_1-1-pt_5468,47.400000000000404
P_1-2_676,P_1-2_2335,62.10000000000061
P_1-2_676,P_1-3_3620,61.600000000000605
P_1-2_676,P_1-3_3787,30.90000000000017
P_2-1_2710,P_1-2_4853,10.29999999999998
P_2-1_2710,P_2-1_6130,10.29999999999998
P_1-1-pt_5066,P_1-1-pt_3097,10.999999999999977
P_1-1-pt_5066,P_1-1-pt_7208,14.499999999999964
P_1-1-pt_5066,P_1-1-pt_8027,11.599999999999975
P_1-1-pt_5066,P_1-1-pt_2187,7.699999999999989
P_1-1-pt_5066,P_1-1-pt_255,11.499999999999975
P_1-1-pt_5066,P_1-1-pt_7213,10.499999999999979
P_1-1-pt_5066,P_1-1-pt_494,10.499999999999979
P_1-1-pt_5066,P_1-1-pt_2162,10.599999999999978
P_1-1-pt_5066,P_1-1-pt_5897,10.699999999999978
P_1-1-pt_5066,P_1-1-pt_3769,10.699999999999978
P_1-1-pt_5066,P_1-1-pt_4671,10.599999999999978
P_1-1-pt_5066,P_1-1-pt_1270,11.499999999999975
P_1-1-pt_5066,P_1-1-pt_4919,21.00000000000003
P_1-1-pt_5066,P_1-1-pt_4397,10.699999999999978
P_1-1-pt_5066,P_1-1-veh_792,14.599999999999964
P_1-1-pt_5066,P_1-1-pt_7863,10.799999999999978
P_1-1-pt_5066,P_1-1-pt_8545,11.099999999999977
P_1-1-pt_5066,P_1-1-pt_5193,10.999999999999977
P_1-1-pt_5066,P_1-1-pt_7325,10.599999999999978
P_1-1-pt_5066,P_1-1-pt_8137,10.599999999999978
P_1-1-pt_5066,P_1-1-pt_6672,10.599999999999978
P_1-1-pt_5066,P_1-1-pt_5499,10.499999999999979
P_1-1-pt_5066,P_1-1-pt_704,10.799999999999978
P_1-1-pt_5066,P_1-1-pt_1542,10.899999999999977
P_1-1-pt_5066,P_1-1-pt_5941,10.899999999999977
P_1-1-pt_5066,P_1-1-pt_6389,10.999999999999977
P_1-1-pt_5066,P_1-1-pt_812,10.699999999999978
P_1-1-pt_5066,P_1-1-pt_7177,10.699999999999978
P_1-1-pt_5066,P_1-1-pt_3128,16.699999999999967
P_1-3_1002,P_2-1_6106,1078.5000000001146
P_1-3_1002,P_1-2_4646,75.00000000000001
P_1-3_1002,P_2-1_2626,51.30000000000046
P_1-3_1002,P_2-1_4458,71.90000000000019
P_1-3_1002,P_1-2_5752,71.8000000000002
P_1-3_1002,P_1-2_3210,71.8000000000002
P_1-3_1002,P_1-2_3464,71.40000000000022
P_1-3_1002,P_1-2_2080,72.00000000000018
P_1-3_1002,P_1-2_3821,72.10000000000018
P_1-3_1002,P_1-2_2797,72.10000000000018
P_1-3_1002,P_1-2_2580,72.10000000000018
P_1-3_1002,P_1-2_2767,30.800000000000168
P_1-3_1002,P_2-1_857,71.8000000000002
P_1-3_1002,P_1-2_2470,64.40000000000062
P_1-3_1002,P_2-1_2028,30.800000000000168
P_1-3_1002,P_1-1-veh_837,61.600000000000605
P_1-3_1002,P_1-3_4738,61.70000000000061
P_1-3_1002,P_1-3_1755,61.80000000000061
P_1-3_1002,P_1-3_2501,41.00000000000031
P_1-3_1002,P_1-3_3231,61.4000000000006
P_1-3_1002,P_2-1_1443,20.600000000000023
P_1-3_1002,P_2-1_3205,41.100000000000314
P_1-3_1002,P_1-2_2625,38.400000000000276
P_1-3_1539,P_1-3_3793,10.19999999999998
P_1-3_1539,P_1-3_870,10.09999999999998
P_1-3_1539,P_1-3_3926,10.09999999999998
P_1-1-pt_1639,P_1-2_4447,0.7999999999999999
P_1-1-pt_1639,P_1-1-veh_834,24.300000000000075
P_1-1-pt_1639,P_1-2_4465,15.69999999999996
P_1-1-pt_1639,P_1-2_186,28.700000000000138
P_1-1-pt_1639,P_1-1-veh_723,14.399999999999965
P_1-1-pt_1639,P_1-1-pt_101,80.99999999999967
P_1-1-pt_1639,P_1-1-pt_8289,45.00000000000037
P_1-1-pt_1639,P_1-1-pt_8735,10.19999999999998
P_1-1-pt_1639,P_1-2_4266,6.499999999999993
P_1-1-pt_1639,P_1-3_3076,7.699999999999989
P_1-1-pt_1639,P_1-2_5753,16.599999999999966
P_1-1-pt_1639,P_2-1_1211,15.59999999999996
P_1-1-pt_1639,P_1-1-pt_182,10.09999999999998
P_1-1-pt_1639,P_1-2_4947,7.799999999999988
P_1-1-pt_1639,P_1-3_4289,7.899999999999988
P_1-1-pt_1639,P_1-3_5600,7.799999999999988
P_1-1-pt_1639,P_2-1_2749,23.30000000000006
P_1-1-pt_1639,P_1-2_1458,7.799999999999988
P_1-1-pt_1639,P_1-3_1297,15.299999999999962
P_1-1-pt_1639,P_1-3_743,7.899999999999988
P_1-2_5983,P_1-1-pt_4568,3.5000000000000018
P_1-2_5983,P_1-1-pt_8083,7.799999999999988
P_1-2_5983,P_1-1-pt_2985,3.700000000000002
P_1-2_5983,P_1-1-pt_7732,3.700000000000002
P_2-1_2057,P_1-1-pt_6931,3.700000000000002
P_1-1-pt_8433,P_1-1-pt_8265,835.9000000001215
P_1-1-pt_7932,P_1-1-pt_3808,97.49999999999874
P_1-3_1402,P_2-1_6032,10.19999999999998
P_1-3_1402,P_1-3_5496,10.09999999999998
P_1-3_1402,P_2-1_883,2.0000000000000004
P_1-3_1402,P_1-2_3093,9.89999999999998
P_1-2_4447,P_1-1-pt_1639,0.7999999999999999
P_1-2_4447,P_1-3_5348,10.29999999999998
P_1-2_4447,P_1-1-veh_834,10.799999999999978
P_1-2_4447,P_1-1-pt_8289,8.099999999999987
P_1-2_4447,P_1-2_4266,15.099999999999962
P_1-1-pt_6991,P_1-1-pt_7638,9.799999999999981
P_1-1-pt_6991,P_1-1-pt_6381,9.99999999999998
P_2-1_3829,P_2-1_4748,10.29999999999998
P_2-1_3829,P_2-1_4909,10.09999999999998
P_1-3_4983,P_1-1-pt_3508,3.700000000000002
P_1-3_4983,P_1-1-pt_889,3.800000000000002
P_1-3_4983,P_1-1-pt_498,3.700000000000002
P_1-3_4983,P_1-1-pt_3797,3.600000000000002
P_1-3_4983,P_1-1-pt_1694,3.600000000000002
P_1-3_4983,P_1-1-pt_262,3.700000000000002
P_1-3_4983,P_1-1-pt_2032,7.799999999999988
P_1-3_4983,P_1-2_4266,10.09999999999998
P_1-3_4983,P_1-1-pt_8735,7.799999999999988
P_1-3_4983,P_1-2_4947,10.19999999999998
P_1-1-pt_8681,P_1-1-pt_3571,235.5999999999909
P_1-1-pt_8681,P_1-1-pt_1306,10.699999999999978
P_1-2_3318,P_1-2_593,946.8000000001467
P_1-3_5203,P_1-3_455,10.09999999999998
P_1-3_5203,P_2-1_883,16.29999999999996
P_1-3_2498,P_1-1-pt_7760,3.700000000000002
P_1-3_5348,P_1-2_4447,10.29999999999998
P_1-3_5348,P_1-1-veh_834,10.599999999999978
P_1-3_5348,P_1-1-pt_8289,7.799999999999988
P_1-3_5348,P_1-1-pt_5563,3.700000000000002
P_1-1-pt_3638,P_1-1-pt_7691,10.799999999999978
P_1-1-pt_3638,P_1-1-pt_7243,10.29999999999998
P_1-1-pt_3638,P_1-1-pt_521,10.599999999999978
P_1-1-pt_3638,P_1-1-pt_23,10.599999999999978
P_1-1-pt_3638,P_1-1-pt_5666,8.499999999999986
P_1-1-pt_3638,P_1-1-pt_5170,10.899999999999977
P_1-1-pt_3638,P_1-1-pt_7279,44.40000000000036
P_1-1-pt_3638,P_1-3_1667,19.1
P_1-1-pt_3638,P_1-1-pt_868,354.5000000000121
P_1-1-pt_3638,P_1-1-pt_8404,10.599999999999978
P_1-1-pt_3638,P_1-3_1134,12.199999999999973
P_1-1-pt_3638,P_1-3_2327,12.099999999999973
P_1-1-pt_3638,P_1-2_4285,16.599999999999966
P_1-1-pt_3638,P_1-1-veh_326,8.999999999999984
P_1-1-pt_3638,P_1-3_2279,12.099999999999973
P_1-1-pt_3638,P_1-1-pt_4064,1062.5000000001291
P_1-1-pt_3638,P_1-1-pt_7201,1057.7000000001335
P_1-1-pt_2262,P_1-1-pt_620,278.7999999999949
P_1-1-pt_2262,P_1-1-pt_7835,10.599999999999978
P_1-1-pt_2262,P_1-1-pt_3779,10.599999999999978
P_1-1-pt_2262,P_1-1-pt_6007,10.799999999999978
P_1-1-pt_2262,P_1-1-pt_5897,10.499999999999979
P_1-1-pt_2262,P_1-1-pt_5142,10.899999999999977
P_1-1-pt_2262,P_1-3_795,3.700000000000002
P_2-1_2098,P_1-1-veh_610,15.399999999999961
P_1-1-pt_5818,P_1-2_3224,4.5
P_1-1-pt_5818,P_1-1-pt_363,10.699999999999978
P_1-1-pt_5818,P_1-2_3006,14.899999999999963
P_1-3_4399,P_1-1-pt_842,3.700000000000002
P_1-3_4399,P_1-1-pt_7890,3.600000000000002
P_1-3_4399,P_1-3_3626,10.19999999999998
P_1-3_4399,P_1-2_2590,0.8999999999999999
P_1-3_3305,P_1-3_1737,17.899999999999984
P_1-3_3305,P_1-3_2588,17.399999999999977
P_1-2_3749,P_1-3_1503,635.0000000000758
P_1-2_3749,P_2-1_4789,634.9000000000758
P_1-2_3749,P_1-2_4339,133.19999999999672
P_1-2_3749,P_1-1-pt_3629,95.19999999999887
P_1-2_3749,P_1-1-pt_4572,95.09999999999887
P_1-2_3749,P_1-1-pt_1714,15.89999999999996
P_1-2_3749,P_1-2_2780,112.69999999999787
P_1-2_3749,P_1-2_2287,20.50000000000002
P_1-2_3749,P_1-3_5079,22.100000000000044
P_1-2_3749,P_1-2_4771,37.40000000000026
P_1-2_3749,P_2-1_4755,20.600000000000023
P_1-2_3749,P_1-3_1785,33.80000000000021
P_1-2_3749,P_1-1-pt_8911,15.79999999999996
P_1-2_3749,P_1-2_3081,20.50000000000002
P_1-3_909,P_2-1_6130,10.29999999999998
P_1-3_363,P_1-3_4996,14.299999999999965
P_1-1-pt_8866,P_1-1-pt_6209,10.999999999999977
P_1-1-pt_8866,P_1-1-pt_6297,11.099999999999977
P_1-1-pt_8866,P_1-1-pt_6038,12.399999999999972
P_1-1-pt_8866,P_1-1-pt_3021,10.499999999999979
P_1-1-pt_8866,P_1-1-pt_804,10.799999999999978
P_1-1-pt_8866,P_1-3_891,3.700000000000002
P_1-1-pt_8866,P_1-3_4690,3.700000000000002
P_1-1-pt_8866,P_1-1-pt_6931,10.699999999999978
P_1-1-pt_8866,P_1-3_4995,3.800000000000002
P_1-1-pt_8866,P_1-1-pt_8435,9.499999999999982
P_1-1-pt_8866,P_1-1-pt_6031,9.299999999999983
P_1-1-pt_8866,P_1-1-pt_7459,10.799999999999978
P_1-1-pt_8866,P_1-1-pt_4996,11.099999999999977
P_1-1-pt_8866,P_1-1-pt_4672,10.899999999999977
P_1-1-pt_8866,P_1-1-pt_1296,10.999999999999977
P_1-1-pt_8866,P_1-1-pt_5142,9.499999999999982
P_1-1-pt_8866,P_1-1-pt_8861,9.699999999999982
P_1-1-pt_8866,P_1-1-pt_2218,23.600000000000065
P_1-1-pt_8866,P_1-1-pt_8562,10.799999999999978
P_1-1-pt_8866,P_1-1-pt_1449,10.499999999999979
P_1-1-pt_8866,P_1-1-pt_3964,10.699999999999978
P_1-1-pt_8866,P_1-1-pt_1430,11.499999999999975
P_1-1-pt_8866,P_1-1-pt_3067,11.299999999999976
P_1-1-pt_8866,P_1-1-pt_2820,17.799999999999983
P_2-1_4674,P_1-2_1805,9.89999999999998
P_2-1_4674,P_1-2_5369,9.99999999999998
P_1-2_3432,P_1-3_4291,20.30000000000002
P_1-2_3432,P_1-2_2215,20.40000000000002
P_1-2_3432,P_1-3_4503,20.40000000000002
P_1-2_3432,P_1-2_3444,20.30000000000002
P_1-2_3432,P_1-3_5020,10.09999999999998
P_1-2_3432,P_1-2_5935,10.19999999999998
P_1-2_3432,P_1-3_3889,10.09999999999998
P_1-2_3432,P_1-2_2792,10.19999999999998
P_1-2_3432,P_1-2_2306,10.19999999999998
P_1-3_1134,P_1-1-pt_4541,8.899999999999984
P_1-3_1134,P_1-1-pt_8404,3.700000000000002
P_1-3_1134,P_1-1-pt_3638,12.199999999999973
P_1-3_1134,P_1-1-pt_4064,11.999999999999973
P_1-3_1134,P_1-1-pt_7201,11.699999999999974
P_1-3_1134,P_1-1-pt_467,7.799999999999988
P_1-1-pt_480,P_1-2_1953,16.89999999999997
P_1-1-pt_480,P_1-3_4809,3.700000000000002
P_1-1-pt_480,P_2-1_2034,3.700000000000002
P_1-1-pt_480,P_1-1-pt_1222,10.09999999999998
P_1-1-pt_480,P_1-1-pt_1577,9.99999999999998
P_1-1-pt_480,P_1-2_2295,3.700000000000002
P_1-1-pt_480,P_1-3_5452,5.1999999999999975
P_1-1-pt_480,P_2-1_6010,3.600000000000002
P_1-1-pt_480,P_1-3_3301,3.600000000000002
P_1-1-pt_480,P_1-1-pt_6747,8.899999999999984
P_1-1-pt_480,P_1-1-pt_1396,8.699999999999985
P_1-1-pt_480,P_1-1-pt_8838,17.999999999999986
P_1-1-pt_480,P_1-1-pt_4186,20.100000000000016
P_1-1-pt_480,P_1-2_1699,21.00000000000003
P_1-1-pt_1240,P_1-1-pt_8762,9.699999999999982
P_1-1-pt_1240,P_1-1-pt_1138,9.399999999999983
P_1-1-pt_1240,P_1-1-pt_5457,10.799999999999978
P_1-1-pt_1240,P_1-1-pt_6672,10.899999999999977
P_1-1-pt_1240,P_1-1-pt_5499,9.499999999999982
P_1-1-pt_1240,P_1-1-pt_704,9.299999999999983
P_1-1-pt_1240,P_1-1-pt_812,9.499999999999982
P_1-1-pt_1240,P_1-1-pt_8747,10.699999999999978
P_1-1-pt_1240,P_1-3_5376,19.200000000000003
P_1-1-pt_1240,P_1-1-pt_7177,9.699999999999982
P_1-1-pt_1240,P_1-2_1957,24.500000000000078
P_1-1-pt_1240,P_1-1-pt_3189,9.199999999999983
P_1-1-pt_1240,P_1-1-pt_1034,9.599999999999982
P_1-1-pt_1240,P_1-1-pt_6353,10.999999999999977
P_1-1-pt_1240,P_1-1-pt_4628,9.499999999999982
P_1-1-pt_1240,P_1-1-pt_3306,10.699999999999978
P_1-1-pt_1240,P_1-1-pt_5051,9.699999999999982
P_1-1-pt_1240,P_1-1-pt_281,9.399999999999983
P_1-1-pt_1240,P_1-1-pt_1660,9.299999999999983
P_1-1-pt_1240,P_1-1-pt_3275,11.199999999999976
P_1-2_1154,P_1-1-pt_6007,3.800000000000002
P_1-2_1154,P_1-1-pt_5666,8.399999999999986
P_1-2_3408,P_1-2_3693,15.99999999999996
P_2-1_4736,P_1-1-pt_687,9.599999999999982
P_2-1_4736,P_1-1-pt_363,5.999999999999995
P_1-1-pt_7388,P_1-1-pt_4353,319.3000000000041
P_1-1-pt_7388,P_1-1-pt_4855,95.19999999999887
P_1-1-pt_7388,P_1-2_5252,94.79999999999889
P_2-1_1290,P_1-1-pt_6031,0.2
P_1-1-pt_4806,P_1-3_1542,3.800000000000002
P_1-1-pt_4806,P_1-1-pt_6397,13.799999999999967
P_1-1-pt_4806,P_1-1-pt_4996,12.89999999999997
P_1-1-pt_4806,P_1-1-pt_4672,10.399999999999979
P_1-1-pt_4806,P_1-1-pt_6242,9.199999999999983
P_1-1-pt_4806,P_1-1-pt_1296,9.399999999999983
P_1-1-pt_4806,P_1-1-pt_5142,10.29999999999998
P_1-1-pt_4806,P_1-1-pt_8861,10.999999999999977
P_1-1-pt_4806,P_1-1-pt_8562,10.499999999999979
P_1-1-pt_4806,P_1-1-pt_1449,11.299999999999976
P_1-1-pt_4806,P_1-1-pt_3964,11.199999999999976
P_1-1-pt_4806,P_1-1-pt_1430,9.399999999999983
P_1-2_5374,P_1-3_3076,10.29999999999998
P_1-2_5374,P_1-1-pt_182,7.899999999999988
P_1-2_5374,P_1-3_4289,18.29999999999999
P_1-2_5374,P_1-3_5600,18.799999999999997
P_1-1-pt_3922,P_1-1-pt_2961,20.900000000000027
P_1-1-pt_3922,P_1-1-pt_3229,10.19999999999998
P_1-1-pt_3922,P_2-1_3058,3.700000000000002
P_1-1-pt_3922,P_1-1-pt_3372,10.29999999999998
P_1-1-pt_3922,P_1-3_2219,3.5000000000000018
P_1-1-pt_3922,P_1-2_1070,3.700000000000002
P_1-1-pt_3922,P_1-2_3224,3.700000000000002
P_1-1-pt_3922,P_1-1-pt_4019,2080.599999999203
P_1-1-pt_6007,P_1-1-pt_8410,10.999999999999977
P_1-1-pt_6007,P_1-1-pt_7447,10.09999999999998
P_1-1-pt_6007,P_1-1-pt_6427,10.09999999999998
P_1-1-pt_6007,P_1-1-pt_8316,10.19999999999998
P_1-1-pt_6007,P_1-1-veh_767,3.700000000000002
P_1-1-pt_6007,P_1-2_1154,3.800000000000002
P_1-1-pt_6007,P_1-1-pt_3025,10.799999999999978
P_1-1-pt_6007,P_1-1-pt_3993,10.09999999999998
P_1-1-pt_6007,P_1-1-pt_655,21.400000000000034
P_1-1-pt_6007,P_1-1-pt_1544,10.599999999999978
P_1-1-pt_6007,P_1-1-pt_6413,11.099999999999977
P_1-1-pt_6007,P_1-1-pt_4996,11.399999999999975
P_1-1-pt_6007,P_1-1-pt_4672,10.799999999999978
P_1-1-pt_6007,P_1-1-pt_1296,21.600000000000037
P_1-1-pt_6007,P_1-1-pt_6543,9.099999999999984
P_1-1-pt_6007,P_1-1-pt_3474,9.199999999999983
P_1-1-pt_6007,P_1-2_5466,1.9000000000000006
P_1-1-pt_6007,P_1-1-pt_2542,17.799999999999983
P_1-1-pt_6007,P_2-1_3764,14.899999999999963
P_1-1-pt_6007,P_1-1-pt_5346,10.999999999999977
P_1-1-pt_6007,P_1-1-pt_8435,12.499999999999972
P_1-1-pt_6007,P_1-1-pt_3046,10.899999999999977
P_1-1-pt_6007,P_1-1-pt_1354,12.599999999999971
P_1-1-pt_6007,P_1-1-pt_1473,11.299999999999976
P_1-1-pt_6007,P_1-1-pt_3700,10.999999999999977
P_1-1-pt_6007,P_1-1-pt_357,10.699999999999978
P_1-1-pt_6007,P_1-1-pt_234,9.299999999999983
P_1-1-pt_6007,P_1-1-pt_6297,11.099999999999977
P_1-1-pt_6007,P_1-1-pt_6209,11.199999999999976
P_1-1-pt_6007,P_1-1-pt_7459,10.799999999999978
P_1-1-pt_6007,P_1-1-pt_385,10.499999999999979
P_1-1-pt_6007,P_1-1-pt_7760,10.799999999999978
P_1-1-pt_6007,P_1-1-pt_3910,10.599999999999978
P_1-1-pt_6007,P_1-1-pt_5790,11.099999999999977
P_1-1-pt_6007,P_1-1-pt_620,9.799999999999981
P_1-1-pt_6007,P_1-1-pt_2262,10.799999999999978
P_1-1-pt_6007,P_1-1-pt_804,14.899999999999963
P_1-1-pt_6007,P_1-1-pt_3021,10.699999999999978
P_1-1-pt_6007,P_2-1_3844,13.499999999999968
P_1-1-pt_5068,P_1-1-pt_3055,10.399999999999979
P_1-1-pt_5068,P_1-1-pt_5587,3.4000000000000017
P_1-1-pt_5068,P_1-1-pt_5580,8.699999999999985
P_1-1-pt_5068,P_1-1-pt_1241,8.499999999999986
P_1-1-pt_5068,P_1-3_4291,15.499999999999961
P_1-1-pt_5068,P_1-2_2215,15.399999999999961
P_1-2_3952,P_2-1_2438,10.29999999999998
P_1-2_3952,P_2-1_410,10.19999999999998
P_1-2_3952,P_1-3_2745,10.19999999999998
P_1-1-pt_7217,P_1-1-pt_8850,10.29999999999998
P_1-2_808,P_1-1-pt_498,3.700000000000002
P_1-2_808,P_1-1-pt_3797,3.700000000000002
P_1-2_808,P_1-1-pt_1694,3.600000000000002
P_1-2_808,P_1-1-pt_262,3.900000000000002
P_1-2_808,P_1-3_2599,11.999999999999973
P_1-2_808,P_1-2_5745,17.399999999999977
P_1-2_808,P_1-2_4266,10.09999999999998
P_1-2_808,P_1-1-pt_8735,7.799999999999988
P_1-2_808,P_1-2_4947,10.19999999999998
P_1-2_808,P_1-3_4289,10.09999999999998
P_1-2_808,P_1-1-pt_1723,3.700000000000002
P_1-2_808,P_1-3_5600,10.09999999999998
P_1-2_808,P_1-1-pt_7067,9.499999999999982
P_1-2_808,P_1-2_1458,10.09999999999998
P_1-2_808,P_1-3_1297,10.09999999999998
P_1-2_808,P_1-3_743,10.09999999999998
P_1-2_808,P_2-1_2749,20.30000000000002
P_1-2_808,P_2-1_1211,20.30000000000002
P_1-2_808,P_1-1-pt_8289,7.799999999999988
P_1-2_808,P_1-2_5753,10.19999999999998
P_1-2_808,P_1-2_1492,10.09999999999998
P_1-2_808,P_1-2_5054,10.09999999999998
P_1-2_1672,P_1-3_2076,10.29999999999998
P_1-2_1672,P_1-3_3787,10.19999999999998
P_1-1-pt_7881,P_2-1_3764,10.19999999999998
P_1-1-pt_7881,P_1-1-pt_3957,10.999999999999977
P_1-1-pt_7881,P_2-1_2925,9.99999999999998
P_1-1-pt_7881,P_2-1_63,10.699999999999978
P_1-1-pt_7881,P_1-2_1612,10.09999999999998
P_1-1-pt_7881,P_1-1-pt_6453,10.29999999999998
P_1-1-pt_7881,P_1-3_3245,3.700000000000002
P_1-1-pt_7881,P_1-1-pt_2369,10.599999999999978
P_1-1-pt_7881,P_1-2_1127,11.399999999999975
P_1-1-pt_7881,P_1-1-pt_1853,11.099999999999977
P_1-1-pt_7881,P_1-1-pt_3207,56.30000000000053
P_1-1-pt_7881,P_1-1-pt_2880,8.599999999999985
P_1-1-pt_7881,P_1-1-pt_4345,32.700000000000195
P_1-1-pt_7881,P_1-1-pt_6743,7.799999999999988
P_1-1-pt_7881,P_1-1-pt_8280,10.499999999999979
P_1-1-pt_7881,P_1-1-pt_8016,12.299999999999972
P_1-1-pt_7881,P_1-1-pt_1497,51.90000000000047
P_1-1-pt_7881,P_1-1-pt_1747,147.29999999999592
P_1-1-pt_7881,P_1-1-pt_3671,132.29999999999677
P_1-1-pt_7881,P_1-1-pt_5167,113.49999999999783
P_1-1-pt_7881,P_1-1-pt_7447,306.6000000000012
P_1-1-pt_7881,P_1-1-pt_7243,782.8000000001094
P_1-1-pt_7881,P_1-1-pt_1610,131.09999999999684
P_1-1-pt_7881,P_1-1-pt_7372,22.50000000000005
P_1-1-pt_7881,P_1-1-pt_521,45.400000000000375
P_1-1-pt_7881,P_1-1-pt_98,90.79999999999912
P_1-1-pt_7881,P_1-1-pt_5267,41.800000000000324
P_1-1-pt_7881,P_1-1-pt_8316,21.500000000000036
P_1-1-pt_7881,P_1-1-pt_7573,21.00000000000003
P_1-1-pt_7881,P_1-1-veh_767,12.299999999999972
P_1-1-pt_7881,P_1-1-pt_1995,21.600000000000037
P_1-1-pt_7881,P_1-1-pt_2013,21.600000000000037
P_1-1-pt_7881,P_1-1-pt_3858,45.20000000000037
P_1-1-pt_7881,P_1-1-pt_562,21.500000000000036
P_1-3_213,P_1-1-pt_941,10.19999999999998
P_1-1-pt_4832,P_1-1-pt_5143,7.999999999999988
P_1-2_3745,P_1-1-pt_1449,3.600000000000002
P_1-2_3745,P_1-1-pt_1430,3.800000000000002
P_1-2_467,P_1-3_2018,11.699999999999974
P_1-2_467,P_1-2_5210,20.30000000000002
P_1-2_467,P_1-2_573,20.200000000000017
P_1-2_467,P_1-3_4954,20.100000000000016
P_1-2_5495,P_1-3_3776,30.600000000000165
P_1-2_5495,P_2-1_2161,20.40000000000002
P_1-2_5495,P_1-3_874,20.30000000000002
P_1-2_5495,P_1-3_1615,20.40000000000002
P_1-2_5495,P_1-2_5885,20.40000000000002
P_1-2_5495,P_1-3_5141,20.40000000000002
P_1-2_5495,P_2-1_3599,20.40000000000002
P_1-2_5495,P_1-2_4734,20.40000000000002
P_1-2_5495,P_1-3_2454,10.09999999999998
P_1-2_5495,P_1-2_4206,20.30000000000002
P_1-2_5495,P_1-3_1500,20.30000000000002
P_1-2_5495,P_2-1_6008,20.30000000000002
P_1-2_5495,P_1-2_1656,20.40000000000002
P_1-2_5495,P_1-3_3901,20.40000000000002
P_1-2_5495,P_1-2_1053,20.40000000000002
P_1-2_5495,P_2-1_2785,20.30000000000002
P_1-2_5495,P_1-2_1420,20.40000000000002
P_1-2_5495,P_1-3_228,20.30000000000002
P_1-2_5495,P_1-2_4452,56.90000000000054
P_1-2_5495,P_1-3_3834,20.40000000000002
P_1-2_5495,P_1-3_1657,20.40000000000002
P_1-2_5495,P_1-2_3280,10.19999999999998
P_1-2_5495,P_1-3_3046,10.19999999999998
P_1-2_5495,P_1-3_3457,10.19999999999998
P_1-2_5495,P_1-3_372,10.19999999999998
P_1-2_5495,P_1-3_4168,10.19999999999998
P_1-2_5495,P_1-3_2053,10.09999999999998
P_1-2_5495,P_1-3_3054,10.19999999999998
P_1-2_5495,P_1-3_2256,10.19999999999998
P_1-2_5495,P_1-3_970,10.19999999999998
P_1-2_5495,P_1-3_5359,10.19999999999998
P_1-2_5495,P_1-3_2203,10.29999999999998
P_1-2_5495,P_1-3_2540,10.19999999999998
P_1-2_5495,P_1-3_1243,10.09999999999998
P_1-3_4243,P_2-1_6173,10.09999999999998
P_1-1-pt_308,P_1-1-pt_8123,10.29999999999998
P_1-1-pt_308,P_1-1-pt_5836,10.09999999999998
P_1-1-pt_308,P_1-1-pt_1590,10.19999999999998
P_1-1-pt_308,P_1-2_1032,7.799999999999988
P_1-1-pt_308,P_2-1_670,7.799999999999988
P_1-1-pt_308,P_1-2_4710,15.299999999999962
P_1-1-pt_308,P_1-2_318,6.5999999999999925
P_1-1-pt_308,P_1-2_1685,7.799999999999988
P_1-1-pt_308,P_1-2_1918,7.899999999999988
P_1-1-pt_308,P_1-3_4167,7.899999999999988
P_1-1-pt_308,P_1-2_750,7.999999999999988
P_1-2_2160,P_1-1-pt_4645,32.20000000000019
P_1-1-veh_39,P_1-1-pt_7732,3.700000000000002
P_1-3_300,P_1-2_4730,74.50000000000004
P_1-3_300,P_1-1-pt_192,3.600000000000002
P_2-1_782,P_1-2_423,8.899999999999984
P_2-1_782,P_1-2_5020,8.099999999999987
P_2-1_782,P_1-2_471,7.999999999999988
P_2-1_782,P_1-1-pt_1923,9.299999999999983
P_2-1_782,P_1-1-pt_941,8.799999999999985
P_1-2_2026,P_1-2_5252,3.800000000000002
P_1-2_2026,P_1-1-pt_6540,10.799999999999978
P_1-1-pt_1577,P_1-1-pt_1396,10.09999999999998
P_1-1-pt_1577,P_1-1-pt_480,9.99999999999998
P_1-1-pt_1577,P_1-1-pt_8947,10.19999999999998
P_1-1-pt_7544,P_1-1-pt_1173,18.29999999999999
P_1-1-pt_7544,P_1-1-pt_821,18.19999999999999
P_1-1-pt_7544,P_1-1-pt_1401,18.599999999999994
P_1-2_1562,P_1-2_2653,9.599999999999982
P_1-1-pt_5173,P_1-1-pt_7691,8.599999999999985
P_1-1-pt_5173,P_1-1-pt_7243,9.799999999999981
P_1-1-pt_5173,P_1-1-pt_23,10.19999999999998
P_1-1-pt_5173,P_1-1-pt_521,9.89999999999998
P_1-1-pt_5173,P_1-1-pt_5666,10.09999999999998
P_1-1-pt_5173,P_1-1-pt_1853,8.499999999999986
P_1-1-pt_5173,P_1-1-pt_3207,9.99999999999998
P_1-1-pt_5173,P_1-1-pt_2880,9.399999999999983
P_1-1-pt_5173,P_1-1-pt_4345,9.599999999999982
P_1-1-pt_5173,P_1-1-pt_6743,10.399999999999979
P_1-1-pt_5173,P_1-1-pt_8280,10.399999999999979
P_1-1-pt_5173,P_1-1-pt_8016,8.899999999999984
P_1-1-pt_5173,P_1-1-pt_4879,9.199999999999983
P_1-1-pt_5173,P_1-1-pt_6974,9.799999999999981
P_1-1-pt_5173,P_1-1-pt_1497,12.299999999999972
P_1-1-pt_5173,P_1-1-pt_5167,10.599999999999978
P_1-1-pt_5173,P_1-1-pt_1747,10.499999999999979
P_1-1-pt_5173,P_1-1-pt_3671,10.19999999999998
P_1-1-pt_5173,P_1-1-pt_1610,5.399999999999997
P_1-1-pt_5173,P_1-1-pt_3360,0.2
P_1-3_4558,P_1-2_5640,30.500000000000163
P_1-3_4558,P_1-1-veh_337,20.30000000000002
P_1-2_4257,P_1-2_750,14.699999999999964
P_1-2_4257,P_1-2_4791,10.09999999999998
P_1-2_4257,P_1-2_1533,10.19999999999998
P_1-2_4257,P_1-3_5578,10.19999999999998
P_1-2_5348,P_1-1-pt_6322,3.700000000000002
P_1-2_5348,P_1-1-pt_5942,309.5000000000019
P_1-3_1297,P_1-1-veh_834,160.59999999999516
P_1-3_1297,P_1-1-pt_8289,24.500000000000078
P_1-3_1297,P_1-2_5753,31.60000000000018
P_1-3_1297,P_1-2_4947,10.09999999999998
P_1-3_1297,P_1-3_4289,10.09999999999998
P_1-3_1297,P_1-3_5600,10.09999999999998
P_1-3_1297,P_2-1_2749,20.200000000000017
P_1-3_1297,P_1-1-pt_1639,15.299999999999962
P_1-3_1297,P_1-2_186,20.700000000000024
P_1-3_1297,P_2-1_1211,20.200000000000017
P_1-3_1297,P_1-2_1458,10.09999999999998
P_1-3_1297,P_1-3_743,10.09999999999998
P_1-3_1297,P_1-2_808,10.09999999999998
P_1-1-pt_3684,P_1-3_2018,14.299999999999965
P_1-1-pt_3684,P_1-2_5210,7.799999999999988
P_1-1-pt_3684,P_1-2_573,9.799999999999981
P_1-1-pt_3684,P_1-3_4954,40.1000000000003
P_1-1-pt_3684,P_1-2_4589,166.8999999999948
P_1-1-pt_3684,P_1-3_4875,15.59999999999996
P_1-1-pt_3684,P_1-3_4775,15.59999999999996
P_1-1-pt_4405,P_1-1-pt_2317,10.19999999999998
P_1-1-pt_4405,P_1-1-pt_4740,10.19999999999998
P_1-1-pt_4405,P_1-1-pt_2119,10.09999999999998
P_1-2_750,P_1-2_4257,14.699999999999964
P_1-2_750,P_1-1-pt_8123,7.999999999999988
P_1-2_750,P_1-1-pt_308,7.999999999999988
P_1-1-pt_6242,P_1-1-pt_776,10.999999999999977
P_1-1-pt_6242,P_1-1-pt_3762,10.699999999999978
P_1-1-pt_6242,P_1-1-pt_8540,10.799999999999978
P_1-1-pt_6242,P_1-1-pt_2218,9.699999999999982
P_1-1-pt_6242,P_1-1-pt_2834,11.699999999999974
P_1-1-pt_6242,P_1-1-pt_6016,9.799999999999981
P_1-1-pt_6242,P_1-1-pt_5199,10.699999999999978
P_1-1-pt_6242,P_1-1-pt_4806,9.199999999999983
P_1-1-pt_6242,P_1-1-pt_6809,9.499999999999982
P_1-1-pt_6242,P_1-1-pt_5897,9.199999999999983
P_1-1-pt_6242,P_1-1-pt_3769,9.399999999999983
P_1-1-pt_6242,P_1-1-pt_4671,13.599999999999968
P_1-2_4104,P_1-3_3076,10.29999999999998
P_1-2_4104,P_1-1-pt_182,7.29999999999999
P_1-2_4104,P_1-3_4289,10.19999999999998
P_1-2_4104,P_1-3_5600,18.29999999999999
P_1-2_1919,P_1-2_4222,10.799999999999978
P_2-1_643,P_2-1_6247,23.30000000000006
P_1-3_220,P_1-2_2768,2.1000000000000005
P_1-3_220,P_1-2_2613,2.700000000000001
P_1-3_220,P_1-2_3575,20.200000000000017
P_1-3_220,P_1-1-pt_5906,10.399999999999979
P_1-1-pt_2037,P_1-1-pt_8850,11.499999999999975
P_1-1-pt_2037,P_1-1-pt_6771,169.39999999999466
P_1-1-pt_1981,P_1-1-pt_2606,9.99999999999998
P_1-1-pt_1981,P_1-1-pt_8747,22.300000000000047
P_1-1-pt_1981,P_1-1-pt_3189,22.60000000000005
P_1-1-pt_1981,P_1-1-pt_5392,19.300000000000004
P_1-1-pt_1981,P_1-1-pt_1138,2024.3999999992543
P_1-1-pt_1981,P_1-1-pt_5457,1801.499999999457
P_1-1-pt_1981,P_1-1-pt_8762,2026.1999999992527
P_1-1-pt_1981,P_1-1-pt_6353,23.800000000000068
P_1-1-pt_8947,P_1-1-pt_1222,10.09999999999998
P_1-1-pt_8947,P_1-1-pt_1577,10.19999999999998
P_1-1-pt_8947,P_1-3_1826,3.600000000000002
P_1-1-pt_8947,P_1-1-pt_6747,10.09999999999998
P_1-1-pt_8947,P_1-1-pt_1396,9.99999999999998
P_1-1-pt_8947,P_1-1-veh_515,9.499999999999982
P_1-1-pt_8947,P_1-1-pt_8838,21.300000000000033
P_1-1-pt_4071,P_2-1_3764,19.70000000000001
P_1-1-pt_4071,P_2-1_2925,19.80000000000001
P_1-1-pt_4071,P_2-1_63,19.70000000000001
P_1-1-pt_4071,P_1-2_1612,19.80000000000001
P_1-1-pt_4071,P_1-1-pt_6453,20.000000000000014
P_1-1-pt_4071,P_1-3_3245,12.099999999999973
P_1-1-pt_4071,P_2-1_5419,12.199999999999973
P_1-1-pt_4071,P_1-1-pt_8728,20.000000000000014
P_1-1-pt_4071,P_1-2_4483,19.80000000000001
P_1-1-pt_4071,P_2-1_461,12.099999999999973
P_1-1-pt_4071,P_1-1-pt_3957,3008.599999998359
P_1-2_549,P_1-1-pt_2529,7.899999999999988
P_1-1-pt_8562,P_1-1-pt_3762,10.599999999999978
P_1-1-pt_8562,P_1-1-pt_5199,18.29999999999999
P_1-1-pt_8562,P_1-1-pt_4806,10.499999999999979
P_1-1-pt_8562,P_1-1-pt_6809,10.899999999999977
P_1-1-pt_8562,P_1-1-pt_8866,10.799999999999978
P_1-1-pt_8562,P_1-1-pt_6543,9.599999999999982
P_1-1-pt_8562,P_1-1-pt_3474,9.799999999999981
P_1-1-pt_8562,P_1-1-pt_8435,10.699999999999978
P_1-1-pt_8562,P_1-1-pt_3097,11.099999999999977
P_1-1-pt_8562,P_1-1-pt_8545,14.399999999999965
P_1-1-pt_8562,P_1-1-pt_5193,15.59999999999996
P_1-2_4222,P_1-2_1919,10.799999999999978
P_2-1_6247,P_2-1_643,23.30000000000006
P_1-2_2319,P_1-1-pt_8994,7.499999999999989
P_1-2_87,P_1-1-pt_1396,7.999999999999988
P_1-2_87,P_1-1-pt_7638,3.800000000000002
P_1-2_87,P_1-1-pt_6381,8.199999999999987
P_1-2_87,P_1-1-pt_8368,15.59999999999996
P_1-3_637,P_1-1-pt_6779,4.799999999999999
P_1-2_3742,P_1-1-pt_2474,3.700000000000002
P_1-2_3742,P_1-1-pt_2164,3.700000000000002
P_1-2_3742,P_1-1-pt_6262,3.3000000000000016
P_1-2_3742,P_1-1-pt_5960,3.600000000000002
P_1-2_3742,P_1-1-pt_2894,3.700000000000002
P_1-2_3742,P_1-2_163,10.19999999999998
P_1-2_3742,P_1-1-pt_6189,3.800000000000002
P_1-3_1826,P_1-1-pt_1396,11.799999999999974
P_1-3_1826,P_1-1-pt_8947,3.600000000000002
P_1-2_3919,P_1-2_423,8.099999999999987
P_1-2_3919,P_1-2_5020,8.099999999999987
P_1-2_3919,P_1-2_471,8.099999999999987
P_1-2_3919,P_1-1-pt_941,6.299999999999994
P_1-1-pt_4779,P_1-1-pt_4850,18.099999999999987
P_1-1-pt_4779,P_1-1-pt_5143,15.299999999999962
P_1-1-pt_4779,P_1-1-pt_7684,18.19999999999999
P_1-1-pt_4779,P_1-1-veh_675,1048.6000000001418
P_1-1-pt_7697,P_1-2_2377,12.499999999999972
P_1-1-pt_7697,P_1-2_1948,3.700000000000002
P_1-1-pt_7697,P_1-1-pt_5481,10.999999999999977
P_1-1-pt_7697,P_1-3_4492,3.800000000000002
P_1-1-pt_7697,P_1-2_5937,3.800000000000002
P_1-1-pt_7697,P_1-3_2528,3.900000000000002
P_1-1-pt_7697,P_1-1-pt_4727,9.99999999999998
P_1-1-pt_889,P_1-1-pt_2032,9.99999999999998
P_1-1-pt_889,P_1-2_609,3.800000000000002
P_1-1-pt_889,P_1-2_1230,3.700000000000002
P_1-1-pt_889,P_1-3_4983,3.800000000000002
P_1-1-pt_889,P_1-2_4371,3.800000000000002
P_1-1-pt_889,P_1-2_5437,3.700000000000002
P_1-1-pt_889,P_1-1-pt_192,10.499999999999979
P_1-1-pt_889,P_1-2_4270,3.800000000000002
P_1-1-pt_889,P_1-2_172,3.800000000000002
P_2-1_4487,P_2-1_5001,79.99999999999973
P_2-1_4487,P_2-1_6266,91.1999999999991
P_2-1_4487,P_2-1_2486,31.300000000000175
P_2-1_4487,P_2-1_3601,20.700000000000024
P_1-2_4589,P_1-3_2018,19.200000000000003
P_1-2_4589,P_1-2_573,20.100000000000016
P_1-2_4589,P_1-2_5210,41.900000000000325
P_1-2_4589,P_1-3_4954,19.80000000000001
P_1-2_4589,P_1-3_2410,21.600000000000037
P_1-2_4589,P_1-1-pt_3684,166.8999999999948
P_1-2_4589,P_1-3_4775,16.99999999999997
P_1-2_4589,P_1-3_4875,27.40000000000012
P_1-3_3963,P_1-1-pt_7732,6.099999999999994
P_1-1-pt_4855,P_1-1-pt_7388,95.19999999999887
P_1-1-pt_4855,P_1-2_5252,277.4999999999946
P_1-1-pt_4855,P_1-1-pt_4353,20.900000000000027
P_1-1-pt_4855,P_1-1-pt_3573,1088.000000000106
P_1-3_3784,P_1-1-pt_3355,56.600000000000534
P_1-1-pt_8172,P_1-1-pt_6278,33.500000000000206
P_1-1-pt_8172,P_1-1-pt_3808,238.8999999999907
P_1-3_5053,P_1-1-pt_1350,8.099999999999987
P_1-3_5053,P_1-2_3654,16.89999999999997
P_1-3_5053,P_1-2_1736,17.399999999999977
P_2-1_4664,P_2-1_3376,81.99999999999962
P_2-1_4664,P_1-2_2030,81.89999999999962
P_2-1_4664,P_2-1_1242,79.49999999999976
P_2-1_4664,P_1-2_6071,79.49999999999976
P_2-1_4664,P_1-3_4957,79.59999999999975
P_2-1_4664,P_2-1_3947,79.99999999999973
P_2-1_4664,P_2-1_6248,79.69999999999975
P_2-1_4664,P_2-1_6256,79.89999999999974
P_2-1_4664,P_1-3_3176,79.69999999999975
P_2-1_4664,P_1-2_1272,79.79999999999974
P_2-1_4664,P_1-2_3908,79.79999999999974
P_2-1_4664,P_2-1_2074,79.99999999999973
P_2-1_4664,P_1-2_2976,70.0000000000003
P_2-1_4664,P_1-2_1639,79.69999999999975
P_2-1_4664,P_2-1_497,72.50000000000016
P_2-1_4664,P_2-1_5435,79.19999999999978
P_2-1_4664,P_1-2_3005,70.0000000000003
P_2-1_4664,P_2-1_1408,69.60000000000032
P_2-1_4664,P_1-2_1471,69.30000000000034
P_2-1_4664,P_2-1_4331,77.99999999999984
P_2-1_4664,P_1-2_4607,69.70000000000032
P_2-1_4664,P_2-1_5859,69.00000000000036
P_2-1_4664,P_1-1-pt_7917,874.6000000001303
P_2-1_4664,P_1-2_4886,872.0000000001297
P_2-1_4664,P_1-3_4751,70.0000000000003
P_2-1_4664,P_1-2_2229,883.9000000001324
P_2-1_4664,P_1-1-pt_7104,485.6000000000419
P_2-1_4664,P_2-1_1911,3224.9999999981624
P_1-1-pt_411,P_1-1-pt_2342,11.099999999999977
P_1-1-pt_411,P_1-1-pt_8368,11.399999999999975
P_1-1-pt_411,P_1-2_1699,7.799999999999988
P_1-1-pt_411,P_1-1-pt_8601,8.799999999999985
P_1-1-pt_411,P_1-1-pt_4212,10.599999999999978
P_1-1-pt_411,P_1-2_1435,9.199999999999983
P_1-2_4452,P_1-3_3776,30.500000000000163
P_1-2_4452,P_2-1_2161,20.40000000000002
P_1-2_4452,P_1-3_874,20.30000000000002
P_1-2_4452,P_1-3_1615,20.40000000000002
P_1-2_4452,P_1-2_5885,20.30000000000002
P_1-2_4452,P_1-3_5141,20.30000000000002
P_1-2_4452,P_2-1_3599,20.40000000000002
P_1-2_4452,P_1-2_4734,20.30000000000002
P_1-2_4452,P_1-3_2454,10.09999999999998
P_1-2_4452,P_1-2_4206,20.40000000000002
P_1-2_4452,P_1-3_1500,20.30000000000002
P_1-2_4452,P_2-1_6008,20.40000000000002
P_1-2_4452,P_1-2_1656,20.30000000000002
P_1-2_4452,P_1-3_3901,20.40000000000002
P_1-2_4452,P_1-2_1053,20.40000000000002
P_1-2_4452,P_2-1_2785,20.30000000000002
P_1-2_4452,P_1-2_1420,20.30000000000002
P_1-2_4452,P_1-3_228,20.40000000000002
P_1-2_4452,P_1-2_5495,56.90000000000054
P_1-2_4452,P_1-3_3834,20.40000000000002
P_1-2_4452,P_1-3_1657,20.40000000000002
P_1-2_4452,P_1-2_3280,10.29999999999998
P_1-2_4452,P_1-3_3046,10.19999999999998
P_1-2_4452,P_1-3_3457,10.19999999999998
P_1-2_4452,P_1-3_372,10.09999999999998
P_1-2_4452,P_1-3_4168,10.19999999999998
P_1-2_4452,P_1-3_2053,10.09999999999998
P_1-2_4452,P_1-3_3054,10.19999999999998
P_1-2_4452,P_1-3_2256,10.09999999999998
P_1-2_4452,P_1-3_970,10.19999999999998
P_1-2_4452,P_1-3_5359,10.19999999999998
P_1-2_4452,P_1-3_2203,10.19999999999998
P_1-2_4452,P_1-3_2540,10.19999999999998
P_1-2_4452,P_1-3_1243,10.19999999999998
P_1-1-pt_7835,P_1-1-pt_8682,18.39999999999999
P_1-1-pt_7835,P_1-1-pt_7142,11.499999999999975
P_1-1-pt_7835,P_1-1-pt_385,10.599999999999978
P_1-1-pt_7835,P_1-1-pt_6038,11.499999999999975
P_1-1-pt_7835,P_1-1-pt_5790,10.799999999999978
P_1-1-pt_7835,P_1-1-pt_620,9.299999999999983
P_1-1-pt_7835,P_1-1-pt_2262,10.599999999999978
P_1-1-pt_7835,P_1-1-pt_804,11.199999999999976
P_1-1-pt_7835,P_1-1-pt_2528,8.899999999999984
P_1-1-pt_7835,P_1-1-pt_972,8.799999999999985
P_1-1-pt_2747,P_1-3_5076,8.399999999999986
P_1-1-pt_2747,P_1-1-pt_5381,776.1000000001079
P_1-1-pt_6226,P_1-3_4775,15.59999999999996
P_1-1-pt_6226,P_1-3_2410,7.799999999999988
P_1-1-pt_6226,P_1-3_3253,40.2000000000003
P_1-1-pt_6226,P_1-3_2018,7.899999999999988
P_1-1-pt_6226,P_1-3_2633,23.30000000000006
P_1-1-pt_6226,P_1-3_331,56.000000000000526
P_1-1-pt_6226,P_1-2_5210,7.799999999999988
P_1-1-pt_6226,P_1-2_573,7.799999999999988
P_1-1-pt_6226,P_1-3_4954,8.499999999999986
P_1-1-pt_6226,P_1-2_4634,15.499999999999961
P_1-1-pt_6226,P_1-3_1815,15.499999999999961
P_1-1-pt_6226,P_1-3_4875,8.299999999999986
P_1-1-pt_5152,P_1-2_3488,7.799999999999988
P_1-1-pt_5152,P_1-1-pt_2129,10.09999999999998
P_1-1-pt_5152,P_1-1-pt_1039,10.09999999999998
P_1-1-pt_5152,P_1-1-pt_5275,9.99999999999998
P_1-1-pt_5152,P_1-1-pt_1700,9.99999999999998
P_1-1-pt_5152,P_1-1-pt_2782,9.99999999999998
P_1-1-pt_5152,P_1-3_2261,7.699999999999989
P_1-1-pt_5152,P_1-1-pt_413,10.09999999999998
P_1-1-pt_5152,P_1-1-pt_2854,9.99999999999998
P_1-1-pt_5152,P_1-1-pt_6602,10.09999999999998
P_1-1-pt_5152,P_1-1-pt_6335,8.999999999999984
P_1-1-pt_5152,P_1-3_186,7.799999999999988
P_1-1-pt_5152,P_1-2_3850,7.699999999999989
P_1-1-pt_5152,P_1-3_2683,7.699999999999989
P_1-1-pt_5152,P_1-1-pt_5452,10.09999999999998
P_1-1-pt_3360,P_1-1-pt_562,18.29999999999999
P_1-1-pt_3360,P_1-3_3433,14.899999999999963
P_1-1-pt_3360,P_1-1-pt_7355,16.79999999999997
P_1-1-pt_3360,P_1-1-pt_5173,0.2
P_1-3_5496,P_2-1_6032,10.19999999999998
P_1-3_5496,P_2-1_883,2.2000000000000006
P_1-3_5496,P_1-3_1402,10.09999999999998
P_1-3_5496,P_1-2_3093,9.89999999999998
P_1-3_5496,P_2-1_488,10.09999999999998
P_2-1_318,P_2-1_79,233.29999999999103
P_2-1_318,P_1-2_489,193.1999999999933
P_1-1-pt_1940,P_1-1-pt_1561,5.699999999999996
P_1-1-pt_1940,P_1-1-pt_8068,11.799999999999974
P_1-1-pt_1940,P_1-1-pt_4901,21.20000000000003
P_1-1-pt_1940,P_2-1_2384,26.0000000000001
P_1-1-pt_1940,P_1-1-pt_624,10.599999999999978
P_1-1-pt_1940,P_1-1-pt_6031,21.90000000000004
P_1-1-pt_1940,P_1-1-pt_5876,24.800000000000082
P_1-1-pt_1940,P_1-1-pt_7262,20.900000000000027
P_1-1-pt_1940,P_1-1-pt_7459,11.299999999999976
P_1-1-pt_1940,P_1-3_1047,3.700000000000002
P_1-1-pt_1940,P_1-3_4060,3.700000000000002
P_1-1-pt_1940,P_1-1-pt_8553,10.599999999999978
P_1-1-pt_1940,P_1-1-pt_150,20.50000000000002
P_1-1-pt_3474,P_1-3_520,5.399999999999997
P_1-1-pt_3474,P_1-3_3549,8.399999999999986
P_1-1-pt_3474,P_1-1-pt_4901,11.499999999999975
P_1-1-pt_3474,P_1-1-pt_624,11.199999999999976
P_1-1-pt_3474,P_1-1-pt_6409,12.69999999999997
P_1-1-pt_3474,P_1-1-pt_8435,10.699999999999978
P_1-1-pt_3474,P_1-1-pt_6031,10.699999999999978
P_1-1-pt_3474,P_1-1-pt_2542,28.700000000000138
P_1-1-pt_3474,P_1-1-pt_7459,10.29999999999998
P_1-1-pt_3474,P_1-1-pt_6543,3.900000000000002
P_1-1-pt_3474,P_1-1-pt_6007,9.199999999999983
P_1-1-pt_3474,P_1-1-pt_5142,10.799999999999978
P_1-1-pt_3474,P_1-1-pt_8861,7.599999999999989
P_1-1-pt_3474,P_1-1-pt_2218,12.89999999999997
P_1-1-pt_3474,P_1-1-pt_8562,9.799999999999981
P_1-1-pt_3474,P_1-1-pt_1449,9.399999999999983
P_1-1-pt_3474,P_1-1-pt_3964,11.899999999999974
P_1-1-pt_3474,P_1-1-pt_3067,11.499999999999975
P_1-1-pt_3474,P_1-1-pt_1430,10.999999999999977
P_1-1-pt_3474,P_1-3_3979,8.299999999999986
P_1-3_4060,P_1-1-pt_2503,9.199999999999983
P_1-3_4060,P_1-1-pt_5886,7.899999999999988
P_1-3_4060,P_1-1-pt_1940,3.700000000000002
P_1-3_4060,P_1-1-pt_7262,7.899999999999988
P_1-3_4060,P_1-1-pt_7760,3.600000000000002
P_1-3_4060,P_1-1-pt_3910,4.4
P_1-3_4060,P_1-1-pt_6346,3.700000000000002
P_1-3_3231,P_2-1_4458,41.100000000000314
P_1-3_3231,P_1-2_5752,71.8000000000002
P_1-3_3231,P_1-2_3210,71.8000000000002
P_1-3_3231,P_1-2_3464,61.600000000000605
P_1-3_3231,P_1-2_2080,61.600000000000605
P_1-3_3231,P_1-2_3821,61.600000000000605
P_1-3_3231,P_1-2_2797,61.70000000000061
P_1-3_3231,P_1-2_2580,61.600000000000605
P_1-3_3231,P_1-2_2767,41.00000000000031
P_1-3_3231,P_2-1_857,61.70000000000061
P_1-3_3231,P_1-2_2470,181.39999999999398
P_1-3_3231,P_2-1_2028,41.200000000000315
P_1-3_3231,P_1-1-veh_837,61.80000000000061
P_1-3_3231,P_1-3_4738,61.80000000000061
P_1-3_3231,P_1-3_1755,61.80000000000061
P_1-3_3231,P_2-1_6106,61.3000000000006
P_1-3_3231,P_1-3_1002,61.4000000000006
P_1-3_3231,P_1-2_4646,61.600000000000605
P_1-3_3231,P_1-3_2501,30.800000000000168
P_1-3_3231,P_2-1_2626,30.700000000000166
P_1-3_3231,P_2-1_1443,150.09999999999576
P_1-3_3231,P_2-1_3205,30.800000000000168
P_1-3_3231,P_1-2_2625,30.800000000000168
P_1-3_4996,P_1-2_471,0.7
P_1-3_4996,P_1-3_3626,10.09999999999998
P_1-3_4996,P_1-2_5805,2.500000000000001
P_1-3_4996,P_1-2_2590,0.9999999999999999
P_1-3_4996,P_1-2_5092,0.4
P_1-3_4996,P_1-3_5354,9.99999999999998
P_1-3_4996,P_1-3_4587,10.09999999999998
P_1-3_4996,P_1-3_2180,10.09999999999998
P_1-3_4996,P_1-3_2076,9.99999999999998
P_1-3_4996,P_1-3_5582,19.500000000000007
P_1-3_4996,P_2-1_4769,57.60000000000055
P_1-3_4996,P_1-3_363,14.299999999999965
P_1-3_3103,P_1-1-pt_7684,3.3000000000000016
P_1-3_3103,P_1-1-pt_5399,10.899999999999977
P_1-3_3103,P_1-2_3693,10.899999999999977
P_1-3_3103,P_1-1-pt_2012,3.800000000000002
P_2-1_1013,P_1-1-pt_842,3.600000000000002
P_2-1_1013,P_1-1-pt_7890,3.600000000000002
P_1-1-pt_357,P_1-1-pt_150,10.599999999999978
P_1-1-pt_357,P_1-1-pt_8068,11.099999999999977
P_1-1-pt_357,P_1-1-pt_4901,11.299999999999976
P_1-1-pt_357,P_2-1_2384,8.899999999999984
P_1-1-pt_357,P_1-1-pt_624,10.899999999999977
P_1-1-pt_357,P_1-1-pt_6031,9.399999999999983
P_1-1-pt_357,P_1-1-pt_3779,13.799999999999967
P_1-1-pt_357,P_1-1-pt_6007,10.699999999999978
P_1-1-pt_357,P_1-1-pt_5897,12.499999999999972
P_1-1-pt_357,P_1-1-pt_3769,12.599999999999971
P_1-1-pt_357,P_1-1-pt_4671,13.799999999999967
P_1-1-pt_357,P_1-1-pt_5142,12.599999999999971
P_1-1-pt_357,P_1-1-pt_4919,12.599999999999971
P_1-1-pt_357,P_1-1-pt_4397,12.79999999999997
P_1-1-pt_357,P_1-1-pt_6453,19.200000000000003
P_1-1-pt_357,P_1-1-pt_3964,11.499999999999975
P_1-1-pt_357,P_1-1-pt_3067,13.299999999999969
P_1-1-pt_357,P_1-1-pt_1430,10.999999999999977
P_1-1-pt_357,P_1-1-pt_530,9.89999999999998
P_1-1-pt_357,P_1-1-pt_761,10.19999999999998
P_1-1-pt_357,P_1-1-pt_3700,2540.499999998785
P_1-2_3221,P_1-3_1667,22.800000000000054
P_2-1_6102,P_2-1_4127,9.99999999999998
P_1-3_2386,P_1-1-pt_6292,15.69999999999996
P_1-3_2386,P_1-2_5428,20.200000000000017
P_1-2_4371,P_1-1-pt_3508,3.700000000000002
P_1-2_4371,P_1-1-pt_889,3.800000000000002
P_1-2_4371,P_1-1-pt_498,3.800000000000002
P_1-2_4371,P_1-1-pt_3797,3.700000000000002
P_1-2_4371,P_1-1-pt_1694,3.700000000000002
P_1-2_4371,P_1-1-pt_262,3.600000000000002
P_1-2_4371,P_1-1-pt_2032,7.799999999999988
P_1-2_4371,P_1-2_4947,10.09999999999998
P_1-1-pt_7645,P_1-1-pt_2427,18.39999999999999
P_1-1-pt_7645,P_1-1-pt_192,21.400000000000034
P_1-1-pt_7645,P_1-1-pt_3508,17.69999999999998
P_1-1-pt_8798,P_1-1-pt_3405,21.10000000000003
P_1-1-pt_8798,P_1-1-pt_7080,17.899999999999984
P_1-1-pt_8798,P_1-3_2397,17.49999999999998
P_1-1-pt_8798,P_1-1-pt_7262,10.09999999999998
P_1-1-pt_8798,P_1-1-pt_1020,151.59999999999567
P_1-3_962,P_1-1-pt_6516,7.999999999999988
P_1-3_1667,P_1-2_3221,22.800000000000054
P_1-3_1667,P_1-1-pt_3638,19.1
P_1-3_1667,P_1-1-pt_868,6.5999999999999925
P_1-3_209,P_1-1-pt_7760,17.69999999999998
P_1-3_209,P_1-1-pt_7641,3.700000000000002
P_1-1-pt_7684,P_1-1-pt_5143,9.89999999999998
P_1-1-pt_7684,P_1-3_3103,3.3000000000000016
P_1-1-pt_7684,P_1-1-pt_4779,18.19999999999999
P_1-1-pt_7684,P_1-1-pt_5399,1510.7999999997214
P_1-1-pt_7684,P_1-1-veh_675,0.1
P_1-1-pt_8404,P_1-1-pt_1449,10.699999999999978
P_1-1-pt_8404,P_1-1-pt_2820,9.99999999999998
P_1-1-pt_8404,P_1-1-pt_467,9.99999999999998
P_1-1-pt_8404,P_1-3_410,3.600000000000002
P_1-1-pt_8404,P_1-3_2280,3.700000000000002
P_1-1-pt_8404,P_1-2_2473,3.700000000000002
P_1-1-pt_8404,P_1-1-pt_7201,22.200000000000045
P_1-1-pt_8404,P_1-1-pt_4064,22.200000000000045
P_1-1-pt_8404,P_1-3_1571,8.799999999999985
P_1-1-pt_8404,P_1-1-pt_3638,10.599999999999978
P_1-1-pt_8404,P_1-3_1134,3.700000000000002
P_1-1-pt_8404,P_1-1-pt_1170,9.099999999999984
P_1-1-pt_8404,P_1-1-pt_3171,10.999999999999977
P_1-1-pt_8404,P_1-1-pt_65,9.399999999999983
P_1-1-pt_8404,P_1-1-pt_1866,10.599999999999978
P_1-1-pt_8404,P_1-1-pt_5170,11.199999999999976
P_1-1-pt_4345,P_1-1-pt_2194,0.6
P_1-1-pt_4345,P_1-1-pt_3388,10.399999999999979
P_1-1-pt_4345,P_1-1-pt_4070,11.099999999999977
P_1-1-pt_4345,P_1-1-pt_5167,331.6000000000069
P_1-1-pt_4345,P_1-1-pt_1747,23.10000000000006
P_1-1-pt_4345,P_1-1-pt_3671,24.300000000000075
P_1-1-pt_4345,P_1-1-pt_459,9.99999999999998
P_1-1-pt_4345,P_1-1-pt_8016,21.500000000000036
P_1-1-pt_4345,P_1-1-pt_1610,22.40000000000005
P_1-1-pt_4345,P_1-1-pt_8731,12.099999999999973
P_1-1-pt_4345,P_1-1-veh_610,3.800000000000002
P_1-1-pt_4345,P_1-1-pt_8280,24.00000000000007
P_1-1-pt_4345,P_1-1-pt_5173,9.599999999999982
P_1-1-pt_4345,P_1-1-pt_5170,10.699999999999978
P_1-1-pt_4345,P_1-1-pt_7243,21.80000000000004
P_1-1-pt_4345,P_1-1-pt_7881,32.700000000000195
P_1-1-pt_4345,P_1-1-pt_7447,20.000000000000014
P_1-1-pt_4345,P_1-1-pt_23,22.200000000000045
P_1-1-pt_4345,P_1-1-pt_521,23.700000000000067
P_1-1-pt_4345,P_1-1-pt_8316,10.09999999999998
P_1-1-pt_4345,P_1-1-pt_1170,10.599999999999978
P_1-1-pt_4345,P_1-1-pt_3171,10.599999999999978
P_1-1-pt_4345,P_1-1-veh_767,3.600000000000002
P_1-1-pt_4345,P_1-1-pt_3207,22.200000000000045
P_1-1-pt_4345,P_1-1-pt_6743,9.99999999999998
P_1-1-pt_4345,P_1-1-pt_7372,10.799999999999978
P_1-1-pt_4345,P_1-1-pt_6974,9.89999999999998
P_1-1-pt_4345,P_1-1-pt_1497,9.89999999999998
P_1-1-pt_4345,P_1-1-pt_98,10.999999999999977
P_1-1-pt_4345,P_1-1-pt_2013,62.40000000000062
P_1-1-pt_4345,P_1-1-pt_562,16.19999999999996
P_1-2_1130,P_1-1-veh_337,18.599999999999994
P_1-2_1453,P_1-1-pt_1670,4.4
P_1-2_1453,P_1-1-pt_5139,7.899999999999988
P_1-2_1453,P_1-1-pt_2431,8.599999999999985
P_1-2_4836,P_1-2_3488,7.999999999999988
P_1-2_4836,P_1-2_2237,10.09999999999998
P_1-2_4836,P_1-3_2261,7.999999999999988
P_1-2_4836,P_1-2_4061,10.09999999999998
P_1-2_4836,P_1-3_186,8.099999999999987
P_1-2_4836,P_1-2_3850,8.099999999999987
P_1-2_4836,P_1-2_3247,9.99999999999998
P_1-2_4836,P_1-3_2683,8.099999999999987
P_1-2_4836,P_2-1_6187,10.09999999999998
P_1-3_4856,P_1-2_262,12.299999999999972
P_2-1_6173,P_1-3_4243,10.09999999999998
P_2-1_494,P_1-2_5634,20.30000000000002
P_2-1_494,P_1-2_4853,10.19999999999998
P_2-1_494,P_2-1_6130,10.19999999999998
P_1-3_1135,P_1-3_2018,9.99999999999998
P_1-3_1135,P_1-2_5210,9.99999999999998
P_1-3_1135,P_1-2_573,16.19999999999996
P_1-3_1135,P_1-3_4954,19.70000000000001
P_1-3_1135,P_1-3_2410,21.500000000000036
P_1-3_1135,P_1-3_4875,19.0
P_1-3_1135,P_1-3_4775,19.0
P_1-2_364,P_1-1-pt_7732,14.599999999999964
P_1-2_1003,P_1-1-pt_7760,3.700000000000002
P_1-2_645,P_1-3_71,2.700000000000001
P_1-1-pt_7641,P_1-3_3494,3.600000000000002
P_1-1-pt_7641,P_1-3_209,3.700000000000002
P_1-1-pt_2247,P_1-1-pt_5142,21.600000000000037
P_1-1-pt_2247,P_1-1-pt_1034,10.699999999999978
P_1-1-pt_2247,P_1-1-pt_2317,10.29999999999998
P_1-1-pt_2255,P_1-1-pt_8982,10.09999999999998
P_1-1-pt_2255,P_1-1-pt_8969,9.99999999999998
P_1-1-pt_2255,P_1-1-pt_3353,25.700000000000095
P_1-1-pt_2255,P_1-1-pt_2420,23.600000000000065
P_1-1-pt_2255,P_1-1-pt_1601,8.899999999999984
P_1-1-pt_5876,P_1-2_6013,11.499999999999975
P_1-1-pt_5876,P_1-1-pt_4901,10.999999999999977
P_1-1-pt_5876,P_1-1-pt_624,33.1000000000002
P_1-1-pt_5876,P_1-3_767,11.399999999999975
P_1-1-pt_5876,P_1-1-pt_6334,6.8999999999999915
P_1-1-pt_5876,P_1-1-pt_8682,8.699999999999985
P_1-1-pt_5876,P_1-1-pt_3779,10.599999999999978
P_1-1-pt_5876,P_1-2_3156,13.799999999999967
P_1-1-pt_5876,P_1-1-pt_1940,24.800000000000082
P_1-1-pt_5876,P_1-1-pt_6031,60.30000000000059
P_1-1-pt_5876,P_2-1_2136,5.599999999999996
P_2-1_4012,P_2-1_3797,50.50000000000045
P_2-1_4012,P_2-1_595,225.99999999999145
P_2-1_4012,P_1-2_168,17.69999999999998
P_2-1_4012,P_1-2_3708,16.599999999999966
P_2-1_4012,P_2-1_3175,60.00000000000058
P_2-1_4871,P_1-1-pt_2771,12.099999999999973
P_2-1_4871,P_1-1-pt_7208,11.399999999999975
P_1-1-pt_5975,P_1-1-pt_5258,25.600000000000094
P_1-1-pt_5975,P_1-2_2377,33.400000000000205
P_1-1-pt_3306,P_1-1-pt_2383,11.399999999999975
P_1-1-pt_3306,P_1-1-pt_1560,8.799999999999985
P_1-1-pt_3306,P_1-1-pt_1966,9.799999999999981
P_1-1-pt_3306,P_1-1-pt_1240,10.699999999999978
P_1-1-pt_3306,P_1-1-pt_4595,9.89999999999998
P_1-2_5466,P_1-1-pt_6007,1.9000000000000006
P_1-2_5466,P_1-1-pt_2542,14.499999999999964
P_1-2_5466,P_2-1_3764,531.4000000000523
P_1-1-pt_3700,P_1-1-pt_2297,10.799999999999978
P_1-1-pt_3700,P_1-1-pt_8068,10.899999999999977
P_1-1-pt_3700,P_1-2_505,7.599999999999989
P_1-1-pt_3700,P_1-1-pt_4901,10.799999999999978
P_1-1-pt_3700,P_2-1_2384,10.19999999999998
P_1-1-pt_3700,P_1-1-pt_624,10.599999999999978
P_1-1-pt_3700,P_1-1-pt_6031,10.799999999999978
P_1-1-pt_3700,P_1-1-pt_3779,12.299999999999972
P_1-1-pt_3700,P_1-1-pt_6007,10.999999999999977
P_1-1-pt_3700,P_1-1-pt_5897,12.69999999999997
P_1-1-pt_3700,P_1-1-pt_3769,12.79999999999997
P_1-1-pt_3700,P_1-1-pt_4671,12.79999999999997
P_1-1-pt_3700,P_1-1-pt_5142,12.399999999999972
P_1-1-pt_3700,P_1-1-pt_4919,12.599999999999971
P_1-1-pt_3700,P_1-1-pt_4397,12.69999999999997
P_1-1-pt_3700,P_1-1-pt_6453,19.500000000000007
P_1-1-pt_3700,P_1-1-pt_3964,13.09999999999997
P_1-1-pt_3700,P_1-1-pt_3067,13.399999999999968
P_1-1-pt_3700,P_1-1-pt_1430,11.299999999999976
P_1-1-pt_3700,P_1-1-pt_530,9.699999999999982
P_1-1-pt_3700,P_1-1-pt_761,10.09999999999998
P_1-1-pt_3700,P_1-1-pt_357,2540.499999998785
P_1-1-pt_5337,P_1-1-pt_3355,10.09999999999998
P_1-1-pt_5337,P_1-1-pt_7806,8.599999999999985
P_1-1-pt_5337,P_1-1-pt_5836,10.09999999999998
P_1-1-pt_5337,P_1-1-pt_5229,20.800000000000026
P_1-1-pt_5337,P_1-2_318,13.799999999999967
P_1-1-pt_5337,P_1-1-pt_804,13.09999999999997
P_1-1-pt_5337,P_1-1-pt_8815,695.4000000000896
P_1-1-pt_1204,P_1-1-pt_2431,8.599999999999985
P_1-1-pt_1204,P_1-1-pt_1167,1101.6000000000936
P_1-1-pt_6189,P_1-1-pt_3800,10.599999999999978
P_1-1-pt_6189,P_1-2_3214,3.600000000000002
P_1-1-pt_6189,P_1-2_4715,5.299999999999997
P_1-1-pt_6189,P_1-1-pt_2770,10.399999999999979
P_1-1-pt_6189,P_1-2_1196,9.99999999999998
P_1-1-pt_6189,P_1-1-pt_5070,10.399999999999979
P_1-1-pt_6189,P_1-1-pt_6355,17.69999999999998
P_1-1-pt_6189,P_1-1-pt_2425,8.499999999999986
P_1-1-pt_6189,P_2-1_2911,13.299999999999969
P_1-1-pt_6189,P_1-2_3742,3.800000000000002
P_1-1-pt_6189,P_1-1-veh_170,3.700000000000002
P_1-1-pt_6189,P_1-1-pt_7462,10.09999999999998
P_1-3_4236,P_1-1-pt_6779,6.299999999999994
P_1-1-pt_6543,P_1-1-pt_6209,10.599999999999978
P_1-1-pt_6543,P_1-1-pt_6297,10.599999999999978
P_1-1-pt_6543,P_1-1-pt_6038,10.799999999999978
P_1-1-pt_6543,P_1-1-pt_3021,11.199999999999976
P_1-1-pt_6543,P_1-1-pt_804,11.299999999999976
P_1-1-pt_6543,P_1-3_4690,4.4
P_1-1-pt_6543,P_1-1-pt_6931,10.699999999999978
P_1-1-pt_6543,P_1-3_4995,3.700000000000002
P_1-1-pt_6543,P_1-1-pt_6031,9.399999999999983
P_1-1-pt_6543,P_1-1-pt_7459,10.899999999999977
P_1-1-pt_6543,P_1-1-pt_2162,19.400000000000006
P_1-1-pt_6543,P_1-1-pt_3474,3.900000000000002
P_1-1-pt_6543,P_1-1-pt_6007,9.099999999999984
P_1-1-pt_6543,P_1-1-pt_5142,10.899999999999977
P_1-1-pt_6543,P_1-1-pt_8861,9.699999999999982
P_1-1-pt_6543,P_1-1-pt_2218,11.099999999999977
P_1-1-pt_6543,P_1-1-pt_8562,9.599999999999982
P_1-1-pt_6543,P_1-1-pt_1449,9.599999999999982
P_1-1-pt_6543,P_1-1-pt_3964,11.399999999999975
P_1-1-pt_6543,P_1-1-pt_3067,11.299999999999976
P_1-1-pt_6543,P_1-1-pt_1430,10.999999999999977
P_1-2_2019,P_1-2_4340,18.599999999999994
P_1-2_2019,P_1-2_3589,14.399999999999965
P_2-1_6010,P_1-1-veh_594,20.40000000000002
P_2-1_6010,P_1-1-pt_1396,15.79999999999996
P_2-1_6010,P_1-1-pt_480,3.600000000000002
P_1-1-pt_1189,P_1-3_3793,7.799999999999988
P_1-1-pt_1189,P_1-3_870,7.799999999999988
P_1-1-pt_1189,P_1-3_3926,7.799999999999988
P_1-2_1492,P_1-1-pt_498,7.29999999999999
P_1-2_1492,P_1-1-pt_3797,3.800000000000002
P_1-2_1492,P_1-1-pt_1694,3.600000000000002
P_1-2_1492,P_1-1-pt_262,3.700000000000002
P_1-2_1492,P_1-3_2599,10.09999999999998
P_1-2_1492,P_1-2_5745,10.09999999999998
P_1-2_1492,P_1-2_4266,10.09999999999998
P_1-2_1492,P_1-1-pt_8735,7.899999999999988
P_1-2_1492,P_1-2_4947,10.19999999999998
P_1-2_1492,P_1-2_1458,10.09999999999998
P_1-2_1492,P_1-3_743,10.19999999999998
P_1-2_1492,P_2-1_2749,10.19999999999998
P_1-2_1492,P_2-1_1211,10.09999999999998
P_1-2_1492,P_1-1-pt_8289,7.799999999999988
P_1-2_1492,P_1-2_808,10.09999999999998
P_1-2_1492,P_1-2_5753,10.09999999999998
P_1-1-pt_8285,P_1-1-pt_4945,10.699999999999978
P_1-1-pt_8285,P_1-1-pt_4740,12.99999999999997
P_1-1-pt_8285,P_1-1-pt_2119,15.59999999999996
P_1-1-pt_8285,P_1-1-pt_3749,11.199999999999976
P_1-1-pt_8285,P_1-1-pt_2383,11.299999999999976
P_1-2_1032,P_1-1-pt_8123,7.999999999999988
P_1-2_1032,P_1-1-pt_5836,3.600000000000002
P_1-2_1032,P_2-1_4127,10.09999999999998
P_1-2_1032,P_1-1-pt_1590,3.700000000000002
P_1-2_1032,P_1-1-pt_308,7.799999999999988
P_1-2_1032,P_1-1-pt_5684,3.600000000000002
P_2-1_3844,P_1-1-pt_6931,3.700000000000002
P_2-1_3844,P_1-1-pt_6007,13.499999999999968
P_2-1_2570,P_2-1_1609,30.20000000000016
P_2-1_2570,P_1-2_5369,20.000000000000014
P_2-1_2570,P_1-2_1805,9.99999999999998
P_1-1-pt_3355,P_1-3_4591,3.700000000000002
P_1-1-pt_3355,P_1-2_4710,3.800000000000002
P_1-1-pt_3355,P_1-1-pt_5337,10.09999999999998
P_1-1-pt_3355,P_1-2_318,10.999999999999977
P_1-1-pt_3355,P_1-1-pt_4988,11.599999999999975
P_1-1-pt_3355,P_1-3_3784,56.600000000000534
P_1-1-pt_3355,P_1-1-pt_787,15.399999999999961
P_1-3_3096,P_1-1-pt_2957,9.299999999999983
P_1-1-pt_7279,P_1-1-pt_3638,44.40000000000036
P_1-1-pt_7279,P_1-1-pt_868,47.3000000000004
P_1-1-pt_7279,P_1-1-pt_1170,10.999999999999977
P_1-1-pt_7279,P_1-1-pt_3171,10.699999999999978
P_1-1-pt_7279,P_1-1-pt_65,9.299999999999983
P_1-1-pt_7279,P_1-1-veh_767,9.599999999999982
P_1-1-pt_7279,P_1-1-pt_1866,10.899999999999977
P_1-1-pt_7279,P_1-1-pt_5137,10.799999999999978
P_2-1_6160,P_1-3_5006,19.80000000000001
P_1-2_2780,P_1-2_3749,112.69999999999787
P_1-2_2780,P_1-3_1503,113.79999999999781
P_1-2_2780,P_1-1-pt_1714,7.899999999999988
P_1-2_2780,P_2-1_4789,113.09999999999785
P_1-2_2780,P_1-2_4339,112.79999999999787
P_1-2_2780,P_1-1-pt_3629,86.89999999999934
P_1-2_2780,P_1-1-pt_4572,87.69999999999929
P_1-2_2780,P_1-2_2287,20.600000000000023
P_1-2_2780,P_1-2_4771,20.50000000000002
P_1-2_2780,P_1-3_5079,20.600000000000023
P_1-2_2780,P_1-3_1785,20.600000000000023
P_1-2_2780,P_2-1_4755,20.600000000000023
P_1-2_2780,P_1-1-pt_8911,15.79999999999996
P_1-2_2780,P_1-2_3081,20.50000000000002
P_1-1-pt_2119,P_1-1-pt_1660,3.800000000000002
P_1-1-pt_2119,P_1-1-pt_3749,10.899999999999977
P_1-1-pt_2119,P_1-1-pt_4740,633.5000000000755
P_1-1-pt_2119,P_1-1-pt_8285,15.59999999999996
P_1-1-pt_2119,P_1-1-pt_4405,10.09999999999998
P_1-1-pt_6262,P_1-3_5550,13.09999999999997
P_1-1-pt_6262,P_1-2_3742,3.3000000000000016
P_1-1-pt_6262,P_1-1-veh_170,6.799999999999992
P_1-1-pt_6262,P_1-1-pt_7462,9.799999999999981
P_1-1-pt_6262,P_1-1-pt_166,20.40000000000002
P_1-1-pt_6262,P_1-1-pt_2164,19.900000000000013
P_1-1-pt_6262,P_1-1-pt_5209,20.000000000000014
P_1-1-pt_6262,P_1-1-pt_3869,19.900000000000013
P_1-1-pt_6642,P_1-3_89,16.29999999999996
P_1-1-pt_6642,P_1-1-pt_842,17.899999999999984
P_1-1-pt_6642,P_1-1-pt_7890,16.599999999999966
P_1-1-pt_6642,P_1-1-pt_4554,22.000000000000043
P_1-1-pt_6642,P_1-1-pt_8601,122.59999999999731
P_1-1-pt_6642,P_1-1-pt_8838,10.19999999999998
P_1-1-pt_6642,P_1-2_3088,3.600000000000002
P_1-1-pt_6642,P_2-1_4229,3.700000000000002
P_1-1-pt_6642,P_1-1-pt_4186,10.09999999999998
P_1-1-pt_6642,P_1-1-pt_4212,11.499999999999975
P_1-1-pt_6642,P_1-1-pt_2513,5.899999999999995
P_1-1-pt_6642,P_1-1-pt_2342,11.599999999999975
P_1-1-pt_8718,P_1-2_3413,3.800000000000002
P_1-1-pt_8718,P_1-1-pt_5143,11.799999999999974
P_1-1-pt_8718,P_1-1-pt_1238,10.29999999999998
P_1-1-pt_8718,P_1-1-pt_3916,10.799999999999978
P_1-1-pt_8718,P_1-1-pt_7412,11.199999999999976
P_1-1-pt_8718,P_1-1-pt_7177,210.69999999999231
P_1-1-pt_1660,P_1-1-pt_2119,3.800000000000002
P_1-1-pt_1660,P_1-1-pt_4740,0.8999999999999999
P_1-1-pt_1660,P_1-1-pt_3275,10.799999999999978
P_1-1-pt_1660,P_1-1-pt_1966,9.499999999999982
P_1-1-pt_1660,P_1-1-pt_1240,9.299999999999983
P_1-1-pt_1660,P_1-1-pt_4595,10.699999999999978
P_1-1-pt_1660,P_1-1-pt_5906,10.799999999999978
P_1-1-pt_1660,P_1-1-pt_3762,9.499999999999982
P_1-1-pt_1660,P_1-1-pt_1226,10.899999999999977
P_2-1_883,P_2-1_6032,16.29999999999996
P_2-1_883,P_1-3_5496,2.2000000000000006
P_2-1_883,P_1-3_455,16.19999999999996
P_2-1_883,P_1-3_1402,2.0000000000000004
P_2-1_883,P_1-3_5203,16.29999999999996
P_1-1-pt_4740,P_1-1-pt_1660,0.8999999999999999
P_1-1-pt_4740,P_1-1-pt_3749,10.899999999999977
P_1-1-pt_4740,P_1-1-pt_2119,633.5000000000755
P_1-1-pt_4740,P_1-1-pt_8285,12.99999999999997
P_1-1-pt_4740,P_1-1-pt_4405,10.19999999999998
P_1-1-pt_5563,P_1-3_5348,3.700000000000002
P_1-1-pt_5563,P_1-1-pt_1723,10.799999999999978
P_1-1-pt_7071,P_1-3_1324,5.999999999999995
P_1-1-pt_7071,P_1-3_2029,3.700000000000002
P_1-1-pt_7071,P_2-1_5573,3.700000000000002
P_1-1-pt_7071,P_1-3_3536,3.800000000000002
P_1-1-pt_7071,P_1-3_5123,3.800000000000002
P_1-1-pt_7071,P_1-2_1942,3.800000000000002
P_1-1-pt_7071,P_1-2_2626,3.800000000000002
P_1-1-pt_7071,P_1-3_68,3.700000000000002
P_1-1-pt_7071,P_1-2_1017,4.000000000000002
P_1-1-pt_7071,P_1-3_1292,3.800000000000002
P_1-1-pt_7071,P_1-1-pt_5241,20.100000000000016
P_1-1-pt_7071,P_1-2_568,8.999999999999984
P_1-1-pt_7071,P_1-1-pt_3670,20.000000000000014
P_1-1-pt_5051,P_1-1-pt_3275,10.399999999999979
P_1-1-pt_5051,P_1-1-pt_1966,9.499999999999982
P_1-1-pt_5051,P_1-1-pt_1240,9.699999999999982
P_1-1-pt_5051,P_1-1-pt_4595,9.399999999999983
P_1-1-pt_5051,P_1-1-pt_5906,9.199999999999983
P_1-1-pt_5051,P_1-1-pt_3762,9.499999999999982
P_1-1-pt_5051,P_1-1-pt_1226,10.899999999999977
P_1-2_2988,P_1-1-pt_5139,3.5000000000000018
P_1-2_2988,P_1-1-pt_2863,7.899999999999988
P_1-2_2988,P_1-1-pt_1181,3.600000000000002
P_1-2_2988,P_1-1-pt_8282,3.800000000000002
P_1-1-pt_2535,P_1-1-pt_3189,20.30000000000002
P_1-1-pt_2535,P_1-1-pt_3275,11.499999999999975
P_1-1-pt_2535,P_1-1-pt_1560,11.299999999999976
P_1-1-pt_2535,P_1-2_2345,3.700000000000002
P_1-1-pt_2535,P_1-1-pt_5917,242.89999999999048
P_1-2_455,P_1-1-pt_4541,38.80000000000028
P_1-2_455,P_1-1-pt_4664,11.799999999999974
P_1-1-pt_3081,P_1-1-pt_2424,150.59999999999573
P_1-3_765,P_1-1-pt_6809,12.99999999999997
P_1-1-veh_515,P_1-1-pt_1396,30.20000000000016
P_1-1-veh_515,P_1-1-pt_8947,9.499999999999982
P_1-3_2256,P_1-1-pt_3910,3.700000000000002
P_1-3_2256,P_1-1-pt_6346,3.700000000000002
P_1-3_2256,P_1-1-pt_1714,7.799999999999988
P_1-3_2256,P_1-2_2287,10.09999999999998
P_1-3_2256,P_1-3_2454,10.09999999999998
P_1-3_2256,P_1-2_1053,10.19999999999998
P_1-3_2256,P_2-1_2785,10.19999999999998
P_1-3_2256,P_1-2_1420,10.29999999999998
P_1-3_2256,P_1-3_228,10.09999999999998
P_1-3_2256,P_1-2_5495,10.19999999999998
P_1-3_2256,P_1-2_4452,10.09999999999998
P_1-3_2256,P_1-3_3834,10.19999999999998
P_1-3_2256,P_1-3_3776,10.09999999999998
P_1-3_2256,P_1-3_1657,10.19999999999998
P_1-3_2256,P_2-1_2161,10.19999999999998
P_1-3_2256,P_1-2_3280,10.19999999999998
P_1-3_2256,P_1-3_3046,10.09999999999998
P_1-3_2256,P_1-2_1656,23.30000000000006
P_1-3_2256,P_1-3_3901,790.3000000001111
P_2-1_461,P_1-1-pt_2771,11.699999999999974
P_2-1_461,P_1-1-pt_1866,3.700000000000002
P_2-1_461,P_1-1-pt_3957,12.199999999999973
P_2-1_461,P_1-1-pt_4071,12.099999999999973
P_2-1_461,P_1-1-pt_3409,7.799999999999988
P_1-3_4015,P_1-1-pt_7634,3.600000000000002
P_1-3_4015,P_1-1-pt_2334,3.700000000000002
P_1-1-pt_5993,P_1-1-pt_7594,9.89999999999998
P_1-1-pt_5993,P_1-1-pt_7901,10.699999999999978
P_1-1-pt_8265,P_1-1-pt_8433,835.9000000001215
P_1-1-pt_3993,P_1-1-pt_3762,9.99999999999998
P_1-1-pt_3993,P_1-1-pt_8540,10.29999999999998
P_1-1-pt_3993,P_1-1-pt_7459,2.2000000000000006
P_1-1-pt_3993,P_1-1-pt_2218,10.29999999999998
P_1-1-pt_3993,P_1-1-pt_655,20.50000000000002
P_1-1-pt_3993,P_1-1-pt_2713,8.699999999999985
P_1-1-pt_3993,P_1-1-pt_6007,10.09999999999998
P_1-1-pt_3993,P_1-1-pt_5666,10.09999999999998
P_1-1-pt_5819,P_1-1-pt_1006,21.80000000000004
P_1-1-pt_5819,P_1-1-pt_2863,8.699999999999985
P_1-1-pt_5819,P_1-1-pt_6422,17.69999999999998
P_1-2_5805,P_1-2_423,20.100000000000016
P_1-2_5805,P_1-2_5020,10.09999999999998
P_1-2_5805,P_1-2_471,20.200000000000017
P_1-2_5805,P_1-2_3378,21.00000000000003
P_1-2_5805,P_1-2_3077,20.30000000000002
P_1-2_5805,P_1-3_1588,7.699999999999989
P_1-2_5805,P_1-2_2590,10.09999999999998
P_1-2_5805,P_1-3_4996,2.500000000000001
P_1-2_5805,P_1-2_5092,10.09999999999998
P_1-2_5805,P_1-2_3614,8.299999999999986
P_1-2_5805,P_1-3_4587,0.1
P_1-2_5805,P_1-2_1633,7.499999999999989
P_1-2_5805,P_1-3_5318,0.30000000000000004
P_1-2_5805,P_1-3_1223,0.5
P_1-2_1772,P_1-1-pt_842,3.700000000000002
P_1-2_1772,P_1-1-pt_7890,3.5000000000000018
P_1-3_5376,P_1-2_4340,9.399999999999983
P_1-3_5376,P_1-2_2034,20.50000000000002
P_1-3_5376,P_1-1-pt_5457,13.299999999999969
P_1-3_5376,P_1-1-pt_6672,13.499999999999968
P_1-3_5376,P_1-2_2512,20.600000000000023
P_1-3_5376,P_1-2_3575,131.6999999999968
P_1-3_5376,P_1-1-pt_1966,19.1
P_1-3_5376,P_1-1-pt_1240,19.200000000000003
P_1-3_5376,P_1-1-pt_8747,13.399999999999968
P_1-3_5376,P_1-1-pt_4595,19.500000000000007
P_1-3_5376,P_1-1-pt_6353,13.599999999999968
P_1-3_5376,P_1-1-pt_5906,19.0
P_1-3_5376,P_1-1-pt_3927,11.099999999999977
P_1-3_5376,P_1-2_2345,7.699999999999989
P_1-1-pt_2985,P_1-2_1850,3.700000000000002
P_1-1-pt_2985,P_1-3_4517,3.700000000000002
P_1-1-pt_2985,P_1-2_5722,3.800000000000002
P_1-1-pt_2985,P_1-1-pt_7732,10.999999999999977
P_1-1-pt_2985,P_1-3_2209,3.700000000000002
P_1-1-pt_2985,P_1-2_263,3.600000000000002
P_1-1-pt_2985,P_1-2_5983,3.700000000000002
P_1-1-pt_2985,P_1-2_5806,3.700000000000002
P_1-1-pt_2985,P_1-1-pt_4595,9.299999999999983
P_1-1-pt_2985,P_1-1-pt_5906,9.699999999999982
P_1-3_4278,P_1-2_4376,20.600000000000023
P_1-3_4278,P_1-3_2270,20.600000000000023
P_1-3_4278,P_1-3_1676,20.50000000000002
P_2-1_3756,P_1-3_403,9.699999999999982
P_2-1_3756,P_2-1_4127,10.19999999999998
P_1-2_5937,P_1-1-pt_7697,3.800000000000002
P_1-2_5937,P_1-1-pt_1601,7.799999999999988
P_1-1-pt_5854,P_1-1-pt_363,10.699999999999978
P_1-1-pt_8909,P_1-1-pt_2952,18.19999999999999
P_1-1-pt_8909,P_1-1-pt_5143,10.599999999999978
P_1-1-pt_8909,P_1-1-pt_1238,10.699999999999978
P_1-2_2193,P_1-3_3639,20.30000000000002
P_1-2_2193,P_1-3_2410,20.100000000000016
P_1-2_2193,P_1-3_3253,42.70000000000034
P_1-2_2193,P_1-3_2018,18.19999999999999
P_1-2_2193,P_1-3_2633,40.2000000000003
P_1-2_2193,P_1-3_331,30.000000000000156
P_1-2_2193,P_1-2_5210,9.99999999999998
P_1-2_2193,P_1-2_573,9.99999999999998
P_1-2_2193,P_1-3_4954,10.09999999999998
P_1-2_2193,P_1-2_4634,9.99999999999998
P_1-2_2193,P_1-3_1815,18.799999999999997
P_1-2_2193,P_1-3_4875,15.199999999999962
P_1-2_2193,P_1-3_4775,20.100000000000016
P_1-3_5252,P_1-1-pt_2503,7.29999999999999
P_1-3_5252,P_1-1-pt_280,10.19999999999998
P_1-3_5252,P_1-1-pt_5886,15.69999999999996
P_1-2_3144,P_1-1-pt_7948,14.899999999999963
P_2-1_2458,P_2-1_4811,1724.1999999995273
P_1-3_4033,P_1-1-pt_5886,15.69999999999996
P_1-3_4033,P_1-3_4425,20.30000000000002
P_1-3_4033,P_1-1-pt_6409,3.5000000000000018
P_1-3_4033,P_1-1-pt_8435,3.600000000000002
P_1-3_4033,P_1-1-pt_6031,3.700000000000002
P_1-3_4033,P_1-1-pt_7459,1.8000000000000005
P_1-3_4033,P_1-1-pt_5346,3.900000000000002
P_1-3_4033,P_1-1-pt_3046,3.900000000000002
P_1-3_4033,P_1-1-pt_3910,3.600000000000002
P_1-3_4033,P_1-1-pt_6346,3.600000000000002
P_1-3_4033,P_1-1-pt_1714,7.799999999999988
P_1-3_4033,P_1-2_2287,10.09999999999998
P_1-3_4033,P_1-3_2454,10.19999999999998
P_1-1-pt_6540,P_1-1-pt_530,5.299999999999997
P_1-1-pt_6540,P_1-2_2026,10.799999999999978
P_1-1-pt_6540,P_1-1-pt_1354,10.399999999999979
P_2-1_3205,P_2-1_1443,30.500000000000163
P_2-1_3205,P_1-2_2767,30.600000000000165
P_2-1_3205,P_2-1_2028,30.500000000000163
P_2-1_3205,P_2-1_6106,41.100000000000314
P_2-1_3205,P_1-3_1002,41.100000000000314
P_2-1_3205,P_1-2_4646,30.800000000000168
P_2-1_3205,P_1-3_2501,30.800000000000168
P_2-1_3205,P_2-1_4458,30.90000000000017
P_2-1_3205,P_1-3_3231,30.800000000000168
P_2-1_3205,P_1-2_5752,30.800000000000168
P_2-1_3205,P_1-2_3210,30.800000000000168
P_2-1_3205,P_1-2_3464,30.90000000000017
P_2-1_3205,P_1-2_2080,31.200000000000173
P_2-1_3205,P_1-2_3821,30.800000000000168
P_2-1_3205,P_1-2_2797,30.90000000000017
P_2-1_3205,P_1-2_2580,30.90000000000017
P_2-1_3205,P_2-1_857,30.700000000000166
P_2-1_3205,P_1-1-veh_837,585.6000000000646
P_2-1_3205,P_1-3_4738,31.00000000000017
P_2-1_3205,P_2-1_2626,30.700000000000166
P_2-1_3205,P_1-3_1755,41.200000000000315
P_2-1_3205,P_1-2_2470,41.00000000000031
P_2-1_3205,P_1-2_2625,66.60000000000049
P_1-2_1435,P_1-1-pt_6381,7.799999999999988
P_1-2_1435,P_1-1-pt_411,9.199999999999983
P_1-1-veh_201,P_1-1-pt_2218,3.700000000000002
P_1-3_574,P_1-2_3413,1.0999999999999999
P_1-1-pt_4474,P_1-1-pt_7638,10.19999999999998
P_1-1-pt_4474,P_1-1-pt_6381,10.699999999999978
P_1-1-pt_4474,P_1-1-pt_4823,8.599999999999985
P_1-1-pt_4474,P_1-1-pt_8368,8.699999999999985
P_1-1-pt_4474,P_1-1-pt_2342,10.29999999999998
P_1-1-pt_4474,P_1-1-pt_4312,7.899999999999988
P_1-2_4445,P_1-1-pt_4879,10.19999999999998
P_1-2_4445,P_1-1-pt_5170,10.09999999999998
P_1-2_4445,P_1-1-pt_7208,6.199999999999994
P_1-1-pt_3779,P_1-1-pt_5078,10.799999999999978
P_1-1-pt_3779,P_1-1-pt_7262,10.399999999999979
P_1-1-pt_3779,P_1-1-pt_7205,10.799999999999978
P_1-1-pt_3779,P_1-1-pt_7080,10.29999999999998
P_1-1-pt_3779,P_1-1-pt_5876,10.599999999999978
P_1-1-pt_3779,P_1-2_3156,3.700000000000002
P_1-1-pt_3779,P_1-1-pt_6334,10.399999999999979
P_1-1-pt_3779,P_1-2_3389,3.700000000000002
P_1-1-pt_3779,P_1-1-pt_3700,12.299999999999972
P_1-1-pt_3779,P_1-1-pt_357,13.799999999999967
P_1-1-pt_3779,P_1-1-pt_234,10.899999999999977
P_1-1-pt_3779,P_1-1-pt_6297,11.299999999999976
P_1-1-pt_3779,P_1-1-pt_6209,11.399999999999975
P_1-1-pt_3779,P_1-1-pt_385,10.699999999999978
P_1-1-pt_3779,P_1-1-pt_6038,11.599999999999975
P_1-1-pt_3779,P_1-1-pt_5790,10.899999999999977
P_1-1-pt_3779,P_1-1-pt_620,9.499999999999982
P_1-1-pt_3779,P_1-1-pt_2262,10.599999999999978
P_1-1-pt_3779,P_1-1-pt_804,10.899999999999977
P_1-1-pt_3779,P_1-1-pt_972,19.60000000000001
P_1-1-pt_3779,P_1-1-pt_3021,36.50000000000025
P_1-1-pt_3779,P_1-2_3894,11.399999999999975
P_1-1-pt_7806,P_1-3_4591,3.700000000000002
P_1-1-pt_7806,P_1-2_4710,3.700000000000002
P_1-1-pt_7806,P_1-1-pt_5337,8.599999999999985
P_1-1-pt_7806,P_1-2_5598,3.4000000000000017
P_1-1-pt_7806,P_1-1-pt_4988,13.299999999999969
P_1-1-pt_7806,P_1-2_505,4.6
P_1-1-pt_7806,P_1-1-pt_2713,10.999999999999977
P_1-1-pt_7806,P_1-1-pt_494,10.799999999999978
P_1-1-pt_7806,P_1-1-pt_6548,11.099999999999977
P_1-1-pt_7806,P_1-2_3156,9.599999999999982
P_1-1-pt_7806,P_1-1-pt_4996,11.099999999999977
P_1-1-pt_7806,P_1-1-pt_297,11.599999999999975
P_1-1-pt_7806,P_1-1-pt_4672,11.299999999999976
P_1-1-pt_7806,P_1-1-pt_6176,10.999999999999977
P_1-1-pt_7901,P_1-2_829,3.700000000000002
P_1-1-pt_7901,P_1-1-pt_5993,10.699999999999978
P_1-1-pt_7901,P_1-1-veh_407,3.700000000000002
P_1-2_3614,P_1-2_5020,8.099999999999987
P_1-2_3614,P_1-2_471,8.099999999999987
P_1-2_3614,P_1-1-pt_1923,7.799999999999988
P_1-2_3614,P_1-3_1588,10.09999999999998
P_1-2_3614,P_1-2_5805,8.299999999999986
P_1-2_3614,P_1-2_2590,7.999999999999988
P_1-2_3614,P_1-2_3077,8.099999999999987
P_1-2_3614,P_1-2_5092,7.999999999999988
P_1-2_3614,P_1-2_3378,8.399999999999986
P_1-2_3614,P_1-2_423,6.999999999999991
P_2-1_1253,P_1-3_4944,30.90000000000017
P_1-2_1247,P_1-1-pt_842,3.5000000000000018
P_1-2_1247,P_1-1-pt_7890,3.700000000000002
P_1-1-pt_385,P_1-1-pt_3021,11.299999999999976
P_1-1-pt_385,P_1-1-pt_804,11.499999999999975
P_1-1-pt_385,P_1-1-veh_65,8.999999999999984
P_1-1-pt_385,P_1-1-pt_7835,10.599999999999978
P_1-1-pt_385,P_1-1-pt_7142,573.7000000000619
P_1-1-pt_385,P_1-1-pt_3779,10.699999999999978
P_1-1-pt_385,P_1-3_1047,3.800000000000002
P_1-1-pt_385,P_1-1-pt_6007,10.499999999999979
P_1-1-pt_385,P_1-1-pt_5897,9.299999999999983
P_1-1-pt_385,P_1-1-pt_3769,9.299999999999983
P_1-1-pt_385,P_1-1-pt_4671,9.499999999999982
P_1-1-pt_385,P_1-1-pt_5142,9.299999999999983
P_1-1-pt_385,P_1-1-pt_4919,9.499999999999982
P_1-1-pt_385,P_1-1-pt_4397,10.499999999999979
P_1-1-pt_385,P_1-1-pt_7325,10.499999999999979
P_2-1_1228,P_1-1-pt_1396,11.699999999999974
P_1-1-pt_7067,P_1-2_5745,14.199999999999966
P_1-1-pt_7067,P_1-1-pt_8184,33.60000000000021
P_1-1-pt_7067,P_1-2_808,9.499999999999982
P_1-1-pt_7927,P_1-3_2016,20.40000000000002
P_1-1-pt_281,P_1-1-pt_1966,9.299999999999983
P_1-1-pt_281,P_1-1-pt_1240,9.399999999999983
P_1-1-pt_281,P_1-1-pt_4595,9.699999999999982
P_1-1-pt_281,P_1-1-pt_5906,9.299999999999983
P_1-1-pt_281,P_2-1_2045,8.799999999999985
P_1-1-pt_281,P_1-1-pt_3762,9.199999999999983
P_1-1-pt_281,P_1-1-pt_1226,11.099999999999977
P_2-1_493,P_1-1-pt_1396,7.999999999999988
P_1-3_2966,P_1-1-pt_7732,3.600000000000002
P_1-1-pt_5142,P_1-1-pt_2247,21.600000000000037
P_1-1-pt_5142,P_1-1-pt_8540,10.999999999999977
P_1-1-pt_5142,P_1-1-pt_2834,11.299999999999976
P_1-1-pt_5142,P_1-1-pt_6016,9.099999999999984
P_1-1-pt_5142,P_1-1-pt_5199,11.099999999999977
P_1-1-pt_5142,P_1-1-pt_4806,10.29999999999998
P_1-1-pt_5142,P_1-1-pt_6809,10.19999999999998
P_1-1-pt_5142,P_1-1-pt_8866,9.499999999999982
P_1-1-pt_5142,P_1-1-pt_6543,10.899999999999977
P_1-1-pt_5142,P_1-1-pt_3474,10.799999999999978
P_1-1-pt_5142,P_1-1-pt_8435,10.999999999999977
P_1-1-pt_5142,P_1-1-pt_3097,10.999999999999977
P_1-1-pt_5142,P_1-1-pt_1354,11.599999999999975
P_1-1-pt_5142,P_1-1-pt_1473,10.999999999999977
P_1-1-pt_5142,P_1-1-pt_3700,12.399999999999972
P_1-1-pt_5142,P_1-1-pt_357,12.599999999999971
P_1-1-pt_5142,P_1-1-pt_234,11.099999999999977
P_1-1-pt_5142,P_1-1-pt_6297,12.499999999999972
P_1-1-pt_5142,P_1-1-pt_6209,11.399999999999975
P_1-1-pt_5142,P_1-1-pt_7459,10.799999999999978
P_1-1-pt_5142,P_1-1-pt_385,9.299999999999983
P_1-1-pt_5142,P_1-1-pt_3910,10.699999999999978
P_1-1-pt_5142,P_1-1-pt_5790,10.899999999999977
P_1-1-pt_5142,P_1-1-pt_2262,10.899999999999977
P_1-1-pt_5142,P_1-1-pt_804,10.999999999999977
P_1-1-pt_5142,P_1-1-pt_3021,11.799999999999974
P_1-2_2879,P_1-1-pt_3353,3.700000000000002
P_2-1_79,P_2-1_318,233.29999999999103
P_2-1_79,P_1-2_489,20.200000000000017
P_1-1-pt_4019,P_1-3_5217,4.899999999999999
P_1-1-pt_4019,P_1-1-pt_363,12.79999999999997
P_1-1-pt_4019,P_1-1-pt_3922,2080.599999999203
P_1-2_4112,P_1-2_4853,10.19999999999998
P_1-2_4112,P_2-1_6130,17.69999999999998
P_1-1-pt_6399,P_1-1-pt_2550,441.900000000032
P_1-3_3979,P_1-1-pt_467,2.800000000000001
P_1-3_3979,P_1-1-pt_3474,8.299999999999986
P_1-1-pt_5790,P_1-1-pt_3021,8.799999999999985
P_1-1-pt_5790,P_1-2_3904,12.399999999999972
P_1-1-pt_5790,P_1-1-pt_7835,10.799999999999978
P_1-1-pt_5790,P_1-1-pt_3779,10.899999999999977
P_1-1-pt_5790,P_1-1-pt_6007,11.099999999999977
P_1-1-pt_5790,P_1-1-pt_5897,10.699999999999978
P_1-1-pt_5790,P_1-1-pt_7760,12.499999999999972
P_1-1-pt_5790,P_1-3_2397,3.700000000000002
P_1-1-pt_5790,P_1-1-pt_5142,10.899999999999977
P_1-1-pt_5790,P_1-3_795,3.800000000000002
P_1-1-pt_6409,P_1-3_4690,3.800000000000002
P_1-1-pt_6409,P_1-1-pt_3214,10.499999999999979
P_1-1-pt_6409,P_1-3_4995,3.700000000000002
P_1-1-pt_6409,P_1-1-pt_2882,22.200000000000045
P_1-1-pt_6409,P_1-1-pt_3474,12.69999999999997
P_1-1-pt_6409,P_1-3_4425,3.600000000000002
P_1-1-pt_6409,P_1-3_4033,3.5000000000000018
P_1-1-pt_6409,P_1-3_767,3.700000000000002
P_1-1-pt_6409,P_1-3_5304,3.600000000000002
P_1-1-pt_6409,P_1-1-pt_7262,14.099999999999966
P_1-1-pt_6409,P_1-3_1047,15.199999999999962
P_1-1-pt_6409,P_1-1-pt_7080,10.09999999999998
P_1-1-pt_6409,P_1-3_2218,175.09999999999434
P_1-1-pt_6409,P_1-1-pt_5886,10.09999999999998
P_1-1-pt_6409,P_1-1-pt_4671,11.499999999999975
P_1-1-pt_6409,P_1-1-pt_4919,11.999999999999973
P_1-1-pt_6409,P_1-1-pt_4397,11.099999999999977
P_1-1-pt_262,P_1-3_5238,3.3000000000000016
P_1-1-pt_262,P_1-3_2257,7.899999999999988
P_1-1-pt_262,P_1-2_808,3.900000000000002
P_1-1-pt_262,P_1-2_1492,3.700000000000002
P_1-1-pt_262,P_1-1-pt_2032,10.09999999999998
P_1-1-pt_262,P_1-2_609,3.700000000000002
P_1-1-pt_262,P_1-2_1230,3.600000000000002
P_1-1-pt_262,P_1-3_4983,3.700000000000002
P_1-1-pt_262,P_1-2_4371,3.600000000000002
P_1-1-pt_262,P_1-2_5437,3.700000000000002
P_1-3_3748,P_1-1-pt_1590,3.600000000000002
P_1-3_3748,P_1-1-pt_8123,7.899999999999988
P_1-1-pt_8196,P_1-1-pt_2863,8.699999999999985
P_1-1-pt_8196,P_1-1-pt_1181,10.499999999999979
P_1-1-pt_8196,P_1-1-pt_8282,10.699999999999978
P_1-1-pt_8196,P_1-1-pt_5648,10.599999999999978
P_1-2_5054,P_1-3_3076,10.19999999999998
P_1-2_5054,P_1-1-pt_182,7.899999999999988
P_1-2_5054,P_1-3_4289,10.29999999999998
P_1-2_5054,P_1-3_5600,10.29999999999998
P_1-2_5054,P_1-2_1458,10.19999999999998
P_1-2_5054,P_1-3_743,10.09999999999998
P_1-2_5054,P_2-1_1211,16.79999999999997
P_1-2_5054,P_1-1-pt_8289,7.799999999999988
P_1-2_5054,P_1-2_808,10.09999999999998
P_1-2_5054,P_1-2_5753,10.09999999999998
P_1-1-pt_2550,P_1-1-pt_6399,441.900000000032
P_1-2_3006,P_1-1-pt_5818,14.899999999999963
P_1-2_4896,P_1-1-pt_1542,3.700000000000002
P_1-1-pt_3171,P_1-1-pt_8410,10.599999999999978
P_1-1-pt_3171,P_1-1-pt_5666,8.599999999999985
P_1-1-pt_3171,P_1-1-pt_8316,211.1999999999923
P_1-1-pt_3171,P_1-1-pt_1853,10.599999999999978
P_1-1-pt_3171,P_1-1-pt_3207,10.29999999999998
P_1-1-pt_3171,P_1-1-pt_2880,8.499999999999986
P_1-1-pt_3171,P_1-1-pt_4345,10.599999999999978
P_1-1-pt_3171,P_1-1-pt_6743,8.699999999999985
P_1-1-pt_3171,P_1-1-pt_1170,299.79999999999967
P_1-1-pt_3171,P_1-1-pt_7279,10.699999999999978
P_1-1-pt_3171,P_1-1-pt_8404,10.999999999999977
P_1-1-pt_3171,P_1-3_2279,24.500000000000078
P_1-2_5254,P_1-1-pt_6358,3.600000000000002
P_1-1-pt_8838,P_1-1-pt_6642,10.19999999999998
P_1-1-pt_8838,P_1-1-pt_1396,77.29999999999988
P_1-1-pt_8838,P_1-1-pt_480,17.999999999999986
P_1-1-pt_8838,P_1-1-pt_8947,21.300000000000033
P_1-1-pt_2513,P_1-1-pt_6642,5.899999999999995
P_1-1-pt_1354,P_1-1-pt_3046,7.19999999999999
P_1-1-pt_1354,P_1-1-pt_6007,12.599999999999971
P_1-1-pt_1354,P_1-1-pt_5897,12.199999999999973
P_1-1-pt_1354,P_1-1-pt_3769,12.499999999999972
P_1-1-pt_1354,P_1-1-pt_4671,14.599999999999964
P_1-1-pt_1354,P_1-1-pt_3409,19.300000000000004
P_1-1-pt_1354,P_1-1-pt_8586,21.10000000000003
P_1-1-pt_1354,P_1-1-pt_5142,11.599999999999975
P_1-1-pt_1354,P_1-1-pt_8861,11.399999999999975
P_1-1-pt_1354,P_1-1-pt_2218,11.199999999999976
P_1-1-pt_1354,P_1-1-pt_1449,9.399999999999983
P_1-1-pt_1354,P_1-1-pt_3964,11.599999999999975
P_1-1-pt_1354,P_1-1-pt_1430,10.499999999999979
P_1-1-pt_1354,P_1-1-pt_3067,25.200000000000088
P_1-1-pt_1354,P_1-1-pt_6540,10.399999999999979
P_1-1-pt_1354,P_1-1-pt_6809,11.599999999999975
P_1-1-pt_1354,P_1-1-pt_2834,12.099999999999973
P_1-2_4706,P_1-1-pt_6779,3.800000000000002
P_2-1_2299,P_1-2_961,20.200000000000017
P_2-1_2299,P_1-2_1102,10.09999999999998
P_2-1_2299,P_1-3_28,13.09999999999997
P_2-1_2299,P_1-2_4272,10.09999999999998
P_2-1_2299,P_1-3_234,10.09999999999998
P_2-1_2299,P_1-2_3879,10.09999999999998
P_2-1_2299,P_1-3_2757,10.09999999999998
P_2-1_2299,P_1-3_2773,10.09999999999998
P_2-1_2299,P_1-3_4756,9.99999999999998
P_2-1_2299,P_1-3_4262,9.99999999999998
P_1-1-pt_1170,P_1-1-pt_8410,10.799999999999978
P_1-1-pt_1170,P_1-1-pt_5666,7.499999999999989
P_1-1-pt_1170,P_1-1-pt_1853,10.799999999999978
P_1-1-pt_1170,P_1-1-pt_3207,10.499999999999979
P_1-1-pt_1170,P_1-1-pt_2880,8.699999999999985
P_1-1-pt_1170,P_1-1-pt_4345,10.599999999999978
P_1-1-pt_1170,P_1-1-pt_8316,193.79999999999328
P_1-1-pt_1170,P_1-1-pt_6743,9.299999999999983
P_1-1-pt_1170,P_1-1-pt_3171,299.79999999999967
P_1-1-pt_1170,P_1-1-pt_7279,10.999999999999977
P_1-1-pt_1170,P_1-1-pt_8404,9.099999999999984
P_1-1-pt_4363,P_1-1-pt_2004,9.99999999999998
P_1-1-pt_4363,P_1-1-pt_1497,10.29999999999998
P_1-1-pt_4363,P_1-1-pt_7372,10.19999999999998
P_1-1-pt_4363,P_1-1-pt_2702,10.29999999999998
P_1-1-pt_4363,P_1-1-pt_6673,10.29999999999998
P_1-1-pt_4363,P_1-1-pt_562,20.30000000000002
P_1-1-pt_4363,P_1-1-pt_8731,19.0
P_1-1-pt_6353,P_1-1-pt_1560,10.899999999999977
P_1-1-pt_6353,P_1-1-pt_1966,11.199999999999976
P_1-1-pt_6353,P_1-1-pt_1240,10.999999999999977
P_1-1-pt_6353,P_1-1-pt_4595,10.699999999999978
P_1-1-pt_6353,P_1-1-pt_1306,11.199999999999976
P_1-1-pt_6353,P_1-3_5376,13.599999999999968
P_1-1-pt_6353,P_1-1-pt_5906,10.799999999999978
P_1-1-pt_6353,P_1-1-pt_3762,10.29999999999998
P_1-1-pt_6353,P_1-1-pt_1226,10.999999999999977
P_1-1-pt_6353,P_1-1-pt_5392,10.499999999999979
P_1-1-pt_6353,P_1-1-pt_2992,8.699999999999985
P_1-1-pt_6353,P_1-1-pt_2317,13.499999999999968
P_1-1-pt_6353,P_1-1-pt_1138,18.699999999999996
P_1-1-pt_6353,P_1-1-pt_5457,14.199999999999966
P_1-1-pt_6353,P_1-1-pt_1981,23.800000000000068
P_1-1-pt_6353,P_1-1-pt_8762,28.10000000000013
P_1-1-pt_6903,P_1-1-pt_6389,8.799999999999985
P_1-1-pt_6903,P_1-2_2034,4.4
P_1-1-pt_6903,P_1-1-pt_3865,9.89999999999998
P_1-1-pt_6903,P_1-2_4539,17.099999999999973
P_1-1-pt_3025,P_1-1-pt_655,20.30000000000002
P_1-1-pt_3025,P_1-1-pt_8027,11.199999999999976
P_1-1-pt_3025,P_1-1-pt_2713,11.199999999999976
P_1-1-pt_3025,P_1-1-pt_6007,10.799999999999978
P_1-1-pt_3025,P_1-1-pt_5666,8.699999999999985
P_1-1-pt_3025,P_1-1-pt_8410,10.999999999999977
P_1-1-pt_3025,P_1-1-pt_3405,10.799999999999978
P_1-1-pt_3025,P_1-1-pt_6743,8.499999999999986
P_1-1-pt_3025,P_1-1-pt_7304,10.899999999999977
P_1-1-pt_3025,P_1-1-pt_734,10.999999999999977
P_1-1-pt_3025,P_1-1-pt_7372,10.499999999999979
P_1-1-pt_3025,P_1-1-pt_23,10.29999999999998
P_1-1-pt_3025,P_1-1-pt_521,10.399999999999979
P_1-1-pt_3025,P_1-1-pt_571,10.399999999999979
P_1-1-pt_3025,P_1-1-pt_3230,10.399999999999979
P_1-1-pt_3025,P_1-1-pt_5170,10.699999999999978
P_1-1-pt_3025,P_1-1-pt_7243,10.29999999999998
P_1-1-pt_3025,P_1-1-pt_7447,8.599999999999985
P_1-1-pt_3025,P_1-1-pt_8280,10.499999999999979
P_1-1-pt_3025,P_1-1-pt_3207,11.799999999999974
P_1-1-pt_3025,P_1-1-pt_1497,10.19999999999998
P_1-1-pt_3025,P_1-1-pt_562,8.699999999999985
P_1-1-pt_3025,P_1-1-pt_1853,11.099999999999977
P_1-1-pt_1430,P_1-1-pt_3386,10.699999999999978
P_1-1-pt_1430,P_1-1-pt_5727,10.999999999999977
P_1-1-pt_1430,P_1-1-pt_1323,10.699999999999978
P_1-1-pt_1430,P_1-1-pt_8540,10.799999999999978
P_1-1-pt_1430,P_1-1-pt_6016,10.899999999999977
P_1-1-pt_1430,P_1-1-pt_4806,9.399999999999983
P_1-1-pt_1430,P_1-1-pt_8866,11.499999999999975
P_1-1-pt_1430,P_1-2_3745,3.800000000000002
P_1-1-pt_1430,P_1-1-pt_6543,10.999999999999977
P_1-1-pt_1430,P_1-1-pt_3474,10.999999999999977
P_1-1-pt_1430,P_1-1-pt_8435,10.499999999999979
P_1-1-pt_1430,P_1-1-pt_3097,10.599999999999978
P_1-1-pt_1430,P_1-1-pt_6427,9.599999999999982
P_1-1-pt_1430,P_1-1-pt_1354,10.499999999999979
P_1-1-pt_1430,P_1-1-pt_761,11.499999999999975
P_1-1-pt_1430,P_1-1-pt_357,10.999999999999977
P_1-1-pt_1430,P_1-1-pt_3700,11.299999999999976
P_1-1-pt_1430,P_1-1-pt_234,9.89999999999998
P_1-1-pt_1430,P_1-1-pt_2187,12.99999999999997
P_1-1-pt_1430,P_1-1-pt_6297,11.199999999999976
P_1-1-pt_1430,P_1-1-pt_7459,10.999999999999977
P_1-1-pt_1430,P_1-1-pt_2218,10.599999999999978
P_1-1-pt_1430,P_1-1-pt_3067,765.2000000001054
P_1-1-pt_2735,P_1-1-pt_4262,20.40000000000002
P_1-2_3156,P_1-1-veh_234,10.19999999999998
P_1-2_3156,P_1-1-pt_6334,23.30000000000006
P_1-2_3156,P_1-1-pt_8682,7.999999999999988
P_1-2_3156,P_1-1-pt_3779,3.700000000000002
P_1-2_3156,P_1-1-pt_5876,13.799999999999967
P_1-2_3156,P_1-1-pt_1020,5.799999999999995
P_1-2_3156,P_1-1-pt_7080,7.799999999999988
P_1-2_3156,P_1-1-pt_6548,9.199999999999983
P_1-2_3156,P_1-1-pt_7806,9.599999999999982
P_1-2_3156,P_1-1-pt_4996,4.999999999999998
P_1-2_3156,P_1-1-pt_297,8.199999999999987
P_1-3_3209,P_1-2_1948,15.59999999999996
P_1-3_3209,P_1-3_5477,20.200000000000017
P_1-3_3209,P_1-1-pt_1601,15.59999999999996
P_1-1-pt_1323,P_1-1-pt_1430,10.699999999999978
P_1-1-pt_1323,P_1-1-pt_216,20.700000000000024
P_1-1-pt_1323,P_1-1-pt_3386,1753.5999999995006
P_1-1-pt_1323,P_1-1-pt_5727,1756.9999999994975
P_1-1-pt_4672,P_1-1-pt_2218,11.199999999999976
P_1-1-pt_4672,P_1-1-pt_2834,11.299999999999976
P_1-1-pt_4672,P_1-1-pt_6016,10.799999999999978
P_1-1-pt_4672,P_1-1-pt_5199,10.499999999999979
P_1-1-pt_4672,P_1-1-pt_4806,10.399999999999979
P_1-1-pt_4672,P_1-1-pt_6809,9.299999999999983
P_1-1-pt_4672,P_1-1-pt_8866,10.899999999999977
P_1-1-pt_4672,P_1-1-pt_6007,10.799999999999978
P_1-1-pt_4672,P_1-1-pt_3097,11.499999999999975
P_1-1-pt_4672,P_1-1-pt_761,17.899999999999984
P_1-1-pt_4672,P_1-1-pt_7806,11.299999999999976
P_1-1-pt_4672,P_1-1-pt_4996,10.699999999999978
P_1-1-pt_4672,P_1-1-pt_297,42.90000000000034
P_2-1_4229,P_1-1-pt_4823,3.800000000000002
P_2-1_4229,P_1-1-pt_6642,3.700000000000002
P_2-1_4229,P_1-1-pt_1396,68.50000000000038
P_1-2_2625,P_1-2_2767,30.20000000000016
P_1-2_2625,P_2-1_2028,30.400000000000162
P_1-2_2625,P_1-2_4646,35.10000000000023
P_1-2_2625,P_1-3_2501,30.90000000000017
P_1-2_2625,P_2-1_4458,30.800000000000168
P_1-2_2625,P_1-3_3231,30.800000000000168
P_1-2_2625,P_2-1_1443,10.29999999999998
P_1-2_2625,P_1-2_5752,30.90000000000017
P_1-2_2625,P_1-2_3210,30.700000000000166
P_1-2_2625,P_1-2_3464,31.00000000000017
P_1-2_2625,P_1-2_2080,30.800000000000168
P_1-2_2625,P_1-2_3821,30.800000000000168
P_1-2_2625,P_1-2_2797,30.700000000000166
P_1-2_2625,P_1-2_2580,30.90000000000017
P_1-2_2625,P_2-1_857,31.00000000000017
P_1-2_2625,P_1-1-veh_837,613.600000000071
P_1-2_2625,P_1-3_4738,612.4000000000707
P_1-2_2625,P_2-1_2626,30.700000000000166
P_1-2_2625,P_1-3_1755,41.00000000000031
P_1-2_2625,P_1-2_2470,40.500000000000306
P_1-2_2625,P_2-1_3205,66.60000000000049
P_1-2_2625,P_1-3_1002,38.400000000000276
P_1-2_2625,P_2-1_6106,40.90000000000031
P_2-1_2749,P_1-3_5600,30.400000000000162
P_2-1_2749,P_1-1-pt_8289,31.300000000000175
P_2-1_2749,P_1-1-pt_8735,7.799999999999988
P_2-1_2749,P_1-2_4266,10.09999999999998
P_2-1_2749,P_1-3_3076,10.09999999999998
P_2-1_2749,P_1-2_5753,30.500000000000163
P_2-1_2749,P_2-1_1211,55.300000000000516
P_2-1_2749,P_1-1-pt_182,7.799999999999988
P_2-1_2749,P_1-2_4947,10.19999999999998
P_2-1_2749,P_1-3_4289,10.19999999999998
P_2-1_2749,P_1-1-pt_1639,23.30000000000006
P_2-1_2749,P_1-2_186,28.10000000000013
P_2-1_2749,P_1-1-veh_834,20.200000000000017
P_2-1_2749,P_1-2_1458,20.200000000000017
P_2-1_2749,P_1-3_1297,20.200000000000017
P_2-1_2749,P_1-3_743,20.200000000000017
P_2-1_2749,P_1-2_808,20.30000000000002
P_2-1_2749,P_1-2_1492,10.19999999999998
P_1-1-pt_7205,P_1-1-pt_6931,0.8999999999999999
P_1-1-pt_7205,P_1-1-pt_6334,8.799999999999985
P_1-1-pt_7205,P_1-1-pt_8682,8.799999999999985
P_1-1-pt_7205,P_1-1-pt_3779,10.799999999999978
P_1-1-pt_7205,P_1-1-pt_5078,11.199999999999976
P_1-1-pt_7205,P_1-1-pt_1020,10.399999999999979
P_1-1-pt_7205,P_1-1-pt_280,10.999999999999977
P_1-1-pt_7205,P_1-1-pt_5376,18.099999999999987
P_1-1-pt_7205,P_1-1-pt_6688,17.099999999999973
P_1-1-pt_7205,P_1-1-pt_6538,16.89999999999997
P_1-1-veh_33,P_1-1-pt_624,3.700000000000002
P_1-1-veh_33,P_1-1-pt_3220,130.29999999999688
P_1-1-veh_33,P_1-1-pt_787,7.999999999999988
P_1-3_1047,P_1-1-pt_4966,3.700000000000002
P_1-3_1047,P_1-1-pt_6409,15.199999999999962
P_1-3_1047,P_1-1-pt_1940,3.700000000000002
P_1-3_1047,P_1-1-pt_7262,7.999999999999988
P_1-3_1047,P_1-1-pt_385,3.800000000000002
P_1-3_1047,P_1-1-pt_3910,4.300000000000001
P_1-3_1047,P_1-1-pt_6346,3.700000000000002
P_1-3_1542,P_1-1-pt_255,3.700000000000002
P_1-3_1542,P_1-1-pt_7213,3.700000000000002
P_1-3_1542,P_1-1-pt_4806,3.800000000000002
