user_id,neighbor_id,duration_seconds,ideal_duration,privacy_score
P_1-2_1990,P_1-3_5334,53.40000000000049,7199.0,1.0
P_1-2_1990,P_1-1-pt_7732,57.10000000000054,7199.0,1.0
P_1-2_1990,P_1-1-pt_5115,57.00000000000054,7199.0,1.0
P_1-2_1990,P_1-2_3386,51.800000000000466,7199.0,1.0
P_1-2_1990,P_1-2_3575,101.29999999999852,7199.0,1.0
P_1-2_1990,P_1-1-pt_1226,23.90000000000007,7199.0,1.0
P_1-3_2374,P_1-3_2187,53.70000000000049,7199.0,1.0
P_1-3_2374,P_2-1_213,57.300000000000544,7199.0,1.0
P_1-3_2374,P_1-3_3132,53.70000000000049,7199.0,1.0
P_1-3_2410,P_1-2_4634,165.89999999999486,7197.0,1.0
P_1-3_2410,P_1-3_4775,175.8999999999943,7197.0,1.0
P_1-3_2410,P_1-3_3253,111.79999999999792,7197.0,1.0
P_1-3_2410,P_1-3_2018,63.700000000000635,7197.0,1.0
P_1-3_2410,P_1-3_2633,55.50000000000052,7197.0,1.0
P_1-3_2410,P_1-2_5210,62.50000000000062,7197.0,1.0
P_1-3_2410,P_1-2_573,55.40000000000052,7197.0,1.0
P_1-3_2410,P_1-3_4954,112.2999999999979,7197.0,1.0
P_1-3_2410,P_1-3_4875,111.39999999999795,7197.0,1.0
P_1-3_2410,P_1-3_3410,55.00000000000051,7197.0,1.0
P_1-1-veh_105,P_1-1-pt_5078,51.40000000000046,7196.0,1.0
P_1-1-veh_105,P_1-3_3046,53.900000000000496,7196.0,1.0
P_1-1-veh_105,P_1-3_3457,20.000000000000014,7196.0,1.0
P_1-1-veh_105,P_1-1-veh_234,53.50000000000049,7196.0,1.0
P_1-1-veh_105,P_1-1-pt_2606,50.90000000000045,7196.0,1.0
P_1-1-veh_105,P_1-1-pt_7142,48.40000000000042,7196.0,1.0
P_1-1-veh_105,P_1-1-pt_6538,50.80000000000045,7196.0,1.0
P_1-1-veh_105,P_1-2_1596,53.40000000000049,7196.0,1.0
P_1-1-veh_105,P_1-3_4168,53.40000000000049,7196.0,1.0
P_1-1-veh_105,P_1-2_3081,53.30000000000049,7196.0,1.0
P_1-1-veh_105,P_1-1-pt_7080,55.10000000000051,7196.0,1.0
P_1-1-veh_105,P_1-1-veh_792,28.400000000000134,7196.0,1.0
P_1-1-veh_105,P_1-1-pt_7763,51.20000000000046,7196.0,1.0
P_1-1-veh_105,P_1-2_2554,46.60000000000039,7196.0,1.0
P_1-1-veh_105,P_1-3_2323,75.49999999999999,7196.0,1.0
P_1-1-veh_105,P_1-3_528,53.30000000000049,7196.0,1.0
P_1-1-veh_105,P_1-1-pt_1226,56.40000000000053,7196.0,1.0
P_1-1-veh_105,P_1-1-pt_1108,305.00000000000085,7196.0,1.0
P_1-1-veh_105,P_1-1-pt_3624,41.100000000000314,7196.0,1.0
P_1-1-veh_105,P_1-1-pt_7863,107.19999999999818,7196.0,1.0
P_1-1-veh_105,P_1-1-pt_1304,121.79999999999735,7196.0,1.0
P_1-1-veh_105,P_1-1-pt_8545,106.09999999999825,7196.0,1.0
P_1-1-veh_105,P_1-1-pt_5193,106.19999999999824,7196.0,1.0
P_1-1-veh_105,P_1-1-pt_7325,104.39999999999834,7196.0,1.0
P_1-1-veh_105,P_1-1-pt_8137,218.69999999999186,7196.0,1.0
P_1-1-veh_105,P_2-1_3764,37.40000000000026,7196.0,1.0
P_1-1-veh_105,P_2-1_2925,63.20000000000063,7196.0,1.0
P_1-1-veh_105,P_2-1_63,34.50000000000022,7196.0,1.0
P_1-1-veh_105,P_1-2_1612,20.50000000000002,7196.0,1.0
P_1-1-veh_105,P_1-1-pt_6453,78.6999999999998,7196.0,1.0
P_1-3_2221,P_1-2_3214,54.1000000000005,7190.0,1.0
P_1-3_2221,P_1-2_3590,52.80000000000048,7190.0,1.0
P_1-3_2221,P_1-2_2473,52.90000000000048,7190.0,1.0
P_1-3_2221,P_1-3_1945,52.90000000000048,7190.0,1.0
P_1-3_2221,P_1-2_3702,53.100000000000485,7190.0,1.0
P_1-3_2221,P_1-2_848,53.200000000000486,7190.0,1.0
P_1-3_2221,P_1-2_104,44.700000000000365,7190.0,1.0
P_1-3_2221,P_1-1-pt_2834,48.60000000000042,7190.0,1.0
P_1-3_2221,P_1-1-pt_2820,859.900000000127,7190.0,1.0
P_1-3_2221,P_1-1-pt_3097,85.49999999999942,7190.0,1.0
P_1-3_2018,P_1-2_573,242.7999999999905,7169.0,1.0
P_1-3_2018,P_1-3_4954,205.19999999999263,7169.0,1.0
P_1-3_2018,P_1-1-pt_5241,50.80000000000045,7169.0,1.0
P_1-3_2018,P_2-1_2045,73.80000000000008,7169.0,1.0
P_1-3_2018,P_1-3_2633,58.60000000000056,7169.0,1.0
P_1-3_2018,P_1-2_4634,110.59999999999799,7169.0,1.0
P_1-3_2018,P_1-3_4775,110.09999999999802,7169.0,1.0
P_1-3_2018,P_1-3_2410,63.700000000000635,7169.0,1.0
P_1-3_2018,P_1-3_3253,115.39999999999772,7169.0,1.0
P_1-3_2018,P_1-2_5210,160.99999999999514,7169.0,1.0
P_1-3_2018,P_1-3_4875,163.599999999995,7169.0,1.0
P_1-3_2018,P_1-3_3410,74.80000000000003,7169.0,1.0
P_1-2_609,P_1-2_3608,45.90000000000038,7164.0,1.0
P_1-2_609,P_1-1-veh_246,28.600000000000136,7164.0,1.0
P_1-2_609,P_1-2_5428,27.700000000000124,7164.0,1.0
P_1-2_609,P_1-1-pt_498,56.90000000000054,7164.0,1.0
P_1-2_609,P_1-1-veh_530,23.700000000000067,7164.0,1.0
P_1-2_609,P_1-1-pt_2032,55.40000000000052,7164.0,1.0
P_1-2_609,P_1-2_4266,55.60000000000052,7164.0,1.0
P_1-2_609,P_1-1-pt_8735,55.300000000000516,7164.0,1.0
P_1-2_609,P_1-2_5745,93.49999999999896,7164.0,1.0
P_1-1-pt_5078,P_1-1-veh_105,51.40000000000046,7162.0,1.0
P_1-1-pt_5078,P_1-3_3834,49.80000000000044,7162.0,1.0
P_1-1-pt_5078,P_1-2_3280,64.30000000000062,7162.0,1.0
P_1-1-pt_5078,P_1-1-pt_2920,51.60000000000046,7162.0,1.0
P_1-1-pt_5078,P_1-1-veh_234,116.09999999999768,7162.0,1.0
P_1-1-pt_5078,P_1-3_2053,49.80000000000044,7162.0,1.0
P_1-1-pt_5078,P_1-2_5951,47.90000000000041,7162.0,1.0
P_1-1-pt_5078,P_1-1-pt_7208,66.80000000000048,7162.0,1.0
P_1-1-pt_5078,P_1-1-pt_6538,57.90000000000055,7162.0,1.0
P_1-1-pt_5078,P_1-1-pt_4901,124.3999999999972,7162.0,1.0
P_1-1-pt_5078,P_1-1-pt_8682,98.59999999999867,7162.0,1.0
P_1-1-pt_5078,P_1-3_4690,50.90000000000045,7162.0,1.0
P_1-1-pt_5078,P_1-1-pt_4966,52.00000000000047,7162.0,1.0
P_1-1-pt_5078,P_1-1-pt_7080,114.89999999999775,7162.0,1.0
P_1-2_4734,P_1-2_4206,225.29999999999148,7159.0,1.0
P_1-2_4734,P_1-3_1500,223.99999999999156,7159.0,1.0
P_1-2_4734,P_1-3_3901,223.79999999999157,7159.0,1.0
P_1-2_4734,P_1-2_1420,224.09999999999155,7159.0,1.0
P_1-2_4734,P_1-3_228,223.99999999999156,7159.0,1.0
P_1-2_4734,P_1-3_3776,224.59999999999152,7159.0,1.0
P_1-2_4734,P_2-1_2161,224.19999999999155,7159.0,1.0
P_1-2_4734,P_1-3_874,111.79999999999792,7159.0,1.0
P_1-2_4734,P_1-3_2454,111.99999999999791,7159.0,1.0
P_1-2_4734,P_1-3_3834,111.89999999999792,7159.0,1.0
P_1-2_4734,P_1-2_3280,112.1999999999979,7159.0,1.0
P_1-2_4734,P_1-3_3046,112.2999999999979,7159.0,1.0
P_1-2_4734,P_1-3_3457,111.89999999999792,7159.0,1.0
P_1-2_4734,P_1-3_4168,112.49999999999788,7159.0,1.0
P_1-2_4734,P_1-2_2287,24.800000000000082,7159.0,1.0
P_1-2_4734,P_1-3_2053,1362.3999999998564,7159.0,1.0
P_1-1-pt_8289,P_1-1-pt_8184,315.10000000000315,7155.0,1.0
P_1-1-pt_8289,P_1-2_638,735.1000000000986,7155.0,1.0
P_1-1-pt_8289,P_1-2_5753,281.8999999999956,7155.0,1.0
P_1-1-pt_8289,P_1-1-veh_834,275.59999999999417,7155.0,1.0
P_1-1-pt_8289,P_1-1-veh_530,59.70000000000058,7155.0,1.0
P_1-1-pt_8289,P_1-3_743,110.69999999999798,7155.0,1.0
P_1-1-pt_8289,P_1-3_2599,55.40000000000052,7155.0,1.0
P_1-1-pt_8289,P_1-2_5745,55.40000000000052,7155.0,1.0
P_1-1-pt_8289,P_1-1-pt_8735,55.70000000000052,7155.0,1.0
P_1-1-pt_8289,P_1-2_4266,55.200000000000514,7155.0,1.0
P_1-1-pt_8289,P_1-3_3076,55.200000000000514,7155.0,1.0
P_1-1-pt_8289,P_1-1-pt_182,55.50000000000052,7155.0,1.0
P_1-1-pt_8289,P_1-3_4289,55.00000000000051,7155.0,1.0
P_1-1-pt_8289,P_1-1-pt_1723,101.09999999999853,7155.0,1.0
P_1-2_638,P_1-1-pt_8289,735.1000000000986,7148.0,1.0
P_1-2_638,P_1-1-pt_8184,160.89999999999515,7148.0,1.0
P_1-2_638,P_1-3_80,15.89999999999996,7148.0,1.0
P_1-2_638,P_1-2_3608,28.400000000000134,7148.0,1.0
P_1-2_638,P_1-3_743,28.300000000000132,7148.0,1.0
P_1-2_638,P_1-3_2599,27.800000000000125,7148.0,1.0
P_1-2_638,P_1-2_5745,27.800000000000125,7148.0,1.0
P_1-2_638,P_1-1-pt_8735,9.299999999999983,7148.0,1.0
P_1-2_638,P_1-2_4266,27.50000000000012,7148.0,1.0
P_1-2_638,P_1-1-pt_6516,31.60000000000018,7148.0,1.0
P_1-2_638,P_1-3_1535,27.900000000000126,7148.0,1.0
P_1-3_2454,P_1-1-veh_234,53.100000000000485,7144.0,1.0
P_1-3_2454,P_1-1-pt_8682,51.40000000000046,7144.0,1.0
P_1-3_2454,P_1-2_3389,53.40000000000049,7144.0,1.0
P_1-3_2454,P_1-2_4206,111.99999999999791,7144.0,1.0
P_1-3_2454,P_1-3_1500,111.79999999999792,7144.0,1.0
P_1-3_2454,P_1-3_3901,111.79999999999792,7144.0,1.0
P_1-3_2454,P_1-2_1420,111.79999999999792,7144.0,1.0
P_1-3_2454,P_1-3_228,111.49999999999794,7144.0,1.0
P_1-3_2454,P_1-3_3776,111.69999999999793,7144.0,1.0
P_1-3_2454,P_2-1_2161,111.79999999999792,7144.0,1.0
P_1-3_2454,P_1-3_874,55.80000000000052,7144.0,1.0
P_1-3_2454,P_1-2_4734,111.99999999999791,7144.0,1.0
P_1-3_2454,P_1-3_3834,55.70000000000052,7144.0,1.0
P_1-3_2454,P_1-2_3280,56.10000000000053,7144.0,1.0
P_1-3_2454,P_1-3_3046,55.80000000000052,7144.0,1.0
P_1-3_2454,P_1-3_3457,56.10000000000053,7144.0,1.0
P_1-3_2454,P_1-3_4168,55.900000000000524,7144.0,1.0
P_1-3_2454,P_1-3_2053,55.80000000000052,7144.0,1.0
P_1-3_2454,P_1-2_5951,55.60000000000052,7144.0,1.0
P_1-3_2454,P_1-3_4690,56.30000000000053,7144.0,1.0
P_1-2_3821,P_1-2_2580,794.100000000112,7142.0,0.6205544665359843
P_1-2_3821,P_1-3_4738,734.1000000000984,7142.0,0.6205544665359843
P_1-2_3821,P_1-2_5752,678.6000000000857,7142.0,0.6205544665359843
P_1-2_3821,P_1-2_3464,690.6000000000885,7142.0,0.6205544665359843
P_1-2_3821,P_1-1-veh_837,622.400000000073,7142.0,0.6205544665359843
P_1-2_3821,P_2-1_2028,362.800000000014,7142.0,0.6205544665359843
P_1-2_3821,P_1-2_2797,6045.00000000446,7142.0,0.6205544665359843
P_1-3_268,P_1-2_4853,250.79999999999004,7140.0,1.0
P_1-3_268,P_1-3_4663,53.30000000000049,7140.0,1.0
P_1-3_268,P_1-2_1658,53.50000000000049,7140.0,1.0
P_1-3_268,P_1-3_4881,53.60000000000049,7140.0,1.0
P_1-3_268,P_2-1_4267,53.40000000000049,7140.0,1.0
P_1-3_268,P_2-1_3390,53.40000000000049,7140.0,1.0
P_1-3_268,P_1-3_28,42.30000000000033,7140.0,1.0
P_1-3_268,P_2-1_1463,53.50000000000049,7140.0,1.0
P_1-3_268,P_2-1_499,53.40000000000049,7140.0,1.0
P_1-3_268,P_2-1_804,53.40000000000049,7140.0,1.0
P_1-3_268,P_2-1_213,53.200000000000486,7140.0,1.0
P_1-3_268,P_1-3_3132,53.50000000000049,7140.0,1.0
P_1-2_4454,P_1-2_2180,53.40000000000049,7131.0,1.0
P_1-2_4454,P_1-2_3879,53.40000000000049,7131.0,1.0
P_1-2_4454,P_2-1_63,66.90000000000047,7131.0,1.0
P_1-2_4454,P_1-2_1612,81.09999999999967,7131.0,1.0
P_1-2_4454,P_1-3_4262,46.20000000000039,7131.0,1.0
P_1-2_4454,P_1-2_1255,41.60000000000032,7131.0,1.0
P_1-2_4454,P_1-1-pt_1601,68.00000000000041,7131.0,1.0
P_1-2_4454,P_1-1-pt_7938,56.600000000000534,7131.0,1.0
P_1-2_4454,P_1-2_3590,1396.5999999998253,7131.0,1.0
P_1-2_4454,P_1-1-pt_3931,57.50000000000055,7131.0,1.0
P_1-2_4454,P_2-1_6236,39.9000000000003,7131.0,1.0
P_1-2_4454,P_1-2_1948,25.800000000000097,7131.0,1.0
P_1-2_4454,P_1-3_5550,25.700000000000095,7131.0,1.0
P_1-2_4454,P_2-1_5799,20.800000000000026,7131.0,1.0
P_1-2_4454,P_1-3_4492,25.900000000000098,7131.0,1.0
P_1-2_4454,P_1-3_2528,25.800000000000097,7131.0,1.0
P_1-2_4454,P_1-1-pt_3353,58.60000000000056,7131.0,1.0
P_1-2_4454,P_1-1-pt_6355,2432.9999999988827,7131.0,1.0
P_1-2_4454,P_2-1_2911,69.20000000000034,7131.0,1.0
P_1-2_4454,P_1-1-pt_2425,52.30000000000047,7131.0,1.0
P_1-2_4454,P_1-2_1285,48.80000000000042,7131.0,1.0
P_1-2_4454,P_2-1_842,35.30000000000023,7131.0,1.0
P_1-2_4454,P_1-3_5451,45.400000000000375,7131.0,1.0
P_1-2_4454,P_1-3_1140,21.80000000000004,7131.0,1.0
P_1-2_4454,P_2-1_5552,28.10000000000013,7131.0,1.0
P_1-2_4454,P_1-2_4955,36.200000000000244,7131.0,1.0
P_1-2_4454,P_1-2_2061,40.500000000000306,7131.0,1.0
P_1-1-pt_2770,P_2-1_3764,8.399999999999986,7127.0,1.0
P_1-1-pt_2770,P_2-1_63,8.499999999999986,7127.0,1.0
P_1-1-pt_2770,P_1-2_1255,8.499999999999986,7127.0,1.0
P_1-1-pt_2770,P_1-1-pt_4380,3.2000000000000015,7127.0,1.0
P_1-1-pt_2770,P_1-1-pt_7938,57.90000000000055,7127.0,1.0
P_1-1-pt_2770,P_1-1-pt_3931,58.100000000000556,7127.0,1.0
P_1-1-pt_2770,P_2-1_6236,8.299999999999986,7127.0,1.0
P_1-1-pt_2770,P_1-2_1948,8.599999999999985,7127.0,1.0
P_1-1-pt_2770,P_1-3_5550,8.399999999999986,7127.0,1.0
P_1-1-pt_2770,P_1-3_4492,9.099999999999984,7127.0,1.0
P_1-1-pt_2770,P_1-3_2528,8.499999999999986,7127.0,1.0
P_1-1-pt_2770,P_1-1-pt_3353,59.10000000000057,7127.0,1.0
P_1-1-pt_2770,P_2-1_2911,8.599999999999985,7127.0,1.0
P_1-1-pt_2770,P_1-1-pt_2425,31.300000000000175,7127.0,1.0
P_1-1-pt_2770,P_1-2_1285,17.799999999999983,7127.0,1.0
P_1-1-pt_2770,P_2-1_842,26.1000000000001,7127.0,1.0
P_1-1-pt_2770,P_1-3_5451,39.800000000000296,7127.0,1.0
P_1-1-pt_2770,P_1-2_4955,26.600000000000108,7127.0,1.0
P_1-1-pt_2770,P_1-2_2061,26.0000000000001,7127.0,1.0
P_1-1-pt_5139,P_1-1-pt_1747,43.60000000000035,7125.0,1.0
P_1-1-pt_5139,P_1-1-pt_5167,49.10000000000043,7125.0,1.0
P_1-1-pt_5139,P_1-1-pt_2863,894.6000000001349,7125.0,1.0
P_1-1-pt_5139,P_1-2_250,70.20000000000029,7125.0,1.0
P_1-1-pt_5139,P_1-3_2786,478.70000000004035,7125.0,1.0
P_1-1-pt_5139,P_1-3_5475,57.90000000000055,7125.0,1.0
P_1-1-pt_5139,P_1-1-pt_7440,102.79999999999843,7125.0,1.0
P_1-1-pt_5139,P_1-3_1945,117.3999999999976,7125.0,1.0
P_1-1-pt_5139,P_1-2_3702,94.99999999999888,7125.0,1.0
P_1-1-pt_5139,P_1-2_848,61.0000000000006,7125.0,1.0
P_1-1-pt_5139,P_1-3_1027,85.6999999999994,7125.0,1.0
P_1-1-pt_5139,P_1-1-pt_2431,113.19999999999784,7125.0,1.0
P_1-1-pt_5139,P_1-1-pt_2920,49.700000000000436,7125.0,1.0
P_1-1-pt_5139,P_1-1-pt_6673,47.90000000000041,7125.0,1.0
P_1-1-pt_255,P_1-1-pt_6368,147.5999999999959,7122.0,1.0
P_1-1-pt_255,P_1-2_671,16.399999999999963,7122.0,1.0
P_1-1-pt_255,P_1-1-pt_1560,61.1000000000006,7122.0,1.0
P_1-1-pt_255,P_1-1-pt_2606,61.80000000000061,7122.0,1.0
P_1-1-pt_255,P_1-1-pt_1966,63.10000000000063,7122.0,1.0
P_1-1-pt_255,P_1-1-pt_5906,61.70000000000061,7122.0,1.0
P_1-1-pt_255,P_1-1-pt_1238,61.90000000000061,7122.0,1.0
P_1-1-pt_255,P_1-1-pt_3916,61.80000000000061,7122.0,1.0
P_1-1-pt_255,P_1-1-pt_1226,61.500000000000604,7122.0,1.0
P_1-1-pt_255,P_1-1-pt_3409,58.20000000000056,7122.0,1.0
P_1-1-pt_255,P_1-1-pt_3624,58.000000000000554,7122.0,1.0
P_1-1-pt_255,P_2-1_3764,38.20000000000027,7122.0,1.0
P_1-1-pt_255,P_2-1_2925,39.100000000000286,7122.0,1.0
P_1-1-pt_255,P_1-1-pt_3097,62.200000000000614,7122.0,1.0
P_1-1-pt_255,P_2-1_63,42.40000000000033,7122.0,1.0
P_1-1-pt_255,P_1-2_1612,38.80000000000028,7122.0,1.0
P_1-1-pt_255,P_1-1-pt_761,61.0000000000006,7122.0,1.0
P_1-1-pt_255,P_1-2_1255,17.59999999999998,7122.0,1.0
P_1-1-pt_255,P_1-2_6013,125.09999999999717,7122.0,1.0
P_1-3_3834,P_1-1-pt_5078,49.80000000000044,7122.0,1.0
P_1-3_3834,P_1-3_3046,109.19999999999807,7122.0,1.0
P_1-3_3834,P_1-3_3457,109.69999999999804,7122.0,1.0
P_1-3_3834,P_1-1-veh_234,53.100000000000485,7122.0,1.0
P_1-3_3834,P_1-1-pt_2606,57.20000000000054,7122.0,1.0
P_1-3_3834,P_1-1-pt_7142,48.10000000000041,7122.0,1.0
P_1-3_3834,P_1-1-pt_6538,45.70000000000038,7122.0,1.0
P_1-3_3834,P_1-1-pt_8682,50.70000000000045,7122.0,1.0
P_1-3_3834,P_1-2_3389,54.90000000000051,7122.0,1.0
P_1-3_3834,P_2-1_2161,111.69999999999793,7122.0,1.0
P_1-3_3834,P_1-3_874,111.79999999999792,7122.0,1.0
P_1-3_3834,P_1-2_4734,111.89999999999792,7122.0,1.0
P_1-3_3834,P_1-3_2454,55.70000000000052,7122.0,1.0
P_1-3_3834,P_1-2_4206,111.79999999999792,7122.0,1.0
P_1-3_3834,P_1-3_1500,111.59999999999793,7122.0,1.0
P_1-3_3834,P_1-3_3901,111.39999999999795,7122.0,1.0
P_1-3_3834,P_1-2_1420,111.89999999999792,7122.0,1.0
P_1-3_3834,P_1-3_228,111.59999999999793,7122.0,1.0
P_1-3_3834,P_1-2_3280,56.000000000000526,7122.0,1.0
P_1-3_3834,P_1-3_4168,56.000000000000526,7122.0,1.0
P_1-3_3834,P_1-3_2053,55.70000000000052,7122.0,1.0
P_1-3_3834,P_1-3_3776,1689.7999999995586,7122.0,1.0
P_1-2_4327,P_1-2_4098,553.9000000000574,7115.0,1.0
P_1-2_4327,P_1-3_4822,744.5000000001007,7115.0,1.0
P_1-2_4327,P_1-2_3716,2867.5999999984874,7115.0,1.0
P_1-2_4327,P_1-2_4270,53.800000000000495,7115.0,1.0
P_1-2_1559,P_1-2_2564,3121.5999999982564,7108.0,1.0
P_1-2_1559,P_1-2_3693,198.399999999993,7108.0,1.0
P_1-2_1559,P_1-1-pt_1304,28.20000000000013,7108.0,1.0
P_1-2_1559,P_1-2_1017,57.50000000000055,7108.0,1.0
P_1-2_1559,P_1-2_671,217.49999999999193,7108.0,1.0
P_1-2_5518,P_2-1_4127,45.00000000000037,7098.0,1.0
P_1-2_5518,P_2-1_3119,54.4000000000005,7098.0,1.0
P_1-2_5518,P_1-3_4644,56.10000000000053,7098.0,1.0
P_1-2_5518,P_2-1_2486,53.30000000000049,7098.0,1.0
P_1-2_5518,P_2-1_3601,53.30000000000049,7098.0,1.0
P_1-2_5518,P_2-1_600,53.40000000000049,7098.0,1.0
P_1-2_5518,P_1-2_5765,53.30000000000049,7098.0,1.0
P_1-2_5518,P_2-1_1248,6771.200000007102,7098.0,1.0
P_1-2_1313,P_1-1-pt_6368,27.000000000000114,7097.0,1.0
P_1-2_1313,P_1-2_3052,32.40000000000019,7097.0,1.0
P_1-2_1313,P_1-2_1017,20.200000000000017,7097.0,1.0
P_1-2_1313,P_1-1-pt_5193,63.10000000000063,7097.0,1.0
P_1-2_1313,P_1-3_990,52.90000000000048,7097.0,1.0
P_1-3_2180,P_1-2_3378,109.39999999999806,7091.0,1.0
P_1-3_2180,P_1-2_3077,109.29999999999806,7091.0,1.0
P_1-3_2180,P_1-3_2076,399.7000000000224,7091.0,1.0
P_1-3_2180,P_1-2_5020,54.90000000000051,7091.0,1.0
P_1-3_2180,P_1-1-pt_4785,55.300000000000516,7091.0,1.0
P_1-3_2180,P_2-1_3664,58.50000000000056,7091.0,1.0
P_1-3_2180,P_2-1_3058,57.60000000000055,7091.0,1.0
P_1-3_2180,P_1-3_5020,43.50000000000035,7091.0,1.0
P_1-3_2180,P_1-2_2422,50.70000000000045,7091.0,1.0
P_1-3_2180,P_1-2_5092,55.00000000000051,7091.0,1.0
P_1-3_2180,P_1-3_5354,46.800000000000395,7091.0,1.0
P_1-2_3488,P_1-2_2237,113.39999999999783,7089.0,1.0
P_1-2_3488,P_1-1-pt_2129,108.89999999999809,7089.0,1.0
P_1-2_3488,P_1-1-pt_1039,110.19999999999801,7089.0,1.0
P_1-2_3488,P_1-1-pt_5275,110.19999999999801,7089.0,1.0
P_1-2_3488,P_1-1-pt_1700,109.79999999999804,7089.0,1.0
P_1-2_3488,P_1-3_17,63.40000000000063,7089.0,1.0
P_1-3_3046,P_1-1-veh_105,53.900000000000496,7087.0,1.0
P_1-3_3046,P_1-3_3834,109.19999999999807,7087.0,1.0
P_1-3_3046,P_1-3_1785,53.200000000000486,7087.0,1.0
P_1-3_3046,P_1-2_2554,2.0000000000000004,7087.0,1.0
P_1-3_3046,P_1-1-pt_4966,51.700000000000465,7087.0,1.0
P_1-3_3046,P_1-1-veh_234,54.0000000000005,7087.0,1.0
P_1-3_3046,P_1-3_3457,1624.9999999996176,7087.0,1.0
P_1-3_3046,P_1-1-pt_1238,52.10000000000047,7087.0,1.0
P_1-3_3046,P_1-1-pt_7142,50.50000000000045,7087.0,1.0
P_1-3_3046,P_1-1-pt_6538,50.90000000000045,7087.0,1.0
P_1-3_3046,P_1-1-pt_8682,50.90000000000045,7087.0,1.0
P_1-3_3046,P_1-2_3389,53.40000000000049,7087.0,1.0
P_1-3_3046,P_1-2_4734,112.2999999999979,7087.0,1.0
P_1-3_3046,P_1-3_2454,55.80000000000052,7087.0,1.0
P_1-3_3046,P_1-2_4206,112.39999999999789,7087.0,1.0
P_1-3_3046,P_1-3_1500,111.79999999999792,7087.0,1.0
P_1-3_3046,P_1-3_3901,108.49999999999811,7087.0,1.0
P_1-3_3046,P_1-2_1420,56.10000000000053,7087.0,1.0
P_1-3_3046,P_1-3_228,56.10000000000053,7087.0,1.0
P_1-3_3046,P_1-3_3776,56.10000000000053,7087.0,1.0
P_1-3_3046,P_2-1_2161,56.000000000000526,7087.0,1.0
P_1-3_3046,P_1-2_3280,56.30000000000053,7087.0,1.0
P_1-3_3046,P_1-3_4168,56.10000000000053,7087.0,1.0
P_1-3_3046,P_1-3_2053,55.900000000000524,7087.0,1.0
P_1-1-pt_530,P_1-3_2881,48.60000000000042,7080.0,1.0
P_1-1-pt_530,P_1-2_1600,48.80000000000042,7080.0,1.0
P_1-1-pt_530,P_1-1-pt_6309,44.80000000000037,7080.0,1.0
P_1-1-pt_530,P_1-1-pt_8692,45.20000000000037,7080.0,1.0
P_1-1-pt_530,P_1-1-veh_459,49.20000000000043,7080.0,1.0
P_1-1-pt_530,P_1-1-pt_8611,47.80000000000041,7080.0,1.0
P_1-1-pt_530,P_1-1-pt_5997,45.20000000000037,7080.0,1.0
P_1-1-pt_530,P_1-1-pt_394,44.40000000000036,7080.0,1.0
P_1-1-pt_530,P_1-1-pt_4541,44.000000000000355,7080.0,1.0
P_1-1-pt_530,P_1-3_4124,47.500000000000405,7080.0,1.0
P_1-1-pt_530,P_1-3_2421,47.500000000000405,7080.0,1.0
P_1-1-pt_530,P_1-1-pt_725,43.00000000000034,7080.0,1.0
P_1-1-pt_530,P_1-3_2955,75.2,7080.0,1.0
P_1-1-pt_530,P_1-1-pt_6413,13.199999999999969,7080.0,1.0
P_1-1-pt_530,P_1-1-pt_4996,64.6000000000006,7080.0,1.0
P_1-1-pt_530,P_1-1-pt_2834,46.700000000000394,7080.0,1.0
P_1-1-pt_530,P_1-1-pt_5199,49.000000000000426,7080.0,1.0
P_1-1-pt_530,P_1-2_5252,7.599999999999989,7080.0,1.0
P_1-1-pt_530,P_1-1-pt_761,71.90000000000019,7080.0,1.0
P_1-1-pt_530,P_1-1-pt_6297,76.09999999999995,7080.0,1.0
P_1-1-pt_3629,P_1-2_4771,226.5999999999914,7078.0,1.0
P_1-1-pt_3629,P_1-1-pt_1714,113.09999999999785,7078.0,1.0
P_1-1-pt_3629,P_1-2_2287,112.39999999999789,7078.0,1.0
P_1-1-pt_3629,P_1-3_1785,112.39999999999789,7078.0,1.0
P_1-1-pt_3629,P_1-1-pt_560,33.3000000000002,7078.0,1.0
P_1-1-pt_3629,P_1-2_3081,112.2999999999979,7078.0,1.0
P_1-2_4634,P_1-3_4775,233.39999999999102,7076.0,1.0
P_1-2_4634,P_1-3_2410,165.89999999999486,7076.0,1.0
P_1-2_4634,P_1-3_3253,220.79999999999174,7076.0,1.0
P_1-2_4634,P_1-3_2018,110.59999999999799,7076.0,1.0
P_1-2_4634,P_1-3_2633,165.49999999999488,7076.0,1.0
P_1-2_4634,P_1-2_5210,110.69999999999798,7076.0,1.0
P_1-2_4634,P_1-2_573,120.59999999999742,7076.0,1.0
P_1-2_4634,P_1-3_4954,123.09999999999728,7076.0,1.0
P_1-2_4634,P_1-3_4875,1092.0000000001023,7076.0,1.0
P_1-2_4634,P_1-3_3410,344.7000000000099,7076.0,1.0
P_1-2_4609,P_1-2_4329,348.00000000001063,7075.0,1.0
P_1-2_4609,P_1-1-pt_3931,117.09999999999762,7075.0,1.0
P_1-2_4609,P_2-1_6236,103.19999999999841,7075.0,1.0
P_1-2_4609,P_2-1_5067,113.09999999999785,7075.0,1.0
P_1-2_4609,P_1-1-pt_3353,90.09999999999916,7075.0,1.0
P_1-2_2580,P_1-2_3821,794.100000000112,7070.0,0.7734087694483734
P_1-2_2580,P_1-3_4738,734.5000000000985,7070.0,0.7734087694483734
P_1-2_2580,P_1-2_5752,679.800000000086,7070.0,0.7734087694483734
P_1-2_2580,P_1-2_3464,679.800000000086,7070.0,0.7734087694483734
P_1-2_2580,P_1-1-veh_837,623.0000000000731,7070.0,0.7734087694483734
P_1-2_2580,P_2-1_2028,340.5000000000089,7070.0,0.7734087694483734
P_1-2_2580,P_1-2_2797,6045.00000000446,7070.0,0.7734087694483734
P_1-2_1285,P_1-3_1140,27.50000000000012,7062.0,1.0
P_1-2_1285,P_1-1-pt_8085,37.600000000000264,7062.0,1.0
P_1-2_1285,P_1-1-veh_824,67.60000000000043,7062.0,1.0
P_1-2_1285,P_1-1-pt_2342,86.89999999999934,7062.0,1.0
P_1-2_1285,P_1-2_5927,38.10000000000027,7062.0,1.0
P_1-2_1285,P_1-2_3214,30.30000000000016,7062.0,1.0
P_1-2_1285,P_1-1-pt_841,108.6999999999981,7062.0,1.0
P_1-2_1285,P_1-2_4715,29.60000000000015,7062.0,1.0
P_1-2_1285,P_1-2_2653,38.400000000000276,7062.0,1.0
P_1-2_1285,P_1-1-pt_2770,17.799999999999983,7062.0,1.0
P_1-2_1285,P_1-1-pt_6355,17.999999999999986,7062.0,1.0
P_1-2_1285,P_1-2_4454,48.80000000000042,7062.0,1.0
P_1-2_1285,P_1-2_3590,30.600000000000165,7062.0,1.0
P_1-2_1285,P_1-1-pt_8982,19.200000000000003,7062.0,1.0
P_1-2_1285,P_1-1-pt_8969,17.899999999999984,7062.0,1.0
P_1-2_1285,P_1-2_1658,48.300000000000416,7062.0,1.0
P_1-2_1285,P_1-1-pt_1601,55.10000000000051,7062.0,1.0
P_1-2_1285,P_1-1-pt_2425,3729.6999999977033,7062.0,1.0
P_1-2_1285,P_2-1_2911,1617.799999999624,7062.0,1.0
P_1-1-pt_6355,P_1-1-pt_5167,61.1000000000006,7060.0,1.0
P_1-1-pt_6355,P_1-1-pt_1747,61.70000000000061,7060.0,1.0
P_1-1-pt_6355,P_1-1-pt_3858,34.70000000000022,7060.0,1.0
P_1-1-pt_6355,P_2-1_3764,8.299999999999986,7060.0,1.0
P_1-1-pt_6355,P_2-1_63,8.899999999999984,7060.0,1.0
P_1-1-pt_6355,P_1-2_1612,8.699999999999985,7060.0,1.0
P_1-1-pt_6355,P_1-2_1255,8.299999999999986,7060.0,1.0
P_1-1-pt_6355,P_1-1-pt_1601,77.39999999999988,7060.0,1.0
P_1-1-pt_6355,P_1-1-pt_7938,57.60000000000055,7060.0,1.0
P_1-1-pt_6355,P_1-2_3590,84.59999999999947,7060.0,1.0
P_1-1-pt_6355,P_1-1-pt_3931,58.20000000000056,7060.0,1.0
P_1-1-pt_6355,P_2-1_6236,32.60000000000019,7060.0,1.0
P_1-1-pt_6355,P_1-2_1948,8.499999999999986,7060.0,1.0
P_1-1-pt_6355,P_1-3_5550,8.399999999999986,7060.0,1.0
P_1-1-pt_6355,P_1-3_4492,8.699999999999985,7060.0,1.0
P_1-1-pt_6355,P_1-3_2528,8.499999999999986,7060.0,1.0
P_1-1-pt_6355,P_1-1-pt_3353,60.60000000000059,7060.0,1.0
P_1-1-pt_6355,P_2-1_2911,8.699999999999985,7060.0,1.0
P_1-1-pt_6355,P_1-2_4454,2432.9999999988827,7060.0,1.0
P_1-1-pt_6355,P_1-1-pt_2425,31.800000000000182,7060.0,1.0
P_1-1-pt_6355,P_1-2_1285,17.999999999999986,7060.0,1.0
P_1-1-pt_6355,P_2-1_842,26.600000000000108,7060.0,1.0
P_1-1-pt_6355,P_1-3_5451,40.400000000000304,7060.0,1.0
P_1-1-pt_6355,P_2-1_5552,14.499999999999964,7060.0,1.0
P_1-1-pt_6355,P_1-2_4955,28.300000000000132,7060.0,1.0
P_1-1-pt_6355,P_1-2_2061,26.0000000000001,7060.0,1.0
P_1-1-pt_1669,P_1-2_960,30.500000000000163,7057.0,0.9617401161966841
P_1-1-pt_1669,P_1-2_1265,45.60000000000038,7057.0,0.9617401161966841
P_1-1-pt_1669,P_1-2_1494,57.300000000000544,7057.0,0.9617401161966841
P_1-1-pt_1669,P_1-3_4253,43.60000000000035,7057.0,0.9617401161966841
P_1-1-pt_1669,P_1-1-pt_7959,67.90000000000042,7057.0,0.9617401161966841
P_1-1-pt_1669,P_2-1_5841,50.80000000000045,7057.0,0.9617401161966841
P_1-1-pt_1669,P_1-1-pt_6381,59.400000000000574,7057.0,0.9617401161966841
P_1-1-pt_1669,P_1-1-veh_824,51.40000000000046,7057.0,0.9617401161966841
P_1-1-pt_5167,P_1-1-pt_6355,61.1000000000006,7055.0,0.8134656272147414
P_1-1-pt_5167,P_1-1-pt_3858,814.4000000001166,7055.0,0.8134656272147414
P_1-1-pt_5167,P_1-1-pt_521,866.8000000001285,7055.0,0.8134656272147414
P_1-1-pt_5167,P_1-1-pt_5139,49.10000000000043,7055.0,0.8134656272147414
P_1-1-pt_5167,P_1-1-pt_2863,23.90000000000007,7055.0,0.8134656272147414
P_1-1-pt_5167,P_1-1-pt_6974,1044.9000000001452,7055.0,0.8134656272147414
P_1-1-pt_5167,P_1-1-pt_3671,1279.9999999999313,7055.0,0.8134656272147414
P_1-1-pt_5167,P_1-1-pt_4262,64.10000000000063,7055.0,0.8134656272147414
P_1-1-pt_5167,P_1-1-pt_98,1246.6999999999616,7055.0,0.8134656272147414
P_1-1-pt_5167,P_1-1-pt_3207,618.400000000072,7055.0,0.8134656272147414
P_1-1-pt_5167,P_1-1-pt_1497,1043.0000000001469,7055.0,0.8134656272147414
P_1-1-pt_5167,P_1-1-pt_6743,159.09999999999525,7055.0,0.8134656272147414
P_1-1-pt_5167,P_1-1-pt_4879,92.899999999999,7055.0,0.8134656272147414
P_1-1-pt_5167,P_1-1-pt_4736,190.79999999999345,7055.0,0.8134656272147414
P_1-1-pt_5167,P_1-1-pt_2880,379.0000000000177,7055.0,0.8134656272147414
P_1-1-pt_5167,P_2-1_63,27.000000000000114,7055.0,0.8134656272147414
P_1-1-pt_5167,P_1-3_3245,44.000000000000355,7055.0,0.8134656272147414
P_1-1-pt_5167,P_1-2_250,21.600000000000037,7055.0,0.8134656272147414
P_1-1-pt_5167,P_1-2_4483,56.40000000000053,7055.0,0.8134656272147414
P_1-1-pt_5167,P_1-1-pt_2920,61.500000000000604,7055.0,0.8134656272147414
P_1-1-pt_5167,P_1-2_4940,69.9000000000003,7055.0,0.8134656272147414
P_1-1-pt_5167,P_1-1-veh_610,48.80000000000042,7055.0,0.8134656272147414
P_1-1-pt_5167,P_1-1-pt_2369,58.700000000000564,7055.0,0.8134656272147414
P_1-1-pt_5167,P_1-1-pt_6673,10.699999999999978,7055.0,0.8134656272147414
P_1-1-pt_5167,P_1-1-pt_7573,64.90000000000059,7055.0,0.8134656272147414
P_1-1-pt_5167,P_1-1-veh_767,59.10000000000057,7055.0,0.8134656272147414
P_1-1-pt_5167,P_1-2_5543,38.10000000000027,7055.0,0.8134656272147414
P_1-1-pt_5167,P_1-1-pt_2013,235.29999999999092,7055.0,0.8134656272147414
P_1-1-pt_5167,P_1-2_303,55.60000000000052,7055.0,0.8134656272147414
P_1-1-pt_5167,P_1-1-pt_1747,6936.900000007705,7055.0,0.8134656272147414
P_1-3_4492,P_1-2_2422,27.900000000000126,7054.0,1.0
P_1-3_4492,P_2-1_842,40.1000000000003,7054.0,1.0
P_1-3_4492,P_2-1_2987,27.300000000000118,7054.0,1.0
P_1-3_4492,P_1-1-pt_3353,132.79999999999674,7054.0,1.0
P_1-3_4492,P_1-2_5927,35.20000000000023,7054.0,1.0
P_1-3_4492,P_1-2_3214,27.100000000000115,7054.0,1.0
P_1-3_4492,P_1-2_4715,26.300000000000104,7054.0,1.0
P_1-3_4492,P_1-2_2653,32.60000000000019,7054.0,1.0
P_1-3_4492,P_1-1-pt_2770,9.099999999999984,7054.0,1.0
P_1-3_4492,P_1-1-pt_6355,8.699999999999985,7054.0,1.0
P_1-3_4492,P_1-2_4454,25.900000000000098,7054.0,1.0
P_1-3_4492,P_1-2_3590,25.800000000000097,7054.0,1.0
P_1-3_4492,P_1-1-pt_8982,8.399999999999986,7054.0,1.0
P_1-3_4492,P_1-1-pt_8969,8.599999999999985,7054.0,1.0
P_1-3_4492,P_1-2_1658,35.70000000000024,7054.0,1.0
P_1-3_4492,P_1-1-pt_1601,55.40000000000052,7054.0,1.0
P_1-3_4492,P_2-1_5799,649.6000000000791,7054.0,1.0
P_1-1-pt_1006,P_1-2_250,50.70000000000045,7050.0,1.0
P_1-1-pt_1006,P_1-1-pt_8969,56.20000000000053,7050.0,1.0
P_1-1-pt_1006,P_1-3_2786,62.70000000000062,7050.0,1.0
P_1-1-pt_1006,P_1-3_5475,98.1999999999987,7050.0,1.0
P_1-1-pt_1006,P_1-3_1945,52.00000000000047,7050.0,1.0
P_1-1-pt_1006,P_1-2_3702,121.49999999999737,7050.0,1.0
P_1-1-pt_1006,P_1-1-pt_6673,49.000000000000426,7050.0,1.0
P_1-1-pt_1006,P_1-1-pt_2431,59.90000000000058,7050.0,1.0
P_1-1-pt_1006,P_1-3_1027,129.09999999999695,7050.0,1.0
P_1-1-pt_1006,P_1-1-pt_2920,3.5000000000000018,7050.0,1.0
P_1-1-pt_1006,P_1-2_848,113.19999999999784,7050.0,1.0
P_1-2_2287,P_1-1-pt_8682,51.100000000000456,7050.0,1.0
P_1-2_2287,P_1-2_3389,53.50000000000049,7050.0,1.0
P_1-2_2287,P_1-3_1500,12.79999999999997,7050.0,1.0
P_1-2_2287,P_1-1-pt_560,52.20000000000047,7050.0,1.0
P_1-2_2287,P_1-2_4771,112.49999999999788,7050.0,1.0
P_1-2_2287,P_1-1-pt_1714,62.900000000000624,7050.0,1.0
P_1-2_2287,P_1-1-pt_3629,112.39999999999789,7050.0,1.0
P_1-2_2287,P_1-3_1785,55.900000000000524,7050.0,1.0
P_1-2_2287,P_1-3_874,53.200000000000486,7050.0,1.0
P_1-2_2287,P_1-2_3081,55.80000000000052,7050.0,1.0
P_1-2_2287,P_1-2_4734,24.800000000000082,7050.0,1.0
P_1-2_2287,P_1-2_5951,55.70000000000052,7050.0,1.0
P_1-2_2287,P_1-3_4690,56.600000000000534,7050.0,1.0
P_1-2_3214,P_1-3_2221,54.1000000000005,7047.0,1.0
P_1-2_3214,P_1-1-pt_1601,8.399999999999986,7047.0,1.0
P_1-2_3214,P_1-1-pt_7948,8.399999999999986,7047.0,1.0
P_1-2_3214,P_1-1-pt_3931,86.39999999999937,7047.0,1.0
P_1-2_3214,P_2-1_6236,27.700000000000124,7047.0,1.0
P_1-2_3214,P_1-2_1948,27.700000000000124,7047.0,1.0
P_1-2_3214,P_1-3_5550,27.200000000000117,7047.0,1.0
P_1-2_3214,P_2-1_5799,22.60000000000005,7047.0,1.0
P_1-2_3214,P_1-3_4492,27.100000000000115,7047.0,1.0
P_1-2_3214,P_1-3_2528,27.100000000000115,7047.0,1.0
P_1-2_3214,P_1-1-pt_2425,39.100000000000286,7047.0,1.0
P_1-2_3214,P_1-2_1285,30.30000000000016,7047.0,1.0
P_1-2_3214,P_2-1_842,35.70000000000024,7047.0,1.0
P_1-2_3214,P_1-3_5451,27.100000000000115,7047.0,1.0
P_1-2_3214,P_1-3_1140,23.20000000000006,7047.0,1.0
P_1-2_3214,P_1-2_4955,36.00000000000024,7047.0,1.0
P_1-2_3214,P_1-2_2061,35.70000000000024,7047.0,1.0
P_1-2_3214,P_1-1-pt_4785,39.100000000000286,7047.0,1.0
P_1-2_3214,P_1-2_5020,55.40000000000052,7047.0,1.0
P_1-2_4270,P_1-2_1640,53.30000000000049,7037.0,1.0
P_1-2_4270,P_1-2_5641,53.30000000000049,7037.0,1.0
P_1-2_4270,P_1-3_547,53.30000000000049,7037.0,1.0
P_1-2_4270,P_1-2_4327,53.800000000000495,7037.0,1.0
P_1-2_4270,P_1-2_315,53.40000000000049,7037.0,1.0
P_1-2_4270,P_1-1-pt_498,57.50000000000055,7037.0,1.0
P_1-2_1612,P_1-1-pt_6355,8.699999999999985,7035.0,1.0
P_1-2_1612,P_1-2_4454,81.09999999999967,7035.0,1.0
P_1-2_1612,P_1-3_5144,45.20000000000037,7035.0,1.0
P_1-2_1612,P_1-1-pt_8969,8.399999999999986,7035.0,1.0
P_1-2_1612,P_1-1-pt_6743,58.40000000000056,7035.0,1.0
P_1-2_1612,P_1-1-pt_2880,117.99999999999757,7035.0,1.0
P_1-2_1612,P_1-1-pt_98,34.40000000000022,7035.0,1.0
P_1-2_1612,P_1-1-pt_1747,69.40000000000033,7035.0,1.0
P_1-2_1612,P_1-1-pt_6974,63.90000000000064,7035.0,1.0
P_1-2_1612,P_1-1-pt_3858,267.99999999999244,7035.0,1.0
P_1-2_1612,P_1-1-pt_4879,83.09999999999955,7035.0,1.0
P_1-2_1612,P_1-1-pt_8728,51.800000000000466,7035.0,1.0
P_1-2_1612,P_1-1-veh_610,12.399999999999972,7035.0,1.0
P_1-2_1612,P_1-1-veh_767,11.899999999999974,7035.0,1.0
P_1-2_1612,P_1-2_303,28.300000000000132,7035.0,1.0
P_1-2_1612,P_1-1-pt_255,38.80000000000028,7035.0,1.0
P_1-2_1612,P_1-1-pt_6413,58.50000000000056,7035.0,1.0
P_1-2_1612,P_1-1-pt_761,427.5000000000287,7035.0,1.0
P_1-2_1612,P_1-1-pt_494,57.50000000000055,7035.0,1.0
P_1-2_1612,P_1-1-pt_2162,57.50000000000055,7035.0,1.0
P_1-2_1612,P_1-1-pt_3409,80.89999999999968,7035.0,1.0
P_1-2_1612,P_1-1-pt_1270,62.300000000000615,7035.0,1.0
P_1-2_1612,P_2-1_63,5724.3000000032935,7035.0,1.0
P_1-2_1612,P_1-1-pt_1473,122.49999999999731,7035.0,1.0
P_1-2_1612,P_1-1-pt_7863,54.90000000000051,7035.0,1.0
P_1-2_1612,P_1-1-pt_8545,85.6999999999994,7035.0,1.0
P_1-2_1612,P_1-1-pt_5193,85.6999999999994,7035.0,1.0
P_1-2_1612,P_1-1-pt_7325,54.90000000000051,7035.0,1.0
P_1-2_1612,P_1-1-pt_6453,158.49999999999528,7035.0,1.0
P_1-2_1612,P_1-1-veh_105,20.50000000000002,7035.0,1.0
P_1-2_1612,P_1-2_1203,45.60000000000038,7035.0,1.0
P_1-2_104,P_1-1-pt_7664,76.39999999999993,7031.0,1.0
P_1-2_104,P_1-1-pt_4262,53.800000000000495,7031.0,1.0
P_1-2_104,P_1-3_2221,44.700000000000365,7031.0,1.0
P_1-2_104,P_1-3_2280,35.70000000000024,7031.0,1.0
P_1-2_104,P_1-2_2473,36.50000000000025,7031.0,1.0
P_1-2_104,P_1-2_4249,37.600000000000264,7031.0,1.0
P_1-2_104,P_1-3_2424,50.00000000000044,7031.0,1.0
P_1-2_104,P_1-3_1571,35.90000000000024,7031.0,1.0
P_1-2_104,P_1-2_171,41.40000000000032,7031.0,1.0
P_1-2_104,P_1-2_4285,31.800000000000182,7031.0,1.0
P_1-2_104,P_1-3_5537,33.60000000000021,7031.0,1.0
P_1-2_2180,P_1-2_4454,53.40000000000049,7026.0,1.0
P_1-2_2180,P_2-1_6130,56.50000000000053,7026.0,1.0
P_1-2_2180,P_2-1_5067,54.2000000000005,7026.0,1.0
P_1-2_2180,P_1-2_4853,54.2000000000005,7026.0,1.0
P_1-2_2180,P_1-3_4663,54.3000000000005,7026.0,1.0
P_1-2_2180,P_1-2_1658,53.40000000000049,7026.0,1.0
P_1-2_2180,P_1-3_4881,53.30000000000049,7026.0,1.0
P_1-2_2180,P_1-2_3879,1956.8999999993157,7026.0,1.0
P_1-2_2180,P_1-2_5543,53.60000000000049,7026.0,1.0
P_1-2_2180,P_1-3_2773,53.40000000000049,7026.0,1.0
P_1-2_2180,P_1-3_4025,53.40000000000049,7026.0,1.0
P_1-2_2180,P_1-2_4376,53.60000000000049,7026.0,1.0
P_1-2_2180,P_1-3_1676,53.50000000000049,7026.0,1.0
P_1-2_2180,P_2-1_600,53.40000000000049,7026.0,1.0
P_1-2_2180,P_1-2_5765,53.40000000000049,7026.0,1.0
P_1-2_2180,P_1-2_4065,53.40000000000049,7026.0,1.0
P_1-2_3693,P_1-2_1559,198.399999999993,7023.0,1.0
P_1-2_3693,P_1-2_2564,195.39999999999318,7023.0,1.0
P_1-2_3693,P_1-2_2034,53.70000000000049,7023.0,1.0
P_1-2_3693,P_1-1-pt_4595,51.20000000000046,7023.0,1.0
P_1-2_3693,P_1-2_2512,53.70000000000049,7023.0,1.0
P_1-2_3693,P_1-2_2613,53.900000000000496,7023.0,1.0
P_1-2_3693,P_1-1-pt_5392,159.09999999999525,7023.0,1.0
P_1-2_3693,P_1-2_5210,72.60000000000015,7023.0,1.0
P_1-2_3693,P_1-3_2633,80.79999999999968,7023.0,1.0
P_1-2_3693,P_1-2_573,109.79999999999804,7023.0,1.0
P_1-2_3693,P_1-3_4954,56.10000000000053,7023.0,1.0
P_1-2_3693,P_1-3_458,53.60000000000049,7023.0,1.0
P_1-2_3693,P_1-2_1017,55.80000000000052,7023.0,1.0
P_1-2_3693,P_1-3_990,62.10000000000061,7023.0,1.0
P_1-2_3693,P_1-1-pt_5241,60.70000000000059,7023.0,1.0
P_1-2_3693,P_1-2_568,85.6999999999994,7023.0,1.0
P_1-2_3693,P_1-1-pt_2952,83.59999999999953,7023.0,1.0
P_1-2_3693,P_1-1-veh_5,96.3999999999988,7023.0,1.0
P_1-3_5578,P_1-1-pt_8068,48.300000000000416,7019.0,1.0
P_1-3_5578,P_1-3_4690,27.200000000000117,7019.0,1.0
P_1-3_5578,P_1-1-pt_2529,8.499999999999986,7019.0,1.0
P_1-3_5578,P_1-2_505,27.100000000000115,7019.0,1.0
P_1-3_5578,P_1-2_2715,39.9000000000003,7019.0,1.0
P_1-3_5578,P_1-1-pt_0,8.199999999999987,7019.0,1.0
P_1-3_5578,P_1-3_4666,105.1999999999983,7019.0,1.0
P_1-3_5578,P_1-2_4791,56.40000000000053,7019.0,1.0
P_1-3_5578,P_1-2_1533,56.50000000000053,7019.0,1.0
P_1-3_5578,P_1-3_635,57.00000000000054,7019.0,1.0
P_2-1_63,P_1-1-pt_2770,8.499999999999986,7014.0,1.0
P_2-1_63,P_1-1-pt_6355,8.899999999999984,7014.0,1.0
P_2-1_63,P_1-2_4454,66.90000000000047,7014.0,1.0
P_2-1_63,P_1-3_5144,45.300000000000374,7014.0,1.0
P_2-1_63,P_1-1-pt_8969,8.399999999999986,7014.0,1.0
P_2-1_63,P_1-1-pt_6743,58.40000000000056,7014.0,1.0
P_2-1_63,P_1-1-pt_2880,8.399999999999986,7014.0,1.0
P_2-1_63,P_1-1-pt_5167,27.000000000000114,7014.0,1.0
P_2-1_63,P_1-1-pt_98,31.100000000000172,7014.0,1.0
P_2-1_63,P_1-1-pt_1747,57.90000000000055,7014.0,1.0
P_2-1_63,P_1-1-pt_3858,129.59999999999692,7014.0,1.0
P_2-1_63,P_1-1-pt_6974,21.500000000000036,7014.0,1.0
P_2-1_63,P_1-1-pt_4879,102.59999999999845,7014.0,1.0
P_2-1_63,P_1-1-pt_8728,52.30000000000047,7014.0,1.0
P_2-1_63,P_1-1-veh_610,11.799999999999974,7014.0,1.0
P_2-1_63,P_1-1-veh_767,11.899999999999974,7014.0,1.0
P_2-1_63,P_1-2_303,27.800000000000125,7014.0,1.0
P_2-1_63,P_1-1-pt_255,42.40000000000033,7014.0,1.0
P_2-1_63,P_1-1-pt_6413,58.100000000000556,7014.0,1.0
P_2-1_63,P_1-1-pt_761,292.7999999999981,7014.0,1.0
P_2-1_63,P_1-1-pt_494,57.20000000000054,7014.0,1.0
P_2-1_63,P_1-1-pt_2162,65.20000000000057,7014.0,1.0
P_2-1_63,P_1-1-pt_1296,1.2,7014.0,1.0
P_2-1_63,P_1-1-pt_3409,93.19999999999898,7014.0,1.0
P_2-1_63,P_1-1-pt_1270,54.70000000000051,7014.0,1.0
P_2-1_63,P_1-2_1612,5724.3000000032935,7014.0,1.0
P_2-1_63,P_1-1-pt_1473,98.1999999999987,7014.0,1.0
P_2-1_63,P_1-1-pt_7863,77.29999999999988,7014.0,1.0
P_2-1_63,P_1-1-pt_8545,86.89999999999934,7014.0,1.0
P_2-1_63,P_1-1-pt_5193,87.09999999999933,7014.0,1.0
P_2-1_63,P_1-1-pt_7325,63.80000000000064,7014.0,1.0
P_2-1_63,P_1-1-pt_6453,93.29999999999897,7014.0,1.0
P_2-1_63,P_1-1-veh_105,34.50000000000022,7014.0,1.0
P_2-1_63,P_1-1-pt_1108,22.700000000000053,7014.0,1.0
P_2-1_63,P_1-2_2554,11.299999999999976,7014.0,1.0
P_2-1_63,P_1-2_1203,63.90000000000064,7014.0,1.0
P_2-1_5435,P_2-1_4331,876.8000000001308,7013.0,0.9580778554113789
P_2-1_5435,P_1-2_2229,877.700000000131,7013.0,0.9580778554113789
P_2-1_5435,P_1-2_2030,822.7000000001185,7013.0,0.9580778554113789
P_2-1_5435,P_2-1_3376,823.8000000001188,7013.0,0.9580778554113789
P_2-1_5435,P_2-1_6256,1814.8999999994448,7013.0,0.9580778554113789
P_2-1_5435,P_1-2_3908,845.5000000001237,7013.0,0.9580778554113789
P_2-1_5435,P_1-2_4607,772.300000000107,7013.0,0.9580778554113789
P_2-1_5435,P_1-1-pt_7104,709.2000000000927,7013.0,0.9580778554113789
P_2-1_5435,P_1-2_4886,768.0000000001061,7013.0,0.9580778554113789
P_1-1-pt_7040,P_2-1_2384,50.80000000000045,7007.0,1.0
P_1-1-pt_7040,P_1-1-pt_7123,1643.6999999996005,7007.0,1.0
P_1-1-pt_7040,P_2-1_600,50.90000000000045,7007.0,1.0
P_1-1-pt_7040,P_1-2_5765,30.000000000000156,7007.0,1.0
P_1-1-pt_7915,P_2-1_2293,46.9000000000004,7007.0,1.0
P_1-1-pt_7915,P_2-1_5067,30.800000000000168,7007.0,1.0
P_1-1-pt_7915,P_1-2_1658,56.20000000000053,7007.0,1.0
P_1-1-pt_7915,P_1-2_4940,24.60000000000008,7007.0,1.0
P_1-1-pt_7915,P_1-1-veh_610,31.60000000000018,7007.0,1.0
P_1-1-pt_7915,P_1-1-pt_3671,68.1000000000004,7007.0,1.0
P_1-1-pt_7915,P_1-1-pt_6974,694.8000000000894,7007.0,1.0
P_1-1-pt_7915,P_1-1-pt_4879,46.30000000000039,7007.0,1.0
P_1-1-pt_7915,P_1-1-pt_3858,272.89999999999355,7007.0,1.0
P_1-1-pt_7915,P_1-1-pt_521,68.3000000000004,7007.0,1.0
P_1-1-pt_7915,P_1-1-pt_98,508.10000000004703,7007.0,1.0
P_1-1-pt_7915,P_1-1-pt_5999,68.80000000000037,7007.0,1.0
P_1-1-pt_7915,P_1-2_5543,69.00000000000036,7007.0,1.0
P_1-1-pt_7915,P_2-1_1878,97.49999999999874,7007.0,1.0
P_1-1-pt_7915,P_1-3_3339,60.00000000000058,7007.0,1.0
P_1-1-pt_7915,P_1-1-veh_767,177.99999999999417,7007.0,1.0
P_1-1-pt_7123,P_2-1_2384,54.1000000000005,7004.0,1.0
P_1-1-pt_7123,P_1-1-pt_7040,1643.6999999996005,7004.0,1.0
P_1-1-pt_7123,P_1-2_250,20.700000000000024,7004.0,1.0
P_1-1-pt_7123,P_1-1-pt_2503,192.99999999999332,7004.0,1.0
P_1-2_5943,P_1-2_593,1.9000000000000006,7000.0,1.0
P_1-2_5943,P_1-1-pt_4645,1004.1000000001598,7000.0,1.0
P_1-2_5943,P_1-2_4724,16.399999999999963,7000.0,1.0
P_1-2_5943,P_1-3_4822,112.69999999999787,7000.0,1.0
P_1-2_5943,P_1-2_3716,68.1000000000004,7000.0,1.0
P_1-2_5943,P_1-2_4098,58.20000000000056,7000.0,1.0
P_1-2_5943,P_1-3_2482,51.50000000000046,7000.0,1.0
P_1-2_5943,P_1-2_1025,27.600000000000122,7000.0,1.0
P_1-3_5334,P_1-3_2985,52.90000000000048,6995.0,0.9538241601143674
P_1-3_5334,P_1-2_1990,53.40000000000049,6995.0,0.9538241601143674
P_1-3_5334,P_1-1-veh_602,88.49999999999925,6995.0,0.9538241601143674
P_1-3_5334,P_1-3_3755,3866.499999997579,6995.0,0.9538241601143674
P_1-3_5334,P_1-1-pt_7732,53.900000000000496,6995.0,0.9538241601143674
P_1-3_5334,P_1-1-pt_3927,1828.1999999994327,6995.0,0.9538241601143674
P_1-3_5334,P_1-1-pt_5115,56.40000000000053,6995.0,0.9538241601143674
P_1-3_5334,P_1-1-pt_6368,99.29999999999863,6995.0,0.9538241601143674
P_1-3_5334,P_1-1-pt_1306,79.49999999999976,6995.0,0.9538241601143674
P_1-3_5334,P_1-2_3052,83.59999999999953,6995.0,0.9538241601143674
P_1-3_5334,P_1-2_3413,107.79999999999815,6995.0,0.9538241601143674
P_1-3_5334,P_1-1-pt_1037,77.79999999999986,6995.0,0.9538241601143674
P_1-3_5334,P_1-1-pt_5324,73.20000000000012,6995.0,0.9538241601143674
P_1-3_5334,P_2-1_2045,29.300000000000146,6995.0,0.9538241601143674
P_1-1-pt_1747,P_1-1-pt_6355,61.70000000000061,6993.0,0.9758329758329758
P_1-1-pt_1747,P_1-1-pt_5139,43.60000000000035,6993.0,0.9758329758329758
P_1-1-pt_1747,P_1-1-pt_3858,1238.7999999999688,6993.0,0.9758329758329758
P_1-1-pt_1747,P_1-1-pt_521,865.3000000001282,6993.0,0.9758329758329758
P_1-1-pt_1747,P_1-1-pt_2863,51.800000000000466,6993.0,0.9758329758329758
P_1-1-pt_1747,P_1-1-pt_4262,65.80000000000054,6993.0,0.9758329758329758
P_1-1-pt_1747,P_1-1-pt_6974,1027.400000000161,6993.0,0.9758329758329758
P_1-1-pt_1747,P_1-1-pt_3671,1284.8999999999269,6993.0,0.9758329758329758
P_1-1-pt_1747,P_1-1-pt_98,1250.699999999958,6993.0,0.9758329758329758
P_1-1-pt_1747,P_1-1-pt_3207,316.40000000000344,6993.0,0.9758329758329758
P_1-1-pt_1747,P_1-1-pt_1497,788.0000000001106,6993.0,0.9758329758329758
P_1-1-pt_1747,P_1-1-pt_6743,145.899999999996,6993.0,0.9758329758329758
P_1-1-pt_1747,P_1-1-pt_4879,77.69999999999986,6993.0,0.9758329758329758
P_1-1-pt_1747,P_1-1-pt_4736,186.69999999999368,6993.0,0.9758329758329758
P_1-1-pt_1747,P_1-2_1612,69.40000000000033,6993.0,0.9758329758329758
P_1-1-pt_1747,P_2-1_63,57.90000000000055,6993.0,0.9758329758329758
P_1-1-pt_1747,P_1-1-pt_2880,318.5000000000039,6993.0,0.9758329758329758
P_1-1-pt_1747,P_1-3_3245,25.500000000000092,6993.0,0.9758329758329758
P_1-1-pt_1747,P_1-2_250,21.300000000000033,6993.0,0.9758329758329758
P_1-1-pt_1747,P_1-2_4483,119.49999999999748,6993.0,0.9758329758329758
P_1-1-pt_1747,P_1-1-pt_2920,61.1000000000006,6993.0,0.9758329758329758
P_1-1-pt_1747,P_1-2_4940,58.700000000000564,6993.0,0.9758329758329758
P_1-1-pt_1747,P_1-1-veh_610,349.2000000000109,6993.0,0.9758329758329758
P_1-1-pt_1747,P_1-1-pt_6673,61.4000000000006,6993.0,0.9758329758329758
P_1-1-pt_1747,P_1-1-pt_7573,64.50000000000061,6993.0,0.9758329758329758
P_1-1-pt_1747,P_1-1-veh_767,59.30000000000057,6993.0,0.9758329758329758
P_1-1-pt_1747,P_1-1-pt_2013,188.0999999999936,6993.0,0.9758329758329758
P_1-1-pt_1747,P_1-2_303,55.10000000000051,6993.0,0.9758329758329758
P_1-1-pt_1747,P_1-2_5543,38.400000000000276,6993.0,0.9758329758329758
P_1-1-pt_1747,P_1-1-pt_5167,6936.900000007705,6993.0,0.9758329758329758
P_2-1_5419,P_1-1-pt_1329,57.90000000000055,6991.0,1.0
P_2-1_5419,P_1-1-pt_3489,58.000000000000554,6991.0,1.0
P_2-1_5419,P_1-1-pt_4879,71.50000000000021,6991.0,1.0
P_2-1_5419,P_1-1-pt_3858,72.80000000000014,6991.0,1.0
P_2-1_5419,P_1-2_250,325.70000000000556,6991.0,1.0
P_2-1_5419,P_1-1-pt_2369,41.40000000000032,6991.0,1.0
P_2-1_5419,P_1-1-pt_2013,43.10000000000034,6991.0,1.0
P_2-1_5419,P_1-1-pt_7573,19.300000000000004,6991.0,1.0
P_2-1_5419,P_1-1-veh_767,26.400000000000105,6991.0,1.0
P_2-1_5419,P_1-2_303,36.10000000000024,6991.0,1.0
P_2-1_5419,P_1-1-pt_2162,58.100000000000556,6991.0,1.0
P_2-1_5419,P_1-1-pt_5666,8.499999999999986,6991.0,1.0
P_2-1_5419,P_1-1-pt_3409,75.79999999999997,6991.0,1.0
P_2-1_5419,P_1-1-pt_6413,907.2000000001377,6991.0,1.0
P_2-1_5419,P_1-1-pt_1473,35.40000000000023,6991.0,1.0
P_2-1_5419,P_1-1-pt_7863,52.30000000000047,6991.0,1.0
P_2-1_5419,P_1-1-pt_8545,50.400000000000446,6991.0,1.0
P_2-1_5419,P_1-1-pt_5193,50.400000000000446,6991.0,1.0
P_2-1_5419,P_1-1-pt_8728,276.6999999999944,6991.0,1.0
P_2-1_5419,P_1-1-pt_7325,52.500000000000476,6991.0,1.0
P_1-2_3608,P_1-2_4753,26.300000000000104,6988.0,1.0
P_1-2_3608,P_1-3_2043,26.200000000000102,6988.0,1.0
P_1-2_3608,P_1-2_638,28.400000000000134,6988.0,1.0
P_1-2_3608,P_1-3_743,512.800000000048,6988.0,1.0
P_1-2_3608,P_1-3_2599,26.300000000000104,6988.0,1.0
P_1-2_3608,P_1-2_5745,26.400000000000105,6988.0,1.0
P_1-2_3608,P_1-1-pt_8735,4.000000000000002,6988.0,1.0
P_1-2_3608,P_1-2_4266,26.200000000000102,6988.0,1.0
P_1-2_3608,P_1-3_1535,25.40000000000009,6988.0,1.0
P_1-2_3608,P_1-2_609,45.90000000000038,6988.0,1.0
P_1-2_3608,P_1-1-veh_246,283.1999999999959,6988.0,1.0
P_1-2_3608,P_1-2_2598,11.299999999999976,6988.0,1.0
P_1-2_3608,P_1-1-pt_1173,2096.6999999991885,6988.0,1.0
P_1-2_5092,P_1-1-pt_8968,55.50000000000052,6986.0,0.9826796450042943
P_1-2_5092,P_1-1-veh_824,53.40000000000049,6986.0,0.9826796450042943
P_1-2_5092,P_1-3_5451,1000.1000000001588,6986.0,0.9826796450042943
P_1-2_5092,P_1-3_5354,55.00000000000051,6986.0,0.9826796450042943
P_1-2_5092,P_1-3_4587,103.59999999999839,6986.0,0.9826796450042943
P_1-2_5092,P_1-1-pt_6516,10.899999999999977,6986.0,0.9826796450042943
P_1-2_5092,P_1-2_4955,44.40000000000036,6986.0,0.9826796450042943
P_1-2_5092,P_1-2_2061,45.300000000000374,6986.0,0.9826796450042943
P_1-2_5092,P_1-3_2076,109.39999999999806,6986.0,0.9826796450042943
P_1-2_5092,P_1-1-pt_4785,26.70000000000011,6986.0,0.9826796450042943
P_1-2_5092,P_1-2_5020,55.60000000000052,6986.0,0.9826796450042943
P_1-2_5092,P_1-2_3378,111.39999999999795,6986.0,0.9826796450042943
P_1-2_5092,P_1-2_3077,111.39999999999795,6986.0,0.9826796450042943
P_1-2_5092,P_1-3_2180,55.00000000000051,6986.0,0.9826796450042943
P_1-1-pt_7440,P_1-2_4249,698.5000000000903,6984.0,1.0
P_1-1-pt_7440,P_1-1-pt_6673,56.600000000000534,6984.0,1.0
P_1-1-pt_7440,P_1-1-pt_5139,102.79999999999843,6984.0,1.0
P_1-1-pt_7440,P_1-1-pt_4380,55.70000000000052,6984.0,1.0
P_1-1-pt_7440,P_1-1-pt_2431,50.300000000000445,6984.0,1.0
P_1-1-pt_7440,P_1-1-pt_2863,53.900000000000496,6984.0,1.0
P_1-1-pt_841,P_2-1_842,129.59999999999692,6978.0,1.0
P_1-1-pt_841,P_1-2_5927,10.499999999999979,6978.0,1.0
P_1-1-pt_841,P_1-1-pt_2425,105.29999999999829,6978.0,1.0
P_1-1-pt_841,P_1-2_1285,108.6999999999981,6978.0,1.0
P_1-1-pt_841,P_1-3_5451,99.09999999999864,6978.0,1.0
P_1-1-pt_841,P_1-3_1140,109.39999999999806,6978.0,1.0
P_1-1-pt_841,P_1-2_2653,29.400000000000148,6978.0,1.0
P_1-1-pt_841,P_1-2_4955,112.2999999999979,6978.0,1.0
P_1-1-pt_841,P_1-2_2061,107.59999999999816,6978.0,1.0
P_1-1-pt_841,P_1-1-pt_8085,1727.0999999995247,6978.0,1.0
P_1-3_2881,P_1-1-pt_530,48.60000000000042,6959.0,1.0
P_1-3_2881,P_1-2_5252,53.200000000000486,6959.0,1.0
P_1-3_2881,P_1-3_5117,53.900000000000496,6959.0,1.0
P_1-3_2881,P_1-2_2183,53.60000000000049,6959.0,1.0
P_1-3_2881,P_1-3_5537,53.900000000000496,6959.0,1.0
P_1-1-pt_8982,P_1-1-pt_3931,58.100000000000556,6952.0,1.0
P_1-1-pt_8982,P_2-1_6236,32.700000000000195,6952.0,1.0
P_1-1-pt_8982,P_1-2_1948,8.499999999999986,6952.0,1.0
P_1-1-pt_8982,P_1-3_5550,8.199999999999987,6952.0,1.0
P_1-1-pt_8982,P_2-1_5799,33.3000000000002,6952.0,1.0
P_1-1-pt_8982,P_1-3_4492,8.399999999999986,6952.0,1.0
P_1-1-pt_8982,P_1-3_2528,8.399999999999986,6952.0,1.0
P_1-1-pt_8982,P_1-1-pt_3353,58.20000000000056,6952.0,1.0
P_1-1-pt_8982,P_2-1_2911,4.899999999999999,6952.0,1.0
P_1-1-pt_8982,P_1-1-pt_2425,28.400000000000134,6952.0,1.0
P_1-1-pt_8982,P_1-2_1285,19.200000000000003,6952.0,1.0
P_1-1-pt_8982,P_2-1_842,63.30000000000063,6952.0,1.0
P_1-1-pt_8982,P_1-3_5451,40.500000000000306,6952.0,1.0
P_1-1-pt_8982,P_2-1_5552,14.699999999999964,6952.0,1.0
P_1-2_2512,P_1-1-pt_4595,550.0000000000565,6947.0,0.9309054268029365
P_1-2_2512,P_1-2_3693,53.70000000000049,6947.0,0.9309054268029365
P_1-2_2512,P_1-3_2643,52.80000000000048,6947.0,0.9309054268029365
P_1-2_2512,P_1-1-pt_654,58.20000000000056,6947.0,0.9309054268029365
P_1-2_2512,P_1-2_2613,117.99999999999757,6947.0,0.9309054268029365
P_1-2_2512,P_1-2_3386,166.69999999999482,6947.0,0.9309054268029365
P_1-2_2512,P_1-3_2985,68.50000000000038,6947.0,0.9309054268029365
P_1-2_4206,P_1-2_4734,225.29999999999148,6944.0,1.0
P_1-2_4206,P_1-3_1500,1141.800000000057,6944.0,1.0
P_1-2_4206,P_1-3_3901,224.19999999999155,6944.0,1.0
P_1-2_4206,P_1-2_1420,224.39999999999154,6944.0,1.0
P_1-2_4206,P_1-3_228,224.09999999999155,6944.0,1.0
P_1-2_4206,P_1-3_3776,224.49999999999153,6944.0,1.0
P_1-2_4206,P_2-1_2161,223.89999999999156,6944.0,1.0
P_1-2_4206,P_1-3_874,111.79999999999792,6944.0,1.0
P_1-2_4206,P_1-3_2454,111.99999999999791,6944.0,1.0
P_1-2_4206,P_1-3_3834,111.79999999999792,6944.0,1.0
P_1-2_4206,P_1-2_3280,112.0999999999979,6944.0,1.0
P_1-2_4206,P_1-3_3046,112.39999999999789,6944.0,1.0
P_1-2_4206,P_1-3_3457,112.0999999999979,6944.0,1.0
P_1-2_4206,P_1-3_4168,56.000000000000526,6944.0,1.0
P_1-2_4206,P_1-3_2053,56.50000000000053,6944.0,1.0
P_1-2_5640,P_1-1-pt_8545,482.5000000000412,6943.0,1.0
P_1-2_5640,P_2-1_2045,53.40000000000049,6943.0,1.0
P_1-2_5640,P_1-3_4875,55.60000000000052,6943.0,1.0
P_1-2_5640,P_1-2_568,69.80000000000031,6943.0,1.0
P_1-2_5640,P_1-3_3410,53.200000000000486,6943.0,1.0
P_1-2_5640,P_1-1-pt_5241,481.600000000041,6943.0,1.0
P_1-2_5640,P_1-1-pt_2952,67.30000000000045,6943.0,1.0
P_1-2_5640,P_1-1-veh_5,57.50000000000055,6943.0,1.0
P_1-2_5640,P_1-2_1066,242.5999999999905,6943.0,1.0
P_1-2_5640,P_1-2_3286,218.0999999999919,6943.0,1.0
P_1-2_5640,P_1-2_3835,283.89999999999606,6943.0,1.0
P_1-1-pt_5392,P_1-2_3386,6.399999999999993,6937.0,1.0
P_1-1-pt_5392,P_1-2_3693,159.09999999999525,6937.0,1.0
P_1-1-pt_5392,P_1-1-pt_1121,21.10000000000003,6937.0,1.0
P_1-1-pt_5392,P_1-1-pt_2808,47.600000000000406,6937.0,1.0
P_1-1-pt_5392,P_1-2_2702,724.7000000000962,6937.0,1.0
P_1-1-pt_5392,P_1-1-pt_1238,58.50000000000056,6937.0,1.0
P_1-1-pt_5392,P_1-1-pt_1138,110.99999999999797,6937.0,1.0
P_1-1-pt_5392,P_1-1-pt_8762,110.499999999998,6937.0,1.0
P_1-1-pt_5392,P_1-3_2985,76.29999999999994,6937.0,1.0
P_1-2_2564,P_1-2_1559,3121.5999999982564,6935.0,1.0
P_1-2_2564,P_1-2_3693,195.39999999999318,6935.0,1.0
P_1-2_2564,P_1-2_1017,56.40000000000053,6935.0,1.0
P_1-1-pt_2342,P_1-3_5020,57.20000000000054,6929.0,1.0
P_1-1-pt_2342,P_1-1-pt_2425,250.49999999999005,6929.0,1.0
P_1-1-pt_2342,P_2-1_2987,57.50000000000055,6929.0,1.0
P_1-1-pt_2342,P_1-2_1285,86.89999999999934,6929.0,1.0
P_1-1-pt_2342,P_1-1-veh_824,49.50000000000043,6929.0,1.0
P_1-1-pt_2342,P_2-1_2293,186.79999999999367,6929.0,1.0
P_1-1-pt_2342,P_1-2_4715,230.99999999999116,6929.0,1.0
P_1-1-pt_2342,P_1-2_2653,29.000000000000142,6929.0,1.0
P_1-1-pt_2342,P_1-1-pt_3800,200.3999999999929,6929.0,1.0
P_1-2_2183,P_1-1-pt_7938,11.599999999999975,6926.0,1.0
P_1-2_2183,P_1-2_1640,52.90000000000048,6926.0,1.0
P_1-2_2183,P_1-2_5641,53.40000000000049,6926.0,1.0
P_1-2_2183,P_1-2_2598,53.40000000000049,6926.0,1.0
P_1-2_2183,P_1-2_4098,53.50000000000049,6926.0,1.0
P_1-2_2183,P_1-2_1025,53.40000000000049,6926.0,1.0
P_1-2_2183,P_1-3_547,53.40000000000049,6926.0,1.0
P_1-2_2183,P_1-1-pt_2718,50.90000000000045,6926.0,1.0
P_1-2_2183,P_1-3_2881,53.60000000000049,6926.0,1.0
P_1-2_2183,P_1-1-veh_603,53.50000000000049,6926.0,1.0
P_1-2_2183,P_1-2_1600,53.60000000000049,6926.0,1.0
P_1-2_2183,P_1-1-pt_6309,50.90000000000045,6926.0,1.0
P_1-2_2183,P_1-1-pt_8692,51.100000000000456,6926.0,1.0
P_1-2_2183,P_1-1-veh_459,53.900000000000496,6926.0,1.0
P_1-2_2183,P_1-1-pt_8611,50.80000000000045,6926.0,1.0
P_1-2_2183,P_1-1-pt_5997,50.80000000000045,6926.0,1.0
P_1-2_2183,P_1-1-pt_394,50.90000000000045,6926.0,1.0
P_1-2_2183,P_1-1-pt_4541,50.90000000000045,6926.0,1.0
P_1-2_2183,P_1-3_4124,53.200000000000486,6926.0,1.0
P_1-2_2183,P_1-3_2421,53.30000000000049,6926.0,1.0
P_1-2_2183,P_1-1-pt_725,50.90000000000045,6926.0,1.0
P_1-1-pt_8545,P_1-2_5640,482.5000000000412,6923.0,1.0
P_1-1-pt_8545,P_1-2_3575,1666.5999999995797,6923.0,1.0
P_1-1-pt_8545,P_1-1-pt_6368,54.600000000000506,6923.0,1.0
P_1-1-pt_8545,P_1-2_3052,56.80000000000054,6923.0,1.0
P_1-1-pt_8545,P_1-2_3386,666.1000000000829,6923.0,1.0
P_1-1-pt_8545,P_1-1-pt_2606,60.200000000000585,6923.0,1.0
P_1-1-pt_8545,P_1-3_1737,179.69999999999408,6923.0,1.0
P_1-1-pt_8545,P_1-1-pt_1238,61.500000000000604,6923.0,1.0
P_1-1-pt_8545,P_1-1-pt_3916,60.900000000000595,6923.0,1.0
P_1-1-pt_8545,P_1-1-pt_7325,125.09999999999717,6923.0,1.0
P_1-1-pt_8545,P_1-1-pt_1226,61.500000000000604,6923.0,1.0
P_1-1-pt_8545,P_1-1-pt_3624,57.90000000000055,6923.0,1.0
P_1-1-pt_8545,P_1-1-pt_1304,56.40000000000053,6923.0,1.0
P_1-1-pt_8545,P_1-1-veh_105,106.09999999999825,6923.0,1.0
P_1-1-pt_8545,P_2-1_3764,56.30000000000053,6923.0,1.0
P_1-1-pt_8545,P_2-1_2925,56.700000000000536,6923.0,1.0
P_1-1-pt_8545,P_1-1-veh_792,136.59999999999653,6923.0,1.0
P_1-1-pt_8545,P_1-1-pt_8137,82.09999999999961,6923.0,1.0
P_1-1-pt_8545,P_2-1_63,86.89999999999934,6923.0,1.0
P_1-1-pt_8545,P_1-2_1612,85.6999999999994,6923.0,1.0
P_1-1-pt_8545,P_1-1-pt_6453,56.600000000000534,6923.0,1.0
P_1-1-pt_8545,P_1-3_3245,51.40000000000046,6923.0,1.0
P_1-1-pt_8545,P_2-1_5419,50.400000000000446,6923.0,1.0
P_1-1-pt_8545,P_1-1-pt_8728,53.30000000000049,6923.0,1.0
P_1-1-pt_8545,P_1-2_4483,44.90000000000037,6923.0,1.0
P_1-1-pt_8545,P_1-1-pt_5193,1888.6999999993777,6923.0,1.0
P_1-2_4955,P_1-2_2061,23.500000000000064,6920.0,1.0
P_1-2_4955,P_1-2_5020,36.00000000000024,6920.0,1.0
P_1-2_4955,P_1-2_2422,40.60000000000031,6920.0,1.0
P_1-2_4955,P_1-2_5092,44.40000000000036,6920.0,1.0
P_1-2_4955,P_1-3_5354,51.20000000000046,6920.0,1.0
P_1-2_4955,P_1-1-pt_6516,53.200000000000486,6920.0,1.0
P_1-2_4955,P_1-3_4587,51.60000000000046,6920.0,1.0
P_1-2_4955,P_2-1_4930,253.1999999999899,6920.0,1.0
P_1-2_4955,P_1-2_5927,73.10000000000012,6920.0,1.0
P_1-2_4955,P_1-1-pt_3800,10.899999999999977,6920.0,1.0
P_1-2_4955,P_1-2_3214,36.00000000000024,6920.0,1.0
P_1-2_4955,P_1-2_4715,35.10000000000023,6920.0,1.0
P_1-2_4955,P_1-2_2653,40.0000000000003,6920.0,1.0
P_1-2_4955,P_1-1-pt_2770,26.600000000000108,6920.0,1.0
P_1-2_4955,P_1-1-pt_6355,28.300000000000132,6920.0,1.0
P_1-2_4955,P_1-2_4454,36.200000000000244,6920.0,1.0
P_1-2_4955,P_1-2_3590,35.70000000000024,6920.0,1.0
P_1-2_4955,P_1-1-pt_841,112.2999999999979,6920.0,1.0
P_1-2_4955,P_1-1-pt_8085,111.19999999999796,6920.0,1.0
P_2-1_5001,P_2-1_3601,228.19999999999132,6915.0,1.0
P_2-1_5001,P_2-1_2486,632.0000000000751,6915.0,1.0
P_2-1_4331,P_2-1_5435,876.8000000001308,6910.0,0.961794500723589
P_2-1_4331,P_1-2_2229,828.0000000001197,6910.0,0.961794500723589
P_2-1_4331,P_1-2_2030,822.5000000001185,6910.0,0.961794500723589
P_2-1_4331,P_2-1_3376,822.9000000001186,6910.0,0.961794500723589
P_2-1_4331,P_2-1_6256,836.2000000001216,6910.0,0.961794500723589
P_2-1_4331,P_1-2_3908,822.3000000001184,6910.0,0.961794500723589
P_2-1_4331,P_1-1-pt_7104,709.0000000000927,6910.0,0.961794500723589
P_2-1_4331,P_1-2_4886,733.8000000000983,6910.0,0.961794500723589
P_2-1_4331,P_1-2_4607,3081.7999999982926,6910.0,0.961794500723589
P_1-3_5537,P_1-1-pt_4645,52.00000000000047,6903.0,1.0
P_1-3_5537,P_1-2_1025,40.3000000000003,6903.0,1.0
P_1-3_5537,P_1-3_547,52.80000000000048,6903.0,1.0
P_1-3_5537,P_1-1-pt_2718,50.70000000000045,6903.0,1.0
P_1-3_5537,P_1-3_2881,53.900000000000496,6903.0,1.0
P_1-3_5537,P_1-1-veh_603,53.900000000000496,6903.0,1.0
P_1-3_5537,P_1-2_1600,53.900000000000496,6903.0,1.0
P_1-3_5537,P_1-1-pt_6309,51.50000000000046,6903.0,1.0
P_1-3_5537,P_1-1-pt_8692,51.40000000000046,6903.0,1.0
P_1-3_5537,P_1-1-veh_459,53.900000000000496,6903.0,1.0
P_1-3_5537,P_1-1-pt_8611,50.90000000000045,6903.0,1.0
P_1-3_5537,P_1-1-pt_5997,51.100000000000456,6903.0,1.0
P_1-3_5537,P_1-1-pt_394,51.20000000000046,6903.0,1.0
P_1-3_5537,P_1-1-pt_4541,50.80000000000045,6903.0,1.0
P_1-3_5537,P_1-3_4124,53.00000000000048,6903.0,1.0
P_1-3_5537,P_1-3_2421,53.200000000000486,6903.0,1.0
P_1-3_5537,P_1-1-pt_725,50.50000000000045,6903.0,1.0
P_1-3_5537,P_1-2_104,33.60000000000021,6903.0,1.0
P_1-2_5753,P_1-1-pt_8289,281.8999999999956,6898.0,1.0
P_1-2_5753,P_1-1-pt_8184,362.800000000014,6898.0,1.0
P_1-2_5753,P_1-1-veh_834,261.699999999991,6898.0,1.0
P_1-2_5753,P_1-1-veh_530,62.50000000000062,6898.0,1.0
P_1-2_5753,P_1-1-pt_1723,97.29999999999875,6898.0,1.0
P_1-2_5753,P_1-3_2599,55.80000000000052,6898.0,1.0
P_1-2_5753,P_1-2_5745,55.80000000000052,6898.0,1.0
P_1-2_5753,P_1-1-pt_8735,55.40000000000052,6898.0,1.0
P_1-2_5753,P_1-2_4266,55.80000000000052,6898.0,1.0
P_1-2_5753,P_1-1-pt_182,55.300000000000516,6898.0,1.0
P_1-2_5753,P_1-3_4289,55.70000000000052,6898.0,1.0
P_1-2_5753,P_1-3_3076,754.0000000001029,6898.0,1.0
P_1-2_5753,P_1-3_743,55.60000000000052,6898.0,1.0
P_1-1-veh_767,P_1-1-pt_1560,29.900000000000155,6894.0,1.0
P_1-1-veh_767,P_1-1-pt_1121,20.200000000000017,6894.0,1.0
P_1-1-veh_767,P_1-1-pt_5199,375.40000000001686,6894.0,1.0
P_1-1-veh_767,P_1-1-pt_3409,8.599999999999985,6894.0,1.0
P_1-1-veh_767,P_1-1-pt_3624,8.499999999999986,6894.0,1.0
P_1-1-veh_767,P_2-1_3764,11.699999999999974,6894.0,1.0
P_1-1-veh_767,P_2-1_2925,11.399999999999975,6894.0,1.0
P_1-1-veh_767,P_2-1_63,11.899999999999974,6894.0,1.0
P_1-1-veh_767,P_1-2_1612,11.899999999999974,6894.0,1.0
P_1-1-veh_767,P_1-1-pt_6453,14.099999999999966,6894.0,1.0
P_1-1-veh_767,P_1-1-pt_5666,55.40000000000052,6894.0,1.0
P_1-1-veh_767,P_1-3_3245,27.100000000000115,6894.0,1.0
P_1-1-veh_767,P_2-1_5419,26.400000000000105,6894.0,1.0
P_1-1-veh_767,P_1-1-pt_8728,4.999999999999998,6894.0,1.0
P_1-1-veh_767,P_1-2_4483,11.899999999999974,6894.0,1.0
P_1-1-veh_767,P_1-1-pt_2880,54.500000000000504,6894.0,1.0
P_1-1-veh_767,P_1-1-pt_6743,54.90000000000051,6894.0,1.0
P_1-1-veh_767,P_1-1-pt_8280,56.000000000000526,6894.0,1.0
P_1-1-veh_767,P_1-1-pt_2369,10.19999999999998,6894.0,1.0
P_1-1-veh_767,P_1-1-pt_2013,26.300000000000104,6894.0,1.0
P_1-1-veh_767,P_1-1-pt_7573,582.6000000000639,6894.0,1.0
P_1-1-veh_767,P_1-1-pt_3207,882.8000000001322,6894.0,1.0
P_1-1-veh_767,P_1-1-pt_521,57.00000000000054,6894.0,1.0
P_1-1-veh_767,P_1-1-pt_6974,156.3999999999954,6894.0,1.0
P_1-1-veh_767,P_1-1-pt_5167,59.10000000000057,6894.0,1.0
P_1-1-veh_767,P_1-1-pt_1747,59.30000000000057,6894.0,1.0
P_1-1-veh_767,P_1-2_5543,55.10000000000051,6894.0,1.0
P_1-1-veh_767,P_1-1-pt_3671,55.80000000000052,6894.0,1.0
P_1-1-veh_767,P_2-1_1878,86.29999999999937,6894.0,1.0
P_1-1-veh_767,P_1-3_3339,72.60000000000015,6894.0,1.0
P_1-1-veh_767,P_1-1-pt_7915,177.99999999999417,6894.0,1.0
P_1-2_4853,P_1-3_268,250.79999999999004,6891.0,1.0
P_1-2_4853,P_1-2_2180,54.2000000000005,6891.0,1.0
P_1-2_4853,P_1-2_3879,61.0000000000006,6891.0,1.0
P_1-2_4853,P_1-3_4262,53.30000000000049,6891.0,1.0
P_1-2_4853,P_2-1_1463,57.10000000000054,6891.0,1.0
P_1-2_4853,P_2-1_4788,72.70000000000014,6891.0,1.0
P_1-2_4853,P_2-1_499,66.60000000000049,6891.0,1.0
P_1-2_4853,P_2-1_804,58.30000000000056,6891.0,1.0
P_1-2_4853,P_2-1_213,63.000000000000625,6891.0,1.0
P_1-2_4853,P_1-2_4065,39.100000000000286,6891.0,1.0
P_1-3_1785,P_1-3_3046,53.200000000000486,6891.0,1.0
P_1-3_1785,P_1-3_3457,53.30000000000049,6891.0,1.0
P_1-3_1785,P_1-1-veh_234,53.30000000000049,6891.0,1.0
P_1-3_1785,P_1-1-pt_2606,35.80000000000024,6891.0,1.0
P_1-3_1785,P_1-1-pt_3067,55.40000000000052,6891.0,1.0
P_1-3_1785,P_1-1-pt_7142,49.90000000000044,6891.0,1.0
P_1-3_1785,P_1-1-pt_6538,50.90000000000045,6891.0,1.0
P_1-3_1785,P_1-1-pt_8682,50.90000000000045,6891.0,1.0
P_1-3_1785,P_1-2_4464,20.200000000000017,6891.0,1.0
P_1-3_1785,P_1-2_3389,53.70000000000049,6891.0,1.0
P_1-3_1785,P_1-1-pt_1714,55.50000000000052,6891.0,1.0
P_1-3_1785,P_1-2_2287,55.900000000000524,6891.0,1.0
P_1-3_1785,P_1-2_4771,112.0999999999979,6891.0,1.0
P_1-3_1785,P_1-1-pt_3629,112.39999999999789,6891.0,1.0
P_1-3_1785,P_1-2_3081,56.000000000000526,6891.0,1.0
P_1-3_1785,P_1-2_5951,55.80000000000052,6891.0,1.0
P_1-3_1785,P_1-1-pt_560,51.60000000000046,6891.0,1.0
P_1-3_1785,P_1-3_4690,1.2,6891.0,1.0
P_1-3_2323,P_1-3_4168,53.200000000000486,6890.0,1.0
P_1-3_2323,P_1-1-pt_7080,50.70000000000045,6890.0,1.0
P_1-3_2323,P_1-1-veh_792,111.59999999999793,6890.0,1.0
P_1-3_2323,P_1-1-pt_7208,22.800000000000054,6890.0,1.0
P_1-3_2323,P_1-2_1203,106.8999999999982,6890.0,1.0
P_1-3_2323,P_1-3_3494,53.200000000000486,6890.0,1.0
P_1-3_2323,P_1-1-pt_6779,60.40000000000059,6890.0,1.0
P_1-3_2323,P_1-1-veh_105,75.49999999999999,6890.0,1.0
P_1-3_2323,P_1-2_2554,52.60000000000048,6890.0,1.0
P_1-3_2323,P_1-1-pt_7760,60.50000000000059,6890.0,1.0
P_1-3_2323,P_1-1-pt_6273,184.6999999999938,6890.0,1.0
P_1-3_2323,P_1-3_403,82.59999999999958,6890.0,1.0
P_1-3_2323,P_1-3_2955,51.000000000000455,6890.0,1.0
P_1-3_2323,P_1-3_528,4.100000000000001,6890.0,1.0
P_1-3_2323,P_1-1-pt_7142,104.69999999999833,6890.0,1.0
P_2-1_4127,P_2-1_1248,45.00000000000037,6875.0,1.0
P_2-1_4127,P_1-2_5518,45.00000000000037,6875.0,1.0
P_2-1_4127,P_1-2_1063,45.00000000000037,6875.0,1.0
P_2-1_4127,P_1-2_168,45.20000000000037,6875.0,1.0
P_2-1_4127,P_1-2_3708,54.3000000000005,6875.0,1.0
P_2-1_4127,P_1-1-pt_4875,49.600000000000435,6875.0,1.0
P_2-1_4127,P_1-3_3759,77.99999999999984,6875.0,1.0
P_1-2_3575,P_1-1-pt_8545,1666.5999999995797,6873.0,0.7286483340608176
P_1-2_3575,P_1-2_2613,2096.6999999991885,6873.0,0.7286483340608176
P_1-2_3575,P_1-1-pt_1966,62.200000000000614,6873.0,0.7286483340608176
P_1-2_3575,P_1-2_3386,90.39999999999914,6873.0,0.7286483340608176
P_1-2_3575,P_1-3_2985,74.00000000000007,6873.0,0.7286483340608176
P_1-2_3575,P_1-2_1990,101.29999999999852,6873.0,0.7286483340608176
P_1-2_3575,P_1-1-veh_602,72.80000000000014,6873.0,0.7286483340608176
P_1-3_528,P_1-1-pt_5666,8.599999999999985,6873.0,1.0
P_1-3_528,P_1-1-veh_610,27.40000000000012,6873.0,1.0
P_1-3_528,P_1-1-pt_3067,80.29999999999971,6873.0,1.0
P_1-3_528,P_1-1-pt_2606,437.80000000003105,6873.0,1.0
P_1-3_528,P_1-2_303,53.30000000000049,6873.0,1.0
P_1-3_528,P_1-1-veh_792,53.50000000000049,6873.0,1.0
P_1-3_528,P_1-1-pt_6273,99.39999999999863,6873.0,1.0
P_1-3_528,P_1-1-veh_105,53.30000000000049,6873.0,1.0
P_1-3_528,P_1-2_1203,53.800000000000495,6873.0,1.0
P_1-3_528,P_1-2_2554,53.70000000000049,6873.0,1.0
P_1-3_528,P_1-1-pt_7760,5.999999999999995,6873.0,1.0
P_1-3_528,P_1-3_403,83.59999999999953,6873.0,1.0
P_1-3_528,P_1-3_2955,53.60000000000049,6873.0,1.0
P_1-3_528,P_1-3_2323,4.100000000000001,6873.0,1.0
P_1-3_528,P_1-3_3759,169.39999999999466,6873.0,1.0
P_1-3_528,P_1-3_3494,19.500000000000007,6873.0,1.0
P_1-3_528,P_1-1-pt_7142,95.29999999999886,6873.0,1.0
P_1-3_3759,P_1-3_2643,53.100000000000485,6872.0,1.0
P_1-3_3759,P_1-1-pt_2808,50.400000000000446,6872.0,1.0
P_1-3_3759,P_1-2_2702,42.20000000000033,6872.0,1.0
P_1-3_3759,P_1-3_528,169.39999999999466,6872.0,1.0
P_1-3_3759,P_1-3_3494,75.69999999999997,6872.0,1.0
P_1-3_3759,P_1-1-pt_6931,126.39999999999709,6872.0,1.0
P_1-3_3759,P_2-1_4127,77.99999999999984,6872.0,1.0
P_1-2_3386,P_1-1-pt_5392,6.399999999999993,6871.0,1.0
P_1-2_3386,P_1-1-pt_8545,666.1000000000829,6871.0,1.0
P_1-2_3386,P_1-1-pt_1966,51.60000000000046,6871.0,1.0
P_1-2_3386,P_1-2_3575,90.39999999999914,6871.0,1.0
P_1-2_3386,P_1-3_2985,55.50000000000052,6871.0,1.0
P_1-2_3386,P_1-2_2512,166.69999999999482,6871.0,1.0
P_1-2_3386,P_1-2_1990,51.800000000000466,6871.0,1.0
P_1-2_3280,P_1-1-pt_5078,64.30000000000062,6864.0,1.0
P_1-2_3280,P_1-1-veh_234,55.00000000000051,6864.0,1.0
P_1-2_3280,P_1-1-pt_7142,50.50000000000045,6864.0,1.0
P_1-2_3280,P_1-1-pt_6538,50.90000000000045,6864.0,1.0
P_1-2_3280,P_1-1-pt_8682,50.90000000000045,6864.0,1.0
P_1-2_3280,P_1-3_3579,55.60000000000052,6864.0,1.0
P_1-2_3280,P_1-2_3389,53.40000000000049,6864.0,1.0
P_1-2_3280,P_1-3_874,61.90000000000061,6864.0,1.0
P_1-2_3280,P_1-2_4734,112.1999999999979,6864.0,1.0
P_1-2_3280,P_1-3_2454,56.10000000000053,6864.0,1.0
P_1-2_3280,P_1-2_4206,112.0999999999979,6864.0,1.0
P_1-2_3280,P_1-3_1500,111.59999999999793,6864.0,1.0
P_1-2_3280,P_1-3_3901,111.69999999999793,6864.0,1.0
P_1-2_3280,P_1-2_1420,56.10000000000053,6864.0,1.0
P_1-2_3280,P_1-3_228,64.00000000000064,6864.0,1.0
P_1-2_3280,P_1-3_3834,56.000000000000526,6864.0,1.0
P_1-2_3280,P_1-3_3776,56.30000000000053,6864.0,1.0
P_1-2_3280,P_2-1_2161,56.20000000000053,6864.0,1.0
P_1-2_3280,P_1-3_3046,56.30000000000053,6864.0,1.0
P_1-2_3280,P_1-3_3457,56.10000000000053,6864.0,1.0
P_1-2_3280,P_1-3_4168,56.20000000000053,6864.0,1.0
P_1-2_3280,P_1-3_2053,55.900000000000524,6864.0,1.0
P_1-2_593,P_1-2_5943,1.9000000000000006,6862.0,1.0
P_1-2_593,P_1-1-pt_4645,206.89999999999253,6862.0,1.0
P_1-2_593,P_1-1-pt_5481,148.39999999999586,6862.0,1.0
P_1-2_593,P_1-2_1219,34.30000000000022,6862.0,1.0
P_1-1-pt_4996,P_1-1-veh_610,64.90000000000059,6860.0,1.0
P_1-1-pt_4996,P_1-1-pt_761,123.59999999999725,6860.0,1.0
P_1-1-pt_4996,P_1-1-pt_3097,126.2999999999971,6860.0,1.0
P_1-1-pt_4996,P_1-1-pt_2834,163.299999999995,6860.0,1.0
P_1-1-pt_4996,P_1-1-pt_6297,63.600000000000634,6860.0,1.0
P_1-1-pt_4996,P_1-1-pt_5199,127.89999999999701,6860.0,1.0
P_1-1-pt_4996,P_1-2_2875,55.60000000000052,6860.0,1.0
P_1-1-pt_4996,P_1-1-pt_6931,64.6000000000006,6860.0,1.0
P_1-1-pt_4996,P_1-1-pt_3067,62.10000000000061,6860.0,1.0
P_1-1-pt_4996,P_1-1-pt_530,64.6000000000006,6860.0,1.0
P_1-1-pt_4996,P_1-1-pt_776,72.50000000000016,6860.0,1.0
P_1-1-pt_4996,P_1-1-pt_1296,36.70000000000025,6860.0,1.0
P_1-1-pt_4996,P_1-1-pt_494,1035.200000000154,6860.0,1.0
P_1-1-pt_4996,P_1-1-pt_6453,29.700000000000152,6860.0,1.0
P_1-1-pt_4996,P_1-3_3245,26.70000000000011,6860.0,1.0
P_1-1-pt_4996,P_1-1-pt_2162,122.59999999999731,6860.0,1.0
P_1-1-pt_4996,P_1-1-pt_6413,36.00000000000024,6860.0,1.0
P_1-1-pt_4996,P_1-1-pt_297,321.9000000000047,6860.0,1.0
P_1-1-pt_4996,P_1-1-pt_6176,64.20000000000063,6860.0,1.0
P_1-1-pt_4996,P_1-1-pt_1270,18.39999999999999,6860.0,1.0
P_1-2_1600,P_1-1-pt_530,48.80000000000042,6859.0,0.6601545414783496
P_1-2_1600,P_1-2_5252,53.200000000000486,6859.0,0.6601545414783496
P_1-2_1600,P_1-3_2280,9.099999999999984,6859.0,0.6601545414783496
P_1-2_1600,P_1-3_5117,53.200000000000486,6859.0,0.6601545414783496
P_1-2_1600,P_1-2_2183,53.60000000000049,6859.0,0.6601545414783496
P_1-2_1600,P_1-3_5537,53.900000000000496,6859.0,0.6601545414783496
P_1-2_1600,P_1-1-pt_6309,6819.000000007276,6859.0,0.6601545414783496
P_1-2_1600,P_1-1-veh_603,5454.00000000231,6859.0,0.6601545414783496
P_1-1-pt_2162,P_1-1-pt_1108,93.89999999999894,6850.0,1.0
P_1-1-pt_2162,P_1-1-pt_8247,59.30000000000057,6850.0,1.0
P_1-1-pt_2162,P_1-1-pt_3275,48.00000000000041,6850.0,1.0
P_1-1-pt_2162,P_1-1-pt_1560,49.80000000000044,6850.0,1.0
P_1-1-pt_2162,P_1-1-pt_1966,61.80000000000061,6850.0,1.0
P_1-1-pt_2162,P_1-2_2875,72.00000000000018,6850.0,1.0
P_1-1-pt_2162,P_1-1-pt_5906,62.60000000000062,6850.0,1.0
P_1-1-pt_2162,P_1-1-pt_1238,62.80000000000062,6850.0,1.0
P_1-1-pt_2162,P_1-1-pt_3916,61.70000000000061,6850.0,1.0
P_1-1-pt_2162,P_1-1-pt_1226,61.70000000000061,6850.0,1.0
P_1-1-pt_2162,P_1-1-pt_3409,115.89999999999769,6850.0,1.0
P_1-1-pt_2162,P_1-1-veh_792,78.39999999999982,6850.0,1.0
P_1-1-pt_2162,P_1-1-pt_3624,92.09999999999904,6850.0,1.0
P_1-1-pt_2162,P_2-1_3764,57.80000000000055,6850.0,1.0
P_1-1-pt_2162,P_2-1_2925,57.400000000000546,6850.0,1.0
P_1-1-pt_2162,P_2-1_63,65.20000000000057,6850.0,1.0
P_1-1-pt_2162,P_1-2_1612,57.50000000000055,6850.0,1.0
P_1-1-pt_2162,P_1-1-pt_6453,58.800000000000566,6850.0,1.0
P_1-1-pt_2162,P_1-3_3245,56.80000000000054,6850.0,1.0
P_1-1-pt_2162,P_1-1-pt_4996,122.59999999999731,6850.0,1.0
P_1-1-pt_2162,P_1-1-pt_6413,61.600000000000605,6850.0,1.0
P_1-1-pt_2162,P_2-1_5419,58.100000000000556,6850.0,1.0
P_1-1-pt_2162,P_1-1-pt_494,5234.700000001512,6850.0,1.0
P_1-1-pt_2162,P_1-1-pt_8728,58.30000000000056,6850.0,1.0
P_1-1-pt_2162,P_1-2_4483,57.90000000000055,6850.0,1.0
P_1-1-pt_2162,P_1-1-pt_1270,50.10000000000044,6850.0,1.0
P_1-1-pt_2162,P_1-1-pt_7863,16.19999999999996,6850.0,1.0
P_1-1-pt_4671,P_1-1-pt_3927,58.100000000000556,6848.0,1.0
P_1-1-pt_4671,P_1-1-pt_1298,57.80000000000055,6848.0,1.0
P_1-1-pt_4671,P_1-1-pt_1270,116.49999999999766,6848.0,1.0
P_1-1-pt_4671,P_1-1-pt_5897,120.9999999999974,6848.0,1.0
P_1-1-pt_4671,P_1-1-pt_4919,45.60000000000038,6848.0,1.0
P_1-1-pt_4671,P_1-1-pt_1304,46.800000000000395,6848.0,1.0
P_1-1-pt_4671,P_1-1-pt_3275,64.10000000000063,6848.0,1.0
P_1-1-pt_4671,P_1-1-pt_1560,63.700000000000635,6848.0,1.0
P_1-1-pt_4671,P_1-1-pt_1966,61.3000000000006,6848.0,1.0
P_1-1-pt_4671,P_1-1-pt_5906,61.70000000000061,6848.0,1.0
P_1-1-pt_4671,P_1-1-pt_1238,61.4000000000006,6848.0,1.0
P_1-1-pt_4671,P_1-1-pt_3916,61.80000000000061,6848.0,1.0
P_1-1-pt_4671,P_1-1-pt_1108,56.40000000000053,6848.0,1.0
P_1-1-pt_4671,P_1-1-pt_1226,61.80000000000061,6848.0,1.0
P_1-1-pt_4671,P_1-1-pt_3409,382.2000000000184,6848.0,1.0
P_1-1-pt_4671,P_1-1-pt_3624,58.30000000000056,6848.0,1.0
P_1-1-pt_4671,P_1-1-pt_3769,177.4999999999942,6848.0,1.0
P_1-1-pt_4671,P_1-1-veh_792,180.49999999999403,6848.0,1.0
P_1-1-pt_4671,P_2-1_3764,54.80000000000051,6848.0,1.0
P_1-1-pt_4671,P_2-1_2925,54.4000000000005,6848.0,1.0
P_1-1-pt_4671,P_1-1-pt_1473,71.7000000000002,6848.0,1.0
P_1-1-pt_4671,P_1-1-pt_6297,62.50000000000062,6848.0,1.0
P_1-1-pt_4671,P_1-1-pt_6031,62.50000000000062,6848.0,1.0
P_1-1-pt_4671,P_1-1-pt_7080,33.0000000000002,6848.0,1.0
P_1-2_1066,P_1-1-pt_6031,4.5,6843.0,1.0
P_1-2_1066,P_1-1-pt_4715,57.50000000000055,6843.0,1.0
P_1-2_1066,P_1-2_5640,242.5999999999905,6843.0,1.0
P_1-1-pt_6931,P_1-3_2955,683.3000000000868,6836.0,1.0
P_1-1-pt_6931,P_1-1-pt_4996,64.6000000000006,6836.0,1.0
P_1-1-pt_6931,P_1-1-pt_3386,66.30000000000051,6836.0,1.0
P_1-1-pt_6931,P_1-1-pt_3067,101.5999999999985,6836.0,1.0
P_1-1-pt_6931,P_1-1-pt_776,83.09999999999955,6836.0,1.0
P_1-1-pt_6931,P_1-2_303,239.69999999999067,6836.0,1.0
P_1-1-pt_6931,P_1-1-pt_1226,72.00000000000018,6836.0,1.0
P_1-1-pt_6931,P_1-1-pt_5199,94.89999999999888,6836.0,1.0
P_1-1-pt_6931,P_1-1-pt_7080,45.70000000000038,6836.0,1.0
P_1-1-pt_6931,P_1-3_4690,357.30000000001274,6836.0,1.0
P_1-1-pt_6931,P_1-1-pt_1473,62.00000000000061,6836.0,1.0
P_1-1-pt_6931,P_2-1_2136,64.30000000000062,6836.0,1.0
P_1-1-pt_6931,P_1-1-veh_65,57.300000000000544,6836.0,1.0
P_1-1-pt_6931,P_1-1-pt_2529,58.30000000000056,6836.0,1.0
P_1-1-pt_6931,P_1-1-pt_8830,55.00000000000051,6836.0,1.0
P_1-1-pt_6931,P_1-3_3759,126.39999999999709,6836.0,1.0
P_1-1-pt_2844,P_1-2_5927,16.29999999999996,6829.0,1.0
P_1-1-pt_2844,P_1-2_4715,11.499999999999975,6829.0,1.0
P_1-1-pt_2844,P_1-2_2653,10.799999999999978,6829.0,1.0
P_1-1-pt_2844,P_2-1_5067,13.899999999999967,6829.0,1.0
P_1-1-pt_2844,P_1-2_1658,70.30000000000028,6829.0,1.0
P_1-1-pt_2844,P_1-1-pt_1601,58.100000000000556,6829.0,1.0
P_1-1-pt_2844,P_1-1-pt_7938,1619.2999999996227,6829.0,1.0
P_1-1-pt_6309,P_1-1-pt_530,44.80000000000037,6820.0,1.0
P_1-1-pt_6309,P_1-2_5252,50.90000000000045,6820.0,1.0
P_1-1-pt_6309,P_1-3_5117,50.80000000000045,6820.0,1.0
P_1-1-pt_6309,P_1-2_2183,50.90000000000045,6820.0,1.0
P_1-1-pt_6309,P_1-3_5537,51.50000000000046,6820.0,1.0
P_1-1-pt_6309,P_1-2_1600,6819.000000007276,6820.0,1.0
P_1-1-pt_6309,P_1-1-veh_603,2455.499999998862,6820.0,1.0
P_1-3_2955,P_1-1-pt_6931,683.3000000000868,6818.0,1.0
P_1-3_2955,P_1-1-pt_530,75.2,6818.0,1.0
P_1-3_2955,P_1-2_2875,73.4000000000001,6818.0,1.0
P_1-3_2955,P_1-1-pt_3386,60.200000000000585,6818.0,1.0
P_1-3_2955,P_1-1-pt_3067,117.3999999999976,6818.0,1.0
P_1-3_2955,P_1-2_2702,38.90000000000028,6818.0,1.0
P_1-3_2955,P_1-3_2323,51.000000000000455,6818.0,1.0
P_1-3_2955,P_1-3_528,53.60000000000049,6818.0,1.0
P_1-3_2955,P_1-3_3494,89.79999999999917,6818.0,1.0
P_1-3_2955,P_1-3_4690,62.200000000000614,6818.0,1.0
P_1-2_4388,P_1-3_3135,53.50000000000049,6804.0,1.0
P_1-2_4388,P_2-1_3944,103.2999999999984,6804.0,1.0
P_1-1-veh_234,P_1-3_2454,53.100000000000485,6799.0,1.0
P_1-1-veh_234,P_1-1-veh_105,53.50000000000049,6799.0,1.0
P_1-1-veh_234,P_1-3_3834,53.100000000000485,6799.0,1.0
P_1-1-veh_234,P_1-1-pt_2606,133.99999999999667,6799.0,1.0
P_1-1-veh_234,P_1-1-pt_3067,31.100000000000172,6799.0,1.0
P_1-1-veh_234,P_1-3_1785,53.30000000000049,6799.0,1.0
P_1-1-veh_234,P_1-2_2554,54.90000000000051,6799.0,1.0
P_1-1-veh_234,P_1-2_3280,55.00000000000051,6799.0,1.0
P_1-1-veh_234,P_1-3_3046,54.0000000000005,6799.0,1.0
P_1-1-veh_234,P_1-3_3457,54.1000000000005,6799.0,1.0
P_1-1-veh_234,P_1-1-pt_5078,116.09999999999768,6799.0,1.0
P_1-1-veh_234,P_1-1-pt_7208,57.10000000000054,6799.0,1.0
P_1-1-veh_234,P_1-1-pt_1238,52.60000000000048,6799.0,1.0
P_1-1-veh_234,P_1-1-pt_7760,108.5999999999981,6799.0,1.0
P_1-1-veh_234,P_1-1-pt_6538,54.70000000000051,6799.0,1.0
P_1-1-veh_234,P_1-1-pt_7142,114.59999999999776,6799.0,1.0
P_1-1-veh_234,P_1-1-pt_776,26.0000000000001,6799.0,1.0
P_1-1-veh_234,P_1-1-pt_8682,110.89999999999797,6799.0,1.0
P_1-1-veh_234,P_1-2_1596,55.80000000000052,6799.0,1.0
P_1-1-veh_234,P_1-3_2053,53.200000000000486,6799.0,1.0
P_1-1-veh_234,P_1-2_5951,53.30000000000049,6799.0,1.0
P_1-1-veh_234,P_1-1-pt_6297,50.400000000000446,6799.0,1.0
P_1-1-veh_234,P_1-1-pt_5199,180.39999999999404,6799.0,1.0
P_1-1-veh_234,P_1-3_4690,54.90000000000051,6799.0,1.0
P_1-1-veh_234,P_1-1-pt_4901,57.80000000000055,6799.0,1.0
P_1-1-veh_234,P_1-1-pt_7080,116.59999999999765,6799.0,1.0
P_1-1-veh_234,P_1-1-pt_6031,103.89999999999837,6799.0,1.0
P_1-1-veh_234,P_1-2_3389,56.10000000000053,6799.0,1.0
P_1-1-veh_234,P_1-1-pt_1473,50.10000000000044,6799.0,1.0
P_1-1-veh_234,P_1-1-pt_5897,50.20000000000044,6799.0,1.0
P_1-1-veh_234,P_1-2_1255,52.500000000000476,6799.0,1.0
P_1-1-pt_5258,P_1-1-pt_3800,48.00000000000041,6796.0,1.0
P_1-1-pt_5258,P_1-1-pt_7277,58.50000000000056,6796.0,1.0
P_1-1-pt_5258,P_2-1_2293,57.90000000000055,6796.0,1.0
P_1-1-pt_5258,P_1-2_163,57.50000000000055,6796.0,1.0
P_1-1-pt_5258,P_1-1-pt_7948,147.29999999999592,6796.0,1.0
P_1-1-pt_5258,P_2-1_4267,77.29999999999988,6796.0,1.0
P_1-1-pt_5258,P_2-1_3390,46.700000000000394,6796.0,1.0
P_1-3_2278,P_1-1-pt_8247,40.0000000000003,6794.0,1.0
P_1-3_2278,P_1-3_3793,57.50000000000055,6794.0,1.0
P_1-3_2278,P_2-1_6274,111.09999999999796,6794.0,1.0
P_1-1-pt_6031,P_1-2_1066,4.5,6793.0,1.0
P_1-1-pt_6031,P_1-1-pt_1121,61.500000000000604,6793.0,1.0
P_1-1-pt_6031,P_1-1-pt_2606,62.50000000000062,6793.0,1.0
P_1-1-pt_6031,P_1-1-pt_1966,61.2000000000006,6793.0,1.0
P_1-1-pt_6031,P_1-1-pt_2834,39.000000000000284,6793.0,1.0
P_1-1-pt_6031,P_1-1-pt_5906,61.90000000000061,6793.0,1.0
P_1-1-pt_6031,P_1-1-pt_1238,61.600000000000605,6793.0,1.0
P_1-1-pt_6031,P_1-1-pt_3916,82.59999999999958,6793.0,1.0
P_1-1-pt_6031,P_1-1-pt_1226,61.70000000000061,6793.0,1.0
P_1-1-pt_6031,P_1-1-pt_5199,72.00000000000018,6793.0,1.0
P_1-1-pt_6031,P_1-1-veh_234,103.89999999999837,6793.0,1.0
P_1-1-pt_6031,P_1-1-pt_0,99.09999999999864,6793.0,1.0
P_1-1-pt_6031,P_1-1-pt_8068,178.69999999999413,6793.0,1.0
P_1-1-pt_6031,P_2-1_2136,105.59999999999827,6793.0,1.0
P_1-1-pt_6031,P_1-1-veh_65,54.80000000000051,6793.0,1.0
P_1-1-pt_6031,P_1-1-pt_4671,62.50000000000062,6793.0,1.0
P_1-1-pt_6031,P_1-1-pt_4919,61.90000000000061,6793.0,1.0
P_2-1_1248,P_2-1_4127,45.00000000000037,6790.0,1.0
P_2-1_1248,P_2-1_3119,53.40000000000049,6790.0,1.0
P_2-1_1248,P_1-3_4644,56.20000000000053,6790.0,1.0
P_2-1_1248,P_2-1_2486,53.30000000000049,6790.0,1.0
P_2-1_1248,P_2-1_3601,53.200000000000486,6790.0,1.0
P_2-1_1248,P_2-1_600,53.50000000000049,6790.0,1.0
P_2-1_1248,P_1-2_5765,53.30000000000049,6790.0,1.0
P_2-1_1248,P_1-2_5518,6771.200000007102,6790.0,1.0
P_1-1-pt_776,P_1-1-veh_234,26.0000000000001,6782.0,1.0
P_1-1-pt_776,P_1-1-pt_7142,80.19999999999972,6782.0,1.0
P_1-1-pt_776,P_1-1-pt_7760,61.80000000000061,6782.0,1.0
P_1-1-pt_776,P_1-3_2053,57.20000000000054,6782.0,1.0
P_1-1-pt_776,P_1-1-pt_6538,290.99999999999767,6782.0,1.0
P_1-1-pt_776,P_1-1-pt_6297,106.19999999999824,6782.0,1.0
P_1-1-pt_776,P_1-1-pt_5199,71.20000000000023,6782.0,1.0
P_1-1-pt_776,P_1-2_303,105.39999999999829,6782.0,1.0
P_1-1-pt_776,P_1-1-pt_6931,83.09999999999955,6782.0,1.0
P_1-1-pt_776,P_1-1-pt_4996,72.50000000000016,6782.0,1.0
P_1-1-pt_776,P_1-2_2543,57.400000000000546,6782.0,1.0
P_1-1-pt_4262,P_1-1-pt_1747,65.80000000000054,6777.0,0.9210565146820127
P_1-1-pt_4262,P_1-1-pt_5167,64.10000000000063,6777.0,0.9210565146820127
P_1-1-pt_4262,P_1-1-pt_3671,323.90000000000515,6777.0,0.9210565146820127
P_1-1-pt_4262,P_1-1-pt_6743,57.10000000000054,6777.0,0.9210565146820127
P_1-1-pt_4262,P_1-1-pt_2880,51.800000000000466,6777.0,0.9210565146820127
P_1-1-pt_4262,P_1-1-pt_521,23.90000000000007,6777.0,0.9210565146820127
P_1-1-pt_4262,P_1-1-pt_394,94.4999999999989,6777.0,0.9210565146820127
P_1-1-pt_4262,P_1-1-pt_4541,51.800000000000466,6777.0,0.9210565146820127
P_1-1-pt_4262,P_1-2_104,53.800000000000495,6777.0,0.9210565146820127
P_1-1-pt_4262,P_1-1-pt_527,45.300000000000374,6777.0,0.9210565146820127
P_1-1-pt_4262,P_1-2_4962,49.80000000000044,6777.0,0.9210565146820127
P_1-1-pt_4262,P_1-2_1715,56.600000000000534,6777.0,0.9210565146820127
P_1-1-pt_4262,P_1-1-pt_5357,58.20000000000056,6777.0,0.9210565146820127
P_1-1-pt_4262,P_1-1-veh_152,57.90000000000055,6777.0,0.9210565146820127
P_1-1-pt_4262,P_1-1-pt_1420,59.30000000000057,6777.0,0.9210565146820127
P_1-1-pt_4262,P_1-2_2795,56.50000000000053,6777.0,0.9210565146820127
P_1-1-pt_4262,P_1-1-pt_8247,59.00000000000057,6777.0,0.9210565146820127
P_1-1-pt_4262,P_1-2_2543,54.500000000000504,6777.0,0.9210565146820127
P_1-1-pt_4262,P_1-2_671,56.000000000000526,6777.0,0.9210565146820127
P_1-1-pt_4262,P_1-1-pt_3512,58.20000000000056,6777.0,0.9210565146820127
P_1-1-pt_4262,P_1-1-pt_1798,61.600000000000605,6777.0,0.9210565146820127
P_1-1-pt_6673,P_1-1-pt_3858,8.699999999999985,6768.0,1.0
P_1-1-pt_6673,P_1-1-pt_7440,56.600000000000534,6768.0,1.0
P_1-1-pt_6673,P_1-1-pt_1006,49.000000000000426,6768.0,1.0
P_1-1-pt_6673,P_1-2_3702,109.99999999999802,6768.0,1.0
P_1-1-pt_6673,P_1-1-pt_4380,208.9999999999924,6768.0,1.0
P_1-1-pt_6673,P_1-3_1945,198.599999999993,6768.0,1.0
P_1-1-pt_6673,P_1-1-pt_2920,55.900000000000524,6768.0,1.0
P_1-1-pt_6673,P_1-1-pt_5167,10.699999999999978,6768.0,1.0
P_1-1-pt_6673,P_1-1-pt_1747,61.4000000000006,6768.0,1.0
P_1-1-pt_6673,P_1-1-pt_1497,591.0000000000658,6768.0,1.0
P_1-1-pt_6673,P_1-3_1027,64.50000000000061,6768.0,1.0
P_1-1-pt_6673,P_2-1_1724,50.90000000000045,6768.0,1.0
P_1-1-pt_6673,P_1-1-pt_5139,47.90000000000041,6768.0,1.0
P_1-3_3457,P_1-1-veh_105,20.000000000000014,6764.0,1.0
P_1-3_3457,P_1-3_3834,109.69999999999804,6764.0,1.0
P_1-3_3457,P_1-3_1785,53.30000000000049,6764.0,1.0
P_1-3_3457,P_1-2_2554,35.30000000000023,6764.0,1.0
P_1-3_3457,P_1-1-pt_4966,59.90000000000058,6764.0,1.0
P_1-3_3457,P_1-1-veh_234,54.1000000000005,6764.0,1.0
P_1-3_3457,P_1-3_3046,1624.9999999996176,6764.0,1.0
P_1-3_3457,P_1-1-pt_7208,51.60000000000046,6764.0,1.0
P_1-3_3457,P_1-1-pt_1238,56.20000000000053,6764.0,1.0
P_1-3_3457,P_1-1-pt_7142,50.20000000000044,6764.0,1.0
P_1-3_3457,P_1-1-pt_6538,50.90000000000045,6764.0,1.0
P_1-3_3457,P_1-1-pt_8682,51.000000000000455,6764.0,1.0
P_1-3_3457,P_1-2_3389,53.40000000000049,6764.0,1.0
P_1-3_3457,P_1-2_4734,111.89999999999792,6764.0,1.0
P_1-3_3457,P_1-3_2454,56.10000000000053,6764.0,1.0
P_1-3_3457,P_1-2_4206,112.0999999999979,6764.0,1.0
P_1-3_3457,P_1-3_1500,111.99999999999791,6764.0,1.0
P_1-3_3457,P_1-3_3901,62.40000000000062,6764.0,1.0
P_1-3_3457,P_1-2_1420,56.000000000000526,6764.0,1.0
P_1-3_3457,P_1-3_228,55.900000000000524,6764.0,1.0
P_1-3_3457,P_1-3_3776,56.000000000000526,6764.0,1.0
P_1-3_3457,P_2-1_2161,56.10000000000053,6764.0,1.0
P_1-3_3457,P_1-2_3280,56.10000000000053,6764.0,1.0
P_1-3_3457,P_1-3_4168,56.10000000000053,6764.0,1.0
P_1-3_3457,P_1-3_2053,55.900000000000524,6764.0,1.0
P_1-2_2229,P_2-1_3376,829.0000000001199,6762.0,0.9699792960662525
P_1-2_2229,P_2-1_5435,877.700000000131,6762.0,0.9699792960662525
P_1-2_2229,P_2-1_4331,828.0000000001197,6762.0,0.9699792960662525
P_1-2_2229,P_2-1_6256,802.6000000001139,6762.0,0.9699792960662525
P_1-2_2229,P_1-2_3908,822.1000000001184,6762.0,0.9699792960662525
P_1-2_2229,P_1-2_4607,767.800000000106,6762.0,0.9699792960662525
P_1-2_2229,P_1-2_2030,1657.1999999995883,6762.0,0.9699792960662525
P_1-2_2229,P_1-1-pt_7104,4246.399999997917,6762.0,0.9699792960662525
P_1-2_2229,P_1-2_4886,5920.000000004005,6762.0,0.9699792960662525
P_1-3_635,P_2-1_2136,53.200000000000486,6760.0,1.0
P_1-3_635,P_1-1-veh_65,53.200000000000486,6760.0,1.0
P_1-3_635,P_1-2_168,80.4999999999997,6760.0,1.0
P_1-3_635,P_1-1-pt_4875,54.70000000000051,6760.0,1.0
P_1-3_635,P_1-2_3708,53.100000000000485,6760.0,1.0
P_1-3_635,P_1-2_505,27.100000000000115,6760.0,1.0
P_1-3_635,P_1-2_2715,39.9000000000003,6760.0,1.0
P_1-3_635,P_1-1-pt_0,8.099999999999987,6760.0,1.0
P_1-3_635,P_1-3_4666,53.200000000000486,6760.0,1.0
P_1-3_635,P_1-2_4791,57.60000000000055,6760.0,1.0
P_1-3_635,P_1-2_1533,55.900000000000524,6760.0,1.0
P_1-3_635,P_1-3_5578,57.00000000000054,6760.0,1.0
P_1-3_635,P_1-1-pt_1700,53.40000000000049,6760.0,1.0
P_1-2_4753,P_1-3_2043,4809.499999999965,6759.0,0.8388814913448736
P_1-2_4753,P_1-3_80,5.1999999999999975,6759.0,0.8388814913448736
P_1-2_4753,P_1-2_3608,26.300000000000104,6759.0,0.8388814913448736
P_1-2_4753,P_1-3_743,26.300000000000104,6759.0,0.8388814913448736
P_1-2_4753,P_1-3_2599,25.000000000000085,6759.0,0.8388814913448736
P_1-2_4753,P_1-2_5745,24.900000000000084,6759.0,0.8388814913448736
P_1-2_4753,P_1-2_4266,30.30000000000016,6759.0,0.8388814913448736
P_1-2_4753,P_1-3_1535,25.100000000000087,6759.0,0.8388814913448736
P_1-3_5475,P_1-1-pt_2863,50.10000000000044,6758.0,1.0
P_1-3_5475,P_1-1-pt_5139,57.90000000000055,6758.0,1.0
P_1-3_5475,P_1-3_2786,174.29999999999438,6758.0,1.0
P_1-3_5475,P_1-1-pt_1006,98.1999999999987,6758.0,1.0
P_1-3_5475,P_2-1_5067,100.29999999999858,6758.0,1.0
P_1-3_5475,P_1-2_1658,78.19999999999983,6758.0,1.0
P_1-3_5475,P_1-3_4881,73.5000000000001,6758.0,1.0
P_1-3_5475,P_1-2_5543,63.000000000000625,6758.0,1.0
P_1-3_5475,P_1-3_4025,57.20000000000054,6758.0,1.0
P_1-3_5475,P_2-1_4267,91.99999999999905,6758.0,1.0
P_1-3_5475,P_2-1_3390,109.69999999999804,6758.0,1.0
P_1-3_5475,P_2-1_600,53.200000000000486,6758.0,1.0
P_1-3_5475,P_1-2_5765,53.40000000000049,6758.0,1.0
P_1-3_5475,P_2-1_1463,53.50000000000049,6758.0,1.0
P_1-3_5475,P_2-1_4788,53.50000000000049,6758.0,1.0
P_1-3_5475,P_2-1_499,53.40000000000049,6758.0,1.0
P_1-3_5475,P_2-1_804,53.30000000000049,6758.0,1.0
P_1-3_5475,P_2-1_213,53.30000000000049,6758.0,1.0
P_1-1-pt_560,P_1-3_874,988.3000000001562,6756.0,1.0
P_1-1-pt_560,P_1-2_3389,16.19999999999996,6756.0,1.0
P_1-1-pt_560,P_1-2_4771,104.19999999999835,6756.0,1.0
P_1-1-pt_560,P_1-1-pt_1714,94.5999999999989,6756.0,1.0
P_1-1-pt_560,P_1-2_2287,52.20000000000047,6756.0,1.0
P_1-1-pt_560,P_1-3_3793,476.60000000003987,6756.0,1.0
P_1-1-pt_560,P_1-3_870,51.700000000000465,6756.0,1.0
P_1-1-pt_560,P_1-1-pt_3629,33.3000000000002,6756.0,1.0
P_1-1-pt_560,P_1-2_3081,51.800000000000466,6756.0,1.0
P_1-1-pt_560,P_1-2_5951,52.00000000000047,6756.0,1.0
P_1-1-pt_560,P_1-3_1785,51.60000000000046,6756.0,1.0
P_1-3_4644,P_2-1_2384,53.50000000000049,6750.0,0.9638518518518518
P_1-3_4644,P_2-1_1248,56.20000000000053,6750.0,0.9638518518518518
P_1-3_4644,P_1-2_5518,56.10000000000053,6750.0,0.9638518518518518
P_1-3_4644,P_1-2_1063,53.50000000000049,6750.0,0.9638518518518518
P_1-3_4644,P_1-2_168,45.00000000000037,6750.0,0.9638518518518518
P_1-3_4644,P_1-2_3708,46.000000000000384,6750.0,0.9638518518518518
P_1-1-pt_494,P_1-2_4208,50.20000000000044,6748.0,1.0
P_1-1-pt_494,P_1-1-pt_3927,295.69999999999874,6748.0,1.0
P_1-1-pt_494,P_1-1-pt_1108,97.79999999999872,6748.0,1.0
P_1-1-pt_494,P_1-1-pt_8247,59.70000000000058,6748.0,1.0
P_1-1-pt_494,P_1-1-pt_3275,47.90000000000041,6748.0,1.0
P_1-1-pt_494,P_1-1-pt_1560,50.20000000000044,6748.0,1.0
P_1-1-pt_494,P_1-1-pt_1966,61.70000000000061,6748.0,1.0
P_1-1-pt_494,P_1-2_2875,71.40000000000022,6748.0,1.0
P_1-1-pt_494,P_1-1-pt_5906,62.60000000000062,6748.0,1.0
P_1-1-pt_494,P_1-1-pt_1238,62.50000000000062,6748.0,1.0
P_1-1-pt_494,P_1-1-pt_3916,61.4000000000006,6748.0,1.0
P_1-1-pt_494,P_1-1-pt_1226,61.80000000000061,6748.0,1.0
P_1-1-pt_494,P_1-1-veh_792,78.19999999999983,6748.0,1.0
P_1-1-pt_494,P_1-1-pt_3409,59.400000000000574,6748.0,1.0
P_1-1-pt_494,P_1-1-pt_3624,77.39999999999988,6748.0,1.0
P_1-1-pt_494,P_1-1-pt_4996,1035.200000000154,6748.0,1.0
P_1-1-pt_494,P_2-1_3764,57.70000000000055,6748.0,1.0
P_1-1-pt_494,P_2-1_2925,57.70000000000055,6748.0,1.0
P_1-1-pt_494,P_2-1_63,57.20000000000054,6748.0,1.0
P_1-1-pt_494,P_1-2_1612,57.50000000000055,6748.0,1.0
P_1-1-pt_494,P_1-1-pt_761,40.2000000000003,6748.0,1.0
P_1-1-pt_494,P_1-1-pt_6453,38.10000000000027,6748.0,1.0
P_1-1-pt_494,P_1-3_3245,37.90000000000027,6748.0,1.0
P_1-1-pt_494,P_1-1-pt_6413,36.00000000000024,6748.0,1.0
P_1-1-pt_494,P_1-1-pt_2162,5234.700000001512,6748.0,1.0
P_1-1-pt_494,P_1-1-pt_297,297.09999999999906,6748.0,1.0
P_2-1_3136,P_2-1_5450,279.5999999999951,6740.0,1.0
P_1-2_573,P_1-3_4954,983.300000000155,6739.0,1.0
P_1-2_573,P_1-3_2018,242.7999999999905,6739.0,1.0
P_1-2_573,P_1-1-pt_5241,50.60000000000045,6739.0,1.0
P_1-2_573,P_1-2_4634,120.59999999999742,6739.0,1.0
P_1-2_573,P_1-3_4775,110.79999999999798,6739.0,1.0
P_1-2_573,P_1-3_2410,55.40000000000052,6739.0,1.0
P_1-2_573,P_1-3_3253,113.9999999999978,6739.0,1.0
P_1-2_573,P_1-3_2633,119.69999999999747,6739.0,1.0
P_1-2_573,P_1-2_3693,109.79999999999804,6739.0,1.0
P_1-2_573,P_1-3_4875,76.9999999999999,6739.0,1.0
P_1-2_573,P_1-3_3410,62.900000000000624,6739.0,1.0
P_1-2_573,P_1-2_5210,5704.20000000322,6739.0,1.0
P_1-2_163,P_1-2_5927,55.80000000000052,6738.0,1.0
P_1-2_163,P_1-2_752,59.80000000000058,6738.0,1.0
P_1-2_163,P_1-3_3339,66.5000000000005,6738.0,1.0
P_1-2_163,P_1-1-pt_5258,57.50000000000055,6738.0,1.0
P_1-2_163,P_1-3_4253,53.900000000000496,6738.0,1.0
P_1-2_163,P_1-1-pt_7959,52.10000000000047,6738.0,1.0
P_1-2_163,P_2-1_5841,54.0000000000005,6738.0,1.0
P_2-1_2293,P_1-1-pt_7915,46.9000000000004,6735.0,1.0
P_2-1_2293,P_1-1-pt_5258,57.90000000000055,6735.0,1.0
P_2-1_2293,P_1-3_4253,53.30000000000049,6735.0,1.0
P_2-1_2293,P_1-1-pt_7959,51.000000000000455,6735.0,1.0
P_2-1_2293,P_2-1_5841,53.800000000000495,6735.0,1.0
P_2-1_2293,P_1-1-pt_6381,75.2,6735.0,1.0
P_2-1_2293,P_1-1-veh_824,62.900000000000624,6735.0,1.0
P_2-1_2293,P_1-1-pt_2342,186.79999999999367,6735.0,1.0
P_1-2_2030,P_2-1_6256,794.8000000001122,6734.0,0.6471636471636472
P_1-2_2030,P_2-1_5435,822.7000000001185,6734.0,0.6471636471636472
P_1-2_2030,P_2-1_4331,822.5000000001185,6734.0,0.6471636471636472
P_1-2_2030,P_1-2_3908,768.0000000001061,6734.0,0.6471636471636472
P_1-2_2030,P_1-2_4607,767.3000000001059,6734.0,0.6471636471636472
P_1-2_2030,P_1-1-pt_7104,835.1000000001213,6734.0,0.6471636471636472
P_1-2_2030,P_1-2_4886,779.3000000001086,6734.0,0.6471636471636472
P_1-2_2030,P_1-2_2229,1657.1999999995883,6734.0,0.6471636471636472
P_1-2_2030,P_2-1_3376,6255.400000005226,6734.0,0.6471636471636472
P_1-1-veh_65,P_1-3_635,53.200000000000486,6733.0,1.0
P_1-1-veh_65,P_2-1_2136,184.99999999999378,6733.0,1.0
P_1-1-veh_65,P_1-1-pt_4875,67.80000000000042,6733.0,1.0
P_1-1-veh_65,P_1-2_168,62.900000000000624,6733.0,1.0
P_1-1-veh_65,P_1-1-pt_8830,50.50000000000045,6733.0,1.0
P_1-1-veh_65,P_1-2_3708,53.40000000000049,6733.0,1.0
P_1-1-veh_65,P_1-1-pt_7142,184.6999999999938,6733.0,1.0
P_1-1-veh_65,P_1-2_2715,51.000000000000455,6733.0,1.0
P_1-1-veh_65,P_1-1-pt_2529,79.69999999999975,6733.0,1.0
P_1-1-veh_65,P_1-1-pt_6931,57.300000000000544,6733.0,1.0
P_1-1-veh_65,P_1-1-pt_6031,54.80000000000051,6733.0,1.0
P_1-1-veh_65,P_1-1-pt_8068,55.200000000000514,6733.0,1.0
P_1-3_4690,P_1-3_5578,27.200000000000117,6733.0,1.0
P_1-3_4690,P_1-1-pt_8068,50.50000000000045,6733.0,1.0
P_1-3_4690,P_1-1-pt_4966,70.90000000000025,6733.0,1.0
P_1-3_4690,P_1-1-pt_6176,59.10000000000057,6733.0,1.0
P_1-3_4690,P_1-1-pt_297,50.80000000000045,6733.0,1.0
P_1-3_4690,P_1-1-pt_6538,51.50000000000046,6733.0,1.0
P_1-3_4690,P_1-1-pt_4901,50.10000000000044,6733.0,1.0
P_1-3_4690,P_1-1-pt_8682,50.90000000000045,6733.0,1.0
P_1-3_4690,P_1-1-pt_5078,50.90000000000045,6733.0,1.0
P_1-3_4690,P_1-2_1596,55.40000000000052,6733.0,1.0
P_1-3_4690,P_1-1-veh_234,54.90000000000051,6733.0,1.0
P_1-3_4690,P_1-1-pt_7080,50.60000000000045,6733.0,1.0
P_1-3_4690,P_1-1-pt_6931,357.30000000001274,6733.0,1.0
P_1-3_4690,P_1-2_3389,53.40000000000049,6733.0,1.0
P_1-3_4690,P_1-3_2955,62.200000000000614,6733.0,1.0
P_1-3_4690,P_1-1-pt_1714,56.600000000000534,6733.0,1.0
P_1-3_4690,P_1-2_2287,56.600000000000534,6733.0,1.0
P_1-3_4690,P_1-3_2454,56.30000000000053,6733.0,1.0
P_1-3_4690,P_1-3_1785,1.2,6733.0,1.0
P_1-3_4738,P_1-2_3821,734.1000000000984,6733.0,0.770087628100401
P_1-3_4738,P_1-2_2580,734.5000000000985,6733.0,0.770087628100401
P_1-3_4738,P_1-2_5752,680.2000000000861,6733.0,0.770087628100401
P_1-3_4738,P_1-2_3464,680.5000000000862,6733.0,0.770087628100401
P_1-3_4738,P_1-2_2797,677.9000000000856,6733.0,0.770087628100401
P_1-3_4738,P_2-1_2028,338.90000000000856,6733.0,0.770087628100401
P_1-3_4738,P_1-1-veh_837,5739.000000003347,6733.0,0.770087628100401
P_1-1-pt_1270,P_1-1-pt_4671,116.49999999999766,6731.0,1.0
P_1-1-pt_1270,P_1-1-pt_5897,47.0000000000004,6731.0,1.0
P_1-1-pt_1270,P_1-1-pt_1304,185.49999999999375,6731.0,1.0
P_1-1-pt_1270,P_1-1-pt_3275,61.2000000000006,6731.0,1.0
P_1-1-pt_1270,P_1-1-pt_1560,61.80000000000061,6731.0,1.0
P_1-1-pt_1270,P_1-1-pt_4919,2663.1999999986733,6731.0,1.0
P_1-1-pt_1270,P_1-1-pt_1966,86.29999999999937,6731.0,1.0
P_1-1-pt_1270,P_1-1-pt_5906,61.1000000000006,6731.0,1.0
P_1-1-pt_1270,P_1-1-pt_1238,61.0000000000006,6731.0,1.0
P_1-1-pt_1270,P_1-1-pt_3916,61.500000000000604,6731.0,1.0
P_1-1-pt_1270,P_1-1-pt_1108,60.70000000000059,6731.0,1.0
P_1-1-pt_1270,P_1-1-pt_1226,61.500000000000604,6731.0,1.0
P_1-1-pt_1270,P_1-1-pt_3624,58.30000000000056,6731.0,1.0
P_1-1-pt_1270,P_1-1-pt_3409,468.500000000038,6731.0,1.0
P_1-1-pt_1270,P_1-1-veh_792,209.99999999999235,6731.0,1.0
P_1-1-pt_1270,P_2-1_3764,56.000000000000526,6731.0,1.0
P_1-1-pt_1270,P_2-1_2925,62.60000000000062,6731.0,1.0
P_1-1-pt_1270,P_2-1_63,54.70000000000051,6731.0,1.0
P_1-1-pt_1270,P_1-2_1612,62.300000000000615,6731.0,1.0
P_1-1-pt_1270,P_1-1-pt_6453,57.60000000000055,6731.0,1.0
P_1-1-pt_1270,P_1-3_3245,57.20000000000054,6731.0,1.0
P_1-1-pt_1270,P_1-1-pt_6413,44.000000000000355,6731.0,1.0
P_1-1-pt_1270,P_1-1-pt_8728,40.80000000000031,6731.0,1.0
P_1-1-pt_1270,P_1-2_4483,41.70000000000032,6731.0,1.0
P_1-1-pt_1270,P_1-1-pt_2162,50.10000000000044,6731.0,1.0
P_1-1-pt_1270,P_1-1-pt_4996,18.39999999999999,6731.0,1.0
P_1-1-pt_3858,P_1-1-pt_6673,8.699999999999985,6728.0,0.9598692033293698
P_1-1-pt_3858,P_1-1-pt_6355,34.70000000000022,6728.0,0.9598692033293698
P_1-1-pt_3858,P_1-1-pt_5167,814.4000000001166,6728.0,0.9598692033293698
P_1-1-pt_3858,P_1-1-pt_1747,1238.7999999999688,6728.0,0.9598692033293698
P_1-1-pt_3858,P_1-1-pt_521,55.40000000000052,6728.0,0.9598692033293698
P_1-1-pt_3858,P_1-1-pt_4879,116.29999999999767,6728.0,0.9598692033293698
P_1-1-pt_3858,P_1-1-pt_6974,587.600000000065,6728.0,0.9598692033293698
P_1-1-pt_3858,P_1-1-pt_3409,49.10000000000043,6728.0,0.9598692033293698
P_1-1-pt_3858,P_1-1-pt_2013,57.80000000000055,6728.0,0.9598692033293698
P_1-1-pt_3858,P_1-1-pt_3624,53.100000000000485,6728.0,0.9598692033293698
P_1-1-pt_3858,P_1-1-pt_98,321.5000000000046,6728.0,0.9598692033293698
P_1-1-pt_3858,P_1-1-pt_3671,417.9000000000265,6728.0,0.9598692033293698
P_1-1-pt_3858,P_1-1-pt_4736,104.29999999999835,6728.0,0.9598692033293698
P_1-1-pt_3858,P_2-1_63,129.59999999999692,6728.0,0.9598692033293698
P_1-1-pt_3858,P_1-2_1612,267.99999999999244,6728.0,0.9598692033293698
P_1-1-pt_3858,P_1-1-pt_2880,510.2000000000475,6728.0,0.9598692033293698
P_1-1-pt_3858,P_1-2_1255,52.70000000000048,6728.0,0.9598692033293698
P_1-1-pt_3858,P_1-3_3245,50.300000000000445,6728.0,0.9598692033293698
P_1-1-pt_3858,P_1-2_250,55.40000000000052,6728.0,0.9598692033293698
P_1-1-pt_3858,P_2-1_5419,72.80000000000014,6728.0,0.9598692033293698
P_1-1-pt_3858,P_1-2_4483,94.6999999999989,6728.0,0.9598692033293698
P_1-1-pt_3858,P_1-1-pt_6743,78.29999999999983,6728.0,0.9598692033293698
P_1-1-pt_3858,P_1-1-veh_610,55.10000000000051,6728.0,0.9598692033293698
P_1-1-pt_3858,P_1-1-pt_7915,272.89999999999355,6728.0,0.9598692033293698
P_1-1-pt_3858,P_1-1-pt_7208,556.500000000058,6728.0,0.9598692033293698
P_1-1-pt_3858,P_1-1-pt_5999,115.49999999999771,6728.0,0.9598692033293698
P_1-1-pt_3858,P_1-2_5543,58.40000000000056,6728.0,0.9598692033293698
P_1-1-pt_3858,P_1-1-pt_3207,64.6000000000006,6728.0,0.9598692033293698
P_1-1-pt_3858,P_1-1-pt_1497,60.60000000000059,6728.0,0.9598692033293698
P_1-1-pt_3858,P_1-2_303,54.500000000000504,6728.0,0.9598692033293698
P_1-2_1640,P_1-3_5117,53.30000000000049,6722.0,1.0
P_1-2_1640,P_1-2_2183,52.90000000000048,6722.0,1.0
P_1-2_1640,P_1-3_4822,53.50000000000049,6722.0,1.0
P_1-2_1640,P_1-2_315,53.40000000000049,6722.0,1.0
P_1-2_1640,P_1-2_1219,53.40000000000049,6722.0,1.0
P_1-2_1640,P_1-2_5437,53.30000000000049,6722.0,1.0
P_1-2_1640,P_1-2_3752,53.30000000000049,6722.0,1.0
P_1-2_1640,P_1-2_4270,53.30000000000049,6722.0,1.0
P_1-2_1640,P_1-1-pt_8611,14.299999999999965,6722.0,1.0
P_1-2_1640,P_1-1-pt_5997,35.30000000000023,6722.0,1.0
P_1-2_1640,P_1-1-pt_394,42.80000000000034,6722.0,1.0
P_1-2_1640,P_1-1-pt_4541,42.90000000000034,6722.0,1.0
P_1-2_1640,P_1-3_4124,36.40000000000025,6722.0,1.0
P_1-2_1640,P_1-3_2421,33.90000000000021,6722.0,1.0
P_1-2_1640,P_1-1-pt_725,38.10000000000027,6722.0,1.0
P_1-2_1640,P_1-2_5641,2661.6999999986747,6722.0,1.0
P_1-2_4715,P_1-2_171,40.400000000000304,6720.0,1.0
P_1-2_4715,P_1-2_4285,51.60000000000046,6720.0,1.0
P_1-2_4715,P_1-1-pt_4380,26.1000000000001,6720.0,1.0
P_1-2_4715,P_1-1-pt_1601,26.1000000000001,6720.0,1.0
P_1-2_4715,P_1-1-pt_2844,11.499999999999975,6720.0,1.0
P_1-2_4715,P_1-1-pt_3931,54.90000000000051,6720.0,1.0
P_1-2_4715,P_2-1_6236,35.80000000000024,6720.0,1.0
P_1-2_4715,P_1-2_1948,35.70000000000024,6720.0,1.0
P_1-2_4715,P_1-3_5550,23.20000000000006,6720.0,1.0
P_1-2_4715,P_2-1_5799,21.20000000000003,6720.0,1.0
P_1-2_4715,P_1-3_4492,26.300000000000104,6720.0,1.0
P_1-2_4715,P_1-3_2528,26.200000000000102,6720.0,1.0
P_1-2_4715,P_1-1-pt_3353,58.20000000000056,6720.0,1.0
P_1-2_4715,P_2-1_2911,25.700000000000095,6720.0,1.0
P_1-2_4715,P_1-1-pt_2425,38.300000000000274,6720.0,1.0
P_1-2_4715,P_1-2_1285,29.60000000000015,6720.0,1.0
P_1-2_4715,P_2-1_842,34.800000000000225,6720.0,1.0
P_1-2_4715,P_1-3_5451,45.00000000000037,6720.0,1.0
P_1-2_4715,P_1-3_1140,21.400000000000034,6720.0,1.0
P_1-2_4715,P_1-2_4955,35.10000000000023,6720.0,1.0
P_1-2_4715,P_1-2_2061,34.800000000000225,6720.0,1.0
P_1-2_4715,P_1-1-pt_2342,230.99999999999116,6720.0,1.0
P_1-2_4715,P_1-1-pt_3800,68.80000000000037,6720.0,1.0
P_1-2_4715,P_2-1_4930,20.100000000000016,6720.0,1.0
P_1-2_752,P_1-3_3339,2943.699999998418,6709.0,1.0
P_1-2_752,P_1-1-pt_5999,105.69999999999827,6709.0,1.0
P_1-2_752,P_1-2_163,59.80000000000058,6709.0,1.0
P_1-2_752,P_2-1_5067,38.70000000000028,6709.0,1.0
P_1-2_752,P_1-2_1658,58.30000000000056,6709.0,1.0
P_1-2_752,P_2-1_1724,106.49999999999822,6709.0,1.0
P_1-2_752,P_2-1_4267,95.29999999999886,6709.0,1.0
P_1-2_752,P_2-1_3390,51.700000000000465,6709.0,1.0
P_1-3_5117,P_1-2_1640,53.30000000000049,6709.0,1.0
P_1-3_5117,P_1-2_5641,53.30000000000049,6709.0,1.0
P_1-3_5117,P_1-2_2598,53.30000000000049,6709.0,1.0
P_1-3_5117,P_1-2_4098,53.40000000000049,6709.0,1.0
P_1-3_5117,P_1-2_1025,53.30000000000049,6709.0,1.0
P_1-3_5117,P_1-3_547,53.30000000000049,6709.0,1.0
P_1-3_5117,P_1-1-pt_2718,51.40000000000046,6709.0,1.0
P_1-3_5117,P_1-3_2881,53.900000000000496,6709.0,1.0
P_1-3_5117,P_1-1-veh_603,53.30000000000049,6709.0,1.0
P_1-3_5117,P_1-2_1600,53.200000000000486,6709.0,1.0
P_1-3_5117,P_1-1-pt_6309,50.80000000000045,6709.0,1.0
P_1-3_5117,P_1-1-pt_8692,50.70000000000045,6709.0,1.0
P_1-3_5117,P_1-1-veh_459,53.200000000000486,6709.0,1.0
P_1-3_5117,P_1-1-pt_8611,50.50000000000045,6709.0,1.0
P_1-3_5117,P_1-1-pt_5997,64.7000000000006,6709.0,1.0
P_1-3_5117,P_1-1-pt_394,50.80000000000045,6709.0,1.0
P_1-3_5117,P_1-1-pt_4541,50.90000000000045,6709.0,1.0
P_1-3_5117,P_1-3_4124,53.100000000000485,6709.0,1.0
P_1-3_5117,P_1-3_2421,53.100000000000485,6709.0,1.0
P_1-3_5117,P_1-1-pt_725,51.000000000000455,6709.0,1.0
P_1-3_5117,P_1-2_171,247.39999999999023,6709.0,1.0
P_1-3_5117,P_1-2_4285,230.2999999999912,6709.0,1.0
P_1-3_17,P_1-1-pt_7142,58.50000000000056,6707.0,1.0
P_1-3_17,P_1-1-pt_6538,147.89999999999588,6707.0,1.0
P_1-3_17,P_1-2_168,6.499999999999993,6707.0,1.0
P_1-3_17,P_1-2_3488,63.40000000000063,6707.0,1.0
P_1-3_17,P_1-2_4464,56.600000000000534,6707.0,1.0
P_1-3_17,P_1-3_3579,55.10000000000051,6707.0,1.0
P_1-1-pt_1108,P_1-1-pt_494,97.79999999999872,6696.0,1.0
P_1-1-pt_1108,P_1-1-pt_2162,93.89999999999894,6696.0,1.0
P_1-1-pt_1108,P_1-1-pt_1560,97.19999999999875,6696.0,1.0
P_1-1-pt_1108,P_1-1-pt_2606,69.50000000000033,6696.0,1.0
P_1-1-pt_1108,P_1-1-pt_1966,60.800000000000594,6696.0,1.0
P_1-1-pt_1108,P_1-1-pt_5906,61.500000000000604,6696.0,1.0
P_1-1-pt_1108,P_1-1-pt_1238,61.70000000000061,6696.0,1.0
P_1-1-pt_1108,P_1-1-pt_3916,61.600000000000605,6696.0,1.0
P_1-1-pt_1108,P_1-1-pt_2834,45.80000000000038,6696.0,1.0
P_1-1-pt_1108,P_1-1-veh_792,76.39999999999993,6696.0,1.0
P_1-1-pt_1108,P_1-1-pt_5897,55.200000000000514,6696.0,1.0
P_1-1-pt_1108,P_1-1-pt_3769,54.600000000000506,6696.0,1.0
P_1-1-pt_1108,P_1-1-pt_4671,56.40000000000053,6696.0,1.0
P_1-1-pt_1108,P_1-1-pt_1270,60.70000000000059,6696.0,1.0
P_1-1-pt_1108,P_1-1-pt_4919,61.3000000000006,6696.0,1.0
P_1-1-pt_1108,P_1-1-pt_1304,121.29999999999738,6696.0,1.0
P_1-1-pt_1108,P_1-1-veh_105,305.00000000000085,6696.0,1.0
P_1-1-pt_1108,P_1-1-pt_1226,764.6000000001053,6696.0,1.0
P_1-1-pt_1108,P_1-1-pt_6779,211.49999999999227,6696.0,1.0
P_1-1-pt_1108,P_1-2_2554,259.4999999999905,6696.0,1.0
P_1-1-pt_1108,P_1-2_1203,352.3000000000116,6696.0,1.0
P_1-1-pt_1108,P_2-1_3764,44.40000000000036,6696.0,1.0
P_1-1-pt_1108,P_2-1_2925,44.50000000000036,6696.0,1.0
P_1-1-pt_1108,P_1-1-pt_8137,60.70000000000059,6696.0,1.0
P_1-1-pt_1108,P_2-1_63,22.700000000000053,6696.0,1.0
P_1-1-pt_1108,P_1-1-pt_6389,24.60000000000008,6696.0,1.0
P_1-1-pt_1560,P_1-1-veh_767,29.900000000000155,6694.0,1.0
P_1-1-pt_1560,P_1-1-pt_7763,356.3000000000125,6694.0,1.0
P_1-1-pt_1560,P_1-1-pt_255,61.1000000000006,6694.0,1.0
P_1-1-pt_1560,P_1-1-pt_1108,97.19999999999875,6694.0,1.0
P_1-1-pt_1560,P_1-1-pt_494,50.20000000000044,6694.0,1.0
P_1-1-pt_1560,P_1-1-pt_2162,49.80000000000044,6694.0,1.0
P_1-1-pt_1560,P_1-1-pt_5897,61.70000000000061,6694.0,1.0
P_1-1-pt_1560,P_1-1-pt_4671,63.700000000000635,6694.0,1.0
P_1-1-pt_1560,P_1-1-pt_1270,61.80000000000061,6694.0,1.0
P_1-1-pt_1560,P_1-1-pt_4919,61.2000000000006,6694.0,1.0
P_1-1-pt_1560,P_1-1-pt_1304,62.40000000000062,6694.0,1.0
P_1-1-pt_1560,P_1-1-pt_7863,61.1000000000006,6694.0,1.0
P_1-1-pt_1560,P_1-2_1017,19.70000000000001,6694.0,1.0
P_1-1-pt_1560,P_1-1-pt_5193,61.600000000000605,6694.0,1.0
P_1-1-pt_1560,P_1-1-pt_7325,62.300000000000615,6694.0,1.0
P_1-1-pt_1560,P_1-1-pt_8137,62.300000000000615,6694.0,1.0
P_1-1-pt_1560,P_1-1-pt_8762,62.40000000000062,6694.0,1.0
P_1-1-pt_1560,P_1-1-pt_1138,63.10000000000063,6694.0,1.0
P_1-1-pt_1560,P_1-1-pt_3275,2077.599999999206,6694.0,1.0
P_1-1-pt_1560,P_1-1-pt_5298,152.09999999999565,6694.0,1.0
P_1-1-pt_1560,P_1-1-pt_7732,91.0999999999991,6694.0,1.0
P_1-1-pt_2606,P_1-1-veh_105,50.90000000000045,6687.0,1.0
P_1-1-pt_2606,P_1-3_3834,57.20000000000054,6687.0,1.0
P_1-1-pt_2606,P_1-1-veh_234,133.99999999999667,6687.0,1.0
P_1-1-pt_2606,P_1-3_1785,35.80000000000024,6687.0,1.0
P_1-1-pt_2606,P_1-1-pt_3067,692.800000000089,6687.0,1.0
P_1-1-pt_2606,P_1-3_528,437.80000000003105,6687.0,1.0
P_1-1-pt_2606,P_1-2_303,53.200000000000486,6687.0,1.0
P_1-1-pt_2606,P_1-1-pt_6031,62.50000000000062,6687.0,1.0
P_1-1-pt_2606,P_1-1-pt_255,61.80000000000061,6687.0,1.0
P_1-1-pt_2606,P_1-1-pt_1108,69.50000000000033,6687.0,1.0
P_1-1-pt_2606,P_1-1-pt_3769,61.0000000000006,6687.0,1.0
P_1-1-pt_2606,P_1-1-pt_8545,60.200000000000585,6687.0,1.0
P_1-1-pt_2606,P_1-3_1737,58.100000000000556,6687.0,1.0
P_1-1-pt_2606,P_1-3_3536,64.7000000000006,6687.0,1.0
P_1-1-pt_2606,P_1-3_5123,45.00000000000037,6687.0,1.0
P_1-1-pt_2606,P_1-1-pt_1121,61.3000000000006,6687.0,1.0
P_1-1-pt_2606,P_1-1-pt_977,1090.100000000104,6687.0,1.0
P_1-1-pt_2606,P_1-2_2875,80.29999999999971,6687.0,1.0
P_1-1-pt_3769,P_1-1-pt_6368,83.59999999999953,6686.0,1.0
P_1-1-pt_3769,P_1-1-pt_2606,61.0000000000006,6686.0,1.0
P_1-1-pt_3769,P_1-1-pt_5906,61.2000000000006,6686.0,1.0
P_1-1-pt_3769,P_1-1-pt_1238,61.80000000000061,6686.0,1.0
P_1-1-pt_3769,P_1-1-pt_3916,63.600000000000634,6686.0,1.0
P_1-1-pt_3769,P_1-1-pt_1108,54.600000000000506,6686.0,1.0
P_1-1-pt_3769,P_1-1-pt_1226,61.3000000000006,6686.0,1.0
P_1-1-pt_3769,P_1-1-pt_3409,58.800000000000566,6686.0,1.0
P_1-1-pt_3769,P_1-1-pt_3624,59.10000000000057,6686.0,1.0
P_1-1-pt_3769,P_1-1-veh_792,229.09999999999127,6686.0,1.0
P_1-1-pt_3769,P_1-1-pt_4671,177.4999999999942,6686.0,1.0
P_1-1-pt_3769,P_2-1_3764,55.40000000000052,6686.0,1.0
P_1-1-pt_3769,P_2-1_2925,54.90000000000051,6686.0,1.0
P_1-1-pt_3769,P_1-1-pt_1473,76.59999999999992,6686.0,1.0
P_1-1-pt_3769,P_1-1-pt_6297,83.69999999999952,6686.0,1.0
P_1-1-pt_3769,P_1-1-pt_5897,2289.699999999013,6686.0,1.0
P_1-1-pt_3769,P_1-1-pt_4919,70.30000000000028,6686.0,1.0
P_1-1-pt_8692,P_1-1-pt_530,45.20000000000037,6684.0,1.0
P_1-1-pt_8692,P_1-1-pt_7664,89.09999999999921,6684.0,1.0
P_1-1-pt_8692,P_1-2_5252,50.90000000000045,6684.0,1.0
P_1-1-pt_8692,P_1-3_2280,52.00000000000047,6684.0,1.0
P_1-1-pt_8692,P_1-3_5117,50.70000000000045,6684.0,1.0
P_1-1-pt_8692,P_1-2_2183,51.100000000000456,6684.0,1.0
P_1-1-pt_8692,P_1-1-pt_3595,37.600000000000264,6684.0,1.0
P_1-1-pt_8692,P_1-3_5537,51.40000000000046,6684.0,1.0
P_1-1-pt_8692,P_1-1-veh_459,6677.000000006759,6684.0,1.0
P_1-3_2187,P_1-3_2374,53.70000000000049,6683.0,1.0
P_1-3_2187,P_2-1_4811,203.8999999999927,6683.0,1.0
P_1-3_2187,P_1-2_5288,42.20000000000033,6683.0,1.0
P_1-2_2237,P_2-1_3944,40.1000000000003,6682.0,1.0
P_1-2_2237,P_1-2_3488,113.39999999999783,6682.0,1.0
P_1-2_2237,P_1-1-pt_2129,107.99999999999814,6682.0,1.0
P_1-2_2237,P_1-1-pt_1039,107.99999999999814,6682.0,1.0
P_1-2_2237,P_1-1-pt_5275,107.99999999999814,6682.0,1.0
P_1-2_2237,P_1-1-pt_1700,109.79999999999804,6682.0,1.0
P_1-2_2237,P_1-3_3135,67.70000000000043,6682.0,1.0
P_1-2_2237,P_1-2_4791,65.00000000000058,6682.0,1.0
P_2-1_3376,P_1-2_2229,829.0000000001199,6681.0,0.6946564885496184
P_2-1_3376,P_2-1_5435,823.8000000001188,6681.0,0.6946564885496184
P_2-1_3376,P_2-1_4331,822.9000000001186,6681.0,0.6946564885496184
P_2-1_3376,P_1-2_3908,796.7000000001126,6681.0,0.6946564885496184
P_2-1_3376,P_1-2_4607,766.8000000001058,6681.0,0.6946564885496184
P_2-1_3376,P_1-1-pt_7104,2858.299999998496,6681.0,0.6946564885496184
P_2-1_3376,P_1-2_4886,767.600000000106,6681.0,0.6946564885496184
P_2-1_3376,P_2-1_6256,1593.4999999996462,6681.0,0.6946564885496184
P_2-1_3376,P_1-2_2030,6255.400000005226,6681.0,0.6946564885496184
P_1-1-pt_3927,P_1-2_4208,50.20000000000044,6679.0,1.0
P_1-1-pt_3927,P_1-1-pt_494,295.69999999999874,6679.0,1.0
P_1-1-pt_3927,P_1-1-pt_4671,58.100000000000556,6679.0,1.0
P_1-1-pt_3927,P_1-1-pt_8762,65.50000000000055,6679.0,1.0
P_1-1-pt_3927,P_1-1-pt_5298,95.89999999999883,6679.0,1.0
P_1-1-pt_3927,P_1-3_5334,1828.1999999994327,6679.0,1.0
P_1-1-pt_3927,P_1-1-pt_5115,56.10000000000053,6679.0,1.0
P_1-1-pt_3927,P_1-1-pt_6368,96.2999999999988,6679.0,1.0
P_1-1-pt_3927,P_1-1-pt_1306,62.80000000000062,6679.0,1.0
P_1-1-pt_3927,P_1-2_3052,97.39999999999874,6679.0,1.0
P_1-1-pt_3927,P_1-2_3413,96.99999999999876,6679.0,1.0
P_1-1-pt_3927,P_1-1-pt_1037,63.40000000000063,6679.0,1.0
P_1-1-pt_3927,P_1-1-pt_5324,59.00000000000057,6679.0,1.0
P_1-1-pt_3927,P_2-1_2045,38.300000000000274,6679.0,1.0
P_1-1-veh_459,P_1-1-pt_530,49.20000000000043,6678.0,0.7488769092542678
P_1-1-veh_459,P_1-1-pt_7664,101.89999999999849,6678.0,0.7488769092542678
P_1-1-veh_459,P_1-2_5252,53.30000000000049,6678.0,0.7488769092542678
P_1-1-veh_459,P_1-3_2280,56.50000000000053,6678.0,0.7488769092542678
P_1-1-veh_459,P_1-3_5117,53.200000000000486,6678.0,0.7488769092542678
P_1-1-veh_459,P_1-2_2183,53.900000000000496,6678.0,0.7488769092542678
P_1-1-veh_459,P_1-1-pt_3595,26.200000000000102,6678.0,0.7488769092542678
P_1-1-veh_459,P_1-3_5537,53.900000000000496,6678.0,0.7488769092542678
P_1-1-veh_459,P_1-1-pt_8692,6677.000000006759,6678.0,0.7488769092542678
P_1-1-veh_459,P_1-1-pt_8611,1475.1999999997538,6678.0,0.7488769092542678
P_2-1_4930,P_2-1_4232,152.8999999999956,6676.0,1.0
P_2-1_4930,P_1-3_5354,49.700000000000436,6676.0,1.0
P_2-1_4930,P_1-3_5451,54.600000000000506,6676.0,1.0
P_2-1_4930,P_1-1-pt_8085,61.4000000000006,6676.0,1.0
P_2-1_4930,P_1-3_1140,57.00000000000054,6676.0,1.0
P_2-1_4930,P_1-2_4955,253.1999999999899,6676.0,1.0
P_2-1_4930,P_1-1-pt_4785,66.60000000000049,6676.0,1.0
P_2-1_4930,P_1-2_4715,20.100000000000016,6676.0,1.0
P_1-3_5123,P_1-1-pt_2808,50.90000000000045,6674.0,1.0
P_1-3_5123,P_1-1-pt_1121,56.50000000000053,6674.0,1.0
P_1-3_5123,P_1-1-pt_977,80.19999999999972,6674.0,1.0
P_1-3_5123,P_1-1-pt_2606,45.00000000000037,6674.0,1.0
P_1-3_5123,P_1-2_2875,104.69999999999833,6674.0,1.0
P_1-3_5123,P_1-3_3536,4939.000000000437,6674.0,1.0
P_1-2_829,P_1-1-pt_6358,925.6000000001419,6668.0,1.0
P_1-2_829,P_2-1_4232,53.200000000000486,6668.0,1.0
P_1-2_829,P_1-1-pt_6516,55.300000000000516,6668.0,1.0
P_1-1-pt_1329,P_2-1_2925,61.4000000000006,6666.0,1.0
P_1-1-pt_1329,P_1-1-pt_3489,180.59999999999403,6666.0,1.0
P_1-1-pt_1329,P_2-1_5419,57.90000000000055,6666.0,1.0
P_2-1_6274,P_1-3_4944,491.6000000000433,6666.0,1.0
P_2-1_6274,P_1-3_2278,111.09999999999796,6666.0,1.0
P_2-1_6256,P_1-2_2030,794.8000000001122,6665.0,1.0
P_2-1_6256,P_2-1_5435,1814.8999999994448,6665.0,1.0
P_2-1_6256,P_2-1_4331,836.2000000001216,6665.0,1.0
P_2-1_6256,P_1-2_2229,802.6000000001139,6665.0,1.0
P_2-1_6256,P_1-2_3908,2433.999999998882,6665.0,1.0
P_2-1_6256,P_1-2_4607,767.2000000001059,6665.0,1.0
P_2-1_6256,P_1-1-pt_7104,708.1000000000925,6665.0,1.0
P_2-1_6256,P_1-2_4886,763.300000000105,6665.0,1.0
P_2-1_6256,P_2-1_3376,1593.4999999996462,6665.0,1.0
P_1-1-pt_521,P_1-1-pt_5167,866.8000000001285,6656.0,0.6754807692307693
P_1-1-pt_521,P_1-1-pt_1747,865.3000000001282,6656.0,0.6754807692307693
P_1-1-pt_521,P_1-1-pt_3858,55.40000000000052,6656.0,0.6754807692307693
P_1-1-pt_521,P_1-1-pt_4879,147.3999999999959,6656.0,0.6754807692307693
P_1-1-pt_521,P_1-1-pt_6974,462.00000000003655,6656.0,0.6754807692307693
P_1-1-pt_521,P_1-1-pt_8280,240.19999999999064,6656.0,0.6754807692307693
P_1-1-pt_521,P_1-1-pt_6743,176.89999999999424,6656.0,0.6754807692307693
P_1-1-pt_521,P_1-1-pt_2880,238.29999999999075,6656.0,0.6754807692307693
P_1-1-pt_521,P_1-1-pt_4262,23.90000000000007,6656.0,0.6754807692307693
P_1-1-pt_521,P_1-1-pt_3207,276.1999999999943,6656.0,0.6754807692307693
P_1-1-pt_521,P_1-1-pt_2369,71.8000000000002,6656.0,0.6754807692307693
P_1-1-pt_521,P_1-1-pt_571,119.79999999999747,6656.0,0.6754807692307693
P_1-1-pt_521,P_1-1-pt_3230,125.19999999999716,6656.0,0.6754807692307693
P_1-1-pt_521,P_1-1-pt_3671,800.5000000001135,6656.0,0.6754807692307693
P_1-1-pt_521,P_1-1-pt_98,588.7000000000653,6656.0,0.6754807692307693
P_1-1-pt_521,P_1-1-pt_1497,440.10000000003157,6656.0,0.6754807692307693
P_1-1-pt_521,P_1-1-pt_5666,124.29999999999721,6656.0,0.6754807692307693
P_1-1-pt_521,P_1-1-pt_2920,69.50000000000033,6656.0,0.6754807692307693
P_1-1-pt_521,P_1-2_4940,51.100000000000456,6656.0,0.6754807692307693
P_1-1-pt_521,P_1-1-veh_610,57.20000000000054,6656.0,0.6754807692307693
P_1-1-pt_521,P_1-1-pt_7915,68.3000000000004,6656.0,0.6754807692307693
P_1-1-pt_521,P_1-1-pt_7573,60.70000000000059,6656.0,0.6754807692307693
P_1-1-pt_521,P_1-1-veh_767,57.00000000000054,6656.0,0.6754807692307693
P_1-1-pt_521,P_1-1-pt_2013,67.30000000000045,6656.0,0.6754807692307693
P_1-1-pt_521,P_1-2_303,57.00000000000054,6656.0,0.6754807692307693
P_1-2_1063,P_2-1_4127,45.00000000000037,6656.0,1.0
P_1-2_1063,P_2-1_3119,53.60000000000049,6656.0,1.0
P_1-2_1063,P_1-3_4644,53.50000000000049,6656.0,1.0
P_1-2_1063,P_2-1_2486,51.700000000000465,6656.0,1.0
P_1-2_1063,P_2-1_3601,53.900000000000496,6656.0,1.0
P_1-3_2043,P_1-2_4753,4809.499999999965,6656.0,0.8643329326923077
P_1-3_2043,P_1-3_80,13.199999999999969,6656.0,0.8643329326923077
P_1-3_2043,P_1-2_3608,26.200000000000102,6656.0,0.8643329326923077
P_1-3_2043,P_1-3_743,26.1000000000001,6656.0,0.8643329326923077
P_1-3_2043,P_1-3_2599,25.100000000000087,6656.0,0.8643329326923077
P_1-3_2043,P_1-2_5745,25.000000000000085,6656.0,0.8643329326923077
P_1-3_2043,P_1-2_4266,25.40000000000009,6656.0,0.8643329326923077
P_1-3_2043,P_1-1-pt_6516,19.500000000000007,6656.0,0.8643329326923077
P_1-3_2043,P_1-3_1535,25.200000000000088,6656.0,0.8643329326923077
P_1-1-pt_2369,P_1-1-pt_8280,74.00000000000007,6654.0,1.0
P_1-1-pt_2369,P_1-1-pt_3207,67.10000000000046,6654.0,1.0
P_1-1-pt_2369,P_1-1-pt_4879,219.09999999999184,6654.0,1.0
P_1-1-pt_2369,P_1-1-pt_6743,365.20000000001454,6654.0,1.0
P_1-1-pt_2369,P_1-1-pt_4736,228.3999999999913,6654.0,1.0
P_1-1-pt_2369,P_1-1-pt_2880,60.00000000000058,6654.0,1.0
P_1-1-pt_2369,P_1-1-pt_571,224.59999999999152,6654.0,1.0
P_1-1-pt_2369,P_1-1-pt_3230,225.69999999999146,6654.0,1.0
P_1-1-pt_2369,P_1-1-pt_521,71.8000000000002,6654.0,1.0
P_1-1-pt_2369,P_1-2_4940,22.000000000000043,6654.0,1.0
P_1-1-pt_2369,P_1-2_1255,59.90000000000058,6654.0,1.0
P_1-1-pt_2369,P_2-1_5419,41.40000000000032,6654.0,1.0
P_1-1-pt_2369,P_1-1-pt_5167,58.700000000000564,6654.0,1.0
P_1-1-pt_2369,P_1-1-pt_1497,128.69999999999698,6654.0,1.0
P_1-1-pt_2369,P_1-1-pt_7573,57.50000000000055,6654.0,1.0
P_1-1-pt_2369,P_1-1-veh_767,10.19999999999998,6654.0,1.0
P_1-1-pt_2369,P_1-1-pt_2013,55.50000000000052,6654.0,1.0
P_1-1-pt_2369,P_1-1-pt_2297,104.69999999999833,6654.0,1.0
P_1-1-pt_7664,P_1-1-pt_4879,62.200000000000614,6652.0,1.0
P_1-1-pt_7664,P_1-1-pt_8692,89.09999999999921,6652.0,1.0
P_1-1-pt_7664,P_1-1-veh_459,101.89999999999849,6652.0,1.0
P_1-1-pt_7664,P_1-2_104,76.39999999999993,6652.0,1.0
P_1-1-pt_7664,P_1-1-pt_527,44.90000000000037,6652.0,1.0
P_1-1-pt_7664,P_1-2_4962,49.30000000000043,6652.0,1.0
P_1-1-pt_7664,P_1-2_2543,58.30000000000056,6652.0,1.0
P_1-1-pt_7664,P_1-1-pt_3386,94.89999999999888,6652.0,1.0
P_1-1-pt_7664,P_1-2_671,161.99999999999508,6652.0,1.0
P_1-1-pt_7664,P_1-1-pt_3512,174.39999999999438,6652.0,1.0
P_1-3_4168,P_1-3_2323,53.200000000000486,6652.0,1.0
P_1-3_4168,P_1-1-pt_7760,57.80000000000055,6652.0,1.0
P_1-3_4168,P_1-2_1596,244.4999999999904,6652.0,1.0
P_1-3_4168,P_1-3_3494,166.59999999999482,6652.0,1.0
P_1-3_4168,P_1-2_3081,2285.499999999017,6652.0,1.0
P_1-3_4168,P_1-1-veh_105,53.40000000000049,6652.0,1.0
P_1-3_4168,P_1-2_2554,53.30000000000049,6652.0,1.0
P_1-3_4168,P_1-2_3389,53.40000000000049,6652.0,1.0
P_1-3_4168,P_1-1-pt_1714,54.80000000000051,6652.0,1.0
P_1-3_4168,P_1-2_4734,112.49999999999788,6652.0,1.0
P_1-3_4168,P_1-3_2454,55.900000000000524,6652.0,1.0
P_1-3_4168,P_1-2_4206,56.000000000000526,6652.0,1.0
P_1-3_4168,P_1-3_1500,56.10000000000053,6652.0,1.0
P_1-3_4168,P_1-3_3901,55.900000000000524,6652.0,1.0
P_1-3_4168,P_1-2_1420,56.10000000000053,6652.0,1.0
P_1-3_4168,P_1-3_228,55.900000000000524,6652.0,1.0
P_1-3_4168,P_1-3_3834,56.000000000000526,6652.0,1.0
P_1-3_4168,P_1-3_3776,56.000000000000526,6652.0,1.0
P_1-3_4168,P_2-1_2161,56.10000000000053,6652.0,1.0
P_1-3_4168,P_1-2_3280,56.20000000000053,6652.0,1.0
P_1-3_4168,P_1-3_3046,56.10000000000053,6652.0,1.0
P_1-3_4168,P_1-3_3457,56.10000000000053,6652.0,1.0
P_1-3_4168,P_1-3_2053,55.900000000000524,6652.0,1.0
P_1-3_1500,P_1-2_4734,223.99999999999156,6651.0,1.0
P_1-3_1500,P_1-2_4206,1141.800000000057,6651.0,1.0
P_1-3_1500,P_1-3_3901,223.1999999999916,6651.0,1.0
P_1-3_1500,P_1-2_1420,224.59999999999152,6651.0,1.0
P_1-3_1500,P_1-3_228,223.4999999999916,6651.0,1.0
P_1-3_1500,P_1-3_3776,223.59999999999158,6651.0,1.0
P_1-3_1500,P_2-1_2161,223.59999999999158,6651.0,1.0
P_1-3_1500,P_1-3_874,111.29999999999795,6651.0,1.0
P_1-3_1500,P_1-3_2454,111.79999999999792,6651.0,1.0
P_1-3_1500,P_1-2_2287,12.79999999999997,6651.0,1.0
P_1-3_1500,P_1-3_3834,111.59999999999793,6651.0,1.0
P_1-3_1500,P_1-2_3280,111.59999999999793,6651.0,1.0
P_1-3_1500,P_1-3_3046,111.79999999999792,6651.0,1.0
P_1-3_1500,P_1-3_3457,111.99999999999791,6651.0,1.0
P_1-3_1500,P_1-3_4168,56.10000000000053,6651.0,1.0
P_1-3_1500,P_1-3_2053,55.80000000000052,6651.0,1.0
P_1-3_4954,P_1-2_573,983.300000000155,6643.0,1.0
P_1-3_4954,P_1-3_2018,205.19999999999263,6643.0,1.0
P_1-3_4954,P_1-1-pt_5241,50.70000000000045,6643.0,1.0
P_1-3_4954,P_1-2_5210,683.5000000000869,6643.0,1.0
P_1-3_4954,P_1-2_4634,123.09999999999728,6643.0,1.0
P_1-3_4954,P_1-3_4775,110.99999999999797,6643.0,1.0
P_1-3_4954,P_1-3_2410,112.2999999999979,6643.0,1.0
P_1-3_4954,P_1-3_3253,113.09999999999785,6643.0,1.0
P_1-3_4954,P_1-3_2633,139.29999999999637,6643.0,1.0
P_1-3_4954,P_1-2_3693,56.10000000000053,6643.0,1.0
P_1-3_4954,P_1-3_4875,70.0000000000003,6643.0,1.0
P_1-3_4954,P_1-3_3410,58.50000000000056,6643.0,1.0
P_1-1-pt_4879,P_1-1-pt_7664,62.200000000000614,6641.0,1.0
P_1-1-pt_4879,P_1-1-pt_3858,116.29999999999767,6641.0,1.0
P_1-1-pt_4879,P_1-1-pt_6974,387.0000000000195,6641.0,1.0
P_1-1-pt_4879,P_1-1-pt_521,147.3999999999959,6641.0,1.0
P_1-1-pt_4879,P_1-1-pt_2013,403.6000000000233,6641.0,1.0
P_1-1-pt_4879,P_1-1-pt_3409,78.99999999999979,6641.0,1.0
P_1-1-pt_4879,P_1-1-pt_3207,148.59999999999584,6641.0,1.0
P_1-1-pt_4879,P_1-1-pt_98,207.1999999999925,6641.0,1.0
P_1-1-pt_4879,P_1-1-pt_1497,207.69999999999249,6641.0,1.0
P_1-1-pt_4879,P_1-1-pt_3671,341.90000000000924,6641.0,1.0
P_1-1-pt_4879,P_1-1-pt_2369,219.09999999999184,6641.0,1.0
P_1-1-pt_4879,P_1-1-pt_6743,121.99999999999734,6641.0,1.0
P_1-1-pt_4879,P_1-1-pt_1747,77.69999999999986,6641.0,1.0
P_1-1-pt_4879,P_1-1-pt_5167,92.899999999999,6641.0,1.0
P_1-1-pt_4879,P_1-1-pt_2880,87.69999999999929,6641.0,1.0
P_1-1-pt_4879,P_2-1_2925,57.20000000000054,6641.0,1.0
P_1-1-pt_4879,P_2-1_63,102.59999999999845,6641.0,1.0
P_1-1-pt_4879,P_1-2_1612,83.09999999999955,6641.0,1.0
P_1-1-pt_4879,P_1-2_1255,51.800000000000466,6641.0,1.0
P_1-1-pt_4879,P_1-1-pt_5666,164.79999999999492,6641.0,1.0
P_1-1-pt_4879,P_1-3_3245,14.999999999999963,6641.0,1.0
P_1-1-pt_4879,P_1-1-pt_2920,66.00000000000053,6641.0,1.0
P_1-1-pt_4879,P_1-2_250,52.500000000000476,6641.0,1.0
P_1-1-pt_4879,P_2-1_5419,71.50000000000021,6641.0,1.0
P_1-1-pt_4879,P_1-1-veh_610,111.39999999999795,6641.0,1.0
P_1-1-pt_4879,P_1-1-pt_7915,46.30000000000039,6641.0,1.0
P_1-1-pt_4879,P_1-1-pt_5999,170.99999999999457,6641.0,1.0
P_1-1-pt_4879,P_1-2_303,280.6999999999953,6641.0,1.0
P_1-1-pt_4879,P_1-1-pt_8280,76.09999999999995,6641.0,1.0
P_1-3_1604,P_1-1-pt_6358,188.59999999999357,6640.0,1.0
P_1-3_1604,P_1-3_2171,53.200000000000486,6640.0,1.0
P_1-3_1604,P_1-1-pt_3931,145.39999999999603,6640.0,1.0
P_1-3_1604,P_1-1-pt_2431,96.69999999999878,6640.0,1.0
P_1-1-pt_2529,P_1-2_4791,22.800000000000054,6637.0,1.0
P_1-1-pt_2529,P_1-3_5578,8.499999999999986,6637.0,1.0
P_1-1-pt_2529,P_1-2_6013,54.80000000000051,6637.0,1.0
P_1-1-pt_2529,P_1-2_505,54.80000000000051,6637.0,1.0
P_1-1-pt_2529,P_2-1_2384,54.70000000000051,6637.0,1.0
P_1-1-pt_2529,P_1-1-pt_0,25.000000000000085,6637.0,1.0
P_1-1-pt_2529,P_2-1_2136,64.8000000000006,6637.0,1.0
P_1-1-pt_2529,P_1-1-veh_65,79.69999999999975,6637.0,1.0
P_1-1-pt_2529,P_1-1-pt_8830,507.6000000000469,6637.0,1.0
P_1-1-pt_2529,P_1-1-pt_6931,58.30000000000056,6637.0,1.0
P_2-1_6236,P_1-1-pt_6381,51.20000000000046,6636.0,1.0
P_2-1_6236,P_2-1_5799,53.50000000000049,6636.0,1.0
P_2-1_6236,P_1-2_5927,35.90000000000024,6636.0,1.0
P_2-1_6236,P_1-2_3214,27.700000000000124,6636.0,1.0
P_2-1_6236,P_1-2_4715,35.80000000000024,6636.0,1.0
P_2-1_6236,P_1-2_2653,32.000000000000185,6636.0,1.0
P_2-1_6236,P_1-1-pt_2770,8.299999999999986,6636.0,1.0
P_2-1_6236,P_1-1-pt_6355,32.60000000000019,6636.0,1.0
P_2-1_6236,P_1-2_4454,39.9000000000003,6636.0,1.0
P_2-1_6236,P_1-2_3590,39.20000000000029,6636.0,1.0
P_2-1_6236,P_1-1-pt_8982,32.700000000000195,6636.0,1.0
P_2-1_6236,P_1-1-pt_2863,32.800000000000196,6636.0,1.0
P_2-1_6236,P_1-1-pt_8969,33.0000000000002,6636.0,1.0
P_2-1_6236,P_1-2_4609,103.19999999999841,6636.0,1.0
P_2-1_6236,P_1-2_2338,86.99999999999933,6636.0,1.0
P_2-1_6236,P_1-1-pt_3931,180.39999999999404,6636.0,1.0
P_2-1_6236,P_1-1-pt_2431,60.00000000000058,6636.0,1.0
P_1-2_4791,P_1-1-pt_2529,22.800000000000054,6628.0,1.0
P_1-2_4791,P_1-2_505,27.200000000000117,6628.0,1.0
P_1-2_4791,P_1-2_2715,36.10000000000024,6628.0,1.0
P_1-2_4791,P_1-1-pt_0,8.399999999999986,6628.0,1.0
P_1-2_4791,P_1-3_4666,109.89999999999803,6628.0,1.0
P_1-2_4791,P_1-2_1533,55.300000000000516,6628.0,1.0
P_1-2_4791,P_1-3_5578,56.40000000000053,6628.0,1.0
P_1-2_4791,P_1-3_635,57.60000000000055,6628.0,1.0
P_1-2_4791,P_1-2_2237,65.00000000000058,6628.0,1.0
P_1-2_1255,P_1-1-pt_2770,8.499999999999986,6617.0,1.0
P_1-2_1255,P_1-1-pt_6355,8.299999999999986,6617.0,1.0
P_1-2_1255,P_1-2_4454,41.60000000000032,6617.0,1.0
P_1-2_1255,P_1-3_4262,74.60000000000004,6617.0,1.0
P_1-2_1255,P_1-3_5144,45.300000000000374,6617.0,1.0
P_1-2_1255,P_1-1-pt_8969,8.299999999999986,6617.0,1.0
P_1-2_1255,P_1-1-pt_6974,78.09999999999984,6617.0,1.0
P_1-2_1255,P_1-1-pt_4879,51.800000000000466,6617.0,1.0
P_1-2_1255,P_1-1-pt_3858,52.70000000000048,6617.0,1.0
P_1-2_1255,P_1-1-pt_2369,59.90000000000058,6617.0,1.0
P_1-2_1255,P_1-1-pt_2013,50.70000000000045,6617.0,1.0
P_1-2_1255,P_1-1-pt_7573,18.39999999999999,6617.0,1.0
P_1-2_1255,P_1-1-pt_7208,151.39999999999569,6617.0,1.0
P_1-2_1255,P_1-1-pt_2503,57.20000000000054,6617.0,1.0
P_1-2_1255,P_1-1-pt_6538,90.9999999999991,6617.0,1.0
P_1-2_1255,P_1-2_1596,51.40000000000046,6617.0,1.0
P_1-2_1255,P_1-1-pt_255,17.59999999999998,6617.0,1.0
P_1-2_1255,P_1-1-pt_4919,60.60000000000059,6617.0,1.0
P_1-2_1255,P_1-1-veh_234,52.500000000000476,6617.0,1.0
P_2-1_6130,P_2-1_5067,141.49999999999625,6616.0,1.0
P_2-1_6130,P_1-2_2180,56.50000000000053,6616.0,1.0
P_2-1_6130,P_1-2_3879,54.600000000000506,6616.0,1.0
P_2-1_6130,P_1-1-pt_5999,49.700000000000436,6616.0,1.0
P_2-1_6130,P_2-1_1878,53.40000000000049,6616.0,1.0
P_2-1_6130,P_2-1_1463,67.90000000000042,6616.0,1.0
P_2-1_6130,P_2-1_4788,56.80000000000054,6616.0,1.0
P_2-1_6130,P_2-1_499,58.60000000000056,6616.0,1.0
P_2-1_6130,P_2-1_804,56.000000000000526,6616.0,1.0
P_2-1_6130,P_2-1_213,58.20000000000056,6616.0,1.0
P_2-1_6130,P_1-2_4065,29.800000000000153,6616.0,1.0
P_1-2_4376,P_1-3_1676,103.99999999999837,6613.0,1.0
P_1-2_4376,P_1-2_1494,53.30000000000049,6613.0,1.0
P_1-2_4376,P_1-2_1953,53.30000000000049,6613.0,1.0
P_1-2_4376,P_1-2_2180,53.60000000000049,6613.0,1.0
P_1-2_4376,P_1-3_4262,79.99999999999973,6613.0,1.0
P_1-2_4376,P_2-1_600,48.00000000000041,6613.0,1.0
P_1-2_4376,P_2-1_1463,53.40000000000049,6613.0,1.0
P_1-2_4376,P_2-1_4788,53.50000000000049,6613.0,1.0
P_1-2_4376,P_2-1_499,53.50000000000049,6613.0,1.0
P_1-2_4376,P_2-1_804,53.50000000000049,6613.0,1.0
P_1-2_4376,P_1-3_5144,43.10000000000034,6613.0,1.0
P_1-2_4376,P_2-1_213,55.200000000000514,6613.0,1.0
P_1-2_1715,P_1-1-pt_1296,54.70000000000051,6609.0,1.0
P_1-2_1715,P_1-1-pt_4262,56.600000000000534,6609.0,1.0
P_1-2_1715,P_1-3_2424,13.699999999999967,6609.0,1.0
P_1-2_1715,P_1-3_1571,30.000000000000156,6609.0,1.0
P_1-2_1715,P_1-2_171,47.3000000000004,6609.0,1.0
P_1-2_1715,P_1-2_4285,44.000000000000355,6609.0,1.0
P_2-1_3601,P_2-1_5001,228.19999999999132,6609.0,1.0
P_2-1_3601,P_2-1_2486,170.3999999999946,6609.0,1.0
P_2-1_3601,P_2-1_1248,53.200000000000486,6609.0,1.0
P_2-1_3601,P_1-2_5518,53.30000000000049,6609.0,1.0
P_2-1_3601,P_1-2_1063,53.900000000000496,6609.0,1.0
P_1-2_4208,P_1-1-pt_494,50.20000000000044,6604.0,1.0
P_1-2_4208,P_1-1-pt_3927,50.20000000000044,6604.0,1.0
P_1-2_4208,P_1-1-pt_1298,37.10000000000026,6604.0,1.0
P_1-2_4208,P_1-1-pt_7732,57.400000000000546,6604.0,1.0
P_1-2_4208,P_1-1-pt_5115,56.90000000000054,6604.0,1.0
P_1-2_4208,P_1-1-pt_6368,64.40000000000062,6604.0,1.0
P_1-2_4208,P_1-1-pt_1306,102.59999999999845,6604.0,1.0
P_1-2_4208,P_1-2_3052,58.000000000000554,6604.0,1.0
P_1-2_4208,P_1-2_3413,39.60000000000029,6604.0,1.0
P_1-2_4208,P_1-1-pt_5324,22.100000000000044,6604.0,1.0
P_1-2_4208,P_1-3_3755,5223.2000000014705,6604.0,1.0
P_1-2_3835,P_1-1-pt_4715,50.400000000000446,6603.0,1.0
P_1-2_3835,P_1-2_5640,283.89999999999606,6603.0,1.0
P_1-2_3835,P_1-2_3286,6364.400000005622,6603.0,1.0
P_1-2_5641,P_1-3_5117,53.30000000000049,6582.0,0.7596475235490733
P_1-2_5641,P_1-2_2183,53.40000000000049,6582.0,0.7596475235490733
P_1-2_5641,P_1-2_2598,157.19999999999536,6582.0,0.7596475235490733
P_1-2_5641,P_1-3_4822,53.50000000000049,6582.0,0.7596475235490733
P_1-2_5641,P_1-2_315,53.40000000000049,6582.0,0.7596475235490733
P_1-2_5641,P_1-2_1219,53.40000000000049,6582.0,0.7596475235490733
P_1-2_5641,P_1-2_5437,53.30000000000049,6582.0,0.7596475235490733
P_1-2_5641,P_1-2_3752,53.30000000000049,6582.0,0.7596475235490733
P_1-2_5641,P_1-2_4270,53.30000000000049,6582.0,0.7596475235490733
P_1-2_5641,P_1-1-pt_8611,24.200000000000074,6582.0,0.7596475235490733
P_1-2_5641,P_1-1-pt_5997,30.600000000000165,6582.0,0.7596475235490733
P_1-2_5641,P_1-1-pt_394,41.30000000000032,6582.0,0.7596475235490733
P_1-2_5641,P_1-1-pt_4541,43.00000000000034,6582.0,0.7596475235490733
P_1-2_5641,P_1-3_4124,36.80000000000025,6582.0,0.7596475235490733
P_1-2_5641,P_1-3_2421,36.10000000000024,6582.0,0.7596475235490733
P_1-2_5641,P_1-1-pt_725,40.3000000000003,6582.0,0.7596475235490733
P_1-2_5641,P_1-2_1640,2661.6999999986747,6582.0,0.7596475235490733
P_1-1-pt_977,P_1-2_2875,196.9999999999931,6579.0,1.0
P_1-1-pt_977,P_1-1-pt_6413,49.40000000000043,6579.0,1.0
P_1-1-pt_977,P_1-3_1324,29.900000000000155,6579.0,1.0
P_1-1-pt_977,P_1-3_3536,97.19999999999875,6579.0,1.0
P_1-1-pt_977,P_1-3_5123,80.19999999999972,6579.0,1.0
P_1-1-pt_977,P_1-1-pt_1121,51.90000000000047,6579.0,1.0
P_1-1-pt_977,P_1-1-pt_2606,1090.100000000104,6579.0,1.0
P_1-1-pt_977,P_1-3_458,94.19999999999892,6579.0,1.0
P_1-3_3339,P_1-2_752,2943.699999998418,6579.0,1.0
P_1-3_3339,P_1-2_163,66.5000000000005,6579.0,1.0
P_1-3_3339,P_2-1_5067,39.60000000000029,6579.0,1.0
P_1-3_3339,P_1-2_1658,57.60000000000055,6579.0,1.0
P_1-3_3339,P_1-2_4940,47.500000000000405,6579.0,1.0
P_1-3_3339,P_2-1_4267,70.0000000000003,6579.0,1.0
P_1-3_3339,P_1-1-veh_610,81.69999999999963,6579.0,1.0
P_1-3_3339,P_1-1-pt_7915,60.00000000000058,6579.0,1.0
P_1-3_3339,P_1-1-pt_7573,35.70000000000024,6579.0,1.0
P_1-3_3339,P_1-1-veh_767,72.60000000000015,6579.0,1.0
P_1-2_3286,P_1-1-pt_4715,45.60000000000038,6578.0,1.0
P_1-2_3286,P_1-2_5640,218.0999999999919,6578.0,1.0
P_1-2_3286,P_1-2_3835,6364.400000005622,6578.0,1.0
P_1-2_5210,P_1-1-pt_5241,50.70000000000045,6568.0,1.0
P_1-2_5210,P_1-3_4954,683.5000000000869,6568.0,1.0
P_1-2_5210,P_1-2_4634,110.69999999999798,6568.0,1.0
P_1-2_5210,P_1-3_4775,110.89999999999797,6568.0,1.0
P_1-2_5210,P_1-3_2410,62.50000000000062,6568.0,1.0
P_1-2_5210,P_1-3_3253,120.59999999999742,6568.0,1.0
P_1-2_5210,P_1-3_2018,160.99999999999514,6568.0,1.0
P_1-2_5210,P_1-2_3693,72.60000000000015,6568.0,1.0
P_1-2_5210,P_1-3_2633,129.19999999999695,6568.0,1.0
P_1-2_5210,P_1-3_4875,89.59999999999918,6568.0,1.0
P_1-2_5210,P_1-3_3410,55.50000000000052,6568.0,1.0
P_1-2_5210,P_1-2_573,5704.20000000322,6568.0,1.0
P_1-3_2053,P_1-1-pt_2920,50.70000000000045,6568.0,1.0
P_1-3_2053,P_1-1-pt_5078,49.80000000000044,6568.0,1.0
P_1-3_2053,P_1-1-pt_7208,50.90000000000045,6568.0,1.0
P_1-3_2053,P_1-1-pt_6538,50.50000000000045,6568.0,1.0
P_1-3_2053,P_1-1-pt_776,57.20000000000054,6568.0,1.0
P_1-3_2053,P_1-1-pt_8682,50.50000000000045,6568.0,1.0
P_1-3_2053,P_1-2_1596,53.40000000000049,6568.0,1.0
P_1-3_2053,P_1-1-veh_234,53.200000000000486,6568.0,1.0
P_1-3_2053,P_1-2_3389,53.40000000000049,6568.0,1.0
P_1-3_2053,P_1-1-pt_1714,55.200000000000514,6568.0,1.0
P_1-3_2053,P_1-3_2454,55.80000000000052,6568.0,1.0
P_1-3_2053,P_1-2_4206,56.50000000000053,6568.0,1.0
P_1-3_2053,P_1-3_1500,55.80000000000052,6568.0,1.0
P_1-3_2053,P_1-3_3901,55.70000000000052,6568.0,1.0
P_1-3_2053,P_1-2_1420,56.10000000000053,6568.0,1.0
P_1-3_2053,P_1-3_228,55.900000000000524,6568.0,1.0
P_1-3_2053,P_1-3_3834,55.70000000000052,6568.0,1.0
P_1-3_2053,P_1-3_3776,55.900000000000524,6568.0,1.0
P_1-3_2053,P_2-1_2161,55.900000000000524,6568.0,1.0
P_1-3_2053,P_1-2_3280,55.900000000000524,6568.0,1.0
P_1-3_2053,P_1-3_3046,55.900000000000524,6568.0,1.0
P_1-3_2053,P_1-3_3457,55.900000000000524,6568.0,1.0
P_1-3_2053,P_1-3_4168,55.900000000000524,6568.0,1.0
P_1-3_2053,P_1-2_4734,1362.3999999998564,6568.0,1.0
P_1-1-pt_6297,P_1-1-pt_4996,63.600000000000634,6567.0,1.0
P_1-1-pt_6297,P_1-1-pt_3386,140.4999999999963,6567.0,1.0
P_1-1-pt_6297,P_1-1-pt_3067,160.99999999999514,6567.0,1.0
P_1-1-pt_6297,P_1-1-pt_5906,94.99999999999888,6567.0,1.0
P_1-1-pt_6297,P_1-1-pt_1238,76.49999999999993,6567.0,1.0
P_1-1-pt_6297,P_1-1-pt_776,106.19999999999824,6567.0,1.0
P_1-1-pt_6297,P_1-1-pt_1226,61.90000000000061,6567.0,1.0
P_1-1-pt_6297,P_1-2_1596,51.50000000000046,6567.0,1.0
P_1-1-pt_6297,P_1-1-veh_234,50.400000000000446,6567.0,1.0
P_1-1-pt_6297,P_2-1_2136,114.79999999999775,6567.0,1.0
P_1-1-pt_6297,P_1-1-pt_8682,43.70000000000035,6567.0,1.0
P_1-1-pt_6297,P_1-1-pt_5897,91.69999999999906,6567.0,1.0
P_1-1-pt_6297,P_1-1-pt_3769,83.69999999999952,6567.0,1.0
P_1-1-pt_6297,P_1-1-pt_4671,62.50000000000062,6567.0,1.0
P_1-1-pt_6297,P_1-1-pt_4919,72.70000000000014,6567.0,1.0
P_1-1-pt_6297,P_1-3_3245,233.599999999991,6567.0,1.0
P_1-1-pt_6297,P_1-1-pt_530,76.09999999999995,6567.0,1.0
P_1-1-pt_6297,P_1-1-pt_761,20.600000000000023,6567.0,1.0
P_1-1-pt_5357,P_1-1-pt_5115,12.199999999999973,6555.0,1.0
P_1-1-pt_5357,P_1-3_990,168.39999999999472,6555.0,1.0
P_1-1-pt_5357,P_1-1-pt_4262,58.20000000000056,6555.0,1.0
P_1-1-pt_5357,P_1-1-pt_3386,112.0999999999979,6555.0,1.0
P_1-1-pt_5357,P_1-2_4285,49.000000000000426,6555.0,1.0
P_1-1-pt_5357,P_1-2_171,67.10000000000046,6555.0,1.0
P_1-2_1948,P_1-2_2422,26.1000000000001,6555.0,1.0
P_1-2_1948,P_2-1_842,40.80000000000031,6555.0,1.0
P_1-2_1948,P_2-1_2987,27.200000000000117,6555.0,1.0
P_1-2_1948,P_1-2_5927,35.90000000000024,6555.0,1.0
P_1-2_1948,P_1-3_5550,94.19999999999892,6555.0,1.0
P_1-2_1948,P_1-2_3214,27.700000000000124,6555.0,1.0
P_1-2_1948,P_1-2_4715,35.70000000000024,6555.0,1.0
P_1-2_1948,P_1-2_2653,32.000000000000185,6555.0,1.0
P_1-2_1948,P_1-1-pt_2770,8.599999999999985,6555.0,1.0
P_1-2_1948,P_1-1-pt_6355,8.499999999999986,6555.0,1.0
P_1-2_1948,P_1-2_4454,25.800000000000097,6555.0,1.0
P_1-2_1948,P_1-2_3590,25.700000000000095,6555.0,1.0
P_1-2_1948,P_1-1-pt_8982,8.499999999999986,6555.0,1.0
P_1-2_1948,P_1-1-pt_2863,8.399999999999986,6555.0,1.0
P_1-2_1948,P_1-1-pt_8969,8.399999999999986,6555.0,1.0
P_1-3_4262,P_1-2_250,54.70000000000051,6546.0,1.0
P_1-3_4262,P_1-2_4454,46.20000000000039,6546.0,1.0
P_1-3_4262,P_1-2_1255,74.60000000000004,6546.0,1.0
P_1-3_4262,P_2-1_5067,58.40000000000056,6546.0,1.0
P_1-3_4262,P_1-2_4853,53.30000000000049,6546.0,1.0
P_1-3_4262,P_1-3_4663,54.3000000000005,6546.0,1.0
P_1-3_4262,P_1-2_1658,60.900000000000595,6546.0,1.0
P_1-3_4262,P_1-3_4881,53.50000000000049,6546.0,1.0
P_1-3_4262,P_1-2_5543,53.30000000000049,6546.0,1.0
P_1-3_4262,P_1-3_4025,53.30000000000049,6546.0,1.0
P_1-3_4262,P_2-1_4267,53.50000000000049,6546.0,1.0
P_1-3_4262,P_2-1_3390,53.40000000000049,6546.0,1.0
P_1-3_4262,P_1-2_4376,79.99999999999973,6546.0,1.0
P_1-3_4262,P_1-3_1676,50.60000000000045,6546.0,1.0
P_1-3_4262,P_1-2_3879,45.70000000000038,6546.0,1.0
P_1-3_4262,P_1-3_2773,42.20000000000033,6546.0,1.0
P_1-3_4262,P_2-1_804,133.19999999999672,6546.0,1.0
P_1-3_4262,P_2-1_499,83.69999999999952,6546.0,1.0
P_1-3_4262,P_2-1_1463,88.89999999999922,6546.0,1.0
P_1-3_4262,P_2-1_213,53.40000000000049,6546.0,1.0
P_1-1-pt_6779,P_1-2_1203,83.19999999999955,6538.0,1.0
P_1-1-pt_6779,P_1-3_3494,51.50000000000046,6538.0,1.0
P_1-1-pt_6779,P_1-3_2323,60.40000000000059,6538.0,1.0
P_1-1-pt_6779,P_1-1-pt_2834,61.2000000000006,6538.0,1.0
P_1-1-pt_6779,P_1-1-pt_1108,211.49999999999227,6538.0,1.0
P_1-2_3077,P_1-2_3378,501.20000000004546,6537.0,1.0
P_1-2_3077,P_1-3_2180,109.29999999999806,6537.0,1.0
P_1-2_3077,P_1-3_2076,109.19999999999807,6537.0,1.0
P_1-2_3077,P_1-2_5020,111.69999999999793,6537.0,1.0
P_1-2_3077,P_1-2_5092,111.39999999999795,6537.0,1.0
P_1-2_3077,P_1-3_5354,109.39999999999806,6537.0,1.0
P_1-2_3077,P_1-3_4587,395.0000000000213,6537.0,1.0
P_1-1-pt_6974,P_1-1-pt_3858,587.600000000065,6531.0,0.9366100137804317
P_1-1-pt_6974,P_1-1-pt_4879,387.0000000000195,6531.0,0.9366100137804317
P_1-1-pt_6974,P_1-1-pt_521,462.00000000003655,6531.0,0.9366100137804317
P_1-1-pt_6974,P_1-1-pt_5167,1044.9000000001452,6531.0,0.9366100137804317
P_1-1-pt_6974,P_1-1-pt_1747,1027.400000000161,6531.0,0.9366100137804317
P_1-1-pt_6974,P_1-1-pt_3671,1121.000000000076,6531.0,0.9366100137804317
P_1-1-pt_6974,P_1-1-pt_98,1880.599999999385,6531.0,0.9366100137804317
P_1-1-pt_6974,P_1-1-pt_3207,242.19999999999052,6531.0,0.9366100137804317
P_1-1-pt_6974,P_1-1-pt_1497,555.4000000000577,6531.0,0.9366100137804317
P_1-1-pt_6974,P_1-1-pt_6743,67.50000000000044,6531.0,0.9366100137804317
P_1-1-pt_6974,P_2-1_3764,142.79999999999617,6531.0,0.9366100137804317
P_1-1-pt_6974,P_1-1-pt_2880,595.1000000000668,6531.0,0.9366100137804317
P_1-1-pt_6974,P_2-1_63,21.500000000000036,6531.0,0.9366100137804317
P_1-1-pt_6974,P_1-2_1612,63.90000000000064,6531.0,0.9366100137804317
P_1-1-pt_6974,P_1-2_1255,78.09999999999984,6531.0,0.9366100137804317
P_1-1-pt_6974,P_1-3_3245,58.20000000000056,6531.0,0.9366100137804317
P_1-1-pt_6974,P_1-1-pt_4736,146.79999999999595,6531.0,0.9366100137804317
P_1-1-pt_6974,P_1-1-pt_2920,146.19999999999598,6531.0,0.9366100137804317
P_1-1-pt_6974,P_1-2_250,64.6000000000006,6531.0,0.9366100137804317
P_1-1-pt_6974,P_1-2_4483,70.70000000000026,6531.0,0.9366100137804317
P_1-1-pt_6974,P_1-1-veh_610,159.7999999999952,6531.0,0.9366100137804317
P_1-1-pt_6974,P_1-1-pt_7915,694.8000000000894,6531.0,0.9366100137804317
P_1-1-pt_6974,P_1-1-pt_5999,64.7000000000006,6531.0,0.9366100137804317
P_1-1-pt_6974,P_1-1-pt_7573,143.9999999999961,6531.0,0.9366100137804317
P_1-1-pt_6974,P_1-1-veh_767,156.3999999999954,6531.0,0.9366100137804317
P_1-1-pt_6974,P_1-1-pt_2013,68.00000000000041,6531.0,0.9366100137804317
P_1-1-pt_6974,P_1-2_5543,115.99999999999768,6531.0,0.9366100137804317
P_1-1-pt_6974,P_1-2_303,189.19999999999354,6531.0,0.9366100137804317
P_1-2_5927,P_1-2_163,55.80000000000052,6531.0,1.0
P_1-2_5927,P_1-1-pt_2844,16.29999999999996,6531.0,1.0
P_1-2_5927,P_1-1-pt_2424,10.29999999999998,6531.0,1.0
P_1-2_5927,P_2-1_6236,35.90000000000024,6531.0,1.0
P_1-2_5927,P_1-2_1948,35.90000000000024,6531.0,1.0
P_1-2_5927,P_1-3_4492,35.20000000000023,6531.0,1.0
P_1-2_5927,P_1-3_2528,36.10000000000024,6531.0,1.0
P_1-2_5927,P_1-1-pt_841,10.499999999999979,6531.0,1.0
P_1-2_5927,P_1-1-pt_2425,43.40000000000035,6531.0,1.0
P_1-2_5927,P_1-2_1285,38.10000000000027,6531.0,1.0
P_1-2_5927,P_2-1_842,42.00000000000033,6531.0,1.0
P_1-2_5927,P_1-3_5451,35.90000000000024,6531.0,1.0
P_1-2_5927,P_1-3_1140,33.500000000000206,6531.0,1.0
P_1-2_5927,P_1-1-pt_8085,10.399999999999979,6531.0,1.0
P_1-2_5927,P_1-2_4955,73.10000000000012,6531.0,1.0
P_1-2_5927,P_1-2_2061,42.20000000000033,6531.0,1.0
P_1-2_5927,P_1-1-pt_3176,23.500000000000064,6531.0,1.0
P_1-2_5927,P_1-1-pt_4785,39.60000000000029,6531.0,1.0
P_1-2_5927,P_1-2_5020,55.50000000000052,6531.0,1.0
P_1-2_5927,P_2-1_3664,41.00000000000031,6531.0,1.0
P_1-2_5927,P_2-1_3058,42.20000000000033,6531.0,1.0
P_1-3_3901,P_1-2_4734,223.79999999999157,6527.0,1.0
P_1-3_3901,P_1-2_4206,224.19999999999155,6527.0,1.0
P_1-3_3901,P_1-3_1500,223.1999999999916,6527.0,1.0
P_1-3_3901,P_1-2_1420,224.59999999999152,6527.0,1.0
P_1-3_3901,P_1-3_228,224.59999999999152,6527.0,1.0
P_1-3_3901,P_1-3_3776,223.69999999999158,6527.0,1.0
P_1-3_3901,P_2-1_2161,224.09999999999155,6527.0,1.0
P_1-3_3901,P_1-3_874,111.69999999999793,6527.0,1.0
P_1-3_3901,P_1-3_2454,111.79999999999792,6527.0,1.0
P_1-3_3901,P_1-3_3834,111.39999999999795,6527.0,1.0
P_1-3_3901,P_1-2_3280,111.69999999999793,6527.0,1.0
P_1-3_3901,P_1-3_3046,108.49999999999811,6527.0,1.0
P_1-3_3901,P_1-3_3457,62.40000000000062,6527.0,1.0
P_1-3_3901,P_1-3_4168,55.900000000000524,6527.0,1.0
P_1-3_3901,P_1-3_2053,55.70000000000052,6527.0,1.0
P_1-1-pt_6368,P_1-1-pt_527,48.00000000000041,6525.0,1.0
P_1-1-pt_6368,P_1-1-pt_255,147.5999999999959,6525.0,1.0
P_1-1-pt_6368,P_1-2_1313,27.000000000000114,6525.0,1.0
P_1-1-pt_6368,P_1-1-pt_3769,83.59999999999953,6525.0,1.0
P_1-1-pt_6368,P_1-1-pt_4595,57.90000000000055,6525.0,1.0
P_1-1-pt_6368,P_1-1-pt_8545,54.600000000000506,6525.0,1.0
P_1-1-pt_6368,P_1-2_1017,32.30000000000019,6525.0,1.0
P_1-1-pt_6368,P_1-1-pt_1306,1992.3999999992834,6525.0,1.0
P_1-1-pt_6368,P_1-2_4208,64.40000000000062,6525.0,1.0
P_1-1-pt_6368,P_1-3_3755,74.40000000000005,6525.0,1.0
P_1-1-pt_6368,P_1-3_5334,99.29999999999863,6525.0,1.0
P_1-1-pt_6368,P_1-1-pt_3927,96.2999999999988,6525.0,1.0
P_1-1-pt_6368,P_1-2_2345,21.300000000000033,6525.0,1.0
P_1-1-pt_5115,P_1-1-pt_5357,12.199999999999973,6515.0,1.0
P_1-1-pt_5115,P_1-3_2985,56.80000000000054,6515.0,1.0
P_1-1-pt_5115,P_1-2_1990,57.00000000000054,6515.0,1.0
P_1-1-pt_5115,P_1-1-veh_602,56.90000000000054,6515.0,1.0
P_1-1-pt_5115,P_1-2_4208,56.90000000000054,6515.0,1.0
P_1-1-pt_5115,P_1-3_3755,56.600000000000534,6515.0,1.0
P_1-1-pt_5115,P_1-3_5334,56.40000000000053,6515.0,1.0
P_1-1-pt_5115,P_1-1-pt_3927,56.10000000000053,6515.0,1.0
P_1-1-pt_5115,P_1-2_2345,57.60000000000055,6515.0,1.0
P_1-1-pt_5115,P_1-2_4019,57.400000000000546,6515.0,1.0
P_1-1-pt_5115,P_1-2_3692,56.90000000000054,6515.0,1.0
P_1-1-pt_5115,P_1-2_263,55.00000000000051,6515.0,1.0
P_1-1-pt_1714,P_1-1-pt_8682,94.99999999999888,6514.0,1.0
P_1-1-pt_1714,P_1-2_3389,50.70000000000045,6514.0,1.0
P_1-1-pt_1714,P_1-1-pt_560,94.5999999999989,6514.0,1.0
P_1-1-pt_1714,P_1-2_4771,110.79999999999798,6514.0,1.0
P_1-1-pt_1714,P_1-1-pt_3629,113.09999999999785,6514.0,1.0
P_1-1-pt_1714,P_1-2_2287,62.900000000000624,6514.0,1.0
P_1-1-pt_1714,P_1-3_1785,55.50000000000052,6514.0,1.0
P_1-1-pt_1714,P_1-3_874,50.90000000000045,6514.0,1.0
P_1-1-pt_1714,P_1-3_4168,54.80000000000051,6514.0,1.0
P_1-1-pt_1714,P_1-2_3081,54.4000000000005,6514.0,1.0
P_1-1-pt_1714,P_1-3_2053,55.200000000000514,6514.0,1.0
P_1-1-pt_1714,P_1-2_5951,55.300000000000516,6514.0,1.0
P_1-1-pt_1714,P_1-3_4690,56.600000000000534,6514.0,1.0
P_1-2_848,P_1-1-pt_2820,42.70000000000034,6513.0,1.0
P_1-2_848,P_1-3_2221,53.200000000000486,6513.0,1.0
P_1-2_848,P_1-3_2280,53.200000000000486,6513.0,1.0
P_1-2_848,P_1-2_4249,56.10000000000053,6513.0,1.0
P_1-2_848,P_1-1-pt_5139,61.0000000000006,6513.0,1.0
P_1-2_848,P_2-1_1724,88.39999999999925,6513.0,1.0
P_1-2_848,P_1-1-pt_1006,113.19999999999784,6513.0,1.0
P_1-2_848,P_1-2_3702,2318.7999999989866,6513.0,1.0
P_2-1_213,P_1-2_5288,53.30000000000049,6509.0,1.0
P_2-1_213,P_1-3_2374,57.300000000000544,6509.0,1.0
P_2-1_213,P_1-3_268,53.200000000000486,6509.0,1.0
P_2-1_213,P_1-3_28,54.3000000000005,6509.0,1.0
P_2-1_213,P_1-3_234,53.200000000000486,6509.0,1.0
P_2-1_213,P_1-2_3879,53.30000000000049,6509.0,1.0
P_2-1_213,P_1-3_2773,53.200000000000486,6509.0,1.0
P_2-1_213,P_1-3_4262,53.40000000000049,6509.0,1.0
P_2-1_213,P_1-2_4376,55.200000000000514,6509.0,1.0
P_2-1_213,P_1-3_1676,53.30000000000049,6509.0,1.0
P_2-1_213,P_1-3_5144,53.30000000000049,6509.0,1.0
P_2-1_213,P_1-3_2786,53.30000000000049,6509.0,1.0
P_2-1_213,P_1-3_5475,53.30000000000049,6509.0,1.0
P_2-1_213,P_1-2_4853,63.000000000000625,6509.0,1.0
P_2-1_213,P_2-1_6130,58.20000000000056,6509.0,1.0
P_1-1-pt_8184,P_1-1-pt_8289,315.10000000000315,6506.0,1.0
P_1-1-pt_8184,P_1-2_638,160.89999999999515,6506.0,1.0
P_1-1-pt_8184,P_1-2_5753,362.800000000014,6506.0,1.0
P_1-1-pt_8184,P_1-1-veh_834,179.69999999999408,6506.0,1.0
P_1-1-pt_8184,P_1-3_743,218.29999999999188,6506.0,1.0
P_1-1-pt_8184,P_1-3_2599,104.09999999999836,6506.0,1.0
P_1-1-pt_8184,P_1-2_5745,103.3999999999984,6506.0,1.0
P_1-1-pt_8184,P_1-1-pt_8735,95.59999999999884,6506.0,1.0
P_1-1-pt_8184,P_1-2_4266,105.29999999999829,6506.0,1.0
P_1-1-pt_8184,P_1-3_3076,103.19999999999841,6506.0,1.0
P_1-1-pt_8184,P_1-1-pt_182,124.69999999999719,6506.0,1.0
P_1-1-pt_8184,P_1-1-pt_1723,153.69999999999555,6506.0,1.0
P_1-1-pt_8184,P_1-3_4289,1114.2000000000821,6506.0,1.0
P_1-1-veh_602,P_1-3_2985,54.2000000000005,6500.0,1.0
P_1-1-veh_602,P_1-1-pt_8762,50.60000000000045,6500.0,1.0
P_1-1-veh_602,P_1-3_5334,88.49999999999925,6500.0,1.0
P_1-1-veh_602,P_1-1-pt_7732,57.10000000000054,6500.0,1.0
P_1-1-veh_602,P_1-1-pt_5115,56.90000000000054,6500.0,1.0
P_1-1-veh_602,P_1-2_3575,72.80000000000014,6500.0,1.0
P_1-1-veh_602,P_1-1-pt_1226,15.099999999999962,6500.0,1.0
P_1-2_1494,P_1-2_1953,53.40000000000049,6499.0,1.0
P_1-2_1494,P_1-3_2773,15.69999999999996,6499.0,1.0
P_1-2_1494,P_1-3_4025,53.200000000000486,6499.0,1.0
P_1-2_1494,P_1-2_4376,53.30000000000049,6499.0,1.0
P_1-2_1494,P_1-3_1676,53.00000000000048,6499.0,1.0
P_1-2_1494,P_1-2_5765,53.40000000000049,6499.0,1.0
P_1-2_1494,P_1-1-pt_1669,57.300000000000544,6499.0,1.0
P_1-2_168,P_1-3_635,80.4999999999997,6497.0,0.9998460828074496
P_1-2_168,P_1-1-pt_4875,1965.6999999993077,6497.0,0.9998460828074496
P_1-2_168,P_2-1_2136,59.20000000000057,6497.0,0.9998460828074496
P_1-2_168,P_1-1-veh_65,62.900000000000624,6497.0,0.9998460828074496
P_1-2_168,P_1-3_17,6.499999999999993,6497.0,0.9998460828074496
P_1-2_168,P_1-1-pt_1473,49.20000000000043,6497.0,0.9998460828074496
P_1-2_168,P_2-1_4127,45.20000000000037,6497.0,0.9998460828074496
P_1-2_168,P_1-2_3708,55.50000000000052,6497.0,0.9998460828074496
P_1-2_168,P_1-3_4644,45.00000000000037,6497.0,0.9998460828074496
P_1-1-pt_3489,P_1-2_4940,57.10000000000054,6495.0,1.0
P_1-1-pt_3489,P_1-1-pt_6453,55.70000000000052,6495.0,1.0
P_1-1-pt_3489,P_1-1-pt_1329,180.59999999999403,6495.0,1.0
P_1-1-pt_3489,P_2-1_5419,58.000000000000554,6495.0,1.0
P_1-1-pt_3489,P_1-1-pt_2297,24.100000000000072,6495.0,1.0
P_1-1-pt_3489,P_1-3_4663,66.60000000000049,6495.0,1.0
P_1-1-pt_3489,P_1-3_4881,40.400000000000304,6495.0,1.0
P_1-2_4483,P_1-1-pt_8969,8.199999999999987,6485.0,1.0
P_1-2_4483,P_1-1-pt_5167,56.40000000000053,6485.0,1.0
P_1-2_4483,P_1-1-pt_1747,119.49999999999748,6485.0,1.0
P_1-2_4483,P_1-1-pt_1497,33.500000000000206,6485.0,1.0
P_1-2_4483,P_1-1-pt_98,29.400000000000148,6485.0,1.0
P_1-2_4483,P_1-1-pt_3207,30.000000000000156,6485.0,1.0
P_1-2_4483,P_1-1-pt_3671,29.50000000000015,6485.0,1.0
P_1-2_4483,P_1-1-pt_2920,35.500000000000234,6485.0,1.0
P_1-2_4483,P_1-1-pt_6974,70.70000000000026,6485.0,1.0
P_1-2_4483,P_1-2_4940,44.30000000000036,6485.0,1.0
P_1-2_4483,P_1-1-pt_2880,79.19999999999978,6485.0,1.0
P_1-2_4483,P_1-1-pt_3858,94.6999999999989,6485.0,1.0
P_1-2_4483,P_1-1-pt_2013,84.89999999999945,6485.0,1.0
P_1-2_4483,P_1-1-pt_7573,55.60000000000052,6485.0,1.0
P_1-2_4483,P_1-1-veh_767,11.899999999999974,6485.0,1.0
P_1-2_4483,P_1-2_303,27.800000000000125,6485.0,1.0
P_1-2_4483,P_1-1-pt_297,111.79999999999792,6485.0,1.0
P_1-2_4483,P_1-1-pt_2162,57.90000000000055,6485.0,1.0
P_1-2_4483,P_1-1-pt_3409,55.300000000000516,6485.0,1.0
P_1-2_4483,P_1-1-pt_1270,41.70000000000032,6485.0,1.0
P_1-2_4483,P_1-1-pt_1473,3.800000000000002,6485.0,1.0
P_1-2_4483,P_1-1-pt_7863,54.80000000000051,6485.0,1.0
P_1-2_4483,P_1-1-pt_8545,44.90000000000037,6485.0,1.0
P_1-2_4483,P_1-1-pt_5193,40.0000000000003,6485.0,1.0
P_1-2_4483,P_1-1-pt_8728,2625.999999998707,6485.0,1.0
P_1-2_4483,P_1-1-pt_7325,5.4999999999999964,6485.0,1.0
P_1-2_5951,P_1-1-pt_4966,58.700000000000564,6485.0,0.8567463377023902
P_1-2_5951,P_1-1-pt_5078,47.90000000000041,6485.0,0.8567463377023902
P_1-2_5951,P_1-1-pt_7208,51.50000000000046,6485.0,0.8567463377023902
P_1-2_5951,P_1-1-pt_6538,51.20000000000046,6485.0,0.8567463377023902
P_1-2_5951,P_1-1-pt_8682,50.60000000000045,6485.0,0.8567463377023902
P_1-2_5951,P_1-1-pt_1226,57.60000000000055,6485.0,0.8567463377023902
P_1-2_5951,P_1-2_1596,53.60000000000049,6485.0,0.8567463377023902
P_1-2_5951,P_1-1-veh_234,53.30000000000049,6485.0,0.8567463377023902
P_1-2_5951,P_1-1-pt_7080,50.90000000000045,6485.0,0.8567463377023902
P_1-2_5951,P_1-2_3389,53.50000000000049,6485.0,0.8567463377023902
P_1-2_5951,P_1-1-pt_1714,55.300000000000516,6485.0,0.8567463377023902
P_1-2_5951,P_1-2_2287,55.70000000000052,6485.0,0.8567463377023902
P_1-2_5951,P_1-3_2454,55.60000000000052,6485.0,0.8567463377023902
P_1-2_5951,P_1-3_874,53.30000000000049,6485.0,0.8567463377023902
P_1-2_5951,P_1-1-pt_560,52.00000000000047,6485.0,0.8567463377023902
P_1-2_5951,P_1-3_1785,55.80000000000052,6485.0,0.8567463377023902
P_1-2_5951,P_1-2_3081,56.000000000000526,6485.0,0.8567463377023902
P_1-2_5951,P_1-2_4771,900.1000000001361,6485.0,0.8567463377023902
P_1-1-pt_2129,P_1-2_3488,108.89999999999809,6484.0,1.0
P_1-1-pt_2129,P_1-2_2237,107.99999999999814,6484.0,1.0
P_1-1-pt_2129,P_1-1-pt_5275,110.99999999999797,6484.0,1.0
P_1-1-pt_2129,P_1-1-pt_1700,110.89999999999797,6484.0,1.0
P_1-1-pt_2129,P_1-2_1533,138.6999999999964,6484.0,1.0
P_1-1-pt_2129,P_1-1-pt_1039,6473.000000006017,6484.0,1.0
P_1-1-pt_2820,P_1-2_2473,41.60000000000032,6484.0,1.0
P_1-1-pt_2820,P_1-3_1945,42.600000000000335,6484.0,1.0
P_1-1-pt_2820,P_1-2_3702,42.80000000000034,6484.0,1.0
P_1-1-pt_2820,P_1-2_848,42.70000000000034,6484.0,1.0
P_1-1-pt_2820,P_1-1-pt_2834,45.300000000000374,6484.0,1.0
P_1-1-pt_2820,P_1-3_2221,859.900000000127,6484.0,1.0
P_1-1-pt_2820,P_1-1-pt_3097,63.10000000000063,6484.0,1.0
P_1-3_4775,P_1-2_4634,233.39999999999102,6482.0,1.0
P_1-3_4775,P_1-3_2410,175.8999999999943,6482.0,1.0
P_1-3_4775,P_1-3_3253,175.19999999999433,6482.0,1.0
P_1-3_4775,P_1-3_2018,110.09999999999802,6482.0,1.0
P_1-3_4775,P_1-3_2633,165.2999999999949,6482.0,1.0
P_1-3_4775,P_1-2_5210,110.89999999999797,6482.0,1.0
P_1-3_4775,P_1-2_573,110.79999999999798,6482.0,1.0
P_1-3_4775,P_1-3_4954,110.99999999999797,6482.0,1.0
P_1-3_4775,P_1-3_4875,370.3000000000157,6482.0,1.0
P_1-3_4775,P_1-3_3410,292.7999999999981,6482.0,1.0
P_1-1-pt_7760,P_1-3_4168,57.80000000000055,6481.0,1.0
P_1-1-pt_7760,P_1-1-pt_7080,58.100000000000556,6481.0,1.0
P_1-1-pt_7760,P_1-1-veh_792,57.80000000000055,6481.0,1.0
P_1-1-pt_7760,P_1-1-veh_234,108.5999999999981,6481.0,1.0
P_1-1-pt_7760,P_1-1-pt_6538,48.00000000000041,6481.0,1.0
P_1-1-pt_7760,P_1-1-pt_776,61.80000000000061,6481.0,1.0
P_1-1-pt_7760,P_1-1-pt_7142,68.60000000000038,6481.0,1.0
P_1-1-pt_7760,P_1-2_2554,25.600000000000094,6481.0,1.0
P_1-1-pt_7760,P_1-1-pt_6273,105.79999999999826,6481.0,1.0
P_1-1-pt_7760,P_1-3_2323,60.50000000000059,6481.0,1.0
P_1-1-pt_7760,P_1-3_528,5.999999999999995,6481.0,1.0
P_1-1-pt_7760,P_1-3_3494,107.69999999999816,6481.0,1.0
P_1-1-pt_7760,P_1-1-pt_5897,188.0999999999936,6481.0,1.0
P_1-2_3879,P_1-2_4454,53.40000000000049,6481.0,1.0
P_1-2_3879,P_2-1_6130,54.600000000000506,6481.0,1.0
P_1-2_3879,P_2-1_5067,54.2000000000005,6481.0,1.0
P_1-2_3879,P_1-2_4853,61.0000000000006,6481.0,1.0
P_1-2_3879,P_1-3_4663,54.500000000000504,6481.0,1.0
P_1-2_3879,P_1-2_1658,53.30000000000049,6481.0,1.0
P_1-2_3879,P_1-3_4881,53.200000000000486,6481.0,1.0
P_1-2_3879,P_1-2_2180,1956.8999999993157,6481.0,1.0
P_1-2_3879,P_1-2_5543,45.00000000000037,6481.0,1.0
P_1-2_3879,P_1-3_2773,74.10000000000007,6481.0,1.0
P_1-2_3879,P_1-3_4025,33.70000000000021,6481.0,1.0
P_1-2_3879,P_2-1_4267,55.200000000000514,6481.0,1.0
P_1-2_3879,P_2-1_3390,55.60000000000052,6481.0,1.0
P_1-2_3879,P_1-3_28,15.69999999999996,6481.0,1.0
P_1-2_3879,P_2-1_1463,145.799999999996,6481.0,1.0
P_1-2_3879,P_1-3_234,41.70000000000032,6481.0,1.0
P_1-2_3879,P_2-1_499,101.79999999999849,6481.0,1.0
P_1-2_3879,P_2-1_804,93.89999999999894,6481.0,1.0
P_1-2_3879,P_1-3_4262,45.70000000000038,6481.0,1.0
P_1-2_3879,P_2-1_213,53.30000000000049,6481.0,1.0
P_1-1-pt_4715,P_1-1-pt_2952,45.90000000000038,6476.0,1.0
P_1-1-pt_4715,P_1-2_1066,57.50000000000055,6476.0,1.0
P_1-1-pt_4715,P_1-2_3835,50.400000000000446,6476.0,1.0
P_1-1-pt_4715,P_1-2_3286,45.60000000000038,6476.0,1.0
P_1-3_1737,P_1-3_2643,53.200000000000486,6476.0,1.0
P_1-3_1737,P_1-3_1324,53.200000000000486,6476.0,1.0
P_1-3_1737,P_1-1-pt_2808,50.90000000000045,6476.0,1.0
P_1-3_1737,P_1-1-pt_2606,58.100000000000556,6476.0,1.0
P_1-3_1737,P_1-1-pt_8545,179.69999999999408,6476.0,1.0
P_1-3_1737,P_1-2_2702,45.60000000000038,6476.0,1.0
P_1-1-pt_1039,P_1-2_3488,110.19999999999801,6474.0,0.7649057769539698
P_1-1-pt_1039,P_1-2_2237,107.99999999999814,6474.0,0.7649057769539698
P_1-1-pt_1039,P_1-1-pt_5275,111.99999999999791,6474.0,0.7649057769539698
P_1-1-pt_1039,P_1-1-pt_1700,110.79999999999798,6474.0,0.7649057769539698
P_1-1-pt_1039,P_1-2_1533,153.59999999999556,6474.0,0.7649057769539698
P_1-1-pt_1039,P_1-1-pt_2129,6473.000000006017,6474.0,0.7649057769539698
P_1-2_2598,P_1-3_5117,53.30000000000049,6473.0,1.0
P_1-2_2598,P_1-2_2183,53.40000000000049,6473.0,1.0
P_1-2_2598,P_1-2_5641,157.19999999999536,6473.0,1.0
P_1-2_2598,P_1-2_3608,11.299999999999976,6473.0,1.0
P_1-2_2598,P_1-1-veh_246,17.199999999999974,6473.0,1.0
P_1-2_2598,P_1-1-pt_6292,7.999999999999988,6473.0,1.0
P_1-2_2598,P_1-2_5428,28.600000000000136,6473.0,1.0
P_1-2_2598,P_1-1-pt_498,57.00000000000054,6473.0,1.0
P_1-2_2598,P_1-1-veh_530,27.700000000000124,6473.0,1.0
P_1-2_2598,P_1-3_1535,41.60000000000032,6473.0,1.0
P_1-2_2598,P_1-1-pt_2032,55.10000000000051,6473.0,1.0
P_2-1_3390,P_1-2_5288,53.30000000000049,6472.0,1.0
P_2-1_3390,P_2-1_4267,1390.4999999998308,6472.0,1.0
P_2-1_3390,P_1-3_268,53.40000000000049,6472.0,1.0
P_2-1_3390,P_1-3_28,53.40000000000049,6472.0,1.0
P_2-1_3390,P_1-3_234,53.200000000000486,6472.0,1.0
P_2-1_3390,P_1-2_3879,55.60000000000052,6472.0,1.0
P_2-1_3390,P_1-3_2773,58.60000000000056,6472.0,1.0
P_2-1_3390,P_1-3_4262,53.40000000000049,6472.0,1.0
P_2-1_3390,P_1-3_5144,85.49999999999942,6472.0,1.0
P_2-1_3390,P_1-3_2786,72.30000000000017,6472.0,1.0
P_2-1_3390,P_1-3_5475,109.69999999999804,6472.0,1.0
P_2-1_3390,P_1-1-pt_5999,56.80000000000054,6472.0,1.0
P_2-1_3390,P_1-2_752,51.700000000000465,6472.0,1.0
P_2-1_3390,P_1-1-pt_5258,46.700000000000394,6472.0,1.0
P_1-1-pt_3275,P_1-1-pt_1121,74.10000000000007,6470.0,1.0
P_1-1-pt_3275,P_1-1-pt_494,47.90000000000041,6470.0,1.0
P_1-1-pt_3275,P_1-1-pt_2162,48.00000000000041,6470.0,1.0
P_1-1-pt_3275,P_1-1-pt_5897,61.3000000000006,6470.0,1.0
P_1-1-pt_3275,P_1-1-pt_4671,64.10000000000063,6470.0,1.0
P_1-1-pt_3275,P_1-1-pt_1270,61.2000000000006,6470.0,1.0
P_1-1-pt_3275,P_1-1-pt_4919,60.900000000000595,6470.0,1.0
P_1-1-pt_3275,P_1-1-pt_1304,62.300000000000615,6470.0,1.0
P_1-1-pt_3275,P_1-1-pt_7863,60.900000000000595,6470.0,1.0
P_1-1-pt_3275,P_1-2_1017,25.40000000000009,6470.0,1.0
P_1-1-pt_3275,P_1-1-pt_5193,61.600000000000605,6470.0,1.0
P_1-1-pt_3275,P_1-1-pt_7325,62.50000000000062,6470.0,1.0
P_1-1-pt_3275,P_1-1-pt_8137,62.10000000000061,6470.0,1.0
P_1-1-pt_3275,P_1-1-pt_8762,62.50000000000062,6470.0,1.0
P_1-1-pt_3275,P_1-1-pt_1138,63.40000000000063,6470.0,1.0
P_1-1-pt_3275,P_1-1-pt_1560,2077.599999999206,6470.0,1.0
P_1-1-pt_3275,P_1-1-pt_1966,61.0000000000006,6470.0,1.0
P_1-1-pt_3275,P_1-1-pt_4595,72.60000000000015,6470.0,1.0
P_1-1-pt_3275,P_1-1-pt_1037,6.5999999999999925,6470.0,1.0
P_1-1-pt_3275,P_1-1-pt_5906,62.900000000000624,6470.0,1.0
P_1-1-pt_3275,P_1-1-pt_5942,64.00000000000064,6470.0,1.0
P_1-1-pt_3275,P_1-1-pt_1226,1.0999999999999999,6470.0,1.0
P_1-1-pt_4875,P_1-1-pt_1238,3.4000000000000017,6465.0,1.0
P_1-1-pt_4875,P_1-3_635,54.70000000000051,6465.0,1.0
P_1-1-pt_4875,P_1-2_168,1965.6999999993077,6465.0,1.0
P_1-1-pt_4875,P_2-1_2136,63.30000000000063,6465.0,1.0
P_1-1-pt_4875,P_1-1-veh_65,67.80000000000042,6465.0,1.0
P_1-1-pt_4875,P_1-1-pt_1473,41.800000000000324,6465.0,1.0
P_1-1-pt_4875,P_2-1_4127,49.600000000000435,6465.0,1.0
P_1-2_3908,P_2-1_5435,845.5000000001237,6464.0,0.9602413366336634
P_1-2_3908,P_2-1_4331,822.3000000001184,6464.0,0.9602413366336634
P_1-2_3908,P_1-2_2229,822.1000000001184,6464.0,0.9602413366336634
P_1-2_3908,P_1-2_2030,768.0000000001061,6464.0,0.9602413366336634
P_1-2_3908,P_2-1_3376,796.7000000001126,6464.0,0.9602413366336634
P_1-2_3908,P_2-1_6256,2433.999999998882,6464.0,0.9602413366336634
P_1-2_3908,P_1-2_4607,767.600000000106,6464.0,0.9602413366336634
P_1-2_3908,P_1-1-pt_7104,736.800000000099,6464.0,0.9602413366336634
P_1-2_3908,P_1-2_4886,767.2000000001059,6464.0,0.9602413366336634
P_1-2_4940,P_1-1-pt_3489,57.10000000000054,6464.0,1.0
P_1-2_4940,P_1-1-pt_2013,44.10000000000036,6464.0,1.0
P_1-2_4940,P_1-1-pt_2369,22.000000000000043,6464.0,1.0
P_1-2_4940,P_2-1_3764,49.50000000000043,6464.0,1.0
P_1-2_4940,P_2-1_2925,57.10000000000054,6464.0,1.0
P_1-2_4940,P_1-1-pt_6453,2476.2999999988433,6464.0,1.0
P_1-2_4940,P_1-1-pt_521,51.100000000000456,6464.0,1.0
P_1-2_4940,P_1-1-pt_5666,58.30000000000056,6464.0,1.0
P_1-2_4940,P_1-1-pt_4736,55.40000000000052,6464.0,1.0
P_1-2_4940,P_1-1-pt_5167,69.9000000000003,6464.0,1.0
P_1-2_4940,P_1-2_4483,44.30000000000036,6464.0,1.0
P_1-2_4940,P_1-1-pt_1747,58.700000000000564,6464.0,1.0
P_1-2_4940,P_1-1-pt_98,57.10000000000054,6464.0,1.0
P_1-2_4940,P_1-1-pt_3207,57.50000000000055,6464.0,1.0
P_1-2_4940,P_1-1-pt_3671,57.20000000000054,6464.0,1.0
P_1-2_4940,P_1-1-pt_7915,24.60000000000008,6464.0,1.0
P_1-2_4940,P_1-2_5543,45.80000000000038,6464.0,1.0
P_1-2_4940,P_2-1_1878,161.7999999999951,6464.0,1.0
P_1-2_4940,P_2-1_4267,47.2000000000004,6464.0,1.0
P_1-2_4940,P_2-1_1724,72.00000000000018,6464.0,1.0
P_1-2_4940,P_1-3_3339,47.500000000000405,6464.0,1.0
P_1-1-pt_2032,P_1-1-pt_7938,58.50000000000056,6461.0,1.0
P_1-1-pt_2032,P_1-2_5428,6.699999999999992,6461.0,1.0
P_1-1-pt_2032,P_1-1-pt_498,58.30000000000056,6461.0,1.0
P_1-1-pt_2032,P_1-2_609,55.40000000000052,6461.0,1.0
P_1-1-pt_2032,P_1-2_2598,55.10000000000051,6461.0,1.0
P_2-1_3764,P_1-1-pt_2770,8.399999999999986,6460.0,1.0
P_2-1_3764,P_1-1-pt_6355,8.299999999999986,6460.0,1.0
P_2-1_3764,P_1-3_5144,45.300000000000374,6460.0,1.0
P_2-1_3764,P_1-1-pt_8969,8.499999999999986,6460.0,1.0
P_2-1_3764,P_1-1-pt_6743,8.699999999999985,6460.0,1.0
P_2-1_3764,P_1-1-pt_6974,142.79999999999617,6460.0,1.0
P_2-1_3764,P_1-1-pt_98,53.100000000000485,6460.0,1.0
P_2-1_3764,P_1-1-pt_2920,55.50000000000052,6460.0,1.0
P_2-1_3764,P_1-1-pt_6453,59.60000000000058,6460.0,1.0
P_2-1_3764,P_1-2_4940,49.50000000000043,6460.0,1.0
P_2-1_3764,P_1-1-pt_8728,23.10000000000006,6460.0,1.0
P_2-1_3764,P_1-1-veh_610,11.699999999999974,6460.0,1.0
P_2-1_3764,P_1-1-veh_767,11.699999999999974,6460.0,1.0
P_2-1_3764,P_1-2_303,27.700000000000124,6460.0,1.0
P_2-1_3764,P_1-1-pt_255,38.20000000000027,6460.0,1.0
P_2-1_3764,P_1-1-pt_494,57.70000000000055,6460.0,1.0
P_2-1_3764,P_1-1-pt_2162,57.80000000000055,6460.0,1.0
P_2-1_3764,P_1-1-pt_5897,55.60000000000052,6460.0,1.0
P_2-1_3764,P_1-1-pt_3769,55.40000000000052,6460.0,1.0
P_2-1_3764,P_1-1-pt_4671,54.80000000000051,6460.0,1.0
P_2-1_3764,P_1-1-pt_3409,54.80000000000051,6460.0,1.0
P_2-1_3764,P_1-1-pt_1270,56.000000000000526,6460.0,1.0
P_2-1_3764,P_1-1-pt_4919,55.70000000000052,6460.0,1.0
P_2-1_3764,P_2-1_2925,378.40000000001754,6460.0,1.0
P_2-1_3764,P_1-1-pt_7863,65.20000000000057,6460.0,1.0
P_2-1_3764,P_1-1-veh_792,67.80000000000042,6460.0,1.0
P_2-1_3764,P_1-1-pt_8545,56.30000000000053,6460.0,1.0
P_2-1_3764,P_1-1-pt_5193,55.80000000000052,6460.0,1.0
P_2-1_3764,P_1-1-pt_7325,56.30000000000053,6460.0,1.0
P_2-1_3764,P_1-1-pt_8137,56.80000000000054,6460.0,1.0
P_2-1_3764,P_1-1-pt_1108,44.40000000000036,6460.0,1.0
P_2-1_3764,P_1-1-veh_105,37.40000000000026,6460.0,1.0
P_2-1_3764,P_1-2_1203,58.20000000000056,6460.0,1.0
P_2-1_3764,P_1-2_2554,88.19999999999926,6460.0,1.0
P_2-1_3764,P_1-1-pt_6389,59.500000000000576,6460.0,1.0
P_1-1-pt_2431,P_1-2_4329,126.1999999999971,6458.0,1.0
P_1-1-pt_2431,P_1-2_3590,51.800000000000466,6458.0,1.0
P_1-1-pt_2431,P_1-1-pt_5139,113.19999999999784,6458.0,1.0
P_1-1-pt_2431,P_1-1-pt_1601,51.90000000000047,6458.0,1.0
P_1-1-pt_2431,P_1-1-pt_1006,59.90000000000058,6458.0,1.0
P_1-1-pt_2431,P_1-1-pt_7440,50.300000000000445,6458.0,1.0
P_1-1-pt_2431,P_1-1-pt_1167,58.000000000000554,6458.0,1.0
P_1-1-pt_2431,P_1-1-pt_3931,84.99999999999945,6458.0,1.0
P_1-1-pt_2431,P_1-3_1604,96.69999999999878,6458.0,1.0
P_1-1-pt_2431,P_2-1_6236,60.00000000000058,6458.0,1.0
P_1-3_4822,P_1-2_1640,53.50000000000049,6455.0,1.0
P_1-3_4822,P_1-2_5641,53.50000000000049,6455.0,1.0
P_1-3_4822,P_1-2_4098,252.59999999998993,6455.0,1.0
P_1-3_4822,P_1-2_4724,820.700000000118,6455.0,1.0
P_1-3_4822,P_1-2_3716,2156.599999999134,6455.0,1.0
P_1-3_4822,P_1-2_4327,744.5000000001007,6455.0,1.0
P_1-3_4822,P_1-2_5943,112.69999999999787,6455.0,1.0
P_1-3_4822,P_1-1-pt_4645,28.500000000000135,6455.0,1.0
P_1-3_4822,P_1-2_1219,117.89999999999758,6455.0,1.0
P_1-3_4822,P_1-2_3752,151.49999999999568,6455.0,1.0
P_1-1-pt_7763,P_1-1-pt_1560,356.3000000000125,6435.0,1.0
P_1-1-pt_7763,P_1-2_303,53.70000000000049,6435.0,1.0
P_1-1-pt_7763,P_1-3_3494,52.20000000000047,6435.0,1.0
P_1-1-pt_7763,P_1-1-veh_792,51.000000000000455,6435.0,1.0
P_1-1-pt_7763,P_1-1-veh_105,51.20000000000046,6435.0,1.0
P_1-1-pt_7763,P_1-1-pt_6273,56.600000000000534,6435.0,1.0
P_1-1-pt_7763,P_1-2_2554,51.20000000000046,6435.0,1.0
P_1-1-pt_7763,P_1-1-pt_8682,88.89999999999922,6435.0,1.0
P_1-1-pt_7763,P_1-1-pt_7142,57.90000000000055,6435.0,1.0
P_1-2_4730,P_1-3_2482,16.499999999999964,6432.0,1.0
P_1-2_4730,P_1-2_1025,116.79999999999764,6432.0,1.0
P_1-2_4730,P_1-2_1219,92.39999999999903,6432.0,1.0
P_1-1-pt_2863,P_1-1-pt_5167,23.90000000000007,6429.0,1.0
P_1-1-pt_2863,P_1-1-pt_1747,51.800000000000466,6429.0,1.0
P_1-1-pt_2863,P_1-1-pt_5139,894.6000000001349,6429.0,1.0
P_1-1-pt_2863,P_1-2_250,36.300000000000246,6429.0,1.0
P_1-1-pt_2863,P_1-3_5475,50.10000000000044,6429.0,1.0
P_1-1-pt_2863,P_1-1-pt_4380,47.500000000000405,6429.0,1.0
P_1-1-pt_2863,P_1-1-pt_7938,58.40000000000056,6429.0,1.0
P_1-1-pt_2863,P_1-1-pt_3931,58.20000000000056,6429.0,1.0
P_1-1-pt_2863,P_2-1_6236,32.800000000000196,6429.0,1.0
P_1-1-pt_2863,P_1-2_1948,8.399999999999986,6429.0,1.0
P_1-1-pt_2863,P_1-1-pt_8969,55.70000000000052,6429.0,1.0
P_1-1-pt_2863,P_2-1_5067,36.200000000000244,6429.0,1.0
P_1-1-pt_2863,P_1-2_1658,54.4000000000005,6429.0,1.0
P_1-1-pt_2863,P_1-1-pt_7440,53.900000000000496,6429.0,1.0
P_1-3_80,P_1-2_4753,5.1999999999999975,6418.0,1.0
P_1-3_80,P_1-3_2043,13.199999999999969,6418.0,1.0
P_1-3_80,P_1-2_638,15.89999999999996,6418.0,1.0
P_1-3_80,P_2-1_2987,55.60000000000052,6418.0,1.0
P_1-1-pt_1238,P_1-1-pt_4875,3.4000000000000017,6403.0,1.0
P_1-1-pt_1238,P_1-2_1533,404.5000000000235,6403.0,1.0
P_1-1-pt_1238,P_1-3_3046,52.10000000000047,6403.0,1.0
P_1-1-pt_1238,P_1-3_3457,56.20000000000053,6403.0,1.0
P_1-1-pt_1238,P_1-1-veh_234,52.60000000000048,6403.0,1.0
P_1-1-pt_1238,P_1-1-pt_7208,302.1000000000002,6403.0,1.0
P_1-1-pt_1238,P_1-1-pt_6297,76.49999999999993,6403.0,1.0
P_1-1-pt_1238,P_1-2_303,32.20000000000019,6403.0,1.0
P_1-1-pt_1238,P_1-1-pt_6031,61.600000000000605,6403.0,1.0
P_1-1-pt_1238,P_1-1-pt_255,61.90000000000061,6403.0,1.0
P_1-1-pt_1238,P_1-1-pt_1108,61.70000000000061,6403.0,1.0
P_1-1-pt_1238,P_1-1-pt_2834,43.300000000000345,6403.0,1.0
P_1-1-pt_1238,P_1-1-veh_792,56.80000000000054,6403.0,1.0
P_1-1-pt_1238,P_1-1-pt_494,62.50000000000062,6403.0,1.0
P_1-1-pt_1238,P_1-1-pt_2162,62.80000000000062,6403.0,1.0
P_1-1-pt_1238,P_1-1-pt_5897,61.70000000000061,6403.0,1.0
P_1-1-pt_1238,P_1-1-pt_3769,61.80000000000061,6403.0,1.0
P_1-1-pt_1238,P_1-1-pt_4671,61.4000000000006,6403.0,1.0
P_1-1-pt_1238,P_1-1-pt_1270,61.0000000000006,6403.0,1.0
P_1-1-pt_1238,P_1-1-pt_4919,61.0000000000006,6403.0,1.0
P_1-1-pt_1238,P_1-1-pt_1304,60.70000000000059,6403.0,1.0
P_1-1-pt_1238,P_1-1-pt_5906,1656.6999999995887,6403.0,1.0
P_1-1-pt_1238,P_1-1-pt_8545,61.500000000000604,6403.0,1.0
P_1-1-pt_1238,P_1-1-pt_5392,58.50000000000056,6403.0,1.0
P_1-1-pt_1238,P_1-2_2702,117.69999999999759,6403.0,1.0
P_1-1-pt_1238,P_1-1-pt_5241,20.900000000000027,6403.0,1.0
P_1-1-pt_1238,P_1-2_568,35.80000000000024,6403.0,1.0
P_1-1-veh_246,P_1-3_743,52.90000000000048,6398.0,1.0
P_1-1-veh_246,P_1-3_2599,26.300000000000104,6398.0,1.0
P_1-1-veh_246,P_1-2_5745,26.300000000000104,6398.0,1.0
P_1-1-veh_246,P_1-1-pt_8735,4.5,6398.0,1.0
P_1-1-veh_246,P_1-2_4266,26.400000000000105,6398.0,1.0
P_1-1-veh_246,P_1-3_1535,25.600000000000094,6398.0,1.0
P_1-1-veh_246,P_1-2_609,28.600000000000136,6398.0,1.0
P_1-1-veh_246,P_1-1-pt_1173,4347.499999998285,6398.0,1.0
P_1-1-veh_246,P_1-2_3608,283.1999999999959,6398.0,1.0
P_1-1-veh_246,P_1-2_2598,17.199999999999974,6398.0,1.0
P_1-1-pt_7142,P_1-3_17,58.50000000000056,6394.0,1.0
P_1-1-pt_7142,P_1-1-veh_105,48.40000000000042,6394.0,1.0
P_1-1-pt_7142,P_1-3_3834,48.10000000000041,6394.0,1.0
P_1-1-pt_7142,P_1-3_1785,49.90000000000044,6394.0,1.0
P_1-1-pt_7142,P_1-2_2554,49.90000000000044,6394.0,1.0
P_1-1-pt_7142,P_1-2_3280,50.50000000000045,6394.0,1.0
P_1-1-pt_7142,P_1-3_3046,50.50000000000045,6394.0,1.0
P_1-1-pt_7142,P_1-3_3457,50.20000000000044,6394.0,1.0
P_1-1-pt_7142,P_1-1-veh_234,114.59999999999776,6394.0,1.0
P_1-1-pt_7142,P_1-1-pt_6538,1518.5999999997143,6394.0,1.0
P_1-1-pt_7142,P_1-1-pt_776,80.19999999999972,6394.0,1.0
P_1-1-pt_7142,P_1-1-pt_7760,68.60000000000038,6394.0,1.0
P_1-1-pt_7142,P_1-1-pt_1226,79.69999999999975,6394.0,1.0
P_1-1-pt_7142,P_2-1_2136,48.80000000000042,6394.0,1.0
P_1-1-pt_7142,P_1-1-veh_65,184.6999999999938,6394.0,1.0
P_1-1-pt_7142,P_1-1-pt_8830,50.400000000000446,6394.0,1.0
P_1-1-pt_7142,P_1-2_2715,57.60000000000055,6394.0,1.0
P_1-1-pt_7142,P_1-1-pt_7763,57.90000000000055,6394.0,1.0
P_1-1-pt_7142,P_1-3_2323,104.69999999999833,6394.0,1.0
P_1-1-pt_7142,P_1-3_528,95.29999999999886,6394.0,1.0
P_1-1-pt_8762,P_1-3_2985,51.30000000000046,6386.0,0.9915440025054807
P_1-1-pt_8762,P_1-1-veh_602,50.60000000000045,6386.0,0.9915440025054807
P_1-1-pt_8762,P_1-1-pt_3927,65.50000000000055,6386.0,0.9915440025054807
P_1-1-pt_8762,P_1-1-pt_1298,58.700000000000564,6386.0,0.9915440025054807
P_1-1-pt_8762,P_1-1-pt_3571,57.90000000000055,6386.0,0.9915440025054807
P_1-1-pt_8762,P_1-1-pt_7325,75.39999999999999,6386.0,0.9915440025054807
P_1-1-pt_8762,P_1-1-pt_8137,84.29999999999949,6386.0,0.9915440025054807
P_1-1-pt_8762,P_1-1-pt_5193,38.60000000000028,6386.0,0.9915440025054807
P_1-1-pt_8762,P_1-1-pt_1798,2211.1999999990844,6386.0,0.9915440025054807
P_1-1-pt_8762,P_1-1-pt_3275,62.50000000000062,6386.0,0.9915440025054807
P_1-1-pt_8762,P_1-1-pt_1560,62.40000000000062,6386.0,0.9915440025054807
P_1-1-pt_8762,P_1-1-pt_1966,61.4000000000006,6386.0,0.9915440025054807
P_1-1-pt_8762,P_1-1-pt_4595,60.40000000000059,6386.0,0.9915440025054807
P_1-1-pt_8762,P_1-1-pt_1138,2563.599999998764,6386.0,0.9915440025054807
P_1-1-pt_8762,P_1-2_2702,104.29999999999835,6386.0,0.9915440025054807
P_1-1-pt_8762,P_1-1-pt_5392,110.499999999998,6386.0,0.9915440025054807
P_1-1-pt_5275,P_1-2_3488,110.19999999999801,6382.0,0.8508304606706362
P_1-1-pt_5275,P_1-2_2237,107.99999999999814,6382.0,0.8508304606706362
P_1-1-pt_5275,P_1-1-pt_2129,110.99999999999797,6382.0,0.8508304606706362
P_1-1-pt_5275,P_1-1-pt_1039,111.99999999999791,6382.0,0.8508304606706362
P_1-1-pt_5275,P_1-1-pt_1700,107.89999999999814,6382.0,0.8508304606706362
P_1-1-pt_5275,P_1-3_3135,58.60000000000056,6382.0,0.8508304606706362
P_1-1-pt_1173,P_1-3_743,50.80000000000045,6381.0,1.0
P_1-1-pt_1173,P_1-3_2599,3.0000000000000013,6381.0,1.0
P_1-1-pt_1173,P_1-2_5745,3.3000000000000016,6381.0,1.0
P_1-1-pt_1173,P_1-2_4266,4.799999999999999,6381.0,1.0
P_1-1-pt_1173,P_1-1-veh_246,4347.499999998285,6381.0,1.0
P_1-1-pt_1173,P_1-2_3608,2096.6999999991885,6381.0,1.0
P_1-1-pt_6176,P_1-1-pt_6743,117.89999999999758,6381.0,1.0
P_1-1-pt_6176,P_1-1-pt_5906,65.10000000000058,6381.0,1.0
P_1-1-pt_6176,P_1-1-pt_3916,64.8000000000006,6381.0,1.0
P_1-1-pt_6176,P_1-1-pt_8728,48.50000000000042,6381.0,1.0
P_1-1-pt_6176,P_1-3_4690,59.10000000000057,6381.0,1.0
P_1-1-pt_6176,P_1-1-pt_7573,60.60000000000059,6381.0,1.0
P_1-1-pt_6176,P_1-1-pt_2503,24.800000000000082,6381.0,1.0
P_1-1-pt_6176,P_1-1-pt_297,72.10000000000018,6381.0,1.0
P_1-1-pt_6176,P_1-1-pt_4996,64.20000000000063,6381.0,1.0
P_1-2_2422,P_1-2_1948,26.1000000000001,6365.0,1.0
P_1-2_2422,P_1-3_4492,27.900000000000126,6365.0,1.0
P_1-2_2422,P_1-3_2528,12.599999999999971,6365.0,1.0
P_1-2_2422,P_1-3_5354,45.60000000000038,6365.0,1.0
P_1-2_2422,P_1-3_4587,46.20000000000039,6365.0,1.0
P_1-2_2422,P_1-2_4955,40.60000000000031,6365.0,1.0
P_1-2_2422,P_1-2_2061,41.30000000000032,6365.0,1.0
P_1-2_2422,P_1-3_2076,55.900000000000524,6365.0,1.0
P_1-2_2422,P_1-1-pt_4785,61.1000000000006,6365.0,1.0
P_1-2_2422,P_2-1_3664,51.60000000000046,6365.0,1.0
P_1-2_2422,P_2-1_3058,51.20000000000046,6365.0,1.0
P_1-2_2422,P_1-2_2335,33.60000000000021,6365.0,1.0
P_1-2_2422,P_1-3_2180,50.70000000000045,6365.0,1.0
P_1-2_2422,P_1-3_1213,50.20000000000044,6365.0,1.0
P_1-2_3052,P_1-1-pt_527,56.90000000000054,6365.0,1.0
P_1-2_3052,P_1-2_4962,12.199999999999973,6365.0,1.0
P_1-2_3052,P_1-2_1313,32.40000000000019,6365.0,1.0
P_1-2_3052,P_1-2_2034,10.699999999999978,6365.0,1.0
P_1-2_3052,P_1-1-pt_4595,57.300000000000544,6365.0,1.0
P_1-2_3052,P_1-1-pt_8545,56.80000000000054,6365.0,1.0
P_1-2_3052,P_1-2_1017,41.40000000000032,6365.0,1.0
P_1-2_3052,P_1-3_990,18.799999999999997,6365.0,1.0
P_1-2_3052,P_1-1-pt_1306,183.89999999999384,6365.0,1.0
P_1-2_3052,P_1-1-pt_5906,123.99999999999723,6365.0,1.0
P_1-2_3052,P_1-2_4208,58.000000000000554,6365.0,1.0
P_1-2_3052,P_1-3_3755,56.600000000000534,6365.0,1.0
P_1-2_3052,P_1-3_5334,83.59999999999953,6365.0,1.0
P_1-2_3052,P_1-1-pt_3927,97.39999999999874,6365.0,1.0
P_1-2_3052,P_1-2_2345,30.700000000000166,6365.0,1.0
P_1-2_1420,P_1-3_228,3505.999999997907,6363.0,1.0
P_1-2_1420,P_1-2_4734,224.09999999999155,6363.0,1.0
P_1-2_1420,P_1-2_4206,224.39999999999154,6363.0,1.0
P_1-2_1420,P_1-3_1500,224.59999999999152,6363.0,1.0
P_1-2_1420,P_1-3_3901,224.59999999999152,6363.0,1.0
P_1-2_1420,P_1-3_3776,224.7999999999915,6363.0,1.0
P_1-2_1420,P_2-1_2161,224.19999999999155,6363.0,1.0
P_1-2_1420,P_1-3_874,648.4000000000789,6363.0,1.0
P_1-2_1420,P_1-3_2454,111.79999999999792,6363.0,1.0
P_1-2_1420,P_1-3_3834,111.89999999999792,6363.0,1.0
P_1-2_1420,P_1-2_3280,56.10000000000053,6363.0,1.0
P_1-2_1420,P_1-3_3046,56.10000000000053,6363.0,1.0
P_1-2_1420,P_1-3_3457,56.000000000000526,6363.0,1.0
P_1-2_1420,P_1-3_4168,56.10000000000053,6363.0,1.0
P_1-2_1420,P_1-3_2053,56.10000000000053,6363.0,1.0
P_1-1-pt_6743,P_1-1-pt_6176,117.89999999999758,6360.0,1.0
P_1-1-pt_6743,P_1-1-pt_521,176.89999999999424,6360.0,1.0
P_1-1-pt_6743,P_1-1-pt_8280,193.09999999999332,6360.0,1.0
P_1-1-pt_6743,P_1-1-pt_4262,57.10000000000054,6360.0,1.0
P_1-1-pt_6743,P_1-1-pt_3207,184.3999999999938,6360.0,1.0
P_1-1-pt_6743,P_1-1-pt_4879,121.99999999999734,6360.0,1.0
P_1-1-pt_6743,P_1-1-pt_2369,365.20000000001454,6360.0,1.0
P_1-1-pt_6743,P_1-1-pt_5167,159.09999999999525,6360.0,1.0
P_1-1-pt_6743,P_1-1-pt_1747,145.899999999996,6360.0,1.0
P_1-1-pt_6743,P_1-1-pt_6974,67.50000000000044,6360.0,1.0
P_1-1-pt_6743,P_1-1-pt_98,62.40000000000062,6360.0,1.0
P_1-1-pt_6743,P_1-1-pt_3671,122.7999999999973,6360.0,1.0
P_1-1-pt_6743,P_2-1_3764,8.699999999999985,6360.0,1.0
P_1-1-pt_6743,P_2-1_63,58.40000000000056,6360.0,1.0
P_1-1-pt_6743,P_1-2_1612,58.40000000000056,6360.0,1.0
P_1-1-pt_6743,P_1-3_4663,46.40000000000039,6360.0,1.0
P_1-1-pt_6743,P_1-1-pt_2880,55.60000000000052,6360.0,1.0
P_1-1-pt_6743,P_1-1-pt_3858,78.29999999999983,6360.0,1.0
P_1-1-pt_6743,P_1-1-veh_610,77.0999999999999,6360.0,1.0
P_1-1-pt_6743,P_1-1-veh_767,54.90000000000051,6360.0,1.0
P_1-1-pt_6743,P_1-2_303,54.2000000000005,6360.0,1.0
P_1-1-pt_6743,P_1-1-pt_571,57.20000000000054,6360.0,1.0
P_1-1-pt_6743,P_1-1-pt_3230,56.90000000000054,6360.0,1.0
P_1-1-pt_6743,P_1-1-pt_1497,40.400000000000304,6360.0,1.0
P_1-1-pt_5199,P_1-1-pt_4996,127.89999999999701,6359.0,1.0
P_1-1-pt_5199,P_1-1-pt_3386,62.60000000000062,6359.0,1.0
P_1-1-pt_5199,P_1-1-pt_3067,127.19999999999705,6359.0,1.0
P_1-1-pt_5199,P_1-1-veh_767,375.40000000001686,6359.0,1.0
P_1-1-pt_5199,P_1-1-pt_776,71.20000000000023,6359.0,1.0
P_1-1-pt_5199,P_1-1-pt_1226,65.40000000000056,6359.0,1.0
P_1-1-pt_5199,P_1-2_1596,51.000000000000455,6359.0,1.0
P_1-1-pt_5199,P_1-1-veh_234,180.39999999999404,6359.0,1.0
P_1-1-pt_5199,P_1-1-pt_6931,94.89999999999888,6359.0,1.0
P_1-1-pt_5199,P_1-1-pt_6031,72.00000000000018,6359.0,1.0
P_1-1-pt_5199,P_1-1-pt_3624,69.30000000000034,6359.0,1.0
P_1-1-pt_5199,P_1-1-pt_6413,61.2000000000006,6359.0,1.0
P_1-1-pt_5199,P_1-1-pt_1296,62.40000000000062,6359.0,1.0
P_1-1-pt_5199,P_1-1-pt_2834,41.40000000000032,6359.0,1.0
P_1-1-pt_5199,P_1-1-pt_530,49.000000000000426,6359.0,1.0
P_1-1-pt_1296,P_1-2_4962,50.00000000000044,6354.0,1.0
P_1-1-pt_1296,P_1-2_1017,57.300000000000544,6354.0,1.0
P_1-1-pt_1296,P_1-2_1715,54.70000000000051,6354.0,1.0
P_1-1-pt_1296,P_1-2_2795,51.800000000000466,6354.0,1.0
P_1-1-pt_1296,P_1-1-pt_8247,57.300000000000544,6354.0,1.0
P_1-1-pt_1296,P_1-2_671,55.300000000000516,6354.0,1.0
P_1-1-pt_1296,P_1-1-pt_4996,36.70000000000025,6354.0,1.0
P_1-1-pt_1296,P_1-1-pt_2834,95.09999999999887,6354.0,1.0
P_1-1-pt_1296,P_1-1-pt_5199,62.40000000000062,6354.0,1.0
P_1-1-pt_1296,P_1-1-pt_3097,63.600000000000634,6354.0,1.0
P_1-1-pt_1296,P_2-1_63,1.2,6354.0,1.0
P_1-1-pt_1296,P_1-1-pt_761,62.300000000000615,6354.0,1.0
P_1-1-pt_1296,P_1-1-pt_5666,115.99999999999768,6354.0,1.0
P_1-1-pt_1296,P_1-1-pt_1473,61.1000000000006,6354.0,1.0
P_1-2_2554,P_1-3_3046,2.0000000000000004,6340.0,1.0
P_1-2_2554,P_1-3_3457,35.30000000000023,6340.0,1.0
P_1-2_2554,P_1-1-veh_234,54.90000000000051,6340.0,1.0
P_1-2_2554,P_1-1-pt_7142,49.90000000000044,6340.0,1.0
P_1-2_2554,P_1-1-pt_6538,50.90000000000045,6340.0,1.0
P_1-2_2554,P_1-1-pt_8682,51.000000000000455,6340.0,1.0
P_1-2_2554,P_1-2_1596,53.30000000000049,6340.0,1.0
P_1-2_2554,P_1-3_4168,53.30000000000049,6340.0,1.0
P_1-2_2554,P_1-2_3081,53.50000000000049,6340.0,1.0
P_1-2_2554,P_1-3_3579,61.4000000000006,6340.0,1.0
P_1-2_2554,P_1-1-pt_7080,51.60000000000046,6340.0,1.0
P_1-2_2554,P_1-1-veh_105,46.60000000000039,6340.0,1.0
P_1-2_2554,P_1-1-pt_7763,51.20000000000046,6340.0,1.0
P_1-2_2554,P_1-2_1203,1504.0999999997275,6340.0,1.0
P_1-2_2554,P_1-1-pt_7760,25.600000000000094,6340.0,1.0
P_1-2_2554,P_1-1-pt_6273,46.800000000000395,6340.0,1.0
P_1-2_2554,P_1-3_2323,52.60000000000048,6340.0,1.0
P_1-2_2554,P_1-3_528,53.70000000000049,6340.0,1.0
P_1-2_2554,P_1-3_403,53.200000000000486,6340.0,1.0
P_1-2_2554,P_1-1-pt_1108,259.4999999999905,6340.0,1.0
P_1-2_2554,P_1-1-pt_1304,120.49999999999743,6340.0,1.0
P_1-2_2554,P_2-1_3764,88.19999999999926,6340.0,1.0
P_1-2_2554,P_2-1_2925,62.70000000000062,6340.0,1.0
P_1-2_2554,P_1-1-pt_8137,103.59999999999839,6340.0,1.0
P_1-2_2554,P_2-1_63,11.299999999999976,6340.0,1.0
P_1-2_2554,P_1-1-pt_6453,48.900000000000425,6340.0,1.0
P_1-1-pt_1298,P_1-2_4208,37.10000000000026,6335.0,1.0
P_1-1-pt_1298,P_1-1-pt_4671,57.80000000000055,6335.0,1.0
P_1-1-pt_1298,P_1-1-pt_8762,58.700000000000564,6335.0,1.0
P_1-1-pt_1298,P_1-1-pt_1798,58.30000000000056,6335.0,1.0
P_1-1-pt_1298,P_1-2_3413,52.80000000000048,6335.0,1.0
P_1-1-pt_1298,P_1-1-pt_1037,72.40000000000016,6335.0,1.0
P_1-1-pt_1298,P_1-1-pt_5324,65.40000000000056,6335.0,1.0
P_1-1-pt_1298,P_2-1_2045,51.30000000000046,6335.0,1.0
P_1-3_3132,P_1-2_5288,53.30000000000049,6333.0,1.0
P_1-3_3132,P_1-3_2374,53.70000000000049,6333.0,1.0
P_1-3_3132,P_1-3_268,53.50000000000049,6333.0,1.0
P_1-3_3132,P_1-2_1805,55.200000000000514,6333.0,1.0
P_1-1-pt_1966,P_1-2_303,48.80000000000042,6326.0,1.0
P_1-1-pt_1966,P_1-1-pt_6031,61.2000000000006,6326.0,1.0
P_1-1-pt_1966,P_1-1-pt_255,63.10000000000063,6326.0,1.0
P_1-1-pt_1966,P_1-1-pt_1108,60.800000000000594,6326.0,1.0
P_1-1-pt_1966,P_1-1-pt_494,61.70000000000061,6326.0,1.0
P_1-1-pt_1966,P_1-1-pt_2162,61.80000000000061,6326.0,1.0
P_1-1-pt_1966,P_1-1-pt_5897,60.800000000000594,6326.0,1.0
P_1-1-pt_1966,P_1-1-pt_4671,61.3000000000006,6326.0,1.0
P_1-1-pt_1966,P_1-1-pt_1270,86.29999999999937,6326.0,1.0
P_1-1-pt_1966,P_1-1-pt_4919,80.79999999999968,6326.0,1.0
P_1-1-pt_1966,P_1-1-pt_1304,78.6999999999998,6326.0,1.0
P_1-1-pt_1966,P_1-1-pt_7863,61.500000000000604,6326.0,1.0
P_1-1-pt_1966,P_1-1-pt_5193,60.800000000000594,6326.0,1.0
P_1-1-pt_1966,P_1-1-pt_7325,62.50000000000062,6326.0,1.0
P_1-1-pt_1966,P_1-1-pt_8137,62.900000000000624,6326.0,1.0
P_1-1-pt_1966,P_1-1-pt_8762,61.4000000000006,6326.0,1.0
P_1-1-pt_1966,P_1-1-pt_1138,62.00000000000061,6326.0,1.0
P_1-1-pt_1966,P_1-1-pt_654,60.40000000000059,6326.0,1.0
P_1-1-pt_1966,P_1-2_3575,62.200000000000614,6326.0,1.0
P_1-1-pt_1966,P_1-2_3386,51.60000000000046,6326.0,1.0
P_1-1-pt_1966,P_1-1-pt_3275,61.0000000000006,6326.0,1.0
P_1-1-pt_4736,P_1-1-pt_2503,0.7,6324.0,1.0
P_1-1-pt_4736,P_1-1-pt_3207,145.29999999999603,6324.0,1.0
P_1-1-pt_4736,P_1-1-pt_2369,228.3999999999913,6324.0,1.0
P_1-1-pt_4736,P_1-1-pt_5167,190.79999999999345,6324.0,1.0
P_1-1-pt_4736,P_1-1-pt_3858,104.29999999999835,6324.0,1.0
P_1-1-pt_4736,P_1-1-pt_1747,186.69999999999368,6324.0,1.0
P_1-1-pt_4736,P_1-1-pt_3671,431.60000000002964,6324.0,1.0
P_1-1-pt_4736,P_1-1-pt_1497,176.69999999999425,6324.0,1.0
P_1-1-pt_4736,P_1-2_250,761.4000000001046,6324.0,1.0
P_1-1-pt_4736,P_1-1-pt_98,64.7000000000006,6324.0,1.0
P_1-1-pt_4736,P_1-1-pt_2920,66.20000000000051,6324.0,1.0
P_1-1-pt_4736,P_1-1-pt_6974,146.79999999999595,6324.0,1.0
P_1-1-pt_4736,P_1-2_4940,55.40000000000052,6324.0,1.0
P_1-1-pt_4736,P_1-1-pt_8728,71.30000000000022,6324.0,1.0
P_1-1-pt_4736,P_1-1-veh_610,17.49999999999998,6324.0,1.0
P_1-1-pt_4736,P_1-1-pt_8280,66.10000000000052,6324.0,1.0
P_1-1-pt_4736,P_1-1-pt_571,149.99999999999577,6324.0,1.0
P_1-1-pt_4736,P_1-1-pt_3230,154.39999999999552,6324.0,1.0
P_1-1-pt_4736,P_1-1-pt_7208,66.80000000000048,6324.0,1.0
P_1-1-pt_4736,P_1-1-pt_2880,416.5000000000262,6324.0,1.0
P_1-2_1953,P_1-2_1494,53.40000000000049,6322.0,1.0
P_1-2_1953,P_2-1_600,58.800000000000566,6322.0,1.0
P_1-2_1953,P_1-2_4376,53.30000000000049,6322.0,1.0
P_1-2_1953,P_1-3_1676,53.100000000000485,6322.0,1.0
P_1-2_1953,P_1-2_5765,53.200000000000486,6322.0,1.0
P_1-2_1953,P_1-3_809,2021.6999999992568,6322.0,1.0
P_1-3_5354,P_1-3_2076,159.9999999999952,6318.0,1.0
P_1-3_5354,P_1-1-pt_2961,51.90000000000047,6318.0,1.0
P_1-3_5354,P_1-2_5020,106.19999999999824,6318.0,1.0
P_1-3_5354,P_1-1-pt_8968,51.60000000000046,6318.0,1.0
P_1-3_5354,P_1-2_2422,45.60000000000038,6318.0,1.0
P_1-3_5354,P_1-2_5092,55.00000000000051,6318.0,1.0
P_1-3_5354,P_2-1_4930,49.700000000000436,6318.0,1.0
P_1-3_5354,P_1-3_5451,260.49999999999073,6318.0,1.0
P_1-3_5354,P_1-3_4587,109.19999999999807,6318.0,1.0
P_1-3_5354,P_1-2_4955,51.20000000000046,6318.0,1.0
P_1-3_5354,P_1-2_2061,51.000000000000455,6318.0,1.0
P_1-3_5354,P_1-1-pt_6516,204.79999999999265,6318.0,1.0
P_1-3_5354,P_1-1-pt_4785,40.90000000000031,6318.0,1.0
P_1-3_5354,P_1-2_3378,109.39999999999806,6318.0,1.0
P_1-3_5354,P_1-2_3077,109.39999999999806,6318.0,1.0
P_1-3_5354,P_1-3_2180,46.800000000000395,6318.0,1.0
P_2-1_2136,P_1-3_635,53.200000000000486,6315.0,1.0
P_2-1_2136,P_1-1-veh_65,184.99999999999378,6315.0,1.0
P_2-1_2136,P_1-1-pt_4875,63.30000000000063,6315.0,1.0
P_2-1_2136,P_1-2_168,59.20000000000057,6315.0,1.0
P_2-1_2136,P_1-1-pt_8830,51.000000000000455,6315.0,1.0
P_2-1_2136,P_1-2_3708,53.30000000000049,6315.0,1.0
P_2-1_2136,P_1-1-pt_7142,48.80000000000042,6315.0,1.0
P_2-1_2136,P_1-2_2715,51.40000000000046,6315.0,1.0
P_2-1_2136,P_1-1-pt_2529,64.8000000000006,6315.0,1.0
P_2-1_2136,P_1-1-pt_6931,64.30000000000062,6315.0,1.0
P_2-1_2136,P_1-1-pt_6297,114.79999999999775,6315.0,1.0
P_2-1_2136,P_1-1-pt_6031,105.59999999999827,6315.0,1.0
P_2-1_2136,P_1-1-pt_8068,55.00000000000051,6315.0,1.0
P_1-1-pt_6538,P_1-3_17,147.89999999999588,6300.0,1.0
P_1-1-pt_6538,P_1-1-veh_105,50.80000000000045,6300.0,1.0
P_1-1-pt_6538,P_1-3_3834,45.70000000000038,6300.0,1.0
P_1-1-pt_6538,P_1-3_1785,50.90000000000045,6300.0,1.0
P_1-1-pt_6538,P_1-2_2554,50.90000000000045,6300.0,1.0
P_1-1-pt_6538,P_1-2_3280,50.90000000000045,6300.0,1.0
P_1-1-pt_6538,P_1-3_3046,50.90000000000045,6300.0,1.0
P_1-1-pt_6538,P_1-3_3457,50.90000000000045,6300.0,1.0
P_1-1-pt_6538,P_1-1-veh_234,54.70000000000051,6300.0,1.0
P_1-1-pt_6538,P_1-1-pt_7142,1518.5999999997143,6300.0,1.0
P_1-1-pt_6538,P_1-1-pt_7760,48.00000000000041,6300.0,1.0
P_1-1-pt_6538,P_1-3_2053,50.50000000000045,6300.0,1.0
P_1-1-pt_6538,P_1-1-pt_776,290.99999999999767,6300.0,1.0
P_1-1-pt_6538,P_1-2_5951,51.20000000000046,6300.0,1.0
P_1-1-pt_6538,P_1-1-pt_5078,57.90000000000055,6300.0,1.0
P_1-1-pt_6538,P_1-3_4690,51.50000000000046,6300.0,1.0
P_1-1-pt_6538,P_1-1-pt_761,68.70000000000037,6300.0,1.0
P_1-1-pt_6538,P_1-2_1255,90.9999999999991,6300.0,1.0
P_1-1-pt_6538,P_1-1-pt_2503,129.9999999999969,6300.0,1.0
P_1-1-pt_5193,P_1-1-pt_7325,219.29999999999183,6293.0,1.0
P_1-1-pt_5193,P_1-1-pt_8137,153.49999999999557,6293.0,1.0
P_1-1-pt_5193,P_1-1-pt_7863,40.3000000000003,6293.0,1.0
P_1-1-pt_5193,P_1-1-pt_8762,38.60000000000028,6293.0,1.0
P_1-1-pt_5193,P_1-1-pt_1798,22.900000000000055,6293.0,1.0
P_1-1-pt_5193,P_1-1-pt_1138,19.200000000000003,6293.0,1.0
P_1-1-pt_5193,P_1-2_1313,63.10000000000063,6293.0,1.0
P_1-1-pt_5193,P_1-1-pt_3275,61.600000000000605,6293.0,1.0
P_1-1-pt_5193,P_1-1-pt_1560,61.600000000000605,6293.0,1.0
P_1-1-pt_5193,P_1-1-pt_1966,60.800000000000594,6293.0,1.0
P_1-1-pt_5193,P_1-1-pt_4595,88.49999999999925,6293.0,1.0
P_1-1-pt_5193,P_1-1-pt_5906,61.70000000000061,6293.0,1.0
P_1-1-pt_5193,P_1-1-pt_1226,60.900000000000595,6293.0,1.0
P_1-1-pt_5193,P_1-1-pt_3624,57.70000000000055,6293.0,1.0
P_1-1-pt_5193,P_1-1-pt_1304,56.20000000000053,6293.0,1.0
P_1-1-pt_5193,P_1-1-veh_105,106.19999999999824,6293.0,1.0
P_1-1-pt_5193,P_2-1_3764,55.80000000000052,6293.0,1.0
P_1-1-pt_5193,P_2-1_2925,56.40000000000053,6293.0,1.0
P_1-1-pt_5193,P_1-1-veh_792,129.69999999999692,6293.0,1.0
P_1-1-pt_5193,P_2-1_63,87.09999999999933,6293.0,1.0
P_1-1-pt_5193,P_1-2_1612,85.6999999999994,6293.0,1.0
P_1-1-pt_5193,P_1-1-pt_6453,56.700000000000536,6293.0,1.0
P_1-1-pt_5193,P_1-3_3245,51.20000000000046,6293.0,1.0
P_1-1-pt_5193,P_2-1_5419,50.400000000000446,6293.0,1.0
P_1-1-pt_5193,P_1-1-pt_8728,53.30000000000049,6293.0,1.0
P_1-1-pt_5193,P_1-1-pt_8545,1888.6999999993777,6293.0,1.0
P_1-1-pt_5193,P_1-2_4483,40.0000000000003,6293.0,1.0
P_1-2_5252,P_1-1-pt_2718,51.000000000000455,6293.0,1.0
P_1-2_5252,P_1-3_2881,53.200000000000486,6293.0,1.0
P_1-2_5252,P_1-1-veh_603,53.30000000000049,6293.0,1.0
P_1-2_5252,P_1-2_1600,53.200000000000486,6293.0,1.0
P_1-2_5252,P_1-1-pt_6309,50.90000000000045,6293.0,1.0
P_1-2_5252,P_1-1-pt_8692,50.90000000000045,6293.0,1.0
P_1-2_5252,P_1-1-veh_459,53.30000000000049,6293.0,1.0
P_1-2_5252,P_1-1-pt_8611,50.70000000000045,6293.0,1.0
P_1-2_5252,P_1-1-pt_5997,50.90000000000045,6293.0,1.0
P_1-2_5252,P_1-1-pt_394,50.80000000000045,6293.0,1.0
P_1-2_5252,P_1-1-pt_4541,50.80000000000045,6293.0,1.0
P_1-2_5252,P_1-3_4124,53.200000000000486,6293.0,1.0
P_1-2_5252,P_1-3_2421,53.30000000000049,6293.0,1.0
P_1-2_5252,P_1-1-pt_725,50.90000000000045,6293.0,1.0
P_1-2_5252,P_1-1-pt_530,7.599999999999989,6293.0,1.0
P_1-2_5252,P_1-1-pt_3067,34.900000000000226,6293.0,1.0
P_1-2_5252,P_1-1-veh_792,139.79999999999634,6293.0,1.0
P_1-3_4666,P_1-2_505,44.40000000000036,6291.0,1.0
P_1-3_4666,P_1-2_2715,48.00000000000041,6291.0,1.0
P_1-3_4666,P_1-1-pt_0,39.000000000000284,6291.0,1.0
P_1-3_4666,P_1-2_4791,109.89999999999803,6291.0,1.0
P_1-3_4666,P_1-2_1533,110.89999999999797,6291.0,1.0
P_1-3_4666,P_1-3_5578,105.1999999999983,6291.0,1.0
P_1-3_4666,P_1-3_635,53.200000000000486,6291.0,1.0
P_1-1-veh_407,P_2-1_4232,53.40000000000049,6288.0,1.0
P_1-1-veh_407,P_1-1-pt_6358,51.50000000000046,6288.0,1.0
P_1-1-veh_407,P_1-1-pt_6516,55.40000000000052,6288.0,1.0
P_1-3_3793,P_1-3_870,132.39999999999677,6285.0,1.0
P_1-3_3793,P_1-3_2278,57.50000000000055,6285.0,1.0
P_1-3_3793,P_1-1-pt_560,476.60000000003987,6285.0,1.0
P_1-2_4098,P_1-3_5117,53.40000000000049,6284.0,1.0
P_1-2_4098,P_1-2_2183,53.50000000000049,6284.0,1.0
P_1-2_4098,P_1-2_1025,41.60000000000032,6284.0,1.0
P_1-2_4098,P_1-3_4822,252.59999999998993,6284.0,1.0
P_1-2_4098,P_1-2_4327,553.9000000000574,6284.0,1.0
P_1-2_4098,P_1-2_5943,58.20000000000056,6284.0,1.0
P_1-2_4098,P_1-1-pt_4645,109.99999999999802,6284.0,1.0
P_1-2_4098,P_1-2_1219,45.400000000000375,6284.0,1.0
P_1-2_4098,P_1-2_3752,74.00000000000007,6284.0,1.0
P_1-2_4098,P_1-3_2482,3139.49999999824,6284.0,1.0
P_1-2_4098,P_1-2_3716,3395.599999998007,6284.0,1.0
P_1-2_5288,P_1-2_1805,53.40000000000049,6284.0,1.0
P_1-2_5288,P_1-2_5369,41.50000000000032,6284.0,1.0
P_1-2_5288,P_2-1_4267,53.30000000000049,6284.0,1.0
P_1-2_5288,P_2-1_3390,53.30000000000049,6284.0,1.0
P_1-2_5288,P_2-1_1463,53.40000000000049,6284.0,1.0
P_1-2_5288,P_2-1_499,53.40000000000049,6284.0,1.0
P_1-2_5288,P_2-1_213,53.30000000000049,6284.0,1.0
P_1-2_5288,P_1-3_3132,53.30000000000049,6284.0,1.0
P_1-2_5288,P_1-3_2187,42.20000000000033,6284.0,1.0
P_1-1-pt_6292,P_1-3_743,50.60000000000045,6282.0,0.7809614772365489
P_1-1-pt_6292,P_1-1-pt_1723,95.69999999999884,6282.0,0.7809614772365489
P_1-1-pt_6292,P_1-1-pt_498,188.99999999999355,6282.0,0.7809614772365489
P_1-1-pt_6292,P_1-3_2599,2.800000000000001,6282.0,0.7809614772365489
P_1-1-pt_6292,P_1-2_5745,2.1000000000000005,6282.0,0.7809614772365489
P_1-1-pt_6292,P_1-2_4266,3.3000000000000016,6282.0,0.7809614772365489
P_1-1-pt_6292,P_1-2_2598,7.999999999999988,6282.0,0.7809614772365489
P_1-1-pt_6292,P_1-2_5428,3854.6999999975897,6282.0,0.7809614772365489
P_1-3_1027,P_1-2_4329,33.90000000000021,6279.0,1.0
P_1-3_1027,P_1-2_3590,53.50000000000049,6279.0,1.0
P_1-3_1027,P_1-3_2424,48.50000000000042,6279.0,1.0
P_1-3_1027,P_1-3_1571,58.000000000000554,6279.0,1.0
P_1-3_1027,P_1-1-pt_5139,85.6999999999994,6279.0,1.0
P_1-3_1027,P_1-1-pt_1006,129.09999999999695,6279.0,1.0
P_1-3_1027,P_1-1-pt_2920,52.70000000000048,6279.0,1.0
P_1-3_1027,P_1-1-pt_6673,64.50000000000061,6279.0,1.0
P_1-2_1533,P_1-1-pt_1238,404.5000000000235,6275.0,1.0
P_1-2_1533,P_1-2_505,27.200000000000117,6275.0,1.0
P_1-2_1533,P_1-2_2715,34.800000000000225,6275.0,1.0
P_1-2_1533,P_1-1-pt_0,8.499999999999986,6275.0,1.0
P_1-2_1533,P_1-3_4666,110.89999999999797,6275.0,1.0
P_1-2_1533,P_1-2_4791,55.300000000000516,6275.0,1.0
P_1-2_1533,P_1-3_5578,56.50000000000053,6275.0,1.0
P_1-2_1533,P_1-3_635,55.900000000000524,6275.0,1.0
P_1-2_1533,P_1-1-pt_1039,153.59999999999556,6275.0,1.0
P_1-2_1533,P_1-1-pt_2129,138.6999999999964,6275.0,1.0
P_1-2_1533,P_1-1-pt_1700,56.600000000000534,6275.0,1.0
P_1-3_228,P_1-2_1420,3505.999999997907,6268.0,1.0
P_1-3_228,P_1-2_4734,223.99999999999156,6268.0,1.0
P_1-3_228,P_1-2_4206,224.09999999999155,6268.0,1.0
P_1-3_228,P_1-3_1500,223.4999999999916,6268.0,1.0
P_1-3_228,P_1-3_3901,224.59999999999152,6268.0,1.0
P_1-3_228,P_1-3_3776,224.29999999999154,6268.0,1.0
P_1-3_228,P_2-1_2161,223.69999999999158,6268.0,1.0
P_1-3_228,P_1-3_874,631.7000000000751,6268.0,1.0
P_1-3_228,P_1-3_2454,111.49999999999794,6268.0,1.0
P_1-3_228,P_1-3_3834,111.59999999999793,6268.0,1.0
P_1-3_228,P_1-2_3280,64.00000000000064,6268.0,1.0
P_1-3_228,P_1-3_3046,56.10000000000053,6268.0,1.0
P_1-3_228,P_1-3_3457,55.900000000000524,6268.0,1.0
P_1-3_228,P_1-3_4168,55.900000000000524,6268.0,1.0
P_1-3_228,P_1-3_2053,55.900000000000524,6268.0,1.0
P_1-2_5752,P_1-2_3821,678.6000000000857,6265.0,1.0
P_1-2_5752,P_1-2_2580,679.800000000086,6265.0,1.0
P_1-2_5752,P_1-3_4738,680.2000000000861,6265.0,1.0
P_1-2_5752,P_1-2_3464,630.5000000000748,6265.0,1.0
P_1-2_5752,P_1-2_2797,622.700000000073,6265.0,1.0
P_1-2_5752,P_1-1-veh_837,625.6000000000737,6265.0,1.0
P_1-2_5752,P_2-1_2028,1393.9999999998277,6265.0,1.0
P_1-1-pt_2425,P_1-1-pt_6516,47.400000000000404,6264.0,1.0
P_1-1-pt_2425,P_1-1-pt_2342,250.49999999999005,6264.0,1.0
P_1-1-pt_2425,P_2-1_2987,51.700000000000465,6264.0,1.0
P_1-1-pt_2425,P_1-2_5927,43.40000000000035,6264.0,1.0
P_1-1-pt_2425,P_1-1-pt_3800,21.400000000000034,6264.0,1.0
P_1-1-pt_2425,P_1-2_3214,39.100000000000286,6264.0,1.0
P_1-1-pt_2425,P_1-1-pt_841,105.29999999999829,6264.0,1.0
P_1-1-pt_2425,P_1-2_4715,38.300000000000274,6264.0,1.0
P_1-1-pt_2425,P_1-2_2653,44.30000000000036,6264.0,1.0
P_1-1-pt_2425,P_1-1-pt_2770,31.300000000000175,6264.0,1.0
P_1-1-pt_2425,P_1-1-pt_6355,31.800000000000182,6264.0,1.0
P_1-1-pt_2425,P_1-2_4454,52.30000000000047,6264.0,1.0
P_1-1-pt_2425,P_1-2_3590,42.00000000000033,6264.0,1.0
P_1-1-pt_2425,P_1-1-pt_8982,28.400000000000134,6264.0,1.0
P_1-1-pt_2425,P_1-1-pt_8969,26.400000000000105,6264.0,1.0
P_1-1-pt_2425,P_1-2_1658,26.0000000000001,6264.0,1.0
P_1-1-pt_2425,P_1-1-pt_1601,55.70000000000052,6264.0,1.0
P_1-1-pt_2425,P_1-2_1285,3729.6999999977033,6264.0,1.0
P_1-1-pt_2425,P_2-1_2911,1495.6999999997352,6264.0,1.0
P_1-3_990,P_1-2_1017,88.09999999999927,6262.0,1.0
P_1-3_990,P_1-1-veh_152,854.5000000001257,6262.0,1.0
P_1-3_990,P_1-1-pt_5357,168.39999999999472,6262.0,1.0
P_1-3_990,P_1-2_2543,118.89999999999752,6262.0,1.0
P_1-3_990,P_1-2_1313,52.90000000000048,6262.0,1.0
P_1-3_990,P_1-2_2034,27.300000000000118,6262.0,1.0
P_1-3_990,P_1-2_3052,18.799999999999997,6262.0,1.0
P_1-3_990,P_1-2_3413,34.40000000000022,6262.0,1.0
P_1-3_990,P_1-1-pt_1037,22.000000000000043,6262.0,1.0
P_1-3_990,P_1-1-pt_5324,22.700000000000053,6262.0,1.0
P_1-3_990,P_2-1_2045,37.600000000000264,6262.0,1.0
P_1-3_990,P_1-2_3693,62.10000000000061,6262.0,1.0
P_1-1-pt_1167,P_1-1-pt_6358,41.200000000000315,6258.0,1.0
P_1-1-pt_1167,P_1-2_4329,144.0999999999961,6258.0,1.0
P_1-1-pt_1167,P_1-1-pt_2431,58.000000000000554,6258.0,1.0
P_1-1-pt_1167,P_1-1-pt_3931,14.599999999999964,6258.0,1.0
P_1-1-pt_5241,P_1-3_2018,50.80000000000045,6257.0,1.0
P_1-1-pt_5241,P_1-2_5210,50.70000000000045,6257.0,1.0
P_1-1-pt_5241,P_1-2_573,50.60000000000045,6257.0,1.0
P_1-1-pt_5241,P_1-3_4954,50.70000000000045,6257.0,1.0
P_1-1-pt_5241,P_1-3_4875,50.90000000000045,6257.0,1.0
P_1-1-pt_5241,P_1-3_3410,876.7000000001308,6257.0,1.0
P_1-1-pt_5241,P_1-2_5640,481.600000000041,6257.0,1.0
P_1-1-pt_5241,P_1-2_3693,60.70000000000059,6257.0,1.0
P_1-1-pt_5241,P_1-1-pt_1238,20.900000000000027,6257.0,1.0
P_1-1-pt_5241,P_1-2_568,2155.599999999135,6257.0,1.0
P_1-1-veh_152,P_1-1-pt_1420,32.9000000000002,6257.0,1.0
P_1-1-veh_152,P_1-3_990,854.5000000001257,6257.0,1.0
P_1-1-veh_152,P_1-1-pt_4262,57.90000000000055,6257.0,1.0
P_1-1-veh_152,P_1-1-pt_3386,106.9999999999982,6257.0,1.0
P_1-3_874,P_1-1-pt_560,988.3000000001562,6253.0,1.0
P_1-3_874,P_1-2_4771,159.8999999999952,6253.0,1.0
P_1-3_874,P_1-2_4734,111.79999999999792,6253.0,1.0
P_1-3_874,P_1-2_4206,111.79999999999792,6253.0,1.0
P_1-3_874,P_1-3_1500,111.29999999999795,6253.0,1.0
P_1-3_874,P_1-3_3901,111.69999999999793,6253.0,1.0
P_1-3_874,P_1-2_1420,648.4000000000789,6253.0,1.0
P_1-3_874,P_1-3_228,631.7000000000751,6253.0,1.0
P_1-3_874,P_1-3_3776,167.99999999999474,6253.0,1.0
P_1-3_874,P_2-1_2161,168.09999999999474,6253.0,1.0
P_1-3_874,P_1-3_2454,55.80000000000052,6253.0,1.0
P_1-3_874,P_1-3_3834,111.79999999999792,6253.0,1.0
P_1-3_874,P_1-2_3280,61.90000000000061,6253.0,1.0
P_1-3_874,P_1-1-pt_1714,50.90000000000045,6253.0,1.0
P_1-3_874,P_1-2_2287,53.200000000000486,6253.0,1.0
P_1-3_874,P_1-2_3081,53.30000000000049,6253.0,1.0
P_1-3_874,P_1-2_5951,53.30000000000049,6253.0,1.0
P_1-1-pt_5897,P_1-2_3692,42.10000000000033,6252.0,1.0
P_1-1-pt_5897,P_1-1-pt_3571,7.699999999999989,6252.0,1.0
P_1-1-pt_5897,P_1-1-pt_4671,120.9999999999974,6252.0,1.0
P_1-1-pt_5897,P_1-1-pt_1270,47.0000000000004,6252.0,1.0
P_1-1-pt_5897,P_1-1-pt_4919,41.50000000000032,6252.0,1.0
P_1-1-pt_5897,P_1-1-pt_1304,33.70000000000021,6252.0,1.0
P_1-1-pt_5897,P_1-1-pt_3275,61.3000000000006,6252.0,1.0
P_1-1-pt_5897,P_1-1-pt_1560,61.70000000000061,6252.0,1.0
P_1-1-pt_5897,P_1-1-pt_1966,60.800000000000594,6252.0,1.0
P_1-1-pt_5897,P_1-1-pt_5906,61.0000000000006,6252.0,1.0
P_1-1-pt_5897,P_1-1-pt_1238,61.70000000000061,6252.0,1.0
P_1-1-pt_5897,P_1-1-pt_3916,62.80000000000062,6252.0,1.0
P_1-1-pt_5897,P_1-1-pt_1108,55.200000000000514,6252.0,1.0
P_1-1-pt_5897,P_1-1-pt_1226,61.600000000000605,6252.0,1.0
P_1-1-pt_5897,P_1-1-pt_3409,58.50000000000056,6252.0,1.0
P_1-1-pt_5897,P_1-1-pt_3624,58.50000000000056,6252.0,1.0
P_1-1-pt_5897,P_1-1-veh_792,232.0999999999911,6252.0,1.0
P_1-1-pt_5897,P_2-1_3764,55.60000000000052,6252.0,1.0
P_1-1-pt_5897,P_2-1_2925,55.70000000000052,6252.0,1.0
P_1-1-pt_5897,P_1-1-pt_1473,82.89999999999957,6252.0,1.0
P_1-1-pt_5897,P_1-1-pt_6297,91.69999999999906,6252.0,1.0
P_1-1-pt_5897,P_1-1-pt_3769,2289.699999999013,6252.0,1.0
P_1-1-pt_5897,P_1-1-veh_234,50.20000000000044,6252.0,1.0
P_1-1-pt_5897,P_1-1-pt_7760,188.0999999999936,6252.0,1.0
P_1-3_5451,P_1-1-veh_824,54.2000000000005,6252.0,1.0
P_1-3_5451,P_1-2_5092,1000.1000000001588,6252.0,1.0
P_1-3_5451,P_1-3_1140,1446.29999999978,6252.0,1.0
P_1-3_5451,P_2-1_4930,54.600000000000506,6252.0,1.0
P_1-3_5451,P_1-1-pt_8085,1008.2000000001607,6252.0,1.0
P_1-3_5451,P_1-3_5354,260.49999999999073,6252.0,1.0
P_1-3_5451,P_1-2_5927,35.90000000000024,6252.0,1.0
P_1-3_5451,P_1-2_3214,27.100000000000115,6252.0,1.0
P_1-3_5451,P_1-1-pt_841,99.09999999999864,6252.0,1.0
P_1-3_5451,P_1-2_4715,45.00000000000037,6252.0,1.0
P_1-3_5451,P_1-2_2653,48.00000000000041,6252.0,1.0
P_1-3_5451,P_1-1-pt_2770,39.800000000000296,6252.0,1.0
P_1-3_5451,P_1-1-pt_6355,40.400000000000304,6252.0,1.0
P_1-3_5451,P_1-2_4454,45.400000000000375,6252.0,1.0
P_1-3_5451,P_1-2_3590,45.50000000000038,6252.0,1.0
P_1-3_5451,P_1-1-pt_8982,40.500000000000306,6252.0,1.0
P_1-3_5451,P_1-1-pt_8969,22.40000000000005,6252.0,1.0
P_1-3_5451,P_1-2_1658,35.80000000000024,6252.0,1.0
P_1-3_5451,P_1-1-pt_1601,56.80000000000054,6252.0,1.0
P_2-1_3664,P_1-3_1213,55.200000000000514,6250.0,1.0
P_2-1_3664,P_2-1_3058,1566.0999999996711,6250.0,1.0
P_2-1_3664,P_1-2_2215,77.99999999999984,6250.0,1.0
P_2-1_3664,P_1-3_2180,58.50000000000056,6250.0,1.0
P_2-1_3664,P_1-2_2422,51.60000000000046,6250.0,1.0
P_2-1_3664,P_1-3_4587,45.80000000000038,6250.0,1.0
P_2-1_3664,P_1-3_2076,45.70000000000038,6250.0,1.0
P_2-1_3664,P_1-2_5927,41.00000000000031,6250.0,1.0
P_2-1_3664,P_1-1-pt_2961,55.50000000000052,6250.0,1.0
P_2-1_3664,P_1-1-pt_8968,55.300000000000516,6250.0,1.0
P_2-1_2925,P_1-1-pt_1329,61.4000000000006,6246.0,0.8528658341338456
P_2-1_2925,P_1-1-pt_4879,57.20000000000054,6246.0,0.8528658341338456
P_2-1_2925,P_1-1-pt_2920,34.60000000000022,6246.0,0.8528658341338456
P_2-1_2925,P_1-1-pt_6453,58.700000000000564,6246.0,0.8528658341338456
P_2-1_2925,P_1-2_4940,57.10000000000054,6246.0,0.8528658341338456
P_2-1_2925,P_1-1-pt_8728,18.39999999999999,6246.0,0.8528658341338456
P_2-1_2925,P_1-1-veh_610,11.599999999999975,6246.0,0.8528658341338456
P_2-1_2925,P_1-1-veh_767,11.399999999999975,6246.0,0.8528658341338456
P_2-1_2925,P_1-2_303,27.700000000000124,6246.0,0.8528658341338456
P_2-1_2925,P_1-1-pt_255,39.100000000000286,6246.0,0.8528658341338456
P_2-1_2925,P_1-1-pt_3097,408.0000000000243,6246.0,0.8528658341338456
P_2-1_2925,P_1-1-pt_6413,24.70000000000008,6246.0,0.8528658341338456
P_2-1_2925,P_1-1-pt_494,57.70000000000055,6246.0,0.8528658341338456
P_2-1_2925,P_1-1-pt_2162,57.400000000000546,6246.0,0.8528658341338456
P_2-1_2925,P_1-1-pt_5897,55.70000000000052,6246.0,0.8528658341338456
P_2-1_2925,P_1-1-pt_3769,54.90000000000051,6246.0,0.8528658341338456
P_2-1_2925,P_1-1-pt_4671,54.4000000000005,6246.0,0.8528658341338456
P_2-1_2925,P_1-1-pt_3409,53.50000000000049,6246.0,0.8528658341338456
P_2-1_2925,P_1-1-pt_1270,62.60000000000062,6246.0,0.8528658341338456
P_2-1_2925,P_2-1_3764,378.40000000001754,6246.0,0.8528658341338456
P_2-1_2925,P_1-1-pt_4919,72.20000000000017,6246.0,0.8528658341338456
P_2-1_2925,P_1-1-pt_7863,52.10000000000047,6246.0,0.8528658341338456
P_2-1_2925,P_1-1-veh_792,106.29999999999824,6246.0,0.8528658341338456
P_2-1_2925,P_1-1-pt_8545,56.700000000000536,6246.0,0.8528658341338456
P_2-1_2925,P_1-1-pt_5193,56.40000000000053,6246.0,0.8528658341338456
P_2-1_2925,P_1-1-pt_7325,56.40000000000053,6246.0,0.8528658341338456
P_2-1_2925,P_1-1-pt_8137,56.20000000000053,6246.0,0.8528658341338456
P_2-1_2925,P_1-1-pt_1108,44.50000000000036,6246.0,0.8528658341338456
P_2-1_2925,P_1-1-veh_105,63.20000000000063,6246.0,0.8528658341338456
P_2-1_2925,P_1-2_1203,51.800000000000466,6246.0,0.8528658341338456
P_2-1_2925,P_1-2_2554,62.70000000000062,6246.0,0.8528658341338456
P_2-1_2925,P_1-1-pt_6389,58.40000000000056,6246.0,0.8528658341338456
P_1-1-pt_3671,P_1-1-pt_5167,1279.9999999999313,6243.0,0.948742591702707
P_1-1-pt_3671,P_1-1-pt_1747,1284.8999999999269,6243.0,0.948742591702707
P_1-1-pt_3671,P_1-1-pt_4262,323.90000000000515,6243.0,0.948742591702707
P_1-1-pt_3671,P_1-1-pt_6974,1121.000000000076,6243.0,0.948742591702707
P_1-1-pt_3671,P_1-1-pt_98,1643.3999999996008,6243.0,0.948742591702707
P_1-1-pt_3671,P_1-1-pt_3207,867.3000000001286,6243.0,0.948742591702707
P_1-1-pt_3671,P_1-1-pt_4879,341.90000000000924,6243.0,0.948742591702707
P_1-1-pt_3671,P_1-1-pt_1497,619.0000000000722,6243.0,0.948742591702707
P_1-1-pt_3671,P_1-1-pt_6743,122.7999999999973,6243.0,0.948742591702707
P_1-1-pt_3671,P_1-1-pt_3858,417.9000000000265,6243.0,0.948742591702707
P_1-1-pt_3671,P_1-1-pt_4736,431.60000000002964,6243.0,0.948742591702707
P_1-1-pt_3671,P_1-1-pt_2880,131.6999999999968,6243.0,0.948742591702707
P_1-1-pt_3671,P_1-1-pt_521,800.5000000001135,6243.0,0.948742591702707
P_1-1-pt_3671,P_1-3_3245,85.39999999999942,6243.0,0.948742591702707
P_1-1-pt_3671,P_1-1-pt_5666,62.70000000000062,6243.0,0.948742591702707
P_1-1-pt_3671,P_1-2_250,21.00000000000003,6243.0,0.948742591702707
P_1-1-pt_3671,P_1-1-pt_2920,62.00000000000061,6243.0,0.948742591702707
P_1-1-pt_3671,P_1-2_4483,29.50000000000015,6243.0,0.948742591702707
P_1-1-pt_3671,P_1-2_4940,57.20000000000054,6243.0,0.948742591702707
P_1-1-pt_3671,P_1-1-veh_610,59.00000000000057,6243.0,0.948742591702707
P_1-1-pt_3671,P_1-1-pt_7915,68.1000000000004,6243.0,0.948742591702707
P_1-1-pt_3671,P_1-2_5543,119.1999999999975,6243.0,0.948742591702707
P_1-1-pt_3671,P_1-1-pt_7573,374.10000000001656,6243.0,0.948742591702707
P_1-1-pt_3671,P_1-1-veh_767,55.80000000000052,6243.0,0.948742591702707
P_1-1-pt_3671,P_1-1-pt_2013,61.600000000000605,6243.0,0.948742591702707
P_1-1-pt_3671,P_1-2_303,404.2000000000234,6243.0,0.948742591702707
P_1-1-pt_8611,P_1-1-pt_530,47.80000000000041,6238.0,0.8917922411029175
P_1-1-pt_8611,P_1-2_5252,50.70000000000045,6238.0,0.8917922411029175
P_1-1-pt_8611,P_1-3_2280,8.499999999999986,6238.0,0.8917922411029175
P_1-1-pt_8611,P_1-2_2473,54.80000000000051,6238.0,0.8917922411029175
P_1-1-pt_8611,P_1-2_4249,56.90000000000054,6238.0,0.8917922411029175
P_1-1-pt_8611,P_1-3_2424,56.700000000000536,6238.0,0.8917922411029175
P_1-1-pt_8611,P_1-3_5117,50.50000000000045,6238.0,0.8917922411029175
P_1-1-pt_8611,P_1-2_2183,50.80000000000045,6238.0,0.8917922411029175
P_1-1-pt_8611,P_1-3_5537,50.90000000000045,6238.0,0.8917922411029175
P_1-1-pt_8611,P_1-2_1640,14.299999999999965,6238.0,0.8917922411029175
P_1-1-pt_8611,P_1-2_5641,24.200000000000074,6238.0,0.8917922411029175
P_1-1-pt_8611,P_1-1-veh_459,1475.1999999997538,6238.0,0.8917922411029175
P_1-1-pt_8611,P_1-1-pt_5997,1435.0999999997903,6238.0,0.8917922411029175
P_1-1-pt_8611,P_1-1-pt_394,1238.1999999999694,6238.0,0.8917922411029175
P_1-1-pt_8611,P_1-1-pt_4541,1198.1000000000058,6238.0,0.8917922411029175
P_1-3_3076,P_1-1-pt_8735,88.29999999999926,6237.0,1.0
P_1-3_3076,P_1-3_743,110.89999999999797,6237.0,1.0
P_1-3_3076,P_1-1-pt_1723,577.7000000000628,6237.0,1.0
P_1-3_3076,P_1-1-pt_8184,103.19999999999841,6237.0,1.0
P_1-3_3076,P_1-3_2599,55.60000000000052,6237.0,1.0
P_1-3_3076,P_1-2_5745,55.60000000000052,6237.0,1.0
P_1-3_3076,P_1-1-pt_8289,55.200000000000514,6237.0,1.0
P_1-3_3076,P_1-1-pt_182,55.300000000000516,6237.0,1.0
P_1-3_3076,P_1-3_4289,55.60000000000052,6237.0,1.0
P_1-3_3076,P_1-1-veh_834,43.200000000000344,6237.0,1.0
P_1-3_3076,P_1-2_5753,754.0000000001029,6237.0,1.0
P_1-3_3076,P_1-2_4266,925.900000000142,6237.0,1.0
P_1-1-pt_8068,P_1-3_5578,48.300000000000416,6233.0,1.0
P_1-1-pt_8068,P_1-1-pt_8728,53.50000000000049,6233.0,1.0
P_1-1-pt_8068,P_1-3_4690,50.50000000000045,6233.0,1.0
P_1-1-pt_8068,P_1-2_6013,21.10000000000003,6233.0,1.0
P_1-1-pt_8068,P_1-2_505,55.40000000000052,6233.0,1.0
P_1-1-pt_8068,P_2-1_2384,55.40000000000052,6233.0,1.0
P_1-1-pt_8068,P_1-1-pt_6031,178.69999999999413,6233.0,1.0
P_1-1-pt_8068,P_2-1_2136,55.00000000000051,6233.0,1.0
P_1-1-pt_8068,P_1-1-veh_65,55.200000000000514,6233.0,1.0
P_1-1-pt_8068,P_1-1-pt_4901,83.89999999999951,6233.0,1.0
P_2-1_3058,P_1-2_2061,53.70000000000049,6226.0,1.0
P_2-1_3058,P_1-2_3224,54.0000000000005,6226.0,1.0
P_2-1_3058,P_1-1-pt_2961,112.39999999999789,6226.0,1.0
P_2-1_3058,P_2-1_3664,1566.0999999996711,6226.0,1.0
P_2-1_3058,P_1-2_2215,49.80000000000044,6226.0,1.0
P_2-1_3058,P_1-3_2180,57.60000000000055,6226.0,1.0
P_2-1_3058,P_1-2_2422,51.20000000000046,6226.0,1.0
P_2-1_3058,P_1-3_4587,45.50000000000038,6226.0,1.0
P_2-1_3058,P_1-3_2076,45.70000000000038,6226.0,1.0
P_2-1_3058,P_1-2_5927,42.20000000000033,6226.0,1.0
P_2-1_3058,P_1-1-pt_8968,89.99999999999916,6226.0,1.0
P_2-1_1463,P_1-2_5288,53.40000000000049,6223.0,1.0
P_2-1_1463,P_1-3_268,53.50000000000049,6223.0,1.0
P_2-1_1463,P_1-3_28,55.900000000000524,6223.0,1.0
P_2-1_1463,P_1-2_3879,145.799999999996,6223.0,1.0
P_2-1_1463,P_1-3_234,89.59999999999918,6223.0,1.0
P_2-1_1463,P_1-3_2773,109.59999999999805,6223.0,1.0
P_2-1_1463,P_1-3_4262,88.89999999999922,6223.0,1.0
P_2-1_1463,P_1-2_4376,53.40000000000049,6223.0,1.0
P_2-1_1463,P_1-3_1676,53.40000000000049,6223.0,1.0
P_2-1_1463,P_1-3_5144,53.40000000000049,6223.0,1.0
P_2-1_1463,P_1-3_2786,53.50000000000049,6223.0,1.0
P_2-1_1463,P_1-3_5475,53.50000000000049,6223.0,1.0
P_2-1_1463,P_1-2_4853,57.10000000000054,6223.0,1.0
P_2-1_1463,P_2-1_6130,67.90000000000042,6223.0,1.0
P_2-1_1463,P_1-1-veh_610,82.2999999999996,6223.0,1.0
P_1-3_2076,P_1-3_5354,159.9999999999952,6219.0,1.0
P_1-3_2076,P_1-3_4587,100.49999999999856,6219.0,1.0
P_1-3_2076,P_1-2_3378,108.89999999999809,6219.0,1.0
P_1-3_2076,P_1-2_3077,109.19999999999807,6219.0,1.0
P_1-3_2076,P_1-3_2180,399.7000000000224,6219.0,1.0
P_1-3_2076,P_1-2_5020,108.39999999999812,6219.0,1.0
P_1-3_2076,P_1-2_2422,55.900000000000524,6219.0,1.0
P_1-3_2076,P_1-2_5092,109.39999999999806,6219.0,1.0
P_1-3_2076,P_1-1-pt_4785,38.80000000000028,6219.0,1.0
P_1-3_2076,P_1-1-pt_2961,37.600000000000264,6219.0,1.0
P_1-3_2076,P_2-1_3664,45.70000000000038,6219.0,1.0
P_1-3_2076,P_2-1_3058,45.70000000000038,6219.0,1.0
P_1-3_5020,P_1-1-pt_2342,57.20000000000054,6218.0,1.0
P_1-3_5020,P_1-3_4253,53.200000000000486,6218.0,1.0
P_1-3_5020,P_1-1-pt_7959,50.80000000000045,6218.0,1.0
P_1-3_5020,P_2-1_5552,53.30000000000049,6218.0,1.0
P_1-3_5020,P_1-1-veh_824,53.40000000000049,6218.0,1.0
P_1-3_5020,P_1-1-pt_3176,51.000000000000455,6218.0,1.0
P_1-3_5020,P_1-3_4291,112.0999999999979,6218.0,1.0
P_1-3_5020,P_1-2_2215,111.79999999999792,6218.0,1.0
P_1-3_5020,P_1-2_2335,35.20000000000023,6218.0,1.0
P_1-3_5020,P_1-3_283,64.10000000000063,6218.0,1.0
P_1-3_5020,P_1-3_2180,43.50000000000035,6218.0,1.0
P_1-2_1658,P_1-3_234,53.200000000000486,6216.0,1.0
P_1-2_1658,P_1-3_268,53.50000000000049,6216.0,1.0
P_1-2_1658,P_1-2_2180,53.40000000000049,6216.0,1.0
P_1-2_1658,P_1-2_3879,53.30000000000049,6216.0,1.0
P_1-2_1658,P_1-3_4262,60.900000000000595,6216.0,1.0
P_1-2_1658,P_1-3_5144,67.40000000000045,6216.0,1.0
P_1-2_1658,P_1-3_2786,53.30000000000049,6216.0,1.0
P_1-2_1658,P_1-3_5475,78.19999999999983,6216.0,1.0
P_1-2_1658,P_1-1-pt_7915,56.20000000000053,6216.0,1.0
P_1-2_1658,P_1-2_752,58.30000000000056,6216.0,1.0
P_1-2_1658,P_1-3_3339,57.60000000000055,6216.0,1.0
P_1-2_1658,P_1-1-pt_2844,70.30000000000028,6216.0,1.0
P_1-2_1658,P_1-1-pt_2863,54.4000000000005,6216.0,1.0
P_1-2_1658,P_1-3_5550,35.70000000000024,6216.0,1.0
P_1-2_1658,P_2-1_5799,37.30000000000026,6216.0,1.0
P_1-2_1658,P_1-3_4492,35.70000000000024,6216.0,1.0
P_1-2_1658,P_1-3_2528,35.70000000000024,6216.0,1.0
P_1-2_1658,P_1-1-pt_3353,56.20000000000053,6216.0,1.0
P_1-2_1658,P_1-1-pt_2425,26.0000000000001,6216.0,1.0
P_1-2_1658,P_2-1_2911,45.00000000000037,6216.0,1.0
P_1-2_1658,P_1-2_1285,48.300000000000416,6216.0,1.0
P_1-2_1658,P_2-1_842,41.70000000000032,6216.0,1.0
P_1-2_1658,P_1-3_5451,35.80000000000024,6216.0,1.0
P_1-2_1658,P_1-3_1140,35.600000000000236,6216.0,1.0
P_1-2_1658,P_2-1_5552,37.10000000000026,6216.0,1.0
P_1-1-pt_6516,P_1-1-pt_2425,47.400000000000404,6210.0,1.0
P_1-1-pt_6516,P_1-3_2043,19.500000000000007,6210.0,1.0
P_1-1-pt_6516,P_1-2_638,31.60000000000018,6210.0,1.0
P_1-1-pt_6516,P_1-2_5092,10.899999999999977,6210.0,1.0
P_1-1-pt_6516,P_1-2_4955,53.200000000000486,6210.0,1.0
P_1-1-pt_6516,P_1-2_2061,53.200000000000486,6210.0,1.0
P_1-1-pt_6516,P_1-3_5354,204.79999999999265,6210.0,1.0
P_1-1-pt_6516,P_1-1-pt_8968,97.49999999999874,6210.0,1.0
P_1-1-pt_6516,P_2-1_2987,393.80000000002104,6210.0,1.0
P_1-1-pt_6516,P_1-2_829,55.300000000000516,6210.0,1.0
P_1-1-pt_6516,P_1-1-veh_407,55.40000000000052,6210.0,1.0
P_1-2_2061,P_2-1_3058,53.70000000000049,6199.0,1.0
P_1-2_2061,P_1-2_3224,53.40000000000049,6199.0,1.0
P_1-2_2061,P_1-2_4955,23.500000000000064,6199.0,1.0
P_1-2_2061,P_1-2_5020,36.00000000000024,6199.0,1.0
P_1-2_2061,P_1-2_2422,41.30000000000032,6199.0,1.0
P_1-2_2061,P_1-2_5092,45.300000000000374,6199.0,1.0
P_1-2_2061,P_1-3_5354,51.000000000000455,6199.0,1.0
P_1-2_2061,P_1-1-pt_6516,53.200000000000486,6199.0,1.0
P_1-2_2061,P_1-3_4587,51.20000000000046,6199.0,1.0
P_1-2_2061,P_1-2_5927,42.20000000000033,6199.0,1.0
P_1-2_2061,P_1-1-pt_3800,3.700000000000002,6199.0,1.0
P_1-2_2061,P_1-2_3214,35.70000000000024,6199.0,1.0
P_1-2_2061,P_1-2_4715,34.800000000000225,6199.0,1.0
P_1-2_2061,P_1-2_2653,39.700000000000294,6199.0,1.0
P_1-2_2061,P_1-1-pt_2770,26.0000000000001,6199.0,1.0
P_1-2_2061,P_1-1-pt_6355,26.0000000000001,6199.0,1.0
P_1-2_2061,P_1-2_4454,40.500000000000306,6199.0,1.0
P_1-2_2061,P_1-2_3590,46.50000000000039,6199.0,1.0
P_1-2_2061,P_1-1-pt_841,107.59999999999816,6199.0,1.0
P_1-2_2061,P_1-1-pt_8085,107.49999999999817,6199.0,1.0
P_1-2_505,P_1-3_4666,44.40000000000036,6196.0,1.0
P_1-2_505,P_1-2_4791,27.200000000000117,6196.0,1.0
P_1-2_505,P_1-2_1533,27.200000000000117,6196.0,1.0
P_1-2_505,P_1-3_5578,27.100000000000115,6196.0,1.0
P_1-2_505,P_1-3_635,27.100000000000115,6196.0,1.0
P_1-2_505,P_1-1-pt_2529,54.80000000000051,6196.0,1.0
P_1-2_505,P_2-1_2384,1303.2999999999101,6196.0,1.0
P_1-2_505,P_1-1-pt_4901,205.8999999999926,6196.0,1.0
P_1-2_505,P_1-1-pt_8068,55.40000000000052,6196.0,1.0
P_1-2_505,P_1-1-pt_4966,177.5999999999942,6196.0,1.0
P_1-2_505,P_1-2_250,90.19999999999915,6196.0,1.0
P_1-3_2985,P_1-1-veh_602,54.2000000000005,6191.0,1.0
P_1-3_2985,P_1-1-pt_8762,51.30000000000046,6191.0,1.0
P_1-3_2985,P_1-3_5334,52.90000000000048,6191.0,1.0
P_1-3_2985,P_1-1-pt_7732,57.50000000000055,6191.0,1.0
P_1-3_2985,P_1-1-pt_5115,56.80000000000054,6191.0,1.0
P_1-3_2985,P_1-1-pt_1798,38.00000000000027,6191.0,1.0
P_1-3_2985,P_1-2_2613,21.90000000000004,6191.0,1.0
P_1-3_2985,P_1-2_3386,55.50000000000052,6191.0,1.0
P_1-3_2985,P_1-2_2512,68.50000000000038,6191.0,1.0
P_1-3_2985,P_1-2_3575,74.00000000000007,6191.0,1.0
P_1-3_2985,P_1-1-pt_1226,56.700000000000536,6191.0,1.0
P_1-3_2985,P_1-1-pt_5392,76.29999999999994,6191.0,1.0
P_1-2_2613,P_1-2_3693,53.900000000000496,6190.0,1.0
P_1-2_2613,P_1-3_2643,53.30000000000049,6190.0,1.0
P_1-2_2613,P_1-2_3575,2096.6999999991885,6190.0,1.0
P_1-2_2613,P_1-2_2512,117.99999999999757,6190.0,1.0
P_1-2_2613,P_1-3_2985,21.90000000000004,6190.0,1.0
P_2-1_3944,P_1-2_2237,40.1000000000003,6190.0,1.0
P_2-1_3944,P_1-1-pt_1700,50.80000000000045,6190.0,1.0
P_2-1_3944,P_1-2_4388,103.2999999999984,6190.0,1.0
P_2-1_5841,P_1-1-pt_3353,66.60000000000049,6190.0,1.0
P_2-1_5841,P_2-1_5552,692.2000000000888,6190.0,1.0
P_2-1_5841,P_1-1-pt_6381,52.10000000000047,6190.0,1.0
P_2-1_5841,P_1-1-pt_7277,43.60000000000035,6190.0,1.0
P_2-1_5841,P_2-1_2293,53.800000000000495,6190.0,1.0
P_2-1_5841,P_1-1-pt_1669,50.80000000000045,6190.0,1.0
P_2-1_5841,P_1-2_163,54.0000000000005,6190.0,1.0
P_1-3_4663,P_1-3_234,53.00000000000048,6189.0,1.0
P_1-3_4663,P_1-3_268,53.30000000000049,6189.0,1.0
P_1-3_4663,P_1-2_2180,54.3000000000005,6189.0,1.0
P_1-3_4663,P_1-2_3879,54.500000000000504,6189.0,1.0
P_1-3_4663,P_1-3_4262,54.3000000000005,6189.0,1.0
P_1-3_4663,P_1-3_5144,56.40000000000053,6189.0,1.0
P_1-3_4663,P_1-3_2786,53.30000000000049,6189.0,1.0
P_1-3_4663,P_1-1-pt_6743,46.40000000000039,6189.0,1.0
P_1-3_4663,P_1-1-pt_3489,66.60000000000049,6189.0,1.0
P_1-1-pt_8280,P_1-1-pt_521,240.19999999999064,6185.0,0.8753435731608731
P_1-1-pt_8280,P_1-1-pt_2369,74.00000000000007,6185.0,0.8753435731608731
P_1-1-pt_8280,P_1-1-pt_6743,193.09999999999332,6185.0,0.8753435731608731
P_1-1-pt_8280,P_1-1-pt_2880,183.19999999999388,6185.0,0.8753435731608731
P_1-1-pt_8280,P_1-1-pt_3207,238.59999999999073,6185.0,0.8753435731608731
P_1-1-pt_8280,P_1-1-pt_571,127.49999999999703,6185.0,0.8753435731608731
P_1-1-pt_8280,P_1-1-pt_3230,120.29999999999744,6185.0,0.8753435731608731
P_1-1-pt_8280,P_1-1-pt_5666,114.89999999999775,6185.0,0.8753435731608731
P_1-1-pt_8280,P_1-1-pt_4736,66.10000000000052,6185.0,0.8753435731608731
P_1-1-pt_8280,P_1-1-veh_610,247.8999999999902,6185.0,0.8753435731608731
P_1-1-pt_8280,P_1-1-veh_767,56.000000000000526,6185.0,0.8753435731608731
P_1-1-pt_8280,P_1-2_303,56.50000000000053,6185.0,0.8753435731608731
P_1-1-pt_8280,P_1-1-pt_4879,76.09999999999995,6185.0,0.8753435731608731
P_1-2_5020,P_1-3_2528,48.70000000000042,6183.0,1.0
P_1-2_5020,P_1-3_5354,106.19999999999824,6183.0,1.0
P_1-2_5020,P_1-3_4587,90.49999999999913,6183.0,1.0
P_1-2_5020,P_1-2_4955,36.00000000000024,6183.0,1.0
P_1-2_5020,P_1-2_2061,36.00000000000024,6183.0,1.0
P_1-2_5020,P_1-3_2180,54.90000000000051,6183.0,1.0
P_1-2_5020,P_1-3_2076,108.39999999999812,6183.0,1.0
P_1-2_5020,P_1-2_3378,111.59999999999793,6183.0,1.0
P_1-2_5020,P_1-2_3077,111.69999999999793,6183.0,1.0
P_1-2_5020,P_1-2_5092,55.60000000000052,6183.0,1.0
P_1-2_5020,P_1-2_5927,55.50000000000052,6183.0,1.0
P_1-2_5020,P_1-2_3214,55.40000000000052,6183.0,1.0
P_1-1-pt_6381,P_2-1_6236,51.20000000000046,6181.0,1.0
P_1-1-pt_6381,P_2-1_2911,61.2000000000006,6181.0,1.0
P_1-1-pt_6381,P_1-3_4253,50.80000000000045,6181.0,1.0
P_1-1-pt_6381,P_1-1-pt_7959,47.500000000000405,6181.0,1.0
P_1-1-pt_6381,P_2-1_5552,52.20000000000047,6181.0,1.0
P_1-1-pt_6381,P_2-1_5841,52.10000000000047,6181.0,1.0
P_1-1-pt_6381,P_1-1-pt_7277,56.20000000000053,6181.0,1.0
P_1-1-pt_6381,P_1-1-veh_824,170.6999999999946,6181.0,1.0
P_1-1-pt_6381,P_2-1_2293,75.2,6181.0,1.0
P_1-1-pt_6381,P_1-1-pt_1669,59.400000000000574,6181.0,1.0
P_1-2_3464,P_1-2_3821,690.6000000000885,6174.0,0.7410106899902819
P_1-2_3464,P_1-2_2580,679.800000000086,6174.0,0.7410106899902819
P_1-2_3464,P_1-3_4738,680.5000000000862,6174.0,0.7410106899902819
P_1-2_3464,P_1-2_5752,630.5000000000748,6174.0,0.7410106899902819
P_1-2_3464,P_1-2_2797,622.0000000000729,6174.0,0.7410106899902819
P_1-2_3464,P_1-1-veh_837,622.600000000073,6174.0,0.7410106899902819
P_1-2_3464,P_2-1_2028,404.80000000002354,6174.0,0.7410106899902819
P_1-1-pt_3097,P_1-1-pt_4996,126.2999999999971,6173.0,1.0
P_1-1-pt_3097,P_1-1-pt_3386,68.50000000000038,6173.0,1.0
P_1-1-pt_3097,P_1-1-pt_3067,123.79999999999724,6173.0,1.0
P_1-1-pt_3097,P_1-1-pt_3916,68.40000000000039,6173.0,1.0
P_1-1-pt_3097,P_1-1-pt_297,403.2000000000232,6173.0,1.0
P_1-1-pt_3097,P_1-1-pt_255,62.200000000000614,6173.0,1.0
P_1-1-pt_3097,P_2-1_2925,408.0000000000243,6173.0,1.0
P_1-1-pt_3097,P_1-1-pt_6413,74.70000000000003,6173.0,1.0
P_1-1-pt_3097,P_1-1-pt_1296,63.600000000000634,6173.0,1.0
P_1-1-pt_3097,P_1-1-pt_2834,70.50000000000027,6173.0,1.0
P_1-1-pt_3097,P_1-1-pt_2820,63.10000000000063,6173.0,1.0
P_1-1-pt_3097,P_1-3_2221,85.49999999999942,6173.0,1.0
P_1-1-pt_1306,P_1-2_3413,2263.5999999990368,6172.0,1.0
P_1-1-pt_1306,P_1-2_1017,36.00000000000024,6172.0,1.0
P_1-1-pt_1306,P_1-1-pt_6368,1992.3999999992834,6172.0,1.0
P_1-1-pt_1306,P_1-2_3052,183.89999999999384,6172.0,1.0
P_1-1-pt_1306,P_1-2_4208,102.59999999999845,6172.0,1.0
P_1-1-pt_1306,P_1-3_3755,111.29999999999795,6172.0,1.0
P_1-1-pt_1306,P_1-3_5334,79.49999999999976,6172.0,1.0
P_1-1-pt_1306,P_1-1-pt_3927,62.80000000000062,6172.0,1.0
P_1-1-pt_1306,P_1-2_2345,40.60000000000031,6172.0,1.0
P_2-1_1609,P_1-2_5369,223.59999999999158,6168.0,1.0
P_2-1_1609,P_2-1_4788,53.40000000000049,6168.0,1.0
P_1-1-pt_8968,P_1-2_5092,55.50000000000052,6159.0,0.9935054391946745
P_1-1-pt_8968,P_1-3_5354,51.60000000000046,6159.0,0.9935054391946745
P_1-1-pt_8968,P_1-1-pt_6516,97.49999999999874,6159.0,0.9935054391946745
P_1-1-pt_8968,P_2-1_3058,89.99999999999916,6159.0,0.9935054391946745
P_1-1-pt_8968,P_2-1_3664,55.300000000000516,6159.0,0.9935054391946745
P_1-1-pt_8968,P_1-1-pt_2961,468.400000000038,6159.0,0.9935054391946745
P_1-2_3590,P_1-3_2221,52.80000000000048,6158.0,1.0
P_1-2_3590,P_1-3_1027,53.50000000000049,6158.0,1.0
P_1-2_3590,P_1-1-pt_2431,51.800000000000466,6158.0,1.0
P_1-2_3590,P_1-1-pt_6355,84.59999999999947,6158.0,1.0
P_1-2_3590,P_1-2_4454,1396.5999999998253,6158.0,1.0
P_1-2_3590,P_1-1-pt_3931,56.90000000000054,6158.0,1.0
P_1-2_3590,P_2-1_6236,39.20000000000029,6158.0,1.0
P_1-2_3590,P_1-2_1948,25.700000000000095,6158.0,1.0
P_1-2_3590,P_1-3_5550,25.700000000000095,6158.0,1.0
P_1-2_3590,P_2-1_5799,20.900000000000027,6158.0,1.0
P_1-2_3590,P_1-3_4492,25.800000000000097,6158.0,1.0
P_1-2_3590,P_1-3_2528,25.900000000000098,6158.0,1.0
P_1-2_3590,P_1-1-pt_3353,57.70000000000055,6158.0,1.0
P_1-2_3590,P_2-1_2911,27.200000000000117,6158.0,1.0
P_1-2_3590,P_1-1-pt_2425,42.00000000000033,6158.0,1.0
P_1-2_3590,P_1-2_1285,30.600000000000165,6158.0,1.0
P_1-2_3590,P_2-1_842,35.40000000000023,6158.0,1.0
P_1-2_3590,P_1-3_5451,45.50000000000038,6158.0,1.0
P_1-2_3590,P_1-3_1140,21.70000000000004,6158.0,1.0
P_1-2_3590,P_2-1_5552,28.10000000000013,6158.0,1.0
P_1-2_3590,P_1-2_4955,35.70000000000024,6158.0,1.0
P_1-2_3590,P_1-2_2061,46.50000000000039,6158.0,1.0
P_1-1-pt_1420,P_1-1-veh_152,32.9000000000002,6156.0,1.0
P_1-1-pt_1420,P_1-1-pt_4262,59.30000000000057,6156.0,1.0
P_1-1-pt_1420,P_1-1-pt_3386,107.29999999999818,6156.0,1.0
P_1-1-pt_1420,P_1-1-pt_8247,3490.6999999979207,6156.0,1.0
P_1-1-pt_1420,P_1-2_2795,3691.399999997738,6156.0,1.0
P_1-1-pt_4645,P_1-3_5537,52.00000000000047,6155.0,1.0
P_1-1-pt_4645,P_1-2_4724,314.30000000000297,6155.0,1.0
P_1-1-pt_4645,P_1-1-pt_5481,111.09999999999796,6155.0,1.0
P_1-1-pt_4645,P_1-2_593,206.89999999999253,6155.0,1.0
P_1-1-pt_4645,P_1-2_5943,1004.1000000001598,6155.0,1.0
P_1-1-pt_4645,P_1-3_4822,28.500000000000135,6155.0,1.0
P_1-1-pt_4645,P_1-2_3716,105.69999999999827,6155.0,1.0
P_1-1-pt_4645,P_1-2_4098,109.99999999999802,6155.0,1.0
P_1-1-pt_4645,P_1-3_2482,102.19999999999847,6155.0,1.0
P_1-1-pt_4645,P_1-2_1025,33.60000000000021,6155.0,1.0
P_1-2_4962,P_1-2_3052,12.199999999999973,6155.0,1.0
P_1-2_4962,P_1-1-pt_527,4314.699999998165,6155.0,1.0
P_1-2_4962,P_1-1-pt_1296,50.00000000000044,6155.0,1.0
P_1-2_4962,P_1-1-pt_7664,49.30000000000043,6155.0,1.0
P_1-2_4962,P_1-1-pt_4262,49.80000000000044,6155.0,1.0
P_1-2_4962,P_1-3_2280,28.90000000000014,6155.0,1.0
P_1-2_4962,P_1-2_2473,28.80000000000014,6155.0,1.0
P_1-2_4962,P_1-2_4249,30.400000000000162,6155.0,1.0
P_1-2_4962,P_1-3_2424,45.90000000000038,6155.0,1.0
P_1-2_4962,P_1-3_1571,29.100000000000144,6155.0,1.0
P_1-2_4962,P_1-2_171,39.100000000000286,6155.0,1.0
P_1-2_4962,P_1-2_4285,30.30000000000016,6155.0,1.0
P_1-2_315,P_1-2_1640,53.40000000000049,6153.0,1.0
P_1-2_315,P_1-2_5641,53.40000000000049,6153.0,1.0
P_1-2_315,P_1-2_1219,165.49999999999488,6153.0,1.0
P_1-2_315,P_1-2_4270,53.40000000000049,6153.0,1.0
P_1-2_3708,P_1-1-pt_7573,21.00000000000003,6144.0,1.0
P_1-2_3708,P_1-3_635,53.100000000000485,6144.0,1.0
P_1-2_3708,P_2-1_2136,53.30000000000049,6144.0,1.0
P_1-2_3708,P_1-1-veh_65,53.40000000000049,6144.0,1.0
P_1-2_3708,P_1-1-pt_1473,49.40000000000043,6144.0,1.0
P_1-2_3708,P_1-2_168,55.50000000000052,6144.0,1.0
P_1-2_3708,P_2-1_4127,54.3000000000005,6144.0,1.0
P_1-2_3708,P_1-3_4644,46.000000000000384,6144.0,1.0
P_1-1-pt_6358,P_1-1-pt_1167,41.200000000000315,6143.0,1.0
P_1-1-pt_6358,P_1-3_1604,188.59999999999357,6143.0,1.0
P_1-1-pt_6358,P_1-3_2171,42.80000000000034,6143.0,1.0
P_1-1-pt_6358,P_1-2_829,925.6000000001419,6143.0,1.0
P_1-1-pt_6358,P_1-1-veh_407,51.50000000000046,6143.0,1.0
P_1-1-pt_6358,P_2-1_4232,875.7000000001306,6143.0,1.0
P_1-1-pt_5666,P_1-3_528,8.599999999999985,6142.0,1.0
P_1-1-pt_5666,P_1-1-pt_571,114.99999999999774,6142.0,1.0
P_1-1-pt_5666,P_1-1-pt_3230,114.39999999999777,6142.0,1.0
P_1-1-pt_5666,P_1-1-pt_8280,114.89999999999775,6142.0,1.0
P_1-1-pt_5666,P_1-1-pt_521,124.29999999999721,6142.0,1.0
P_1-1-pt_5666,P_1-1-pt_4879,164.79999999999492,6142.0,1.0
P_1-1-pt_5666,P_1-1-pt_1497,131.8999999999968,6142.0,1.0
P_1-1-pt_5666,P_1-1-pt_3207,1045.9000000001442,6142.0,1.0
P_1-1-pt_5666,P_1-1-pt_3671,62.70000000000062,6142.0,1.0
P_1-1-pt_5666,P_1-1-pt_2920,62.70000000000062,6142.0,1.0
P_1-1-pt_5666,P_1-2_4940,58.30000000000056,6142.0,1.0
P_1-1-pt_5666,P_1-1-veh_610,56.50000000000053,6142.0,1.0
P_1-1-pt_5666,P_1-1-veh_767,55.40000000000052,6142.0,1.0
P_1-1-pt_5666,P_1-2_303,54.4000000000005,6142.0,1.0
P_1-1-pt_5666,P_1-1-pt_1296,115.99999999999768,6142.0,1.0
P_1-1-pt_5666,P_1-3_3245,8.699999999999985,6142.0,1.0
P_1-1-pt_5666,P_2-1_5419,8.499999999999986,6142.0,1.0
P_1-1-pt_182,P_1-3_1535,13.699999999999967,6141.0,1.0
P_1-1-pt_182,P_1-3_743,110.19999999999801,6141.0,1.0
P_1-1-pt_182,P_1-1-pt_1723,116.39999999999766,6141.0,1.0
P_1-1-pt_182,P_1-1-pt_8184,124.69999999999719,6141.0,1.0
P_1-1-pt_182,P_1-3_2599,55.00000000000051,6141.0,1.0
P_1-1-pt_182,P_1-2_5745,55.60000000000052,6141.0,1.0
P_1-1-pt_182,P_1-1-pt_8289,55.50000000000052,6141.0,1.0
P_1-1-pt_182,P_1-1-pt_8735,55.60000000000052,6141.0,1.0
P_1-1-pt_182,P_1-2_4266,55.200000000000514,6141.0,1.0
P_1-1-pt_182,P_1-3_3076,55.300000000000516,6141.0,1.0
P_1-1-pt_182,P_1-2_5753,55.300000000000516,6141.0,1.0
P_1-1-pt_182,P_1-3_4289,55.300000000000516,6141.0,1.0
P_1-1-pt_182,P_1-1-veh_834,55.00000000000051,6141.0,1.0
P_1-2_1025,P_1-3_5117,53.30000000000049,6139.0,1.0
P_1-2_1025,P_1-2_2183,53.40000000000049,6139.0,1.0
P_1-2_1025,P_1-3_5537,40.3000000000003,6139.0,1.0
P_1-2_1025,P_1-2_4098,41.60000000000032,6139.0,1.0
P_1-2_1025,P_1-2_5943,27.600000000000122,6139.0,1.0
P_1-2_1025,P_1-1-pt_4645,33.60000000000021,6139.0,1.0
P_1-2_1025,P_1-2_3752,46.9000000000004,6139.0,1.0
P_1-2_1025,P_1-2_4730,116.79999999999764,6139.0,1.0
P_1-2_1025,P_1-3_2482,2595.8999999987345,6139.0,1.0
P_1-1-veh_824,P_1-2_1285,67.60000000000043,6130.0,1.0
P_1-1-veh_824,P_1-2_5092,53.40000000000049,6130.0,1.0
P_1-1-veh_824,P_1-3_5451,54.2000000000005,6130.0,1.0
P_1-1-veh_824,P_1-3_1140,56.50000000000053,6130.0,1.0
P_1-1-veh_824,P_1-3_5020,53.40000000000049,6130.0,1.0
P_1-1-veh_824,P_1-1-pt_2342,49.50000000000043,6130.0,1.0
P_1-1-veh_824,P_1-1-pt_6381,170.6999999999946,6130.0,1.0
P_1-1-veh_824,P_1-1-pt_7277,79.09999999999978,6130.0,1.0
P_1-1-veh_824,P_2-1_2293,62.900000000000624,6130.0,1.0
P_1-1-veh_824,P_1-1-pt_1669,51.40000000000046,6130.0,1.0
P_1-1-pt_2920,P_1-1-pt_5078,51.60000000000046,6124.0,1.0
P_1-1-pt_2920,P_1-3_2053,50.70000000000045,6124.0,1.0
P_1-1-pt_2920,P_1-1-pt_5906,72.60000000000015,6124.0,1.0
P_1-1-pt_2920,P_1-1-pt_2503,47.400000000000404,6124.0,1.0
P_1-1-pt_2920,P_1-1-pt_2013,30.600000000000165,6124.0,1.0
P_1-1-pt_2920,P_1-1-pt_3409,28.500000000000135,6124.0,1.0
P_1-1-pt_2920,P_1-1-pt_3624,31.900000000000183,6124.0,1.0
P_1-1-pt_2920,P_2-1_3764,55.50000000000052,6124.0,1.0
P_1-1-pt_2920,P_2-1_2925,34.60000000000022,6124.0,1.0
P_1-1-pt_2920,P_1-1-pt_521,69.50000000000033,6124.0,1.0
P_1-1-pt_2920,P_1-1-pt_5666,62.70000000000062,6124.0,1.0
P_1-1-pt_2920,P_1-1-pt_4879,66.00000000000053,6124.0,1.0
P_1-1-pt_2920,P_1-1-pt_3671,62.00000000000061,6124.0,1.0
P_1-1-pt_2920,P_1-1-pt_4736,66.20000000000051,6124.0,1.0
P_1-1-pt_2920,P_1-2_250,26.0000000000001,6124.0,1.0
P_1-1-pt_2920,P_1-1-pt_6974,146.19999999999598,6124.0,1.0
P_1-1-pt_2920,P_1-2_4483,35.500000000000234,6124.0,1.0
P_1-1-pt_2920,P_1-1-pt_5167,61.500000000000604,6124.0,1.0
P_1-1-pt_2920,P_1-1-pt_1747,61.1000000000006,6124.0,1.0
P_1-1-pt_2920,P_1-1-pt_3207,61.600000000000605,6124.0,1.0
P_1-1-pt_2920,P_1-1-pt_98,61.90000000000061,6124.0,1.0
P_1-1-pt_2920,P_1-1-pt_1497,56.50000000000053,6124.0,1.0
P_1-1-pt_2920,P_1-1-pt_6673,55.900000000000524,6124.0,1.0
P_1-1-pt_2920,P_1-3_1945,50.80000000000045,6124.0,1.0
P_1-1-pt_2920,P_1-1-pt_4380,47.500000000000405,6124.0,1.0
P_1-1-pt_2920,P_1-3_1027,52.70000000000048,6124.0,1.0
P_1-1-pt_2920,P_2-1_1724,50.60000000000045,6124.0,1.0
P_1-1-pt_2920,P_1-1-pt_1006,3.5000000000000018,6124.0,1.0
P_1-1-pt_2920,P_1-1-pt_5139,49.700000000000436,6124.0,1.0
P_1-2_2335,P_1-3_283,567.0000000000604,6121.0,1.0
P_1-2_2335,P_1-3_4291,415.90000000002607,6121.0,1.0
P_1-2_2335,P_1-2_2215,52.80000000000048,6121.0,1.0
P_1-2_2335,P_1-3_5020,35.20000000000023,6121.0,1.0
P_1-2_2335,P_1-2_2422,33.60000000000021,6121.0,1.0
P_1-2_4607,P_2-1_5435,772.300000000107,6110.0,1.0
P_1-2_4607,P_1-2_2229,767.800000000106,6110.0,1.0
P_1-2_4607,P_1-2_2030,767.3000000001059,6110.0,1.0
P_1-2_4607,P_2-1_3376,766.8000000001058,6110.0,1.0
P_1-2_4607,P_2-1_6256,767.2000000001059,6110.0,1.0
P_1-2_4607,P_1-2_3908,767.600000000106,6110.0,1.0
P_1-2_4607,P_1-1-pt_7104,708.6000000000926,6110.0,1.0
P_1-2_4607,P_1-2_4886,713.6000000000937,6110.0,1.0
P_1-2_4607,P_2-1_4331,3081.7999999982926,6110.0,1.0
P_1-1-pt_2834,P_1-1-pt_4996,163.299999999995,6107.0,1.0
P_1-1-pt_2834,P_1-1-pt_3386,62.50000000000062,6107.0,1.0
P_1-1-pt_2834,P_1-1-pt_3067,102.69999999999844,6107.0,1.0
P_1-1-pt_2834,P_1-2_303,51.100000000000456,6107.0,1.0
P_1-1-pt_2834,P_1-1-pt_6031,39.000000000000284,6107.0,1.0
P_1-1-pt_2834,P_1-1-pt_6779,61.2000000000006,6107.0,1.0
P_1-1-pt_2834,P_1-1-pt_5906,42.70000000000034,6107.0,1.0
P_1-1-pt_2834,P_1-1-pt_1238,43.300000000000345,6107.0,1.0
P_1-1-pt_2834,P_1-1-pt_1108,45.80000000000038,6107.0,1.0
P_1-1-pt_2834,P_1-1-pt_3409,87.4999999999993,6107.0,1.0
P_1-1-pt_2834,P_1-1-pt_3624,7.599999999999989,6107.0,1.0
P_1-1-pt_2834,P_1-1-pt_1296,95.09999999999887,6107.0,1.0
P_1-1-pt_2834,P_1-1-pt_5199,41.40000000000032,6107.0,1.0
P_1-1-pt_2834,P_1-1-pt_530,46.700000000000394,6107.0,1.0
P_1-1-pt_2834,P_1-1-pt_2820,45.300000000000374,6107.0,1.0
P_1-1-pt_2834,P_1-3_2221,48.60000000000042,6107.0,1.0
P_1-1-pt_2834,P_1-1-pt_3097,70.50000000000027,6107.0,1.0
P_1-2_1805,P_1-2_5288,53.40000000000049,6105.0,1.0
P_1-2_1805,P_2-1_4788,53.50000000000049,6105.0,1.0
P_1-2_1805,P_1-3_3132,55.200000000000514,6105.0,1.0
P_1-2_1805,P_1-2_5369,15.69999999999996,6105.0,1.0
P_1-3_4881,P_1-3_234,52.90000000000048,6104.0,1.0
P_1-3_4881,P_1-3_268,53.60000000000049,6104.0,1.0
P_1-3_4881,P_1-2_2180,53.30000000000049,6104.0,1.0
P_1-3_4881,P_1-2_3879,53.200000000000486,6104.0,1.0
P_1-3_4881,P_1-3_4262,53.50000000000049,6104.0,1.0
P_1-3_4881,P_1-3_5144,93.19999999999898,6104.0,1.0
P_1-3_4881,P_1-3_2786,53.200000000000486,6104.0,1.0
P_1-3_4881,P_1-3_5475,73.5000000000001,6104.0,1.0
P_1-3_4881,P_1-1-pt_3489,40.400000000000304,6104.0,1.0
P_1-3_3776,P_1-2_4734,224.59999999999152,6101.0,1.0
P_1-3_3776,P_1-2_4206,224.49999999999153,6101.0,1.0
P_1-3_3776,P_1-3_1500,223.59999999999158,6101.0,1.0
P_1-3_3776,P_1-3_3901,223.69999999999158,6101.0,1.0
P_1-3_3776,P_1-2_1420,224.7999999999915,6101.0,1.0
P_1-3_3776,P_1-3_228,224.29999999999154,6101.0,1.0
P_1-3_3776,P_2-1_2161,168.6999999999947,6101.0,1.0
P_1-3_3776,P_1-3_874,167.99999999999474,6101.0,1.0
P_1-3_3776,P_1-3_2454,111.69999999999793,6101.0,1.0
P_1-3_3776,P_1-2_3280,56.30000000000053,6101.0,1.0
P_1-3_3776,P_1-3_3046,56.10000000000053,6101.0,1.0
P_1-3_3776,P_1-3_3457,56.000000000000526,6101.0,1.0
P_1-3_3776,P_1-3_4168,56.000000000000526,6101.0,1.0
P_1-3_3776,P_1-3_2053,55.900000000000524,6101.0,1.0
P_1-3_3776,P_1-3_3834,1689.7999999995586,6101.0,1.0
P_1-3_4124,P_1-1-pt_530,47.500000000000405,6101.0,0.8990329454187838
P_1-3_4124,P_1-2_5252,53.200000000000486,6101.0,0.8990329454187838
P_1-3_4124,P_1-3_5117,53.100000000000485,6101.0,0.8990329454187838
P_1-3_4124,P_1-2_171,55.300000000000516,6101.0,0.8990329454187838
P_1-3_4124,P_1-2_4285,57.10000000000054,6101.0,0.8990329454187838
P_1-3_4124,P_1-2_2183,53.200000000000486,6101.0,0.8990329454187838
P_1-3_4124,P_1-3_5537,53.00000000000048,6101.0,0.8990329454187838
P_1-3_4124,P_1-2_1640,36.40000000000025,6101.0,0.8990329454187838
P_1-3_4124,P_1-2_5641,36.80000000000025,6101.0,0.8990329454187838
P_1-3_4124,P_1-3_2421,2230.8999999990665,6101.0,0.8990329454187838
P_1-3_2599,P_1-2_4753,25.000000000000085,6099.0,1.0
P_1-3_2599,P_1-3_2043,25.100000000000087,6099.0,1.0
P_1-3_2599,P_1-2_638,27.800000000000125,6099.0,1.0
P_1-3_2599,P_1-2_3608,26.300000000000104,6099.0,1.0
P_1-3_2599,P_1-1-veh_246,26.300000000000104,6099.0,1.0
P_1-3_2599,P_1-1-pt_1173,3.0000000000000013,6099.0,1.0
P_1-3_2599,P_1-1-pt_6292,2.800000000000001,6099.0,1.0
P_1-3_2599,P_1-2_5428,26.200000000000102,6099.0,1.0
P_1-3_2599,P_1-1-pt_498,57.50000000000055,6099.0,1.0
P_1-3_2599,P_1-1-pt_1723,115.7999999999977,6099.0,1.0
P_1-3_2599,P_1-1-veh_530,53.200000000000486,6099.0,1.0
P_1-3_2599,P_1-1-veh_834,55.80000000000052,6099.0,1.0
P_1-3_2599,P_1-3_743,111.59999999999793,6099.0,1.0
P_1-3_2599,P_1-1-pt_8184,104.09999999999836,6099.0,1.0
P_1-3_2599,P_1-1-pt_8289,55.40000000000052,6099.0,1.0
P_1-3_2599,P_1-1-pt_8735,110.399999999998,6099.0,1.0
P_1-3_2599,P_1-2_4266,111.29999999999795,6099.0,1.0
P_1-3_2599,P_1-3_3076,55.60000000000052,6099.0,1.0
P_1-3_2599,P_1-2_5753,55.80000000000052,6099.0,1.0
P_1-3_2599,P_1-1-pt_182,55.00000000000051,6099.0,1.0
P_1-3_2599,P_1-3_4289,55.80000000000052,6099.0,1.0
P_1-3_2599,P_1-2_5745,5269.400000001639,6099.0,1.0
P_1-2_5745,P_1-2_4753,24.900000000000084,6087.0,0.9586002957121735
P_1-2_5745,P_1-3_2043,25.000000000000085,6087.0,0.9586002957121735
P_1-2_5745,P_1-2_638,27.800000000000125,6087.0,0.9586002957121735
P_1-2_5745,P_1-2_3608,26.400000000000105,6087.0,0.9586002957121735
P_1-2_5745,P_1-1-veh_246,26.300000000000104,6087.0,0.9586002957121735
P_1-2_5745,P_1-1-pt_1173,3.3000000000000016,6087.0,0.9586002957121735
P_1-2_5745,P_1-1-pt_6292,2.1000000000000005,6087.0,0.9586002957121735
P_1-2_5745,P_1-2_5428,26.200000000000102,6087.0,0.9586002957121735
P_1-2_5745,P_1-1-pt_498,57.400000000000546,6087.0,0.9586002957121735
P_1-2_5745,P_1-1-pt_1723,57.400000000000546,6087.0,0.9586002957121735
P_1-2_5745,P_1-1-veh_530,53.30000000000049,6087.0,0.9586002957121735
P_1-2_5745,P_1-1-veh_834,55.70000000000052,6087.0,0.9586002957121735
P_1-2_5745,P_1-3_743,111.39999999999795,6087.0,0.9586002957121735
P_1-2_5745,P_1-1-pt_8184,103.3999999999984,6087.0,0.9586002957121735
P_1-2_5745,P_1-1-pt_8289,55.40000000000052,6087.0,0.9586002957121735
P_1-2_5745,P_1-1-pt_8735,110.29999999999801,6087.0,0.9586002957121735
P_1-2_5745,P_1-2_4266,111.59999999999793,6087.0,0.9586002957121735
P_1-2_5745,P_1-3_3076,55.60000000000052,6087.0,0.9586002957121735
P_1-2_5745,P_1-2_5753,55.80000000000052,6087.0,0.9586002957121735
P_1-2_5745,P_1-1-pt_182,55.60000000000052,6087.0,0.9586002957121735
P_1-2_5745,P_1-3_4289,55.900000000000524,6087.0,0.9586002957121735
P_1-2_5745,P_1-3_2599,5269.400000001639,6087.0,0.9586002957121735
P_1-2_5745,P_1-2_609,93.49999999999896,6087.0,0.9586002957121735
P_1-1-pt_2961,P_1-3_5354,51.90000000000047,6086.0,1.0
P_1-1-pt_2961,P_1-1-pt_3176,101.5999999999985,6086.0,1.0
P_1-1-pt_2961,P_1-2_3224,107.09999999999819,6086.0,1.0
P_1-1-pt_2961,P_2-1_3058,112.39999999999789,6086.0,1.0
P_1-1-pt_2961,P_1-3_2076,37.600000000000264,6086.0,1.0
P_1-1-pt_2961,P_2-1_3664,55.50000000000052,6086.0,1.0
P_1-1-pt_2961,P_1-1-pt_8968,468.400000000038,6086.0,1.0
P_1-2_2702,P_1-3_4944,749.4000000001018,6084.0,1.0
P_1-2_2702,P_1-3_403,38.00000000000027,6084.0,1.0
P_1-2_2702,P_1-3_2955,38.90000000000028,6084.0,1.0
P_1-2_2702,P_1-3_3759,42.20000000000033,6084.0,1.0
P_1-2_2702,P_1-3_1737,45.60000000000038,6084.0,1.0
P_1-2_2702,P_1-1-pt_5392,724.7000000000962,6084.0,1.0
P_1-2_2702,P_1-1-pt_1238,117.69999999999759,6084.0,1.0
P_1-2_2702,P_1-1-pt_1138,105.29999999999829,6084.0,1.0
P_1-2_2702,P_1-1-pt_8762,104.29999999999835,6084.0,1.0
P_2-1_2384,P_1-1-pt_7040,50.80000000000045,6084.0,1.0
P_2-1_2384,P_1-1-pt_7123,54.1000000000005,6084.0,1.0
P_2-1_2384,P_1-3_4644,53.50000000000049,6084.0,1.0
P_2-1_2384,P_1-1-pt_7573,57.50000000000055,6084.0,1.0
P_2-1_2384,P_1-1-pt_150,51.100000000000456,6084.0,1.0
P_2-1_2384,P_1-1-pt_4901,303.8000000000006,6084.0,1.0
P_2-1_2384,P_1-2_2715,29.400000000000148,6084.0,1.0
P_2-1_2384,P_1-1-pt_2529,54.70000000000051,6084.0,1.0
P_2-1_2384,P_1-2_505,1303.2999999999101,6084.0,1.0
P_2-1_2384,P_1-1-pt_8068,55.40000000000052,6084.0,1.0
P_2-1_2384,P_1-1-pt_4966,193.89999999999327,6084.0,1.0
P_2-1_2384,P_1-2_250,82.69999999999958,6084.0,1.0
P_1-1-pt_2013,P_1-1-pt_4879,403.6000000000233,6083.0,0.9363800756205819
P_1-1-pt_2013,P_1-1-pt_3858,57.80000000000055,6083.0,0.9363800756205819
P_1-1-pt_2013,P_1-1-pt_3409,280.9999999999954,6083.0,0.9363800756205819
P_1-1-pt_2013,P_1-1-pt_2920,30.600000000000165,6083.0,0.9363800756205819
P_1-1-pt_2013,P_1-1-pt_6453,47.90000000000041,6083.0,0.9363800756205819
P_1-1-pt_2013,P_1-2_4940,44.10000000000036,6083.0,0.9363800756205819
P_1-1-pt_2013,P_1-1-pt_297,74.50000000000004,6083.0,0.9363800756205819
P_1-1-pt_2013,P_1-1-pt_7573,313.1000000000027,6083.0,0.9363800756205819
P_1-1-pt_2013,P_1-2_1255,50.70000000000045,6083.0,0.9363800756205819
P_1-1-pt_2013,P_1-3_3245,8.899999999999984,6083.0,0.9363800756205819
P_1-1-pt_2013,P_1-2_250,20.900000000000027,6083.0,0.9363800756205819
P_1-1-pt_2013,P_2-1_5419,43.10000000000034,6083.0,0.9363800756205819
P_1-1-pt_2013,P_1-1-pt_8728,59.60000000000058,6083.0,0.9363800756205819
P_1-1-pt_2013,P_1-2_4483,84.89999999999945,6083.0,0.9363800756205819
P_1-1-pt_2013,P_1-1-pt_2369,55.50000000000052,6083.0,0.9363800756205819
P_1-1-pt_2013,P_1-1-veh_767,26.300000000000104,6083.0,0.9363800756205819
P_1-1-pt_2013,P_1-1-pt_3207,67.40000000000045,6083.0,0.9363800756205819
P_1-1-pt_2013,P_1-1-pt_521,67.30000000000045,6083.0,0.9363800756205819
P_1-1-pt_2013,P_1-1-pt_1747,188.0999999999936,6083.0,0.9363800756205819
P_1-1-pt_2013,P_1-1-pt_6974,68.00000000000041,6083.0,0.9363800756205819
P_1-1-pt_2013,P_1-1-pt_3671,61.600000000000605,6083.0,0.9363800756205819
P_1-1-pt_2013,P_1-2_5543,51.20000000000046,6083.0,0.9363800756205819
P_1-1-pt_2013,P_1-1-pt_1497,63.700000000000635,6083.0,0.9363800756205819
P_1-1-pt_2013,P_1-1-pt_98,320.7000000000044,6083.0,0.9363800756205819
P_1-1-pt_2013,P_1-1-pt_5167,235.29999999999092,6083.0,0.9363800756205819
P_1-1-pt_2013,P_1-3_1945,88.99999999999922,6083.0,0.9363800756205819
P_1-1-pt_2013,P_1-1-pt_4380,83.19999999999955,6083.0,0.9363800756205819
P_1-3_4875,P_1-1-pt_5241,50.90000000000045,6082.0,1.0
P_1-3_4875,P_1-2_5640,55.60000000000052,6082.0,1.0
P_1-3_4875,P_1-2_4634,1092.0000000001023,6082.0,1.0
P_1-3_4875,P_1-3_4775,370.3000000000157,6082.0,1.0
P_1-3_4875,P_1-3_2410,111.39999999999795,6082.0,1.0
P_1-3_4875,P_1-3_3253,129.09999999999695,6082.0,1.0
P_1-3_4875,P_1-3_2018,163.599999999995,6082.0,1.0
P_1-3_4875,P_1-3_2633,148.59999999999584,6082.0,1.0
P_1-3_4875,P_1-2_5210,89.59999999999918,6082.0,1.0
P_1-3_4875,P_1-2_573,76.9999999999999,6082.0,1.0
P_1-3_4875,P_1-3_4954,70.0000000000003,6082.0,1.0
P_1-3_4875,P_1-3_3410,218.89999999999185,6082.0,1.0
P_1-1-pt_98,P_1-1-pt_5167,1246.6999999999616,6077.0,1.0
P_1-1-pt_98,P_1-1-pt_1747,1250.699999999958,6077.0,1.0
P_1-1-pt_98,P_1-1-pt_6974,1880.599999999385,6077.0,1.0
P_1-1-pt_98,P_1-1-pt_3671,1643.3999999996008,6077.0,1.0
P_1-1-pt_98,P_1-1-pt_4879,207.1999999999925,6077.0,1.0
P_1-1-pt_98,P_1-1-pt_1497,948.000000000147,6077.0,1.0
P_1-1-pt_98,P_1-1-pt_6743,62.40000000000062,6077.0,1.0
P_1-1-pt_98,P_1-1-pt_3858,321.5000000000046,6077.0,1.0
P_1-1-pt_98,P_2-1_3764,53.100000000000485,6077.0,1.0
P_1-1-pt_98,P_2-1_63,31.100000000000172,6077.0,1.0
P_1-1-pt_98,P_1-2_1612,34.40000000000022,6077.0,1.0
P_1-1-pt_98,P_1-1-pt_2880,150.19999999999575,6077.0,1.0
P_1-1-pt_98,P_1-1-pt_521,588.7000000000653,6077.0,1.0
P_1-1-pt_98,P_1-3_3245,39.40000000000029,6077.0,1.0
P_1-1-pt_98,P_1-2_250,20.800000000000026,6077.0,1.0
P_1-1-pt_98,P_1-1-pt_4736,64.7000000000006,6077.0,1.0
P_1-1-pt_98,P_1-2_4483,29.400000000000148,6077.0,1.0
P_1-1-pt_98,P_1-1-pt_2920,61.90000000000061,6077.0,1.0
P_1-1-pt_98,P_1-2_4940,57.10000000000054,6077.0,1.0
P_1-1-pt_98,P_1-1-pt_3207,589.1000000000654,6077.0,1.0
P_1-1-pt_98,P_1-1-veh_610,55.00000000000051,6077.0,1.0
P_1-1-pt_98,P_1-1-pt_7915,508.10000000004703,6077.0,1.0
P_1-1-pt_98,P_1-1-pt_5999,80.69999999999969,6077.0,1.0
P_1-1-pt_98,P_1-2_5543,170.2999999999946,6077.0,1.0
P_1-1-pt_98,P_1-1-pt_2013,320.7000000000044,6077.0,1.0
P_1-1-pt_98,P_1-2_303,55.00000000000051,6077.0,1.0
P_1-3_3579,P_1-2_3081,33.70000000000021,6076.0,1.0
P_1-3_3579,P_1-1-pt_7080,77.89999999999985,6076.0,1.0
P_1-3_3579,P_1-2_4464,166.19999999999484,6076.0,1.0
P_1-3_3579,P_1-2_2554,61.4000000000006,6076.0,1.0
P_1-3_3579,P_1-2_3280,55.60000000000052,6076.0,1.0
P_1-3_3579,P_1-1-pt_0,129.49999999999693,6076.0,1.0
P_1-3_3579,P_1-3_17,55.10000000000051,6076.0,1.0
P_1-1-pt_527,P_1-1-pt_6368,48.00000000000041,6069.0,1.0
P_1-1-pt_527,P_1-2_3052,56.90000000000054,6069.0,1.0
P_1-1-pt_527,P_1-2_4962,4314.699999998165,6069.0,1.0
P_1-1-pt_527,P_1-1-pt_7664,44.90000000000037,6069.0,1.0
P_1-1-pt_527,P_1-1-pt_4262,45.300000000000374,6069.0,1.0
P_1-1-pt_527,P_1-3_2280,8.299999999999986,6069.0,1.0
P_1-1-pt_527,P_1-2_2473,8.399999999999986,6069.0,1.0
P_1-1-pt_527,P_1-2_4249,13.199999999999969,6069.0,1.0
P_1-1-pt_527,P_1-3_2424,39.800000000000296,6069.0,1.0
P_1-1-pt_527,P_1-3_1571,8.299999999999986,6069.0,1.0
P_1-1-pt_527,P_1-2_171,29.000000000000142,6069.0,1.0
P_1-1-pt_527,P_1-2_4285,12.499999999999972,6069.0,1.0
P_1-2_5428,P_1-3_743,53.100000000000485,6066.0,1.0
P_1-2_5428,P_1-1-pt_1723,458.7000000000358,6066.0,1.0
P_1-2_5428,P_1-1-pt_498,378.00000000001745,6066.0,1.0
P_1-2_5428,P_1-3_2599,26.200000000000102,6066.0,1.0
P_1-2_5428,P_1-2_5745,26.200000000000102,6066.0,1.0
P_1-2_5428,P_1-1-pt_8735,2.1000000000000005,6066.0,1.0
P_1-2_5428,P_1-2_4266,26.200000000000102,6066.0,1.0
P_1-2_5428,P_1-3_1535,26.200000000000102,6066.0,1.0
P_1-2_5428,P_1-1-pt_2032,6.699999999999992,6066.0,1.0
P_1-2_5428,P_1-2_609,27.700000000000124,6066.0,1.0
P_1-2_5428,P_1-2_2598,28.600000000000136,6066.0,1.0
P_1-2_5428,P_1-1-pt_6292,3854.6999999975897,6066.0,1.0
P_1-1-pt_297,P_1-1-pt_3916,65.50000000000055,6055.0,1.0
P_1-1-pt_297,P_1-3_4690,50.80000000000045,6055.0,1.0
P_1-1-pt_297,P_1-1-pt_2013,74.50000000000004,6055.0,1.0
P_1-1-pt_297,P_1-1-pt_7573,152.49999999999562,6055.0,1.0
P_1-1-pt_297,P_1-1-pt_3097,403.2000000000232,6055.0,1.0
P_1-1-pt_297,P_1-1-pt_8728,99.69999999999861,6055.0,1.0
P_1-1-pt_297,P_1-2_4483,111.79999999999792,6055.0,1.0
P_1-1-pt_297,P_1-1-pt_6176,72.10000000000018,6055.0,1.0
P_1-1-pt_297,P_1-1-pt_494,297.09999999999906,6055.0,1.0
P_1-1-pt_297,P_1-1-pt_4996,321.9000000000047,6055.0,1.0
P_1-3_2643,P_1-3_3759,53.100000000000485,6047.0,1.0
P_1-3_2643,P_1-3_1737,53.200000000000486,6047.0,1.0
P_1-3_2643,P_1-1-pt_4595,42.80000000000034,6047.0,1.0
P_1-3_2643,P_1-2_2512,52.80000000000048,6047.0,1.0
P_1-3_2643,P_1-2_2613,53.30000000000049,6047.0,1.0
P_1-3_2643,P_1-1-pt_1121,25.500000000000092,6047.0,1.0
P_1-3_2643,P_1-1-pt_2808,51.100000000000456,6047.0,1.0
P_1-3_2643,P_1-1-pt_3916,55.300000000000516,6047.0,1.0
P_1-3_2643,P_1-3_1324,190.79999999999345,6047.0,1.0
P_1-2_2797,P_1-3_4738,677.9000000000856,6046.0,0.944260668210387
P_1-2_2797,P_1-2_5752,622.700000000073,6046.0,0.944260668210387
P_1-2_2797,P_1-2_3464,622.0000000000729,6046.0,0.944260668210387
P_1-2_2797,P_1-1-veh_837,622.400000000073,6046.0,0.944260668210387
P_1-2_2797,P_2-1_2028,349.50000000001097,6046.0,0.944260668210387
P_1-2_2797,P_1-2_2580,6045.00000000446,6046.0,0.944260668210387
P_1-2_2797,P_1-2_3821,6045.00000000446,6046.0,0.944260668210387
P_1-2_2715,P_1-3_4666,48.00000000000041,6045.0,1.0
P_1-2_2715,P_1-2_4791,36.10000000000024,6045.0,1.0
P_1-2_2715,P_1-2_1533,34.800000000000225,6045.0,1.0
P_1-2_2715,P_1-3_5578,39.9000000000003,6045.0,1.0
P_1-2_2715,P_1-3_635,39.9000000000003,6045.0,1.0
P_1-2_2715,P_2-1_2384,29.400000000000148,6045.0,1.0
P_1-2_2715,P_2-1_2136,51.40000000000046,6045.0,1.0
P_1-2_2715,P_1-1-veh_65,51.000000000000455,6045.0,1.0
P_1-2_2715,P_1-1-pt_8830,47.80000000000041,6045.0,1.0
P_1-2_2715,P_1-1-pt_7142,57.60000000000055,6045.0,1.0
P_1-2_2715,P_1-1-pt_150,58.000000000000554,6045.0,1.0
P_1-2_2715,P_2-1_3119,55.10000000000051,6045.0,1.0
P_1-3_1140,P_1-2_1285,27.50000000000012,6039.0,1.0
P_1-3_1140,P_1-1-pt_8085,655.9000000000806,6039.0,1.0
P_1-3_1140,P_1-1-veh_824,56.50000000000053,6039.0,1.0
P_1-3_1140,P_1-3_5451,1446.29999999978,6039.0,1.0
P_1-3_1140,P_2-1_4930,57.00000000000054,6039.0,1.0
P_1-3_1140,P_1-2_5927,33.500000000000206,6039.0,1.0
P_1-3_1140,P_1-2_3214,23.20000000000006,6039.0,1.0
P_1-3_1140,P_1-1-pt_841,109.39999999999806,6039.0,1.0
P_1-3_1140,P_1-2_4715,21.400000000000034,6039.0,1.0
P_1-3_1140,P_1-2_2653,29.50000000000015,6039.0,1.0
P_1-3_1140,P_1-2_4454,21.80000000000004,6039.0,1.0
P_1-3_1140,P_1-2_3590,21.70000000000004,6039.0,1.0
P_1-3_1140,P_1-2_1658,35.600000000000236,6039.0,1.0
P_1-3_1140,P_1-1-pt_1601,30.000000000000156,6039.0,1.0
P_1-1-pt_6413,P_1-1-pt_530,13.199999999999969,6037.0,1.0
P_1-1-pt_6413,P_1-1-pt_977,49.40000000000043,6037.0,1.0
P_1-1-pt_6413,P_1-2_2875,19.200000000000003,6037.0,1.0
P_1-1-pt_6413,P_1-1-pt_3409,81.39999999999965,6037.0,1.0
P_1-1-pt_6413,P_1-1-pt_5199,61.2000000000006,6037.0,1.0
P_1-1-pt_6413,P_2-1_2925,24.70000000000008,6037.0,1.0
P_1-1-pt_6413,P_1-1-pt_3097,74.70000000000003,6037.0,1.0
P_1-1-pt_6413,P_2-1_63,58.100000000000556,6037.0,1.0
P_1-1-pt_6413,P_1-2_1612,58.50000000000056,6037.0,1.0
P_1-1-pt_6413,P_1-1-pt_761,44.40000000000036,6037.0,1.0
P_1-1-pt_6413,P_1-1-pt_6453,57.90000000000055,6037.0,1.0
P_1-1-pt_6413,P_1-3_3245,58.40000000000056,6037.0,1.0
P_1-1-pt_6413,P_1-1-pt_494,36.00000000000024,6037.0,1.0
P_1-1-pt_6413,P_1-1-pt_2162,61.600000000000605,6037.0,1.0
P_1-1-pt_6413,P_1-1-pt_4996,36.00000000000024,6037.0,1.0
P_1-1-pt_6413,P_2-1_5419,907.2000000001377,6037.0,1.0
P_1-1-pt_6413,P_1-1-pt_1270,44.000000000000355,6037.0,1.0
P_1-1-pt_6413,P_1-1-pt_8728,229.79999999999123,6037.0,1.0
P_1-1-pt_6413,P_1-1-pt_1473,90.59999999999913,6037.0,1.0
P_1-2_6013,P_1-1-pt_7573,57.50000000000055,6037.0,1.0
P_1-2_6013,P_1-1-pt_4901,35.80000000000024,6037.0,1.0
P_1-2_6013,P_1-1-pt_1226,99.09999999999864,6037.0,1.0
P_1-2_6013,P_1-1-pt_2529,54.80000000000051,6037.0,1.0
P_1-2_6013,P_1-1-pt_8068,21.10000000000003,6037.0,1.0
P_1-2_6013,P_1-2_250,39.60000000000029,6037.0,1.0
P_1-2_6013,P_1-1-pt_255,125.09999999999717,6037.0,1.0
P_1-3_4944,P_1-2_2702,749.4000000001018,6028.0,1.0
P_1-3_4944,P_2-1_6274,491.6000000000433,6028.0,1.0
P_1-3_809,P_1-2_960,53.100000000000485,6025.0,1.0
P_1-3_809,P_1-2_1265,53.30000000000049,6025.0,1.0
P_1-3_809,P_1-2_4065,1660.3999999995854,6025.0,1.0
P_1-3_809,P_1-2_1953,2021.6999999992568,6025.0,1.0
P_1-1-pt_8682,P_1-1-pt_1714,94.99999999999888,6024.0,1.0
P_1-1-pt_8682,P_1-3_2454,51.40000000000046,6024.0,1.0
P_1-1-pt_8682,P_1-2_2287,51.100000000000456,6024.0,1.0
P_1-1-pt_8682,P_1-3_3834,50.70000000000045,6024.0,1.0
P_1-1-pt_8682,P_1-3_1785,50.90000000000045,6024.0,1.0
P_1-1-pt_8682,P_1-2_2554,51.000000000000455,6024.0,1.0
P_1-1-pt_8682,P_1-2_3280,50.90000000000045,6024.0,1.0
P_1-1-pt_8682,P_1-3_3046,50.90000000000045,6024.0,1.0
P_1-1-pt_8682,P_1-3_3457,51.000000000000455,6024.0,1.0
P_1-1-pt_8682,P_1-1-veh_234,110.89999999999797,6024.0,1.0
P_1-1-pt_8682,P_1-3_2053,50.50000000000045,6024.0,1.0
P_1-1-pt_8682,P_1-2_5951,50.60000000000045,6024.0,1.0
P_1-1-pt_8682,P_1-1-pt_5078,98.59999999999867,6024.0,1.0
P_1-1-pt_8682,P_1-3_4690,50.90000000000045,6024.0,1.0
P_1-1-pt_8682,P_1-1-pt_4901,64.90000000000059,6024.0,1.0
P_1-1-pt_8682,P_1-1-pt_4966,197.29999999999308,6024.0,1.0
P_1-1-pt_8682,P_1-2_1596,62.200000000000614,6024.0,1.0
P_1-1-pt_8682,P_1-1-pt_7080,57.70000000000055,6024.0,1.0
P_1-1-pt_8682,P_1-2_3389,55.300000000000516,6024.0,1.0
P_1-1-pt_8682,P_1-1-pt_1473,48.00000000000041,6024.0,1.0
P_1-1-pt_8682,P_1-1-pt_6297,43.70000000000035,6024.0,1.0
P_1-1-pt_8682,P_1-1-pt_7763,88.89999999999922,6024.0,1.0
P_1-2_4065,P_1-2_960,53.30000000000049,6023.0,1.0
P_1-2_4065,P_1-2_1265,53.50000000000049,6023.0,1.0
P_1-2_4065,P_1-3_809,1660.3999999995854,6023.0,1.0
P_1-2_4065,P_1-2_2180,53.40000000000049,6023.0,1.0
P_1-2_4065,P_1-2_4853,39.100000000000286,6023.0,1.0
P_1-2_4065,P_2-1_6130,29.800000000000153,6023.0,1.0
P_2-1_4232,P_2-1_4930,152.8999999999956,6017.0,1.0
P_2-1_4232,P_1-1-pt_8085,183.09999999999388,6017.0,1.0
P_2-1_4232,P_1-2_829,53.200000000000486,6017.0,1.0
P_2-1_4232,P_1-1-veh_407,53.40000000000049,6017.0,1.0
P_2-1_4232,P_1-1-pt_6358,875.7000000001306,6017.0,1.0
P_2-1_4811,P_1-3_2187,203.8999999999927,6017.0,1.0
P_2-1_5799,P_2-1_6236,53.50000000000049,6017.0,1.0
P_2-1_5799,P_1-3_5550,54.80000000000051,6017.0,1.0
P_2-1_5799,P_1-2_3214,22.60000000000005,6017.0,1.0
P_2-1_5799,P_1-2_4715,21.20000000000003,6017.0,1.0
P_2-1_5799,P_1-2_2653,29.700000000000152,6017.0,1.0
P_2-1_5799,P_1-2_4454,20.800000000000026,6017.0,1.0
P_2-1_5799,P_1-2_3590,20.900000000000027,6017.0,1.0
P_2-1_5799,P_1-1-pt_8982,33.3000000000002,6017.0,1.0
P_2-1_5799,P_1-1-pt_8969,19.900000000000013,6017.0,1.0
P_2-1_5799,P_1-1-pt_5481,163.79999999999498,6017.0,1.0
P_2-1_5799,P_1-2_1658,37.30000000000026,6017.0,1.0
P_2-1_5799,P_1-1-pt_1601,54.90000000000051,6017.0,1.0
P_2-1_5799,P_1-3_4492,649.6000000000791,6017.0,1.0
P_1-1-pt_4966,P_1-3_3046,51.700000000000465,6016.0,1.0
P_1-1-pt_4966,P_1-3_3457,59.90000000000058,6016.0,1.0
P_1-1-pt_4966,P_1-2_5951,58.700000000000564,6016.0,1.0
P_1-1-pt_4966,P_1-1-pt_8728,57.10000000000054,6016.0,1.0
P_1-1-pt_4966,P_1-3_4690,70.90000000000025,6016.0,1.0
P_1-1-pt_4966,P_1-1-pt_5078,52.00000000000047,6016.0,1.0
P_1-1-pt_4966,P_1-1-pt_8682,197.29999999999308,6016.0,1.0
P_1-1-pt_4966,P_1-2_505,177.5999999999942,6016.0,1.0
P_1-1-pt_4966,P_1-2_250,10.599999999999978,6016.0,1.0
P_1-1-pt_4966,P_2-1_2384,193.89999999999327,6016.0,1.0
P_1-1-pt_4966,P_1-2_3389,51.700000000000465,6016.0,1.0
P_1-1-pt_1601,P_1-2_3214,8.399999999999986,6011.0,1.0
P_1-1-pt_1601,P_1-2_4715,26.1000000000001,6011.0,1.0
P_1-1-pt_1601,P_1-2_2653,26.70000000000011,6011.0,1.0
P_1-1-pt_1601,P_1-1-pt_6355,77.39999999999988,6011.0,1.0
P_1-1-pt_1601,P_1-2_4454,68.00000000000041,6011.0,1.0
P_1-1-pt_1601,P_1-1-pt_2431,51.90000000000047,6011.0,1.0
P_1-1-pt_1601,P_1-1-pt_7938,89.09999999999921,6011.0,1.0
P_1-1-pt_1601,P_1-1-pt_2844,58.100000000000556,6011.0,1.0
P_1-1-pt_1601,P_1-3_5550,69.60000000000032,6011.0,1.0
P_1-1-pt_1601,P_2-1_5799,54.90000000000051,6011.0,1.0
P_1-1-pt_1601,P_1-3_4492,55.40000000000052,6011.0,1.0
P_1-1-pt_1601,P_1-3_2528,55.80000000000052,6011.0,1.0
P_1-1-pt_1601,P_1-1-pt_2425,55.70000000000052,6011.0,1.0
P_1-1-pt_1601,P_2-1_2911,55.300000000000516,6011.0,1.0
P_1-1-pt_1601,P_1-2_1285,55.10000000000051,6011.0,1.0
P_1-1-pt_1601,P_2-1_842,54.4000000000005,6011.0,1.0
P_1-1-pt_1601,P_1-3_5451,56.80000000000054,6011.0,1.0
P_1-1-pt_1601,P_1-3_1140,30.000000000000156,6011.0,1.0
P_1-1-pt_2718,P_1-2_5252,51.000000000000455,6006.0,1.0
P_1-1-pt_2718,P_1-3_5117,51.40000000000046,6006.0,1.0
P_1-1-pt_2718,P_1-2_2183,50.90000000000045,6006.0,1.0
P_1-1-pt_2718,P_1-3_5537,50.70000000000045,6006.0,1.0
P_1-2_1596,P_1-3_4168,244.4999999999904,5995.0,1.0
P_1-2_1596,P_1-2_3081,20.40000000000002,5995.0,1.0
P_1-2_1596,P_1-1-veh_105,53.40000000000049,5995.0,1.0
P_1-2_1596,P_1-2_2554,53.30000000000049,5995.0,1.0
P_1-2_1596,P_1-1-veh_234,55.80000000000052,5995.0,1.0
P_1-2_1596,P_1-3_2053,53.40000000000049,5995.0,1.0
P_1-2_1596,P_1-2_5951,53.60000000000049,5995.0,1.0
P_1-2_1596,P_1-1-pt_6297,51.50000000000046,5995.0,1.0
P_1-2_1596,P_1-1-pt_5199,51.000000000000455,5995.0,1.0
P_1-2_1596,P_1-3_4690,55.40000000000052,5995.0,1.0
P_1-2_1596,P_1-1-pt_4901,57.70000000000055,5995.0,1.0
P_1-2_1596,P_1-1-pt_8682,62.200000000000614,5995.0,1.0
P_1-2_1596,P_1-2_1255,51.40000000000046,5995.0,1.0
P_1-2_1596,P_1-1-pt_2503,84.59999999999947,5995.0,1.0
P_1-1-pt_5997,P_1-1-pt_530,45.20000000000037,5988.0,1.0
P_1-1-pt_5997,P_1-2_5252,50.90000000000045,5988.0,1.0
P_1-1-pt_5997,P_1-2_2473,15.79999999999996,5988.0,1.0
P_1-1-pt_5997,P_1-2_4249,33.2000000000002,5988.0,1.0
P_1-1-pt_5997,P_1-3_2424,20.600000000000023,5988.0,1.0
P_1-1-pt_5997,P_1-3_1571,57.00000000000054,5988.0,1.0
P_1-1-pt_5997,P_1-3_5117,64.7000000000006,5988.0,1.0
P_1-1-pt_5997,P_1-2_2183,50.80000000000045,5988.0,1.0
P_1-1-pt_5997,P_1-1-pt_5913,35.00000000000023,5988.0,1.0
P_1-1-pt_5997,P_1-3_5537,51.100000000000456,5988.0,1.0
P_1-1-pt_5997,P_1-2_1640,35.30000000000023,5988.0,1.0
P_1-1-pt_5997,P_1-2_5641,30.600000000000165,5988.0,1.0
P_1-1-pt_5997,P_1-1-pt_8611,1435.0999999997903,5988.0,1.0
P_1-1-pt_5997,P_1-1-pt_394,1255.4999999999536,5988.0,1.0
P_1-1-pt_5997,P_1-1-pt_4541,1217.9999999999877,5988.0,1.0
P_2-1_5450,P_2-1_3136,279.5999999999951,5987.0,1.0
P_1-3_4025,P_1-2_1494,53.200000000000486,5986.0,1.0
P_1-3_4025,P_2-1_600,53.50000000000049,5986.0,1.0
P_1-3_4025,P_1-3_2773,44.90000000000037,5986.0,1.0
P_1-3_4025,P_1-2_2180,53.40000000000049,5986.0,1.0
P_1-3_4025,P_1-2_3879,33.70000000000021,5986.0,1.0
P_1-3_4025,P_1-3_4262,53.30000000000049,5986.0,1.0
P_1-3_4025,P_1-3_5144,59.60000000000058,5986.0,1.0
P_1-3_4025,P_1-3_2786,69.30000000000034,5986.0,1.0
P_1-3_4025,P_1-3_5475,57.20000000000054,5986.0,1.0
P_1-1-pt_6453,P_1-1-pt_3489,55.70000000000052,5976.0,1.0
P_1-1-pt_6453,P_1-1-pt_2013,47.90000000000041,5976.0,1.0
P_1-1-pt_6453,P_1-1-pt_3409,54.0000000000005,5976.0,1.0
P_1-1-pt_6453,P_1-1-pt_3624,31.100000000000172,5976.0,1.0
P_1-1-pt_6453,P_2-1_3764,59.60000000000058,5976.0,1.0
P_1-1-pt_6453,P_2-1_2925,58.700000000000564,5976.0,1.0
P_1-1-pt_6453,P_1-2_4940,2476.2999999988433,5976.0,1.0
P_1-1-pt_6453,P_1-1-pt_8728,58.90000000000057,5976.0,1.0
P_1-1-pt_6453,P_1-1-veh_610,8.499999999999986,5976.0,1.0
P_1-1-pt_6453,P_1-1-veh_767,14.099999999999966,5976.0,1.0
P_1-1-pt_6453,P_1-2_303,26.600000000000108,5976.0,1.0
P_1-1-pt_6453,P_1-1-pt_6413,57.90000000000055,5976.0,1.0
P_1-1-pt_6453,P_1-1-pt_494,38.10000000000027,5976.0,1.0
P_1-1-pt_6453,P_1-1-pt_2162,58.800000000000566,5976.0,1.0
P_1-1-pt_6453,P_1-1-pt_4996,29.700000000000152,5976.0,1.0
P_1-1-pt_6453,P_1-1-pt_1270,57.60000000000055,5976.0,1.0
P_1-1-pt_6453,P_1-1-pt_7863,58.30000000000056,5976.0,1.0
P_1-1-pt_6453,P_1-1-pt_8545,56.600000000000534,5976.0,1.0
P_1-1-pt_6453,P_1-1-pt_5193,56.700000000000536,5976.0,1.0
P_1-1-pt_6453,P_1-1-pt_7325,58.100000000000556,5976.0,1.0
P_1-1-pt_6453,P_2-1_63,93.29999999999897,5976.0,1.0
P_1-1-pt_6453,P_1-2_1612,158.49999999999528,5976.0,1.0
P_1-1-pt_6453,P_1-1-veh_105,78.6999999999998,5976.0,1.0
P_1-1-pt_6453,P_1-2_2554,48.900000000000425,5976.0,1.0
P_1-1-pt_6453,P_1-2_1203,91.59999999999907,5976.0,1.0
P_1-1-pt_8085,P_1-2_1285,37.600000000000264,5972.0,1.0
P_1-1-pt_8085,P_1-3_1140,655.9000000000806,5972.0,1.0
P_1-1-pt_8085,P_1-3_5451,1008.2000000001607,5972.0,1.0
P_1-1-pt_8085,P_2-1_4930,61.4000000000006,5972.0,1.0
P_1-1-pt_8085,P_2-1_4232,183.09999999999388,5972.0,1.0
P_1-1-pt_8085,P_1-2_5927,10.399999999999979,5972.0,1.0
P_1-1-pt_8085,P_2-1_5552,97.39999999999874,5972.0,1.0
P_1-1-pt_8085,P_1-2_2653,28.20000000000013,5972.0,1.0
P_1-1-pt_8085,P_1-2_4955,111.19999999999796,5972.0,1.0
P_1-1-pt_8085,P_1-2_2061,107.49999999999817,5972.0,1.0
P_1-1-pt_8085,P_1-1-pt_841,1727.0999999995247,5972.0,1.0
P_1-3_403,P_1-1-pt_1121,85.29999999999943,5970.0,1.0
P_1-3_403,P_1-1-pt_2808,8.899999999999984,5970.0,1.0
P_1-3_403,P_1-2_2702,38.00000000000027,5970.0,1.0
P_1-3_403,P_1-2_1203,50.10000000000044,5970.0,1.0
P_1-3_403,P_1-2_2554,53.200000000000486,5970.0,1.0
P_1-3_403,P_1-3_2323,82.59999999999958,5970.0,1.0
P_1-3_403,P_1-3_528,83.59999999999953,5970.0,1.0
P_1-1-pt_571,P_1-1-pt_2503,54.2000000000005,5967.0,1.0
P_1-1-pt_571,P_1-1-pt_3207,60.00000000000058,5967.0,1.0
P_1-1-pt_571,P_1-1-pt_3409,58.700000000000564,5967.0,1.0
P_1-1-pt_571,P_1-1-pt_2369,224.59999999999152,5967.0,1.0
P_1-1-pt_571,P_1-1-pt_521,119.79999999999747,5967.0,1.0
P_1-1-pt_571,P_1-1-pt_8280,127.49999999999703,5967.0,1.0
P_1-1-pt_571,P_1-1-pt_5666,114.99999999999774,5967.0,1.0
P_1-1-pt_571,P_1-1-pt_8728,62.70000000000062,5967.0,1.0
P_1-1-pt_571,P_1-1-veh_610,34.60000000000022,5967.0,1.0
P_1-1-pt_571,P_1-3_3245,100.09999999999859,5967.0,1.0
P_1-1-pt_571,P_1-1-pt_4736,149.99999999999577,5967.0,1.0
P_1-1-pt_571,P_1-1-pt_7208,67.60000000000043,5967.0,1.0
P_1-1-pt_571,P_1-2_250,61.600000000000605,5967.0,1.0
P_1-1-pt_571,P_1-1-pt_2880,57.10000000000054,5967.0,1.0
P_1-1-pt_571,P_1-1-pt_6743,57.20000000000054,5967.0,1.0
P_1-1-pt_571,P_1-1-pt_3230,5942.000000004085,5967.0,1.0
P_1-2_3692,P_1-1-pt_5897,42.10000000000033,5961.0,1.0
P_1-2_3692,P_1-1-pt_1304,50.10000000000044,5961.0,1.0
P_1-2_3692,P_1-1-pt_3571,324.5000000000053,5961.0,1.0
P_1-2_3692,P_1-1-pt_5115,56.90000000000054,5961.0,1.0
P_1-1-pt_7863,P_1-1-pt_1304,94.99999999999888,5960.0,1.0
P_1-1-pt_7863,P_1-1-pt_5193,40.3000000000003,5960.0,1.0
P_1-1-pt_7863,P_1-1-pt_3275,60.900000000000595,5960.0,1.0
P_1-1-pt_7863,P_1-1-pt_1560,61.1000000000006,5960.0,1.0
P_1-1-pt_7863,P_1-1-pt_1966,61.500000000000604,5960.0,1.0
P_1-1-pt_7863,P_1-1-pt_5906,62.00000000000061,5960.0,1.0
P_1-1-pt_7863,P_1-1-pt_3916,70.50000000000027,5960.0,1.0
P_1-1-pt_7863,P_1-1-pt_1226,63.80000000000064,5960.0,1.0
P_1-1-pt_7863,P_1-1-pt_3624,58.700000000000564,5960.0,1.0
P_1-1-pt_7863,P_1-1-veh_105,107.19999999999818,5960.0,1.0
P_1-1-pt_7863,P_2-1_3764,65.20000000000057,5960.0,1.0
P_1-1-pt_7863,P_2-1_2925,52.10000000000047,5960.0,1.0
P_1-1-pt_7863,P_1-1-veh_792,181.69999999999396,5960.0,1.0
P_1-1-pt_7863,P_2-1_63,77.29999999999988,5960.0,1.0
P_1-1-pt_7863,P_1-2_1612,54.90000000000051,5960.0,1.0
P_1-1-pt_7863,P_1-1-pt_6453,58.30000000000056,5960.0,1.0
P_1-1-pt_7863,P_1-3_3245,52.20000000000047,5960.0,1.0
P_1-1-pt_7863,P_2-1_5419,52.30000000000047,5960.0,1.0
P_1-1-pt_7863,P_1-1-pt_8728,54.90000000000051,5960.0,1.0
P_1-1-pt_7863,P_1-2_4483,54.80000000000051,5960.0,1.0
P_1-1-pt_7863,P_1-1-pt_2162,16.19999999999996,5960.0,1.0
P_1-2_2034,P_1-2_3693,53.70000000000049,5960.0,1.0
P_1-2_2034,P_1-2_3052,10.699999999999978,5960.0,1.0
P_1-2_2034,P_1-3_990,27.300000000000118,5960.0,1.0
P_1-2_2034,P_1-1-pt_654,62.80000000000062,5960.0,1.0
P_2-1_2045,P_1-3_2018,73.80000000000008,5957.0,1.0
P_2-1_2045,P_1-2_5640,53.40000000000049,5957.0,1.0
P_2-1_2045,P_1-2_568,54.90000000000051,5957.0,1.0
P_2-1_2045,P_1-1-pt_1037,30.20000000000016,5957.0,1.0
P_2-1_2045,P_1-1-pt_5324,754.500000000103,5957.0,1.0
P_2-1_2045,P_1-3_990,37.600000000000264,5957.0,1.0
P_2-1_2045,P_1-3_5334,29.300000000000146,5957.0,1.0
P_2-1_2045,P_1-1-pt_3927,38.300000000000274,5957.0,1.0
P_2-1_2045,P_1-2_2345,104.19999999999835,5957.0,1.0
P_2-1_2045,P_1-1-pt_1298,51.30000000000046,5957.0,1.0
P_2-1_2045,P_1-2_4019,17.59999999999998,5957.0,1.0
P_1-3_234,P_1-3_4663,53.00000000000048,5948.0,1.0
P_1-3_234,P_1-2_1658,53.200000000000486,5948.0,1.0
P_1-3_234,P_1-3_4881,52.90000000000048,5948.0,1.0
P_1-3_234,P_1-3_28,94.99999999999888,5948.0,1.0
P_1-3_234,P_2-1_4267,53.30000000000049,5948.0,1.0
P_1-3_234,P_2-1_3390,53.200000000000486,5948.0,1.0
P_1-3_234,P_1-2_3879,41.70000000000032,5948.0,1.0
P_1-3_234,P_2-1_1463,89.59999999999918,5948.0,1.0
P_1-3_234,P_1-3_2773,45.90000000000038,5948.0,1.0
P_1-3_234,P_2-1_499,69.70000000000032,5948.0,1.0
P_1-3_234,P_2-1_804,57.400000000000546,5948.0,1.0
P_1-3_234,P_2-1_213,53.200000000000486,5948.0,1.0
P_1-1-pt_3230,P_1-1-pt_2503,54.600000000000506,5943.0,1.0
P_1-1-pt_3230,P_1-1-pt_3207,60.00000000000058,5943.0,1.0
P_1-1-pt_3230,P_1-1-pt_3409,60.40000000000059,5943.0,1.0
P_1-1-pt_3230,P_1-1-pt_2369,225.69999999999146,5943.0,1.0
P_1-1-pt_3230,P_1-1-pt_521,125.19999999999716,5943.0,1.0
P_1-1-pt_3230,P_1-1-pt_8280,120.29999999999744,5943.0,1.0
P_1-1-pt_3230,P_1-1-pt_5666,114.39999999999777,5943.0,1.0
P_1-1-pt_3230,P_1-1-pt_8728,59.60000000000058,5943.0,1.0
P_1-1-pt_3230,P_1-1-veh_610,35.10000000000023,5943.0,1.0
P_1-1-pt_3230,P_1-3_3245,128.79999999999697,5943.0,1.0
P_1-1-pt_3230,P_1-1-pt_4736,154.39999999999552,5943.0,1.0
P_1-1-pt_3230,P_1-1-pt_7208,65.80000000000054,5943.0,1.0
P_1-1-pt_3230,P_1-2_250,59.30000000000057,5943.0,1.0
P_1-1-pt_3230,P_1-1-pt_2880,57.10000000000054,5943.0,1.0
P_1-1-pt_3230,P_1-1-pt_6743,56.90000000000054,5943.0,1.0
P_1-1-pt_3230,P_1-1-pt_571,5942.000000004085,5943.0,1.0
P_1-3_3253,P_1-2_4634,220.79999999999174,5941.0,1.0
P_1-3_3253,P_1-3_4775,175.19999999999433,5941.0,1.0
P_1-3_3253,P_1-3_2410,111.79999999999792,5941.0,1.0
P_1-3_3253,P_1-3_2018,115.39999999999772,5941.0,1.0
P_1-3_3253,P_1-3_2633,198.89999999999299,5941.0,1.0
P_1-3_3253,P_1-2_5210,120.59999999999742,5941.0,1.0
P_1-3_3253,P_1-2_573,113.9999999999978,5941.0,1.0
P_1-3_3253,P_1-3_4954,113.09999999999785,5941.0,1.0
P_1-3_3253,P_1-3_4875,129.09999999999695,5941.0,1.0
P_1-3_3253,P_1-3_3410,332.100000000007,5941.0,1.0
P_1-3_4253,P_1-3_5020,53.200000000000486,5941.0,1.0
P_1-3_4253,P_1-1-pt_7959,4602.499999999212,5941.0,1.0
P_1-3_4253,P_1-1-pt_6381,50.80000000000045,5941.0,1.0
P_1-3_4253,P_1-1-pt_7277,50.400000000000446,5941.0,1.0
P_1-3_4253,P_2-1_2293,53.30000000000049,5941.0,1.0
P_1-3_4253,P_1-1-pt_1669,43.60000000000035,5941.0,1.0
P_1-3_4253,P_1-2_163,53.900000000000496,5941.0,1.0
P_1-2_1219,P_1-2_1640,53.40000000000049,5938.0,1.0
P_1-2_1219,P_1-2_5641,53.40000000000049,5938.0,1.0
P_1-2_1219,P_1-3_547,53.50000000000049,5938.0,1.0
P_1-2_1219,P_1-2_315,165.49999999999488,5938.0,1.0
P_1-2_1219,P_1-2_593,34.30000000000022,5938.0,1.0
P_1-2_1219,P_1-2_4724,33.3000000000002,5938.0,1.0
P_1-2_1219,P_1-3_4822,117.89999999999758,5938.0,1.0
P_1-2_1219,P_1-2_3716,24.900000000000084,5938.0,1.0
P_1-2_1219,P_1-2_4098,45.400000000000375,5938.0,1.0
P_1-2_1219,P_1-3_2482,23.20000000000006,5938.0,1.0
P_1-2_1219,P_1-2_4730,92.39999999999903,5938.0,1.0
P_1-3_5144,P_2-1_3764,45.300000000000374,5937.0,1.0
P_1-3_5144,P_2-1_63,45.300000000000374,5937.0,1.0
P_1-3_5144,P_1-2_1612,45.20000000000037,5937.0,1.0
P_1-3_5144,P_1-2_1255,45.300000000000374,5937.0,1.0
P_1-3_5144,P_1-3_3245,71.50000000000021,5937.0,1.0
P_1-3_5144,P_2-1_5067,53.70000000000049,5937.0,1.0
P_1-3_5144,P_1-3_4663,56.40000000000053,5937.0,1.0
P_1-3_5144,P_1-2_1658,67.40000000000045,5937.0,1.0
P_1-3_5144,P_1-3_4881,93.19999999999898,5937.0,1.0
P_1-3_5144,P_1-2_5543,92.899999999999,5937.0,1.0
P_1-3_5144,P_1-3_4025,59.60000000000058,5937.0,1.0
P_1-3_5144,P_2-1_4267,53.50000000000049,5937.0,1.0
P_1-3_5144,P_2-1_3390,85.49999999999942,5937.0,1.0
P_1-3_5144,P_2-1_600,35.10000000000023,5937.0,1.0
P_1-3_5144,P_1-2_5765,38.70000000000028,5937.0,1.0
P_1-3_5144,P_2-1_1463,53.40000000000049,5937.0,1.0
P_1-3_5144,P_2-1_4788,53.200000000000486,5937.0,1.0
P_1-3_5144,P_2-1_499,53.40000000000049,5937.0,1.0
P_1-3_5144,P_2-1_804,53.30000000000049,5937.0,1.0
P_1-3_5144,P_1-2_4376,43.10000000000034,5937.0,1.0
P_1-3_5144,P_1-3_1676,41.50000000000032,5937.0,1.0
P_1-3_5144,P_2-1_213,53.30000000000049,5937.0,1.0
P_1-3_2280,P_1-2_4249,111.59999999999793,5935.0,1.0
P_1-3_2280,P_1-2_2473,53.30000000000049,5935.0,1.0
P_1-3_2280,P_1-3_1945,53.100000000000485,5935.0,1.0
P_1-3_2280,P_1-2_3702,53.30000000000049,5935.0,1.0
P_1-3_2280,P_1-2_848,53.200000000000486,5935.0,1.0
P_1-3_2280,P_1-2_1600,9.099999999999984,5935.0,1.0
P_1-3_2280,P_1-1-pt_8692,52.00000000000047,5935.0,1.0
P_1-3_2280,P_1-1-veh_459,56.50000000000053,5935.0,1.0
P_1-3_2280,P_1-1-pt_8611,8.499999999999986,5935.0,1.0
P_1-3_2280,P_1-2_104,35.70000000000024,5935.0,1.0
P_1-3_2280,P_1-1-pt_527,8.299999999999986,5935.0,1.0
P_1-3_2280,P_1-2_4962,28.90000000000014,5935.0,1.0
P_1-1-pt_6273,P_1-3_3494,52.90000000000048,5933.0,1.0
P_1-1-pt_6273,P_1-1-pt_7080,45.300000000000374,5933.0,1.0
P_1-1-pt_6273,P_1-1-veh_792,50.00000000000044,5933.0,1.0
P_1-1-pt_6273,P_1-1-pt_7763,56.600000000000534,5933.0,1.0
P_1-1-pt_6273,P_1-3_528,99.39999999999863,5933.0,1.0
P_1-1-pt_6273,P_1-2_2554,46.800000000000395,5933.0,1.0
P_1-1-pt_6273,P_1-1-pt_7760,105.79999999999826,5933.0,1.0
P_1-1-pt_6273,P_1-3_2323,184.6999999999938,5933.0,1.0
P_1-3_2528,P_1-2_5020,48.70000000000042,5932.0,1.0
P_1-3_2528,P_1-2_2422,12.599999999999971,5932.0,1.0
P_1-3_2528,P_2-1_842,39.800000000000296,5932.0,1.0
P_1-3_2528,P_2-1_2987,26.900000000000112,5932.0,1.0
P_1-3_2528,P_1-2_5927,36.10000000000024,5932.0,1.0
P_1-3_2528,P_1-2_3214,27.100000000000115,5932.0,1.0
P_1-3_2528,P_1-1-pt_3353,116.99999999999763,5932.0,1.0
P_1-3_2528,P_1-2_4715,26.200000000000102,5932.0,1.0
P_1-3_2528,P_1-2_2653,47.90000000000041,5932.0,1.0
P_1-3_2528,P_1-1-pt_2770,8.499999999999986,5932.0,1.0
P_1-3_2528,P_1-1-pt_6355,8.499999999999986,5932.0,1.0
P_1-3_2528,P_1-2_4454,25.800000000000097,5932.0,1.0
P_1-3_2528,P_1-2_3590,25.900000000000098,5932.0,1.0
P_1-3_2528,P_1-1-pt_8982,8.399999999999986,5932.0,1.0
P_1-3_2528,P_1-1-pt_8969,8.099999999999987,5932.0,1.0
P_1-3_2528,P_1-2_1658,35.70000000000024,5932.0,1.0
P_1-3_2528,P_1-1-pt_1601,55.80000000000052,5932.0,1.0
P_2-1_2028,P_1-2_5752,1393.9999999998277,5930.0,1.0
P_2-1_2028,P_1-2_3464,404.80000000002354,5930.0,1.0
P_2-1_2028,P_1-2_3821,362.800000000014,5930.0,1.0
P_2-1_2028,P_1-2_2797,349.50000000001097,5930.0,1.0
P_2-1_2028,P_1-2_2580,340.5000000000089,5930.0,1.0
P_2-1_2028,P_1-1-veh_837,339.80000000000877,5930.0,1.0
P_2-1_2028,P_1-3_4738,338.90000000000856,5930.0,1.0
P_1-1-pt_7104,P_1-2_2030,835.1000000001213,5929.0,1.0
P_1-1-pt_7104,P_2-1_3376,2858.299999998496,5929.0,1.0
P_1-1-pt_7104,P_2-1_6256,708.1000000000925,5929.0,1.0
P_1-1-pt_7104,P_1-2_3908,736.800000000099,5929.0,1.0
P_1-1-pt_7104,P_2-1_5435,709.2000000000927,5929.0,1.0
P_1-1-pt_7104,P_1-2_4607,708.6000000000926,5929.0,1.0
P_1-1-pt_7104,P_2-1_4331,709.0000000000927,5929.0,1.0
P_1-1-pt_7104,P_1-2_4886,3065.799999998307,5929.0,1.0
P_1-1-pt_7104,P_1-2_2229,4246.399999997917,5929.0,1.0
P_1-1-pt_3595,P_1-1-pt_5913,181.299999999994,5921.0,1.0
P_1-1-pt_3595,P_1-1-pt_8692,37.600000000000264,5921.0,1.0
P_1-1-pt_3595,P_1-1-veh_459,26.200000000000102,5921.0,1.0
P_1-1-pt_3595,P_1-1-pt_8247,57.10000000000054,5921.0,1.0
P_1-2_4886,P_1-2_2030,779.3000000001086,5921.0,0.9483195406181388
P_1-2_4886,P_2-1_3376,767.600000000106,5921.0,0.9483195406181388
P_1-2_4886,P_2-1_6256,763.300000000105,5921.0,0.9483195406181388
P_1-2_4886,P_1-2_3908,767.2000000001059,5921.0,0.9483195406181388
P_1-2_4886,P_2-1_5435,768.0000000001061,5921.0,0.9483195406181388
P_1-2_4886,P_1-2_4607,713.6000000000937,5921.0,0.9483195406181388
P_1-2_4886,P_2-1_4331,733.8000000000983,5921.0,0.9483195406181388
P_1-2_4886,P_1-1-pt_7104,3065.799999998307,5921.0,0.9483195406181388
P_1-2_4886,P_1-2_2229,5920.000000004005,5921.0,0.9483195406181388
P_1-2_2653,P_1-2_171,42.10000000000033,5917.0,1.0
P_1-2_2653,P_1-2_4285,36.50000000000025,5917.0,1.0
P_1-2_2653,P_1-1-pt_4380,26.600000000000108,5917.0,1.0
P_1-2_2653,P_1-1-pt_1601,26.70000000000011,5917.0,1.0
P_1-2_2653,P_1-1-pt_2844,10.799999999999978,5917.0,1.0
P_1-2_2653,P_1-1-pt_3931,56.20000000000053,5917.0,1.0
P_1-2_2653,P_2-1_6236,32.000000000000185,5917.0,1.0
P_1-2_2653,P_1-2_1948,32.000000000000185,5917.0,1.0
P_1-2_2653,P_1-3_5550,31.100000000000172,5917.0,1.0
P_1-2_2653,P_2-1_5799,29.700000000000152,5917.0,1.0
P_1-2_2653,P_1-3_4492,32.60000000000019,5917.0,1.0
P_1-2_2653,P_1-3_2528,47.90000000000041,5917.0,1.0
P_1-2_2653,P_1-1-pt_3353,57.20000000000054,5917.0,1.0
P_1-2_2653,P_2-1_2911,36.10000000000024,5917.0,1.0
P_1-2_2653,P_1-1-pt_2425,44.30000000000036,5917.0,1.0
P_1-2_2653,P_1-2_1285,38.400000000000276,5917.0,1.0
P_1-2_2653,P_2-1_842,39.60000000000029,5917.0,1.0
P_1-2_2653,P_1-3_5451,48.00000000000041,5917.0,1.0
P_1-2_2653,P_1-3_1140,29.50000000000015,5917.0,1.0
P_1-2_2653,P_1-1-pt_8085,28.20000000000013,5917.0,1.0
P_1-2_2653,P_1-1-pt_841,29.400000000000148,5917.0,1.0
P_1-2_2653,P_1-2_4955,40.0000000000003,5917.0,1.0
P_1-2_2653,P_1-2_2061,39.700000000000294,5917.0,1.0
P_1-2_2653,P_1-1-pt_2342,29.000000000000142,5917.0,1.0
P_1-2_2653,P_1-1-pt_3800,63.50000000000063,5917.0,1.0
P_1-1-pt_1121,P_1-1-veh_767,20.200000000000017,5916.0,1.0
P_1-1-pt_1121,P_1-1-pt_6031,61.500000000000604,5916.0,1.0
P_1-1-pt_1121,P_1-1-pt_3275,74.10000000000007,5916.0,1.0
P_1-1-pt_1121,P_1-3_403,85.29999999999943,5916.0,1.0
P_1-1-pt_1121,P_1-1-pt_5392,21.10000000000003,5916.0,1.0
P_1-1-pt_1121,P_1-3_2643,25.500000000000092,5916.0,1.0
P_1-1-pt_1121,P_1-3_1324,25.30000000000009,5916.0,1.0
P_1-1-pt_1121,P_1-1-pt_2808,45.60000000000038,5916.0,1.0
P_1-1-pt_1121,P_1-3_3536,56.40000000000053,5916.0,1.0
P_1-1-pt_1121,P_1-3_5123,56.50000000000053,5916.0,1.0
P_1-1-pt_1121,P_1-1-pt_977,51.90000000000047,5916.0,1.0
P_1-1-pt_1121,P_1-1-pt_2606,61.3000000000006,5916.0,1.0
P_1-1-pt_1121,P_1-2_2875,42.70000000000034,5916.0,1.0
P_2-1_804,P_2-1_499,3137.399999998242,5915.0,1.0
P_2-1_804,P_1-3_268,53.40000000000049,5915.0,1.0
P_2-1_804,P_1-3_28,54.600000000000506,5915.0,1.0
P_2-1_804,P_1-3_234,57.400000000000546,5915.0,1.0
P_2-1_804,P_1-2_3879,93.89999999999894,5915.0,1.0
P_2-1_804,P_1-3_2773,70.60000000000026,5915.0,1.0
P_2-1_804,P_1-3_4262,133.19999999999672,5915.0,1.0
P_2-1_804,P_2-1_4788,26.600000000000108,5915.0,1.0
P_2-1_804,P_1-2_5369,38.10000000000027,5915.0,1.0
P_2-1_804,P_1-2_4376,53.50000000000049,5915.0,1.0
P_2-1_804,P_1-3_1676,53.30000000000049,5915.0,1.0
P_2-1_804,P_1-3_5144,53.30000000000049,5915.0,1.0
P_2-1_804,P_1-3_2786,55.00000000000051,5915.0,1.0
P_2-1_804,P_1-3_5475,53.30000000000049,5915.0,1.0
P_2-1_804,P_1-2_4853,58.30000000000056,5915.0,1.0
P_2-1_804,P_2-1_6130,56.000000000000526,5915.0,1.0
P_2-1_842,P_1-2_1948,40.80000000000031,5914.0,1.0
P_2-1_842,P_1-3_4492,40.1000000000003,5914.0,1.0
P_2-1_842,P_1-3_2528,39.800000000000296,5914.0,1.0
P_2-1_842,P_1-1-pt_841,129.59999999999692,5914.0,1.0
P_2-1_842,P_1-2_5927,42.00000000000033,5914.0,1.0
P_2-1_842,P_1-1-pt_3800,27.000000000000114,5914.0,1.0
P_2-1_842,P_1-2_3214,35.70000000000024,5914.0,1.0
P_2-1_842,P_1-2_4715,34.800000000000225,5914.0,1.0
P_2-1_842,P_1-2_2653,39.60000000000029,5914.0,1.0
P_2-1_842,P_1-1-pt_2770,26.1000000000001,5914.0,1.0
P_2-1_842,P_1-1-pt_6355,26.600000000000108,5914.0,1.0
P_2-1_842,P_1-2_4454,35.30000000000023,5914.0,1.0
P_2-1_842,P_1-2_3590,35.40000000000023,5914.0,1.0
P_2-1_842,P_1-1-pt_8982,63.30000000000063,5914.0,1.0
P_2-1_842,P_1-1-pt_8969,26.0000000000001,5914.0,1.0
P_2-1_842,P_1-2_1658,41.70000000000032,5914.0,1.0
P_2-1_842,P_1-1-pt_1601,54.4000000000005,5914.0,1.0
P_1-1-pt_3067,P_1-1-veh_234,31.100000000000172,5913.0,1.0
P_1-1-pt_3067,P_1-3_1785,55.40000000000052,5913.0,1.0
P_1-1-pt_3067,P_1-1-pt_3386,72.00000000000018,5913.0,1.0
P_1-1-pt_3067,P_1-1-pt_2606,692.800000000089,5913.0,1.0
P_1-1-pt_3067,P_1-3_528,80.29999999999971,5913.0,1.0
P_1-1-pt_3067,P_1-1-pt_761,141.09999999999627,5913.0,1.0
P_1-1-pt_3067,P_1-1-pt_3097,123.79999999999724,5913.0,1.0
P_1-1-pt_3067,P_1-1-pt_2834,102.69999999999844,5913.0,1.0
P_1-1-pt_3067,P_1-1-pt_6297,160.99999999999514,5913.0,1.0
P_1-1-pt_3067,P_1-1-pt_5199,127.19999999999705,5913.0,1.0
P_1-1-pt_3067,P_1-3_2955,117.3999999999976,5913.0,1.0
P_1-1-pt_3067,P_1-1-pt_6931,101.5999999999985,5913.0,1.0
P_1-1-pt_3067,P_1-1-pt_4996,62.10000000000061,5913.0,1.0
P_1-1-pt_3067,P_1-2_5252,34.900000000000226,5913.0,1.0
P_1-1-pt_3067,P_1-3_3245,38.50000000000028,5913.0,1.0
P_1-1-pt_3571,P_1-1-pt_5897,7.699999999999989,5912.0,1.0
P_1-1-pt_3571,P_1-1-pt_1304,46.000000000000384,5912.0,1.0
P_1-1-pt_3571,P_1-2_3692,324.5000000000053,5912.0,1.0
P_1-1-pt_3571,P_1-1-pt_8762,57.90000000000055,5912.0,1.0
P_1-1-pt_3571,P_1-1-pt_1798,58.700000000000564,5912.0,1.0
P_1-1-pt_3571,P_1-1-pt_5298,55.00000000000051,5912.0,1.0
P_1-3_2171,P_1-3_1604,53.200000000000486,5908.0,1.0
P_1-3_2171,P_1-1-pt_6358,42.80000000000034,5908.0,1.0
P_1-3_2171,P_2-1_5067,54.70000000000051,5908.0,1.0
P_1-3_2424,P_1-3_1027,48.50000000000042,5902.0,1.0
P_1-3_2424,P_1-1-pt_8611,56.700000000000536,5902.0,1.0
P_1-3_2424,P_1-1-pt_5997,20.600000000000023,5902.0,1.0
P_1-3_2424,P_1-2_104,50.00000000000044,5902.0,1.0
P_1-3_2424,P_1-1-pt_527,39.800000000000296,5902.0,1.0
P_1-3_2424,P_1-2_4962,45.90000000000038,5902.0,1.0
P_1-3_2424,P_1-2_4249,872.7000000001299,5902.0,1.0
P_1-3_2424,P_1-2_1715,13.699999999999967,5902.0,1.0
P_1-3_2424,P_1-2_2473,95.69999999999884,5902.0,1.0
P_1-3_3245,P_1-3_5144,71.50000000000021,5902.0,1.0
P_1-3_3245,P_1-1-pt_8969,8.399999999999986,5902.0,1.0
P_1-3_3245,P_1-1-pt_3671,85.39999999999942,5902.0,1.0
P_1-3_3245,P_1-1-pt_5167,44.000000000000355,5902.0,1.0
P_1-3_3245,P_1-1-pt_1747,25.500000000000092,5902.0,1.0
P_1-3_3245,P_1-1-pt_98,39.40000000000029,5902.0,1.0
P_1-3_3245,P_1-1-pt_6974,58.20000000000056,5902.0,1.0
P_1-3_3245,P_1-1-pt_4879,14.999999999999963,5902.0,1.0
P_1-3_3245,P_1-1-pt_2880,80.4999999999997,5902.0,1.0
P_1-3_3245,P_1-1-pt_3858,50.300000000000445,5902.0,1.0
P_1-3_3245,P_1-1-pt_571,100.09999999999859,5902.0,1.0
P_1-3_3245,P_1-1-pt_3230,128.79999999999697,5902.0,1.0
P_1-3_3245,P_1-1-pt_2013,8.899999999999984,5902.0,1.0
P_1-3_3245,P_1-1-pt_7573,32.50000000000019,5902.0,1.0
P_1-3_3245,P_1-1-veh_767,27.100000000000115,5902.0,1.0
P_1-3_3245,P_1-2_303,36.10000000000024,5902.0,1.0
P_1-3_3245,P_1-1-pt_6413,58.40000000000056,5902.0,1.0
P_1-3_3245,P_1-1-pt_494,37.90000000000027,5902.0,1.0
P_1-3_3245,P_1-1-pt_2162,56.80000000000054,5902.0,1.0
P_1-3_3245,P_1-1-pt_4996,26.70000000000011,5902.0,1.0
P_1-3_3245,P_1-1-pt_5666,8.699999999999985,5902.0,1.0
P_1-3_3245,P_1-1-pt_3409,55.200000000000514,5902.0,1.0
P_1-3_3245,P_1-1-pt_1270,57.20000000000054,5902.0,1.0
P_1-3_3245,P_1-1-pt_1473,35.20000000000023,5902.0,1.0
P_1-3_3245,P_1-1-pt_7863,52.20000000000047,5902.0,1.0
P_1-3_3245,P_1-1-pt_8545,51.40000000000046,5902.0,1.0
P_1-3_3245,P_1-1-pt_5193,51.20000000000046,5902.0,1.0
P_1-3_3245,P_1-1-pt_7325,73.00000000000013,5902.0,1.0
P_1-3_3245,P_1-1-pt_3067,38.50000000000028,5902.0,1.0
P_1-3_3245,P_1-1-pt_6297,233.599999999991,5902.0,1.0
P_1-1-pt_0,P_1-3_4666,39.000000000000284,5898.0,1.0
P_1-1-pt_0,P_1-2_4791,8.399999999999986,5898.0,1.0
P_1-1-pt_0,P_1-2_1533,8.499999999999986,5898.0,1.0
P_1-1-pt_0,P_1-3_5578,8.199999999999987,5898.0,1.0
P_1-1-pt_0,P_1-3_635,8.099999999999987,5898.0,1.0
P_1-1-pt_0,P_1-3_3579,129.49999999999693,5898.0,1.0
P_1-1-pt_0,P_1-1-pt_2529,25.000000000000085,5898.0,1.0
P_1-1-pt_0,P_1-1-pt_1473,82.99999999999956,5898.0,1.0
P_1-1-pt_0,P_1-1-pt_6031,99.09999999999864,5898.0,1.0
P_1-1-pt_2880,P_1-1-pt_521,238.29999999999075,5898.0,1.0
P_1-1-pt_2880,P_1-1-pt_8280,183.19999999999388,5898.0,1.0
P_1-1-pt_2880,P_1-1-pt_4262,51.800000000000466,5898.0,1.0
P_1-1-pt_2880,P_1-1-pt_3207,261.2999999999909,5898.0,1.0
P_1-1-pt_2880,P_1-1-pt_2369,60.00000000000058,5898.0,1.0
P_1-1-pt_2880,P_1-1-pt_4879,87.69999999999929,5898.0,1.0
P_1-1-pt_2880,P_1-1-pt_6974,595.1000000000668,5898.0,1.0
P_1-1-pt_2880,P_2-1_63,8.399999999999986,5898.0,1.0
P_1-1-pt_2880,P_1-1-pt_5167,379.0000000000177,5898.0,1.0
P_1-1-pt_2880,P_1-2_1612,117.99999999999757,5898.0,1.0
P_1-1-pt_2880,P_1-1-pt_98,150.19999999999575,5898.0,1.0
P_1-1-pt_2880,P_1-1-pt_1747,318.5000000000039,5898.0,1.0
P_1-1-pt_2880,P_1-1-pt_3671,131.6999999999968,5898.0,1.0
P_1-1-pt_2880,P_1-1-pt_3858,510.2000000000475,5898.0,1.0
P_1-1-pt_2880,P_1-3_3245,80.4999999999997,5898.0,1.0
P_1-1-pt_2880,P_1-2_250,55.40000000000052,5898.0,1.0
P_1-1-pt_2880,P_1-2_4483,79.19999999999978,5898.0,1.0
P_1-1-pt_2880,P_1-1-pt_6743,55.60000000000052,5898.0,1.0
P_1-1-pt_2880,P_1-1-veh_610,62.00000000000061,5898.0,1.0
P_1-1-pt_2880,P_1-1-veh_767,54.500000000000504,5898.0,1.0
P_1-1-pt_2880,P_1-2_303,54.1000000000005,5898.0,1.0
P_1-1-pt_2880,P_1-1-pt_571,57.10000000000054,5898.0,1.0
P_1-1-pt_2880,P_1-1-pt_3230,57.10000000000054,5898.0,1.0
P_1-1-pt_2880,P_1-1-pt_1497,54.90000000000051,5898.0,1.0
P_1-1-pt_2880,P_1-1-pt_4736,416.5000000000262,5898.0,1.0
P_1-1-pt_8735,P_1-2_638,9.299999999999983,5896.0,0.9491180461329715
P_1-1-pt_8735,P_1-2_3608,4.000000000000002,5896.0,0.9491180461329715
P_1-1-pt_8735,P_1-1-veh_246,4.5,5896.0,0.9491180461329715
P_1-1-pt_8735,P_1-2_5428,2.1000000000000005,5896.0,0.9491180461329715
P_1-1-pt_8735,P_1-1-pt_498,58.50000000000056,5896.0,0.9491180461329715
P_1-1-pt_8735,P_1-1-veh_530,17.299999999999976,5896.0,0.9491180461329715
P_1-1-pt_8735,P_1-3_3076,88.29999999999926,5896.0,0.9491180461329715
P_1-1-pt_8735,P_1-3_743,110.399999999998,5896.0,0.9491180461329715
P_1-1-pt_8735,P_1-1-pt_1723,835.0000000001213,5896.0,0.9491180461329715
P_1-1-pt_8735,P_1-1-pt_8184,95.59999999999884,5896.0,0.9491180461329715
P_1-1-pt_8735,P_1-3_2599,110.399999999998,5896.0,0.9491180461329715
P_1-1-pt_8735,P_1-2_5745,110.29999999999801,5896.0,0.9491180461329715
P_1-1-pt_8735,P_1-1-pt_8289,55.70000000000052,5896.0,0.9491180461329715
P_1-1-pt_8735,P_1-2_5753,55.40000000000052,5896.0,0.9491180461329715
P_1-1-pt_8735,P_1-1-pt_182,55.60000000000052,5896.0,0.9491180461329715
P_1-1-pt_8735,P_1-3_4289,54.80000000000051,5896.0,0.9491180461329715
P_1-1-pt_8735,P_1-2_609,55.300000000000516,5896.0,0.9491180461329715
P_1-1-pt_8735,P_1-2_4266,5853.000000003762,5896.0,0.9491180461329715
P_1-1-pt_7959,P_1-3_5020,50.80000000000045,5894.0,1.0
P_1-1-pt_7959,P_1-3_4253,4602.499999999212,5894.0,1.0
P_1-1-pt_7959,P_1-1-pt_6381,47.500000000000405,5894.0,1.0
P_1-1-pt_7959,P_1-1-pt_7277,47.600000000000406,5894.0,1.0
P_1-1-pt_7959,P_2-1_2293,51.000000000000455,5894.0,1.0
P_1-1-pt_7959,P_1-1-pt_1669,67.90000000000042,5894.0,1.0
P_1-1-pt_7959,P_1-2_163,52.10000000000047,5894.0,1.0
P_1-1-pt_150,P_1-1-pt_7573,47.500000000000405,5891.0,1.0
P_1-1-pt_150,P_2-1_2384,51.100000000000456,5891.0,1.0
P_1-1-pt_150,P_1-1-pt_4901,647.2000000000786,5891.0,1.0
P_1-1-pt_150,P_1-1-pt_2297,45.10000000000037,5891.0,1.0
P_1-1-pt_150,P_1-2_2715,58.000000000000554,5891.0,1.0
P_1-3_547,P_1-3_5117,53.30000000000049,5883.0,1.0
P_1-3_547,P_1-2_2183,53.40000000000049,5883.0,1.0
P_1-3_547,P_1-3_5537,52.80000000000048,5883.0,1.0
P_1-3_547,P_1-2_1219,53.50000000000049,5883.0,1.0
P_1-3_547,P_1-2_5437,53.40000000000049,5883.0,1.0
P_1-3_547,P_1-2_3752,53.40000000000049,5883.0,1.0
P_1-3_547,P_1-2_4270,53.30000000000049,5883.0,1.0
P_1-3_547,P_1-1-pt_394,12.199999999999973,5883.0,1.0
P_1-3_547,P_1-1-pt_4541,19.0,5883.0,1.0
P_1-3_547,P_1-1-pt_725,27.800000000000125,5883.0,1.0
P_1-1-pt_3207,P_1-1-pt_1747,316.40000000000344,5882.0,1.0
P_1-1-pt_3207,P_1-1-pt_3671,867.3000000001286,5882.0,1.0
P_1-1-pt_3207,P_1-1-pt_6974,242.19999999999052,5882.0,1.0
P_1-1-pt_3207,P_1-1-pt_5167,618.400000000072,5882.0,1.0
P_1-1-pt_3207,P_1-1-pt_4879,148.59999999999584,5882.0,1.0
P_1-1-pt_3207,P_1-1-pt_1497,451.6000000000342,5882.0,1.0
P_1-1-pt_3207,P_1-1-pt_2369,67.10000000000046,5882.0,1.0
P_1-1-pt_3207,P_1-1-pt_6743,184.3999999999938,5882.0,1.0
P_1-1-pt_3207,P_1-1-pt_4736,145.29999999999603,5882.0,1.0
P_1-1-pt_3207,P_1-1-pt_2880,261.2999999999909,5882.0,1.0
P_1-1-pt_3207,P_1-1-pt_571,60.00000000000058,5882.0,1.0
P_1-1-pt_3207,P_1-1-pt_3230,60.00000000000058,5882.0,1.0
P_1-1-pt_3207,P_1-1-pt_521,276.1999999999943,5882.0,1.0
P_1-1-pt_3207,P_1-1-pt_8280,238.59999999999073,5882.0,1.0
P_1-1-pt_3207,P_1-1-pt_5666,1045.9000000001442,5882.0,1.0
P_1-1-pt_3207,P_1-2_250,20.800000000000026,5882.0,1.0
P_1-1-pt_3207,P_1-2_4483,30.000000000000156,5882.0,1.0
P_1-1-pt_3207,P_1-1-pt_2920,61.600000000000605,5882.0,1.0
P_1-1-pt_3207,P_1-2_4940,57.50000000000055,5882.0,1.0
P_1-1-pt_3207,P_1-1-pt_98,589.1000000000654,5882.0,1.0
P_1-1-pt_3207,P_1-1-veh_610,57.90000000000055,5882.0,1.0
P_1-1-pt_3207,P_1-1-pt_2013,67.40000000000045,5882.0,1.0
P_1-1-pt_3207,P_1-1-veh_767,882.8000000001322,5882.0,1.0
P_1-1-pt_3207,P_1-2_5543,91.0999999999991,5882.0,1.0
P_1-1-pt_3207,P_1-1-pt_3858,64.6000000000006,5882.0,1.0
P_1-1-pt_3207,P_1-2_303,91.39999999999908,5882.0,1.0
P_1-1-pt_8247,P_1-3_2278,40.0000000000003,5882.0,1.0
P_1-1-pt_8247,P_1-1-pt_494,59.70000000000058,5882.0,1.0
P_1-1-pt_8247,P_1-1-pt_2162,59.30000000000057,5882.0,1.0
P_1-1-pt_8247,P_1-1-pt_1296,57.300000000000544,5882.0,1.0
P_1-1-pt_8247,P_1-2_1017,43.60000000000035,5882.0,1.0
P_1-1-pt_8247,P_1-1-pt_4262,59.00000000000057,5882.0,1.0
P_1-1-pt_8247,P_1-1-pt_3386,107.39999999999817,5882.0,1.0
P_1-1-pt_8247,P_1-2_2795,4157.699999997594,5882.0,1.0
P_1-1-pt_8247,P_1-1-pt_3595,57.10000000000054,5882.0,1.0
P_1-1-pt_8247,P_1-1-pt_1420,3490.6999999979207,5882.0,1.0
P_1-2_4249,P_1-3_2280,111.59999999999793,5877.0,1.0
P_1-2_4249,P_1-1-pt_7440,698.5000000000903,5877.0,1.0
P_1-2_4249,P_1-2_2473,754.0000000001029,5877.0,1.0
P_1-2_4249,P_1-3_1945,53.00000000000048,5877.0,1.0
P_1-2_4249,P_1-2_3702,53.60000000000049,5877.0,1.0
P_1-2_4249,P_1-2_848,56.10000000000053,5877.0,1.0
P_1-2_4249,P_1-1-pt_8611,56.90000000000054,5877.0,1.0
P_1-2_4249,P_1-1-pt_5997,33.2000000000002,5877.0,1.0
P_1-2_4249,P_1-2_104,37.600000000000264,5877.0,1.0
P_1-2_4249,P_1-1-pt_527,13.199999999999969,5877.0,1.0
P_1-2_4249,P_1-2_4962,30.400000000000162,5877.0,1.0
P_1-2_4249,P_1-3_2424,872.7000000001299,5877.0,1.0
P_1-1-pt_5481,P_1-2_4724,1221.6999999999844,5875.0,1.0
P_1-1-pt_5481,P_1-1-pt_4645,111.09999999999796,5875.0,1.0
P_1-1-pt_5481,P_1-2_593,148.39999999999586,5875.0,1.0
P_1-1-pt_5481,P_2-1_5799,163.79999999999498,5875.0,1.0
P_1-2_5369,P_1-2_5288,41.50000000000032,5874.0,1.0
P_1-2_5369,P_2-1_1609,223.59999999999158,5874.0,1.0
P_1-2_5369,P_2-1_499,41.900000000000325,5874.0,1.0
P_1-2_5369,P_2-1_804,38.10000000000027,5874.0,1.0
P_1-2_5369,P_1-2_1805,15.69999999999996,5874.0,1.0
P_1-1-pt_4785,P_1-3_1213,53.40000000000049,5870.0,1.0
P_1-1-pt_4785,P_1-3_2180,55.300000000000516,5870.0,1.0
P_1-1-pt_4785,P_1-2_2422,61.1000000000006,5870.0,1.0
P_1-1-pt_4785,P_1-2_5092,26.70000000000011,5870.0,1.0
P_1-1-pt_4785,P_1-3_5354,40.90000000000031,5870.0,1.0
P_1-1-pt_4785,P_1-3_4587,47.70000000000041,5870.0,1.0
P_1-1-pt_4785,P_1-3_2076,38.80000000000028,5870.0,1.0
P_1-1-pt_4785,P_1-2_5927,39.60000000000029,5870.0,1.0
P_1-1-pt_4785,P_1-2_3214,39.100000000000286,5870.0,1.0
P_1-1-pt_4785,P_2-1_4930,66.60000000000049,5870.0,1.0
P_1-1-pt_3624,P_1-1-pt_3858,53.100000000000485,5861.0,1.0
P_1-1-pt_3624,P_1-1-pt_2920,31.900000000000183,5861.0,1.0
P_1-1-pt_3624,P_1-1-pt_6453,31.100000000000172,5861.0,1.0
P_1-1-pt_3624,P_1-1-veh_610,8.499999999999986,5861.0,1.0
P_1-1-pt_3624,P_1-1-veh_767,8.499999999999986,5861.0,1.0
P_1-1-pt_3624,P_1-2_303,26.70000000000011,5861.0,1.0
P_1-1-pt_3624,P_1-1-pt_255,58.000000000000554,5861.0,1.0
P_1-1-pt_3624,P_1-1-pt_5199,69.30000000000034,5861.0,1.0
P_1-1-pt_3624,P_1-1-pt_2834,7.599999999999989,5861.0,1.0
P_1-1-pt_3624,P_1-1-veh_792,58.700000000000564,5861.0,1.0
P_1-1-pt_3624,P_1-1-pt_494,77.39999999999988,5861.0,1.0
P_1-1-pt_3624,P_1-1-pt_2162,92.09999999999904,5861.0,1.0
P_1-1-pt_3624,P_1-1-pt_5897,58.50000000000056,5861.0,1.0
P_1-1-pt_3624,P_1-1-pt_3769,59.10000000000057,5861.0,1.0
P_1-1-pt_3624,P_1-1-pt_4671,58.30000000000056,5861.0,1.0
P_1-1-pt_3624,P_1-1-pt_1270,58.30000000000056,5861.0,1.0
P_1-1-pt_3624,P_1-1-pt_3409,55.80000000000052,5861.0,1.0
P_1-1-pt_3624,P_1-1-pt_4919,59.500000000000576,5861.0,1.0
P_1-1-pt_3624,P_1-1-pt_1304,59.30000000000057,5861.0,1.0
P_1-1-pt_3624,P_1-1-veh_105,41.100000000000314,5861.0,1.0
P_1-1-pt_3624,P_1-1-pt_7863,58.700000000000564,5861.0,1.0
P_1-1-pt_3624,P_1-1-pt_8545,57.90000000000055,5861.0,1.0
P_1-1-pt_3624,P_1-1-pt_5193,57.70000000000055,5861.0,1.0
P_1-1-pt_3624,P_1-1-pt_7325,56.90000000000054,5861.0,1.0
P_1-1-pt_3624,P_1-1-pt_8137,58.000000000000554,5861.0,1.0
P_1-1-pt_1304,P_1-2_3692,50.10000000000044,5854.0,1.0
P_1-1-pt_1304,P_1-1-pt_3571,46.000000000000384,5854.0,1.0
P_1-1-pt_1304,P_1-1-pt_4671,46.800000000000395,5854.0,1.0
P_1-1-pt_1304,P_1-1-pt_1270,185.49999999999375,5854.0,1.0
P_1-1-pt_1304,P_1-1-pt_5897,33.70000000000021,5854.0,1.0
P_1-1-pt_1304,P_1-1-pt_7863,94.99999999999888,5854.0,1.0
P_1-1-pt_1304,P_1-2_1559,28.20000000000013,5854.0,1.0
P_1-1-pt_1304,P_1-1-pt_3275,62.300000000000615,5854.0,1.0
P_1-1-pt_1304,P_1-1-pt_1560,62.40000000000062,5854.0,1.0
P_1-1-pt_1304,P_1-1-pt_1966,78.6999999999998,5854.0,1.0
P_1-1-pt_1304,P_1-1-pt_5906,61.3000000000006,5854.0,1.0
P_1-1-pt_1304,P_1-1-pt_1238,60.70000000000059,5854.0,1.0
P_1-1-pt_1304,P_1-1-pt_3916,61.2000000000006,5854.0,1.0
P_1-1-pt_1304,P_1-1-pt_1108,121.29999999999738,5854.0,1.0
P_1-1-pt_1304,P_1-1-pt_1226,61.4000000000006,5854.0,1.0
P_1-1-pt_1304,P_1-1-pt_3624,59.30000000000057,5854.0,1.0
P_1-1-pt_1304,P_1-1-pt_4919,3734.399999997699,5854.0,1.0
P_1-1-pt_1304,P_1-1-veh_792,157.29999999999535,5854.0,1.0
P_1-1-pt_1304,P_1-1-pt_8545,56.40000000000053,5854.0,1.0
P_1-1-pt_1304,P_1-1-pt_5193,56.20000000000053,5854.0,1.0
P_1-1-pt_1304,P_1-1-veh_105,121.79999999999735,5854.0,1.0
P_1-1-pt_1304,P_1-1-pt_7325,54.2000000000005,5854.0,1.0
P_1-1-pt_1304,P_1-1-pt_8137,54.600000000000506,5854.0,1.0
P_1-1-pt_1304,P_1-2_1203,123.69999999999725,5854.0,1.0
P_1-1-pt_1304,P_1-2_2554,120.49999999999743,5854.0,1.0
P_1-2_4266,P_1-2_4753,30.30000000000016,5854.0,1.0
P_1-2_4266,P_1-3_2043,25.40000000000009,5854.0,1.0
P_1-2_4266,P_1-2_638,27.50000000000012,5854.0,1.0
P_1-2_4266,P_1-2_3608,26.200000000000102,5854.0,1.0
P_1-2_4266,P_1-1-veh_246,26.400000000000105,5854.0,1.0
P_1-2_4266,P_1-1-pt_1173,4.799999999999999,5854.0,1.0
P_1-2_4266,P_1-1-pt_6292,3.3000000000000016,5854.0,1.0
P_1-2_4266,P_1-2_5428,26.200000000000102,5854.0,1.0
P_1-2_4266,P_1-1-pt_498,57.400000000000546,5854.0,1.0
P_1-2_4266,P_1-1-pt_1723,781.4000000001091,5854.0,1.0
P_1-2_4266,P_1-1-veh_530,37.40000000000026,5854.0,1.0
P_1-2_4266,P_1-3_743,110.99999999999797,5854.0,1.0
P_1-2_4266,P_1-1-pt_8184,105.29999999999829,5854.0,1.0
P_1-2_4266,P_1-3_2599,111.29999999999795,5854.0,1.0
P_1-2_4266,P_1-2_5745,111.59999999999793,5854.0,1.0
P_1-2_4266,P_1-1-pt_8289,55.200000000000514,5854.0,1.0
P_1-2_4266,P_1-2_5753,55.80000000000052,5854.0,1.0
P_1-2_4266,P_1-1-pt_182,55.200000000000514,5854.0,1.0
P_1-2_4266,P_1-3_4289,55.900000000000524,5854.0,1.0
P_1-2_4266,P_1-3_3076,925.900000000142,5854.0,1.0
P_1-2_4266,P_1-2_609,55.60000000000052,5854.0,1.0
P_1-2_4266,P_1-1-pt_8735,5853.000000003762,5854.0,1.0
P_1-2_4724,P_1-1-pt_5481,1221.6999999999844,5843.0,1.0
P_1-2_4724,P_1-1-pt_4645,314.30000000000297,5843.0,1.0
P_1-2_4724,P_1-3_4822,820.700000000118,5843.0,1.0
P_1-2_4724,P_1-2_5943,16.399999999999963,5843.0,1.0
P_1-2_4724,P_1-2_1219,33.3000000000002,5843.0,1.0
P_1-1-pt_1037,P_2-1_2045,30.20000000000016,5840.0,0.9825342465753425
P_1-1-pt_1037,P_1-3_990,22.000000000000043,5840.0,0.9825342465753425
P_1-1-pt_1037,P_1-2_3413,59.500000000000576,5840.0,0.9825342465753425
P_1-1-pt_1037,P_1-1-pt_3275,6.5999999999999925,5840.0,0.9825342465753425
P_1-1-pt_1037,P_1-3_3755,63.10000000000063,5840.0,0.9825342465753425
P_1-1-pt_1037,P_1-3_5334,77.79999999999986,5840.0,0.9825342465753425
P_1-1-pt_1037,P_1-1-pt_3927,63.40000000000063,5840.0,0.9825342465753425
P_1-1-pt_1037,P_1-2_2345,56.20000000000053,5840.0,0.9825342465753425
P_1-1-pt_1037,P_1-1-pt_1298,72.40000000000016,5840.0,0.9825342465753425
P_1-1-pt_1037,P_1-1-pt_5324,5830.000000003678,5840.0,0.9825342465753425
P_1-3_4289,P_1-3_743,110.99999999999797,5838.0,1.0
P_1-3_4289,P_1-1-pt_1723,114.59999999999776,5838.0,1.0
P_1-3_4289,P_1-3_2599,55.80000000000052,5838.0,1.0
P_1-3_4289,P_1-2_5745,55.900000000000524,5838.0,1.0
P_1-3_4289,P_1-1-pt_8289,55.00000000000051,5838.0,1.0
P_1-3_4289,P_1-1-pt_8735,54.80000000000051,5838.0,1.0
P_1-3_4289,P_1-2_4266,55.900000000000524,5838.0,1.0
P_1-3_4289,P_1-3_3076,55.60000000000052,5838.0,1.0
P_1-3_4289,P_1-2_5753,55.70000000000052,5838.0,1.0
P_1-3_4289,P_1-1-pt_182,55.300000000000516,5838.0,1.0
P_1-3_4289,P_1-1-veh_834,55.80000000000052,5838.0,1.0
P_1-3_4289,P_1-1-pt_8184,1114.2000000000821,5838.0,1.0
P_1-3_743,P_1-2_4753,26.300000000000104,5835.0,0.9912596401028277
P_1-3_743,P_1-3_2043,26.1000000000001,5835.0,0.9912596401028277
P_1-3_743,P_1-2_638,28.300000000000132,5835.0,0.9912596401028277
P_1-3_743,P_1-2_3608,512.800000000048,5835.0,0.9912596401028277
P_1-3_743,P_1-1-veh_246,52.90000000000048,5835.0,0.9912596401028277
P_1-3_743,P_1-1-pt_1173,50.80000000000045,5835.0,0.9912596401028277
P_1-3_743,P_1-1-pt_6292,50.60000000000045,5835.0,0.9912596401028277
P_1-3_743,P_1-1-pt_498,57.00000000000054,5835.0,0.9912596401028277
P_1-3_743,P_1-1-pt_1723,595.0000000000667,5835.0,0.9912596401028277
P_1-3_743,P_1-2_5428,53.100000000000485,5835.0,0.9912596401028277
P_1-3_743,P_1-1-pt_8184,218.29999999999188,5835.0,0.9912596401028277
P_1-3_743,P_1-1-veh_834,111.19999999999796,5835.0,0.9912596401028277
P_1-3_743,P_1-3_2599,111.59999999999793,5835.0,0.9912596401028277
P_1-3_743,P_1-2_5745,111.39999999999795,5835.0,0.9912596401028277
P_1-3_743,P_1-1-pt_8289,110.69999999999798,5835.0,0.9912596401028277
P_1-3_743,P_1-1-pt_8735,110.399999999998,5835.0,0.9912596401028277
P_1-3_743,P_1-2_4266,110.99999999999797,5835.0,0.9912596401028277
P_1-3_743,P_1-3_3076,110.89999999999797,5835.0,0.9912596401028277
P_1-3_743,P_1-1-pt_182,110.19999999999801,5835.0,0.9912596401028277
P_1-3_743,P_1-3_4289,110.99999999999797,5835.0,0.9912596401028277
P_1-3_743,P_1-2_5753,55.60000000000052,5835.0,0.9912596401028277
P_1-1-pt_1473,P_1-2_168,49.20000000000043,5832.0,1.0
P_1-1-pt_1473,P_1-1-pt_4875,41.800000000000324,5832.0,1.0
P_1-1-pt_1473,P_1-2_3708,49.40000000000043,5832.0,1.0
P_1-1-pt_1473,P_1-1-pt_8830,44.80000000000037,5832.0,1.0
P_1-1-pt_1473,P_1-1-pt_0,82.99999999999956,5832.0,1.0
P_1-1-pt_1473,P_1-1-pt_6931,62.00000000000061,5832.0,1.0
P_1-1-pt_1473,P_1-1-veh_234,50.10000000000044,5832.0,1.0
P_1-1-pt_1473,P_1-1-pt_8682,48.00000000000041,5832.0,1.0
P_1-1-pt_1473,P_1-2_3389,198.599999999993,5832.0,1.0
P_1-1-pt_1473,P_1-1-pt_5897,82.89999999999957,5832.0,1.0
P_1-1-pt_1473,P_1-1-pt_3769,76.59999999999992,5832.0,1.0
P_1-1-pt_1473,P_1-1-pt_4671,71.7000000000002,5832.0,1.0
P_1-1-pt_1473,P_1-1-pt_4919,71.30000000000022,5832.0,1.0
P_1-1-pt_1473,P_2-1_63,98.1999999999987,5832.0,1.0
P_1-1-pt_1473,P_1-2_1612,122.49999999999731,5832.0,1.0
P_1-1-pt_1473,P_1-3_3245,35.20000000000023,5832.0,1.0
P_1-1-pt_1473,P_2-1_5419,35.40000000000023,5832.0,1.0
P_1-1-pt_1473,P_1-1-pt_6413,90.59999999999913,5832.0,1.0
P_1-1-pt_1473,P_1-2_4483,3.800000000000002,5832.0,1.0
P_1-1-pt_1473,P_1-1-pt_1296,61.1000000000006,5832.0,1.0
P_1-1-pt_394,P_1-1-pt_530,44.40000000000036,5831.0,0.8526839307151431
P_1-1-pt_394,P_1-1-pt_4262,94.4999999999989,5831.0,0.8526839307151431
P_1-1-pt_394,P_1-2_5252,50.80000000000045,5831.0,0.8526839307151431
P_1-1-pt_394,P_1-3_1571,48.300000000000416,5831.0,0.8526839307151431
P_1-1-pt_394,P_1-2_171,41.70000000000032,5831.0,0.8526839307151431
P_1-1-pt_394,P_1-3_5117,50.80000000000045,5831.0,0.8526839307151431
P_1-1-pt_394,P_1-2_4285,23.90000000000007,5831.0,0.8526839307151431
P_1-1-pt_394,P_1-2_2183,50.90000000000045,5831.0,0.8526839307151431
P_1-1-pt_394,P_1-1-pt_5913,27.300000000000118,5831.0,0.8526839307151431
P_1-1-pt_394,P_1-3_5537,51.20000000000046,5831.0,0.8526839307151431
P_1-1-pt_394,P_1-2_1640,42.80000000000034,5831.0,0.8526839307151431
P_1-1-pt_394,P_1-2_5641,41.30000000000032,5831.0,0.8526839307151431
P_1-1-pt_394,P_1-3_547,12.199999999999973,5831.0,0.8526839307151431
P_1-1-pt_394,P_1-1-pt_5997,1255.4999999999536,5831.0,0.8526839307151431
P_1-1-pt_394,P_1-1-pt_8611,1238.1999999999694,5831.0,0.8526839307151431
P_1-1-pt_394,P_1-1-pt_4541,5792.00000000354,5831.0,0.8526839307151431
P_1-1-pt_5324,P_1-2_3413,27.200000000000117,5831.0,1.0
P_1-1-pt_5324,P_2-1_2045,754.500000000103,5831.0,1.0
P_1-1-pt_5324,P_1-3_990,22.700000000000053,5831.0,1.0
P_1-1-pt_5324,P_1-2_4208,22.100000000000044,5831.0,1.0
P_1-1-pt_5324,P_1-3_3755,68.00000000000041,5831.0,1.0
P_1-1-pt_5324,P_1-3_5334,73.20000000000012,5831.0,1.0
P_1-1-pt_5324,P_1-1-pt_3927,59.00000000000057,5831.0,1.0
P_1-1-pt_5324,P_1-2_2345,56.30000000000053,5831.0,1.0
P_1-1-pt_5324,P_1-1-pt_1298,65.40000000000056,5831.0,1.0
P_1-1-pt_5324,P_1-1-pt_1037,5830.000000003678,5831.0,1.0
P_1-2_960,P_1-2_5765,53.30000000000049,5821.0,1.0
P_1-2_960,P_1-1-pt_1669,30.500000000000163,5821.0,1.0
P_1-2_960,P_1-3_809,53.100000000000485,5821.0,1.0
P_1-2_960,P_1-2_4065,53.30000000000049,5821.0,1.0
P_1-2_960,P_1-3_2745,55.50000000000052,5821.0,1.0
P_1-2_960,P_1-2_1265,56.10000000000053,5821.0,1.0
P_1-2_2473,P_1-1-pt_2820,41.60000000000032,5816.0,1.0
P_1-2_2473,P_1-3_2221,52.90000000000048,5816.0,1.0
P_1-2_2473,P_1-3_2280,53.30000000000049,5816.0,1.0
P_1-2_2473,P_1-2_4249,754.0000000001029,5816.0,1.0
P_1-2_2473,P_1-1-pt_8611,54.80000000000051,5816.0,1.0
P_1-2_2473,P_1-1-pt_5997,15.79999999999996,5816.0,1.0
P_1-2_2473,P_1-2_104,36.50000000000025,5816.0,1.0
P_1-2_2473,P_1-1-pt_527,8.399999999999986,5816.0,1.0
P_1-2_2473,P_1-2_4962,28.80000000000014,5816.0,1.0
P_1-2_2473,P_1-3_2424,95.69999999999884,5816.0,1.0
P_1-1-pt_8728,P_1-1-pt_8068,53.50000000000049,5814.0,1.0
P_1-1-pt_8728,P_1-1-pt_4966,57.10000000000054,5814.0,1.0
P_1-1-pt_8728,P_1-1-pt_6176,48.50000000000042,5814.0,1.0
P_1-1-pt_8728,P_2-1_3764,23.10000000000006,5814.0,1.0
P_1-1-pt_8728,P_2-1_2925,18.39999999999999,5814.0,1.0
P_1-1-pt_8728,P_2-1_63,52.30000000000047,5814.0,1.0
P_1-1-pt_8728,P_1-2_1612,51.800000000000466,5814.0,1.0
P_1-1-pt_8728,P_1-1-pt_6453,58.90000000000057,5814.0,1.0
P_1-1-pt_8728,P_1-1-pt_571,62.70000000000062,5814.0,1.0
P_1-1-pt_8728,P_1-1-pt_3230,59.60000000000058,5814.0,1.0
P_1-1-pt_8728,P_1-1-pt_4736,71.30000000000022,5814.0,1.0
P_1-1-pt_8728,P_1-1-pt_2013,59.60000000000058,5814.0,1.0
P_1-1-pt_8728,P_1-1-pt_7573,52.500000000000476,5814.0,1.0
P_1-1-pt_8728,P_1-1-veh_767,4.999999999999998,5814.0,1.0
P_1-1-pt_8728,P_1-2_303,26.600000000000108,5814.0,1.0
P_1-1-pt_8728,P_1-1-pt_297,99.69999999999861,5814.0,1.0
P_1-1-pt_8728,P_1-1-pt_2162,58.30000000000056,5814.0,1.0
P_1-1-pt_8728,P_1-1-pt_3409,55.70000000000052,5814.0,1.0
P_1-1-pt_8728,P_1-1-pt_1270,40.80000000000031,5814.0,1.0
P_1-1-pt_8728,P_1-1-pt_6413,229.79999999999123,5814.0,1.0
P_1-1-pt_8728,P_1-1-pt_7863,54.90000000000051,5814.0,1.0
P_1-1-pt_8728,P_1-1-pt_8545,53.30000000000049,5814.0,1.0
P_1-1-pt_8728,P_1-1-pt_5193,53.30000000000049,5814.0,1.0
P_1-1-pt_8728,P_1-2_4483,2625.999999998707,5814.0,1.0
P_1-1-pt_8728,P_2-1_5419,276.6999999999944,5814.0,1.0
P_1-1-pt_8728,P_1-1-pt_7325,33.400000000000205,5814.0,1.0
P_1-1-pt_7080,P_1-3_2323,50.70000000000045,5813.0,1.0
P_1-1-pt_7080,P_1-1-pt_7760,58.100000000000556,5813.0,1.0
P_1-1-pt_7080,P_1-1-pt_6273,45.300000000000374,5813.0,1.0
P_1-1-pt_7080,P_1-2_4464,96.79999999999878,5813.0,1.0
P_1-1-pt_7080,P_1-3_3579,77.89999999999985,5813.0,1.0
P_1-1-pt_7080,P_1-1-veh_105,55.10000000000051,5813.0,1.0
P_1-1-pt_7080,P_1-2_2554,51.60000000000046,5813.0,1.0
P_1-1-pt_7080,P_1-2_5951,50.90000000000045,5813.0,1.0
P_1-1-pt_7080,P_1-3_4690,50.60000000000045,5813.0,1.0
P_1-1-pt_7080,P_1-1-pt_6931,45.70000000000038,5813.0,1.0
P_1-1-pt_7080,P_1-1-veh_234,116.59999999999765,5813.0,1.0
P_1-1-pt_7080,P_1-1-pt_8682,57.70000000000055,5813.0,1.0
P_1-1-pt_7080,P_1-1-pt_5078,114.89999999999775,5813.0,1.0
P_1-1-pt_7080,P_1-2_3389,59.60000000000058,5813.0,1.0
P_1-1-pt_7080,P_1-1-pt_4671,33.0000000000002,5813.0,1.0
P_1-1-pt_7080,P_1-1-pt_4919,52.500000000000476,5813.0,1.0
P_2-1_5552,P_1-3_5020,53.30000000000049,5798.0,1.0
P_2-1_5552,P_2-1_5841,692.2000000000888,5798.0,1.0
P_2-1_5552,P_1-1-pt_6381,52.20000000000047,5798.0,1.0
P_2-1_5552,P_1-1-pt_7277,135.2999999999966,5798.0,1.0
P_2-1_5552,P_1-1-pt_8085,97.39999999999874,5798.0,1.0
P_2-1_5552,P_1-1-pt_6355,14.499999999999964,5798.0,1.0
P_2-1_5552,P_1-2_4454,28.10000000000013,5798.0,1.0
P_2-1_5552,P_1-2_3590,28.10000000000013,5798.0,1.0
P_2-1_5552,P_1-1-pt_8982,14.699999999999964,5798.0,1.0
P_2-1_5552,P_1-1-pt_8969,14.899999999999963,5798.0,1.0
P_2-1_5552,P_1-2_1658,37.10000000000026,5798.0,1.0
P_1-1-pt_4541,P_1-1-pt_530,44.000000000000355,5793.0,0.8387709304332815
P_1-1-pt_4541,P_1-1-pt_4262,51.800000000000466,5793.0,0.8387709304332815
P_1-1-pt_4541,P_1-2_5252,50.80000000000045,5793.0,0.8387709304332815
P_1-1-pt_4541,P_1-3_1571,43.80000000000035,5793.0,0.8387709304332815
P_1-1-pt_4541,P_1-3_5117,50.90000000000045,5793.0,0.8387709304332815
P_1-1-pt_4541,P_1-2_171,48.60000000000042,5793.0,0.8387709304332815
P_1-1-pt_4541,P_1-2_4285,38.300000000000274,5793.0,0.8387709304332815
P_1-1-pt_4541,P_1-2_2183,50.90000000000045,5793.0,0.8387709304332815
P_1-1-pt_4541,P_1-1-pt_5913,24.800000000000082,5793.0,0.8387709304332815
P_1-1-pt_4541,P_1-3_5537,50.80000000000045,5793.0,0.8387709304332815
P_1-1-pt_4541,P_1-2_1640,42.90000000000034,5793.0,0.8387709304332815
P_1-1-pt_4541,P_1-2_5641,43.00000000000034,5793.0,0.8387709304332815
P_1-1-pt_4541,P_1-3_547,19.0,5793.0,0.8387709304332815
P_1-1-pt_4541,P_1-1-pt_394,5792.00000000354,5793.0,0.8387709304332815
P_1-1-pt_4541,P_1-1-pt_5997,1217.9999999999877,5793.0,0.8387709304332815
P_1-1-pt_4541,P_1-1-pt_8611,1198.1000000000058,5793.0,0.8387709304332815
P_1-2_250,P_1-3_4262,54.70000000000051,5782.0,1.0
P_1-2_250,P_1-1-pt_1006,50.70000000000045,5782.0,1.0
P_1-2_250,P_1-1-pt_2863,36.300000000000246,5782.0,1.0
P_1-2_250,P_1-1-pt_5139,70.20000000000029,5782.0,1.0
P_1-2_250,P_1-3_2786,54.3000000000005,5782.0,1.0
P_1-2_250,P_1-1-pt_4736,761.4000000001046,5782.0,1.0
P_1-2_250,P_1-1-pt_5167,21.600000000000037,5782.0,1.0
P_1-2_250,P_1-1-pt_1747,21.300000000000033,5782.0,1.0
P_1-2_250,P_1-1-pt_1497,27.300000000000118,5782.0,1.0
P_1-2_250,P_1-1-pt_98,20.800000000000026,5782.0,1.0
P_1-2_250,P_1-1-pt_3207,20.800000000000026,5782.0,1.0
P_1-2_250,P_1-1-pt_3671,21.00000000000003,5782.0,1.0
P_1-2_250,P_1-1-pt_2920,26.0000000000001,5782.0,1.0
P_1-2_250,P_1-1-pt_6974,64.6000000000006,5782.0,1.0
P_1-2_250,P_1-1-pt_2880,55.40000000000052,5782.0,1.0
P_1-2_250,P_1-1-pt_4879,52.500000000000476,5782.0,1.0
P_1-2_250,P_1-1-pt_3858,55.40000000000052,5782.0,1.0
P_1-2_250,P_2-1_5419,325.70000000000556,5782.0,1.0
P_1-2_250,P_1-1-pt_2013,20.900000000000027,5782.0,1.0
P_1-2_250,P_1-1-pt_7573,6.799999999999992,5782.0,1.0
P_1-2_250,P_1-1-pt_7208,57.70000000000055,5782.0,1.0
P_1-2_250,P_1-1-pt_571,61.600000000000605,5782.0,1.0
P_1-2_250,P_1-1-pt_3230,59.30000000000057,5782.0,1.0
P_1-2_250,P_1-1-pt_7123,20.700000000000024,5782.0,1.0
P_1-2_250,P_1-1-pt_2297,56.40000000000053,5782.0,1.0
P_1-2_250,P_1-2_6013,39.60000000000029,5782.0,1.0
P_1-2_250,P_1-1-pt_4966,10.599999999999978,5782.0,1.0
P_1-2_250,P_1-2_505,90.19999999999915,5782.0,1.0
P_1-2_250,P_2-1_2384,82.69999999999958,5782.0,1.0
P_1-1-pt_1700,P_1-2_3488,109.79999999999804,5771.0,1.0
P_1-1-pt_1700,P_1-2_2237,109.79999999999804,5771.0,1.0
P_1-1-pt_1700,P_1-1-pt_2129,110.89999999999797,5771.0,1.0
P_1-1-pt_1700,P_1-1-pt_1039,110.79999999999798,5771.0,1.0
P_1-1-pt_1700,P_1-1-pt_5275,107.89999999999814,5771.0,1.0
P_1-1-pt_1700,P_2-1_3944,50.80000000000045,5771.0,1.0
P_1-1-pt_1700,P_1-2_4464,60.60000000000059,5771.0,1.0
P_1-1-pt_1700,P_1-2_1533,56.600000000000534,5771.0,1.0
P_1-1-pt_1700,P_1-3_635,53.40000000000049,5771.0,1.0
P_1-1-pt_761,P_1-1-pt_4996,123.59999999999725,5770.0,1.0
P_1-1-pt_761,P_1-1-pt_3386,61.500000000000604,5770.0,1.0
P_1-1-pt_761,P_1-1-pt_3067,141.09999999999627,5770.0,1.0
P_1-1-pt_761,P_1-1-pt_5906,66.70000000000049,5770.0,1.0
P_1-1-pt_761,P_1-1-pt_3916,62.00000000000061,5770.0,1.0
P_1-1-pt_761,P_1-1-pt_7208,61.500000000000604,5770.0,1.0
P_1-1-pt_761,P_1-1-pt_6538,68.70000000000037,5770.0,1.0
P_1-1-pt_761,P_1-1-pt_2503,63.000000000000625,5770.0,1.0
P_1-1-pt_761,P_1-1-pt_255,61.0000000000006,5770.0,1.0
P_1-1-pt_761,P_1-1-pt_6413,44.40000000000036,5770.0,1.0
P_1-1-pt_761,P_2-1_63,292.7999999999981,5770.0,1.0
P_1-1-pt_761,P_1-2_1612,427.5000000000287,5770.0,1.0
P_1-1-pt_761,P_1-1-pt_494,40.2000000000003,5770.0,1.0
P_1-1-pt_761,P_1-1-pt_1296,62.300000000000615,5770.0,1.0
P_1-1-pt_761,P_1-1-pt_530,71.90000000000019,5770.0,1.0
P_1-1-pt_761,P_1-1-pt_6297,20.600000000000023,5770.0,1.0
P_1-1-pt_7938,P_1-2_2183,11.599999999999975,5768.0,1.0
P_1-1-pt_7938,P_1-1-pt_2032,58.50000000000056,5768.0,1.0
P_1-1-pt_7938,P_1-1-pt_2770,57.90000000000055,5768.0,1.0
P_1-1-pt_7938,P_1-1-pt_6355,57.60000000000055,5768.0,1.0
P_1-1-pt_7938,P_1-2_4454,56.600000000000534,5768.0,1.0
P_1-1-pt_7938,P_1-1-pt_2863,58.40000000000056,5768.0,1.0
P_1-1-pt_7938,P_1-1-pt_8969,58.800000000000566,5768.0,1.0
P_1-1-pt_7938,P_2-1_5067,22.200000000000045,5768.0,1.0
P_1-1-pt_7938,P_1-1-pt_1601,89.09999999999921,5768.0,1.0
P_1-1-pt_7938,P_1-1-pt_2844,1619.2999999996227,5768.0,1.0
P_1-3_2773,P_1-2_1494,15.69999999999996,5761.0,1.0
P_1-3_2773,P_2-1_600,53.30000000000049,5761.0,1.0
P_1-3_2773,P_1-3_4025,44.90000000000037,5761.0,1.0
P_1-3_2773,P_1-2_2180,53.40000000000049,5761.0,1.0
P_1-3_2773,P_1-2_3879,74.10000000000007,5761.0,1.0
P_1-3_2773,P_2-1_4267,53.900000000000496,5761.0,1.0
P_1-3_2773,P_2-1_3390,58.60000000000056,5761.0,1.0
P_1-3_2773,P_2-1_499,60.00000000000058,5761.0,1.0
P_1-3_2773,P_1-3_234,45.90000000000038,5761.0,1.0
P_1-3_2773,P_2-1_1463,109.59999999999805,5761.0,1.0
P_1-3_2773,P_1-3_4262,42.20000000000033,5761.0,1.0
P_1-3_2773,P_2-1_804,70.60000000000026,5761.0,1.0
P_1-3_2773,P_2-1_213,53.200000000000486,5761.0,1.0
P_1-2_2543,P_1-3_990,118.89999999999752,5759.0,1.0
P_1-2_2543,P_1-1-pt_654,322.50000000000483,5759.0,1.0
P_1-2_2543,P_1-1-pt_4262,54.500000000000504,5759.0,1.0
P_1-2_2543,P_1-1-pt_3512,29.200000000000145,5759.0,1.0
P_1-2_2543,P_1-2_671,89.2999999999992,5759.0,1.0
P_1-2_2543,P_1-1-pt_7664,58.30000000000056,5759.0,1.0
P_1-2_2543,P_1-1-pt_776,57.400000000000546,5759.0,1.0
P_1-3_1676,P_1-2_4376,103.99999999999837,5749.0,1.0
P_1-3_1676,P_1-2_1494,53.00000000000048,5749.0,1.0
P_1-3_1676,P_1-2_1953,53.100000000000485,5749.0,1.0
P_1-3_1676,P_1-2_2180,53.50000000000049,5749.0,1.0
P_1-3_1676,P_1-3_4262,50.60000000000045,5749.0,1.0
P_1-3_1676,P_2-1_600,44.50000000000036,5749.0,1.0
P_1-3_1676,P_2-1_1463,53.40000000000049,5749.0,1.0
P_1-3_1676,P_2-1_4788,53.30000000000049,5749.0,1.0
P_1-3_1676,P_2-1_499,53.40000000000049,5749.0,1.0
P_1-3_1676,P_2-1_804,53.30000000000049,5749.0,1.0
P_1-3_1676,P_1-3_5144,41.50000000000032,5749.0,1.0
P_1-3_1676,P_2-1_213,53.30000000000049,5749.0,1.0
P_1-3_458,P_1-1-pt_5942,317.6000000000037,5749.0,1.0
P_1-3_458,P_1-2_149,1589.29999999965,5749.0,1.0
P_1-3_458,P_1-2_3693,53.60000000000049,5749.0,1.0
P_1-3_458,P_1-1-pt_2808,92.29999999999903,5749.0,1.0
P_1-3_458,P_1-1-pt_977,94.19999999999892,5749.0,1.0
P_1-3_458,P_1-2_2875,54.3000000000005,5749.0,1.0
P_1-3_870,P_1-3_3793,132.39999999999677,5749.0,1.0
P_1-3_870,P_1-1-pt_560,51.700000000000465,5749.0,1.0
P_1-1-pt_3409,P_1-1-pt_4879,78.99999999999979,5743.0,1.0
P_1-1-pt_3409,P_1-1-pt_3858,49.10000000000043,5743.0,1.0
P_1-1-pt_3409,P_1-1-pt_2013,280.9999999999954,5743.0,1.0
P_1-1-pt_3409,P_1-1-pt_571,58.700000000000564,5743.0,1.0
P_1-1-pt_3409,P_1-1-pt_3230,60.40000000000059,5743.0,1.0
P_1-1-pt_3409,P_1-1-pt_2920,28.500000000000135,5743.0,1.0
P_1-1-pt_3409,P_1-1-pt_6453,54.0000000000005,5743.0,1.0
P_1-1-pt_3409,P_1-1-veh_610,8.399999999999986,5743.0,1.0
P_1-1-pt_3409,P_1-1-veh_767,8.599999999999985,5743.0,1.0
P_1-1-pt_3409,P_1-2_303,26.70000000000011,5743.0,1.0
P_1-1-pt_3409,P_1-1-pt_255,58.20000000000056,5743.0,1.0
P_1-1-pt_3409,P_1-1-pt_6413,81.39999999999965,5743.0,1.0
P_1-1-pt_3409,P_1-1-pt_2834,87.4999999999993,5743.0,1.0
P_1-1-pt_3409,P_1-1-pt_494,59.400000000000574,5743.0,1.0
P_1-1-pt_3409,P_1-1-pt_2162,115.89999999999769,5743.0,1.0
P_1-1-pt_3409,P_1-1-veh_792,167.99999999999474,5743.0,1.0
P_1-1-pt_3409,P_1-1-pt_5897,58.50000000000056,5743.0,1.0
P_1-1-pt_3409,P_1-1-pt_3769,58.800000000000566,5743.0,1.0
P_1-1-pt_3409,P_1-1-pt_4671,382.2000000000184,5743.0,1.0
P_1-1-pt_3409,P_1-1-pt_3624,55.80000000000052,5743.0,1.0
P_1-1-pt_3409,P_1-1-pt_4919,348.50000000001074,5743.0,1.0
P_1-1-pt_3409,P_1-1-pt_1270,468.500000000038,5743.0,1.0
P_1-1-pt_3409,P_2-1_3764,54.80000000000051,5743.0,1.0
P_1-1-pt_3409,P_2-1_2925,53.50000000000049,5743.0,1.0
P_1-1-pt_3409,P_2-1_63,93.19999999999898,5743.0,1.0
P_1-1-pt_3409,P_1-2_1612,80.89999999999968,5743.0,1.0
P_1-1-pt_3409,P_1-3_3245,55.200000000000514,5743.0,1.0
P_1-1-pt_3409,P_2-1_5419,75.79999999999997,5743.0,1.0
P_1-1-pt_3409,P_1-1-pt_8728,55.70000000000052,5743.0,1.0
P_1-1-pt_3409,P_1-2_4483,55.300000000000516,5743.0,1.0
P_1-1-pt_5906,P_1-1-pt_2920,72.60000000000015,5741.0,1.0
P_1-1-pt_5906,P_1-1-pt_6176,65.10000000000058,5741.0,1.0
P_1-1-pt_5906,P_1-1-pt_761,66.70000000000049,5741.0,1.0
P_1-1-pt_5906,P_1-1-pt_6297,94.99999999999888,5741.0,1.0
P_1-1-pt_5906,P_1-2_303,40.90000000000031,5741.0,1.0
P_1-1-pt_5906,P_1-1-pt_6031,61.90000000000061,5741.0,1.0
P_1-1-pt_5906,P_1-1-pt_255,61.70000000000061,5741.0,1.0
P_1-1-pt_5906,P_1-1-pt_1108,61.500000000000604,5741.0,1.0
P_1-1-pt_5906,P_1-1-pt_2834,42.70000000000034,5741.0,1.0
P_1-1-pt_5906,P_1-1-veh_792,56.50000000000053,5741.0,1.0
P_1-1-pt_5906,P_1-1-pt_494,62.60000000000062,5741.0,1.0
P_1-1-pt_5906,P_1-1-pt_2162,62.60000000000062,5741.0,1.0
P_1-1-pt_5906,P_1-1-pt_5897,61.0000000000006,5741.0,1.0
P_1-1-pt_5906,P_1-1-pt_3769,61.2000000000006,5741.0,1.0
P_1-1-pt_5906,P_1-1-pt_4671,61.70000000000061,5741.0,1.0
P_1-1-pt_5906,P_1-1-pt_1270,61.1000000000006,5741.0,1.0
P_1-1-pt_5906,P_1-1-pt_4919,61.70000000000061,5741.0,1.0
P_1-1-pt_5906,P_1-1-pt_1304,61.3000000000006,5741.0,1.0
P_1-1-pt_5906,P_1-1-pt_1238,1656.6999999995887,5741.0,1.0
P_1-1-pt_5906,P_1-1-pt_7863,62.00000000000061,5741.0,1.0
P_1-1-pt_5906,P_1-1-pt_5193,61.70000000000061,5741.0,1.0
P_1-1-pt_5906,P_1-1-pt_7325,61.2000000000006,5741.0,1.0
P_1-1-pt_5906,P_1-1-pt_8137,60.40000000000059,5741.0,1.0
P_1-1-pt_5906,P_1-2_3052,123.99999999999723,5741.0,1.0
P_1-1-pt_5906,P_1-1-pt_3275,62.900000000000624,5741.0,1.0
P_1-1-veh_837,P_1-2_5752,625.6000000000737,5740.0,1.0
P_1-1-veh_837,P_1-2_3464,622.600000000073,5740.0,1.0
P_1-1-veh_837,P_1-2_3821,622.400000000073,5740.0,1.0
P_1-1-veh_837,P_1-2_2797,622.400000000073,5740.0,1.0
P_1-1-veh_837,P_1-2_2580,623.0000000000731,5740.0,1.0
P_1-1-veh_837,P_2-1_2028,339.80000000000877,5740.0,1.0
P_1-1-veh_837,P_1-3_4738,5739.000000003347,5740.0,1.0
P_1-2_3224,P_1-2_2061,53.40000000000049,5736.0,1.0
P_1-2_3224,P_1-1-pt_2961,107.09999999999819,5736.0,1.0
P_1-2_3224,P_2-1_3058,54.0000000000005,5736.0,1.0
P_1-1-veh_834,P_1-1-pt_8289,275.59999999999417,5735.0,1.0
P_1-1-veh_834,P_1-1-pt_8184,179.69999999999408,5735.0,1.0
P_1-1-veh_834,P_1-2_5753,261.699999999991,5735.0,1.0
P_1-1-veh_834,P_1-3_743,111.19999999999796,5735.0,1.0
P_1-1-veh_834,P_1-3_2599,55.80000000000052,5735.0,1.0
P_1-1-veh_834,P_1-2_5745,55.70000000000052,5735.0,1.0
P_1-1-veh_834,P_1-3_3076,43.200000000000344,5735.0,1.0
P_1-1-veh_834,P_1-1-pt_182,55.00000000000051,5735.0,1.0
P_1-1-veh_834,P_1-3_4289,55.80000000000052,5735.0,1.0
P_1-1-pt_5999,P_1-2_752,105.69999999999827,5726.0,1.0
P_1-1-pt_5999,P_2-1_1878,496.30000000004435,5726.0,1.0
P_1-1-pt_5999,P_2-1_6130,49.700000000000436,5726.0,1.0
P_1-1-pt_5999,P_2-1_4267,56.600000000000534,5726.0,1.0
P_1-1-pt_5999,P_2-1_3390,56.80000000000054,5726.0,1.0
P_1-1-pt_5999,P_2-1_600,215.09999999999206,5726.0,1.0
P_1-1-pt_5999,P_1-1-pt_6974,64.7000000000006,5726.0,1.0
P_1-1-pt_5999,P_1-1-pt_98,80.69999999999969,5726.0,1.0
P_1-1-pt_5999,P_1-1-pt_7915,68.80000000000037,5726.0,1.0
P_1-1-pt_5999,P_1-1-pt_4879,170.99999999999457,5726.0,1.0
P_1-1-pt_5999,P_1-1-pt_3858,115.49999999999771,5726.0,1.0
P_1-1-pt_5999,P_1-2_5543,26.400000000000105,5726.0,1.0
P_1-2_263,P_1-1-pt_1138,619.5000000000723,5721.0,1.0
P_1-2_263,P_1-1-pt_5115,55.00000000000051,5721.0,1.0
P_1-2_263,P_1-1-pt_7732,57.50000000000055,5721.0,1.0
P_1-1-pt_2424,P_1-2_5927,10.29999999999998,5720.0,1.0
P_1-1-pt_2424,P_1-1-pt_3931,63.10000000000063,5720.0,1.0
P_1-1-pt_2297,P_1-1-pt_150,45.10000000000037,5715.0,1.0
P_1-1-pt_2297,P_1-1-pt_3489,24.100000000000072,5715.0,1.0
P_1-1-pt_2297,P_1-2_250,56.40000000000053,5715.0,1.0
P_1-1-pt_2297,P_1-1-pt_2503,35.10000000000023,5715.0,1.0
P_1-1-pt_2297,P_1-1-pt_2369,104.69999999999833,5715.0,1.0
P_1-1-pt_3176,P_1-1-pt_2961,101.5999999999985,5712.0,1.0
P_1-1-pt_3176,P_1-3_5020,51.000000000000455,5712.0,1.0
P_1-1-pt_3176,P_1-2_5927,23.500000000000064,5712.0,1.0
P_1-1-pt_7732,P_1-3_2985,57.50000000000055,5704.0,1.0
P_1-1-pt_7732,P_1-2_1990,57.10000000000054,5704.0,1.0
P_1-1-pt_7732,P_1-1-veh_602,57.10000000000054,5704.0,1.0
P_1-1-pt_7732,P_1-2_4208,57.400000000000546,5704.0,1.0
P_1-1-pt_7732,P_1-3_3755,62.900000000000624,5704.0,1.0
P_1-1-pt_7732,P_1-3_5334,53.900000000000496,5704.0,1.0
P_1-1-pt_7732,P_1-2_2345,58.700000000000564,5704.0,1.0
P_1-1-pt_7732,P_1-2_263,57.50000000000055,5704.0,1.0
P_1-1-pt_7732,P_1-1-pt_5298,58.800000000000566,5704.0,1.0
P_1-1-pt_7732,P_1-1-pt_1560,91.0999999999991,5704.0,1.0
P_1-1-pt_7573,P_1-2_3708,21.00000000000003,5703.0,1.0
P_1-1-pt_7573,P_1-2_6013,57.50000000000055,5703.0,1.0
P_1-1-pt_7573,P_1-1-pt_150,47.500000000000405,5703.0,1.0
P_1-1-pt_7573,P_2-1_2384,57.50000000000055,5703.0,1.0
P_1-1-pt_7573,P_1-1-pt_6176,60.60000000000059,5703.0,1.0
P_1-1-pt_7573,P_1-1-pt_2013,313.1000000000027,5703.0,1.0
P_1-1-pt_7573,P_1-1-pt_297,152.49999999999562,5703.0,1.0
P_1-1-pt_7573,P_1-2_1255,18.39999999999999,5703.0,1.0
P_1-1-pt_7573,P_1-3_3245,32.50000000000019,5703.0,1.0
P_1-1-pt_7573,P_1-2_250,6.799999999999992,5703.0,1.0
P_1-1-pt_7573,P_2-1_5419,19.300000000000004,5703.0,1.0
P_1-1-pt_7573,P_1-1-pt_8728,52.500000000000476,5703.0,1.0
P_1-1-pt_7573,P_1-2_4483,55.60000000000052,5703.0,1.0
P_1-1-pt_7573,P_1-1-pt_2369,57.50000000000055,5703.0,1.0
P_1-1-pt_7573,P_1-1-veh_767,582.6000000000639,5703.0,1.0
P_1-1-pt_7573,P_1-1-pt_521,60.70000000000059,5703.0,1.0
P_1-1-pt_7573,P_1-1-pt_6974,143.9999999999961,5703.0,1.0
P_1-1-pt_7573,P_1-1-pt_5167,64.90000000000059,5703.0,1.0
P_1-1-pt_7573,P_1-1-pt_1747,64.50000000000061,5703.0,1.0
P_1-1-pt_7573,P_1-2_5543,18.29999999999999,5703.0,1.0
P_1-1-pt_7573,P_1-1-pt_3671,374.10000000001656,5703.0,1.0
P_1-1-pt_7573,P_2-1_1878,43.70000000000035,5703.0,1.0
P_1-1-pt_7573,P_1-3_3339,35.70000000000024,5703.0,1.0
P_1-2_3378,P_1-2_3077,501.20000000004546,5691.0,1.0
P_1-2_3378,P_1-3_2180,109.39999999999806,5691.0,1.0
P_1-2_3378,P_1-3_2076,108.89999999999809,5691.0,1.0
P_1-2_3378,P_1-2_5020,111.59999999999793,5691.0,1.0
P_1-2_3378,P_1-2_5092,111.39999999999795,5691.0,1.0
P_1-2_3378,P_1-3_5354,109.39999999999806,5691.0,1.0
P_1-2_1203,P_1-1-pt_6779,83.19999999999955,5688.0,1.0
P_1-2_1203,P_1-3_2323,106.8999999999982,5688.0,1.0
P_1-2_1203,P_1-2_2554,1504.0999999997275,5688.0,1.0
P_1-2_1203,P_1-3_528,53.800000000000495,5688.0,1.0
P_1-2_1203,P_1-3_403,50.10000000000044,5688.0,1.0
P_1-2_1203,P_1-1-pt_1108,352.3000000000116,5688.0,1.0
P_1-2_1203,P_1-1-pt_1304,123.69999999999725,5688.0,1.0
P_1-2_1203,P_2-1_3764,58.20000000000056,5688.0,1.0
P_1-2_1203,P_2-1_2925,51.800000000000466,5688.0,1.0
P_1-2_1203,P_1-1-pt_8137,108.39999999999812,5688.0,1.0
P_1-2_1203,P_1-1-pt_6453,91.59999999999907,5688.0,1.0
P_1-2_1203,P_1-2_1612,45.60000000000038,5688.0,1.0
P_1-2_1203,P_2-1_63,63.90000000000064,5688.0,1.0
P_1-3_1945,P_1-1-pt_2820,42.600000000000335,5687.0,1.0
P_1-3_1945,P_1-3_2221,52.90000000000048,5687.0,1.0
P_1-3_1945,P_1-3_2280,53.100000000000485,5687.0,1.0
P_1-3_1945,P_1-2_4249,53.00000000000048,5687.0,1.0
P_1-3_1945,P_1-1-pt_5139,117.3999999999976,5687.0,1.0
P_1-3_1945,P_1-1-pt_1006,52.00000000000047,5687.0,1.0
P_1-3_1945,P_1-2_3702,1864.0999999994,5687.0,1.0
P_1-3_1945,P_1-1-pt_6673,198.599999999993,5687.0,1.0
P_1-3_1945,P_1-1-pt_2920,50.80000000000045,5687.0,1.0
P_1-3_1945,P_1-1-pt_1497,197.39999999999307,5687.0,1.0
P_1-3_1945,P_1-1-pt_2013,88.99999999999922,5687.0,1.0
P_1-2_4771,P_1-3_874,159.8999999999952,5684.0,1.0
P_1-2_4771,P_1-2_3389,53.40000000000049,5684.0,1.0
P_1-2_4771,P_1-1-pt_560,104.19999999999835,5684.0,1.0
P_1-2_4771,P_1-1-pt_3629,226.5999999999914,5684.0,1.0
P_1-2_4771,P_1-1-pt_1714,110.79999999999798,5684.0,1.0
P_1-2_4771,P_1-2_2287,112.49999999999788,5684.0,1.0
P_1-2_4771,P_1-3_1785,112.0999999999979,5684.0,1.0
P_1-2_4771,P_1-2_3081,111.69999999999793,5684.0,1.0
P_1-2_4771,P_1-2_5951,900.1000000001361,5684.0,1.0
P_1-2_3702,P_1-1-pt_2820,42.80000000000034,5679.0,1.0
P_1-2_3702,P_1-3_2221,53.100000000000485,5679.0,1.0
P_1-2_3702,P_1-3_2280,53.30000000000049,5679.0,1.0
P_1-2_3702,P_1-2_4249,53.60000000000049,5679.0,1.0
P_1-2_3702,P_1-1-pt_5139,94.99999999999888,5679.0,1.0
P_1-2_3702,P_1-1-pt_1006,121.49999999999737,5679.0,1.0
P_1-2_3702,P_1-3_1945,1864.0999999994,5679.0,1.0
P_1-2_3702,P_1-1-pt_6673,109.99999999999802,5679.0,1.0
P_1-2_3702,P_1-1-pt_4380,760.9000000001045,5679.0,1.0
P_1-2_3702,P_2-1_1724,93.39999999999897,5679.0,1.0
P_1-2_3702,P_1-2_848,2318.7999999989866,5679.0,1.0
P_1-2_2875,P_1-1-pt_4996,55.60000000000052,5673.0,1.0
P_1-2_2875,P_1-1-pt_3386,38.70000000000028,5673.0,1.0
P_1-2_2875,P_1-3_2955,73.4000000000001,5673.0,1.0
P_1-2_2875,P_1-1-pt_977,196.9999999999931,5673.0,1.0
P_1-2_2875,P_1-1-pt_6413,19.200000000000003,5673.0,1.0
P_1-2_2875,P_1-1-pt_494,71.40000000000022,5673.0,1.0
P_1-2_2875,P_1-1-pt_2162,72.00000000000018,5673.0,1.0
P_1-2_2875,P_1-3_1324,36.40000000000025,5673.0,1.0
P_1-2_2875,P_1-3_3536,91.0999999999991,5673.0,1.0
P_1-2_2875,P_1-3_5123,104.69999999999833,5673.0,1.0
P_1-2_2875,P_1-1-pt_1121,42.70000000000034,5673.0,1.0
P_1-2_2875,P_1-1-pt_2606,80.29999999999971,5673.0,1.0
P_1-2_2875,P_1-3_458,54.3000000000005,5673.0,1.0
P_1-3_3494,P_1-1-pt_6273,52.90000000000048,5672.0,1.0
P_1-3_3494,P_1-3_4168,166.59999999999482,5672.0,1.0
P_1-3_3494,P_1-1-pt_7763,52.20000000000047,5672.0,1.0
P_1-3_3494,P_1-1-pt_6779,51.50000000000046,5672.0,1.0
P_1-3_3494,P_1-3_2323,53.200000000000486,5672.0,1.0
P_1-3_3494,P_1-1-pt_7760,107.69999999999816,5672.0,1.0
P_1-3_3494,P_1-3_2955,89.79999999999917,5672.0,1.0
P_1-3_3494,P_1-3_528,19.500000000000007,5672.0,1.0
P_1-3_3494,P_1-3_3759,75.69999999999997,5672.0,1.0
P_1-2_2795,P_1-1-pt_1296,51.800000000000466,5670.0,1.0
P_1-2_2795,P_1-2_1017,35.30000000000023,5670.0,1.0
P_1-2_2795,P_1-1-pt_4262,56.50000000000053,5670.0,1.0
P_1-2_2795,P_1-1-pt_3386,108.39999999999812,5670.0,1.0
P_1-2_2795,P_1-1-pt_8247,4157.699999997594,5670.0,1.0
P_1-2_2795,P_1-1-pt_1420,3691.399999997738,5670.0,1.0
P_1-3_1324,P_1-3_1737,53.200000000000486,5667.0,1.0
P_1-3_1324,P_1-1-pt_1121,25.30000000000009,5667.0,1.0
P_1-3_1324,P_1-1-pt_2808,63.80000000000064,5667.0,1.0
P_1-3_1324,P_1-1-pt_977,29.900000000000155,5667.0,1.0
P_1-3_1324,P_1-2_2875,36.40000000000025,5667.0,1.0
P_1-3_1324,P_1-3_2643,190.79999999999345,5667.0,1.0
P_1-3_283,P_1-2_2335,567.0000000000604,5666.0,1.0
P_1-3_283,P_1-3_4291,77.29999999999988,5666.0,1.0
P_1-3_283,P_1-2_2215,95.19999999999887,5666.0,1.0
P_1-3_283,P_1-3_5020,64.10000000000063,5666.0,1.0
P_1-3_4291,P_1-2_2335,415.90000000002607,5665.0,1.0
P_1-3_4291,P_1-3_283,77.29999999999988,5665.0,1.0
P_1-3_4291,P_1-2_2215,111.09999999999796,5665.0,1.0
P_1-3_4291,P_1-3_5020,112.0999999999979,5665.0,1.0
P_1-2_4329,P_1-3_1027,33.90000000000021,5659.0,1.0
P_1-2_4329,P_1-1-pt_2431,126.1999999999971,5659.0,1.0
P_1-2_4329,P_1-2_4609,348.00000000001063,5659.0,1.0
P_1-2_4329,P_1-2_2338,97.49999999999874,5659.0,1.0
P_1-2_4329,P_1-1-pt_1167,144.0999999999961,5659.0,1.0
P_1-2_4329,P_1-1-pt_3931,154.09999999999553,5659.0,1.0
P_1-2_5437,P_1-2_1640,53.30000000000049,5655.0,1.0
P_1-2_5437,P_1-2_5641,53.30000000000049,5655.0,1.0
P_1-2_5437,P_1-3_547,53.40000000000049,5655.0,1.0
P_1-2_5437,P_1-2_3752,543.0000000000549,5655.0,1.0
P_1-2_5437,P_1-1-pt_498,57.50000000000055,5655.0,1.0
P_1-2_5437,P_1-1-veh_530,33.1000000000002,5655.0,1.0
P_1-2_5437,P_1-3_1535,39.60000000000029,5655.0,1.0
P_1-1-pt_8969,P_2-1_3764,8.499999999999986,5637.0,1.0
P_1-1-pt_8969,P_2-1_63,8.399999999999986,5637.0,1.0
P_1-1-pt_8969,P_1-2_1612,8.399999999999986,5637.0,1.0
P_1-1-pt_8969,P_1-2_1255,8.299999999999986,5637.0,1.0
P_1-1-pt_8969,P_1-3_3245,8.399999999999986,5637.0,1.0
P_1-1-pt_8969,P_1-2_4483,8.199999999999987,5637.0,1.0
P_1-1-pt_8969,P_1-1-pt_1006,56.20000000000053,5637.0,1.0
P_1-1-pt_8969,P_1-1-pt_7938,58.800000000000566,5637.0,1.0
P_1-1-pt_8969,P_1-1-pt_3931,57.90000000000055,5637.0,1.0
P_1-1-pt_8969,P_2-1_6236,33.0000000000002,5637.0,1.0
P_1-1-pt_8969,P_1-2_1948,8.399999999999986,5637.0,1.0
P_1-1-pt_8969,P_1-1-pt_2863,55.70000000000052,5637.0,1.0
P_1-1-pt_8969,P_1-3_5550,8.399999999999986,5637.0,1.0
P_1-1-pt_8969,P_2-1_5799,19.900000000000013,5637.0,1.0
P_1-1-pt_8969,P_1-3_4492,8.599999999999985,5637.0,1.0
P_1-1-pt_8969,P_1-3_2528,8.099999999999987,5637.0,1.0
P_1-1-pt_8969,P_1-1-pt_3353,58.40000000000056,5637.0,1.0
P_1-1-pt_8969,P_2-1_2911,4.799999999999999,5637.0,1.0
P_1-1-pt_8969,P_1-1-pt_2425,26.400000000000105,5637.0,1.0
P_1-1-pt_8969,P_1-2_1285,17.899999999999984,5637.0,1.0
P_1-1-pt_8969,P_2-1_842,26.0000000000001,5637.0,1.0
P_1-1-pt_8969,P_1-3_5451,22.40000000000005,5637.0,1.0
P_1-1-pt_8969,P_2-1_5552,14.899999999999963,5637.0,1.0
P_2-1_1878,P_1-1-pt_5999,496.30000000004435,5633.0,1.0
P_2-1_1878,P_2-1_6130,53.40000000000049,5633.0,1.0
P_2-1_1878,P_2-1_4267,154.09999999999553,5633.0,1.0
P_2-1_1878,P_2-1_1724,155.09999999999548,5633.0,1.0
P_2-1_1878,P_1-2_4940,161.7999999999951,5633.0,1.0
P_2-1_1878,P_1-1-veh_610,81.39999999999965,5633.0,1.0
P_2-1_1878,P_1-1-pt_7573,43.70000000000035,5633.0,1.0
P_2-1_1878,P_1-1-pt_7915,97.49999999999874,5633.0,1.0
P_2-1_1878,P_1-1-veh_767,86.29999999999937,5633.0,1.0
P_1-1-pt_3386,P_1-1-pt_3067,72.00000000000018,5632.0,1.0
P_1-1-pt_3386,P_1-1-veh_610,58.40000000000056,5632.0,1.0
P_1-1-pt_3386,P_1-1-pt_761,61.500000000000604,5632.0,1.0
P_1-1-pt_3386,P_1-1-pt_3097,68.50000000000038,5632.0,1.0
P_1-1-pt_3386,P_1-1-pt_2834,62.50000000000062,5632.0,1.0
P_1-1-pt_3386,P_1-1-pt_6297,140.4999999999963,5632.0,1.0
P_1-1-pt_3386,P_1-1-pt_5199,62.60000000000062,5632.0,1.0
P_1-1-pt_3386,P_1-2_2875,38.70000000000028,5632.0,1.0
P_1-1-pt_3386,P_1-3_2955,60.200000000000585,5632.0,1.0
P_1-1-pt_3386,P_1-1-pt_6931,66.30000000000051,5632.0,1.0
P_1-1-pt_3386,P_1-1-pt_5357,112.0999999999979,5632.0,1.0
P_1-1-pt_3386,P_1-1-veh_152,106.9999999999982,5632.0,1.0
P_1-1-pt_3386,P_1-1-pt_1420,107.29999999999818,5632.0,1.0
P_1-1-pt_3386,P_1-1-pt_8247,107.39999999999817,5632.0,1.0
P_1-1-pt_3386,P_1-2_2795,108.39999999999812,5632.0,1.0
P_1-1-pt_3386,P_1-2_671,107.19999999999818,5632.0,1.0
P_1-1-pt_3386,P_1-1-pt_3512,107.59999999999816,5632.0,1.0
P_1-1-pt_3386,P_1-1-pt_7664,94.89999999999888,5632.0,1.0
P_1-1-veh_298,P_1-1-pt_8739,3631.5999999977926,5630.0,1.0
P_1-2_1265,P_1-2_5765,53.30000000000049,5630.0,1.0
P_1-2_1265,P_1-1-pt_1669,45.60000000000038,5630.0,1.0
P_1-2_1265,P_1-3_809,53.30000000000049,5630.0,1.0
P_1-2_1265,P_1-2_4065,53.50000000000049,5630.0,1.0
P_1-2_1265,P_1-3_2745,55.50000000000052,5630.0,1.0
P_1-2_1265,P_1-2_960,56.10000000000053,5630.0,1.0
P_1-2_3716,P_1-3_2482,2658.4999999986776,5629.0,1.0
P_1-2_3716,P_1-3_4822,2156.599999999134,5629.0,1.0
P_1-2_3716,P_1-2_4327,2867.5999999984874,5629.0,1.0
P_1-2_3716,P_1-2_5943,68.1000000000004,5629.0,1.0
P_1-2_3716,P_1-1-pt_4645,105.69999999999827,5629.0,1.0
P_1-2_3716,P_1-2_1219,24.900000000000084,5629.0,1.0
P_1-2_3716,P_1-2_3752,137.49999999999648,5629.0,1.0
P_1-2_3716,P_1-2_4098,3395.599999998007,5629.0,1.0
P_1-1-pt_1138,P_1-2_263,619.5000000000723,5624.0,0.9863086770981507
P_1-1-pt_1138,P_1-1-pt_7325,48.10000000000041,5624.0,0.9863086770981507
P_1-1-pt_1138,P_1-1-pt_8137,48.60000000000042,5624.0,0.9863086770981507
P_1-1-pt_1138,P_1-1-pt_5193,19.200000000000003,5624.0,0.9863086770981507
P_1-1-pt_1138,P_1-1-pt_1798,798.700000000113,5624.0,0.9863086770981507
P_1-1-pt_1138,P_1-1-pt_3275,63.40000000000063,5624.0,0.9863086770981507
P_1-1-pt_1138,P_1-1-pt_1560,63.10000000000063,5624.0,0.9863086770981507
P_1-1-pt_1138,P_1-1-pt_1966,62.00000000000061,5624.0,0.9863086770981507
P_1-1-pt_1138,P_1-1-pt_4595,61.1000000000006,5624.0,0.9863086770981507
P_1-1-pt_1138,P_1-1-pt_8762,2563.599999998764,5624.0,0.9863086770981507
P_1-1-pt_1138,P_1-2_2702,105.29999999999829,5624.0,0.9863086770981507
P_1-1-pt_1138,P_1-1-pt_5392,110.99999999999797,5624.0,0.9863086770981507
P_1-1-pt_4595,P_1-2_2512,550.0000000000565,5624.0,1.0
P_1-1-pt_4595,P_1-2_3693,51.20000000000046,5624.0,1.0
P_1-1-pt_4595,P_1-3_2643,42.80000000000034,5624.0,1.0
P_1-1-pt_4595,P_1-1-pt_6368,57.90000000000055,5624.0,1.0
P_1-1-pt_4595,P_1-2_3052,57.300000000000544,5624.0,1.0
P_1-1-pt_4595,P_1-1-pt_5193,88.49999999999925,5624.0,1.0
P_1-1-pt_4595,P_1-1-pt_7325,50.60000000000045,5624.0,1.0
P_1-1-pt_4595,P_1-1-pt_8137,48.900000000000425,5624.0,1.0
P_1-1-pt_4595,P_1-1-pt_8762,60.40000000000059,5624.0,1.0
P_1-1-pt_4595,P_1-1-pt_1138,61.1000000000006,5624.0,1.0
P_1-1-pt_4595,P_1-1-pt_3275,72.60000000000015,5624.0,1.0
P_1-3_3536,P_1-1-pt_2808,50.90000000000045,5624.0,1.0
P_1-3_3536,P_1-1-pt_1121,56.40000000000053,5624.0,1.0
P_1-3_3536,P_1-1-pt_977,97.19999999999875,5624.0,1.0
P_1-3_3536,P_1-1-pt_2606,64.7000000000006,5624.0,1.0
P_1-3_3536,P_1-2_2875,91.0999999999991,5624.0,1.0
P_1-3_3536,P_1-3_5123,4939.000000000437,5624.0,1.0
P_1-1-pt_3353,P_2-1_5841,66.60000000000049,5621.0,1.0
P_1-1-pt_3353,P_1-3_4492,132.79999999999674,5621.0,1.0
P_1-1-pt_3353,P_1-3_2528,116.99999999999763,5621.0,1.0
P_1-1-pt_3353,P_1-2_4715,58.20000000000056,5621.0,1.0
P_1-1-pt_3353,P_1-2_2653,57.20000000000054,5621.0,1.0
P_1-1-pt_3353,P_1-1-pt_2770,59.10000000000057,5621.0,1.0
P_1-1-pt_3353,P_1-1-pt_6355,60.60000000000059,5621.0,1.0
P_1-1-pt_3353,P_1-2_4454,58.60000000000056,5621.0,1.0
P_1-1-pt_3353,P_1-2_3590,57.70000000000055,5621.0,1.0
P_1-1-pt_3353,P_1-1-pt_8982,58.20000000000056,5621.0,1.0
P_1-1-pt_3353,P_1-1-pt_8969,58.40000000000056,5621.0,1.0
P_1-1-pt_3353,P_1-2_1658,56.20000000000053,5621.0,1.0
P_1-1-pt_3353,P_1-2_4609,90.09999999999916,5621.0,1.0
P_1-1-pt_3353,P_1-2_2338,113.39999999999783,5621.0,1.0
P_1-1-veh_792,P_1-3_2323,111.59999999999793,5609.0,1.0
P_1-1-veh_792,P_1-1-pt_7760,57.80000000000055,5609.0,1.0
P_1-1-veh_792,P_1-1-pt_6273,50.00000000000044,5609.0,1.0
P_1-1-veh_792,P_1-1-veh_105,28.400000000000134,5609.0,1.0
P_1-1-veh_792,P_1-1-pt_7763,51.000000000000455,5609.0,1.0
P_1-1-veh_792,P_1-3_528,53.50000000000049,5609.0,1.0
P_1-1-veh_792,P_1-1-pt_5906,56.50000000000053,5609.0,1.0
P_1-1-veh_792,P_1-1-pt_1238,56.80000000000054,5609.0,1.0
P_1-1-veh_792,P_1-1-pt_3916,54.80000000000051,5609.0,1.0
P_1-1-veh_792,P_1-1-pt_1226,52.20000000000047,5609.0,1.0
P_1-1-veh_792,P_1-1-pt_1108,76.39999999999993,5609.0,1.0
P_1-1-veh_792,P_1-1-pt_494,78.19999999999983,5609.0,1.0
P_1-1-veh_792,P_1-1-pt_2162,78.39999999999982,5609.0,1.0
P_1-1-veh_792,P_1-1-pt_3409,167.99999999999474,5609.0,1.0
P_1-1-veh_792,P_1-1-pt_3624,58.700000000000564,5609.0,1.0
P_1-1-veh_792,P_1-1-pt_5897,232.0999999999911,5609.0,1.0
P_1-1-veh_792,P_1-1-pt_3769,229.09999999999127,5609.0,1.0
P_1-1-veh_792,P_1-1-pt_4671,180.49999999999403,5609.0,1.0
P_1-1-veh_792,P_1-1-pt_1270,209.99999999999235,5609.0,1.0
P_1-1-veh_792,P_1-1-pt_4919,176.09999999999428,5609.0,1.0
P_1-1-veh_792,P_1-1-pt_1304,157.29999999999535,5609.0,1.0
P_1-1-veh_792,P_2-1_3764,67.80000000000042,5609.0,1.0
P_1-1-veh_792,P_1-1-pt_7863,181.69999999999396,5609.0,1.0
P_1-1-veh_792,P_2-1_2925,106.29999999999824,5609.0,1.0
P_1-1-veh_792,P_1-1-pt_8137,54.80000000000051,5609.0,1.0
P_1-1-veh_792,P_1-1-pt_5193,129.69999999999692,5609.0,1.0
P_1-1-veh_792,P_1-1-pt_8545,136.59999999999653,5609.0,1.0
P_1-1-veh_792,P_1-1-pt_7325,58.40000000000056,5609.0,1.0
P_1-1-veh_792,P_1-1-pt_6389,51.90000000000047,5609.0,1.0
P_1-1-veh_792,P_1-2_5252,139.79999999999634,5609.0,1.0
P_1-3_2421,P_1-1-pt_725,1083.9000000001097,5604.0,1.0
P_1-3_2421,P_1-1-pt_530,47.500000000000405,5604.0,1.0
P_1-3_2421,P_1-2_5252,53.30000000000049,5604.0,1.0
P_1-3_2421,P_1-3_5117,53.100000000000485,5604.0,1.0
P_1-3_2421,P_1-2_171,50.50000000000045,5604.0,1.0
P_1-3_2421,P_1-2_4285,55.40000000000052,5604.0,1.0
P_1-3_2421,P_1-2_2183,53.30000000000049,5604.0,1.0
P_1-3_2421,P_1-3_5537,53.200000000000486,5604.0,1.0
P_1-3_2421,P_1-2_1640,33.90000000000021,5604.0,1.0
P_1-3_2421,P_1-2_5641,36.10000000000024,5604.0,1.0
P_1-3_2421,P_1-3_4124,2230.8999999990665,5604.0,1.0
P_1-2_3389,P_1-1-pt_560,16.19999999999996,5598.0,1.0
P_1-2_3389,P_1-2_4771,53.40000000000049,5598.0,1.0
P_1-2_3389,P_1-1-pt_1714,50.70000000000045,5598.0,1.0
P_1-2_3389,P_1-3_2454,53.40000000000049,5598.0,1.0
P_1-2_3389,P_1-2_2287,53.50000000000049,5598.0,1.0
P_1-2_3389,P_1-3_3834,54.90000000000051,5598.0,1.0
P_1-2_3389,P_1-3_1785,53.70000000000049,5598.0,1.0
P_1-2_3389,P_1-2_3280,53.40000000000049,5598.0,1.0
P_1-2_3389,P_1-3_3046,53.40000000000049,5598.0,1.0
P_1-2_3389,P_1-3_3457,53.40000000000049,5598.0,1.0
P_1-2_3389,P_1-3_4168,53.40000000000049,5598.0,1.0
P_1-2_3389,P_1-2_3081,53.30000000000049,5598.0,1.0
P_1-2_3389,P_1-3_2053,53.40000000000049,5598.0,1.0
P_1-2_3389,P_1-2_5951,53.50000000000049,5598.0,1.0
P_1-2_3389,P_1-3_4690,53.40000000000049,5598.0,1.0
P_1-2_3389,P_1-1-veh_234,56.10000000000053,5598.0,1.0
P_1-2_3389,P_1-1-pt_8682,55.300000000000516,5598.0,1.0
P_1-2_3389,P_1-1-pt_1473,198.599999999993,5598.0,1.0
P_1-2_3389,P_1-1-pt_7080,59.60000000000058,5598.0,1.0
P_1-2_3389,P_1-1-pt_4966,51.700000000000465,5598.0,1.0
P_1-2_1017,P_1-1-pt_1296,57.300000000000544,5594.0,1.0
P_1-2_1017,P_1-3_990,88.09999999999927,5594.0,1.0
P_1-2_1017,P_1-2_2795,35.30000000000023,5594.0,1.0
P_1-2_1017,P_1-1-pt_8247,43.60000000000035,5594.0,1.0
P_1-2_1017,P_1-2_671,34.70000000000022,5594.0,1.0
P_1-2_1017,P_1-2_1559,57.50000000000055,5594.0,1.0
P_1-2_1017,P_1-2_2564,56.40000000000053,5594.0,1.0
P_1-2_1017,P_1-2_1313,20.200000000000017,5594.0,1.0
P_1-2_1017,P_1-1-pt_3275,25.40000000000009,5594.0,1.0
P_1-2_1017,P_1-1-pt_1560,19.70000000000001,5594.0,1.0
P_1-2_1017,P_1-1-pt_6368,32.30000000000019,5594.0,1.0
P_1-2_1017,P_1-1-pt_1306,36.00000000000024,5594.0,1.0
P_1-2_1017,P_1-2_3052,41.40000000000032,5594.0,1.0
P_1-2_1017,P_1-2_3413,14.699999999999964,5594.0,1.0
P_1-2_1017,P_1-2_3693,55.80000000000052,5594.0,1.0
P_1-2_3413,P_1-1-pt_5324,27.200000000000117,5593.0,1.0
P_1-2_3413,P_1-1-pt_1306,2263.5999999990368,5593.0,1.0
P_1-2_3413,P_1-2_1017,14.699999999999964,5593.0,1.0
P_1-2_3413,P_1-3_990,34.40000000000022,5593.0,1.0
P_1-2_3413,P_1-1-pt_1037,59.500000000000576,5593.0,1.0
P_1-2_3413,P_1-2_4208,39.60000000000029,5593.0,1.0
P_1-2_3413,P_1-3_3755,61.2000000000006,5593.0,1.0
P_1-2_3413,P_1-3_5334,107.79999999999815,5593.0,1.0
P_1-2_3413,P_1-1-pt_3927,96.99999999999876,5593.0,1.0
P_1-2_3413,P_1-2_2345,51.90000000000047,5593.0,1.0
P_1-2_3413,P_1-1-pt_1298,52.80000000000048,5593.0,1.0
P_1-1-pt_654,P_1-2_2543,322.50000000000483,5592.0,1.0
P_1-1-pt_654,P_1-2_2034,62.80000000000062,5592.0,1.0
P_1-1-pt_654,P_1-2_2512,58.20000000000056,5592.0,1.0
P_1-1-pt_654,P_1-1-pt_1966,60.40000000000059,5592.0,1.0
P_1-1-pt_654,P_1-2_149,36.80000000000025,5592.0,1.0
P_1-1-pt_654,P_1-1-pt_3916,308.4000000000016,5592.0,1.0
P_1-2_3081,P_1-2_1596,20.40000000000002,5591.0,1.0
P_1-2_3081,P_1-3_4168,2285.499999999017,5591.0,1.0
P_1-2_3081,P_1-2_4464,171.09999999999457,5591.0,1.0
P_1-2_3081,P_1-3_3579,33.70000000000021,5591.0,1.0
P_1-2_3081,P_1-1-veh_105,53.30000000000049,5591.0,1.0
P_1-2_3081,P_1-2_2554,53.50000000000049,5591.0,1.0
P_1-2_3081,P_1-2_3389,53.30000000000049,5591.0,1.0
P_1-2_3081,P_1-1-pt_1714,54.4000000000005,5591.0,1.0
P_1-2_3081,P_1-2_2287,55.80000000000052,5591.0,1.0
P_1-2_3081,P_1-2_4771,111.69999999999793,5591.0,1.0
P_1-2_3081,P_1-1-pt_560,51.800000000000466,5591.0,1.0
P_1-2_3081,P_1-3_874,53.30000000000049,5591.0,1.0
P_1-2_3081,P_1-3_1785,56.000000000000526,5591.0,1.0
P_1-2_3081,P_1-1-pt_3629,112.2999999999979,5591.0,1.0
P_1-2_3081,P_1-2_5951,56.000000000000526,5591.0,1.0
P_2-1_600,P_1-3_2773,53.30000000000049,5583.0,1.0
P_2-1_600,P_1-3_4025,53.50000000000049,5583.0,1.0
P_2-1_600,P_1-2_1953,58.800000000000566,5583.0,1.0
P_2-1_600,P_1-2_2180,53.40000000000049,5583.0,1.0
P_2-1_600,P_1-2_4376,48.00000000000041,5583.0,1.0
P_2-1_600,P_1-3_1676,44.50000000000036,5583.0,1.0
P_2-1_600,P_1-3_5144,35.10000000000023,5583.0,1.0
P_2-1_600,P_1-3_2786,53.60000000000049,5583.0,1.0
P_2-1_600,P_1-3_5475,53.200000000000486,5583.0,1.0
P_2-1_600,P_1-1-pt_5999,215.09999999999206,5583.0,1.0
P_2-1_600,P_1-1-pt_7040,50.90000000000045,5583.0,1.0
P_2-1_600,P_2-1_1248,53.50000000000049,5583.0,1.0
P_2-1_600,P_1-2_5518,53.40000000000049,5583.0,1.0
P_1-3_3410,P_1-2_5640,53.200000000000486,5581.0,1.0
P_1-3_3410,P_1-1-pt_5241,876.7000000001308,5581.0,1.0
P_1-3_3410,P_1-2_4634,344.7000000000099,5581.0,1.0
P_1-3_3410,P_1-3_4775,292.7999999999981,5581.0,1.0
P_1-3_3410,P_1-3_2410,55.00000000000051,5581.0,1.0
P_1-3_3410,P_1-3_3253,332.100000000007,5581.0,1.0
P_1-3_3410,P_1-3_2018,74.80000000000003,5581.0,1.0
P_1-3_3410,P_1-3_2633,160.19999999999519,5581.0,1.0
P_1-3_3410,P_1-2_5210,55.50000000000052,5581.0,1.0
P_1-3_3410,P_1-2_573,62.900000000000624,5581.0,1.0
P_1-3_3410,P_1-3_4954,58.50000000000056,5581.0,1.0
P_1-3_3410,P_1-3_4875,218.89999999999185,5581.0,1.0
P_1-1-pt_8739,P_1-1-veh_298,3631.5999999977926,5576.0,1.0
P_1-1-pt_1798,P_1-1-pt_1298,58.30000000000056,5574.0,1.0
P_1-1-pt_1798,P_1-1-pt_3571,58.700000000000564,5574.0,1.0
P_1-1-pt_1798,P_1-1-pt_7325,48.200000000000415,5574.0,1.0
P_1-1-pt_1798,P_1-1-pt_8137,48.80000000000042,5574.0,1.0
P_1-1-pt_1798,P_1-1-pt_5193,22.900000000000055,5574.0,1.0
P_1-1-pt_1798,P_1-1-pt_8762,2211.1999999990844,5574.0,1.0
P_1-1-pt_1798,P_1-1-pt_1138,798.700000000113,5574.0,1.0
P_1-1-pt_1798,P_1-3_2985,38.00000000000027,5574.0,1.0
P_1-1-pt_1798,P_1-1-pt_4262,61.600000000000605,5574.0,1.0
P_1-1-pt_5298,P_1-1-pt_7325,80.19999999999972,5573.0,1.0
P_1-1-pt_5298,P_1-1-pt_8137,60.100000000000584,5573.0,1.0
P_1-1-pt_5298,P_1-1-pt_3927,95.89999999999883,5573.0,1.0
P_1-1-pt_5298,P_1-1-pt_3571,55.00000000000051,5573.0,1.0
P_1-1-pt_5298,P_1-1-pt_7732,58.800000000000566,5573.0,1.0
P_1-1-pt_5298,P_1-1-pt_1560,152.09999999999565,5573.0,1.0
P_2-1_3119,P_2-1_1248,53.40000000000049,5570.0,1.0
P_2-1_3119,P_1-2_5518,54.4000000000005,5570.0,1.0
P_2-1_3119,P_1-2_1063,53.60000000000049,5570.0,1.0
P_2-1_3119,P_1-2_2715,55.10000000000051,5570.0,1.0
P_1-3_1571,P_1-3_1027,58.000000000000554,5568.0,1.0
P_1-3_1571,P_1-1-pt_5997,57.00000000000054,5568.0,1.0
P_1-3_1571,P_1-1-pt_394,48.300000000000416,5568.0,1.0
P_1-3_1571,P_1-1-pt_4541,43.80000000000035,5568.0,1.0
P_1-3_1571,P_1-2_104,35.90000000000024,5568.0,1.0
P_1-3_1571,P_1-1-pt_527,8.299999999999986,5568.0,1.0
P_1-3_1571,P_1-2_4962,29.100000000000144,5568.0,1.0
P_1-3_1571,P_1-2_1715,30.000000000000156,5568.0,1.0
P_1-1-pt_2952,P_1-1-pt_4715,45.90000000000038,5567.0,0.968025866714568
P_1-1-pt_2952,P_1-2_5640,67.30000000000045,5567.0,0.968025866714568
P_1-1-pt_2952,P_1-1-veh_5,3095.9999999982797,5567.0,0.968025866714568
P_1-1-pt_2952,P_1-2_3693,83.59999999999953,5567.0,0.968025866714568
P_1-1-pt_7948,P_1-2_3214,8.399999999999986,5563.0,1.0
P_1-1-pt_7948,P_1-1-pt_5258,147.29999999999592,5563.0,1.0
P_1-1-pt_7325,P_1-1-pt_5298,80.19999999999972,5555.0,1.0
P_1-1-pt_7325,P_1-1-pt_5193,219.29999999999183,5555.0,1.0
P_1-1-pt_7325,P_1-1-pt_8762,75.39999999999999,5555.0,1.0
P_1-1-pt_7325,P_1-1-pt_1798,48.200000000000415,5555.0,1.0
P_1-1-pt_7325,P_1-1-pt_1138,48.10000000000041,5555.0,1.0
P_1-1-pt_7325,P_1-1-pt_3275,62.50000000000062,5555.0,1.0
P_1-1-pt_7325,P_1-1-pt_1560,62.300000000000615,5555.0,1.0
P_1-1-pt_7325,P_1-1-pt_1966,62.50000000000062,5555.0,1.0
P_1-1-pt_7325,P_1-1-pt_4595,50.60000000000045,5555.0,1.0
P_1-1-pt_7325,P_1-1-pt_5906,61.2000000000006,5555.0,1.0
P_1-1-pt_7325,P_1-1-pt_8545,125.09999999999717,5555.0,1.0
P_1-1-pt_7325,P_1-1-pt_1226,61.80000000000061,5555.0,1.0
P_1-1-pt_7325,P_1-1-pt_3624,56.90000000000054,5555.0,1.0
P_1-1-pt_7325,P_1-1-pt_1304,54.2000000000005,5555.0,1.0
P_1-1-pt_7325,P_1-1-veh_105,104.39999999999834,5555.0,1.0
P_1-1-pt_7325,P_2-1_3764,56.30000000000053,5555.0,1.0
P_1-1-pt_7325,P_2-1_2925,56.40000000000053,5555.0,1.0
P_1-1-pt_7325,P_1-1-veh_792,58.40000000000056,5555.0,1.0
P_1-1-pt_7325,P_1-1-pt_8137,4981.800000000592,5555.0,1.0
P_1-1-pt_7325,P_2-1_63,63.80000000000064,5555.0,1.0
P_1-1-pt_7325,P_1-2_1612,54.90000000000051,5555.0,1.0
P_1-1-pt_7325,P_1-1-pt_6453,58.100000000000556,5555.0,1.0
P_1-1-pt_7325,P_1-3_3245,73.00000000000013,5555.0,1.0
P_1-1-pt_7325,P_1-1-pt_8728,33.400000000000205,5555.0,1.0
P_1-1-pt_7325,P_1-2_4483,5.4999999999999964,5555.0,1.0
P_1-1-pt_7325,P_2-1_5419,52.500000000000476,5555.0,1.0
P_1-1-pt_4380,P_1-2_4715,26.1000000000001,5550.0,1.0
P_1-1-pt_4380,P_1-2_2653,26.600000000000108,5550.0,1.0
P_1-1-pt_4380,P_1-1-pt_2770,3.2000000000000015,5550.0,1.0
P_1-1-pt_4380,P_1-1-pt_2863,47.500000000000405,5550.0,1.0
P_1-1-pt_4380,P_1-1-pt_7440,55.70000000000052,5550.0,1.0
P_1-1-pt_4380,P_1-1-pt_6673,208.9999999999924,5550.0,1.0
P_1-1-pt_4380,P_1-2_3702,760.9000000001045,5550.0,1.0
P_1-1-pt_4380,P_1-1-pt_2920,47.500000000000405,5550.0,1.0
P_1-1-pt_4380,P_1-1-pt_1497,229.79999999999123,5550.0,1.0
P_1-1-pt_4380,P_1-1-pt_2013,83.19999999999955,5550.0,1.0
P_1-2_303,P_1-1-pt_7763,53.70000000000049,5548.0,0.9744051910598414
P_1-2_303,P_1-3_528,53.30000000000049,5548.0,0.9744051910598414
P_1-2_303,P_1-1-pt_2606,53.200000000000486,5548.0,0.9744051910598414
P_1-2_303,P_1-1-pt_1966,48.80000000000042,5548.0,0.9744051910598414
P_1-2_303,P_1-1-pt_2834,51.100000000000456,5548.0,0.9744051910598414
P_1-2_303,P_1-1-pt_5906,40.90000000000031,5548.0,0.9744051910598414
P_1-2_303,P_1-1-pt_1238,32.20000000000019,5548.0,0.9744051910598414
P_1-2_303,P_1-1-pt_3916,10.399999999999979,5548.0,0.9744051910598414
P_1-2_303,P_1-1-pt_776,105.39999999999829,5548.0,0.9744051910598414
P_1-2_303,P_1-1-pt_6931,239.69999999999067,5548.0,0.9744051910598414
P_1-2_303,P_1-1-pt_3409,26.70000000000011,5548.0,0.9744051910598414
P_1-2_303,P_1-1-pt_3624,26.70000000000011,5548.0,0.9744051910598414
P_1-2_303,P_2-1_3764,27.700000000000124,5548.0,0.9744051910598414
P_1-2_303,P_2-1_2925,27.700000000000124,5548.0,0.9744051910598414
P_1-2_303,P_2-1_63,27.800000000000125,5548.0,0.9744051910598414
P_1-2_303,P_1-2_1612,28.300000000000132,5548.0,0.9744051910598414
P_1-2_303,P_1-1-pt_6453,26.600000000000108,5548.0,0.9744051910598414
P_1-2_303,P_1-1-pt_5666,54.4000000000005,5548.0,0.9744051910598414
P_1-2_303,P_1-3_3245,36.10000000000024,5548.0,0.9744051910598414
P_1-2_303,P_2-1_5419,36.10000000000024,5548.0,0.9744051910598414
P_1-2_303,P_1-1-pt_8728,26.600000000000108,5548.0,0.9744051910598414
P_1-2_303,P_1-2_4483,27.800000000000125,5548.0,0.9744051910598414
P_1-2_303,P_1-1-pt_2880,54.1000000000005,5548.0,0.9744051910598414
P_1-2_303,P_1-1-pt_6743,54.2000000000005,5548.0,0.9744051910598414
P_1-2_303,P_1-1-pt_8280,56.50000000000053,5548.0,0.9744051910598414
P_1-2_303,P_1-1-pt_521,57.00000000000054,5548.0,0.9744051910598414
P_1-2_303,P_1-1-pt_1747,55.10000000000051,5548.0,0.9744051910598414
P_1-2_303,P_1-1-pt_4879,280.6999999999953,5548.0,0.9744051910598414
P_1-2_303,P_1-1-pt_6974,189.19999999999354,5548.0,0.9744051910598414
P_1-2_303,P_1-1-pt_3207,91.39999999999908,5548.0,0.9744051910598414
P_1-2_303,P_1-2_5543,87.99999999999928,5548.0,0.9744051910598414
P_1-2_303,P_1-1-pt_1497,53.900000000000496,5548.0,0.9744051910598414
P_1-2_303,P_1-1-pt_98,55.00000000000051,5548.0,0.9744051910598414
P_1-2_303,P_1-1-pt_5167,55.60000000000052,5548.0,0.9744051910598414
P_1-2_303,P_1-1-pt_3858,54.500000000000504,5548.0,0.9744051910598414
P_1-2_303,P_1-1-pt_3671,404.2000000000234,5548.0,0.9744051910598414
P_1-2_2215,P_1-2_2335,52.80000000000048,5539.0,1.0
P_1-2_2215,P_1-3_283,95.19999999999887,5539.0,1.0
P_1-2_2215,P_1-3_4291,111.09999999999796,5539.0,1.0
P_1-2_2215,P_1-3_5020,111.79999999999792,5539.0,1.0
P_1-2_2215,P_2-1_3664,77.99999999999984,5539.0,1.0
P_1-2_2215,P_2-1_3058,49.80000000000044,5539.0,1.0
P_1-1-veh_610,P_1-1-pt_4996,64.90000000000059,5536.0,1.0
P_1-1-veh_610,P_1-3_528,27.40000000000012,5536.0,1.0
P_1-1-veh_610,P_1-1-pt_3386,58.40000000000056,5536.0,1.0
P_1-1-veh_610,P_1-1-pt_3409,8.399999999999986,5536.0,1.0
P_1-1-veh_610,P_1-1-pt_3624,8.499999999999986,5536.0,1.0
P_1-1-veh_610,P_2-1_3764,11.699999999999974,5536.0,1.0
P_1-1-veh_610,P_2-1_2925,11.599999999999975,5536.0,1.0
P_1-1-veh_610,P_2-1_63,11.799999999999974,5536.0,1.0
P_1-1-veh_610,P_1-2_1612,12.399999999999972,5536.0,1.0
P_1-1-veh_610,P_1-1-pt_6453,8.499999999999986,5536.0,1.0
P_1-1-veh_610,P_1-1-pt_521,57.20000000000054,5536.0,1.0
P_1-1-veh_610,P_1-1-pt_5666,56.50000000000053,5536.0,1.0
P_1-1-veh_610,P_1-1-pt_571,34.60000000000022,5536.0,1.0
P_1-1-veh_610,P_1-1-pt_3230,35.10000000000023,5536.0,1.0
P_1-1-veh_610,P_1-1-pt_4736,17.49999999999998,5536.0,1.0
P_1-1-veh_610,P_1-1-pt_8280,247.8999999999902,5536.0,1.0
P_1-1-veh_610,P_1-1-pt_3207,57.90000000000055,5536.0,1.0
P_1-1-veh_610,P_1-1-pt_2880,62.00000000000061,5536.0,1.0
P_1-1-veh_610,P_1-1-pt_4879,111.39999999999795,5536.0,1.0
P_1-1-veh_610,P_1-1-pt_6743,77.0999999999999,5536.0,1.0
P_1-1-veh_610,P_1-1-pt_5167,48.80000000000042,5536.0,1.0
P_1-1-veh_610,P_1-1-pt_3671,59.00000000000057,5536.0,1.0
P_1-1-veh_610,P_1-1-pt_6974,159.7999999999952,5536.0,1.0
P_1-1-veh_610,P_1-1-pt_3858,55.10000000000051,5536.0,1.0
P_1-1-veh_610,P_1-1-pt_7915,31.60000000000018,5536.0,1.0
P_1-1-veh_610,P_1-1-pt_98,55.00000000000051,5536.0,1.0
P_1-1-veh_610,P_1-1-pt_1497,53.100000000000485,5536.0,1.0
P_1-1-veh_610,P_1-1-pt_1747,349.2000000000109,5536.0,1.0
P_1-1-veh_610,P_1-2_5543,59.10000000000057,5536.0,1.0
P_1-1-veh_610,P_2-1_1878,81.39999999999965,5536.0,1.0
P_1-1-veh_610,P_1-3_3339,81.69999999999963,5536.0,1.0
P_1-1-veh_610,P_2-1_1463,82.2999999999996,5536.0,1.0
P_1-2_5765,P_1-2_960,53.30000000000049,5532.0,1.0
P_1-2_5765,P_1-2_1265,53.30000000000049,5532.0,1.0
P_1-2_5765,P_1-2_1494,53.40000000000049,5532.0,1.0
P_1-2_5765,P_1-2_1953,53.200000000000486,5532.0,1.0
P_1-2_5765,P_1-2_2180,53.40000000000049,5532.0,1.0
P_1-2_5765,P_1-3_5144,38.70000000000028,5532.0,1.0
P_1-2_5765,P_1-3_2786,98.59999999999867,5532.0,1.0
P_1-2_5765,P_1-3_5475,53.40000000000049,5532.0,1.0
P_1-2_5765,P_1-1-pt_7040,30.000000000000156,5532.0,1.0
P_1-2_5765,P_2-1_1248,53.30000000000049,5532.0,1.0
P_1-2_5765,P_1-2_5518,53.30000000000049,5532.0,1.0
P_1-1-pt_7277,P_1-1-pt_5258,58.50000000000056,5531.0,1.0
P_1-1-pt_7277,P_1-1-pt_3931,58.000000000000554,5531.0,1.0
P_1-1-pt_7277,P_1-3_4253,50.400000000000446,5531.0,1.0
P_1-1-pt_7277,P_1-1-pt_7959,47.600000000000406,5531.0,1.0
P_1-1-pt_7277,P_2-1_5841,43.60000000000035,5531.0,1.0
P_1-1-pt_7277,P_2-1_5552,135.2999999999966,5531.0,1.0
P_1-1-pt_7277,P_1-1-pt_6381,56.20000000000053,5531.0,1.0
P_1-1-pt_7277,P_1-1-veh_824,79.09999999999978,5531.0,1.0
P_1-1-pt_8137,P_1-1-pt_5298,60.100000000000584,5526.0,1.0
P_1-1-pt_8137,P_1-1-pt_5193,153.49999999999557,5526.0,1.0
P_1-1-pt_8137,P_1-1-pt_8762,84.29999999999949,5526.0,1.0
P_1-1-pt_8137,P_1-1-pt_1798,48.80000000000042,5526.0,1.0
P_1-1-pt_8137,P_1-1-pt_1138,48.60000000000042,5526.0,1.0
P_1-1-pt_8137,P_1-1-pt_3275,62.10000000000061,5526.0,1.0
P_1-1-pt_8137,P_1-1-pt_1560,62.300000000000615,5526.0,1.0
P_1-1-pt_8137,P_1-1-pt_1966,62.900000000000624,5526.0,1.0
P_1-1-pt_8137,P_1-1-pt_4595,48.900000000000425,5526.0,1.0
P_1-1-pt_8137,P_1-1-pt_5906,60.40000000000059,5526.0,1.0
P_1-1-pt_8137,P_1-1-pt_1226,61.90000000000061,5526.0,1.0
P_1-1-pt_8137,P_1-1-pt_3624,58.000000000000554,5526.0,1.0
P_1-1-pt_8137,P_1-1-pt_1304,54.600000000000506,5526.0,1.0
P_1-1-pt_8137,P_1-1-veh_105,218.69999999999186,5526.0,1.0
P_1-1-pt_8137,P_2-1_3764,56.80000000000054,5526.0,1.0
P_1-1-pt_8137,P_2-1_2925,56.20000000000053,5526.0,1.0
P_1-1-pt_8137,P_1-1-veh_792,54.80000000000051,5526.0,1.0
P_1-1-pt_8137,P_1-1-pt_8545,82.09999999999961,5526.0,1.0
P_1-1-pt_8137,P_1-1-pt_7325,4981.800000000592,5526.0,1.0
P_1-1-pt_8137,P_1-1-pt_1108,60.70000000000059,5526.0,1.0
P_1-1-pt_8137,P_1-2_1203,108.39999999999812,5526.0,1.0
P_1-1-pt_8137,P_1-2_2554,103.59999999999839,5526.0,1.0
P_1-1-pt_8137,P_1-1-pt_6389,61.4000000000006,5526.0,1.0
P_1-1-pt_6389,P_1-1-pt_3512,1175.5000000000264,5520.0,1.0
P_1-1-pt_6389,P_1-1-pt_1226,66.00000000000053,5520.0,1.0
P_1-1-pt_6389,P_2-1_3764,59.500000000000576,5520.0,1.0
P_1-1-pt_6389,P_2-1_2925,58.40000000000056,5520.0,1.0
P_1-1-pt_6389,P_1-1-veh_792,51.90000000000047,5520.0,1.0
P_1-1-pt_6389,P_1-1-pt_8137,61.4000000000006,5520.0,1.0
P_1-1-pt_6389,P_1-1-pt_1108,24.60000000000008,5520.0,1.0
P_1-3_2786,P_1-2_250,54.3000000000005,5518.0,1.0
P_1-3_2786,P_1-1-pt_5139,478.70000000004035,5518.0,1.0
P_1-3_2786,P_1-3_5475,174.29999999999438,5518.0,1.0
P_1-3_2786,P_1-1-pt_1006,62.70000000000062,5518.0,1.0
P_1-3_2786,P_2-1_5067,63.50000000000063,5518.0,1.0
P_1-3_2786,P_1-3_4663,53.30000000000049,5518.0,1.0
P_1-3_2786,P_1-2_1658,53.30000000000049,5518.0,1.0
P_1-3_2786,P_1-3_4881,53.200000000000486,5518.0,1.0
P_1-3_2786,P_1-2_5543,56.30000000000053,5518.0,1.0
P_1-3_2786,P_1-3_4025,69.30000000000034,5518.0,1.0
P_1-3_2786,P_2-1_4267,74.70000000000003,5518.0,1.0
P_1-3_2786,P_2-1_3390,72.30000000000017,5518.0,1.0
P_1-3_2786,P_2-1_600,53.60000000000049,5518.0,1.0
P_1-3_2786,P_1-2_5765,98.59999999999867,5518.0,1.0
P_1-3_2786,P_2-1_1463,53.50000000000049,5518.0,1.0
P_1-3_2786,P_2-1_4788,53.900000000000496,5518.0,1.0
P_1-3_2786,P_2-1_499,54.0000000000005,5518.0,1.0
P_1-3_2786,P_2-1_804,55.00000000000051,5518.0,1.0
P_1-3_2786,P_2-1_213,53.30000000000049,5518.0,1.0
P_1-1-pt_5913,P_1-1-pt_3595,181.299999999994,5514.0,1.0
P_1-1-pt_5913,P_1-1-pt_5997,35.00000000000023,5514.0,1.0
P_1-1-pt_5913,P_1-1-pt_394,27.300000000000118,5514.0,1.0
P_1-1-pt_5913,P_1-1-pt_4541,24.800000000000082,5514.0,1.0
P_1-1-pt_7208,P_1-3_2323,22.800000000000054,5511.0,1.0
P_1-1-pt_7208,P_1-3_3457,51.60000000000046,5511.0,1.0
P_1-1-pt_7208,P_1-1-veh_234,57.10000000000054,5511.0,1.0
P_1-1-pt_7208,P_1-1-pt_1238,302.1000000000002,5511.0,1.0
P_1-1-pt_7208,P_1-3_2053,50.90000000000045,5511.0,1.0
P_1-1-pt_7208,P_1-2_5951,51.50000000000046,5511.0,1.0
P_1-1-pt_7208,P_1-1-pt_5078,66.80000000000048,5511.0,1.0
P_1-1-pt_7208,P_1-1-pt_2503,44.700000000000365,5511.0,1.0
P_1-1-pt_7208,P_1-1-pt_761,61.500000000000604,5511.0,1.0
P_1-1-pt_7208,P_1-2_1255,151.39999999999569,5511.0,1.0
P_1-1-pt_7208,P_1-1-pt_571,67.60000000000043,5511.0,1.0
P_1-1-pt_7208,P_1-1-pt_3230,65.80000000000054,5511.0,1.0
P_1-1-pt_7208,P_1-2_250,57.70000000000055,5511.0,1.0
P_1-1-pt_7208,P_1-1-pt_4736,66.80000000000048,5511.0,1.0
P_1-1-pt_7208,P_1-1-pt_3858,556.500000000058,5511.0,1.0
P_2-1_2987,P_1-2_1948,27.200000000000117,5511.0,1.0
P_2-1_2987,P_1-3_4492,27.300000000000118,5511.0,1.0
P_2-1_2987,P_1-3_2528,26.900000000000112,5511.0,1.0
P_2-1_2987,P_1-1-pt_2425,51.700000000000465,5511.0,1.0
P_2-1_2987,P_1-1-pt_2342,57.50000000000055,5511.0,1.0
P_2-1_2987,P_1-1-pt_6516,393.80000000002104,5511.0,1.0
P_2-1_2987,P_1-3_80,55.60000000000052,5511.0,1.0
P_2-1_2911,P_1-1-pt_6381,61.2000000000006,5508.0,1.0
P_2-1_2911,P_1-2_4715,25.700000000000095,5508.0,1.0
P_2-1_2911,P_1-2_2653,36.10000000000024,5508.0,1.0
P_2-1_2911,P_1-1-pt_2770,8.599999999999985,5508.0,1.0
P_2-1_2911,P_1-1-pt_6355,8.699999999999985,5508.0,1.0
P_2-1_2911,P_1-2_4454,69.20000000000034,5508.0,1.0
P_2-1_2911,P_1-2_3590,27.200000000000117,5508.0,1.0
P_2-1_2911,P_1-1-pt_8982,4.899999999999999,5508.0,1.0
P_2-1_2911,P_1-1-pt_8969,4.799999999999999,5508.0,1.0
P_2-1_2911,P_1-2_1658,45.00000000000037,5508.0,1.0
P_2-1_2911,P_1-1-pt_1601,55.300000000000516,5508.0,1.0
P_2-1_2911,P_1-1-pt_2425,1495.6999999997352,5508.0,1.0
P_2-1_2911,P_1-2_1285,1617.799999999624,5508.0,1.0
P_1-1-veh_5,P_1-2_5640,57.50000000000055,5507.0,0.9769384419829308
P_1-1-veh_5,P_1-1-pt_2952,3095.9999999982797,5507.0,0.9769384419829308
P_1-1-veh_5,P_1-2_3693,96.3999999999988,5507.0,0.9769384419829308
P_1-2_671,P_1-1-pt_255,16.399999999999963,5507.0,1.0
P_1-2_671,P_1-1-pt_1296,55.300000000000516,5507.0,1.0
P_1-2_671,P_1-2_1017,34.70000000000022,5507.0,1.0
P_1-2_671,P_1-2_1559,217.49999999999193,5507.0,1.0
P_1-2_671,P_1-1-pt_4262,56.000000000000526,5507.0,1.0
P_1-2_671,P_1-2_2543,89.2999999999992,5507.0,1.0
P_1-2_671,P_1-1-pt_3386,107.19999999999818,5507.0,1.0
P_1-2_671,P_1-1-pt_7664,161.99999999999508,5507.0,1.0
P_1-2_671,P_1-1-pt_3512,3274.2999999981175,5507.0,1.0
P_1-1-pt_3916,P_1-1-pt_6176,64.8000000000006,5504.0,1.0
P_1-1-pt_3916,P_1-1-pt_297,65.50000000000055,5504.0,1.0
P_1-1-pt_3916,P_1-1-pt_761,62.00000000000061,5504.0,1.0
P_1-1-pt_3916,P_1-1-pt_3097,68.40000000000039,5504.0,1.0
P_1-1-pt_3916,P_1-2_303,10.399999999999979,5504.0,1.0
P_1-1-pt_3916,P_1-1-pt_6031,82.59999999999958,5504.0,1.0
P_1-1-pt_3916,P_1-1-pt_255,61.80000000000061,5504.0,1.0
P_1-1-pt_3916,P_1-1-pt_1108,61.600000000000605,5504.0,1.0
P_1-1-pt_3916,P_1-1-veh_792,54.80000000000051,5504.0,1.0
P_1-1-pt_3916,P_1-1-pt_494,61.4000000000006,5504.0,1.0
P_1-1-pt_3916,P_1-1-pt_2162,61.70000000000061,5504.0,1.0
P_1-1-pt_3916,P_1-1-pt_5897,62.80000000000062,5504.0,1.0
P_1-1-pt_3916,P_1-1-pt_3769,63.600000000000634,5504.0,1.0
P_1-1-pt_3916,P_1-1-pt_4671,61.80000000000061,5504.0,1.0
P_1-1-pt_3916,P_1-1-pt_1270,61.500000000000604,5504.0,1.0
P_1-1-pt_3916,P_1-1-pt_4919,62.40000000000062,5504.0,1.0
P_1-1-pt_3916,P_1-1-pt_1304,61.2000000000006,5504.0,1.0
P_1-1-pt_3916,P_1-1-pt_7863,70.50000000000027,5504.0,1.0
P_1-1-pt_3916,P_1-1-pt_8545,60.900000000000595,5504.0,1.0
P_1-1-pt_3916,P_1-3_2643,55.300000000000516,5504.0,1.0
P_1-1-pt_3916,P_1-1-pt_654,308.4000000000016,5504.0,1.0
P_1-1-pt_725,P_1-3_2421,1083.9000000001097,5500.0,1.0
P_1-1-pt_725,P_1-1-pt_530,43.00000000000034,5500.0,1.0
P_1-1-pt_725,P_1-2_5252,50.90000000000045,5500.0,1.0
P_1-1-pt_725,P_1-3_5117,51.000000000000455,5500.0,1.0
P_1-1-pt_725,P_1-2_171,47.400000000000404,5500.0,1.0
P_1-1-pt_725,P_1-2_4285,53.200000000000486,5500.0,1.0
P_1-1-pt_725,P_1-2_2183,50.90000000000045,5500.0,1.0
P_1-1-pt_725,P_1-3_5537,50.50000000000045,5500.0,1.0
P_1-1-pt_725,P_1-2_1640,38.10000000000027,5500.0,1.0
P_1-1-pt_725,P_1-2_5641,40.3000000000003,5500.0,1.0
P_1-1-pt_725,P_1-3_547,27.800000000000125,5500.0,1.0
P_1-3_2633,P_1-3_2018,58.60000000000056,5500.0,1.0
P_1-3_2633,P_1-2_4634,165.49999999999488,5500.0,1.0
P_1-3_2633,P_1-3_4775,165.2999999999949,5500.0,1.0
P_1-3_2633,P_1-3_2410,55.50000000000052,5500.0,1.0
P_1-3_2633,P_1-3_3253,198.89999999999299,5500.0,1.0
P_1-3_2633,P_1-2_5210,129.19999999999695,5500.0,1.0
P_1-3_2633,P_1-2_573,119.69999999999747,5500.0,1.0
P_1-3_2633,P_1-2_3693,80.79999999999968,5500.0,1.0
P_1-3_2633,P_1-3_4954,139.29999999999637,5500.0,1.0
P_1-3_2633,P_1-3_4875,148.59999999999584,5500.0,1.0
P_1-3_2633,P_1-3_3410,160.19999999999519,5500.0,1.0
P_1-2_2338,P_1-2_4329,97.49999999999874,5498.0,1.0
P_1-2_2338,P_1-1-pt_3931,112.49999999999788,5498.0,1.0
P_1-2_2338,P_2-1_6236,86.99999999999933,5498.0,1.0
P_1-2_2338,P_2-1_5067,115.49999999999771,5498.0,1.0
P_1-2_2338,P_1-1-pt_3353,113.39999999999783,5498.0,1.0
P_1-2_171,P_1-2_4715,40.400000000000304,5485.0,1.0
P_1-2_171,P_1-2_2653,42.10000000000033,5485.0,1.0
P_1-2_171,P_1-1-pt_394,41.70000000000032,5485.0,1.0
P_1-2_171,P_1-1-pt_4541,48.60000000000042,5485.0,1.0
P_1-2_171,P_1-3_4124,55.300000000000516,5485.0,1.0
P_1-2_171,P_1-3_2421,50.50000000000045,5485.0,1.0
P_1-2_171,P_1-1-pt_725,47.400000000000404,5485.0,1.0
P_1-2_171,P_1-3_5117,247.39999999999023,5485.0,1.0
P_1-2_171,P_1-2_104,41.40000000000032,5485.0,1.0
P_1-2_171,P_1-1-pt_527,29.000000000000142,5485.0,1.0
P_1-2_171,P_1-2_4962,39.100000000000286,5485.0,1.0
P_1-2_171,P_1-2_1715,47.3000000000004,5485.0,1.0
P_1-2_171,P_1-1-pt_5357,67.10000000000046,5485.0,1.0
P_1-2_171,P_1-2_4285,5447.000000002285,5485.0,1.0
P_1-2_3752,P_1-2_1640,53.30000000000049,5481.0,1.0
P_1-2_3752,P_1-2_5641,53.30000000000049,5481.0,1.0
P_1-2_3752,P_1-3_547,53.40000000000049,5481.0,1.0
P_1-2_3752,P_1-2_5437,543.0000000000549,5481.0,1.0
P_1-2_3752,P_1-3_4822,151.49999999999568,5481.0,1.0
P_1-2_3752,P_1-2_3716,137.49999999999648,5481.0,1.0
P_1-2_3752,P_1-2_4098,74.00000000000007,5481.0,1.0
P_1-2_3752,P_1-3_2482,52.70000000000048,5481.0,1.0
P_1-2_3752,P_1-2_1025,46.9000000000004,5481.0,1.0
P_1-1-pt_3800,P_1-1-pt_5258,48.00000000000041,5474.0,1.0
P_1-1-pt_3800,P_1-1-pt_2425,21.400000000000034,5474.0,1.0
P_1-1-pt_3800,P_2-1_842,27.000000000000114,5474.0,1.0
P_1-1-pt_3800,P_1-2_4955,10.899999999999977,5474.0,1.0
P_1-1-pt_3800,P_1-2_2061,3.700000000000002,5474.0,1.0
P_1-1-pt_3800,P_1-2_4715,68.80000000000037,5474.0,1.0
P_1-1-pt_3800,P_1-2_2653,63.50000000000063,5474.0,1.0
P_1-1-pt_3800,P_1-1-pt_2342,200.3999999999929,5474.0,1.0
P_1-3_5550,P_2-1_5799,54.80000000000051,5472.0,1.0
P_1-3_5550,P_1-2_1948,94.19999999999892,5472.0,1.0
P_1-3_5550,P_1-2_3214,27.200000000000117,5472.0,1.0
P_1-3_5550,P_1-2_4715,23.20000000000006,5472.0,1.0
P_1-3_5550,P_1-2_2653,31.100000000000172,5472.0,1.0
P_1-3_5550,P_1-1-pt_2770,8.399999999999986,5472.0,1.0
P_1-3_5550,P_1-1-pt_6355,8.399999999999986,5472.0,1.0
P_1-3_5550,P_1-2_4454,25.700000000000095,5472.0,1.0
P_1-3_5550,P_1-2_3590,25.700000000000095,5472.0,1.0
P_1-3_5550,P_1-1-pt_8982,8.199999999999987,5472.0,1.0
P_1-3_5550,P_1-1-pt_8969,8.399999999999986,5472.0,1.0
P_1-3_5550,P_1-2_1658,35.70000000000024,5472.0,1.0
P_1-3_5550,P_1-1-pt_1601,69.60000000000032,5472.0,1.0
P_2-1_2161,P_1-2_4734,224.19999999999155,5470.0,1.0
P_2-1_2161,P_1-2_4206,223.89999999999156,5470.0,1.0
P_2-1_2161,P_1-3_1500,223.59999999999158,5470.0,1.0
P_2-1_2161,P_1-3_3901,224.09999999999155,5470.0,1.0
P_2-1_2161,P_1-2_1420,224.19999999999155,5470.0,1.0
P_2-1_2161,P_1-3_228,223.69999999999158,5470.0,1.0
P_2-1_2161,P_1-3_3776,168.6999999999947,5470.0,1.0
P_2-1_2161,P_1-3_874,168.09999999999474,5470.0,1.0
P_2-1_2161,P_1-3_2454,111.79999999999792,5470.0,1.0
P_2-1_2161,P_1-3_3834,111.69999999999793,5470.0,1.0
P_2-1_2161,P_1-2_3280,56.20000000000053,5470.0,1.0
P_2-1_2161,P_1-3_3046,56.000000000000526,5470.0,1.0
P_2-1_2161,P_1-3_3457,56.10000000000053,5470.0,1.0
P_2-1_2161,P_1-3_4168,56.10000000000053,5470.0,1.0
P_2-1_2161,P_1-3_2053,55.900000000000524,5470.0,1.0
P_2-1_4788,P_1-2_1805,53.50000000000049,5470.0,1.0
P_2-1_4788,P_2-1_1609,53.40000000000049,5470.0,1.0
P_2-1_4788,P_2-1_804,26.600000000000108,5470.0,1.0
P_2-1_4788,P_2-1_499,812.7000000001162,5470.0,1.0
P_2-1_4788,P_1-2_4376,53.50000000000049,5470.0,1.0
P_2-1_4788,P_1-3_1676,53.30000000000049,5470.0,1.0
P_2-1_4788,P_1-3_5144,53.200000000000486,5470.0,1.0
P_2-1_4788,P_1-3_2786,53.900000000000496,5470.0,1.0
P_2-1_4788,P_1-3_5475,53.50000000000049,5470.0,1.0
P_2-1_4788,P_1-2_4853,72.70000000000014,5470.0,1.0
P_2-1_4788,P_2-1_6130,56.80000000000054,5470.0,1.0
P_1-3_2482,P_1-2_3716,2658.4999999986776,5462.0,1.0
P_1-3_2482,P_1-2_5943,51.50000000000046,5462.0,1.0
P_1-3_2482,P_1-1-pt_4645,102.19999999999847,5462.0,1.0
P_1-3_2482,P_1-2_1219,23.20000000000006,5462.0,1.0
P_1-3_2482,P_1-2_3752,52.70000000000048,5462.0,1.0
P_1-3_2482,P_1-2_4730,16.499999999999964,5462.0,1.0
P_1-3_2482,P_1-2_4098,3139.49999999824,5462.0,1.0
P_1-3_2482,P_1-2_1025,2595.8999999987345,5462.0,1.0
P_1-1-pt_2503,P_1-1-pt_4736,0.7,5459.0,1.0
P_1-1-pt_2503,P_1-1-pt_571,54.2000000000005,5459.0,1.0
P_1-1-pt_2503,P_1-1-pt_3230,54.600000000000506,5459.0,1.0
P_1-1-pt_2503,P_1-1-pt_2920,47.400000000000404,5459.0,1.0
P_1-1-pt_2503,P_1-1-pt_7208,44.700000000000365,5459.0,1.0
P_1-1-pt_2503,P_1-1-pt_6176,24.800000000000082,5459.0,1.0
P_1-1-pt_2503,P_1-1-pt_761,63.000000000000625,5459.0,1.0
P_1-1-pt_2503,P_1-2_1255,57.20000000000054,5459.0,1.0
P_1-1-pt_2503,P_1-1-pt_6538,129.9999999999969,5459.0,1.0
P_1-1-pt_2503,P_1-1-pt_7123,192.99999999999332,5459.0,1.0
P_1-1-pt_2503,P_1-1-pt_2297,35.10000000000023,5459.0,1.0
P_1-1-pt_2503,P_1-2_1596,84.59999999999947,5459.0,1.0
P_1-3_28,P_1-3_234,94.99999999999888,5457.0,1.0
P_1-3_28,P_2-1_4267,53.200000000000486,5457.0,1.0
P_1-3_28,P_2-1_3390,53.40000000000049,5457.0,1.0
P_1-3_28,P_1-3_268,42.30000000000033,5457.0,1.0
P_1-3_28,P_1-2_3879,15.69999999999996,5457.0,1.0
P_1-3_28,P_2-1_1463,55.900000000000524,5457.0,1.0
P_1-3_28,P_2-1_499,53.50000000000049,5457.0,1.0
P_1-3_28,P_2-1_804,54.600000000000506,5457.0,1.0
P_1-3_28,P_2-1_213,54.3000000000005,5457.0,1.0
P_1-1-veh_603,P_1-2_5252,53.30000000000049,5455.0,0.4955087076076994
P_1-1-veh_603,P_1-3_5117,53.30000000000049,5455.0,0.4955087076076994
P_1-1-veh_603,P_1-2_2183,53.50000000000049,5455.0,0.4955087076076994
P_1-1-veh_603,P_1-3_5537,53.900000000000496,5455.0,0.4955087076076994
P_1-1-veh_603,P_1-1-pt_6309,2455.499999998862,5455.0,0.4955087076076994
P_1-1-veh_603,P_1-2_1600,5454.00000000231,5455.0,0.4955087076076994
P_1-1-pt_1497,P_1-1-pt_1747,788.0000000001106,5453.0,1.0
P_1-1-pt_1497,P_1-1-pt_3207,451.6000000000342,5453.0,1.0
P_1-1-pt_1497,P_1-1-pt_4879,207.69999999999249,5453.0,1.0
P_1-1-pt_1497,P_1-1-pt_6974,555.4000000000577,5453.0,1.0
P_1-1-pt_1497,P_1-1-pt_5167,1043.0000000001469,5453.0,1.0
P_1-1-pt_1497,P_1-1-pt_98,948.000000000147,5453.0,1.0
P_1-1-pt_1497,P_1-1-pt_3671,619.0000000000722,5453.0,1.0
P_1-1-pt_1497,P_1-1-pt_4736,176.69999999999425,5453.0,1.0
P_1-1-pt_1497,P_1-1-pt_521,440.10000000003157,5453.0,1.0
P_1-1-pt_1497,P_1-1-pt_5666,131.8999999999968,5453.0,1.0
P_1-1-pt_1497,P_1-2_250,27.300000000000118,5453.0,1.0
P_1-1-pt_1497,P_1-2_4483,33.500000000000206,5453.0,1.0
P_1-1-pt_1497,P_1-1-pt_2920,56.50000000000053,5453.0,1.0
P_1-1-pt_1497,P_1-1-veh_610,53.100000000000485,5453.0,1.0
P_1-1-pt_1497,P_1-1-pt_2369,128.69999999999698,5453.0,1.0
P_1-1-pt_1497,P_1-3_1945,197.39999999999307,5453.0,1.0
P_1-1-pt_1497,P_1-1-pt_6673,591.0000000000658,5453.0,1.0
P_1-1-pt_1497,P_1-1-pt_4380,229.79999999999123,5453.0,1.0
P_1-1-pt_1497,P_1-1-pt_2013,63.700000000000635,5453.0,1.0
P_1-1-pt_1497,P_1-1-pt_3858,60.60000000000059,5453.0,1.0
P_1-1-pt_1497,P_1-2_303,53.900000000000496,5453.0,1.0
P_1-1-pt_1497,P_1-2_5543,93.09999999999899,5453.0,1.0
P_1-1-pt_1497,P_1-1-pt_2880,54.90000000000051,5453.0,1.0
P_1-1-pt_1497,P_1-1-pt_6743,40.400000000000304,5453.0,1.0
P_1-2_4285,P_1-2_4715,51.60000000000046,5448.0,1.0
P_1-2_4285,P_1-2_2653,36.50000000000025,5448.0,1.0
P_1-2_4285,P_1-1-pt_394,23.90000000000007,5448.0,1.0
P_1-2_4285,P_1-1-pt_4541,38.300000000000274,5448.0,1.0
P_1-2_4285,P_1-3_4124,57.10000000000054,5448.0,1.0
P_1-2_4285,P_1-3_2421,55.40000000000052,5448.0,1.0
P_1-2_4285,P_1-1-pt_725,53.200000000000486,5448.0,1.0
P_1-2_4285,P_1-3_5117,230.2999999999912,5448.0,1.0
P_1-2_4285,P_1-2_104,31.800000000000182,5448.0,1.0
P_1-2_4285,P_1-1-pt_527,12.499999999999972,5448.0,1.0
P_1-2_4285,P_1-2_4962,30.30000000000016,5448.0,1.0
P_1-2_4285,P_1-2_1715,44.000000000000355,5448.0,1.0
P_1-2_4285,P_1-1-pt_5357,49.000000000000426,5448.0,1.0
P_1-2_4285,P_1-2_171,5447.000000002285,5448.0,1.0
P_1-1-pt_498,P_1-1-veh_530,13.599999999999968,5446.0,1.0
P_1-1-pt_498,P_1-3_743,57.00000000000054,5446.0,1.0
P_1-1-pt_498,P_1-1-pt_6292,188.99999999999355,5446.0,1.0
P_1-1-pt_498,P_1-2_5428,378.00000000001745,5446.0,1.0
P_1-1-pt_498,P_1-3_2599,57.50000000000055,5446.0,1.0
P_1-1-pt_498,P_1-2_5745,57.400000000000546,5446.0,1.0
P_1-1-pt_498,P_1-1-pt_8735,58.50000000000056,5446.0,1.0
P_1-1-pt_498,P_1-1-pt_1723,926.9000000001422,5446.0,1.0
P_1-1-pt_498,P_1-2_4266,57.400000000000546,5446.0,1.0
P_1-1-pt_498,P_1-3_1535,56.700000000000536,5446.0,1.0
P_1-1-pt_498,P_1-1-pt_2032,58.30000000000056,5446.0,1.0
P_1-1-pt_498,P_1-2_609,56.90000000000054,5446.0,1.0
P_1-1-pt_498,P_1-2_2598,57.00000000000054,5446.0,1.0
P_1-1-pt_498,P_1-2_5437,57.50000000000055,5446.0,1.0
P_1-1-pt_498,P_1-2_4270,57.50000000000055,5446.0,1.0
P_1-3_3755,P_1-3_5334,3866.499999997579,5442.0,0.9773980154355016
P_1-3_3755,P_1-2_4019,11.499999999999975,5442.0,0.9773980154355016
P_1-3_3755,P_1-1-pt_7732,62.900000000000624,5442.0,0.9773980154355016
P_1-3_3755,P_1-1-pt_5115,56.600000000000534,5442.0,0.9773980154355016
P_1-3_3755,P_1-1-pt_6368,74.40000000000005,5442.0,0.9773980154355016
P_1-3_3755,P_1-1-pt_1306,111.29999999999795,5442.0,0.9773980154355016
P_1-3_3755,P_1-2_3052,56.600000000000534,5442.0,0.9773980154355016
P_1-3_3755,P_1-2_3413,61.2000000000006,5442.0,0.9773980154355016
P_1-3_3755,P_1-1-pt_1037,63.10000000000063,5442.0,0.9773980154355016
P_1-3_3755,P_1-1-pt_5324,68.00000000000041,5442.0,0.9773980154355016
P_1-3_3755,P_1-2_4208,5223.2000000014705,5442.0,0.9773980154355016
P_1-3_2745,P_1-2_960,55.50000000000052,5441.0,1.0
P_1-3_2745,P_1-2_1265,55.50000000000052,5441.0,1.0
P_1-1-pt_1723,P_1-1-veh_530,18.9,5437.0,1.0
P_1-1-pt_1723,P_1-3_743,595.0000000000667,5437.0,1.0
P_1-1-pt_1723,P_1-1-pt_6292,95.69999999999884,5437.0,1.0
P_1-1-pt_1723,P_1-2_5428,458.7000000000358,5437.0,1.0
P_1-1-pt_1723,P_1-3_2599,115.7999999999977,5437.0,1.0
P_1-1-pt_1723,P_1-2_5745,57.400000000000546,5437.0,1.0
P_1-1-pt_1723,P_1-1-pt_498,926.9000000001422,5437.0,1.0
P_1-1-pt_1723,P_1-2_4266,781.4000000001091,5437.0,1.0
P_1-1-pt_1723,P_1-1-pt_8735,835.0000000001213,5437.0,1.0
P_1-1-pt_1723,P_1-3_3076,577.7000000000628,5437.0,1.0
P_1-1-pt_1723,P_1-2_5753,97.29999999999875,5437.0,1.0
P_1-1-pt_1723,P_1-1-pt_182,116.39999999999766,5437.0,1.0
P_1-1-pt_1723,P_1-3_4289,114.59999999999776,5437.0,1.0
P_1-1-pt_1723,P_1-1-pt_8289,101.09999999999853,5437.0,1.0
P_1-1-pt_1723,P_1-1-pt_8184,153.69999999999555,5437.0,1.0
P_1-1-pt_4901,P_1-2_6013,35.80000000000024,5436.0,1.0
P_1-1-pt_4901,P_2-1_2384,303.8000000000006,5436.0,1.0
P_1-1-pt_4901,P_1-1-pt_150,647.2000000000786,5436.0,1.0
P_1-1-pt_4901,P_1-1-pt_5078,124.3999999999972,5436.0,1.0
P_1-1-pt_4901,P_1-3_4690,50.10000000000044,5436.0,1.0
P_1-1-pt_4901,P_1-1-pt_8682,64.90000000000059,5436.0,1.0
P_1-1-pt_4901,P_1-2_1596,57.70000000000055,5436.0,1.0
P_1-1-pt_4901,P_1-1-veh_234,57.80000000000055,5436.0,1.0
P_1-1-pt_4901,P_1-2_505,205.8999999999926,5436.0,1.0
P_1-1-pt_4901,P_1-1-pt_8068,83.89999999999951,5436.0,1.0
P_1-1-pt_4919,P_1-1-pt_4671,45.60000000000038,5432.0,1.0
P_1-1-pt_4919,P_1-1-pt_5897,41.50000000000032,5432.0,1.0
P_1-1-pt_4919,P_1-1-pt_3275,60.900000000000595,5432.0,1.0
P_1-1-pt_4919,P_1-1-pt_1560,61.2000000000006,5432.0,1.0
P_1-1-pt_4919,P_1-1-pt_1270,2663.1999999986733,5432.0,1.0
P_1-1-pt_4919,P_1-1-pt_1966,80.79999999999968,5432.0,1.0
P_1-1-pt_4919,P_1-1-pt_5906,61.70000000000061,5432.0,1.0
P_1-1-pt_4919,P_1-1-pt_1238,61.0000000000006,5432.0,1.0
P_1-1-pt_4919,P_1-1-pt_3916,62.40000000000062,5432.0,1.0
P_1-1-pt_4919,P_1-1-pt_1108,61.3000000000006,5432.0,1.0
P_1-1-pt_4919,P_1-1-pt_1226,61.600000000000605,5432.0,1.0
P_1-1-pt_4919,P_1-1-pt_3624,59.500000000000576,5432.0,1.0
P_1-1-pt_4919,P_1-1-pt_3409,348.50000000001074,5432.0,1.0
P_1-1-pt_4919,P_1-1-pt_1304,3734.399999997699,5432.0,1.0
P_1-1-pt_4919,P_1-1-veh_792,176.09999999999428,5432.0,1.0
P_1-1-pt_4919,P_2-1_3764,55.70000000000052,5432.0,1.0
P_1-1-pt_4919,P_2-1_2925,72.20000000000017,5432.0,1.0
P_1-1-pt_4919,P_1-1-pt_1473,71.30000000000022,5432.0,1.0
P_1-1-pt_4919,P_1-1-pt_6297,72.70000000000014,5432.0,1.0
P_1-1-pt_4919,P_1-1-pt_3769,70.30000000000028,5432.0,1.0
P_1-1-pt_4919,P_1-1-pt_6031,61.90000000000061,5432.0,1.0
P_1-1-pt_4919,P_1-1-pt_7080,52.500000000000476,5432.0,1.0
P_1-1-pt_4919,P_1-2_1255,60.60000000000059,5432.0,1.0
P_1-3_4587,P_1-3_2076,100.49999999999856,5425.0,1.0
P_1-3_4587,P_1-2_5020,90.49999999999913,5425.0,1.0
P_1-3_4587,P_1-2_2422,46.20000000000039,5425.0,1.0
P_1-3_4587,P_1-2_5092,103.59999999999839,5425.0,1.0
P_1-3_4587,P_1-3_5354,109.19999999999807,5425.0,1.0
P_1-3_4587,P_1-2_4955,51.60000000000046,5425.0,1.0
P_1-3_4587,P_1-2_2061,51.20000000000046,5425.0,1.0
P_1-3_4587,P_1-1-pt_4785,47.70000000000041,5425.0,1.0
P_1-3_4587,P_2-1_3664,45.80000000000038,5425.0,1.0
P_1-3_4587,P_2-1_3058,45.50000000000038,5425.0,1.0
P_1-3_4587,P_1-2_3077,395.0000000000213,5425.0,1.0
P_1-1-pt_3512,P_1-1-pt_6389,1175.5000000000264,5421.0,1.0
P_1-1-pt_3512,P_1-1-pt_4262,58.20000000000056,5421.0,1.0
P_1-1-pt_3512,P_1-2_2543,29.200000000000145,5421.0,1.0
P_1-1-pt_3512,P_1-1-pt_3386,107.59999999999816,5421.0,1.0
P_1-1-pt_3512,P_1-1-pt_7664,174.39999999999438,5421.0,1.0
P_1-1-pt_3512,P_1-2_671,3274.2999999981175,5421.0,1.0
P_2-1_5067,P_2-1_6130,141.49999999999625,5421.0,1.0
P_2-1_5067,P_1-2_2180,54.2000000000005,5421.0,1.0
P_2-1_5067,P_1-2_3879,54.2000000000005,5421.0,1.0
P_2-1_5067,P_1-3_4262,58.40000000000056,5421.0,1.0
P_2-1_5067,P_1-3_5144,53.70000000000049,5421.0,1.0
P_2-1_5067,P_1-3_2786,63.50000000000063,5421.0,1.0
P_2-1_5067,P_1-3_5475,100.29999999999858,5421.0,1.0
P_2-1_5067,P_1-1-pt_7915,30.800000000000168,5421.0,1.0
P_2-1_5067,P_1-2_752,38.70000000000028,5421.0,1.0
P_2-1_5067,P_1-3_3339,39.60000000000029,5421.0,1.0
P_2-1_5067,P_1-1-pt_7938,22.200000000000045,5421.0,1.0
P_2-1_5067,P_1-1-pt_2844,13.899999999999967,5421.0,1.0
P_2-1_5067,P_1-1-pt_2863,36.200000000000244,5421.0,1.0
P_2-1_5067,P_1-2_4609,113.09999999999785,5421.0,1.0
P_2-1_5067,P_1-2_2338,115.49999999999771,5421.0,1.0
P_2-1_5067,P_1-3_2171,54.70000000000051,5421.0,1.0
P_2-1_2486,P_2-1_5001,632.0000000000751,5420.0,1.0
P_2-1_2486,P_2-1_3601,170.3999999999946,5420.0,1.0
P_2-1_2486,P_2-1_1248,53.30000000000049,5420.0,1.0
P_2-1_2486,P_1-2_5518,53.30000000000049,5420.0,1.0
P_2-1_2486,P_1-2_1063,51.700000000000465,5420.0,1.0
P_1-1-pt_2808,P_1-3_403,8.899999999999984,5418.0,1.0
P_1-1-pt_2808,P_1-3_3759,50.400000000000446,5418.0,1.0
P_1-1-pt_2808,P_1-3_1737,50.90000000000045,5418.0,1.0
P_1-1-pt_2808,P_1-1-pt_5392,47.600000000000406,5418.0,1.0
P_1-1-pt_2808,P_1-3_2643,51.100000000000456,5418.0,1.0
P_1-1-pt_2808,P_1-3_1324,63.80000000000064,5418.0,1.0
P_1-1-pt_2808,P_1-1-pt_1121,45.60000000000038,5418.0,1.0
P_1-1-pt_2808,P_1-3_3536,50.90000000000045,5418.0,1.0
P_1-1-pt_2808,P_1-3_5123,50.90000000000045,5418.0,1.0
P_1-1-pt_2808,P_1-3_458,92.29999999999903,5418.0,1.0
P_1-2_4464,P_1-2_3081,171.09999999999457,5418.0,1.0
P_1-2_4464,P_1-1-pt_7080,96.79999999999878,5418.0,1.0
P_1-2_4464,P_1-3_3579,166.19999999999484,5418.0,1.0
P_1-2_4464,P_1-3_1785,20.200000000000017,5418.0,1.0
P_1-2_4464,P_1-1-pt_1700,60.60000000000059,5418.0,1.0
P_1-2_4464,P_1-3_17,56.600000000000534,5418.0,1.0
P_1-3_1535,P_1-2_4753,25.100000000000087,5417.0,1.0
P_1-3_1535,P_1-3_2043,25.200000000000088,5417.0,1.0
P_1-3_1535,P_1-2_638,27.900000000000126,5417.0,1.0
P_1-3_1535,P_1-2_3608,25.40000000000009,5417.0,1.0
P_1-3_1535,P_1-1-veh_246,25.600000000000094,5417.0,1.0
P_1-3_1535,P_1-2_5428,26.200000000000102,5417.0,1.0
P_1-3_1535,P_1-1-pt_498,56.700000000000536,5417.0,1.0
P_1-3_1535,P_1-1-veh_530,26.300000000000104,5417.0,1.0
P_1-3_1535,P_1-1-pt_182,13.699999999999967,5417.0,1.0
P_1-3_1535,P_1-2_2598,41.60000000000032,5417.0,1.0
P_1-3_1535,P_1-2_5437,39.60000000000029,5417.0,1.0
P_2-1_499,P_1-2_5288,53.40000000000049,5415.0,1.0
P_2-1_499,P_2-1_804,3137.399999998242,5415.0,1.0
P_2-1_499,P_1-3_268,53.40000000000049,5415.0,1.0
P_2-1_499,P_1-3_28,53.50000000000049,5415.0,1.0
P_2-1_499,P_1-3_2773,60.00000000000058,5415.0,1.0
P_2-1_499,P_1-3_234,69.70000000000032,5415.0,1.0
P_2-1_499,P_1-2_3879,101.79999999999849,5415.0,1.0
P_2-1_499,P_1-3_4262,83.69999999999952,5415.0,1.0
P_2-1_499,P_2-1_4788,812.7000000001162,5415.0,1.0
P_2-1_499,P_1-2_5369,41.900000000000325,5415.0,1.0
P_2-1_499,P_1-2_4376,53.50000000000049,5415.0,1.0
P_2-1_499,P_1-3_1676,53.40000000000049,5415.0,1.0
P_2-1_499,P_1-3_5144,53.40000000000049,5415.0,1.0
P_2-1_499,P_1-3_2786,54.0000000000005,5415.0,1.0
P_2-1_499,P_1-3_5475,53.40000000000049,5415.0,1.0
P_2-1_499,P_1-2_4853,66.60000000000049,5415.0,1.0
P_2-1_499,P_2-1_6130,58.60000000000056,5415.0,1.0
P_2-1_1724,P_2-1_1878,155.09999999999548,5414.0,1.0
P_2-1_1724,P_1-2_752,106.49999999999822,5414.0,1.0
P_2-1_1724,P_2-1_4267,503.0000000000459,5414.0,1.0
P_2-1_1724,P_1-2_4940,72.00000000000018,5414.0,1.0
P_2-1_1724,P_1-2_3702,93.39999999999897,5414.0,1.0
P_2-1_1724,P_1-2_848,88.39999999999925,5414.0,1.0
P_2-1_1724,P_1-1-pt_2920,50.60000000000045,5414.0,1.0
P_2-1_1724,P_1-1-pt_6673,50.90000000000045,5414.0,1.0
P_1-1-pt_1226,P_1-2_6013,99.09999999999864,5413.0,1.0
P_1-1-pt_1226,P_1-1-pt_7142,79.69999999999975,5413.0,1.0
P_1-1-pt_1226,P_1-2_5951,57.60000000000055,5413.0,1.0
P_1-1-pt_1226,P_1-1-pt_6297,61.90000000000061,5413.0,1.0
P_1-1-pt_1226,P_1-1-pt_5199,65.40000000000056,5413.0,1.0
P_1-1-pt_1226,P_1-1-pt_6931,72.00000000000018,5413.0,1.0
P_1-1-pt_1226,P_1-1-pt_6031,61.70000000000061,5413.0,1.0
P_1-1-pt_1226,P_1-1-pt_255,61.500000000000604,5413.0,1.0
P_1-1-pt_1226,P_1-1-veh_792,52.20000000000047,5413.0,1.0
P_1-1-pt_1226,P_1-1-pt_494,61.80000000000061,5413.0,1.0
P_1-1-pt_1226,P_1-1-pt_2162,61.70000000000061,5413.0,1.0
P_1-1-pt_1226,P_1-1-pt_5897,61.600000000000605,5413.0,1.0
P_1-1-pt_1226,P_1-1-pt_3769,61.3000000000006,5413.0,1.0
P_1-1-pt_1226,P_1-1-pt_4671,61.80000000000061,5413.0,1.0
P_1-1-pt_1226,P_1-1-pt_1270,61.500000000000604,5413.0,1.0
P_1-1-pt_1226,P_1-1-pt_4919,61.600000000000605,5413.0,1.0
P_1-1-pt_1226,P_1-1-pt_1304,61.4000000000006,5413.0,1.0
P_1-1-pt_1226,P_1-1-veh_105,56.40000000000053,5413.0,1.0
P_1-1-pt_1226,P_1-1-pt_1108,764.6000000001053,5413.0,1.0
P_1-1-pt_1226,P_1-1-pt_7863,63.80000000000064,5413.0,1.0
P_1-1-pt_1226,P_1-1-pt_8545,61.500000000000604,5413.0,1.0
P_1-1-pt_1226,P_1-1-pt_5193,60.900000000000595,5413.0,1.0
P_1-1-pt_1226,P_1-1-pt_7325,61.80000000000061,5413.0,1.0
P_1-1-pt_1226,P_1-1-pt_8137,61.90000000000061,5413.0,1.0
P_1-1-pt_1226,P_1-1-pt_6389,66.00000000000053,5413.0,1.0
P_1-1-pt_1226,P_1-3_2985,56.700000000000536,5413.0,1.0
P_1-1-pt_1226,P_1-2_1990,23.90000000000007,5413.0,1.0
P_1-1-pt_1226,P_1-1-veh_602,15.099999999999962,5413.0,1.0
P_1-1-pt_1226,P_1-1-pt_3275,1.0999999999999999,5413.0,1.0
P_1-1-veh_530,P_1-1-pt_498,13.599999999999968,5410.0,1.0
P_1-1-veh_530,P_1-1-pt_1723,18.9,5410.0,1.0
P_1-1-veh_530,P_1-1-pt_8289,59.70000000000058,5410.0,1.0
P_1-1-veh_530,P_1-2_5753,62.50000000000062,5410.0,1.0
P_1-1-veh_530,P_1-3_2599,53.200000000000486,5410.0,1.0
P_1-1-veh_530,P_1-2_5745,53.30000000000049,5410.0,1.0
P_1-1-veh_530,P_1-1-pt_8735,17.299999999999976,5410.0,1.0
P_1-1-veh_530,P_1-2_4266,37.40000000000026,5410.0,1.0
P_1-1-veh_530,P_1-3_1535,26.300000000000104,5410.0,1.0
P_1-1-veh_530,P_1-2_609,23.700000000000067,5410.0,1.0
P_1-1-veh_530,P_1-2_2598,27.700000000000124,5410.0,1.0
P_1-1-veh_530,P_1-2_5437,33.1000000000002,5410.0,1.0
P_1-3_3135,P_1-2_4388,53.50000000000049,5406.0,1.0
P_1-3_3135,P_1-2_2237,67.70000000000043,5406.0,1.0
P_1-3_3135,P_1-1-pt_5275,58.60000000000056,5406.0,1.0
P_1-3_1213,P_1-1-pt_4785,53.40000000000049,5402.0,1.0
P_1-3_1213,P_2-1_3664,55.200000000000514,5402.0,1.0
P_1-3_1213,P_1-2_2422,50.20000000000044,5402.0,1.0
P_1-2_568,P_2-1_2045,54.90000000000051,5400.0,1.0
P_1-2_568,P_1-2_5640,69.80000000000031,5400.0,1.0
P_1-2_568,P_1-2_3693,85.6999999999994,5400.0,1.0
P_1-2_568,P_1-1-pt_1238,35.80000000000024,5400.0,1.0
P_1-2_568,P_1-1-pt_5241,2155.599999999135,5400.0,1.0
P_1-2_2345,P_1-2_4019,59.10000000000057,5395.0,1.0
P_1-2_2345,P_1-1-pt_7732,58.700000000000564,5395.0,1.0
P_1-2_2345,P_1-1-pt_5115,57.60000000000055,5395.0,1.0
P_1-2_2345,P_1-1-pt_6368,21.300000000000033,5395.0,1.0
P_1-2_2345,P_1-1-pt_1306,40.60000000000031,5395.0,1.0
P_1-2_2345,P_1-2_3052,30.700000000000166,5395.0,1.0
P_1-2_2345,P_1-2_3413,51.90000000000047,5395.0,1.0
P_1-2_2345,P_1-1-pt_1037,56.20000000000053,5395.0,1.0
P_1-2_2345,P_1-1-pt_5324,56.30000000000053,5395.0,1.0
P_1-2_2345,P_2-1_2045,104.19999999999835,5395.0,1.0
P_1-2_149,P_1-3_458,1589.29999999965,5388.0,1.0
P_1-2_149,P_1-1-pt_5942,3224.6999999981626,5388.0,1.0
P_1-2_149,P_1-1-pt_654,36.80000000000025,5388.0,1.0
P_1-1-pt_5942,P_1-3_458,317.6000000000037,5385.0,1.0
P_1-1-pt_5942,P_1-2_149,3224.6999999981626,5385.0,1.0
P_1-1-pt_5942,P_1-1-pt_3275,64.00000000000064,5385.0,1.0
P_2-1_4267,P_1-2_5288,53.30000000000049,5382.0,1.0
P_2-1_4267,P_2-1_3390,1390.4999999998308,5382.0,1.0
P_2-1_4267,P_1-3_268,53.40000000000049,5382.0,1.0
P_2-1_4267,P_1-3_28,53.200000000000486,5382.0,1.0
P_2-1_4267,P_1-3_234,53.30000000000049,5382.0,1.0
P_2-1_4267,P_1-2_3879,55.200000000000514,5382.0,1.0
P_2-1_4267,P_1-3_2773,53.900000000000496,5382.0,1.0
P_2-1_4267,P_1-3_4262,53.50000000000049,5382.0,1.0
P_2-1_4267,P_1-3_5144,53.50000000000049,5382.0,1.0
P_2-1_4267,P_1-3_2786,74.70000000000003,5382.0,1.0
P_2-1_4267,P_1-3_5475,91.99999999999905,5382.0,1.0
P_2-1_4267,P_1-1-pt_5999,56.600000000000534,5382.0,1.0
P_2-1_4267,P_2-1_1878,154.09999999999553,5382.0,1.0
P_2-1_4267,P_1-2_752,95.29999999999886,5382.0,1.0
P_2-1_4267,P_2-1_1724,503.0000000000459,5382.0,1.0
P_2-1_4267,P_1-2_4940,47.2000000000004,5382.0,1.0
P_2-1_4267,P_1-3_3339,70.0000000000003,5382.0,1.0
P_2-1_4267,P_1-1-pt_5258,77.29999999999988,5382.0,1.0
P_1-1-pt_3931,P_1-1-pt_7277,58.000000000000554,5378.0,1.0
P_1-1-pt_3931,P_1-1-pt_2424,63.10000000000063,5378.0,1.0
P_1-1-pt_3931,P_1-2_3214,86.39999999999937,5378.0,1.0
P_1-1-pt_3931,P_1-2_4715,54.90000000000051,5378.0,1.0
P_1-1-pt_3931,P_1-2_2653,56.20000000000053,5378.0,1.0
P_1-1-pt_3931,P_1-1-pt_2770,58.100000000000556,5378.0,1.0
P_1-1-pt_3931,P_1-1-pt_6355,58.20000000000056,5378.0,1.0
P_1-1-pt_3931,P_1-2_4454,57.50000000000055,5378.0,1.0
P_1-1-pt_3931,P_1-2_3590,56.90000000000054,5378.0,1.0
P_1-1-pt_3931,P_1-1-pt_8982,58.100000000000556,5378.0,1.0
P_1-1-pt_3931,P_1-1-pt_2863,58.20000000000056,5378.0,1.0
P_1-1-pt_3931,P_1-1-pt_8969,57.90000000000055,5378.0,1.0
P_1-1-pt_3931,P_1-2_4609,117.09999999999762,5378.0,1.0
P_1-1-pt_3931,P_1-2_2338,112.49999999999788,5378.0,1.0
P_1-1-pt_3931,P_2-1_6236,180.39999999999404,5378.0,1.0
P_1-1-pt_3931,P_1-3_1604,145.39999999999603,5378.0,1.0
P_1-1-pt_3931,P_1-1-pt_2431,84.99999999999945,5378.0,1.0
P_1-1-pt_3931,P_1-1-pt_1167,14.599999999999964,5378.0,1.0
P_1-1-pt_3931,P_1-2_4329,154.09999999999553,5378.0,1.0
P_1-2_5543,P_1-2_2180,53.60000000000049,5376.0,1.0
P_1-2_5543,P_1-2_3879,45.00000000000037,5376.0,1.0
P_1-2_5543,P_1-3_4262,53.30000000000049,5376.0,1.0
P_1-2_5543,P_1-3_5144,92.899999999999,5376.0,1.0
P_1-2_5543,P_1-3_2786,56.30000000000053,5376.0,1.0
P_1-2_5543,P_1-3_5475,63.000000000000625,5376.0,1.0
P_1-2_5543,P_1-2_4940,45.80000000000038,5376.0,1.0
P_1-2_5543,P_1-1-veh_610,59.10000000000057,5376.0,1.0
P_1-2_5543,P_1-1-pt_3671,119.1999999999975,5376.0,1.0
P_1-2_5543,P_1-1-pt_7573,18.29999999999999,5376.0,1.0
P_1-2_5543,P_1-1-veh_767,55.10000000000051,5376.0,1.0
P_1-2_5543,P_1-1-pt_7915,69.00000000000036,5376.0,1.0
P_1-2_5543,P_1-1-pt_3207,91.0999999999991,5376.0,1.0
P_1-2_5543,P_1-1-pt_2013,51.20000000000046,5376.0,1.0
P_1-2_5543,P_1-1-pt_98,170.2999999999946,5376.0,1.0
P_1-2_5543,P_1-1-pt_5167,38.10000000000027,5376.0,1.0
P_1-2_5543,P_1-1-pt_6974,115.99999999999768,5376.0,1.0
P_1-2_5543,P_1-1-pt_1747,38.400000000000276,5376.0,1.0
P_1-2_5543,P_1-1-pt_3858,58.40000000000056,5376.0,1.0
P_1-2_5543,P_1-2_303,87.99999999999928,5376.0,1.0
P_1-2_5543,P_1-1-pt_1497,93.09999999999899,5376.0,1.0
P_1-2_5543,P_1-1-pt_5999,26.400000000000105,5376.0,1.0
P_1-1-pt_8830,P_2-1_2136,51.000000000000455,5373.0,1.0
P_1-1-pt_8830,P_1-1-veh_65,50.50000000000045,5373.0,1.0
P_1-1-pt_8830,P_1-1-pt_7142,50.400000000000446,5373.0,1.0
P_1-1-pt_8830,P_1-2_2715,47.80000000000041,5373.0,1.0
P_1-1-pt_8830,P_1-1-pt_1473,44.80000000000037,5373.0,1.0
P_1-1-pt_8830,P_1-1-pt_2529,507.6000000000469,5373.0,1.0
P_1-1-pt_8830,P_1-1-pt_6931,55.00000000000051,5373.0,1.0
P_1-2_4019,P_1-3_3755,11.499999999999975,5373.0,1.0
P_1-2_4019,P_1-2_2345,59.10000000000057,5373.0,1.0
P_1-2_4019,P_1-1-pt_5115,57.400000000000546,5373.0,1.0
P_1-2_4019,P_2-1_2045,17.59999999999998,5373.0,1.0
