user_id,neighbor_id,duration_seconds,ideal_duration,privacy_score
P_1-2_1990,P_1-3_5334,68.00000000000041,7199.0,1.0
P_1-2_1990,P_1-1-pt_7732,72.00000000000018,7199.0,1.0
P_1-2_1990,P_1-1-pt_5115,72.00000000000018,7199.0,1.0
P_1-2_1990,P_1-2_3386,67.00000000000047,7199.0,1.0
P_1-2_1990,P_1-2_2512,71.00000000000024,7199.0,1.0
P_1-2_1990,P_1-2_3575,128.99999999999696,7199.0,1.0
P_1-2_1990,P_1-1-pt_5906,19.0,7199.0,1.0
P_1-2_1990,P_1-1-pt_1226,51.000000000000455,7199.0,1.0
P_1-3_2374,P_1-3_2187,68.00000000000041,7199.0,1.0
P_1-3_2374,P_2-1_213,77.99999999999984,7199.0,1.0
P_1-3_2374,P_1-3_3132,69.00000000000036,7199.0,1.0
P_1-3_2410,P_1-2_4634,207.99999999999247,7197.0,1.0
P_1-3_2410,P_1-3_4775,220.99999999999173,7197.0,1.0
P_1-3_2410,P_1-3_3253,141.99999999999622,7197.0,1.0
P_1-3_2410,P_1-3_2018,80.99999999999967,7197.0,1.0
P_1-3_2410,P_1-3_2633,69.00000000000036,7197.0,1.0
P_1-3_2410,P_1-2_5210,83.9999999999995,7197.0,1.0
P_1-3_2410,P_1-2_573,71.00000000000024,7197.0,1.0
P_1-3_2410,P_1-3_4954,140.99999999999628,7197.0,1.0
P_1-3_2410,P_1-3_4875,139.99999999999633,7197.0,1.0
P_1-3_2410,P_1-3_3410,69.00000000000036,7197.0,1.0
P_1-1-veh_105,P_1-1-pt_5078,68.00000000000041,7196.0,1.0
P_1-1-veh_105,P_1-3_3046,69.00000000000036,7196.0,1.0
P_1-1-veh_105,P_1-3_3457,36.00000000000024,7196.0,1.0
P_1-1-veh_105,P_1-1-veh_234,68.00000000000041,7196.0,1.0
P_1-1-veh_105,P_1-1-pt_2606,71.00000000000024,7196.0,1.0
P_1-1-veh_105,P_1-1-pt_7142,65.00000000000058,7196.0,1.0
P_1-1-veh_105,P_1-1-pt_6538,66.00000000000053,7196.0,1.0
P_1-1-veh_105,P_1-1-pt_8682,40.0000000000003,7196.0,1.0
P_1-1-veh_105,P_1-2_1596,68.00000000000041,7196.0,1.0
P_1-1-veh_105,P_1-3_4168,68.00000000000041,7196.0,1.0
P_1-1-veh_105,P_1-2_3081,68.00000000000041,7196.0,1.0
P_1-1-veh_105,P_1-1-pt_7080,73.00000000000013,7196.0,1.0
P_1-1-veh_105,P_1-1-veh_792,118.99999999999751,7196.0,1.0
P_1-1-veh_105,P_1-1-pt_7763,66.00000000000053,7196.0,1.0
P_1-1-veh_105,P_1-2_2554,63.000000000000625,7196.0,1.0
P_1-1-veh_105,P_1-3_2323,105.99999999999825,7196.0,1.0
P_1-1-veh_105,P_1-3_528,68.00000000000041,7196.0,1.0
P_1-1-veh_105,P_1-1-pt_6273,50.00000000000044,7196.0,1.0
P_1-1-veh_105,P_1-1-pt_1226,71.00000000000024,7196.0,1.0
P_1-1-veh_105,P_1-1-pt_1108,390.0000000000202,7196.0,1.0
P_1-1-veh_105,P_1-1-pt_3624,60.00000000000058,7196.0,1.0
P_1-1-veh_105,P_1-1-pt_7863,145.999999999996,7196.0,1.0
P_1-1-veh_105,P_1-1-pt_1304,153.99999999999554,7196.0,1.0
P_1-1-veh_105,P_1-1-pt_8545,144.99999999999605,7196.0,1.0
P_1-1-veh_105,P_1-1-pt_5193,144.99999999999605,7196.0,1.0
P_1-1-veh_105,P_1-1-pt_7325,142.99999999999616,7196.0,1.0
P_1-1-veh_105,P_1-1-pt_8137,274.99999999999403,7196.0,1.0
P_1-1-veh_105,P_2-1_3764,73.00000000000013,7196.0,1.0
P_1-1-veh_105,P_2-1_2925,102.99999999999842,7196.0,1.0
P_1-1-veh_105,P_2-1_63,77.99999999999984,7196.0,1.0
P_1-1-veh_105,P_1-2_1612,64.00000000000064,7196.0,1.0
P_1-1-veh_105,P_1-1-pt_6453,101.99999999999848,7196.0,1.0
P_1-3_2221,P_1-2_3214,69.00000000000036,7190.0,1.0
P_1-3_2221,P_1-2_3590,67.00000000000047,7190.0,1.0
P_1-3_2221,P_1-2_2473,68.00000000000041,7190.0,1.0
P_1-3_2221,P_1-3_1945,68.00000000000041,7190.0,1.0
P_1-3_2221,P_1-2_3702,68.00000000000041,7190.0,1.0
P_1-3_2221,P_1-2_848,69.00000000000036,7190.0,1.0
P_1-3_2221,P_1-2_104,61.0000000000006,7190.0,1.0
P_1-3_2221,P_1-1-pt_2834,66.00000000000053,7190.0,1.0
P_1-3_2221,P_1-1-pt_2820,878.0000000001311,7190.0,1.0
P_1-3_2221,P_1-1-pt_3097,101.99999999999848,7190.0,1.0
P_1-3_2018,P_1-2_573,308.00000000000153,7169.0,1.0
P_1-3_2018,P_1-3_4954,260.99999999999085,7169.0,1.0
P_1-3_2018,P_1-1-pt_5241,67.00000000000047,7169.0,1.0
P_1-3_2018,P_2-1_2045,92.99999999999899,7169.0,1.0
P_1-3_2018,P_1-3_2633,87.99999999999928,7169.0,1.0
P_1-3_2018,P_1-2_4634,137.99999999999645,7169.0,1.0
P_1-3_2018,P_1-3_4775,137.99999999999645,7169.0,1.0
P_1-3_2018,P_1-3_2410,80.99999999999967,7169.0,1.0
P_1-3_2018,P_1-3_3253,147.99999999999588,7169.0,1.0
P_1-3_2018,P_1-2_5210,212.99999999999218,7169.0,1.0
P_1-3_2018,P_1-3_4875,188.99999999999355,7169.0,1.0
P_1-3_2018,P_1-3_3410,101.99999999999848,7169.0,1.0
P_1-2_609,P_1-2_4327,12.99999999999997,7164.0,1.0
P_1-2_609,P_1-2_3716,15.99999999999996,7164.0,1.0
P_1-2_609,P_1-3_2482,19.0,7164.0,1.0
P_1-2_609,P_1-2_4730,29.000000000000142,7164.0,1.0
P_1-2_609,P_1-1-veh_608,22.000000000000043,7164.0,1.0
P_1-2_609,P_1-2_4753,35.00000000000023,7164.0,1.0
P_1-2_609,P_1-3_2043,35.00000000000023,7164.0,1.0
P_1-2_609,P_1-2_638,39.000000000000284,7164.0,1.0
P_1-2_609,P_1-2_3608,79.99999999999973,7164.0,1.0
P_1-2_609,P_1-1-veh_246,53.00000000000048,7164.0,1.0
P_1-2_609,P_1-1-pt_1173,42.00000000000033,7164.0,1.0
P_1-2_609,P_1-1-pt_6292,43.00000000000034,7164.0,1.0
P_1-2_609,P_1-2_5428,51.000000000000455,7164.0,1.0
P_1-2_609,P_1-1-pt_498,72.00000000000018,7164.0,1.0
P_1-2_609,P_1-1-veh_530,67.00000000000047,7164.0,1.0
P_1-2_609,P_1-1-pt_2032,71.00000000000024,7164.0,1.0
P_1-2_609,P_1-2_4266,70.0000000000003,7164.0,1.0
P_1-2_609,P_1-1-pt_8735,70.0000000000003,7164.0,1.0
P_1-2_609,P_1-3_2599,854.0000000001256,7164.0,1.0
P_1-2_609,P_1-2_5745,847.000000000124,7164.0,1.0
P_1-1-pt_5078,P_1-1-veh_105,68.00000000000041,7162.0,1.0
P_1-1-pt_5078,P_1-3_3834,67.00000000000047,7162.0,1.0
P_1-1-pt_5078,P_1-3_1785,29.000000000000142,7162.0,1.0
P_1-1-pt_5078,P_1-2_3280,84.99999999999945,7162.0,1.0
P_1-1-pt_5078,P_1-1-pt_2920,77.99999999999984,7162.0,1.0
P_1-1-pt_5078,P_1-1-veh_234,145.999999999996,7162.0,1.0
P_1-1-pt_5078,P_1-3_2053,67.00000000000047,7162.0,1.0
P_1-1-pt_5078,P_1-2_5951,64.00000000000064,7162.0,1.0
P_1-1-pt_5078,P_1-1-pt_7208,85.99999999999939,7162.0,1.0
P_1-1-pt_5078,P_1-1-pt_6538,73.00000000000013,7162.0,1.0
P_1-1-pt_5078,P_1-1-pt_4901,155.99999999999542,7162.0,1.0
P_1-1-pt_5078,P_1-1-pt_8682,130.99999999999685,7162.0,1.0
P_1-1-pt_5078,P_1-3_4690,68.00000000000041,7162.0,1.0
P_1-1-pt_5078,P_1-1-pt_4966,71.00000000000024,7162.0,1.0
P_1-1-pt_5078,P_1-1-pt_7080,144.99999999999605,7162.0,1.0
P_1-2_4734,P_1-2_4206,281.9999999999956,7159.0,1.0
P_1-2_4734,P_1-3_1500,280.9999999999954,7159.0,1.0
P_1-2_4734,P_1-3_3901,280.9999999999954,7159.0,1.0
P_1-2_4734,P_1-2_1420,283.9999999999961,7159.0,1.0
P_1-2_4734,P_1-3_228,279.99999999999517,7159.0,1.0
P_1-2_4734,P_1-3_3776,282.99999999999585,7159.0,1.0
P_1-2_4734,P_2-1_2161,279.99999999999517,7159.0,1.0
P_1-2_4734,P_1-3_874,139.99999999999633,7159.0,1.0
P_1-2_4734,P_1-3_2454,139.99999999999633,7159.0,1.0
P_1-2_4734,P_1-3_3834,139.99999999999633,7159.0,1.0
P_1-2_4734,P_1-2_3280,141.99999999999622,7159.0,1.0
P_1-2_4734,P_1-3_3046,140.99999999999628,7159.0,1.0
P_1-2_4734,P_1-3_3457,139.99999999999633,7159.0,1.0
P_1-2_4734,P_1-3_4168,141.99999999999622,7159.0,1.0
P_1-2_4734,P_1-2_2287,56.000000000000526,7159.0,1.0
P_1-2_4734,P_1-3_2053,1369.9999999998495,7159.0,1.0
P_1-1-pt_8289,P_1-1-pt_8184,423.0000000000277,7155.0,1.0
P_1-1-pt_8289,P_1-2_638,743.0000000001004,7155.0,1.0
P_1-1-pt_8289,P_1-2_5753,359.00000000001313,7155.0,1.0
P_1-1-pt_8289,P_1-1-veh_834,367.00000000001495,7155.0,1.0
P_1-1-pt_8289,P_1-1-veh_530,75.00000000000001,7155.0,1.0
P_1-1-pt_8289,P_1-3_743,138.9999999999964,7155.0,1.0
P_1-1-pt_8289,P_1-3_2599,69.00000000000036,7155.0,1.0
P_1-1-pt_8289,P_1-2_5745,69.00000000000036,7155.0,1.0
P_1-1-pt_8289,P_1-1-pt_8735,70.0000000000003,7155.0,1.0
P_1-1-pt_8289,P_1-2_4266,70.0000000000003,7155.0,1.0
P_1-1-pt_8289,P_1-3_3076,70.0000000000003,7155.0,1.0
P_1-1-pt_8289,P_1-1-pt_182,70.0000000000003,7155.0,1.0
P_1-1-pt_8289,P_1-3_4289,69.00000000000036,7155.0,1.0
P_1-1-pt_8289,P_1-1-pt_1723,157.9999999999953,7155.0,1.0
P_1-2_638,P_1-1-pt_8289,743.0000000001004,7148.0,1.0
P_1-2_638,P_1-1-pt_8184,167.99999999999474,7148.0,1.0
P_1-2_638,P_1-3_80,45.00000000000037,7148.0,1.0
P_1-2_638,P_1-2_3608,51.000000000000455,7148.0,1.0
P_1-2_638,P_1-3_743,51.000000000000455,7148.0,1.0
P_1-2_638,P_1-3_2599,51.000000000000455,7148.0,1.0
P_1-2_638,P_1-2_5745,51.000000000000455,7148.0,1.0
P_1-2_638,P_1-1-pt_8735,43.00000000000034,7148.0,1.0
P_1-2_638,P_1-2_4266,51.000000000000455,7148.0,1.0
P_1-2_638,P_1-1-pt_6516,52.00000000000047,7148.0,1.0
P_1-2_638,P_1-3_1535,51.000000000000455,7148.0,1.0
P_1-2_638,P_1-1-pt_2032,34.00000000000021,7148.0,1.0
P_1-2_638,P_1-2_609,39.000000000000284,7148.0,1.0
P_1-2_638,P_1-2_2598,30.000000000000156,7148.0,1.0
P_1-2_638,P_1-2_4270,17.999999999999986,7148.0,1.0
P_1-2_638,P_1-3_2043,2438.9999999988772,7148.0,1.0
P_1-3_2454,P_1-1-veh_234,68.00000000000041,7144.0,1.0
P_1-3_2454,P_1-3_17,12.99999999999997,7144.0,1.0
P_1-3_2454,P_1-1-pt_8682,67.00000000000047,7144.0,1.0
P_1-3_2454,P_1-2_3389,68.00000000000041,7144.0,1.0
P_1-3_2454,P_1-2_4206,140.99999999999628,7144.0,1.0
P_1-3_2454,P_1-3_1500,140.99999999999628,7144.0,1.0
P_1-3_2454,P_1-3_3901,140.99999999999628,7144.0,1.0
P_1-3_2454,P_1-2_1420,140.99999999999628,7144.0,1.0
P_1-3_2454,P_1-3_228,139.99999999999633,7144.0,1.0
P_1-3_2454,P_1-3_3776,139.99999999999633,7144.0,1.0
P_1-3_2454,P_2-1_2161,139.99999999999633,7144.0,1.0
P_1-3_2454,P_1-3_874,70.0000000000003,7144.0,1.0
P_1-3_2454,P_1-2_4734,139.99999999999633,7144.0,1.0
P_1-3_2454,P_1-3_3834,70.0000000000003,7144.0,1.0
P_1-3_2454,P_1-2_3280,70.0000000000003,7144.0,1.0
P_1-3_2454,P_1-3_3046,70.0000000000003,7144.0,1.0
P_1-3_2454,P_1-3_3457,70.0000000000003,7144.0,1.0
P_1-3_2454,P_1-3_4168,70.0000000000003,7144.0,1.0
P_1-3_2454,P_1-3_2053,70.0000000000003,7144.0,1.0
P_1-3_2454,P_1-2_5951,70.0000000000003,7144.0,1.0
P_1-3_2454,P_1-3_4690,70.0000000000003,7144.0,1.0
P_1-2_3821,P_1-2_2580,4897.000000000284,7142.0,0.6205544665359843
P_1-2_3821,P_1-3_4738,923.0000000001413,7142.0,0.6205544665359843
P_1-2_3821,P_1-2_5752,852.0000000001252,7142.0,0.6205544665359843
P_1-2_3821,P_1-2_3464,912.0000000001388,7142.0,0.6205544665359843
P_1-2_3821,P_1-1-veh_837,781.000000000109,7142.0,0.6205544665359843
P_1-2_3821,P_2-1_2028,455.00000000003496,7142.0,0.6205544665359843
P_1-2_3821,P_1-2_2797,6045.00000000446,7142.0,0.6205544665359843
P_1-3_268,P_1-2_4853,430.0000000000293,7140.0,1.0
P_1-3_268,P_1-3_4663,67.00000000000047,7140.0,1.0
P_1-3_268,P_1-2_1658,68.00000000000041,7140.0,1.0
P_1-3_268,P_1-3_4881,68.00000000000041,7140.0,1.0
P_1-3_268,P_2-1_4267,68.00000000000041,7140.0,1.0
P_1-3_268,P_2-1_3390,69.00000000000036,7140.0,1.0
P_1-3_268,P_1-3_28,61.0000000000006,7140.0,1.0
P_1-3_268,P_1-3_234,32.000000000000185,7140.0,1.0
P_1-3_268,P_2-1_1463,69.00000000000036,7140.0,1.0
P_1-3_268,P_2-1_499,68.00000000000041,7140.0,1.0
P_1-3_268,P_2-1_804,68.00000000000041,7140.0,1.0
P_1-3_268,P_2-1_213,68.00000000000041,7140.0,1.0
P_1-3_268,P_1-3_3132,68.00000000000041,7140.0,1.0
P_1-2_4454,P_1-2_2180,69.00000000000036,7131.0,1.0
P_1-2_4454,P_1-2_3879,69.00000000000036,7131.0,1.0
P_1-2_4454,P_2-1_63,90.9999999999991,7131.0,1.0
P_1-2_4454,P_1-2_1612,98.99999999999865,7131.0,1.0
P_1-2_4454,P_1-3_4262,65.00000000000058,7131.0,1.0
P_1-2_4454,P_1-2_1255,60.00000000000058,7131.0,1.0
P_1-2_4454,P_1-1-pt_1601,88.99999999999922,7131.0,1.0
P_1-2_4454,P_1-1-pt_7938,72.00000000000018,7131.0,1.0
P_1-2_4454,P_1-1-pt_2844,0.9999999999999999,7131.0,1.0
P_1-2_4454,P_1-2_3590,1531.9999999997021,7131.0,1.0
P_1-2_4454,P_1-1-pt_3931,72.00000000000018,7131.0,1.0
P_1-2_4454,P_2-1_6236,58.000000000000554,7131.0,1.0
P_1-2_4454,P_1-2_1948,50.00000000000044,7131.0,1.0
P_1-2_4454,P_1-3_5550,49.000000000000426,7131.0,1.0
P_1-2_4454,P_2-1_5799,48.00000000000041,7131.0,1.0
P_1-2_4454,P_1-3_4492,50.00000000000044,7131.0,1.0
P_1-2_4454,P_1-3_2528,50.00000000000044,7131.0,1.0
P_1-2_4454,P_1-1-pt_3353,74.00000000000007,7131.0,1.0
P_1-2_4454,P_1-1-pt_6355,2464.9999999988536,7131.0,1.0
P_1-2_4454,P_2-1_2911,100.99999999999854,7131.0,1.0
P_1-2_4454,P_1-1-pt_2425,77.99999999999984,7131.0,1.0
P_1-2_4454,P_1-2_1285,74.00000000000007,7131.0,1.0
P_1-2_4454,P_2-1_842,56.000000000000526,7131.0,1.0
P_1-2_4454,P_1-3_5451,63.000000000000625,7131.0,1.0
P_1-2_4454,P_1-3_1140,49.000000000000426,7131.0,1.0
P_1-2_4454,P_2-1_5552,52.00000000000047,7131.0,1.0
P_1-2_4454,P_1-1-pt_8085,75.99999999999996,7131.0,1.0
P_1-2_4454,P_1-1-pt_841,76.9999999999999,7131.0,1.0
P_1-2_4454,P_1-2_4955,56.000000000000526,7131.0,1.0
P_1-2_4454,P_1-2_2061,67.00000000000047,7131.0,1.0
P_1-2_4454,P_1-1-pt_3176,35.00000000000023,7131.0,1.0
P_1-1-pt_2770,P_2-1_3764,44.000000000000355,7127.0,1.0
P_1-1-pt_2770,P_2-1_63,44.000000000000355,7127.0,1.0
P_1-1-pt_2770,P_1-2_1255,44.000000000000355,7127.0,1.0
P_1-1-pt_2770,P_1-1-pt_4380,56.000000000000526,7127.0,1.0
P_1-1-pt_2770,P_1-1-pt_1601,34.00000000000021,7127.0,1.0
P_1-1-pt_2770,P_1-1-pt_7938,72.00000000000018,7127.0,1.0
P_1-1-pt_2770,P_1-1-pt_2844,24.00000000000007,7127.0,1.0
P_1-1-pt_2770,P_1-1-pt_3931,73.00000000000013,7127.0,1.0
P_1-1-pt_2770,P_2-1_6236,43.00000000000034,7127.0,1.0
P_1-1-pt_2770,P_1-2_1948,44.000000000000355,7127.0,1.0
P_1-1-pt_2770,P_1-3_5550,45.00000000000037,7127.0,1.0
P_1-1-pt_2770,P_2-1_5799,41.00000000000031,7127.0,1.0
P_1-1-pt_2770,P_1-3_4492,47.0000000000004,7127.0,1.0
P_1-1-pt_2770,P_1-3_2528,44.000000000000355,7127.0,1.0
P_1-1-pt_2770,P_1-1-pt_3353,75.00000000000001,7127.0,1.0
P_1-1-pt_2770,P_2-1_2911,45.00000000000037,7127.0,1.0
P_1-1-pt_2770,P_1-1-pt_2425,53.00000000000048,7127.0,1.0
P_1-1-pt_2770,P_1-2_1285,47.0000000000004,7127.0,1.0
P_1-1-pt_2770,P_2-1_842,50.00000000000044,7127.0,1.0
P_1-1-pt_2770,P_1-3_5451,58.000000000000554,7127.0,1.0
P_1-1-pt_2770,P_1-3_1140,41.00000000000031,7127.0,1.0
P_1-1-pt_2770,P_1-1-pt_8085,58.000000000000554,7127.0,1.0
P_1-1-pt_2770,P_1-1-pt_841,59.00000000000057,7127.0,1.0
P_1-1-pt_2770,P_1-2_4955,50.00000000000044,7127.0,1.0
P_1-1-pt_2770,P_1-2_2061,51.000000000000455,7127.0,1.0
P_1-1-pt_2770,P_1-1-pt_3176,22.000000000000043,7127.0,1.0
P_1-1-pt_5139,P_1-1-pt_1747,89.99999999999916,7125.0,1.0
P_1-1-pt_5139,P_1-1-pt_3858,22.000000000000043,7125.0,1.0
P_1-1-pt_5139,P_1-1-pt_521,22.000000000000043,7125.0,1.0
P_1-1-pt_5139,P_1-1-pt_5167,80.99999999999967,7125.0,1.0
P_1-1-pt_5139,P_1-1-pt_2863,1093.0000000001014,7125.0,1.0
P_1-1-pt_5139,P_1-2_250,95.99999999999882,7125.0,1.0
P_1-1-pt_5139,P_1-3_2786,613.0000000000708,7125.0,1.0
P_1-1-pt_5139,P_1-3_5475,74.00000000000007,7125.0,1.0
P_1-1-pt_5139,P_1-1-pt_7440,122.99999999999729,7125.0,1.0
P_1-1-pt_5139,P_1-3_1945,141.99999999999622,7125.0,1.0
P_1-1-pt_5139,P_1-2_3702,128.99999999999696,7125.0,1.0
P_1-1-pt_5139,P_1-2_848,86.99999999999933,7125.0,1.0
P_1-1-pt_5139,P_1-3_1027,98.99999999999865,7125.0,1.0
P_1-1-pt_5139,P_1-1-pt_2431,145.999999999996,7125.0,1.0
P_1-1-pt_5139,P_1-1-pt_2920,67.00000000000047,7125.0,1.0
P_1-1-pt_5139,P_1-1-pt_6673,66.00000000000053,7125.0,1.0
P_1-1-pt_255,P_1-1-pt_1108,38.00000000000027,7122.0,1.0
P_1-1-pt_255,P_1-1-pt_6368,227.99999999999133,7122.0,1.0
P_1-1-pt_255,P_1-2_671,59.00000000000057,7122.0,1.0
P_1-1-pt_255,P_1-1-pt_1560,75.99999999999996,7122.0,1.0
P_1-1-pt_255,P_1-1-pt_2606,77.99999999999984,7122.0,1.0
P_1-1-pt_255,P_1-1-pt_1966,79.99999999999973,7122.0,1.0
P_1-1-pt_255,P_1-1-pt_977,25.000000000000085,7122.0,1.0
P_1-1-pt_255,P_1-1-pt_5906,76.9999999999999,7122.0,1.0
P_1-1-pt_255,P_1-1-pt_1238,77.99999999999984,7122.0,1.0
P_1-1-pt_255,P_1-1-pt_3916,77.99999999999984,7122.0,1.0
P_1-1-pt_255,P_1-1-pt_1226,77.99999999999984,7122.0,1.0
P_1-1-pt_255,P_1-1-pt_3409,73.00000000000013,7122.0,1.0
P_1-1-pt_255,P_1-1-pt_3624,73.00000000000013,7122.0,1.0
P_1-1-pt_255,P_2-1_3764,60.00000000000058,7122.0,1.0
P_1-1-pt_255,P_2-1_2925,60.00000000000058,7122.0,1.0
P_1-1-pt_255,P_1-1-pt_3097,77.99999999999984,7122.0,1.0
P_1-1-pt_255,P_2-1_63,61.0000000000006,7122.0,1.0
P_1-1-pt_255,P_1-2_1612,59.00000000000057,7122.0,1.0
P_1-1-pt_255,P_1-1-pt_761,76.9999999999999,7122.0,1.0
P_1-1-pt_255,P_1-2_1255,54.0000000000005,7122.0,1.0
P_1-1-pt_255,P_1-2_6013,222.99999999999162,7122.0,1.0
P_1-3_3834,P_1-1-pt_5078,67.00000000000047,7122.0,1.0
P_1-3_3834,P_1-3_3046,138.9999999999964,7122.0,1.0
P_1-3_3834,P_1-3_3457,138.9999999999964,7122.0,1.0
P_1-3_3834,P_1-1-veh_234,68.00000000000041,7122.0,1.0
P_1-3_3834,P_1-1-pt_2606,72.00000000000018,7122.0,1.0
P_1-3_3834,P_1-1-pt_7142,65.00000000000058,7122.0,1.0
P_1-3_3834,P_1-1-pt_6538,71.00000000000024,7122.0,1.0
P_1-3_3834,P_1-1-pt_8682,66.00000000000053,7122.0,1.0
P_1-3_3834,P_1-2_3389,71.00000000000024,7122.0,1.0
P_1-3_3834,P_2-1_2161,139.99999999999633,7122.0,1.0
P_1-3_3834,P_1-3_874,140.99999999999628,7122.0,1.0
P_1-3_3834,P_1-2_4734,139.99999999999633,7122.0,1.0
P_1-3_3834,P_1-3_2454,70.0000000000003,7122.0,1.0
P_1-3_3834,P_1-2_4206,140.99999999999628,7122.0,1.0
P_1-3_3834,P_1-3_1500,139.99999999999633,7122.0,1.0
P_1-3_3834,P_1-3_3901,139.99999999999633,7122.0,1.0
P_1-3_3834,P_1-2_1420,140.99999999999628,7122.0,1.0
P_1-3_3834,P_1-3_228,140.99999999999628,7122.0,1.0
P_1-3_3834,P_1-2_3280,70.0000000000003,7122.0,1.0
P_1-3_3834,P_1-3_4168,71.00000000000024,7122.0,1.0
P_1-3_3834,P_1-3_2053,70.0000000000003,7122.0,1.0
P_1-3_3834,P_1-3_3776,3009.999999998358,7122.0,1.0
P_1-2_4327,P_1-2_609,12.99999999999997,7115.0,1.0
P_1-2_4327,P_1-1-pt_5481,122.99999999999729,7115.0,1.0
P_1-2_4327,P_1-2_4724,91.99999999999905,7115.0,1.0
P_1-2_4327,P_1-3_2482,114.99999999999774,7115.0,1.0
P_1-2_4327,P_1-2_4098,599.0000000000676,7115.0,1.0
P_1-2_4327,P_1-3_4822,798.0000000001129,7115.0,1.0
P_1-2_4327,P_1-2_3716,2881.9999999984743,7115.0,1.0
P_1-2_4327,P_1-2_4270,68.00000000000041,7115.0,1.0
P_1-2_1559,P_1-2_2564,4398.999999998472,7108.0,1.0
P_1-2_1559,P_1-2_3693,218.99999999999184,7108.0,1.0
P_1-2_1559,P_1-1-pt_6368,28.000000000000128,7108.0,1.0
P_1-2_1559,P_1-2_3052,12.99999999999997,7108.0,1.0
P_1-2_1559,P_1-1-pt_1304,60.00000000000058,7108.0,1.0
P_1-2_1559,P_1-2_1017,72.00000000000018,7108.0,1.0
P_1-2_1559,P_1-2_671,316.00000000000335,7108.0,1.0
P_1-2_5518,P_2-1_4127,61.0000000000006,7098.0,1.0
P_1-2_5518,P_2-1_3119,70.0000000000003,7098.0,1.0
P_1-2_5518,P_1-3_4644,73.00000000000013,7098.0,1.0
P_1-2_5518,P_2-1_2486,68.00000000000041,7098.0,1.0
P_1-2_5518,P_2-1_3601,68.00000000000041,7098.0,1.0
P_1-2_5518,P_2-1_600,69.00000000000036,7098.0,1.0
P_1-2_5518,P_1-2_5765,68.00000000000041,7098.0,1.0
P_1-2_5518,P_2-1_1248,6789.000000007167,7098.0,1.0
P_1-2_1313,P_1-1-pt_6368,51.000000000000455,7097.0,1.0
P_1-2_1313,P_1-2_3052,54.0000000000005,7097.0,1.0
P_1-2_1313,P_1-2_1017,48.00000000000041,7097.0,1.0
P_1-2_1313,P_1-1-pt_5193,81.99999999999962,7097.0,1.0
P_1-2_1313,P_1-3_990,69.00000000000036,7097.0,1.0
P_1-2_1313,P_1-1-pt_6389,26.0000000000001,7097.0,1.0
P_1-3_2180,P_1-3_4587,19.0,7091.0,1.0
P_1-3_2180,P_1-2_3378,137.99999999999645,7091.0,1.0
P_1-3_2180,P_1-2_3077,137.99999999999645,7091.0,1.0
P_1-3_2180,P_1-3_2076,427.0000000000286,7091.0,1.0
P_1-3_2180,P_1-2_5020,70.0000000000003,7091.0,1.0
P_1-3_2180,P_1-1-pt_4785,69.00000000000036,7091.0,1.0
P_1-3_2180,P_2-1_3664,74.00000000000007,7091.0,1.0
P_1-3_2180,P_2-1_3058,73.00000000000013,7091.0,1.0
P_1-3_2180,P_1-3_5020,61.0000000000006,7091.0,1.0
P_1-3_2180,P_1-2_2422,67.00000000000047,7091.0,1.0
P_1-3_2180,P_1-2_5092,69.00000000000036,7091.0,1.0
P_1-3_2180,P_1-3_5354,54.0000000000005,7091.0,1.0
P_1-2_3488,P_1-2_2237,141.99999999999622,7089.0,1.0
P_1-2_3488,P_1-1-pt_2129,137.99999999999645,7089.0,1.0
P_1-2_3488,P_1-1-pt_1039,136.9999999999965,7089.0,1.0
P_1-2_3488,P_1-1-pt_5275,138.9999999999964,7089.0,1.0
P_1-2_3488,P_1-1-pt_1700,137.99999999999645,7089.0,1.0
P_1-2_3488,P_1-3_17,79.99999999999973,7089.0,1.0
P_1-2_3488,P_1-2_4388,36.00000000000024,7089.0,1.0
P_1-2_3488,P_1-2_4791,38.00000000000027,7089.0,1.0
P_1-2_3488,P_1-3_403,10.999999999999977,7089.0,1.0
P_1-3_3046,P_1-1-veh_105,69.00000000000036,7087.0,1.0
P_1-3_3046,P_1-3_3834,138.9999999999964,7087.0,1.0
P_1-3_3046,P_1-3_1785,67.00000000000047,7087.0,1.0
P_1-3_3046,P_1-2_2554,14.999999999999963,7087.0,1.0
P_1-3_3046,P_1-1-pt_4966,59.00000000000057,7087.0,1.0
P_1-3_3046,P_1-1-veh_234,69.00000000000036,7087.0,1.0
P_1-3_3046,P_1-3_3457,1694.999999999554,7087.0,1.0
P_1-3_3046,P_1-1-pt_7208,55.00000000000051,7087.0,1.0
P_1-3_3046,P_1-1-pt_1238,72.00000000000018,7087.0,1.0
P_1-3_3046,P_1-1-pt_7142,67.00000000000047,7087.0,1.0
P_1-3_3046,P_1-1-pt_6538,66.00000000000053,7087.0,1.0
P_1-3_3046,P_1-1-pt_8682,67.00000000000047,7087.0,1.0
P_1-3_3046,P_1-2_3389,68.00000000000041,7087.0,1.0
P_1-3_3046,P_1-2_4734,140.99999999999628,7087.0,1.0
P_1-3_3046,P_1-3_2454,70.0000000000003,7087.0,1.0
P_1-3_3046,P_1-2_4206,140.99999999999628,7087.0,1.0
P_1-3_3046,P_1-3_1500,140.99999999999628,7087.0,1.0
P_1-3_3046,P_1-3_3901,129.9999999999969,7087.0,1.0
P_1-3_3046,P_1-2_1420,71.00000000000024,7087.0,1.0
P_1-3_3046,P_1-3_228,71.00000000000024,7087.0,1.0
P_1-3_3046,P_1-3_3776,71.00000000000024,7087.0,1.0
P_1-3_3046,P_2-1_2161,70.0000000000003,7087.0,1.0
P_1-3_3046,P_1-2_3280,70.0000000000003,7087.0,1.0
P_1-3_3046,P_1-3_4168,70.0000000000003,7087.0,1.0
P_1-3_3046,P_1-3_2053,70.0000000000003,7087.0,1.0
P_1-1-pt_530,P_1-3_2881,64.00000000000064,7080.0,1.0
P_1-1-pt_530,P_1-2_1600,64.00000000000064,7080.0,1.0
P_1-1-pt_530,P_1-1-pt_6309,62.00000000000061,7080.0,1.0
P_1-1-pt_530,P_1-1-pt_8692,62.00000000000061,7080.0,1.0
P_1-1-pt_530,P_1-1-veh_459,65.00000000000058,7080.0,1.0
P_1-1-pt_530,P_1-1-pt_8611,64.00000000000064,7080.0,1.0
P_1-1-pt_530,P_1-1-pt_5997,62.00000000000061,7080.0,1.0
P_1-1-pt_530,P_1-1-pt_394,62.00000000000061,7080.0,1.0
P_1-1-pt_530,P_1-1-pt_4541,61.0000000000006,7080.0,1.0
P_1-1-pt_530,P_1-3_4124,63.000000000000625,7080.0,1.0
P_1-1-pt_530,P_1-3_2421,64.00000000000064,7080.0,1.0
P_1-1-pt_530,P_1-1-pt_725,61.0000000000006,7080.0,1.0
P_1-1-pt_530,P_1-3_2955,99.9999999999986,7080.0,1.0
P_1-1-pt_530,P_1-1-pt_6931,14.999999999999963,7080.0,1.0
P_1-1-pt_530,P_1-2_2875,54.0000000000005,7080.0,1.0
P_1-1-pt_530,P_1-1-pt_6413,42.00000000000033,7080.0,1.0
P_1-1-pt_530,P_1-1-pt_977,120.9999999999974,7080.0,1.0
P_1-1-pt_530,P_1-1-pt_4996,89.99999999999916,7080.0,1.0
P_1-1-pt_530,P_1-1-pt_2834,65.00000000000058,7080.0,1.0
P_1-1-pt_530,P_1-1-pt_5199,68.00000000000041,7080.0,1.0
P_1-1-pt_530,P_1-2_5252,53.00000000000048,7080.0,1.0
P_1-1-pt_530,P_1-1-pt_761,87.99999999999928,7080.0,1.0
P_1-1-pt_530,P_1-3_3245,21.00000000000003,7080.0,1.0
P_1-1-pt_530,P_1-1-pt_6297,96.99999999999876,7080.0,1.0
P_1-1-pt_3629,P_1-2_4771,286.99999999999676,7078.0,1.0
P_1-1-pt_3629,P_1-1-pt_1714,141.99999999999622,7078.0,1.0
P_1-1-pt_3629,P_1-2_2287,140.99999999999628,7078.0,1.0
P_1-1-pt_3629,P_1-3_1785,140.99999999999628,7078.0,1.0
P_1-1-pt_3629,P_1-1-pt_560,57.00000000000054,7078.0,1.0
P_1-1-pt_3629,P_1-2_3081,141.99999999999622,7078.0,1.0
P_1-2_4634,P_1-3_4775,299.9999999999997,7076.0,1.0
P_1-2_4634,P_1-3_2410,207.99999999999247,7076.0,1.0
P_1-2_4634,P_1-3_3253,277.9999999999947,7076.0,1.0
P_1-2_4634,P_1-3_2018,137.99999999999645,7076.0,1.0
P_1-2_4634,P_1-3_2633,207.99999999999247,7076.0,1.0
P_1-2_4634,P_1-2_5210,143.9999999999961,7076.0,1.0
P_1-2_4634,P_1-2_573,147.99999999999588,7076.0,1.0
P_1-2_4634,P_1-3_4954,153.99999999999554,7076.0,1.0
P_1-2_4634,P_1-3_4875,1157.0000000000432,7076.0,1.0
P_1-2_4634,P_1-3_3410,425.00000000002814,7076.0,1.0
P_1-2_4609,P_1-2_4329,388.0000000000197,7075.0,1.0
P_1-2_4609,P_1-2_2338,34.00000000000021,7075.0,1.0
P_1-2_4609,P_1-1-pt_3931,149.99999999999577,7075.0,1.0
P_1-2_4609,P_2-1_6236,135.99999999999656,7075.0,1.0
P_1-2_4609,P_2-1_5067,134.99999999999662,7075.0,1.0
P_1-2_4609,P_1-1-pt_3353,124.99999999999717,7075.0,1.0
P_1-2_2580,P_1-2_3821,4897.000000000284,7070.0,0.7734087694483734
P_1-2_2580,P_1-3_4738,918.0000000001402,7070.0,0.7734087694483734
P_1-2_2580,P_1-2_5752,858.0000000001265,7070.0,0.7734087694483734
P_1-2_2580,P_1-2_3464,852.0000000001252,7070.0,0.7734087694483734
P_1-2_2580,P_1-1-veh_837,783.0000000001095,7070.0,0.7734087694483734
P_1-2_2580,P_2-1_2028,427.0000000000286,7070.0,0.7734087694483734
P_1-2_2580,P_1-2_2797,6045.00000000446,7070.0,0.7734087694483734
P_1-2_1285,P_1-3_1140,49.000000000000426,7062.0,1.0
P_1-2_1285,P_1-1-pt_8085,62.00000000000061,7062.0,1.0
P_1-2_1285,P_1-1-veh_824,87.99999999999928,7062.0,1.0
P_1-2_1285,P_2-1_4232,35.00000000000023,7062.0,1.0
P_1-2_1285,P_1-1-pt_2342,274.99999999999403,7062.0,1.0
P_1-2_1285,P_1-2_5927,57.00000000000054,7062.0,1.0
P_1-2_1285,P_1-1-pt_3800,41.00000000000031,7062.0,1.0
P_1-2_1285,P_1-2_3214,53.00000000000048,7062.0,1.0
P_1-2_1285,P_1-1-pt_841,138.9999999999964,7062.0,1.0
P_1-2_1285,P_1-2_4715,52.00000000000047,7062.0,1.0
P_1-2_1285,P_1-2_2653,57.00000000000054,7062.0,1.0
P_1-2_1285,P_1-1-pt_2770,47.0000000000004,7062.0,1.0
P_1-2_1285,P_1-1-pt_6355,49.000000000000426,7062.0,1.0
P_1-2_1285,P_1-2_4454,74.00000000000007,7062.0,1.0
P_1-2_1285,P_1-2_3590,57.00000000000054,7062.0,1.0
P_1-2_1285,P_1-1-pt_8982,50.00000000000044,7062.0,1.0
P_1-2_1285,P_1-1-pt_8969,47.0000000000004,7062.0,1.0
P_1-2_1285,P_1-2_1658,74.00000000000007,7062.0,1.0
P_1-2_1285,P_1-1-pt_1601,69.00000000000036,7062.0,1.0
P_1-2_1285,P_1-1-pt_2425,3967.9999999974866,7062.0,1.0
P_1-2_1285,P_2-1_2911,1637.9999999996057,7062.0,1.0
P_1-1-pt_6355,P_1-1-pt_5167,76.9999999999999,7060.0,1.0
P_1-1-pt_6355,P_1-1-pt_1747,77.99999999999984,7060.0,1.0
P_1-1-pt_6355,P_1-1-pt_6673,43.00000000000034,7060.0,1.0
P_1-1-pt_6355,P_1-1-pt_3858,44.000000000000355,7060.0,1.0
P_1-1-pt_6355,P_2-1_3764,44.000000000000355,7060.0,1.0
P_1-1-pt_6355,P_2-1_63,53.00000000000048,7060.0,1.0
P_1-1-pt_6355,P_1-2_1612,50.00000000000044,7060.0,1.0
P_1-1-pt_6355,P_1-2_1255,43.00000000000034,7060.0,1.0
P_1-1-pt_6355,P_1-1-pt_1601,100.99999999999854,7060.0,1.0
P_1-1-pt_6355,P_1-1-pt_7938,73.00000000000013,7060.0,1.0
P_1-1-pt_6355,P_1-1-pt_2844,17.999999999999986,7060.0,1.0
P_1-1-pt_6355,P_1-2_3590,117.99999999999757,7060.0,1.0
P_1-1-pt_6355,P_1-1-pt_3931,72.00000000000018,7060.0,1.0
P_1-1-pt_6355,P_2-1_6236,53.00000000000048,7060.0,1.0
P_1-1-pt_6355,P_1-2_1948,43.00000000000034,7060.0,1.0
P_1-1-pt_6355,P_1-3_5550,43.00000000000034,7060.0,1.0
P_1-1-pt_6355,P_2-1_5799,41.00000000000031,7060.0,1.0
P_1-1-pt_6355,P_1-3_4492,44.000000000000355,7060.0,1.0
P_1-1-pt_6355,P_1-3_2528,44.000000000000355,7060.0,1.0
P_1-1-pt_6355,P_1-1-pt_3353,75.99999999999996,7060.0,1.0
P_1-1-pt_6355,P_2-1_2911,49.000000000000426,7060.0,1.0
P_1-1-pt_6355,P_1-2_4454,2464.9999999988536,7060.0,1.0
P_1-1-pt_6355,P_1-1-pt_2425,53.00000000000048,7060.0,1.0
P_1-1-pt_6355,P_1-2_1285,49.000000000000426,7060.0,1.0
P_1-1-pt_6355,P_2-1_842,51.000000000000455,7060.0,1.0
P_1-1-pt_6355,P_1-3_5451,59.00000000000057,7060.0,1.0
P_1-1-pt_6355,P_1-3_1140,41.00000000000031,7060.0,1.0
P_1-1-pt_6355,P_2-1_5552,45.00000000000037,7060.0,1.0
P_1-1-pt_6355,P_1-1-pt_8085,58.000000000000554,7060.0,1.0
P_1-1-pt_6355,P_1-1-pt_841,59.00000000000057,7060.0,1.0
P_1-1-pt_6355,P_1-2_4955,51.000000000000455,7060.0,1.0
P_1-1-pt_6355,P_1-2_2061,50.00000000000044,7060.0,1.0
P_1-1-pt_6355,P_1-1-pt_3176,21.00000000000003,7060.0,1.0
P_1-1-pt_1669,P_1-2_960,56.000000000000526,7057.0,0.9617401161966841
P_1-1-pt_1669,P_1-2_1265,63.000000000000625,7057.0,0.9617401161966841
P_1-1-pt_1669,P_1-2_1494,113.9999999999978,7057.0,0.9617401161966841
P_1-1-pt_1669,P_1-3_4253,68.00000000000041,7057.0,0.9617401161966841
P_1-1-pt_1669,P_1-1-pt_7959,89.99999999999916,7057.0,0.9617401161966841
P_1-1-pt_1669,P_2-1_5841,68.00000000000041,7057.0,0.9617401161966841
P_1-1-pt_1669,P_1-1-pt_6381,75.00000000000001,7057.0,0.9617401161966841
P_1-1-pt_1669,P_1-1-veh_824,68.00000000000041,7057.0,0.9617401161966841
P_1-1-pt_5167,P_1-1-pt_6355,76.9999999999999,7055.0,0.8134656272147414
P_1-1-pt_5167,P_1-1-pt_3858,1223.9999999999823,7055.0,0.8134656272147414
P_1-1-pt_5167,P_1-1-pt_521,934.0000000001438,7055.0,0.8134656272147414
P_1-1-pt_5167,P_1-1-pt_5139,80.99999999999967,7055.0,0.8134656272147414
P_1-1-pt_5167,P_1-1-pt_2863,32.000000000000185,7055.0,0.8134656272147414
P_1-1-pt_5167,P_1-1-pt_6974,1499.9999999997312,7055.0,0.8134656272147414
P_1-1-pt_5167,P_1-1-pt_3671,1649.9999999995948,7055.0,0.8134656272147414
P_1-1-pt_5167,P_1-1-pt_4262,80.99999999999967,7055.0,0.8134656272147414
P_1-1-pt_5167,P_1-1-pt_98,1543.9999999996912,7055.0,0.8134656272147414
P_1-1-pt_5167,P_1-1-pt_3207,693.000000000089,7055.0,0.8134656272147414
P_1-1-pt_5167,P_1-1-pt_1497,1408.999999999814,7055.0,0.8134656272147414
P_1-1-pt_5167,P_1-1-pt_6743,394.0000000000211,7055.0,0.8134656272147414
P_1-1-pt_5167,P_1-1-pt_4879,181.99999999999395,7055.0,0.8134656272147414
P_1-1-pt_5167,P_2-1_3764,42.00000000000033,7055.0,0.8134656272147414
P_1-1-pt_5167,P_1-1-pt_4736,248.99999999999014,7055.0,0.8134656272147414
P_1-1-pt_5167,P_1-2_1612,120.9999999999974,7055.0,0.8134656272147414
P_1-1-pt_5167,P_1-1-pt_2880,455.00000000003496,7055.0,0.8134656272147414
P_1-1-pt_5167,P_2-1_63,225.99999999999145,7055.0,0.8134656272147414
P_1-1-pt_5167,P_1-2_1255,42.00000000000033,7055.0,0.8134656272147414
P_1-1-pt_5167,P_1-3_3245,65.00000000000058,7055.0,0.8134656272147414
P_1-1-pt_5167,P_1-2_250,50.00000000000044,7055.0,0.8134656272147414
P_1-1-pt_5167,P_1-2_4483,156.99999999999537,7055.0,0.8134656272147414
P_1-1-pt_5167,P_1-1-pt_2920,76.9999999999999,7055.0,0.8134656272147414
P_1-1-pt_5167,P_1-2_4940,87.99999999999928,7055.0,0.8134656272147414
P_1-1-pt_5167,P_1-1-veh_610,349.00000000001086,7055.0,0.8134656272147414
P_1-1-pt_5167,P_1-1-pt_7915,130.99999999999685,7055.0,0.8134656272147414
P_1-1-pt_5167,P_1-1-pt_2369,74.00000000000007,7055.0,0.8134656272147414
P_1-1-pt_5167,P_1-1-pt_6673,72.00000000000018,7055.0,0.8134656272147414
P_1-1-pt_5167,P_1-1-pt_5999,6.999999999999991,7055.0,0.8134656272147414
P_1-1-pt_5167,P_1-1-pt_7573,81.99999999999962,7055.0,0.8134656272147414
P_1-1-pt_5167,P_1-1-veh_767,75.00000000000001,7055.0,0.8134656272147414
P_1-1-pt_5167,P_1-2_5543,148.99999999999582,7055.0,0.8134656272147414
P_1-1-pt_5167,P_1-1-pt_2013,406.0000000000238,7055.0,0.8134656272147414
P_1-1-pt_5167,P_1-2_303,72.00000000000018,7055.0,0.8134656272147414
P_1-1-pt_5167,P_1-1-pt_1747,6992.000000007905,7055.0,0.8134656272147414
P_1-3_4492,P_1-2_2422,53.00000000000048,7054.0,1.0
P_1-3_4492,P_2-1_842,59.00000000000057,7054.0,1.0
P_1-3_4492,P_2-1_2987,51.000000000000455,7054.0,1.0
P_1-3_4492,P_1-1-pt_3353,335.0000000000077,7054.0,1.0
P_1-3_4492,P_1-2_5927,55.00000000000051,7054.0,1.0
P_1-3_4492,P_1-1-pt_3800,37.000000000000256,7054.0,1.0
P_1-3_4492,P_1-2_3214,51.000000000000455,7054.0,1.0
P_1-3_4492,P_1-2_4715,51.000000000000455,7054.0,1.0
P_1-3_4492,P_1-2_2653,54.0000000000005,7054.0,1.0
P_1-3_4492,P_1-1-pt_2770,47.0000000000004,7054.0,1.0
P_1-3_4492,P_1-1-pt_6355,44.000000000000355,7054.0,1.0
P_1-3_4492,P_1-2_4454,50.00000000000044,7054.0,1.0
P_1-3_4492,P_1-2_3590,50.00000000000044,7054.0,1.0
P_1-3_4492,P_1-1-pt_8982,43.00000000000034,7054.0,1.0
P_1-3_4492,P_1-1-pt_8969,43.00000000000034,7054.0,1.0
P_1-3_4492,P_1-2_1658,56.000000000000526,7054.0,1.0
P_1-3_4492,P_1-1-pt_1601,69.00000000000036,7054.0,1.0
P_1-3_4492,P_2-1_5799,664.0000000000824,7054.0,1.0
P_1-1-pt_1006,P_1-2_250,66.00000000000053,7050.0,1.0
P_1-1-pt_1006,P_1-1-pt_8969,71.00000000000024,7050.0,1.0
P_1-1-pt_1006,P_1-3_2786,85.99999999999939,7050.0,1.0
P_1-1-pt_1006,P_1-3_5475,120.9999999999974,7050.0,1.0
P_1-1-pt_1006,P_1-3_1945,70.0000000000003,7050.0,1.0
P_1-1-pt_1006,P_1-2_3702,190.99999999999343,7050.0,1.0
P_1-1-pt_1006,P_1-1-pt_6673,65.00000000000058,7050.0,1.0
P_1-1-pt_1006,P_1-1-pt_2431,92.99999999999899,7050.0,1.0
P_1-1-pt_1006,P_1-3_1027,166.9999999999948,7050.0,1.0
P_1-1-pt_1006,P_1-1-pt_2920,50.00000000000044,7050.0,1.0
P_1-1-pt_1006,P_1-2_848,143.9999999999961,7050.0,1.0
P_1-1-pt_1006,P_1-1-pt_5258,63.000000000000625,7050.0,1.0
P_1-2_2287,P_1-1-pt_8682,67.00000000000047,7050.0,1.0
P_1-2_2287,P_1-2_3389,68.00000000000041,7050.0,1.0
P_1-2_2287,P_1-3_1500,45.00000000000037,7050.0,1.0
P_1-2_2287,P_1-1-pt_560,70.0000000000003,7050.0,1.0
P_1-2_2287,P_1-2_4771,140.99999999999628,7050.0,1.0
P_1-2_2287,P_1-1-pt_1714,76.9999999999999,7050.0,1.0
P_1-2_2287,P_1-1-pt_3629,140.99999999999628,7050.0,1.0
P_1-2_2287,P_1-3_1785,70.0000000000003,7050.0,1.0
P_1-2_2287,P_1-3_874,68.00000000000041,7050.0,1.0
P_1-2_2287,P_1-2_3081,70.0000000000003,7050.0,1.0
P_1-2_2287,P_1-3_2053,50.00000000000044,7050.0,1.0
P_1-2_2287,P_1-2_4734,56.000000000000526,7050.0,1.0
P_1-2_2287,P_1-2_5951,69.00000000000036,7050.0,1.0
P_1-2_2287,P_1-3_4690,71.00000000000024,7050.0,1.0
P_1-2_3214,P_1-3_2221,69.00000000000036,7047.0,1.0
P_1-2_3214,P_1-1-pt_1601,44.000000000000355,7047.0,1.0
P_1-2_3214,P_1-1-pt_7948,43.00000000000034,7047.0,1.0
P_1-2_3214,P_1-1-pt_2844,38.00000000000027,7047.0,1.0
P_1-2_3214,P_1-1-pt_2424,40.0000000000003,7047.0,1.0
P_1-2_3214,P_1-1-pt_3931,105.99999999999825,7047.0,1.0
P_1-2_3214,P_2-1_6236,52.00000000000047,7047.0,1.0
P_1-2_3214,P_1-2_1948,52.00000000000047,7047.0,1.0
P_1-2_3214,P_1-3_5550,51.000000000000455,7047.0,1.0
P_1-2_3214,P_2-1_5799,48.00000000000041,7047.0,1.0
P_1-2_3214,P_1-3_4492,51.000000000000455,7047.0,1.0
P_1-2_3214,P_1-3_2528,51.000000000000455,7047.0,1.0
P_1-2_3214,P_1-1-pt_841,37.000000000000256,7047.0,1.0
P_1-2_3214,P_1-1-pt_2425,57.00000000000054,7047.0,1.0
P_1-2_3214,P_1-2_1285,53.00000000000048,7047.0,1.0
P_1-2_3214,P_2-1_842,55.00000000000051,7047.0,1.0
P_1-2_3214,P_1-3_5451,50.00000000000044,7047.0,1.0
P_1-2_3214,P_1-3_1140,49.000000000000426,7047.0,1.0
P_1-2_3214,P_1-1-pt_8085,37.000000000000256,7047.0,1.0
P_1-2_3214,P_1-2_4955,56.000000000000526,7047.0,1.0
P_1-2_3214,P_1-2_2061,55.00000000000051,7047.0,1.0
P_1-2_3214,P_1-1-pt_3176,38.00000000000027,7047.0,1.0
P_1-2_3214,P_1-1-pt_3800,54.0000000000005,7047.0,1.0
P_1-2_3214,P_1-1-pt_4785,57.00000000000054,7047.0,1.0
P_1-2_3214,P_1-2_5020,70.0000000000003,7047.0,1.0
P_1-2_4270,P_1-2_1640,68.00000000000041,7037.0,1.0
P_1-2_4270,P_1-2_5641,68.00000000000041,7037.0,1.0
P_1-2_4270,P_1-3_547,68.00000000000041,7037.0,1.0
P_1-2_4270,P_1-2_4327,68.00000000000041,7037.0,1.0
P_1-2_4270,P_1-2_315,68.00000000000041,7037.0,1.0
P_1-2_4270,P_1-2_4753,35.00000000000023,7037.0,1.0
P_1-2_4270,P_1-3_2043,27.000000000000114,7037.0,1.0
P_1-2_4270,P_1-2_638,17.999999999999986,7037.0,1.0
P_1-2_4270,P_1-1-pt_498,72.00000000000018,7037.0,1.0
P_1-2_1612,P_1-1-pt_6355,50.00000000000044,7035.0,1.0
P_1-2_1612,P_1-2_4454,98.99999999999865,7035.0,1.0
P_1-2_1612,P_1-3_5144,62.00000000000061,7035.0,1.0
P_1-2_1612,P_1-1-pt_8969,44.000000000000355,7035.0,1.0
P_1-2_1612,P_1-1-pt_6743,75.00000000000001,7035.0,1.0
P_1-2_1612,P_1-1-pt_4736,38.00000000000027,7035.0,1.0
P_1-2_1612,P_1-1-pt_3671,43.00000000000034,7035.0,1.0
P_1-2_1612,P_1-1-pt_5167,120.9999999999974,7035.0,1.0
P_1-2_1612,P_1-1-pt_2880,212.99999999999218,7035.0,1.0
P_1-2_1612,P_1-1-pt_98,65.00000000000058,7035.0,1.0
P_1-2_1612,P_1-1-pt_1747,234.99999999999093,7035.0,1.0
P_1-2_1612,P_1-1-pt_521,28.000000000000128,7035.0,1.0
P_1-2_1612,P_1-1-pt_6974,88.99999999999922,7035.0,1.0
P_1-2_1612,P_1-1-pt_3858,622.0000000000729,7035.0,1.0
P_1-2_1612,P_1-1-pt_4879,111.99999999999791,7035.0,1.0
P_1-2_1612,P_1-1-pt_8728,67.00000000000047,7035.0,1.0
P_1-2_1612,P_1-1-veh_610,45.00000000000037,7035.0,1.0
P_1-2_1612,P_1-1-pt_8280,30.000000000000156,7035.0,1.0
P_1-2_1612,P_1-1-veh_767,44.000000000000355,7035.0,1.0
P_1-2_1612,P_1-2_303,52.00000000000047,7035.0,1.0
P_1-2_1612,P_1-1-pt_255,59.00000000000057,7035.0,1.0
P_1-2_1612,P_1-1-pt_6413,73.00000000000013,7035.0,1.0
P_1-2_1612,P_1-1-pt_4996,33.0000000000002,7035.0,1.0
P_1-2_1612,P_1-1-pt_761,727.0000000000967,7035.0,1.0
P_1-2_1612,P_1-1-pt_494,72.00000000000018,7035.0,1.0
P_1-2_1612,P_1-1-pt_2162,77.99999999999984,7035.0,1.0
P_1-2_1612,P_1-1-pt_1296,35.00000000000023,7035.0,1.0
P_1-2_1612,P_1-1-pt_3409,103.99999999999837,7035.0,1.0
P_1-2_1612,P_1-1-pt_1270,86.99999999999933,7035.0,1.0
P_1-2_1612,P_2-1_63,5871.000000003827,7035.0,1.0
P_1-2_1612,P_1-1-pt_1473,147.99999999999588,7035.0,1.0
P_1-2_1612,P_1-1-pt_7863,70.0000000000003,7035.0,1.0
P_1-2_1612,P_1-1-pt_8545,101.99999999999848,7035.0,1.0
P_1-2_1612,P_1-1-pt_5193,101.99999999999848,7035.0,1.0
P_1-2_1612,P_1-1-pt_7325,77.99999999999984,7035.0,1.0
P_1-2_1612,P_1-1-pt_6453,430.0000000000293,7035.0,1.0
P_1-2_1612,P_1-1-veh_105,64.00000000000064,7035.0,1.0
P_1-2_1612,P_1-2_2554,9.99999999999998,7035.0,1.0
P_1-2_1612,P_1-2_1203,69.00000000000036,7035.0,1.0
P_1-2_104,P_1-1-pt_7664,95.99999999999882,7031.0,1.0
P_1-2_104,P_1-1-pt_4262,69.00000000000036,7031.0,1.0
P_1-2_104,P_1-3_2221,61.0000000000006,7031.0,1.0
P_1-2_104,P_1-3_2280,56.000000000000526,7031.0,1.0
P_1-2_104,P_1-2_2473,57.00000000000054,7031.0,1.0
P_1-2_104,P_1-2_4249,58.000000000000554,7031.0,1.0
P_1-2_104,P_1-3_2424,66.00000000000053,7031.0,1.0
P_1-2_104,P_1-3_1571,56.000000000000526,7031.0,1.0
P_1-2_104,P_1-2_171,60.00000000000058,7031.0,1.0
P_1-2_104,P_1-2_4285,55.00000000000051,7031.0,1.0
P_1-2_104,P_1-3_5537,55.00000000000051,7031.0,1.0
P_1-2_2180,P_2-1_3764,73.00000000000013,7026.0,1.0
P_1-2_2180,P_1-2_4454,69.00000000000036,7026.0,1.0
P_1-2_2180,P_2-1_6130,72.00000000000018,7026.0,1.0
P_1-2_2180,P_2-1_5067,69.00000000000036,7026.0,1.0
P_1-2_2180,P_1-2_4853,73.00000000000013,7026.0,1.0
P_1-2_2180,P_1-3_4663,69.00000000000036,7026.0,1.0
P_1-2_2180,P_1-2_1658,68.00000000000041,7026.0,1.0
P_1-2_2180,P_1-3_4881,68.00000000000041,7026.0,1.0
P_1-2_2180,P_1-2_3879,2068.9999999992137,7026.0,1.0
P_1-2_2180,P_1-2_5543,69.00000000000036,7026.0,1.0
P_1-2_2180,P_1-3_2773,68.00000000000041,7026.0,1.0
P_1-2_2180,P_1-3_4025,68.00000000000041,7026.0,1.0
P_1-2_2180,P_1-2_4376,69.00000000000036,7026.0,1.0
P_1-2_2180,P_1-3_1676,68.00000000000041,7026.0,1.0
P_1-2_2180,P_2-1_600,68.00000000000041,7026.0,1.0
P_1-2_2180,P_1-2_5765,68.00000000000041,7026.0,1.0
P_1-2_2180,P_1-2_4065,69.00000000000036,7026.0,1.0
P_1-2_3693,P_1-2_1559,218.99999999999184,7023.0,1.0
P_1-2_3693,P_1-2_2564,220.99999999999173,7023.0,1.0
P_1-2_3693,P_1-2_2034,69.00000000000036,7023.0,1.0
P_1-2_3693,P_1-1-pt_4595,68.00000000000041,7023.0,1.0
P_1-2_3693,P_1-2_2512,69.00000000000036,7023.0,1.0
P_1-2_3693,P_1-2_2613,68.00000000000041,7023.0,1.0
P_1-2_3693,P_1-1-pt_5392,194.9999999999932,7023.0,1.0
P_1-2_3693,P_1-2_5210,138.9999999999964,7023.0,1.0
P_1-2_3693,P_1-3_2633,97.9999999999987,7023.0,1.0
P_1-2_3693,P_1-2_573,379.0000000000177,7023.0,1.0
P_1-2_3693,P_1-3_4954,72.00000000000018,7023.0,1.0
P_1-2_3693,P_1-3_458,75.99999999999996,7023.0,1.0
P_1-2_3693,P_1-2_1017,70.0000000000003,7023.0,1.0
P_1-2_3693,P_1-3_990,82.99999999999956,7023.0,1.0
P_1-2_3693,P_1-1-pt_5241,76.9999999999999,7023.0,1.0
P_1-2_3693,P_1-2_568,103.99999999999837,7023.0,1.0
P_1-2_3693,P_1-1-pt_2952,105.99999999999825,7023.0,1.0
P_1-2_3693,P_1-1-veh_5,111.99999999999791,7023.0,1.0
P_1-3_5578,P_1-1-pt_8068,56.000000000000526,7019.0,1.0
P_1-3_5578,P_1-3_4690,51.000000000000455,7019.0,1.0
P_1-3_5578,P_1-1-pt_2529,44.000000000000355,7019.0,1.0
P_1-3_5578,P_1-2_505,50.00000000000044,7019.0,1.0
P_1-3_5578,P_1-2_2715,58.000000000000554,7019.0,1.0
P_1-3_5578,P_1-1-pt_0,44.000000000000355,7019.0,1.0
P_1-3_5578,P_1-3_4666,127.999999999997,7019.0,1.0
P_1-3_5578,P_1-2_4791,70.0000000000003,7019.0,1.0
P_1-3_5578,P_1-2_1533,71.00000000000024,7019.0,1.0
P_1-3_5578,P_1-3_635,71.00000000000024,7019.0,1.0
P_1-3_5578,P_1-1-pt_1700,36.00000000000024,7019.0,1.0
P_2-1_63,P_1-1-pt_2770,44.000000000000355,7014.0,1.0
P_2-1_63,P_1-1-pt_6355,53.00000000000048,7014.0,1.0
P_2-1_63,P_1-2_4454,90.9999999999991,7014.0,1.0
P_2-1_63,P_1-3_5144,62.00000000000061,7014.0,1.0
P_2-1_63,P_1-1-pt_8969,43.00000000000034,7014.0,1.0
P_2-1_63,P_1-1-pt_6743,74.00000000000007,7014.0,1.0
P_2-1_63,P_1-1-pt_4736,39.000000000000284,7014.0,1.0
P_2-1_63,P_1-1-pt_3671,43.00000000000034,7014.0,1.0
P_2-1_63,P_1-1-pt_2880,144.99999999999605,7014.0,1.0
P_2-1_63,P_1-1-pt_5167,225.99999999999145,7014.0,1.0
P_2-1_63,P_1-1-pt_98,61.0000000000006,7014.0,1.0
P_2-1_63,P_1-1-pt_1747,162.99999999999503,7014.0,1.0
P_2-1_63,P_1-1-pt_3858,337.00000000000813,7014.0,1.0
P_2-1_63,P_1-1-pt_6974,72.00000000000018,7014.0,1.0
P_2-1_63,P_1-1-pt_4879,127.999999999997,7014.0,1.0
P_2-1_63,P_1-1-pt_8728,68.00000000000041,7014.0,1.0
P_2-1_63,P_1-1-veh_610,45.00000000000037,7014.0,1.0
P_2-1_63,P_1-1-pt_8280,30.000000000000156,7014.0,1.0
P_2-1_63,P_1-1-veh_767,44.000000000000355,7014.0,1.0
P_2-1_63,P_1-2_303,52.00000000000047,7014.0,1.0
P_2-1_63,P_1-1-pt_255,61.0000000000006,7014.0,1.0
P_2-1_63,P_1-1-pt_6413,73.00000000000013,7014.0,1.0
P_2-1_63,P_1-1-pt_761,594.0000000000665,7014.0,1.0
P_2-1_63,P_1-1-pt_4996,32.000000000000185,7014.0,1.0
P_2-1_63,P_1-1-pt_494,77.99999999999984,7014.0,1.0
P_2-1_63,P_1-1-pt_2162,81.99999999999962,7014.0,1.0
P_2-1_63,P_1-1-pt_1296,53.00000000000048,7014.0,1.0
P_2-1_63,P_1-1-pt_3409,115.99999999999768,7014.0,1.0
P_2-1_63,P_1-1-pt_1270,75.00000000000001,7014.0,1.0
P_2-1_63,P_1-2_1612,5871.000000003827,7014.0,1.0
P_2-1_63,P_1-1-pt_1473,127.999999999997,7014.0,1.0
P_2-1_63,P_1-1-pt_7863,97.9999999999987,7014.0,1.0
P_2-1_63,P_1-1-pt_8545,103.99999999999837,7014.0,1.0
P_2-1_63,P_1-1-pt_5193,102.99999999999842,7014.0,1.0
P_2-1_63,P_1-1-pt_7325,87.99999999999928,7014.0,1.0
P_2-1_63,P_1-1-pt_6453,260.99999999999085,7014.0,1.0
P_2-1_63,P_1-1-veh_105,77.99999999999984,7014.0,1.0
P_2-1_63,P_1-1-pt_1108,228.99999999999127,7014.0,1.0
P_2-1_63,P_1-2_2554,38.00000000000027,7014.0,1.0
P_2-1_63,P_1-2_1203,96.99999999999876,7014.0,1.0
P_2-1_63,P_1-1-pt_6389,3.0000000000000013,7014.0,1.0
P_2-1_5435,P_2-1_4331,1120.0000000000769,7013.0,0.9580778554113789
P_2-1_5435,P_1-2_2229,1099.000000000096,7013.0,0.9580778554113789
P_2-1_5435,P_1-2_2030,1024.0000000001642,7013.0,0.9580778554113789
P_2-1_5435,P_2-1_3376,1043.0000000001469,7013.0,0.9580778554113789
P_2-1_5435,P_2-1_6256,2000.9999999992756,7013.0,0.9580778554113789
P_2-1_5435,P_1-2_3908,1294.9999999999177,7013.0,0.9580778554113789
P_2-1_5435,P_1-2_4607,986.0000000001556,7013.0,0.9580778554113789
P_2-1_5435,P_1-1-pt_7104,895.000000000135,7013.0,0.9580778554113789
P_2-1_5435,P_1-2_4886,960.0000000001497,7013.0,0.9580778554113789
P_1-1-pt_7040,P_2-1_2384,66.00000000000053,7007.0,1.0
P_1-1-pt_7040,P_1-1-pt_7123,1679.9999999995675,7007.0,1.0
P_1-1-pt_7040,P_1-3_4881,34.00000000000021,7007.0,1.0
P_1-1-pt_7040,P_2-1_600,67.00000000000047,7007.0,1.0
P_1-1-pt_7040,P_1-2_5765,55.00000000000051,7007.0,1.0
P_1-1-pt_7915,P_2-1_2293,63.000000000000625,7007.0,1.0
P_1-1-pt_7915,P_1-1-pt_8969,35.00000000000023,7007.0,1.0
P_1-1-pt_7915,P_2-1_5067,53.00000000000048,7007.0,1.0
P_1-1-pt_7915,P_1-2_1658,87.99999999999928,7007.0,1.0
P_1-1-pt_7915,P_1-2_4940,50.00000000000044,7007.0,1.0
P_1-1-pt_7915,P_1-1-pt_5167,130.99999999999685,7007.0,1.0
P_1-1-pt_7915,P_1-1-pt_1747,59.00000000000057,7007.0,1.0
P_1-1-pt_7915,P_1-1-veh_610,52.00000000000047,7007.0,1.0
P_1-1-pt_7915,P_1-1-pt_3671,142.99999999999616,7007.0,1.0
P_1-1-pt_7915,P_1-1-pt_6974,757.0000000001036,7007.0,1.0
P_1-1-pt_7915,P_1-1-pt_4879,82.99999999999956,7007.0,1.0
P_1-1-pt_7915,P_1-1-pt_3858,327.00000000000585,7007.0,1.0
P_1-1-pt_7915,P_1-1-pt_521,84.99999999999945,7007.0,1.0
P_1-1-pt_7915,P_1-1-pt_98,653.0000000000799,7007.0,1.0
P_1-1-pt_7915,P_1-1-pt_5999,88.99999999999922,7007.0,1.0
P_1-1-pt_7915,P_1-2_5543,83.9999999999995,7007.0,1.0
P_1-1-pt_7915,P_2-1_1878,127.999999999997,7007.0,1.0
P_1-1-pt_7915,P_1-1-pt_7573,350.0000000000111,7007.0,1.0
P_1-1-pt_7915,P_1-3_3339,86.99999999999933,7007.0,1.0
P_1-1-pt_7915,P_1-1-veh_767,906.0000000001374,7007.0,1.0
P_1-1-pt_7123,P_2-1_2384,69.00000000000036,7004.0,1.0
P_1-1-pt_7123,P_1-1-pt_7040,1679.9999999995675,7004.0,1.0
P_1-1-pt_7123,P_1-2_250,48.00000000000041,7004.0,1.0
P_1-1-pt_7123,P_1-1-pt_2503,307.0000000000013,7004.0,1.0
P_1-1-pt_7123,P_1-1-pt_2369,31.00000000000017,7004.0,1.0
P_1-2_5943,P_1-2_593,99.9999999999986,7000.0,1.0
P_1-2_5943,P_1-1-pt_4645,1152.0000000000477,7000.0,1.0
P_1-2_5943,P_1-2_4724,51.000000000000455,7000.0,1.0
P_1-2_5943,P_1-3_4822,152.9999999999956,7000.0,1.0
P_1-2_5943,P_1-2_3716,104.99999999999831,7000.0,1.0
P_1-2_5943,P_1-2_4098,83.9999999999995,7000.0,1.0
P_1-2_5943,P_1-3_2482,75.99999999999996,7000.0,1.0
P_1-2_5943,P_1-2_1025,55.00000000000051,7000.0,1.0
P_1-3_5334,P_1-3_2985,68.00000000000041,6995.0,0.9538241601143674
P_1-3_5334,P_1-2_1990,68.00000000000041,6995.0,0.9538241601143674
P_1-3_5334,P_1-1-veh_602,113.9999999999978,6995.0,0.9538241601143674
P_1-3_5334,P_1-3_3755,3904.999999997544,6995.0,0.9538241601143674
P_1-3_5334,P_1-2_4019,26.0000000000001,6995.0,0.9538241601143674
P_1-3_5334,P_1-2_4208,3173.9999999982088,6995.0,0.9538241601143674
P_1-3_5334,P_1-1-pt_7732,85.99999999999939,6995.0,0.9538241601143674
P_1-3_5334,P_1-1-pt_3927,3747.9999999976867,6995.0,0.9538241601143674
P_1-3_5334,P_1-1-pt_5115,72.00000000000018,6995.0,0.9538241601143674
P_1-3_5334,P_1-1-pt_6368,124.99999999999717,6995.0,0.9538241601143674
P_1-3_5334,P_1-1-pt_1306,102.99999999999842,6995.0,0.9538241601143674
P_1-3_5334,P_1-2_3052,105.99999999999825,6995.0,0.9538241601143674
P_1-3_5334,P_1-2_3413,125.99999999999712,6995.0,0.9538241601143674
P_1-3_5334,P_1-1-pt_1037,99.9999999999986,6995.0,0.9538241601143674
P_1-3_5334,P_1-1-pt_5324,95.99999999999882,6995.0,0.9538241601143674
P_1-3_5334,P_2-1_2045,52.00000000000047,6995.0,0.9538241601143674
P_1-1-pt_1747,P_1-1-pt_6355,77.99999999999984,6993.0,0.9758329758329758
P_1-1-pt_1747,P_1-1-pt_5139,89.99999999999916,6993.0,0.9758329758329758
P_1-1-pt_1747,P_1-1-pt_3858,1314.9999999998995,6993.0,0.9758329758329758
P_1-1-pt_1747,P_1-1-pt_521,930.0000000001429,6993.0,0.9758329758329758
P_1-1-pt_1747,P_1-1-pt_2863,59.00000000000057,6993.0,0.9758329758329758
P_1-1-pt_1747,P_1-1-pt_4262,111.99999999999791,6993.0,0.9758329758329758
P_1-1-pt_1747,P_1-1-pt_6974,1451.999999999775,6993.0,0.9758329758329758
P_1-1-pt_1747,P_1-1-pt_3671,1630.999999999612,6993.0,0.9758329758329758
P_1-1-pt_1747,P_1-1-pt_98,1561.9999999996749,6993.0,0.9758329758329758
P_1-1-pt_1747,P_1-1-pt_3207,402.0000000000229,6993.0,0.9758329758329758
P_1-1-pt_1747,P_1-1-pt_1497,1483.9999999997458,6993.0,0.9758329758329758
P_1-1-pt_1747,P_1-1-pt_6743,185.99999999999372,6993.0,0.9758329758329758
P_1-1-pt_1747,P_1-1-pt_4879,169.99999999999463,6993.0,0.9758329758329758
P_1-1-pt_1747,P_2-1_3764,42.00000000000033,6993.0,0.9758329758329758
P_1-1-pt_1747,P_1-1-pt_4736,229.99999999999122,6993.0,0.9758329758329758
P_1-1-pt_1747,P_1-2_1612,234.99999999999093,6993.0,0.9758329758329758
P_1-1-pt_1747,P_2-1_63,162.99999999999503,6993.0,0.9758329758329758
P_1-1-pt_1747,P_1-1-pt_2880,568.0000000000606,6993.0,0.9758329758329758
P_1-1-pt_1747,P_1-1-pt_8280,10.999999999999977,6993.0,0.9758329758329758
P_1-1-pt_1747,P_1-2_1255,42.00000000000033,6993.0,0.9758329758329758
P_1-1-pt_1747,P_1-1-pt_5666,40.0000000000003,6993.0,0.9758329758329758
P_1-1-pt_1747,P_1-3_3245,49.000000000000426,6993.0,0.9758329758329758
P_1-1-pt_1747,P_1-2_250,51.000000000000455,6993.0,0.9758329758329758
P_1-1-pt_1747,P_1-2_4483,189.9999999999935,6993.0,0.9758329758329758
P_1-1-pt_1747,P_1-1-pt_2920,76.9999999999999,6993.0,0.9758329758329758
P_1-1-pt_1747,P_1-2_4940,83.9999999999995,6993.0,0.9758329758329758
P_1-1-pt_1747,P_1-1-pt_7915,59.00000000000057,6993.0,0.9758329758329758
P_1-1-pt_1747,P_1-1-veh_610,370.00000000001563,6993.0,0.9758329758329758
P_1-1-pt_1747,P_1-1-pt_2369,75.00000000000001,6993.0,0.9758329758329758
P_1-1-pt_1747,P_1-1-pt_6673,75.99999999999996,6993.0,0.9758329758329758
P_1-1-pt_1747,P_1-1-pt_5999,7.999999999999988,6993.0,0.9758329758329758
P_1-1-pt_1747,P_1-1-pt_7573,79.99999999999973,6993.0,0.9758329758329758
P_1-1-pt_1747,P_1-1-veh_767,75.00000000000001,6993.0,0.9758329758329758
P_1-1-pt_1747,P_1-1-pt_2013,229.99999999999122,6993.0,0.9758329758329758
P_1-1-pt_1747,P_1-2_303,100.99999999999854,6993.0,0.9758329758329758
P_1-1-pt_1747,P_1-2_5543,74.00000000000007,6993.0,0.9758329758329758
P_1-1-pt_1747,P_1-1-pt_5167,6992.000000007905,6993.0,0.9758329758329758
P_2-1_5419,P_1-1-pt_1329,74.00000000000007,6991.0,1.0
P_2-1_5419,P_1-1-pt_3489,75.00000000000001,6991.0,1.0
P_2-1_5419,P_1-1-pt_4879,98.99999999999865,6991.0,1.0
P_2-1_5419,P_1-1-pt_3858,93.99999999999893,6991.0,1.0
P_2-1_5419,P_1-2_250,564.0000000000597,6991.0,1.0
P_2-1_5419,P_1-1-pt_2369,64.00000000000064,6991.0,1.0
P_2-1_5419,P_1-1-pt_4736,32.000000000000185,6991.0,1.0
P_2-1_5419,P_1-1-pt_521,41.00000000000031,6991.0,1.0
P_2-1_5419,P_1-1-pt_2013,61.0000000000006,6991.0,1.0
P_2-1_5419,P_1-1-pt_7573,50.00000000000044,6991.0,1.0
P_2-1_5419,P_1-1-veh_767,51.000000000000455,6991.0,1.0
P_2-1_5419,P_1-2_303,56.000000000000526,6991.0,1.0
P_2-1_5419,P_1-1-pt_494,45.00000000000037,6991.0,1.0
P_2-1_5419,P_1-1-pt_1296,38.00000000000027,6991.0,1.0
P_2-1_5419,P_1-1-pt_2162,73.00000000000013,6991.0,1.0
P_2-1_5419,P_1-1-pt_4996,45.00000000000037,6991.0,1.0
P_2-1_5419,P_1-1-pt_5666,44.000000000000355,6991.0,1.0
P_2-1_5419,P_1-1-pt_3409,95.99999999999882,6991.0,1.0
P_2-1_5419,P_1-1-pt_6413,988.0000000001561,6991.0,1.0
P_2-1_5419,P_1-1-pt_1270,33.0000000000002,6991.0,1.0
P_2-1_5419,P_1-1-pt_1473,57.00000000000054,6991.0,1.0
P_2-1_5419,P_1-1-pt_7863,69.00000000000036,6991.0,1.0
P_2-1_5419,P_1-1-pt_8545,68.00000000000041,6991.0,1.0
P_2-1_5419,P_1-1-pt_5193,67.00000000000047,6991.0,1.0
P_2-1_5419,P_1-1-pt_8728,484.00000000004155,6991.0,1.0
P_2-1_5419,P_1-1-pt_7325,69.00000000000036,6991.0,1.0
P_1-2_3608,P_1-2_4753,50.00000000000044,6988.0,1.0
P_1-2_3608,P_1-3_2043,50.00000000000044,6988.0,1.0
P_1-2_3608,P_1-2_638,51.000000000000455,6988.0,1.0
P_1-2_3608,P_1-3_743,522.0000000000501,6988.0,1.0
P_1-2_3608,P_1-3_2599,50.00000000000044,6988.0,1.0
P_1-2_3608,P_1-2_5745,50.00000000000044,6988.0,1.0
P_1-2_3608,P_1-1-pt_8735,43.00000000000034,6988.0,1.0
P_1-2_3608,P_1-2_4266,52.00000000000047,6988.0,1.0
P_1-2_3608,P_1-3_1535,50.00000000000044,6988.0,1.0
P_1-2_3608,P_1-1-pt_2032,43.00000000000034,6988.0,1.0
P_1-2_3608,P_1-2_609,79.99999999999973,6988.0,1.0
P_1-2_3608,P_1-1-veh_246,1935.9999999993347,6988.0,1.0
P_1-2_3608,P_1-2_2598,44.000000000000355,6988.0,1.0
P_1-2_3608,P_1-2_5437,15.99999999999996,6988.0,1.0
P_1-2_3608,P_1-1-pt_1173,2210.9999999990846,6988.0,1.0
P_1-2_5092,P_1-1-pt_8968,71.00000000000024,6986.0,0.9826796450042943
P_1-2_5092,P_1-1-veh_824,69.00000000000036,6986.0,0.9826796450042943
P_1-2_5092,P_1-3_5451,1042.0000000001478,6986.0,0.9826796450042943
P_1-2_5092,P_1-1-pt_8085,75.99999999999996,6986.0,0.9826796450042943
P_1-2_5092,P_2-1_842,43.00000000000034,6986.0,0.9826796450042943
P_1-2_5092,P_1-3_5354,83.9999999999995,6986.0,0.9826796450042943
P_1-2_5092,P_2-1_4930,52.00000000000047,6986.0,0.9826796450042943
P_1-2_5092,P_1-3_4587,132.99999999999673,6986.0,0.9826796450042943
P_1-2_5092,P_1-1-pt_6516,46.000000000000384,6986.0,0.9826796450042943
P_1-2_5092,P_1-2_4955,61.0000000000006,6986.0,0.9826796450042943
P_1-2_5092,P_1-2_2061,62.00000000000061,6986.0,0.9826796450042943
P_1-2_5092,P_1-3_2076,137.99999999999645,6986.0,0.9826796450042943
P_1-2_5092,P_1-1-pt_4785,51.000000000000455,6986.0,0.9826796450042943
P_1-2_5092,P_1-2_5020,69.00000000000036,6986.0,0.9826796450042943
P_1-2_5092,P_1-2_3378,137.99999999999645,6986.0,0.9826796450042943
P_1-2_5092,P_1-2_3077,139.99999999999633,6986.0,0.9826796450042943
P_1-2_5092,P_1-3_2180,69.00000000000036,6986.0,0.9826796450042943
P_1-1-pt_7440,P_1-3_2280,35.00000000000023,6984.0,1.0
P_1-1-pt_7440,P_1-2_4249,706.000000000092,6984.0,1.0
P_1-1-pt_7440,P_1-1-pt_6673,71.00000000000024,6984.0,1.0
P_1-1-pt_7440,P_1-1-pt_5139,122.99999999999729,6984.0,1.0
P_1-1-pt_7440,P_1-1-pt_4380,70.0000000000003,6984.0,1.0
P_1-1-pt_7440,P_1-1-pt_2431,69.00000000000036,6984.0,1.0
P_1-1-pt_7440,P_1-1-pt_2863,69.00000000000036,6984.0,1.0
P_1-1-pt_841,P_1-1-pt_8968,28.000000000000128,6978.0,1.0
P_1-1-pt_841,P_2-1_842,184.99999999999378,6978.0,1.0
P_1-1-pt_841,P_1-2_5927,46.000000000000384,6978.0,1.0
P_1-1-pt_841,P_1-2_3214,37.000000000000256,6978.0,1.0
P_1-1-pt_841,P_1-1-pt_2425,135.99999999999656,6978.0,1.0
P_1-1-pt_841,P_1-2_1285,138.9999999999964,6978.0,1.0
P_1-1-pt_841,P_1-3_5451,135.99999999999656,6978.0,1.0
P_1-1-pt_841,P_1-3_1140,138.9999999999964,6978.0,1.0
P_1-1-pt_841,P_1-2_4715,76.9999999999999,6978.0,1.0
P_1-1-pt_841,P_1-2_2653,87.99999999999928,6978.0,1.0
P_1-1-pt_841,P_1-1-pt_2770,59.00000000000057,6978.0,1.0
P_1-1-pt_841,P_1-1-pt_6355,59.00000000000057,6978.0,1.0
P_1-1-pt_841,P_1-2_4454,76.9999999999999,6978.0,1.0
P_1-1-pt_841,P_1-2_3590,77.99999999999984,6978.0,1.0
P_1-1-pt_841,P_1-2_4955,145.999999999996,6978.0,1.0
P_1-1-pt_841,P_1-2_2061,136.9999999999965,6978.0,1.0
P_1-1-pt_841,P_1-1-pt_8085,1742.9999999995102,6978.0,1.0
P_1-3_2881,P_1-1-pt_530,64.00000000000064,6959.0,1.0
P_1-3_2881,P_1-2_5252,68.00000000000041,6959.0,1.0
P_1-3_2881,P_1-3_5117,69.00000000000036,6959.0,1.0
P_1-3_2881,P_1-2_2183,69.00000000000036,6959.0,1.0
P_1-3_2881,P_1-3_5537,69.00000000000036,6959.0,1.0
P_1-3_2881,P_1-1-veh_603,2537.999999998787,6959.0,1.0
P_1-1-pt_8982,P_1-2_3590,470.00000000003837,6952.0,1.0
P_1-1-pt_8982,P_1-1-pt_3931,73.00000000000013,6952.0,1.0
P_1-1-pt_8982,P_2-1_6236,53.00000000000048,6952.0,1.0
P_1-1-pt_8982,P_1-2_1948,43.00000000000034,6952.0,1.0
P_1-1-pt_8982,P_1-3_5550,43.00000000000034,6952.0,1.0
P_1-1-pt_8982,P_2-1_5799,47.0000000000004,6952.0,1.0
P_1-1-pt_8982,P_1-3_4492,43.00000000000034,6952.0,1.0
P_1-1-pt_8982,P_1-3_2528,44.000000000000355,6952.0,1.0
P_1-1-pt_8982,P_1-1-pt_3353,73.00000000000013,6952.0,1.0
P_1-1-pt_8982,P_2-1_2911,46.000000000000384,6952.0,1.0
P_1-1-pt_8982,P_1-1-pt_2425,54.0000000000005,6952.0,1.0
P_1-1-pt_8982,P_1-2_1285,50.00000000000044,6952.0,1.0
P_1-1-pt_8982,P_2-1_842,88.99999999999922,6952.0,1.0
P_1-1-pt_8982,P_1-3_5451,59.00000000000057,6952.0,1.0
P_1-1-pt_8982,P_1-3_1140,42.00000000000033,6952.0,1.0
P_1-1-pt_8982,P_2-1_5552,46.000000000000384,6952.0,1.0
P_1-2_2512,P_1-1-pt_4595,838.000000000122,6947.0,0.9309054268029365
P_1-2_2512,P_1-2_3693,69.00000000000036,6947.0,0.9309054268029365
P_1-2_2512,P_1-3_2643,70.0000000000003,6947.0,0.9309054268029365
P_1-2_2512,P_1-1-pt_6368,21.00000000000003,6947.0,0.9309054268029365
P_1-2_2512,P_1-2_3052,36.00000000000024,6947.0,0.9309054268029365
P_1-2_2512,P_1-2_3575,1703.9999999995457,6947.0,0.9309054268029365
P_1-2_2512,P_1-1-pt_654,96.99999999999876,6947.0,0.9309054268029365
P_1-2_2512,P_1-2_2613,158.99999999999525,6947.0,0.9309054268029365
P_1-2_2512,P_1-2_3386,220.99999999999173,6947.0,0.9309054268029365
P_1-2_2512,P_1-3_2985,93.99999999999893,6947.0,0.9309054268029365
P_1-2_2512,P_1-2_1990,71.00000000000024,6947.0,0.9309054268029365
P_1-2_4206,P_1-2_4734,281.9999999999956,6944.0,1.0
P_1-2_4206,P_1-3_1500,1195.0000000000086,6944.0,1.0
P_1-2_4206,P_1-3_3901,280.9999999999954,6944.0,1.0
P_1-2_4206,P_1-2_1420,283.9999999999961,6944.0,1.0
P_1-2_4206,P_1-3_228,279.99999999999517,6944.0,1.0
P_1-2_4206,P_1-3_3776,282.99999999999585,6944.0,1.0
P_1-2_4206,P_2-1_2161,279.99999999999517,6944.0,1.0
P_1-2_4206,P_1-3_874,139.99999999999633,6944.0,1.0
P_1-2_4206,P_1-3_2454,140.99999999999628,6944.0,1.0
P_1-2_4206,P_1-3_3834,140.99999999999628,6944.0,1.0
P_1-2_4206,P_1-2_3280,141.99999999999622,6944.0,1.0
P_1-2_4206,P_1-3_3046,140.99999999999628,6944.0,1.0
P_1-2_4206,P_1-3_3457,139.99999999999633,6944.0,1.0
P_1-2_4206,P_1-3_4168,71.00000000000024,6944.0,1.0
P_1-2_4206,P_1-3_2053,71.00000000000024,6944.0,1.0
P_1-2_4206,P_1-2_5951,45.00000000000037,6944.0,1.0
P_1-2_5640,P_1-2_3575,12.99999999999997,6943.0,1.0
P_1-2_5640,P_1-1-pt_8545,586.0000000000647,6943.0,1.0
P_1-2_5640,P_2-1_2045,69.00000000000036,6943.0,1.0
P_1-2_5640,P_1-3_4875,69.00000000000036,6943.0,1.0
P_1-2_5640,P_1-2_568,83.9999999999995,6943.0,1.0
P_1-2_5640,P_1-3_3410,71.00000000000024,6943.0,1.0
P_1-2_5640,P_1-1-pt_5241,1094.0000000001005,6943.0,1.0
P_1-2_5640,P_1-1-pt_2952,83.9999999999995,6943.0,1.0
P_1-2_5640,P_1-1-veh_5,72.00000000000018,6943.0,1.0
P_1-2_5640,P_1-2_1066,460.0000000000361,6943.0,1.0
P_1-2_5640,P_1-2_3286,248.99999999999014,6943.0,1.0
P_1-2_5640,P_1-2_3835,306.0000000000011,6943.0,1.0
P_1-1-pt_5392,P_1-2_3386,1119.0000000000778,6937.0,1.0
P_1-1-pt_5392,P_1-2_3693,194.9999999999932,6937.0,1.0
P_1-1-pt_5392,P_1-1-pt_1121,49.000000000000426,6937.0,1.0
P_1-1-pt_5392,P_1-1-pt_2808,64.00000000000064,6937.0,1.0
P_1-1-pt_5392,P_1-1-pt_2606,55.00000000000051,6937.0,1.0
P_1-1-pt_5392,P_1-2_2702,785.0000000001099,6937.0,1.0
P_1-1-pt_5392,P_1-1-pt_1238,102.99999999999842,6937.0,1.0
P_1-1-pt_5392,P_1-1-pt_1138,139.99999999999633,6937.0,1.0
P_1-1-pt_5392,P_1-1-pt_8762,141.99999999999622,6937.0,1.0
P_1-1-pt_5392,P_1-3_2985,95.99999999999882,6937.0,1.0
P_1-2_2564,P_1-2_1559,4398.999999998472,6935.0,1.0
P_1-2_2564,P_1-2_3693,220.99999999999173,6935.0,1.0
P_1-2_2564,P_1-1-pt_6368,36.00000000000024,6935.0,1.0
P_1-2_2564,P_1-2_3052,26.0000000000001,6935.0,1.0
P_1-2_2564,P_1-1-pt_7863,37.000000000000256,6935.0,1.0
P_1-2_2564,P_1-2_1017,71.00000000000024,6935.0,1.0
P_1-1-pt_2342,P_1-3_5020,73.00000000000013,6929.0,1.0
P_1-1-pt_2342,P_2-1_842,39.000000000000284,6929.0,1.0
P_1-1-pt_2342,P_1-1-pt_2425,335.0000000000077,6929.0,1.0
P_1-1-pt_2342,P_2-1_2987,72.00000000000018,6929.0,1.0
P_1-1-pt_2342,P_1-2_1285,274.99999999999403,6929.0,1.0
P_1-1-pt_2342,P_1-1-veh_824,67.00000000000047,6929.0,1.0
P_1-1-pt_2342,P_2-1_2293,282.99999999999585,6929.0,1.0
P_1-1-pt_2342,P_1-2_4715,252.9999999999899,6929.0,1.0
P_1-1-pt_2342,P_1-2_2653,53.00000000000048,6929.0,1.0
P_1-1-pt_2342,P_1-1-pt_3800,219.9999999999918,6929.0,1.0
P_1-2_2183,P_1-1-pt_7938,22.000000000000043,6926.0,1.0
P_1-2_2183,P_1-2_1640,68.00000000000041,6926.0,1.0
P_1-2_2183,P_1-2_5641,68.00000000000041,6926.0,1.0
P_1-2_2183,P_1-2_2598,69.00000000000036,6926.0,1.0
P_1-2_2183,P_1-2_4098,68.00000000000041,6926.0,1.0
P_1-2_2183,P_1-2_1025,68.00000000000041,6926.0,1.0
P_1-2_2183,P_1-3_547,68.00000000000041,6926.0,1.0
P_1-2_2183,P_1-1-pt_2718,66.00000000000053,6926.0,1.0
P_1-2_2183,P_1-3_2881,69.00000000000036,6926.0,1.0
P_1-2_2183,P_1-1-veh_603,69.00000000000036,6926.0,1.0
P_1-2_2183,P_1-2_1600,68.00000000000041,6926.0,1.0
P_1-2_2183,P_1-1-pt_6309,67.00000000000047,6926.0,1.0
P_1-2_2183,P_1-1-pt_3595,20.000000000000014,6926.0,1.0
P_1-2_2183,P_1-1-pt_8692,67.00000000000047,6926.0,1.0
P_1-2_2183,P_1-1-veh_459,69.00000000000036,6926.0,1.0
P_1-2_2183,P_1-1-pt_8611,66.00000000000053,6926.0,1.0
P_1-2_2183,P_1-1-pt_5997,66.00000000000053,6926.0,1.0
P_1-2_2183,P_1-1-pt_394,67.00000000000047,6926.0,1.0
P_1-2_2183,P_1-1-pt_4541,66.00000000000053,6926.0,1.0
P_1-2_2183,P_1-3_4124,68.00000000000041,6926.0,1.0
P_1-2_2183,P_1-3_2421,68.00000000000041,6926.0,1.0
P_1-2_2183,P_1-1-pt_725,67.00000000000047,6926.0,1.0
P_1-1-pt_8545,P_1-2_5640,586.0000000000647,6923.0,1.0
P_1-1-pt_8545,P_1-2_3575,2127.99999999916,6923.0,1.0
P_1-1-pt_8545,P_1-1-pt_6368,70.0000000000003,6923.0,1.0
P_1-1-pt_8545,P_1-2_3052,72.00000000000018,6923.0,1.0
P_1-1-pt_8545,P_1-2_3386,746.0000000001011,6923.0,1.0
P_1-1-pt_8545,P_1-1-pt_2606,78.99999999999979,6923.0,1.0
P_1-1-pt_8545,P_1-3_1737,254.9999999999898,6923.0,1.0
P_1-1-pt_8545,P_1-1-pt_1238,81.99999999999962,6923.0,1.0
P_1-1-pt_8545,P_1-1-pt_3916,76.9999999999999,6923.0,1.0
P_1-1-pt_8545,P_1-1-pt_7325,182.9999999999939,6923.0,1.0
P_1-1-pt_8545,P_1-1-pt_1226,77.99999999999984,6923.0,1.0
P_1-1-pt_8545,P_1-1-pt_3624,74.00000000000007,6923.0,1.0
P_1-1-pt_8545,P_1-1-pt_1304,73.00000000000013,6923.0,1.0
P_1-1-pt_8545,P_1-1-veh_105,144.99999999999605,6923.0,1.0
P_1-1-pt_8545,P_2-1_3764,72.00000000000018,6923.0,1.0
P_1-1-pt_8545,P_2-1_2925,73.00000000000013,6923.0,1.0
P_1-1-pt_8545,P_1-1-veh_792,170.99999999999457,6923.0,1.0
P_1-1-pt_8545,P_1-1-pt_8137,124.99999999999717,6923.0,1.0
P_1-1-pt_8545,P_2-1_63,103.99999999999837,6923.0,1.0
P_1-1-pt_8545,P_1-2_1612,101.99999999999848,6923.0,1.0
P_1-1-pt_8545,P_1-1-pt_6453,71.00000000000024,6923.0,1.0
P_1-1-pt_8545,P_1-1-pt_6297,7.999999999999988,6923.0,1.0
P_1-1-pt_8545,P_1-3_3245,68.00000000000041,6923.0,1.0
P_1-1-pt_8545,P_2-1_5419,68.00000000000041,6923.0,1.0
P_1-1-pt_8545,P_1-1-pt_8728,69.00000000000036,6923.0,1.0
P_1-1-pt_8545,P_1-2_4483,53.00000000000048,6923.0,1.0
P_1-1-pt_8545,P_1-1-pt_5193,1897.9999999993693,6923.0,1.0
P_1-2_4955,P_1-2_2061,65.00000000000058,6920.0,1.0
P_1-2_4955,P_1-3_2076,35.00000000000023,6920.0,1.0
P_1-2_4955,P_1-2_5020,56.000000000000526,6920.0,1.0
P_1-2_4955,P_1-2_2422,59.00000000000057,6920.0,1.0
P_1-2_4955,P_1-2_5092,61.0000000000006,6920.0,1.0
P_1-2_4955,P_1-3_5354,66.00000000000053,6920.0,1.0
P_1-2_4955,P_1-1-pt_6516,69.00000000000036,6920.0,1.0
P_1-2_4955,P_1-3_4587,67.00000000000047,6920.0,1.0
P_1-2_4955,P_2-1_4930,279.99999999999517,6920.0,1.0
P_1-2_4955,P_1-2_5927,98.99999999999865,6920.0,1.0
P_1-2_4955,P_1-1-pt_3800,46.000000000000384,6920.0,1.0
P_1-2_4955,P_1-2_3214,56.000000000000526,6920.0,1.0
P_1-2_4955,P_1-2_4715,55.00000000000051,6920.0,1.0
P_1-2_4955,P_1-2_2653,59.00000000000057,6920.0,1.0
P_1-2_4955,P_1-1-pt_2770,50.00000000000044,6920.0,1.0
P_1-2_4955,P_1-1-pt_6355,51.000000000000455,6920.0,1.0
P_1-2_4955,P_1-2_4454,56.000000000000526,6920.0,1.0
P_1-2_4955,P_1-2_3590,58.000000000000554,6920.0,1.0
P_1-2_4955,P_1-1-pt_841,145.999999999996,6920.0,1.0
P_1-2_4955,P_1-1-pt_8085,144.99999999999605,6920.0,1.0
P_2-1_5001,P_2-1_3601,287.999999999997,6915.0,1.0
P_2-1_5001,P_2-1_2486,702.0000000000911,6915.0,1.0
P_2-1_4331,P_2-1_5435,1120.0000000000769,6910.0,0.961794500723589
P_2-1_4331,P_1-2_2229,1048.0000000001423,6910.0,0.961794500723589
P_2-1_4331,P_1-2_2030,1028.0000000001605,6910.0,0.961794500723589
P_2-1_4331,P_2-1_3376,1035.0000000001542,6910.0,0.961794500723589
P_2-1_4331,P_2-1_6256,1191.0000000000123,6910.0,0.961794500723589
P_2-1_4331,P_1-2_3908,1022.0000000001638,6910.0,0.961794500723589
P_2-1_4331,P_1-1-pt_7104,887.0000000001331,6910.0,0.961794500723589
P_2-1_4331,P_1-2_4886,925.0000000001418,6910.0,0.961794500723589
P_2-1_4331,P_1-2_4607,3904.999999997544,6910.0,0.961794500723589
P_1-3_5537,P_1-1-pt_4645,68.00000000000041,6903.0,1.0
P_1-3_5537,P_1-2_4098,40.0000000000003,6903.0,1.0
P_1-3_5537,P_1-2_1025,59.00000000000057,6903.0,1.0
P_1-3_5537,P_1-3_547,68.00000000000041,6903.0,1.0
P_1-3_5537,P_1-1-pt_2718,66.00000000000053,6903.0,1.0
P_1-3_5537,P_1-3_2881,69.00000000000036,6903.0,1.0
P_1-3_5537,P_1-1-veh_603,69.00000000000036,6903.0,1.0
P_1-3_5537,P_1-2_1600,69.00000000000036,6903.0,1.0
P_1-3_5537,P_1-1-pt_6309,67.00000000000047,6903.0,1.0
P_1-3_5537,P_1-1-pt_8692,67.00000000000047,6903.0,1.0
P_1-3_5537,P_1-1-veh_459,69.00000000000036,6903.0,1.0
P_1-3_5537,P_1-1-pt_8611,66.00000000000053,6903.0,1.0
P_1-3_5537,P_1-1-pt_5997,67.00000000000047,6903.0,1.0
P_1-3_5537,P_1-1-pt_5913,157.9999999999953,6903.0,1.0
P_1-3_5537,P_1-1-pt_394,66.00000000000053,6903.0,1.0
P_1-3_5537,P_1-1-pt_4541,66.00000000000053,6903.0,1.0
P_1-3_5537,P_1-3_4124,68.00000000000041,6903.0,1.0
P_1-3_5537,P_1-3_2421,68.00000000000041,6903.0,1.0
P_1-3_5537,P_1-1-pt_725,66.00000000000053,6903.0,1.0
P_1-3_5537,P_1-2_104,55.00000000000051,6903.0,1.0
P_1-2_5753,P_1-1-pt_8289,359.00000000001313,6898.0,1.0
P_1-2_5753,P_1-1-pt_8184,550.0000000000565,6898.0,1.0
P_1-2_5753,P_1-1-veh_834,340.0000000000088,6898.0,1.0
P_1-2_5753,P_1-1-veh_530,80.99999999999967,6898.0,1.0
P_1-2_5753,P_1-1-pt_1723,145.999999999996,6898.0,1.0
P_1-2_5753,P_1-3_2599,70.0000000000003,6898.0,1.0
P_1-2_5753,P_1-2_5745,70.0000000000003,6898.0,1.0
P_1-2_5753,P_1-1-pt_8735,70.0000000000003,6898.0,1.0
P_1-2_5753,P_1-2_4266,70.0000000000003,6898.0,1.0
P_1-2_5753,P_1-1-pt_182,69.00000000000036,6898.0,1.0
P_1-2_5753,P_1-3_4289,70.0000000000003,6898.0,1.0
P_1-2_5753,P_1-3_3076,1233.9999999999732,6898.0,1.0
P_1-2_5753,P_1-3_743,70.0000000000003,6898.0,1.0
P_1-1-veh_767,P_1-1-pt_1560,86.99999999999933,6894.0,1.0
P_1-1-veh_767,P_1-1-pt_1121,61.0000000000006,6894.0,1.0
P_1-1-veh_767,P_1-1-pt_2606,37.000000000000256,6894.0,1.0
P_1-1-veh_767,P_1-1-pt_1966,37.000000000000256,6894.0,1.0
P_1-1-veh_767,P_1-1-pt_5906,37.000000000000256,6894.0,1.0
P_1-1-veh_767,P_1-1-pt_1238,37.000000000000256,6894.0,1.0
P_1-1-veh_767,P_1-1-pt_5199,421.0000000000272,6894.0,1.0
P_1-1-veh_767,P_1-1-pt_3916,37.000000000000256,6894.0,1.0
P_1-1-veh_767,P_1-1-pt_3409,44.000000000000355,6894.0,1.0
P_1-1-veh_767,P_1-1-pt_3624,43.00000000000034,6894.0,1.0
P_1-1-veh_767,P_2-1_3764,45.00000000000037,6894.0,1.0
P_1-1-veh_767,P_2-1_2925,44.000000000000355,6894.0,1.0
P_1-1-veh_767,P_2-1_63,44.000000000000355,6894.0,1.0
P_1-1-veh_767,P_1-2_1612,44.000000000000355,6894.0,1.0
P_1-1-veh_767,P_1-1-pt_6453,51.000000000000455,6894.0,1.0
P_1-1-veh_767,P_1-1-pt_5666,70.0000000000003,6894.0,1.0
P_1-1-veh_767,P_1-3_3245,50.00000000000044,6894.0,1.0
P_1-1-veh_767,P_2-1_5419,51.000000000000455,6894.0,1.0
P_1-1-veh_767,P_1-1-pt_8728,45.00000000000037,6894.0,1.0
P_1-1-veh_767,P_1-2_4483,46.000000000000384,6894.0,1.0
P_1-1-veh_767,P_1-1-pt_2880,68.00000000000041,6894.0,1.0
P_1-1-veh_767,P_1-1-pt_6743,69.00000000000036,6894.0,1.0
P_1-1-veh_767,P_1-1-pt_8280,71.00000000000024,6894.0,1.0
P_1-1-veh_767,P_1-1-pt_2369,43.00000000000034,6894.0,1.0
P_1-1-veh_767,P_1-1-pt_2013,202.99999999999275,6894.0,1.0
P_1-1-veh_767,P_1-1-pt_7573,1117.0000000000796,6894.0,1.0
P_1-1-veh_767,P_1-1-pt_3207,1188.000000000015,6894.0,1.0
P_1-1-veh_767,P_1-1-pt_521,77.99999999999984,6894.0,1.0
P_1-1-veh_767,P_1-1-pt_6974,174.99999999999434,6894.0,1.0
P_1-1-veh_767,P_1-1-pt_5167,75.00000000000001,6894.0,1.0
P_1-1-veh_767,P_1-1-pt_1747,75.00000000000001,6894.0,1.0
P_1-1-veh_767,P_1-2_5543,75.00000000000001,6894.0,1.0
P_1-1-veh_767,P_1-1-pt_3671,71.00000000000024,6894.0,1.0
P_1-1-veh_767,P_2-1_1878,117.99999999999757,6894.0,1.0
P_1-1-veh_767,P_1-3_3339,88.99999999999922,6894.0,1.0
P_1-1-veh_767,P_1-1-pt_7915,906.0000000001374,6894.0,1.0
P_1-2_4853,P_1-3_268,430.0000000000293,6891.0,1.0
P_1-2_4853,P_1-2_2180,73.00000000000013,6891.0,1.0
P_1-2_4853,P_1-2_3879,78.99999999999979,6891.0,1.0
P_1-2_4853,P_1-3_4262,68.00000000000041,6891.0,1.0
P_1-2_4853,P_2-1_1463,76.9999999999999,6891.0,1.0
P_1-2_4853,P_2-1_4788,88.99999999999922,6891.0,1.0
P_1-2_4853,P_2-1_499,89.99999999999916,6891.0,1.0
P_1-2_4853,P_2-1_804,77.99999999999984,6891.0,1.0
P_1-2_4853,P_2-1_213,85.99999999999939,6891.0,1.0
P_1-2_4853,P_1-2_4065,57.00000000000054,6891.0,1.0
P_1-3_1785,P_1-1-pt_5078,29.000000000000142,6891.0,1.0
P_1-3_1785,P_1-3_3046,67.00000000000047,6891.0,1.0
P_1-3_1785,P_1-3_3457,68.00000000000041,6891.0,1.0
P_1-3_1785,P_1-1-veh_234,68.00000000000041,6891.0,1.0
P_1-3_1785,P_1-1-pt_2606,75.00000000000001,6891.0,1.0
P_1-3_1785,P_1-1-pt_3067,92.99999999999899,6891.0,1.0
P_1-3_1785,P_1-1-pt_7142,67.00000000000047,6891.0,1.0
P_1-3_1785,P_1-1-pt_6538,66.00000000000053,6891.0,1.0
P_1-3_1785,P_1-1-pt_8682,67.00000000000047,6891.0,1.0
P_1-3_1785,P_1-2_4464,50.00000000000044,6891.0,1.0
P_1-3_1785,P_1-2_3389,69.00000000000036,6891.0,1.0
P_1-3_1785,P_1-1-pt_1714,70.0000000000003,6891.0,1.0
P_1-3_1785,P_1-2_2287,70.0000000000003,6891.0,1.0
P_1-3_1785,P_1-2_4771,139.99999999999633,6891.0,1.0
P_1-3_1785,P_1-1-pt_3629,140.99999999999628,6891.0,1.0
P_1-3_1785,P_1-2_3081,70.0000000000003,6891.0,1.0
P_1-3_1785,P_1-2_5951,70.0000000000003,6891.0,1.0
P_1-3_1785,P_1-1-pt_560,74.00000000000007,6891.0,1.0
P_1-3_1785,P_1-3_4690,7.999999999999988,6891.0,1.0
P_1-3_2323,P_1-3_4168,68.00000000000041,6890.0,1.0
P_1-3_2323,P_1-1-pt_7080,66.00000000000053,6890.0,1.0
P_1-3_2323,P_1-1-veh_792,133.99999999999667,6890.0,1.0
P_1-3_2323,P_1-1-pt_7208,154.99999999999548,6890.0,1.0
P_1-3_2323,P_1-2_1203,136.9999999999965,6890.0,1.0
P_1-3_2323,P_1-3_3494,68.00000000000041,6890.0,1.0
P_1-3_2323,P_1-1-pt_6779,75.00000000000001,6890.0,1.0
P_1-3_2323,P_1-1-veh_105,105.99999999999825,6890.0,1.0
P_1-3_2323,P_1-2_2554,67.00000000000047,6890.0,1.0
P_1-3_2323,P_1-1-pt_7760,76.9999999999999,6890.0,1.0
P_1-3_2323,P_1-1-pt_6273,220.99999999999173,6890.0,1.0
P_1-3_2323,P_1-3_403,106.9999999999982,6890.0,1.0
P_1-3_2323,P_1-3_2955,67.00000000000047,6890.0,1.0
P_1-3_2323,P_1-3_528,43.00000000000034,6890.0,1.0
P_1-3_2323,P_1-1-pt_8682,38.00000000000027,6890.0,1.0
P_1-3_2323,P_1-1-pt_7142,131.9999999999968,6890.0,1.0
P_2-1_4127,P_2-1_1248,62.00000000000061,6875.0,1.0
P_2-1_4127,P_1-2_5518,61.0000000000006,6875.0,1.0
P_2-1_4127,P_1-2_1063,62.00000000000061,6875.0,1.0
P_2-1_4127,P_1-2_168,62.00000000000061,6875.0,1.0
P_2-1_4127,P_1-2_3708,70.0000000000003,6875.0,1.0
P_2-1_4127,P_1-1-pt_4875,67.00000000000047,6875.0,1.0
P_2-1_4127,P_1-3_3759,100.99999999999854,6875.0,1.0
P_1-2_3575,P_1-2_5640,12.99999999999997,6873.0,0.7286483340608176
P_1-2_3575,P_1-1-pt_8545,2127.99999999916,6873.0,0.7286483340608176
P_1-2_3575,P_1-1-pt_6368,26.0000000000001,6873.0,0.7286483340608176
P_1-2_3575,P_1-2_3052,35.00000000000023,6873.0,0.7286483340608176
P_1-2_3575,P_1-2_2512,1703.9999999995457,6873.0,0.7286483340608176
P_1-2_3575,P_1-2_2613,2121.9999999991655,6873.0,0.7286483340608176
P_1-2_3575,P_1-1-pt_654,40.0000000000003,6873.0,0.7286483340608176
P_1-2_3575,P_1-1-pt_1966,140.99999999999628,6873.0,0.7286483340608176
P_1-2_3575,P_1-2_3386,220.99999999999173,6873.0,0.7286483340608176
P_1-2_3575,P_1-3_2985,101.99999999999848,6873.0,0.7286483340608176
P_1-2_3575,P_1-2_1990,128.99999999999696,6873.0,0.7286483340608176
P_1-2_3575,P_1-1-veh_602,106.9999999999982,6873.0,0.7286483340608176
P_1-3_528,P_1-1-pt_1966,75.00000000000001,6873.0,1.0
P_1-3_528,P_1-1-pt_5666,44.000000000000355,6873.0,1.0
P_1-3_528,P_1-1-veh_610,50.00000000000044,6873.0,1.0
P_1-3_528,P_1-1-pt_3067,106.9999999999982,6873.0,1.0
P_1-3_528,P_1-1-pt_761,38.00000000000027,6873.0,1.0
P_1-3_528,P_1-1-pt_3386,522.0000000000501,6873.0,1.0
P_1-3_528,P_1-1-pt_2606,462.00000000003655,6873.0,1.0
P_1-3_528,P_1-2_303,68.00000000000041,6873.0,1.0
P_1-3_528,P_1-1-veh_792,68.00000000000041,6873.0,1.0
P_1-3_528,P_1-1-pt_6273,114.99999999999774,6873.0,1.0
P_1-3_528,P_1-1-veh_105,68.00000000000041,6873.0,1.0
P_1-3_528,P_1-1-pt_7763,23.000000000000057,6873.0,1.0
P_1-3_528,P_1-2_1203,69.00000000000036,6873.0,1.0
P_1-3_528,P_1-2_2554,68.00000000000041,6873.0,1.0
P_1-3_528,P_1-1-pt_7760,54.0000000000005,6873.0,1.0
P_1-3_528,P_1-3_403,103.99999999999837,6873.0,1.0
P_1-3_528,P_1-3_2955,74.00000000000007,6873.0,1.0
P_1-3_528,P_1-3_2323,43.00000000000034,6873.0,1.0
P_1-3_528,P_1-3_3759,229.99999999999122,6873.0,1.0
P_1-3_528,P_1-3_3494,45.00000000000037,6873.0,1.0
P_1-3_528,P_1-1-pt_8682,15.99999999999996,6873.0,1.0
P_1-3_528,P_1-1-pt_7142,120.9999999999974,6873.0,1.0
P_1-3_3759,P_1-3_2643,68.00000000000041,6872.0,1.0
P_1-3_3759,P_1-1-pt_2808,63.000000000000625,6872.0,1.0
P_1-3_3759,P_1-2_2702,61.0000000000006,6872.0,1.0
P_1-3_3759,P_1-3_528,229.99999999999122,6872.0,1.0
P_1-3_3759,P_1-3_3494,95.99999999999882,6872.0,1.0
P_1-3_3759,P_1-1-pt_6931,163.99999999999497,6872.0,1.0
P_1-3_3759,P_2-1_4127,100.99999999999854,6872.0,1.0
P_1-2_3386,P_1-1-pt_5392,1119.0000000000778,6871.0,1.0
P_1-2_3386,P_1-1-pt_6368,32.000000000000185,6871.0,1.0
P_1-2_3386,P_1-2_3052,40.0000000000003,6871.0,1.0
P_1-2_3386,P_1-1-pt_8545,746.0000000001011,6871.0,1.0
P_1-2_3386,P_1-1-pt_1966,143.9999999999961,6871.0,1.0
P_1-2_3386,P_1-2_3575,220.99999999999173,6871.0,1.0
P_1-2_3386,P_1-3_2985,70.0000000000003,6871.0,1.0
P_1-2_3386,P_1-2_2512,220.99999999999173,6871.0,1.0
P_1-2_3386,P_1-2_1990,67.00000000000047,6871.0,1.0
P_1-2_3386,P_1-1-veh_602,40.0000000000003,6871.0,1.0
P_1-2_3280,P_1-1-pt_5078,84.99999999999945,6864.0,1.0
P_1-2_3280,P_1-1-veh_234,70.0000000000003,6864.0,1.0
P_1-2_3280,P_1-1-pt_7142,68.00000000000041,6864.0,1.0
P_1-2_3280,P_1-1-pt_6538,66.00000000000053,6864.0,1.0
P_1-2_3280,P_1-1-pt_8682,66.00000000000053,6864.0,1.0
P_1-2_3280,P_1-3_3579,74.00000000000007,6864.0,1.0
P_1-2_3280,P_1-2_3389,69.00000000000036,6864.0,1.0
P_1-2_3280,P_1-3_874,80.99999999999967,6864.0,1.0
P_1-2_3280,P_1-2_4734,141.99999999999622,6864.0,1.0
P_1-2_3280,P_1-3_2454,70.0000000000003,6864.0,1.0
P_1-2_3280,P_1-2_4206,141.99999999999622,6864.0,1.0
P_1-2_3280,P_1-3_1500,139.99999999999633,6864.0,1.0
P_1-2_3280,P_1-3_3901,139.99999999999633,6864.0,1.0
P_1-2_3280,P_1-2_1420,75.00000000000001,6864.0,1.0
P_1-2_3280,P_1-3_228,84.99999999999945,6864.0,1.0
P_1-2_3280,P_1-3_3834,70.0000000000003,6864.0,1.0
P_1-2_3280,P_1-3_3776,71.00000000000024,6864.0,1.0
P_1-2_3280,P_2-1_2161,71.00000000000024,6864.0,1.0
P_1-2_3280,P_1-3_3046,70.0000000000003,6864.0,1.0
P_1-2_3280,P_1-3_3457,71.00000000000024,6864.0,1.0
P_1-2_3280,P_1-3_4168,70.0000000000003,6864.0,1.0
P_1-2_3280,P_1-3_2053,70.0000000000003,6864.0,1.0
P_1-2_593,P_1-2_5943,99.9999999999986,6862.0,1.0
P_1-2_593,P_1-1-pt_4645,480.00000000004064,6862.0,1.0
P_1-2_593,P_1-1-pt_5481,183.99999999999383,6862.0,1.0
P_1-2_593,P_1-3_4822,21.00000000000003,6862.0,1.0
P_1-2_593,P_1-2_3716,34.00000000000021,6862.0,1.0
P_1-2_593,P_1-2_4098,39.000000000000284,6862.0,1.0
P_1-2_593,P_1-3_2482,53.00000000000048,6862.0,1.0
P_1-2_593,P_1-2_1025,120.9999999999974,6862.0,1.0
P_1-2_593,P_1-2_1219,73.00000000000013,6862.0,1.0
P_1-1-pt_4996,P_1-1-veh_610,82.99999999999956,6860.0,1.0
P_1-1-pt_4996,P_1-1-pt_761,179.99999999999406,6860.0,1.0
P_1-1-pt_4996,P_1-1-pt_3097,160.99999999999514,6860.0,1.0
P_1-1-pt_4996,P_1-1-pt_2834,203.9999999999927,6860.0,1.0
P_1-1-pt_4996,P_1-1-pt_3386,4.999999999999998,6860.0,1.0
P_1-1-pt_4996,P_1-1-pt_6297,79.99999999999973,6860.0,1.0
P_1-1-pt_4996,P_1-1-pt_5199,161.99999999999508,6860.0,1.0
P_1-1-pt_4996,P_1-2_2875,83.9999999999995,6860.0,1.0
P_1-1-pt_4996,P_1-1-pt_6931,83.9999999999995,6860.0,1.0
P_1-1-pt_4996,P_1-1-pt_3067,82.99999999999956,6860.0,1.0
P_1-1-pt_4996,P_1-1-pt_530,89.99999999999916,6860.0,1.0
P_1-1-pt_4996,P_1-1-pt_776,103.99999999999837,6860.0,1.0
P_1-1-pt_4996,P_1-1-pt_1296,79.99999999999973,6860.0,1.0
P_1-1-pt_4996,P_1-1-pt_494,1108.0000000000878,6860.0,1.0
P_1-1-pt_4996,P_2-1_3764,31.00000000000017,6860.0,1.0
P_1-1-pt_4996,P_2-1_2925,32.000000000000185,6860.0,1.0
P_1-1-pt_4996,P_2-1_63,32.000000000000185,6860.0,1.0
P_1-1-pt_4996,P_1-2_1612,33.0000000000002,6860.0,1.0
P_1-1-pt_4996,P_1-1-pt_6453,54.0000000000005,6860.0,1.0
P_1-1-pt_4996,P_1-3_3245,52.00000000000047,6860.0,1.0
P_1-1-pt_4996,P_1-1-pt_2162,493.0000000000436,6860.0,1.0
P_1-1-pt_4996,P_2-1_5419,45.00000000000037,6860.0,1.0
P_1-1-pt_4996,P_1-1-pt_6413,60.00000000000058,6860.0,1.0
P_1-1-pt_4996,P_1-1-pt_297,354.000000000012,6860.0,1.0
P_1-1-pt_4996,P_1-1-pt_6176,80.99999999999967,6860.0,1.0
P_1-1-pt_4996,P_1-1-pt_1270,26.0000000000001,6860.0,1.0
P_1-2_1600,P_1-1-pt_530,64.00000000000064,6859.0,0.6601545414783496
P_1-2_1600,P_1-2_5252,68.00000000000041,6859.0,0.6601545414783496
P_1-2_1600,P_1-3_2280,45.00000000000037,6859.0,0.6601545414783496
P_1-2_1600,P_1-3_5117,68.00000000000041,6859.0,0.6601545414783496
P_1-2_1600,P_1-2_2183,68.00000000000041,6859.0,0.6601545414783496
P_1-2_1600,P_1-3_5537,69.00000000000036,6859.0,0.6601545414783496
P_1-2_1600,P_1-1-pt_6309,6819.000000007276,6859.0,0.6601545414783496
P_1-2_1600,P_1-1-veh_603,5454.00000000231,6859.0,0.6601545414783496
P_1-1-pt_2162,P_1-1-pt_1108,132.99999999999673,6850.0,1.0
P_1-1-pt_2162,P_1-1-pt_8247,75.00000000000001,6850.0,1.0
P_1-1-pt_2162,P_1-1-pt_3275,63.000000000000625,6850.0,1.0
P_1-1-pt_2162,P_1-1-pt_1560,65.00000000000058,6850.0,1.0
P_1-1-pt_2162,P_1-1-pt_1966,77.99999999999984,6850.0,1.0
P_1-1-pt_2162,P_1-1-pt_977,2.0000000000000004,6850.0,1.0
P_1-1-pt_2162,P_1-2_2875,90.9999999999991,6850.0,1.0
P_1-1-pt_2162,P_1-1-pt_5906,78.99999999999979,6850.0,1.0
P_1-1-pt_2162,P_1-1-pt_1238,78.99999999999979,6850.0,1.0
P_1-1-pt_2162,P_1-1-pt_3916,77.99999999999984,6850.0,1.0
P_1-1-pt_2162,P_1-1-pt_1226,76.9999999999999,6850.0,1.0
P_1-1-pt_2162,P_1-1-pt_3409,149.99999999999577,6850.0,1.0
P_1-1-pt_2162,P_1-1-veh_792,236.99999999999082,6850.0,1.0
P_1-1-pt_2162,P_1-1-pt_3624,110.99999999999797,6850.0,1.0
P_1-1-pt_2162,P_2-1_3764,73.00000000000013,6850.0,1.0
P_1-1-pt_2162,P_2-1_2925,72.00000000000018,6850.0,1.0
P_1-1-pt_2162,P_1-1-pt_3097,7.999999999999988,6850.0,1.0
P_1-1-pt_2162,P_2-1_63,81.99999999999962,6850.0,1.0
P_1-1-pt_2162,P_1-2_1612,77.99999999999984,6850.0,1.0
P_1-1-pt_2162,P_1-1-pt_761,64.00000000000064,6850.0,1.0
P_1-1-pt_2162,P_1-1-pt_6453,74.00000000000007,6850.0,1.0
P_1-1-pt_2162,P_1-1-pt_5666,59.00000000000057,6850.0,1.0
P_1-1-pt_2162,P_1-3_3245,72.00000000000018,6850.0,1.0
P_1-1-pt_2162,P_1-1-pt_4996,493.0000000000436,6850.0,1.0
P_1-1-pt_2162,P_1-1-pt_6413,76.9999999999999,6850.0,1.0
P_1-1-pt_2162,P_2-1_5419,73.00000000000013,6850.0,1.0
P_1-1-pt_2162,P_1-1-pt_494,5268.000000001633,6850.0,1.0
P_1-1-pt_2162,P_1-1-pt_8728,73.00000000000013,6850.0,1.0
P_1-1-pt_2162,P_1-2_4483,73.00000000000013,6850.0,1.0
P_1-1-pt_2162,P_1-1-pt_1270,68.00000000000041,6850.0,1.0
P_1-1-pt_2162,P_1-1-pt_1473,7.999999999999988,6850.0,1.0
P_1-1-pt_2162,P_1-1-pt_7863,27.000000000000114,6850.0,1.0
P_1-1-pt_4671,P_1-1-pt_3927,73.00000000000013,6848.0,1.0
P_1-1-pt_4671,P_1-1-pt_1298,72.00000000000018,6848.0,1.0
P_1-1-pt_4671,P_1-1-pt_1270,188.99999999999355,6848.0,1.0
P_1-1-pt_4671,P_1-1-pt_5897,529.0000000000517,6848.0,1.0
P_1-1-pt_4671,P_1-1-pt_4919,114.99999999999774,6848.0,1.0
P_1-1-pt_4671,P_1-1-pt_1304,82.99999999999956,6848.0,1.0
P_1-1-pt_4671,P_1-1-pt_3275,79.99999999999973,6848.0,1.0
P_1-1-pt_4671,P_1-1-pt_1560,79.99999999999973,6848.0,1.0
P_1-1-pt_4671,P_1-1-pt_1966,76.9999999999999,6848.0,1.0
P_1-1-pt_4671,P_1-1-pt_5906,76.9999999999999,6848.0,1.0
P_1-1-pt_4671,P_1-1-pt_1238,76.9999999999999,6848.0,1.0
P_1-1-pt_4671,P_1-1-pt_3916,77.99999999999984,6848.0,1.0
P_1-1-pt_4671,P_1-1-pt_1108,73.00000000000013,6848.0,1.0
P_1-1-pt_4671,P_1-1-pt_1226,77.99999999999984,6848.0,1.0
P_1-1-pt_4671,P_1-1-pt_3409,444.00000000003246,6848.0,1.0
P_1-1-pt_4671,P_1-1-pt_3624,73.00000000000013,6848.0,1.0
P_1-1-pt_4671,P_1-1-pt_3769,687.0000000000877,6848.0,1.0
P_1-1-pt_4671,P_1-1-veh_792,221.99999999999167,6848.0,1.0
P_1-1-pt_4671,P_2-1_3764,70.0000000000003,6848.0,1.0
P_1-1-pt_4671,P_1-1-pt_3097,7.999999999999988,6848.0,1.0
P_1-1-pt_4671,P_2-1_2925,70.0000000000003,6848.0,1.0
P_1-1-pt_4671,P_1-1-pt_1473,89.99999999999916,6848.0,1.0
P_1-1-pt_4671,P_1-1-pt_6297,78.99999999999979,6848.0,1.0
P_1-1-pt_4671,P_1-1-pt_6031,78.99999999999979,6848.0,1.0
P_1-1-pt_4671,P_1-1-pt_7080,56.000000000000526,6848.0,1.0
P_1-1-pt_4671,P_1-2_1255,39.000000000000284,6848.0,1.0
P_1-2_1066,P_1-1-pt_6031,24.00000000000007,6843.0,1.0
P_1-2_1066,P_1-1-pt_4715,72.00000000000018,6843.0,1.0
P_1-2_1066,P_1-2_5640,460.0000000000361,6843.0,1.0
P_1-1-pt_6931,P_1-3_2955,872.0000000001297,6836.0,1.0
P_1-1-pt_6931,P_1-1-pt_4996,83.9999999999995,6836.0,1.0
P_1-1-pt_6931,P_1-1-pt_3386,81.99999999999962,6836.0,1.0
P_1-1-pt_6931,P_1-1-pt_3067,121.99999999999734,6836.0,1.0
P_1-1-pt_6931,P_1-1-pt_530,14.999999999999963,6836.0,1.0
P_1-1-pt_6931,P_1-1-pt_776,106.9999999999982,6836.0,1.0
P_1-1-pt_6931,P_1-2_303,345.00000000000995,6836.0,1.0
P_1-1-pt_6931,P_1-1-pt_1226,90.9999999999991,6836.0,1.0
P_1-1-pt_6931,P_1-1-pt_5199,122.99999999999729,6836.0,1.0
P_1-1-pt_6931,P_1-1-pt_7080,64.00000000000064,6836.0,1.0
P_1-1-pt_6931,P_1-3_4690,383.0000000000186,6836.0,1.0
P_1-1-pt_6931,P_1-1-pt_1473,77.99999999999984,6836.0,1.0
P_1-1-pt_6931,P_1-1-pt_6297,42.00000000000033,6836.0,1.0
P_1-1-pt_6931,P_2-1_2136,89.99999999999916,6836.0,1.0
P_1-1-pt_6931,P_1-1-veh_65,73.00000000000013,6836.0,1.0
P_1-1-pt_6931,P_1-1-pt_2529,73.00000000000013,6836.0,1.0
P_1-1-pt_6931,P_1-1-pt_8830,70.0000000000003,6836.0,1.0
P_1-1-pt_6931,P_1-3_3759,163.99999999999497,6836.0,1.0
P_1-1-pt_2844,P_2-1_6236,21.00000000000003,6829.0,1.0
P_1-1-pt_2844,P_1-2_5927,47.0000000000004,6829.0,1.0
P_1-1-pt_2844,P_1-2_3214,38.00000000000027,6829.0,1.0
P_1-1-pt_2844,P_1-2_4715,46.000000000000384,6829.0,1.0
P_1-1-pt_2844,P_1-2_2653,47.0000000000004,6829.0,1.0
P_1-1-pt_2844,P_1-1-pt_2770,24.00000000000007,6829.0,1.0
P_1-1-pt_2844,P_1-2_4454,0.9999999999999999,6829.0,1.0
P_1-1-pt_2844,P_1-1-pt_6355,17.999999999999986,6829.0,1.0
P_1-1-pt_2844,P_1-1-pt_2863,88.99999999999922,6829.0,1.0
P_1-1-pt_2844,P_1-1-pt_8969,22.000000000000043,6829.0,1.0
P_1-1-pt_2844,P_2-1_5067,47.0000000000004,6829.0,1.0
P_1-1-pt_2844,P_1-2_1658,102.99999999999842,6829.0,1.0
P_1-1-pt_2844,P_1-1-pt_1601,73.00000000000013,6829.0,1.0
P_1-1-pt_2844,P_1-1-pt_7938,1634.9999999996085,6829.0,1.0
P_1-1-pt_6309,P_1-1-pt_530,62.00000000000061,6820.0,1.0
P_1-1-pt_6309,P_1-2_5252,66.00000000000053,6820.0,1.0
P_1-1-pt_6309,P_1-3_2280,44.000000000000355,6820.0,1.0
P_1-1-pt_6309,P_1-3_5117,66.00000000000053,6820.0,1.0
P_1-1-pt_6309,P_1-1-pt_3595,343.0000000000095,6820.0,1.0
P_1-1-pt_6309,P_1-2_2183,67.00000000000047,6820.0,1.0
P_1-1-pt_6309,P_1-3_5537,67.00000000000047,6820.0,1.0
P_1-1-pt_6309,P_1-2_1600,6819.000000007276,6820.0,1.0
P_1-1-pt_6309,P_1-1-veh_603,5445.000000002277,6820.0,1.0
P_1-3_2955,P_1-1-pt_6931,872.0000000001297,6818.0,1.0
P_1-3_2955,P_1-1-pt_530,99.9999999999986,6818.0,1.0
P_1-3_2955,P_1-2_2875,95.99999999999882,6818.0,1.0
P_1-3_2955,P_1-1-pt_3386,132.99999999999673,6818.0,1.0
P_1-3_2955,P_1-1-pt_3067,160.99999999999514,6818.0,1.0
P_1-3_2955,P_1-2_2702,57.00000000000054,6818.0,1.0
P_1-3_2955,P_1-3_2323,67.00000000000047,6818.0,1.0
P_1-3_2955,P_1-3_528,74.00000000000007,6818.0,1.0
P_1-3_2955,P_1-3_3494,109.99999999999802,6818.0,1.0
P_1-3_2955,P_1-3_4690,77.99999999999984,6818.0,1.0
P_1-2_4388,P_1-3_3135,69.00000000000036,6804.0,1.0
P_1-2_4388,P_1-2_3488,36.00000000000024,6804.0,1.0
P_1-2_4388,P_1-2_2237,11.999999999999973,6804.0,1.0
P_1-2_4388,P_1-1-pt_2129,22.000000000000043,6804.0,1.0
P_1-2_4388,P_1-1-pt_1039,20.000000000000014,6804.0,1.0
P_1-2_4388,P_2-1_3944,124.99999999999717,6804.0,1.0
P_1-1-veh_234,P_1-3_2454,68.00000000000041,6799.0,1.0
P_1-1-veh_234,P_1-1-veh_105,68.00000000000041,6799.0,1.0
P_1-1-veh_234,P_1-3_3834,68.00000000000041,6799.0,1.0
P_1-1-veh_234,P_1-1-pt_2606,321.0000000000045,6799.0,1.0
P_1-1-veh_234,P_1-1-pt_3067,43.00000000000034,6799.0,1.0
P_1-1-veh_234,P_1-3_1785,68.00000000000041,6799.0,1.0
P_1-1-veh_234,P_1-2_2554,70.0000000000003,6799.0,1.0
P_1-1-veh_234,P_1-2_3280,70.0000000000003,6799.0,1.0
P_1-1-veh_234,P_1-3_3046,69.00000000000036,6799.0,1.0
P_1-1-veh_234,P_1-3_3457,69.00000000000036,6799.0,1.0
P_1-1-veh_234,P_1-1-pt_5078,145.999999999996,6799.0,1.0
P_1-1-veh_234,P_1-1-pt_7208,72.00000000000018,6799.0,1.0
P_1-1-veh_234,P_1-1-pt_1238,70.0000000000003,6799.0,1.0
P_1-1-veh_234,P_1-1-pt_7760,164.9999999999949,6799.0,1.0
P_1-1-veh_234,P_1-1-pt_6538,69.00000000000036,6799.0,1.0
P_1-1-veh_234,P_1-1-pt_7142,145.999999999996,6799.0,1.0
P_1-1-veh_234,P_1-1-pt_776,53.00000000000048,6799.0,1.0
P_1-1-veh_234,P_1-1-pt_8682,138.9999999999964,6799.0,1.0
P_1-1-veh_234,P_1-2_1596,70.0000000000003,6799.0,1.0
P_1-1-veh_234,P_1-3_4168,35.00000000000023,6799.0,1.0
P_1-1-veh_234,P_1-3_2053,68.00000000000041,6799.0,1.0
P_1-1-veh_234,P_1-2_5951,68.00000000000041,6799.0,1.0
P_1-1-veh_234,P_1-1-pt_6297,67.00000000000047,6799.0,1.0
P_1-1-veh_234,P_1-1-pt_5199,204.99999999999264,6799.0,1.0
P_1-1-veh_234,P_1-3_4690,70.0000000000003,6799.0,1.0
P_1-1-veh_234,P_1-1-pt_4901,73.00000000000013,6799.0,1.0
P_1-1-veh_234,P_1-1-pt_7080,145.999999999996,6799.0,1.0
P_1-1-veh_234,P_1-1-pt_6031,136.9999999999965,6799.0,1.0
P_1-1-veh_234,P_1-2_3389,70.0000000000003,6799.0,1.0
P_1-1-veh_234,P_1-1-pt_1473,66.00000000000053,6799.0,1.0
P_1-1-veh_234,P_1-1-pt_5897,67.00000000000047,6799.0,1.0
P_1-1-veh_234,P_1-1-pt_3769,55.00000000000051,6799.0,1.0
P_1-1-veh_234,P_1-2_1255,68.00000000000041,6799.0,1.0
P_1-1-pt_5258,P_1-1-pt_3800,68.00000000000041,6796.0,1.0
P_1-1-pt_5258,P_1-1-pt_7277,74.00000000000007,6796.0,1.0
P_1-1-pt_5258,P_2-1_2293,73.00000000000013,6796.0,1.0
P_1-1-pt_5258,P_1-2_163,73.00000000000013,6796.0,1.0
P_1-1-pt_5258,P_1-1-pt_7948,179.99999999999406,6796.0,1.0
P_1-1-pt_5258,P_1-2_4940,59.00000000000057,6796.0,1.0
P_1-1-pt_5258,P_2-1_4267,115.99999999999768,6796.0,1.0
P_1-1-pt_5258,P_2-1_3390,97.9999999999987,6796.0,1.0
P_1-1-pt_5258,P_1-1-pt_1006,63.000000000000625,6796.0,1.0
P_1-3_2278,P_1-2_1715,26.0000000000001,6794.0,1.0
P_1-3_2278,P_1-1-pt_8247,59.00000000000057,6794.0,1.0
P_1-3_2278,P_1-3_3793,72.00000000000018,6794.0,1.0
P_1-3_2278,P_2-1_6274,139.99999999999633,6794.0,1.0
P_1-1-pt_6031,P_1-2_1066,24.00000000000007,6793.0,1.0
P_1-1-pt_6031,P_1-1-pt_1121,76.9999999999999,6793.0,1.0
P_1-1-pt_6031,P_1-1-pt_2606,78.99999999999979,6793.0,1.0
P_1-1-pt_6031,P_1-1-pt_1966,76.9999999999999,6793.0,1.0
P_1-1-pt_6031,P_1-1-pt_2834,62.00000000000061,6793.0,1.0
P_1-1-pt_6031,P_1-1-pt_5906,76.9999999999999,6793.0,1.0
P_1-1-pt_6031,P_1-1-pt_1238,76.9999999999999,6793.0,1.0
P_1-1-pt_6031,P_1-1-pt_3916,107.99999999999814,6793.0,1.0
P_1-1-pt_6031,P_1-1-pt_1226,76.9999999999999,6793.0,1.0
P_1-1-pt_6031,P_1-1-pt_5199,96.99999999999876,6793.0,1.0
P_1-1-pt_6031,P_1-1-veh_234,136.9999999999965,6793.0,1.0
P_1-1-pt_6031,P_1-1-pt_0,133.99999999999667,6793.0,1.0
P_1-1-pt_6031,P_1-1-pt_8068,197.99999999999304,6793.0,1.0
P_1-1-pt_6031,P_2-1_2136,126.99999999999706,6793.0,1.0
P_1-1-pt_6031,P_1-1-veh_65,72.00000000000018,6793.0,1.0
P_1-1-pt_6031,P_1-1-pt_4671,78.99999999999979,6793.0,1.0
P_1-1-pt_6031,P_1-1-pt_4919,77.99999999999984,6793.0,1.0
P_2-1_1248,P_2-1_4127,62.00000000000061,6790.0,1.0
P_2-1_1248,P_2-1_3119,68.00000000000041,6790.0,1.0
P_2-1_1248,P_1-3_4644,73.00000000000013,6790.0,1.0
P_2-1_1248,P_2-1_2486,68.00000000000041,6790.0,1.0
P_2-1_1248,P_2-1_3601,68.00000000000041,6790.0,1.0
P_2-1_1248,P_2-1_600,69.00000000000036,6790.0,1.0
P_2-1_1248,P_1-2_5765,68.00000000000041,6790.0,1.0
P_2-1_1248,P_1-2_5518,6789.000000007167,6790.0,1.0
P_1-1-pt_776,P_1-1-veh_234,53.00000000000048,6782.0,1.0
P_1-1-pt_776,P_1-1-pt_7142,110.99999999999797,6782.0,1.0
P_1-1-pt_776,P_1-1-pt_7760,79.99999999999973,6782.0,1.0
P_1-1-pt_776,P_1-3_2053,72.00000000000018,6782.0,1.0
P_1-1-pt_776,P_1-1-pt_6538,336.0000000000079,6782.0,1.0
P_1-1-pt_776,P_1-1-pt_6297,132.99999999999673,6782.0,1.0
P_1-1-pt_776,P_1-1-pt_5199,89.99999999999916,6782.0,1.0
P_1-1-pt_776,P_1-2_303,126.99999999999706,6782.0,1.0
P_1-1-pt_776,P_1-1-pt_6931,106.9999999999982,6782.0,1.0
P_1-1-pt_776,P_1-1-pt_4996,103.99999999999837,6782.0,1.0
P_1-1-pt_776,P_1-2_2543,72.00000000000018,6782.0,1.0
P_1-1-pt_4262,P_1-1-pt_1747,111.99999999999791,6777.0,0.9210565146820127
P_1-1-pt_4262,P_1-1-pt_5167,80.99999999999967,6777.0,0.9210565146820127
P_1-1-pt_4262,P_1-1-pt_3671,341.00000000000904,6777.0,0.9210565146820127
P_1-1-pt_4262,P_1-1-pt_2369,33.0000000000002,6777.0,0.9210565146820127
P_1-1-pt_4262,P_1-1-pt_6743,72.00000000000018,6777.0,0.9210565146820127
P_1-1-pt_4262,P_1-1-pt_4736,36.00000000000024,6777.0,0.9210565146820127
P_1-1-pt_4262,P_1-1-pt_2880,69.00000000000036,6777.0,0.9210565146820127
P_1-1-pt_4262,P_1-1-pt_521,52.00000000000047,6777.0,0.9210565146820127
P_1-1-pt_4262,P_1-1-pt_394,121.99999999999734,6777.0,0.9210565146820127
P_1-1-pt_4262,P_1-1-pt_4541,91.99999999999905,6777.0,0.9210565146820127
P_1-1-pt_4262,P_1-2_104,69.00000000000036,6777.0,0.9210565146820127
P_1-1-pt_4262,P_1-1-pt_527,64.00000000000064,6777.0,0.9210565146820127
P_1-1-pt_4262,P_1-2_4962,67.00000000000047,6777.0,0.9210565146820127
P_1-1-pt_4262,P_1-2_1715,72.00000000000018,6777.0,0.9210565146820127
P_1-1-pt_4262,P_1-1-pt_5357,73.00000000000013,6777.0,0.9210565146820127
P_1-1-pt_4262,P_1-1-veh_152,73.00000000000013,6777.0,0.9210565146820127
P_1-1-pt_4262,P_1-1-pt_1420,74.00000000000007,6777.0,0.9210565146820127
P_1-1-pt_4262,P_1-2_2795,72.00000000000018,6777.0,0.9210565146820127
P_1-1-pt_4262,P_1-1-pt_8247,74.00000000000007,6777.0,0.9210565146820127
P_1-1-pt_4262,P_1-2_2543,70.0000000000003,6777.0,0.9210565146820127
P_1-1-pt_4262,P_1-2_671,72.00000000000018,6777.0,0.9210565146820127
P_1-1-pt_4262,P_1-1-pt_3512,74.00000000000007,6777.0,0.9210565146820127
P_1-1-pt_4262,P_1-1-pt_1798,76.9999999999999,6777.0,0.9210565146820127
P_1-1-pt_6673,P_1-1-pt_6355,43.00000000000034,6768.0,1.0
P_1-1-pt_6673,P_1-1-pt_3858,15.99999999999996,6768.0,1.0
P_1-1-pt_6673,P_1-1-pt_7440,71.00000000000024,6768.0,1.0
P_1-1-pt_6673,P_1-1-pt_1006,65.00000000000058,6768.0,1.0
P_1-1-pt_6673,P_1-2_3702,169.99999999999463,6768.0,1.0
P_1-1-pt_6673,P_1-1-pt_4380,271.99999999999335,6768.0,1.0
P_1-1-pt_6673,P_1-3_1945,269.9999999999929,6768.0,1.0
P_1-1-pt_6673,P_1-1-pt_2920,70.0000000000003,6768.0,1.0
P_1-1-pt_6673,P_1-1-pt_5167,72.00000000000018,6768.0,1.0
P_1-1-pt_6673,P_1-1-pt_1747,75.99999999999996,6768.0,1.0
P_1-1-pt_6673,P_1-1-pt_1497,607.0000000000695,6768.0,1.0
P_1-1-pt_6673,P_1-3_1027,96.99999999999876,6768.0,1.0
P_1-1-pt_6673,P_2-1_1724,66.00000000000053,6768.0,1.0
P_1-1-pt_6673,P_1-1-pt_5139,66.00000000000053,6768.0,1.0
P_1-3_3457,P_1-1-veh_105,36.00000000000024,6764.0,1.0
P_1-3_3457,P_1-3_3834,138.9999999999964,6764.0,1.0
P_1-3_3457,P_1-3_1785,68.00000000000041,6764.0,1.0
P_1-3_3457,P_1-2_2554,43.00000000000034,6764.0,1.0
P_1-3_3457,P_1-1-pt_4966,76.9999999999999,6764.0,1.0
P_1-3_3457,P_1-1-veh_234,69.00000000000036,6764.0,1.0
P_1-3_3457,P_1-3_3046,1694.999999999554,6764.0,1.0
P_1-3_3457,P_1-1-pt_7208,73.00000000000013,6764.0,1.0
P_1-3_3457,P_1-1-pt_1238,74.00000000000007,6764.0,1.0
P_1-3_3457,P_1-1-pt_7142,67.00000000000047,6764.0,1.0
P_1-3_3457,P_1-1-pt_6538,66.00000000000053,6764.0,1.0
P_1-3_3457,P_1-1-pt_8682,67.00000000000047,6764.0,1.0
P_1-3_3457,P_1-2_3389,68.00000000000041,6764.0,1.0
P_1-3_3457,P_1-2_4734,139.99999999999633,6764.0,1.0
P_1-3_3457,P_1-3_2454,70.0000000000003,6764.0,1.0
P_1-3_3457,P_1-2_4206,139.99999999999633,6764.0,1.0
P_1-3_3457,P_1-3_1500,140.99999999999628,6764.0,1.0
P_1-3_3457,P_1-3_3901,83.9999999999995,6764.0,1.0
P_1-3_3457,P_1-2_1420,70.0000000000003,6764.0,1.0
P_1-3_3457,P_1-3_228,70.0000000000003,6764.0,1.0
P_1-3_3457,P_1-3_3776,70.0000000000003,6764.0,1.0
P_1-3_3457,P_2-1_2161,70.0000000000003,6764.0,1.0
P_1-3_3457,P_1-2_3280,71.00000000000024,6764.0,1.0
P_1-3_3457,P_1-3_4168,70.0000000000003,6764.0,1.0
P_1-3_3457,P_1-3_2053,70.0000000000003,6764.0,1.0
P_1-2_2229,P_2-1_3376,1066.000000000126,6762.0,0.9699792960662525
P_1-2_2229,P_2-1_5435,1099.000000000096,6762.0,0.9699792960662525
P_1-2_2229,P_2-1_4331,1048.0000000001423,6762.0,0.9699792960662525
P_1-2_2229,P_2-1_6256,1008.0000000001606,6762.0,0.9699792960662525
P_1-2_2229,P_1-2_3908,1035.0000000001542,6762.0,0.9699792960662525
P_1-2_2229,P_1-2_4607,966.0000000001511,6762.0,0.9699792960662525
P_1-2_2229,P_1-2_2030,2574.9999999987535,6762.0,0.9699792960662525
P_1-2_2229,P_1-1-pt_7104,4690.999999999534,6762.0,0.9699792960662525
P_1-2_2229,P_1-2_4886,5920.000000004005,6762.0,0.9699792960662525
P_1-3_635,P_2-1_2136,68.00000000000041,6760.0,1.0
P_1-3_635,P_1-1-veh_65,67.00000000000047,6760.0,1.0
P_1-3_635,P_1-2_168,94.99999999999888,6760.0,1.0
P_1-3_635,P_1-1-pt_4875,80.99999999999967,6760.0,1.0
P_1-3_635,P_1-2_3708,68.00000000000041,6760.0,1.0
P_1-3_635,P_1-2_505,51.000000000000455,6760.0,1.0
P_1-3_635,P_1-2_2715,58.000000000000554,6760.0,1.0
P_1-3_635,P_1-1-pt_0,43.00000000000034,6760.0,1.0
P_1-3_635,P_1-3_4666,68.00000000000041,6760.0,1.0
P_1-3_635,P_1-2_4791,73.00000000000013,6760.0,1.0
P_1-3_635,P_1-2_1533,71.00000000000024,6760.0,1.0
P_1-3_635,P_1-3_5578,71.00000000000024,6760.0,1.0
P_1-3_635,P_1-1-pt_1700,141.99999999999622,6760.0,1.0
P_1-2_4753,P_1-3_2043,5278.00000000167,6759.0,0.8388814913448736
P_1-2_4753,P_1-3_80,44.000000000000355,6759.0,0.8388814913448736
P_1-2_4753,P_1-2_3608,50.00000000000044,6759.0,0.8388814913448736
P_1-2_4753,P_1-3_743,53.00000000000048,6759.0,0.8388814913448736
P_1-2_4753,P_1-3_2599,50.00000000000044,6759.0,0.8388814913448736
P_1-2_4753,P_1-2_5745,50.00000000000044,6759.0,0.8388814913448736
P_1-2_4753,P_1-1-pt_8735,43.00000000000034,6759.0,0.8388814913448736
P_1-2_4753,P_1-2_4266,57.00000000000054,6759.0,0.8388814913448736
P_1-2_4753,P_1-1-pt_6516,40.0000000000003,6759.0,0.8388814913448736
P_1-2_4753,P_1-3_1535,50.00000000000044,6759.0,0.8388814913448736
P_1-2_4753,P_1-1-pt_2032,28.000000000000128,6759.0,0.8388814913448736
P_1-2_4753,P_1-2_609,35.00000000000023,6759.0,0.8388814913448736
P_1-2_4753,P_1-2_2598,34.00000000000021,6759.0,0.8388814913448736
P_1-2_4753,P_1-2_4270,35.00000000000023,6759.0,0.8388814913448736
P_1-3_5475,P_1-1-pt_2820,43.00000000000034,6758.0,1.0
P_1-3_5475,P_1-3_1571,27.000000000000114,6758.0,1.0
P_1-3_5475,P_1-1-pt_2863,65.00000000000058,6758.0,1.0
P_1-3_5475,P_1-1-pt_5139,74.00000000000007,6758.0,1.0
P_1-3_5475,P_1-3_2786,223.99999999999156,6758.0,1.0
P_1-3_5475,P_1-1-pt_1006,120.9999999999974,6758.0,1.0
P_1-3_5475,P_2-1_5067,115.99999999999768,6758.0,1.0
P_1-3_5475,P_1-3_4663,34.00000000000021,6758.0,1.0
P_1-3_5475,P_1-2_1658,92.99999999999899,6758.0,1.0
P_1-3_5475,P_1-3_4881,100.99999999999854,6758.0,1.0
P_1-3_5475,P_1-2_5543,77.99999999999984,6758.0,1.0
P_1-3_5475,P_1-3_4025,72.00000000000018,6758.0,1.0
P_1-3_5475,P_2-1_4267,114.99999999999774,6758.0,1.0
P_1-3_5475,P_2-1_3390,134.99999999999662,6758.0,1.0
P_1-3_5475,P_2-1_600,68.00000000000041,6758.0,1.0
P_1-3_5475,P_1-2_5765,68.00000000000041,6758.0,1.0
P_1-3_5475,P_2-1_1463,75.99999999999996,6758.0,1.0
P_1-3_5475,P_2-1_4788,68.00000000000041,6758.0,1.0
P_1-3_5475,P_2-1_499,68.00000000000041,6758.0,1.0
P_1-3_5475,P_2-1_804,68.00000000000041,6758.0,1.0
P_1-3_5475,P_2-1_213,68.00000000000041,6758.0,1.0
P_1-1-pt_560,P_1-3_874,1088.000000000106,6756.0,1.0
P_1-1-pt_560,P_1-2_3389,28.000000000000128,6756.0,1.0
P_1-1-pt_560,P_1-2_4771,182.9999999999939,6756.0,1.0
P_1-1-pt_560,P_1-1-pt_1714,129.9999999999969,6756.0,1.0
P_1-1-pt_560,P_1-2_2287,70.0000000000003,6756.0,1.0
P_1-1-pt_560,P_1-2_1420,21.00000000000003,6756.0,1.0
P_1-1-pt_560,P_1-3_3793,699.0000000000904,6756.0,1.0
P_1-1-pt_560,P_1-3_870,68.00000000000041,6756.0,1.0
P_1-1-pt_560,P_1-1-pt_3629,57.00000000000054,6756.0,1.0
P_1-1-pt_560,P_1-2_3081,69.00000000000036,6756.0,1.0
P_1-1-pt_560,P_1-2_5951,68.00000000000041,6756.0,1.0
P_1-1-pt_560,P_1-3_1785,74.00000000000007,6756.0,1.0
P_1-3_4644,P_2-1_2384,68.00000000000041,6750.0,0.9638518518518518
P_1-3_4644,P_2-1_1248,73.00000000000013,6750.0,0.9638518518518518
P_1-3_4644,P_1-2_5518,73.00000000000013,6750.0,0.9638518518518518
P_1-3_4644,P_1-2_1063,69.00000000000036,6750.0,0.9638518518518518
P_1-3_4644,P_1-2_168,62.00000000000061,6750.0,0.9638518518518518
P_1-3_4644,P_1-2_3708,62.00000000000061,6750.0,0.9638518518518518
P_1-1-pt_494,P_1-2_4208,67.00000000000047,6748.0,1.0
P_1-1-pt_494,P_1-1-pt_3927,412.0000000000252,6748.0,1.0
P_1-1-pt_494,P_1-1-pt_1108,134.99999999999662,6748.0,1.0
P_1-1-pt_494,P_1-1-pt_8247,75.00000000000001,6748.0,1.0
P_1-1-pt_494,P_1-1-pt_3275,63.000000000000625,6748.0,1.0
P_1-1-pt_494,P_1-1-pt_1560,66.00000000000053,6748.0,1.0
P_1-1-pt_494,P_1-1-pt_1966,77.99999999999984,6748.0,1.0
P_1-1-pt_494,P_1-1-pt_977,38.00000000000027,6748.0,1.0
P_1-1-pt_494,P_1-2_2875,89.99999999999916,6748.0,1.0
P_1-1-pt_494,P_1-1-pt_5906,79.99999999999973,6748.0,1.0
P_1-1-pt_494,P_1-1-pt_1238,78.99999999999979,6748.0,1.0
P_1-1-pt_494,P_1-1-pt_3916,77.99999999999984,6748.0,1.0
P_1-1-pt_494,P_1-1-pt_1226,77.99999999999984,6748.0,1.0
P_1-1-pt_494,P_1-1-veh_792,219.9999999999918,6748.0,1.0
P_1-1-pt_494,P_1-1-pt_3409,75.99999999999996,6748.0,1.0
P_1-1-pt_494,P_1-1-pt_3624,96.99999999999876,6748.0,1.0
P_1-1-pt_494,P_1-1-pt_4996,1108.0000000000878,6748.0,1.0
P_1-1-pt_494,P_2-1_3764,72.00000000000018,6748.0,1.0
P_1-1-pt_494,P_2-1_2925,73.00000000000013,6748.0,1.0
P_1-1-pt_494,P_1-1-pt_3097,7.999999999999988,6748.0,1.0
P_1-1-pt_494,P_2-1_63,77.99999999999984,6748.0,1.0
P_1-1-pt_494,P_1-2_1612,72.00000000000018,6748.0,1.0
P_1-1-pt_494,P_1-1-pt_761,75.00000000000001,6748.0,1.0
P_1-1-pt_494,P_1-1-pt_6453,58.000000000000554,6748.0,1.0
P_1-1-pt_494,P_1-3_3245,59.00000000000057,6748.0,1.0
P_1-1-pt_494,P_1-1-pt_6413,59.00000000000057,6748.0,1.0
P_1-1-pt_494,P_2-1_5419,45.00000000000037,6748.0,1.0
P_1-1-pt_494,P_1-1-pt_2162,5268.000000001633,6748.0,1.0
P_1-1-pt_494,P_1-1-pt_297,328.0000000000061,6748.0,1.0
P_2-1_3136,P_2-1_5450,350.0000000000111,6740.0,1.0
P_1-2_573,P_1-3_4954,2031.9999999992474,6739.0,1.0
P_1-2_573,P_1-3_2018,308.00000000000153,6739.0,1.0
P_1-2_573,P_1-1-pt_5241,66.00000000000053,6739.0,1.0
P_1-2_573,P_1-2_4634,147.99999999999588,6739.0,1.0
P_1-2_573,P_1-3_4775,139.99999999999633,6739.0,1.0
P_1-2_573,P_1-3_2410,71.00000000000024,6739.0,1.0
P_1-2_573,P_1-3_3253,147.99999999999588,6739.0,1.0
P_1-2_573,P_1-3_2633,155.99999999999542,6739.0,1.0
P_1-2_573,P_1-2_3693,379.0000000000177,6739.0,1.0
P_1-2_573,P_1-3_4875,101.99999999999848,6739.0,1.0
P_1-2_573,P_1-3_3410,83.9999999999995,6739.0,1.0
P_1-2_573,P_1-2_5210,5733.000000003325,6739.0,1.0
P_1-2_163,P_1-2_5927,72.00000000000018,6738.0,1.0
P_1-2_163,P_1-2_752,81.99999999999962,6738.0,1.0
P_1-2_163,P_1-3_3339,82.99999999999956,6738.0,1.0
P_1-2_163,P_1-1-pt_7948,8.999999999999984,6738.0,1.0
P_1-2_163,P_1-1-pt_5258,73.00000000000013,6738.0,1.0
P_1-2_163,P_1-3_4253,69.00000000000036,6738.0,1.0
P_1-2_163,P_1-1-pt_7959,67.00000000000047,6738.0,1.0
P_1-2_163,P_2-1_5841,69.00000000000036,6738.0,1.0
P_2-1_2293,P_1-1-pt_7915,63.000000000000625,6735.0,1.0
P_2-1_2293,P_1-1-pt_5258,73.00000000000013,6735.0,1.0
P_2-1_2293,P_1-3_4253,68.00000000000041,6735.0,1.0
P_2-1_2293,P_1-1-pt_7959,65.00000000000058,6735.0,1.0
P_2-1_2293,P_2-1_5841,68.00000000000041,6735.0,1.0
P_2-1_2293,P_1-1-pt_6381,91.99999999999905,6735.0,1.0
P_2-1_2293,P_1-1-veh_824,84.99999999999945,6735.0,1.0
P_2-1_2293,P_1-1-pt_2342,282.99999999999585,6735.0,1.0
P_1-2_2030,P_2-1_6256,1029.0000000001596,6734.0,0.6471636471636472
P_1-2_2030,P_2-1_5435,1024.0000000001642,6734.0,0.6471636471636472
P_1-2_2030,P_2-1_4331,1028.0000000001605,6734.0,0.6471636471636472
P_1-2_2030,P_1-2_3908,962.0000000001502,6734.0,0.6471636471636472
P_1-2_2030,P_1-2_4607,959.0000000001495,6734.0,0.6471636471636472
P_1-2_2030,P_1-1-pt_7104,1217.9999999999877,6734.0,0.6471636471636472
P_1-2_2030,P_1-2_4886,986.0000000001556,6734.0,0.6471636471636472
P_1-2_2030,P_1-2_2229,2574.9999999987535,6734.0,0.6471636471636472
P_1-2_2030,P_2-1_3376,6680.00000000677,6734.0,0.6471636471636472
P_1-1-veh_65,P_1-3_635,67.00000000000047,6733.0,1.0
P_1-1-veh_65,P_2-1_2136,261.9999999999911,6733.0,1.0
P_1-1-veh_65,P_1-1-pt_4875,92.99999999999899,6733.0,1.0
P_1-1-veh_65,P_1-2_168,80.99999999999967,6733.0,1.0
P_1-1-veh_65,P_1-1-pt_8830,66.00000000000053,6733.0,1.0
P_1-1-veh_65,P_1-2_3708,68.00000000000041,6733.0,1.0
P_1-1-veh_65,P_1-1-pt_7142,230.99999999999116,6733.0,1.0
P_1-1-veh_65,P_1-2_2715,66.00000000000053,6733.0,1.0
P_1-1-veh_65,P_1-1-pt_2529,93.99999999999893,6733.0,1.0
P_1-1-veh_65,P_1-1-pt_6931,73.00000000000013,6733.0,1.0
P_1-1-veh_65,P_1-1-pt_6031,72.00000000000018,6733.0,1.0
P_1-1-veh_65,P_1-1-pt_8068,71.00000000000024,6733.0,1.0
P_1-3_4690,P_1-1-pt_2606,4.000000000000002,6733.0,1.0
P_1-3_4690,P_1-3_5578,51.000000000000455,6733.0,1.0
P_1-3_4690,P_1-1-pt_8068,67.00000000000047,6733.0,1.0
P_1-3_4690,P_1-1-pt_8728,4.999999999999998,6733.0,1.0
P_1-3_4690,P_1-1-pt_4966,90.9999999999991,6733.0,1.0
P_1-3_4690,P_1-1-pt_6176,75.00000000000001,6733.0,1.0
P_1-3_4690,P_1-1-pt_297,67.00000000000047,6733.0,1.0
P_1-3_4690,P_1-1-pt_6538,68.00000000000041,6733.0,1.0
P_1-3_4690,P_1-1-pt_4901,67.00000000000047,6733.0,1.0
P_1-3_4690,P_1-1-pt_8682,67.00000000000047,6733.0,1.0
P_1-3_4690,P_1-1-pt_5078,68.00000000000041,6733.0,1.0
P_1-3_4690,P_1-2_1596,70.0000000000003,6733.0,1.0
P_1-3_4690,P_1-1-veh_234,70.0000000000003,6733.0,1.0
P_1-3_4690,P_1-1-pt_7080,66.00000000000053,6733.0,1.0
P_1-3_4690,P_1-1-pt_6931,383.0000000000186,6733.0,1.0
P_1-3_4690,P_1-2_3389,68.00000000000041,6733.0,1.0
P_1-3_4690,P_1-3_2955,77.99999999999984,6733.0,1.0
P_1-3_4690,P_1-1-pt_1714,72.00000000000018,6733.0,1.0
P_1-3_4690,P_1-2_2287,71.00000000000024,6733.0,1.0
P_1-3_4690,P_1-3_2454,70.0000000000003,6733.0,1.0
P_1-3_4690,P_1-3_1785,7.999999999999988,6733.0,1.0
P_1-3_4738,P_1-2_3821,923.0000000001413,6733.0,0.770087628100401
P_1-3_4738,P_1-2_2580,918.0000000001402,6733.0,0.770087628100401
P_1-3_4738,P_1-2_5752,857.0000000001263,6733.0,0.770087628100401
P_1-3_4738,P_1-2_3464,857.0000000001263,6733.0,0.770087628100401
P_1-3_4738,P_1-2_2797,848.0000000001243,6733.0,0.770087628100401
P_1-3_4738,P_2-1_2028,427.0000000000286,6733.0,0.770087628100401
P_1-3_4738,P_1-1-veh_837,5739.000000003347,6733.0,0.770087628100401
P_1-1-pt_1270,P_1-1-pt_4671,188.99999999999355,6731.0,1.0
P_1-1-pt_1270,P_1-1-pt_5897,84.99999999999945,6731.0,1.0
P_1-1-pt_1270,P_1-1-pt_1304,322.0000000000047,6731.0,1.0
P_1-1-pt_1270,P_1-1-pt_7863,16.99999999999997,6731.0,1.0
P_1-1-pt_1270,P_1-1-pt_3275,76.9999999999999,6731.0,1.0
P_1-1-pt_1270,P_1-1-pt_1560,77.99999999999984,6731.0,1.0
P_1-1-pt_1270,P_1-1-pt_4919,4435.999999998607,6731.0,1.0
P_1-1-pt_1270,P_1-1-pt_1966,103.99999999999837,6731.0,1.0
P_1-1-pt_1270,P_1-1-pt_5906,76.9999999999999,6731.0,1.0
P_1-1-pt_1270,P_1-1-pt_1238,75.99999999999996,6731.0,1.0
P_1-1-pt_1270,P_1-1-pt_3916,76.9999999999999,6731.0,1.0
P_1-1-pt_1270,P_1-1-pt_1108,75.99999999999996,6731.0,1.0
P_1-1-pt_1270,P_1-1-pt_1226,76.9999999999999,6731.0,1.0
P_1-1-pt_1270,P_1-1-pt_3624,74.00000000000007,6731.0,1.0
P_1-1-pt_1270,P_1-1-pt_3409,492.00000000004337,6731.0,1.0
P_1-1-pt_1270,P_1-1-veh_792,250.99999999999002,6731.0,1.0
P_1-1-pt_1270,P_2-1_3764,72.00000000000018,6731.0,1.0
P_1-1-pt_1270,P_1-1-pt_3097,7.999999999999988,6731.0,1.0
P_1-1-pt_1270,P_2-1_2925,87.99999999999928,6731.0,1.0
P_1-1-pt_1270,P_1-1-pt_761,7.999999999999988,6731.0,1.0
P_1-1-pt_1270,P_2-1_63,75.00000000000001,6731.0,1.0
P_1-1-pt_1270,P_1-2_1612,86.99999999999933,6731.0,1.0
P_1-1-pt_1270,P_1-1-pt_6453,72.00000000000018,6731.0,1.0
P_1-1-pt_1270,P_1-3_3245,73.00000000000013,6731.0,1.0
P_1-1-pt_1270,P_2-1_5419,33.0000000000002,6731.0,1.0
P_1-1-pt_1270,P_1-1-pt_6413,65.00000000000058,6731.0,1.0
P_1-1-pt_1270,P_1-1-pt_8728,61.0000000000006,6731.0,1.0
P_1-1-pt_1270,P_1-2_4483,62.00000000000061,6731.0,1.0
P_1-1-pt_1270,P_1-1-pt_2162,68.00000000000041,6731.0,1.0
P_1-1-pt_1270,P_1-1-pt_4996,26.0000000000001,6731.0,1.0
P_1-1-pt_3858,P_1-1-pt_6673,15.99999999999996,6728.0,0.9598692033293698
P_1-1-pt_3858,P_1-1-pt_6355,44.000000000000355,6728.0,0.9598692033293698
P_1-1-pt_3858,P_1-1-pt_5139,22.000000000000043,6728.0,0.9598692033293698
P_1-1-pt_3858,P_1-1-pt_5167,1223.9999999999823,6728.0,0.9598692033293698
P_1-1-pt_3858,P_1-1-pt_1747,1314.9999999998995,6728.0,0.9598692033293698
P_1-1-pt_3858,P_1-1-pt_521,233.999999999991,6728.0,0.9598692033293698
P_1-1-pt_3858,P_1-1-pt_4879,359.00000000001313,6728.0,0.9598692033293698
P_1-1-pt_3858,P_1-1-pt_6974,822.0000000001183,6728.0,0.9598692033293698
P_1-1-pt_3858,P_1-1-pt_3409,65.00000000000058,6728.0,0.9598692033293698
P_1-1-pt_3858,P_1-1-pt_2013,73.00000000000013,6728.0,0.9598692033293698
P_1-1-pt_3858,P_1-1-pt_3624,69.00000000000036,6728.0,0.9598692033293698
P_1-1-pt_3858,P_1-1-pt_98,422.00000000002746,6728.0,0.9598692033293698
P_1-1-pt_3858,P_1-1-pt_3671,526.000000000051,6728.0,0.9598692033293698
P_1-1-pt_3858,P_2-1_3764,43.00000000000034,6728.0,0.9598692033293698
P_1-1-pt_3858,P_1-1-pt_4736,130.99999999999685,6728.0,0.9598692033293698
P_1-1-pt_3858,P_2-1_63,337.00000000000813,6728.0,0.9598692033293698
P_1-1-pt_3858,P_1-2_1612,622.0000000000729,6728.0,0.9598692033293698
P_1-1-pt_3858,P_1-1-pt_2880,667.0000000000831,6728.0,0.9598692033293698
P_1-1-pt_3858,P_1-2_1255,69.00000000000036,6728.0,0.9598692033293698
P_1-1-pt_3858,P_1-3_3245,68.00000000000041,6728.0,0.9598692033293698
P_1-1-pt_3858,P_1-2_250,72.00000000000018,6728.0,0.9598692033293698
P_1-1-pt_3858,P_2-1_5419,93.99999999999893,6728.0,0.9598692033293698
P_1-1-pt_3858,P_1-2_4483,114.99999999999774,6728.0,0.9598692033293698
P_1-1-pt_3858,P_1-1-pt_6743,96.99999999999876,6728.0,0.9598692033293698
P_1-1-pt_3858,P_1-1-veh_610,71.00000000000024,6728.0,0.9598692033293698
P_1-1-pt_3858,P_1-1-pt_7915,327.00000000000585,6728.0,0.9598692033293698
P_1-1-pt_3858,P_1-1-pt_7208,578.0000000000629,6728.0,0.9598692033293698
P_1-1-pt_3858,P_1-1-pt_5999,147.99999999999588,6728.0,0.9598692033293698
P_1-1-pt_3858,P_1-2_5543,93.99999999999893,6728.0,0.9598692033293698
P_1-1-pt_3858,P_1-1-pt_3207,80.99999999999967,6728.0,0.9598692033293698
P_1-1-pt_3858,P_1-1-pt_1497,76.9999999999999,6728.0,0.9598692033293698
P_1-1-pt_3858,P_1-2_303,70.0000000000003,6728.0,0.9598692033293698
P_1-2_1640,P_1-3_5117,68.00000000000041,6722.0,1.0
P_1-2_1640,P_1-2_2183,68.00000000000041,6722.0,1.0
P_1-2_1640,P_1-2_2598,114.99999999999774,6722.0,1.0
P_1-2_1640,P_1-3_4822,68.00000000000041,6722.0,1.0
P_1-2_1640,P_1-2_315,68.00000000000041,6722.0,1.0
P_1-2_1640,P_1-2_1219,68.00000000000041,6722.0,1.0
P_1-2_1640,P_1-2_5437,68.00000000000041,6722.0,1.0
P_1-2_1640,P_1-2_3752,68.00000000000041,6722.0,1.0
P_1-2_1640,P_1-2_4270,68.00000000000041,6722.0,1.0
P_1-2_1640,P_1-1-pt_8692,17.999999999999986,6722.0,1.0
P_1-2_1640,P_1-1-pt_8611,46.000000000000384,6722.0,1.0
P_1-2_1640,P_1-1-pt_5997,55.00000000000051,6722.0,1.0
P_1-2_1640,P_1-1-pt_394,60.00000000000058,6722.0,1.0
P_1-2_1640,P_1-1-pt_4541,61.0000000000006,6722.0,1.0
P_1-2_1640,P_1-3_4124,56.000000000000526,6722.0,1.0
P_1-2_1640,P_1-3_2421,55.00000000000051,6722.0,1.0
P_1-2_1640,P_1-1-pt_725,57.00000000000054,6722.0,1.0
P_1-2_1640,P_1-2_5641,4607.999999999232,6722.0,1.0
P_1-2_4715,P_1-2_171,71.00000000000024,6720.0,1.0
P_1-2_4715,P_1-2_4285,74.00000000000007,6720.0,1.0
P_1-2_4715,P_1-1-pt_4380,52.00000000000047,6720.0,1.0
P_1-2_4715,P_1-1-pt_1601,50.00000000000044,6720.0,1.0
P_1-2_4715,P_1-1-pt_2844,46.000000000000384,6720.0,1.0
P_1-2_4715,P_1-1-pt_3931,70.0000000000003,6720.0,1.0
P_1-2_4715,P_2-1_6236,56.000000000000526,6720.0,1.0
P_1-2_4715,P_1-2_1948,55.00000000000051,6720.0,1.0
P_1-2_4715,P_1-3_5550,51.000000000000455,6720.0,1.0
P_1-2_4715,P_2-1_5799,49.000000000000426,6720.0,1.0
P_1-2_4715,P_1-3_4492,51.000000000000455,6720.0,1.0
P_1-2_4715,P_1-3_2528,50.00000000000044,6720.0,1.0
P_1-2_4715,P_1-1-pt_3353,74.00000000000007,6720.0,1.0
P_1-2_4715,P_2-1_2911,50.00000000000044,6720.0,1.0
P_1-2_4715,P_1-1-pt_2425,57.00000000000054,6720.0,1.0
P_1-2_4715,P_1-2_1285,52.00000000000047,6720.0,1.0
P_1-2_4715,P_2-1_842,55.00000000000051,6720.0,1.0
P_1-2_4715,P_1-3_5451,62.00000000000061,6720.0,1.0
P_1-2_4715,P_1-3_1140,48.00000000000041,6720.0,1.0
P_1-2_4715,P_1-1-pt_841,76.9999999999999,6720.0,1.0
P_1-2_4715,P_1-1-pt_8085,36.00000000000024,6720.0,1.0
P_1-2_4715,P_1-2_4955,55.00000000000051,6720.0,1.0
P_1-2_4715,P_1-2_2061,55.00000000000051,6720.0,1.0
P_1-2_4715,P_1-1-pt_3176,35.00000000000023,6720.0,1.0
P_1-2_4715,P_1-1-pt_2342,252.9999999999899,6720.0,1.0
P_1-2_4715,P_1-1-pt_3800,93.99999999999893,6720.0,1.0
P_1-2_4715,P_2-1_4930,28.000000000000128,6720.0,1.0
P_1-2_752,P_1-3_3339,3156.999999998224,6709.0,1.0
P_1-2_752,P_1-1-pt_5999,298.9999999999995,6709.0,1.0
P_1-2_752,P_1-2_163,81.99999999999962,6709.0,1.0
P_1-2_752,P_2-1_5067,58.000000000000554,6709.0,1.0
P_1-2_752,P_1-2_1658,83.9999999999995,6709.0,1.0
P_1-2_752,P_2-1_1724,134.99999999999662,6709.0,1.0
P_1-2_752,P_2-1_4267,123.99999999999723,6709.0,1.0
P_1-2_752,P_2-1_3390,78.99999999999979,6709.0,1.0
P_1-3_5117,P_1-2_1640,68.00000000000041,6709.0,1.0
P_1-3_5117,P_1-2_5641,68.00000000000041,6709.0,1.0
P_1-3_5117,P_1-2_2598,68.00000000000041,6709.0,1.0
P_1-3_5117,P_1-2_4098,68.00000000000041,6709.0,1.0
P_1-3_5117,P_1-2_1025,68.00000000000041,6709.0,1.0
P_1-3_5117,P_1-3_547,68.00000000000041,6709.0,1.0
P_1-3_5117,P_1-1-pt_2718,67.00000000000047,6709.0,1.0
P_1-3_5117,P_1-3_2881,69.00000000000036,6709.0,1.0
P_1-3_5117,P_1-1-veh_603,68.00000000000041,6709.0,1.0
P_1-3_5117,P_1-2_1600,68.00000000000041,6709.0,1.0
P_1-3_5117,P_1-1-pt_6309,66.00000000000053,6709.0,1.0
P_1-3_5117,P_1-1-pt_8692,65.00000000000058,6709.0,1.0
P_1-3_5117,P_1-1-veh_459,68.00000000000041,6709.0,1.0
P_1-3_5117,P_1-1-pt_8611,66.00000000000053,6709.0,1.0
P_1-3_5117,P_1-1-pt_5997,80.99999999999967,6709.0,1.0
P_1-3_5117,P_1-1-pt_394,66.00000000000053,6709.0,1.0
P_1-3_5117,P_1-1-pt_4541,66.00000000000053,6709.0,1.0
P_1-3_5117,P_1-3_4124,68.00000000000041,6709.0,1.0
P_1-3_5117,P_1-3_2421,68.00000000000041,6709.0,1.0
P_1-3_5117,P_1-1-pt_725,66.00000000000053,6709.0,1.0
P_1-3_5117,P_1-2_171,320.00000000000426,6709.0,1.0
P_1-3_5117,P_1-2_4285,306.0000000000011,6709.0,1.0
P_1-3_17,P_1-1-pt_7142,242.99999999999048,6707.0,1.0
P_1-3_17,P_1-1-pt_6538,318.0000000000038,6707.0,1.0
P_1-3_17,P_1-3_2454,12.99999999999997,6707.0,1.0
P_1-3_17,P_1-2_168,55.00000000000051,6707.0,1.0
P_1-3_17,P_1-2_3488,79.99999999999973,6707.0,1.0
P_1-3_17,P_1-2_4464,70.0000000000003,6707.0,1.0
P_1-3_17,P_1-3_3579,83.9999999999995,6707.0,1.0
P_1-1-pt_1108,P_1-1-pt_255,38.00000000000027,6696.0,1.0
P_1-1-pt_1108,P_1-1-pt_494,134.99999999999662,6696.0,1.0
P_1-1-pt_1108,P_1-1-pt_2162,132.99999999999673,6696.0,1.0
P_1-1-pt_1108,P_1-1-pt_1560,121.99999999999734,6696.0,1.0
P_1-1-pt_1108,P_1-1-pt_2606,94.99999999999888,6696.0,1.0
P_1-1-pt_1108,P_1-1-pt_1966,76.9999999999999,6696.0,1.0
P_1-1-pt_1108,P_1-1-pt_5906,76.9999999999999,6696.0,1.0
P_1-1-pt_1108,P_1-1-pt_1238,77.99999999999984,6696.0,1.0
P_1-1-pt_1108,P_1-1-pt_3916,77.99999999999984,6696.0,1.0
P_1-1-pt_1108,P_1-1-pt_2834,64.00000000000064,6696.0,1.0
P_1-1-pt_1108,P_1-1-veh_792,141.99999999999622,6696.0,1.0
P_1-1-pt_1108,P_1-1-pt_5897,72.00000000000018,6696.0,1.0
P_1-1-pt_1108,P_1-1-pt_3769,72.00000000000018,6696.0,1.0
P_1-1-pt_1108,P_1-1-pt_4671,73.00000000000013,6696.0,1.0
P_1-1-pt_1108,P_1-1-pt_1270,75.99999999999996,6696.0,1.0
P_1-1-pt_1108,P_1-1-pt_4919,76.9999999999999,6696.0,1.0
P_1-1-pt_1108,P_1-1-pt_1304,152.9999999999956,6696.0,1.0
P_1-1-pt_1108,P_1-1-veh_105,390.0000000000202,6696.0,1.0
P_1-1-pt_1108,P_1-1-pt_1226,791.0000000001113,6696.0,1.0
P_1-1-pt_1108,P_1-1-pt_6779,235.99999999999088,6696.0,1.0
P_1-1-pt_1108,P_1-2_2554,315.0000000000031,6696.0,1.0
P_1-1-pt_1108,P_1-2_1203,421.0000000000272,6696.0,1.0
P_1-1-pt_1108,P_2-1_3764,62.00000000000061,6696.0,1.0
P_1-1-pt_1108,P_2-1_2925,62.00000000000061,6696.0,1.0
P_1-1-pt_1108,P_1-1-pt_8137,75.99999999999996,6696.0,1.0
P_1-1-pt_1108,P_2-1_63,228.99999999999127,6696.0,1.0
P_1-1-pt_1108,P_1-1-pt_6453,23.000000000000057,6696.0,1.0
P_1-1-pt_1108,P_1-1-pt_6389,33.0000000000002,6696.0,1.0
P_1-1-pt_1560,P_1-1-veh_767,86.99999999999933,6694.0,1.0
P_1-1-pt_1560,P_1-1-pt_7763,551.0000000000567,6694.0,1.0
P_1-1-pt_1560,P_1-1-pt_255,75.99999999999996,6694.0,1.0
P_1-1-pt_1560,P_1-1-pt_1108,121.99999999999734,6694.0,1.0
P_1-1-pt_1560,P_1-1-pt_494,66.00000000000053,6694.0,1.0
P_1-1-pt_1560,P_1-1-pt_2162,65.00000000000058,6694.0,1.0
P_1-1-pt_1560,P_1-1-pt_5897,77.99999999999984,6694.0,1.0
P_1-1-pt_1560,P_1-1-pt_4671,79.99999999999973,6694.0,1.0
P_1-1-pt_1560,P_1-1-pt_1270,77.99999999999984,6694.0,1.0
P_1-1-pt_1560,P_1-1-pt_4919,76.9999999999999,6694.0,1.0
P_1-1-pt_1560,P_1-1-pt_1304,78.99999999999979,6694.0,1.0
P_1-1-pt_1560,P_1-1-pt_7863,76.9999999999999,6694.0,1.0
P_1-1-pt_1560,P_1-2_1017,51.000000000000455,6694.0,1.0
P_1-1-pt_1560,P_1-1-pt_5193,77.99999999999984,6694.0,1.0
P_1-1-pt_1560,P_1-1-pt_7325,78.99999999999979,6694.0,1.0
P_1-1-pt_1560,P_1-1-pt_8137,77.99999999999984,6694.0,1.0
P_1-1-pt_1560,P_1-1-pt_8762,78.99999999999979,6694.0,1.0
P_1-1-pt_1560,P_1-1-pt_1138,78.99999999999979,6694.0,1.0
P_1-1-pt_1560,P_1-1-pt_3275,2099.9999999991855,6694.0,1.0
P_1-1-pt_1560,P_1-1-pt_5298,395.0000000000213,6694.0,1.0
P_1-1-pt_1560,P_1-1-pt_7732,116.99999999999763,6694.0,1.0
P_1-1-pt_2606,P_1-3_4690,4.000000000000002,6687.0,1.0
P_1-1-pt_2606,P_1-1-veh_105,71.00000000000024,6687.0,1.0
P_1-1-pt_2606,P_1-3_3834,72.00000000000018,6687.0,1.0
P_1-1-pt_2606,P_1-1-veh_234,321.0000000000045,6687.0,1.0
P_1-1-pt_2606,P_1-3_1785,75.00000000000001,6687.0,1.0
P_1-1-pt_2606,P_1-1-pt_3067,707.0000000000922,6687.0,1.0
P_1-1-pt_2606,P_1-1-pt_3386,11.999999999999973,6687.0,1.0
P_1-1-pt_2606,P_1-3_528,462.00000000003655,6687.0,1.0
P_1-1-pt_2606,P_1-1-veh_767,37.000000000000256,6687.0,1.0
P_1-1-pt_2606,P_1-2_303,70.0000000000003,6687.0,1.0
P_1-1-pt_2606,P_1-1-pt_6031,78.99999999999979,6687.0,1.0
P_1-1-pt_2606,P_1-1-pt_255,77.99999999999984,6687.0,1.0
P_1-1-pt_2606,P_1-1-pt_1108,94.99999999999888,6687.0,1.0
P_1-1-pt_2606,P_1-1-pt_3769,76.9999999999999,6687.0,1.0
P_1-1-pt_2606,P_1-1-pt_8545,78.99999999999979,6687.0,1.0
P_1-1-pt_2606,P_1-3_1737,76.9999999999999,6687.0,1.0
P_1-1-pt_2606,P_1-1-pt_5392,55.00000000000051,6687.0,1.0
P_1-1-pt_2606,P_1-3_3536,99.9999999999986,6687.0,1.0
P_1-1-pt_2606,P_1-3_5123,77.99999999999984,6687.0,1.0
P_1-1-pt_2606,P_1-1-pt_1121,76.9999999999999,6687.0,1.0
P_1-1-pt_2606,P_1-1-pt_977,1312.9999999999013,6687.0,1.0
P_1-1-pt_2606,P_1-2_2875,126.99999999999706,6687.0,1.0
P_1-1-pt_3769,P_1-1-pt_6368,104.99999999999831,6686.0,1.0
P_1-1-pt_3769,P_1-1-pt_2606,76.9999999999999,6686.0,1.0
P_1-1-pt_3769,P_1-1-pt_5906,77.99999999999984,6686.0,1.0
P_1-1-pt_3769,P_1-1-pt_1238,76.9999999999999,6686.0,1.0
P_1-1-pt_3769,P_1-1-pt_3916,80.99999999999967,6686.0,1.0
P_1-1-pt_3769,P_1-1-pt_1108,72.00000000000018,6686.0,1.0
P_1-1-pt_3769,P_1-1-pt_1226,76.9999999999999,6686.0,1.0
P_1-1-pt_3769,P_1-1-pt_3409,85.99999999999939,6686.0,1.0
P_1-1-pt_3769,P_1-1-pt_3624,74.00000000000007,6686.0,1.0
P_1-1-pt_3769,P_1-1-veh_792,269.9999999999929,6686.0,1.0
P_1-1-pt_3769,P_1-1-pt_4671,687.0000000000877,6686.0,1.0
P_1-1-pt_3769,P_2-1_3764,70.0000000000003,6686.0,1.0
P_1-1-pt_3769,P_1-1-pt_3097,9.99999999999998,6686.0,1.0
P_1-1-pt_3769,P_2-1_2925,77.99999999999984,6686.0,1.0
P_1-1-pt_3769,P_1-1-pt_1473,108.99999999999808,6686.0,1.0
P_1-1-pt_3769,P_1-1-pt_6297,115.99999999999768,6686.0,1.0
P_1-1-pt_3769,P_1-1-pt_5897,2310.9999999989936,6686.0,1.0
P_1-1-pt_3769,P_1-1-pt_4919,95.99999999999882,6686.0,1.0
P_1-1-pt_3769,P_1-1-veh_234,55.00000000000051,6686.0,1.0
P_1-1-pt_8692,P_1-1-pt_530,62.00000000000061,6684.0,1.0
P_1-1-pt_8692,P_1-1-pt_7664,116.99999999999763,6684.0,1.0
P_1-1-pt_8692,P_1-2_5252,66.00000000000053,6684.0,1.0
P_1-1-pt_8692,P_1-3_2280,67.00000000000047,6684.0,1.0
P_1-1-pt_8692,P_1-3_5117,65.00000000000058,6684.0,1.0
P_1-1-pt_8692,P_1-2_2183,67.00000000000047,6684.0,1.0
P_1-1-pt_8692,P_1-1-pt_3595,59.00000000000057,6684.0,1.0
P_1-1-pt_8692,P_1-3_5537,67.00000000000047,6684.0,1.0
P_1-1-pt_8692,P_1-2_1640,17.999999999999986,6684.0,1.0
P_1-1-pt_8692,P_1-2_5641,12.99999999999997,6684.0,1.0
P_1-1-pt_8692,P_1-1-veh_459,6677.000000006759,6684.0,1.0
P_1-3_2187,P_1-3_2374,68.00000000000041,6683.0,1.0
P_1-3_2187,P_2-1_4811,863.0000000001277,6683.0,1.0
P_1-3_2187,P_1-2_5288,60.00000000000058,6683.0,1.0
P_1-2_2237,P_2-1_3944,60.00000000000058,6682.0,1.0
P_1-2_2237,P_1-2_3488,141.99999999999622,6682.0,1.0
P_1-2_2237,P_1-1-pt_2129,136.9999999999965,6682.0,1.0
P_1-2_2237,P_1-1-pt_1039,137.99999999999645,6682.0,1.0
P_1-2_2237,P_1-1-pt_5275,137.99999999999645,6682.0,1.0
P_1-2_2237,P_1-1-pt_1700,137.99999999999645,6682.0,1.0
P_1-2_2237,P_1-2_4388,11.999999999999973,6682.0,1.0
P_1-2_2237,P_1-3_3135,87.99999999999928,6682.0,1.0
P_1-2_2237,P_1-2_4791,81.99999999999962,6682.0,1.0
P_2-1_3376,P_1-2_2229,1066.000000000126,6681.0,0.6946564885496184
P_2-1_3376,P_2-1_5435,1043.0000000001469,6681.0,0.6946564885496184
P_2-1_3376,P_2-1_4331,1035.0000000001542,6681.0,0.6946564885496184
P_2-1_3376,P_1-2_3908,1002.0000000001593,6681.0,0.6946564885496184
P_2-1_3376,P_1-2_4607,966.0000000001511,6681.0,0.6946564885496184
P_2-1_3376,P_1-1-pt_7104,3681.9999999977467,6681.0,0.6946564885496184
P_2-1_3376,P_1-2_4886,966.0000000001511,6681.0,0.6946564885496184
P_2-1_3376,P_2-1_6256,1790.9999999994666,6681.0,0.6946564885496184
P_2-1_3376,P_1-2_2030,6680.00000000677,6681.0,0.6946564885496184
P_1-1-pt_3927,P_1-2_4208,66.00000000000053,6679.0,1.0
P_1-1-pt_3927,P_1-1-pt_494,412.0000000000252,6679.0,1.0
P_1-1-pt_3927,P_1-1-pt_4671,73.00000000000013,6679.0,1.0
P_1-1-pt_3927,P_1-1-pt_8762,82.99999999999956,6679.0,1.0
P_1-1-pt_3927,P_1-1-pt_1798,44.000000000000355,6679.0,1.0
P_1-1-pt_3927,P_1-1-pt_5298,177.99999999999417,6679.0,1.0
P_1-1-pt_3927,P_1-3_5334,3747.9999999976867,6679.0,1.0
P_1-1-pt_3927,P_1-1-pt_5115,74.00000000000007,6679.0,1.0
P_1-1-pt_3927,P_1-2_2345,352.00000000001154,6679.0,1.0
P_1-1-pt_3927,P_1-1-pt_6368,123.99999999999723,6679.0,1.0
P_1-1-pt_3927,P_1-1-pt_1306,86.99999999999933,6679.0,1.0
P_1-1-pt_3927,P_1-2_3052,119.99999999999746,6679.0,1.0
P_1-1-pt_3927,P_1-2_3413,118.99999999999751,6679.0,1.0
P_1-1-pt_3927,P_1-1-pt_1037,85.99999999999939,6679.0,1.0
P_1-1-pt_3927,P_1-1-pt_5324,80.99999999999967,6679.0,1.0
P_1-1-pt_3927,P_2-1_2045,75.00000000000001,6679.0,1.0
P_1-1-veh_459,P_1-1-pt_530,65.00000000000058,6678.0,0.7488769092542678
P_1-1-veh_459,P_1-1-pt_7664,127.999999999997,6678.0,0.7488769092542678
P_1-1-veh_459,P_1-2_5252,68.00000000000041,6678.0,0.7488769092542678
P_1-1-veh_459,P_1-3_2280,72.00000000000018,6678.0,0.7488769092542678
P_1-1-veh_459,P_1-3_5117,68.00000000000041,6678.0,0.7488769092542678
P_1-1-veh_459,P_1-2_2183,69.00000000000036,6678.0,0.7488769092542678
P_1-1-veh_459,P_1-1-pt_3595,52.00000000000047,6678.0,0.7488769092542678
P_1-1-veh_459,P_1-3_5537,69.00000000000036,6678.0,0.7488769092542678
P_1-1-veh_459,P_1-1-pt_5997,1137.0000000000614,6678.0,0.7488769092542678
P_1-1-veh_459,P_1-1-pt_8692,6677.000000006759,6678.0,0.7488769092542678
P_1-1-veh_459,P_1-1-pt_8611,1747.9999999995057,6678.0,0.7488769092542678
P_2-1_4930,P_1-2_5020,72.00000000000018,6676.0,1.0
P_2-1_4930,P_2-1_4232,214.99999999999207,6676.0,1.0
P_2-1_4930,P_1-3_5354,127.999999999997,6676.0,1.0
P_2-1_4930,P_1-3_5451,67.00000000000047,6676.0,1.0
P_2-1_4930,P_1-1-pt_8085,256.99999999998994,6676.0,1.0
P_2-1_4930,P_1-3_1140,73.00000000000013,6676.0,1.0
P_2-1_4930,P_1-2_5092,52.00000000000047,6676.0,1.0
P_2-1_4930,P_1-2_4955,279.99999999999517,6676.0,1.0
P_2-1_4930,P_1-1-pt_4785,91.99999999999905,6676.0,1.0
P_2-1_4930,P_1-2_4715,28.000000000000128,6676.0,1.0
P_1-3_5123,P_1-1-pt_2808,66.00000000000053,6674.0,1.0
P_1-3_5123,P_1-1-pt_1121,72.00000000000018,6674.0,1.0
P_1-3_5123,P_1-1-pt_977,103.99999999999837,6674.0,1.0
P_1-3_5123,P_1-1-pt_2606,77.99999999999984,6674.0,1.0
P_1-3_5123,P_1-2_2875,121.99999999999734,6674.0,1.0
P_1-3_5123,P_1-3_3536,4957.000000000502,6674.0,1.0
P_1-2_829,P_1-1-pt_6358,996.0000000001579,6668.0,1.0
P_1-2_829,P_2-1_4232,68.00000000000041,6668.0,1.0
P_1-2_829,P_1-1-pt_6516,70.0000000000003,6668.0,1.0
P_1-1-pt_1329,P_2-1_2925,86.99999999999933,6666.0,1.0
P_1-1-pt_1329,P_1-1-pt_3489,228.99999999999127,6666.0,1.0
P_1-1-pt_1329,P_2-1_5419,74.00000000000007,6666.0,1.0
P_2-1_6274,P_1-3_4944,684.000000000087,6666.0,1.0
P_2-1_6274,P_1-3_2278,139.99999999999633,6666.0,1.0
P_2-1_6256,P_1-2_2030,1029.0000000001596,6665.0,1.0
P_2-1_6256,P_2-1_5435,2000.9999999992756,6665.0,1.0
P_2-1_6256,P_2-1_4331,1191.0000000000123,6665.0,1.0
P_2-1_6256,P_1-2_2229,1008.0000000001606,6665.0,1.0
P_2-1_6256,P_1-2_3908,4017.999999997441,6665.0,1.0
P_2-1_6256,P_1-2_4607,966.0000000001511,6665.0,1.0
P_2-1_6256,P_1-1-pt_7104,895.000000000135,6665.0,1.0
P_2-1_6256,P_1-2_4886,955.0000000001486,6665.0,1.0
P_2-1_6256,P_2-1_3376,1790.9999999994666,6665.0,1.0
P_1-1-pt_521,P_1-1-pt_5139,22.000000000000043,6656.0,0.6754807692307693
P_1-1-pt_521,P_1-1-pt_5167,934.0000000001438,6656.0,0.6754807692307693
P_1-1-pt_521,P_1-1-pt_1747,930.0000000001429,6656.0,0.6754807692307693
P_1-1-pt_521,P_1-1-pt_3858,233.999999999991,6656.0,0.6754807692307693
P_1-1-pt_521,P_1-1-pt_4879,330.00000000000654,6656.0,0.6754807692307693
P_1-1-pt_521,P_1-1-pt_6974,662.000000000082,6656.0,0.6754807692307693
P_1-1-pt_521,P_1-1-pt_8280,430.0000000000293,6656.0,0.6754807692307693
P_1-1-pt_521,P_1-1-pt_6743,220.99999999999173,6656.0,0.6754807692307693
P_1-1-pt_521,P_1-1-pt_2880,313.0000000000027,6656.0,0.6754807692307693
P_1-1-pt_521,P_1-1-pt_4262,52.00000000000047,6656.0,0.6754807692307693
P_1-1-pt_521,P_1-1-pt_3409,30.000000000000156,6656.0,0.6754807692307693
P_1-1-pt_521,P_1-1-pt_3207,341.00000000000904,6656.0,0.6754807692307693
P_1-1-pt_521,P_1-1-pt_2369,141.99999999999622,6656.0,0.6754807692307693
P_1-1-pt_521,P_1-1-pt_571,191.99999999999338,6656.0,0.6754807692307693
P_1-1-pt_521,P_1-1-pt_3230,196.9999999999931,6656.0,0.6754807692307693
P_1-1-pt_521,P_1-2_1612,28.000000000000128,6656.0,0.6754807692307693
P_1-1-pt_521,P_1-1-pt_3671,853.0000000001254,6656.0,0.6754807692307693
P_1-1-pt_521,P_1-2_1255,42.00000000000033,6656.0,0.6754807692307693
P_1-1-pt_521,P_1-1-pt_98,622.0000000000729,6656.0,0.6754807692307693
P_1-1-pt_521,P_1-1-pt_1497,455.00000000003496,6656.0,0.6754807692307693
P_1-1-pt_521,P_1-1-pt_5666,257.99999999999017,6656.0,0.6754807692307693
P_1-1-pt_521,P_1-1-pt_2920,88.99999999999922,6656.0,0.6754807692307693
P_1-1-pt_521,P_1-2_4940,69.00000000000036,6656.0,0.6754807692307693
P_1-1-pt_521,P_1-1-veh_610,72.00000000000018,6656.0,0.6754807692307693
P_1-1-pt_521,P_1-1-pt_6453,230.99999999999116,6656.0,0.6754807692307693
P_1-1-pt_521,P_1-3_3245,41.00000000000031,6656.0,0.6754807692307693
P_1-1-pt_521,P_2-1_5419,41.00000000000031,6656.0,0.6754807692307693
P_1-1-pt_521,P_1-1-pt_7915,84.99999999999945,6656.0,0.6754807692307693
P_1-1-pt_521,P_1-1-pt_7573,75.99999999999996,6656.0,0.6754807692307693
P_1-1-pt_521,P_1-1-veh_767,77.99999999999984,6656.0,0.6754807692307693
P_1-1-pt_521,P_1-1-pt_2013,82.99999999999956,6656.0,0.6754807692307693
P_1-1-pt_521,P_1-2_303,73.00000000000013,6656.0,0.6754807692307693
P_1-1-pt_521,P_1-1-pt_4736,30.000000000000156,6656.0,0.6754807692307693
P_1-2_1063,P_2-1_4127,62.00000000000061,6656.0,1.0
P_1-2_1063,P_2-1_3119,68.00000000000041,6656.0,1.0
P_1-2_1063,P_1-3_4644,69.00000000000036,6656.0,1.0
P_1-2_1063,P_2-1_2486,68.00000000000041,6656.0,1.0
P_1-2_1063,P_2-1_3601,68.00000000000041,6656.0,1.0
P_1-3_2043,P_1-2_4753,5278.00000000167,6656.0,0.8643329326923077
P_1-3_2043,P_1-3_80,45.00000000000037,6656.0,0.8643329326923077
P_1-3_2043,P_1-2_3608,50.00000000000044,6656.0,0.8643329326923077
P_1-3_2043,P_1-3_743,49.000000000000426,6656.0,0.8643329326923077
P_1-3_2043,P_1-3_2599,50.00000000000044,6656.0,0.8643329326923077
P_1-3_2043,P_1-2_5745,49.000000000000426,6656.0,0.8643329326923077
P_1-3_2043,P_1-1-pt_8735,42.00000000000033,6656.0,0.8643329326923077
P_1-3_2043,P_1-2_4266,49.000000000000426,6656.0,0.8643329326923077
P_1-3_2043,P_1-1-pt_6516,47.0000000000004,6656.0,0.8643329326923077
P_1-3_2043,P_1-3_1535,50.00000000000044,6656.0,0.8643329326923077
P_1-3_2043,P_1-1-pt_2032,29.000000000000142,6656.0,0.8643329326923077
P_1-3_2043,P_1-2_609,35.00000000000023,6656.0,0.8643329326923077
P_1-3_2043,P_1-2_2598,28.000000000000128,6656.0,0.8643329326923077
P_1-3_2043,P_1-2_4270,27.000000000000114,6656.0,0.8643329326923077
P_1-3_2043,P_1-2_638,2438.9999999988772,6656.0,0.8643329326923077
P_1-1-pt_2369,P_1-1-pt_8280,170.99999999999457,6654.0,1.0
P_1-1-pt_2369,P_1-1-pt_4262,33.0000000000002,6654.0,1.0
P_1-1-pt_2369,P_1-1-pt_3207,147.99999999999588,6654.0,1.0
P_1-1-pt_2369,P_1-1-pt_4879,306.0000000000011,6654.0,1.0
P_1-1-pt_2369,P_1-1-pt_6743,443.00000000003223,6654.0,1.0
P_1-1-pt_2369,P_1-1-pt_4736,428.0000000000288,6654.0,1.0
P_1-1-pt_2369,P_1-1-pt_2880,112.99999999999785,6654.0,1.0
P_1-1-pt_2369,P_1-1-pt_571,355.0000000000122,6654.0,1.0
P_1-1-pt_2369,P_1-1-pt_3230,320.00000000000426,6654.0,1.0
P_1-1-pt_2369,P_1-1-pt_521,141.99999999999622,6654.0,1.0
P_1-1-pt_2369,P_1-1-pt_2920,31.00000000000017,6654.0,1.0
P_1-1-pt_2369,P_1-1-pt_6453,31.00000000000017,6654.0,1.0
P_1-1-pt_2369,P_1-2_4940,52.00000000000047,6654.0,1.0
P_1-1-pt_2369,P_1-1-pt_8728,29.000000000000142,6654.0,1.0
P_1-1-pt_2369,P_1-2_1255,81.99999999999962,6654.0,1.0
P_1-1-pt_2369,P_2-1_5419,64.00000000000064,6654.0,1.0
P_1-1-pt_2369,P_1-1-pt_6974,8.999999999999984,6654.0,1.0
P_1-1-pt_2369,P_1-1-pt_5167,74.00000000000007,6654.0,1.0
P_1-1-pt_2369,P_1-1-pt_1747,75.00000000000001,6654.0,1.0
P_1-1-pt_2369,P_1-1-pt_1497,143.9999999999961,6654.0,1.0
P_1-1-pt_2369,P_1-1-pt_7573,74.00000000000007,6654.0,1.0
P_1-1-pt_2369,P_1-1-veh_767,43.00000000000034,6654.0,1.0
P_1-1-pt_2369,P_1-1-pt_2013,75.99999999999996,6654.0,1.0
P_1-1-pt_2369,P_1-1-pt_2503,29.000000000000142,6654.0,1.0
P_1-1-pt_2369,P_1-1-pt_7123,31.00000000000017,6654.0,1.0
P_1-1-pt_2369,P_1-1-pt_6538,94.99999999999888,6654.0,1.0
P_1-1-pt_2369,P_1-1-pt_2297,128.99999999999696,6654.0,1.0
P_1-1-pt_7664,P_1-1-pt_4879,88.99999999999922,6652.0,1.0
P_1-1-pt_7664,P_1-1-pt_8692,116.99999999999763,6652.0,1.0
P_1-1-pt_7664,P_1-1-veh_459,127.999999999997,6652.0,1.0
P_1-1-pt_7664,P_1-2_104,95.99999999999882,6652.0,1.0
P_1-1-pt_7664,P_1-1-pt_527,63.000000000000625,6652.0,1.0
P_1-1-pt_7664,P_1-2_4962,66.00000000000053,6652.0,1.0
P_1-1-pt_7664,P_1-2_2543,76.9999999999999,6652.0,1.0
P_1-1-pt_7664,P_1-1-pt_3386,134.99999999999662,6652.0,1.0
P_1-1-pt_7664,P_1-2_671,178.99999999999412,6652.0,1.0
P_1-1-pt_7664,P_1-1-pt_3512,259.9999999999906,6652.0,1.0
P_1-3_4168,P_1-3_2323,68.00000000000041,6652.0,1.0
P_1-3_4168,P_1-1-pt_7760,73.00000000000013,6652.0,1.0
P_1-3_4168,P_1-2_1596,364.00000000001427,6652.0,1.0
P_1-3_4168,P_1-3_3494,223.99999999999156,6652.0,1.0
P_1-3_4168,P_1-2_3081,2360.999999998948,6652.0,1.0
P_1-3_4168,P_1-1-veh_105,68.00000000000041,6652.0,1.0
P_1-3_4168,P_1-2_2554,68.00000000000041,6652.0,1.0
P_1-3_4168,P_1-1-veh_234,35.00000000000023,6652.0,1.0
P_1-3_4168,P_1-2_3389,69.00000000000036,6652.0,1.0
P_1-3_4168,P_1-1-pt_1714,70.0000000000003,6652.0,1.0
P_1-3_4168,P_1-2_4734,141.99999999999622,6652.0,1.0
P_1-3_4168,P_1-3_2454,70.0000000000003,6652.0,1.0
P_1-3_4168,P_1-2_4206,71.00000000000024,6652.0,1.0
P_1-3_4168,P_1-3_1500,70.0000000000003,6652.0,1.0
P_1-3_4168,P_1-3_3901,70.0000000000003,6652.0,1.0
P_1-3_4168,P_1-2_1420,70.0000000000003,6652.0,1.0
P_1-3_4168,P_1-3_228,70.0000000000003,6652.0,1.0
P_1-3_4168,P_1-3_3834,71.00000000000024,6652.0,1.0
P_1-3_4168,P_1-3_3776,70.0000000000003,6652.0,1.0
P_1-3_4168,P_2-1_2161,71.00000000000024,6652.0,1.0
P_1-3_4168,P_1-2_3280,70.0000000000003,6652.0,1.0
P_1-3_4168,P_1-3_3046,70.0000000000003,6652.0,1.0
P_1-3_4168,P_1-3_3457,70.0000000000003,6652.0,1.0
P_1-3_4168,P_1-3_2053,70.0000000000003,6652.0,1.0
P_1-3_1500,P_1-2_4734,280.9999999999954,6651.0,1.0
P_1-3_1500,P_1-2_4206,1195.0000000000086,6651.0,1.0
P_1-3_1500,P_1-3_3901,279.99999999999517,6651.0,1.0
P_1-3_1500,P_1-2_1420,282.99999999999585,6651.0,1.0
P_1-3_1500,P_1-3_228,281.9999999999956,6651.0,1.0
P_1-3_1500,P_1-3_3776,280.9999999999954,6651.0,1.0
P_1-3_1500,P_2-1_2161,281.9999999999956,6651.0,1.0
P_1-3_1500,P_1-3_874,139.99999999999633,6651.0,1.0
P_1-3_1500,P_1-3_2454,140.99999999999628,6651.0,1.0
P_1-3_1500,P_1-2_2287,45.00000000000037,6651.0,1.0
P_1-3_1500,P_1-3_3834,139.99999999999633,6651.0,1.0
P_1-3_1500,P_1-2_3280,139.99999999999633,6651.0,1.0
P_1-3_1500,P_1-3_3046,140.99999999999628,6651.0,1.0
P_1-3_1500,P_1-3_3457,140.99999999999628,6651.0,1.0
P_1-3_1500,P_1-3_4168,70.0000000000003,6651.0,1.0
P_1-3_1500,P_1-3_2053,70.0000000000003,6651.0,1.0
P_1-3_1500,P_1-2_5951,43.00000000000034,6651.0,1.0
P_1-3_4954,P_1-2_573,2031.9999999992474,6643.0,1.0
P_1-3_4954,P_1-3_2018,260.99999999999085,6643.0,1.0
P_1-3_4954,P_1-1-pt_5241,66.00000000000053,6643.0,1.0
P_1-3_4954,P_1-2_5210,802.0000000001138,6643.0,1.0
P_1-3_4954,P_1-2_4634,153.99999999999554,6643.0,1.0
P_1-3_4954,P_1-3_4775,139.99999999999633,6643.0,1.0
P_1-3_4954,P_1-3_2410,140.99999999999628,6643.0,1.0
P_1-3_4954,P_1-3_3253,140.99999999999628,6643.0,1.0
P_1-3_4954,P_1-3_2633,177.99999999999417,6643.0,1.0
P_1-3_4954,P_1-2_3693,72.00000000000018,6643.0,1.0
P_1-3_4954,P_1-3_4875,90.9999999999991,6643.0,1.0
P_1-3_4954,P_1-3_3410,78.99999999999979,6643.0,1.0
P_1-1-pt_4879,P_1-1-pt_7664,88.99999999999922,6641.0,1.0
P_1-1-pt_4879,P_1-1-pt_3858,359.00000000001313,6641.0,1.0
P_1-1-pt_4879,P_1-1-pt_6974,765.0000000001054,6641.0,1.0
P_1-1-pt_4879,P_1-1-pt_521,330.00000000000654,6641.0,1.0
P_1-1-pt_4879,P_1-1-pt_2013,467.0000000000377,6641.0,1.0
P_1-1-pt_4879,P_1-1-pt_3409,101.99999999999848,6641.0,1.0
P_1-1-pt_4879,P_1-1-pt_3207,416.0000000000261,6641.0,1.0
P_1-1-pt_4879,P_1-1-pt_98,390.0000000000202,6641.0,1.0
P_1-1-pt_4879,P_1-1-pt_1497,401.0000000000227,6641.0,1.0
P_1-1-pt_4879,P_1-1-pt_3671,464.000000000037,6641.0,1.0
P_1-1-pt_4879,P_1-1-pt_2369,306.0000000000011,6641.0,1.0
P_1-1-pt_4879,P_1-1-pt_6743,199.99999999999292,6641.0,1.0
P_1-1-pt_4879,P_1-1-pt_1747,169.99999999999463,6641.0,1.0
P_1-1-pt_4879,P_1-1-pt_5167,181.99999999999395,6641.0,1.0
P_1-1-pt_4879,P_1-1-pt_2880,218.99999999999184,6641.0,1.0
P_1-1-pt_4879,P_2-1_2925,72.00000000000018,6641.0,1.0
P_1-1-pt_4879,P_2-1_63,127.999999999997,6641.0,1.0
P_1-1-pt_4879,P_1-2_1612,111.99999999999791,6641.0,1.0
P_1-1-pt_4879,P_1-2_1255,68.00000000000041,6641.0,1.0
P_1-1-pt_4879,P_1-1-pt_5666,206.99999999999253,6641.0,1.0
P_1-1-pt_4879,P_1-3_3245,50.00000000000044,6641.0,1.0
P_1-1-pt_4879,P_1-1-pt_2920,190.99999999999343,6641.0,1.0
P_1-1-pt_4879,P_1-2_4940,26.0000000000001,6641.0,1.0
P_1-1-pt_4879,P_1-1-pt_4736,41.00000000000031,6641.0,1.0
P_1-1-pt_4879,P_1-2_250,76.9999999999999,6641.0,1.0
P_1-1-pt_4879,P_2-1_5419,98.99999999999865,6641.0,1.0
P_1-1-pt_4879,P_1-1-veh_610,253.99999999998985,6641.0,1.0
P_1-1-pt_4879,P_1-1-pt_7915,82.99999999999956,6641.0,1.0
P_1-1-pt_4879,P_1-1-pt_5999,238.9999999999907,6641.0,1.0
P_1-1-pt_4879,P_1-2_303,330.00000000000654,6641.0,1.0
P_1-1-pt_4879,P_1-1-pt_8280,129.9999999999969,6641.0,1.0
P_1-3_1604,P_1-1-pt_6358,281.9999999999956,6640.0,1.0
P_1-3_1604,P_1-3_2171,68.00000000000041,6640.0,1.0
P_1-3_1604,P_1-1-pt_3931,177.99999999999417,6640.0,1.0
P_1-3_1604,P_1-1-pt_2431,111.99999999999791,6640.0,1.0
P_1-1-pt_2529,P_1-2_4791,89.99999999999916,6637.0,1.0
P_1-1-pt_2529,P_1-3_5578,44.000000000000355,6637.0,1.0
P_1-1-pt_2529,P_1-2_6013,69.00000000000036,6637.0,1.0
P_1-1-pt_2529,P_1-2_505,69.00000000000036,6637.0,1.0
P_1-1-pt_2529,P_2-1_2384,69.00000000000036,6637.0,1.0
P_1-1-pt_2529,P_1-1-pt_0,56.000000000000526,6637.0,1.0
P_1-1-pt_2529,P_2-1_2136,96.99999999999876,6637.0,1.0
P_1-1-pt_2529,P_1-1-veh_65,93.99999999999893,6637.0,1.0
P_1-1-pt_2529,P_1-1-pt_8830,942.0000000001456,6637.0,1.0
P_1-1-pt_2529,P_1-1-pt_6931,73.00000000000013,6637.0,1.0
P_2-1_6236,P_1-1-pt_2844,21.00000000000003,6636.0,1.0
P_2-1_6236,P_1-1-pt_6381,66.00000000000053,6636.0,1.0
P_2-1_6236,P_2-1_5799,68.00000000000041,6636.0,1.0
P_2-1_6236,P_1-2_5927,56.000000000000526,6636.0,1.0
P_2-1_6236,P_1-1-pt_3800,37.000000000000256,6636.0,1.0
P_2-1_6236,P_1-2_3214,52.00000000000047,6636.0,1.0
P_2-1_6236,P_1-2_4715,56.000000000000526,6636.0,1.0
P_2-1_6236,P_1-2_2653,53.00000000000048,6636.0,1.0
P_2-1_6236,P_1-1-pt_2770,43.00000000000034,6636.0,1.0
P_2-1_6236,P_1-1-pt_6355,53.00000000000048,6636.0,1.0
P_2-1_6236,P_1-2_4454,58.000000000000554,6636.0,1.0
P_2-1_6236,P_1-2_3590,57.00000000000054,6636.0,1.0
P_2-1_6236,P_1-1-pt_8982,53.00000000000048,6636.0,1.0
P_2-1_6236,P_1-1-pt_2863,54.0000000000005,6636.0,1.0
P_2-1_6236,P_1-1-pt_8969,54.0000000000005,6636.0,1.0
P_2-1_6236,P_1-2_4609,135.99999999999656,6636.0,1.0
P_2-1_6236,P_1-2_2338,120.9999999999974,6636.0,1.0
P_2-1_6236,P_1-1-pt_3931,376.000000000017,6636.0,1.0
P_2-1_6236,P_1-1-pt_2431,79.99999999999973,6636.0,1.0
P_1-2_4791,P_1-1-pt_2529,89.99999999999916,6628.0,1.0
P_1-2_4791,P_1-2_505,50.00000000000044,6628.0,1.0
P_1-2_4791,P_1-2_2715,56.000000000000526,6628.0,1.0
P_1-2_4791,P_1-1-pt_0,44.000000000000355,6628.0,1.0
P_1-2_4791,P_1-3_4666,138.9999999999964,6628.0,1.0
P_1-2_4791,P_1-2_1533,71.00000000000024,6628.0,1.0
P_1-2_4791,P_1-3_5578,70.0000000000003,6628.0,1.0
P_1-2_4791,P_1-3_635,73.00000000000013,6628.0,1.0
P_1-2_4791,P_1-2_3488,38.00000000000027,6628.0,1.0
P_1-2_4791,P_1-2_2237,81.99999999999962,6628.0,1.0
P_1-2_1255,P_1-1-pt_2770,44.000000000000355,6617.0,1.0
P_1-2_1255,P_1-1-pt_6355,43.00000000000034,6617.0,1.0
P_1-2_1255,P_1-2_4454,60.00000000000058,6617.0,1.0
P_1-2_1255,P_1-3_4262,116.99999999999763,6617.0,1.0
P_1-2_1255,P_1-3_5144,62.00000000000061,6617.0,1.0
P_1-2_1255,P_1-1-pt_8969,43.00000000000034,6617.0,1.0
P_1-2_1255,P_1-1-pt_98,36.00000000000024,6617.0,1.0
P_1-2_1255,P_1-1-pt_5167,42.00000000000033,6617.0,1.0
P_1-2_1255,P_1-1-pt_521,42.00000000000033,6617.0,1.0
P_1-2_1255,P_1-1-pt_1747,42.00000000000033,6617.0,1.0
P_1-2_1255,P_1-1-pt_3671,33.0000000000002,6617.0,1.0
P_1-2_1255,P_1-1-pt_6974,96.99999999999876,6617.0,1.0
P_1-2_1255,P_1-1-pt_4879,68.00000000000041,6617.0,1.0
P_1-2_1255,P_1-1-pt_2880,23.000000000000057,6617.0,1.0
P_1-2_1255,P_1-1-pt_3858,69.00000000000036,6617.0,1.0
P_1-2_1255,P_1-1-pt_6453,186.99999999999366,6617.0,1.0
P_1-2_1255,P_1-1-pt_8728,24.00000000000007,6617.0,1.0
P_1-2_1255,P_1-1-pt_2369,81.99999999999962,6617.0,1.0
P_1-2_1255,P_1-1-pt_2013,81.99999999999962,6617.0,1.0
P_1-2_1255,P_1-1-pt_7573,74.00000000000007,6617.0,1.0
P_1-2_1255,P_1-1-pt_7208,174.99999999999434,6617.0,1.0
P_1-2_1255,P_1-1-pt_2503,72.00000000000018,6617.0,1.0
P_1-2_1255,P_1-1-pt_6538,121.99999999999734,6617.0,1.0
P_1-2_1255,P_1-2_1596,68.00000000000041,6617.0,1.0
P_1-2_1255,P_1-1-pt_255,54.0000000000005,6617.0,1.0
P_1-2_1255,P_1-2_3389,43.00000000000034,6617.0,1.0
P_1-2_1255,P_1-1-pt_4671,39.000000000000284,6617.0,1.0
P_1-2_1255,P_1-1-pt_4919,75.00000000000001,6617.0,1.0
P_1-2_1255,P_1-1-veh_234,68.00000000000041,6617.0,1.0
P_2-1_6130,P_2-1_5067,156.99999999999537,6616.0,1.0
P_2-1_6130,P_1-2_2180,72.00000000000018,6616.0,1.0
P_2-1_6130,P_1-2_3879,70.0000000000003,6616.0,1.0
P_2-1_6130,P_1-1-pt_5999,67.00000000000047,6616.0,1.0
P_2-1_6130,P_2-1_1878,68.00000000000041,6616.0,1.0
P_2-1_6130,P_2-1_1463,82.99999999999956,6616.0,1.0
P_2-1_6130,P_2-1_4788,72.00000000000018,6616.0,1.0
P_2-1_6130,P_2-1_499,74.00000000000007,6616.0,1.0
P_2-1_6130,P_2-1_804,72.00000000000018,6616.0,1.0
P_2-1_6130,P_2-1_213,77.99999999999984,6616.0,1.0
P_2-1_6130,P_1-2_4065,53.00000000000048,6616.0,1.0
P_1-2_4376,P_1-3_1676,2850.9999999985025,6613.0,1.0
P_1-2_4376,P_1-2_1494,68.00000000000041,6613.0,1.0
P_1-2_4376,P_1-2_1953,68.00000000000041,6613.0,1.0
P_1-2_4376,P_1-2_2180,69.00000000000036,6613.0,1.0
P_1-2_4376,P_1-3_4262,117.99999999999757,6613.0,1.0
P_1-2_4376,P_2-1_600,65.00000000000058,6613.0,1.0
P_1-2_4376,P_2-1_1463,68.00000000000041,6613.0,1.0
P_1-2_4376,P_2-1_4788,69.00000000000036,6613.0,1.0
P_1-2_4376,P_2-1_499,68.00000000000041,6613.0,1.0
P_1-2_4376,P_2-1_804,69.00000000000036,6613.0,1.0
P_1-2_4376,P_1-3_5144,66.00000000000053,6613.0,1.0
P_1-2_4376,P_2-1_213,71.00000000000024,6613.0,1.0
P_1-2_1715,P_1-3_2278,26.0000000000001,6609.0,1.0
P_1-2_1715,P_1-1-pt_1296,71.00000000000024,6609.0,1.0
P_1-2_1715,P_1-1-pt_4262,72.00000000000018,6609.0,1.0
P_1-2_1715,P_1-3_2424,43.00000000000034,6609.0,1.0
P_1-2_1715,P_1-3_1571,52.00000000000047,6609.0,1.0
P_1-2_1715,P_1-2_171,72.00000000000018,6609.0,1.0
P_1-2_1715,P_1-2_4285,76.9999999999999,6609.0,1.0
P_2-1_3601,P_2-1_5001,287.999999999997,6609.0,1.0
P_2-1_3601,P_2-1_2486,214.99999999999207,6609.0,1.0
P_2-1_3601,P_2-1_1248,68.00000000000041,6609.0,1.0
P_2-1_3601,P_1-2_5518,68.00000000000041,6609.0,1.0
P_2-1_3601,P_1-2_1063,68.00000000000041,6609.0,1.0
P_1-2_4208,P_1-1-pt_494,67.00000000000047,6604.0,1.0
P_1-2_4208,P_1-1-pt_3927,66.00000000000053,6604.0,1.0
P_1-2_4208,P_1-1-pt_1298,45.00000000000037,6604.0,1.0
P_1-2_4208,P_1-1-pt_7732,73.00000000000013,6604.0,1.0
P_1-2_4208,P_1-3_5334,3173.9999999982088,6604.0,1.0
P_1-2_4208,P_1-1-pt_5115,72.00000000000018,6604.0,1.0
P_1-2_4208,P_1-1-pt_6368,86.99999999999933,6604.0,1.0
P_1-2_4208,P_1-1-pt_1306,124.99999999999717,6604.0,1.0
P_1-2_4208,P_1-2_3052,76.9999999999999,6604.0,1.0
P_1-2_4208,P_1-2_3413,70.0000000000003,6604.0,1.0
P_1-2_4208,P_1-1-pt_1037,81.99999999999962,6604.0,1.0
P_1-2_4208,P_1-1-pt_5324,88.99999999999922,6604.0,1.0
P_1-2_4208,P_1-3_3755,5251.000000001572,6604.0,1.0
P_1-2_3835,P_1-1-pt_4715,68.00000000000041,6603.0,1.0
P_1-2_3835,P_1-2_5640,306.0000000000011,6603.0,1.0
P_1-2_3835,P_1-2_3286,6577.000000006396,6603.0,1.0
P_1-2_5641,P_1-3_5117,68.00000000000041,6582.0,0.7596475235490733
P_1-2_5641,P_1-2_2183,68.00000000000041,6582.0,0.7596475235490733
P_1-2_5641,P_1-2_2598,294.9999999999986,6582.0,0.7596475235490733
P_1-2_5641,P_1-3_4822,69.00000000000036,6582.0,0.7596475235490733
P_1-2_5641,P_1-2_315,68.00000000000041,6582.0,0.7596475235490733
P_1-2_5641,P_1-2_1219,68.00000000000041,6582.0,0.7596475235490733
P_1-2_5641,P_1-2_5437,68.00000000000041,6582.0,0.7596475235490733
P_1-2_5641,P_1-2_3752,68.00000000000041,6582.0,0.7596475235490733
P_1-2_5641,P_1-2_4270,68.00000000000041,6582.0,0.7596475235490733
P_1-2_5641,P_1-1-pt_8692,12.99999999999997,6582.0,0.7596475235490733
P_1-2_5641,P_1-1-pt_8611,65.00000000000058,6582.0,0.7596475235490733
P_1-2_5641,P_1-1-pt_5997,53.00000000000048,6582.0,0.7596475235490733
P_1-2_5641,P_1-1-pt_394,59.00000000000057,6582.0,0.7596475235490733
P_1-2_5641,P_1-1-pt_4541,60.00000000000058,6582.0,0.7596475235490733
P_1-2_5641,P_1-3_4124,56.000000000000526,6582.0,0.7596475235490733
P_1-2_5641,P_1-3_2421,56.000000000000526,6582.0,0.7596475235490733
P_1-2_5641,P_1-1-pt_725,58.000000000000554,6582.0,0.7596475235490733
P_1-2_5641,P_1-2_1640,4607.999999999232,6582.0,0.7596475235490733
P_1-1-pt_977,P_1-1-pt_530,120.9999999999974,6579.0,1.0
P_1-1-pt_977,P_1-2_2875,224.9999999999915,6579.0,1.0
P_1-1-pt_977,P_1-1-pt_6413,67.00000000000047,6579.0,1.0
P_1-1-pt_977,P_1-1-pt_255,25.000000000000085,6579.0,1.0
P_1-1-pt_977,P_1-1-pt_2162,2.0000000000000004,6579.0,1.0
P_1-1-pt_977,P_1-1-pt_494,38.00000000000027,6579.0,1.0
P_1-1-pt_977,P_1-3_1324,55.00000000000051,6579.0,1.0
P_1-1-pt_977,P_1-3_3536,119.99999999999746,6579.0,1.0
P_1-1-pt_977,P_1-3_5123,103.99999999999837,6579.0,1.0
P_1-1-pt_977,P_1-1-pt_1121,69.00000000000036,6579.0,1.0
P_1-1-pt_977,P_1-1-pt_2606,1312.9999999999013,6579.0,1.0
P_1-1-pt_977,P_1-3_458,117.99999999999757,6579.0,1.0
P_1-3_3339,P_1-2_752,3156.999999998224,6579.0,1.0
P_1-3_3339,P_1-1-pt_5999,53.00000000000048,6579.0,1.0
P_1-3_3339,P_1-2_163,82.99999999999956,6579.0,1.0
P_1-3_3339,P_2-1_5067,59.00000000000057,6579.0,1.0
P_1-3_3339,P_1-2_1658,76.9999999999999,6579.0,1.0
P_1-3_3339,P_2-1_1724,23.000000000000057,6579.0,1.0
P_1-3_3339,P_1-2_4940,63.000000000000625,6579.0,1.0
P_1-3_3339,P_2-1_4267,96.99999999999876,6579.0,1.0
P_1-3_3339,P_1-1-veh_610,150.9999999999957,6579.0,1.0
P_1-3_3339,P_1-1-pt_7915,86.99999999999933,6579.0,1.0
P_1-3_3339,P_1-1-pt_7573,73.00000000000013,6579.0,1.0
P_1-3_3339,P_1-1-veh_767,88.99999999999922,6579.0,1.0
P_1-2_3286,P_1-1-pt_4715,63.000000000000625,6578.0,1.0
P_1-2_3286,P_1-2_5640,248.99999999999014,6578.0,1.0
P_1-2_3286,P_1-2_3835,6577.000000006396,6578.0,1.0
P_1-2_5210,P_1-1-pt_5241,66.00000000000053,6568.0,1.0
P_1-2_5210,P_1-3_4954,802.0000000001138,6568.0,1.0
P_1-2_5210,P_1-2_4634,143.9999999999961,6568.0,1.0
P_1-2_5210,P_1-3_4775,138.9999999999964,6568.0,1.0
P_1-2_5210,P_1-3_2410,83.9999999999995,6568.0,1.0
P_1-2_5210,P_1-3_3253,149.99999999999577,6568.0,1.0
P_1-2_5210,P_1-3_2018,212.99999999999218,6568.0,1.0
P_1-2_5210,P_1-2_3693,138.9999999999964,6568.0,1.0
P_1-2_5210,P_1-3_2633,166.9999999999948,6568.0,1.0
P_1-2_5210,P_1-3_4875,113.9999999999978,6568.0,1.0
P_1-2_5210,P_1-3_3410,73.00000000000013,6568.0,1.0
P_1-2_5210,P_1-2_573,5733.000000003325,6568.0,1.0
P_1-3_2053,P_1-1-pt_2920,66.00000000000053,6568.0,1.0
P_1-3_2053,P_1-1-pt_5078,67.00000000000047,6568.0,1.0
P_1-3_2053,P_1-1-pt_7208,68.00000000000041,6568.0,1.0
P_1-3_2053,P_1-1-pt_6538,66.00000000000053,6568.0,1.0
P_1-3_2053,P_1-1-pt_776,72.00000000000018,6568.0,1.0
P_1-3_2053,P_1-1-pt_8682,66.00000000000053,6568.0,1.0
P_1-3_2053,P_1-2_1596,68.00000000000041,6568.0,1.0
P_1-3_2053,P_1-1-veh_234,68.00000000000041,6568.0,1.0
P_1-3_2053,P_1-2_3389,68.00000000000041,6568.0,1.0
P_1-3_2053,P_1-1-pt_1714,69.00000000000036,6568.0,1.0
P_1-3_2053,P_1-2_2287,50.00000000000044,6568.0,1.0
P_1-3_2053,P_1-3_2454,70.0000000000003,6568.0,1.0
P_1-3_2053,P_1-2_4206,71.00000000000024,6568.0,1.0
P_1-3_2053,P_1-3_1500,70.0000000000003,6568.0,1.0
P_1-3_2053,P_1-3_3901,70.0000000000003,6568.0,1.0
P_1-3_2053,P_1-2_1420,70.0000000000003,6568.0,1.0
P_1-3_2053,P_1-3_228,71.00000000000024,6568.0,1.0
P_1-3_2053,P_1-3_3834,70.0000000000003,6568.0,1.0
P_1-3_2053,P_1-3_3776,70.0000000000003,6568.0,1.0
P_1-3_2053,P_2-1_2161,70.0000000000003,6568.0,1.0
P_1-3_2053,P_1-2_3280,70.0000000000003,6568.0,1.0
P_1-3_2053,P_1-3_3046,70.0000000000003,6568.0,1.0
P_1-3_2053,P_1-3_3457,70.0000000000003,6568.0,1.0
P_1-3_2053,P_1-3_4168,70.0000000000003,6568.0,1.0
P_1-3_2053,P_1-2_4734,1369.9999999998495,6568.0,1.0
P_1-1-pt_6297,P_1-1-pt_4996,79.99999999999973,6567.0,1.0
P_1-1-pt_6297,P_1-1-pt_3386,166.9999999999948,6567.0,1.0
P_1-1-pt_6297,P_1-1-pt_3067,201.9999999999928,6567.0,1.0
P_1-1-pt_6297,P_1-1-pt_5906,118.99999999999751,6567.0,1.0
P_1-1-pt_6297,P_1-1-pt_1238,99.9999999999986,6567.0,1.0
P_1-1-pt_6297,P_1-1-pt_776,132.99999999999673,6567.0,1.0
P_1-1-pt_6297,P_1-1-pt_1226,77.99999999999984,6567.0,1.0
P_1-1-pt_6297,P_1-2_1596,68.00000000000041,6567.0,1.0
P_1-1-pt_6297,P_1-1-veh_234,67.00000000000047,6567.0,1.0
P_1-1-pt_6297,P_1-1-pt_0,22.000000000000043,6567.0,1.0
P_1-1-pt_6297,P_1-1-pt_6931,42.00000000000033,6567.0,1.0
P_1-1-pt_6297,P_2-1_2136,379.0000000000177,6567.0,1.0
P_1-1-pt_6297,P_1-1-pt_8682,62.00000000000061,6567.0,1.0
P_1-1-pt_6297,P_1-1-pt_5897,121.99999999999734,6567.0,1.0
P_1-1-pt_6297,P_1-1-pt_3769,115.99999999999768,6567.0,1.0
P_1-1-pt_6297,P_1-1-pt_4671,78.99999999999979,6567.0,1.0
P_1-1-pt_6297,P_1-1-pt_4919,101.99999999999848,6567.0,1.0
P_1-1-pt_6297,P_1-1-pt_8545,7.999999999999988,6567.0,1.0
P_1-1-pt_6297,P_1-1-pt_5193,7.999999999999988,6567.0,1.0
P_1-1-pt_6297,P_1-1-pt_7325,7.999999999999988,6567.0,1.0
P_1-1-pt_6297,P_1-3_3245,345.00000000000995,6567.0,1.0
P_1-1-pt_6297,P_1-1-pt_530,96.99999999999876,6567.0,1.0
P_1-1-pt_6297,P_1-1-pt_761,28.000000000000128,6567.0,1.0
P_1-1-pt_5357,P_1-1-pt_5115,20.000000000000014,6555.0,1.0
P_1-1-pt_5357,P_1-1-veh_152,72.00000000000018,6555.0,1.0
P_1-1-pt_5357,P_1-3_990,200.99999999999287,6555.0,1.0
P_1-1-pt_5357,P_1-1-pt_4262,73.00000000000013,6555.0,1.0
P_1-1-pt_5357,P_1-1-pt_3386,140.99999999999628,6555.0,1.0
P_1-1-pt_5357,P_1-2_4285,70.0000000000003,6555.0,1.0
P_1-1-pt_5357,P_1-2_171,90.9999999999991,6555.0,1.0
P_1-2_1948,P_1-2_2422,50.00000000000044,6555.0,1.0
P_1-2_1948,P_2-1_842,59.00000000000057,6555.0,1.0
P_1-2_1948,P_2-1_2987,50.00000000000044,6555.0,1.0
P_1-2_1948,P_1-2_5927,56.000000000000526,6555.0,1.0
P_1-2_1948,P_1-3_5550,127.999999999997,6555.0,1.0
P_1-2_1948,P_1-1-pt_3800,38.00000000000027,6555.0,1.0
P_1-2_1948,P_1-2_3214,52.00000000000047,6555.0,1.0
P_1-2_1948,P_1-2_4715,55.00000000000051,6555.0,1.0
P_1-2_1948,P_1-2_2653,53.00000000000048,6555.0,1.0
P_1-2_1948,P_1-1-pt_2770,44.000000000000355,6555.0,1.0
P_1-2_1948,P_1-1-pt_6355,43.00000000000034,6555.0,1.0
P_1-2_1948,P_1-2_4454,50.00000000000044,6555.0,1.0
P_1-2_1948,P_1-2_3590,50.00000000000044,6555.0,1.0
P_1-2_1948,P_1-1-pt_8982,43.00000000000034,6555.0,1.0
P_1-2_1948,P_1-1-pt_2863,44.000000000000355,6555.0,1.0
P_1-2_1948,P_1-1-pt_8969,44.000000000000355,6555.0,1.0
P_1-3_4262,P_1-2_250,70.0000000000003,6546.0,1.0
P_1-3_4262,P_1-2_4454,65.00000000000058,6546.0,1.0
P_1-3_4262,P_1-2_1255,116.99999999999763,6546.0,1.0
P_1-3_4262,P_2-1_5067,78.99999999999979,6546.0,1.0
P_1-3_4262,P_1-2_4853,68.00000000000041,6546.0,1.0
P_1-3_4262,P_1-3_4663,69.00000000000036,6546.0,1.0
P_1-3_4262,P_1-2_1658,78.99999999999979,6546.0,1.0
P_1-3_4262,P_1-3_4881,68.00000000000041,6546.0,1.0
P_1-3_4262,P_1-2_5543,68.00000000000041,6546.0,1.0
P_1-3_4262,P_1-3_4025,68.00000000000041,6546.0,1.0
P_1-3_4262,P_2-1_4267,68.00000000000041,6546.0,1.0
P_1-3_4262,P_2-1_3390,68.00000000000041,6546.0,1.0
P_1-3_4262,P_1-2_4376,117.99999999999757,6546.0,1.0
P_1-3_4262,P_1-3_1676,86.99999999999933,6546.0,1.0
P_1-3_4262,P_1-2_3879,62.00000000000061,6546.0,1.0
P_1-3_4262,P_1-3_2773,60.00000000000058,6546.0,1.0
P_1-3_4262,P_2-1_804,236.99999999999082,6546.0,1.0
P_1-3_4262,P_2-1_499,233.999999999991,6546.0,1.0
P_1-3_4262,P_2-1_1463,123.99999999999723,6546.0,1.0
P_1-3_4262,P_2-1_213,68.00000000000041,6546.0,1.0
P_1-1-pt_6779,P_1-2_1203,148.99999999999582,6538.0,1.0
P_1-1-pt_6779,P_1-3_3494,67.00000000000047,6538.0,1.0
P_1-1-pt_6779,P_1-3_2323,75.00000000000001,6538.0,1.0
P_1-1-pt_6779,P_1-1-pt_2834,187.9999999999936,6538.0,1.0
P_1-1-pt_6779,P_1-1-pt_1108,235.99999999999088,6538.0,1.0
P_1-2_3077,P_1-2_3378,630.0000000000747,6537.0,1.0
P_1-2_3077,P_1-3_2180,137.99999999999645,6537.0,1.0
P_1-2_3077,P_1-3_2076,137.99999999999645,6537.0,1.0
P_1-2_3077,P_1-2_5020,139.99999999999633,6537.0,1.0
P_1-2_3077,P_1-2_5092,139.99999999999633,6537.0,1.0
P_1-2_3077,P_1-3_5354,138.9999999999964,6537.0,1.0
P_1-2_3077,P_1-3_4587,402.0000000000229,6537.0,1.0
P_1-1-pt_6974,P_1-1-pt_3858,822.0000000001183,6531.0,0.9366100137804317
P_1-1-pt_6974,P_1-1-pt_4879,765.0000000001054,6531.0,0.9366100137804317
P_1-1-pt_6974,P_1-1-pt_521,662.000000000082,6531.0,0.9366100137804317
P_1-1-pt_6974,P_1-1-pt_5167,1499.9999999997312,6531.0,0.9366100137804317
P_1-1-pt_6974,P_1-1-pt_1747,1451.999999999775,6531.0,0.9366100137804317
P_1-1-pt_6974,P_1-1-pt_3671,1478.9999999997503,6531.0,0.9366100137804317
P_1-1-pt_6974,P_1-1-pt_98,2176.9999999991155,6531.0,0.9366100137804317
P_1-1-pt_6974,P_1-1-pt_3207,397.00000000002177,6531.0,0.9366100137804317
P_1-1-pt_6974,P_1-1-pt_1497,699.0000000000904,6531.0,0.9366100137804317
P_1-1-pt_6974,P_1-1-pt_6743,83.9999999999995,6531.0,0.9366100137804317
P_1-1-pt_6974,P_2-1_3764,161.99999999999508,6531.0,0.9366100137804317
P_1-1-pt_6974,P_1-1-pt_2880,732.0000000000979,6531.0,0.9366100137804317
P_1-1-pt_6974,P_2-1_63,72.00000000000018,6531.0,0.9366100137804317
P_1-1-pt_6974,P_1-2_1612,88.99999999999922,6531.0,0.9366100137804317
P_1-1-pt_6974,P_1-2_1255,96.99999999999876,6531.0,0.9366100137804317
P_1-1-pt_6974,P_1-3_3245,110.99999999999797,6531.0,0.9366100137804317
P_1-1-pt_6974,P_1-1-pt_4736,171.99999999999451,6531.0,0.9366100137804317
P_1-1-pt_6974,P_1-1-pt_2920,163.99999999999497,6531.0,0.9366100137804317
P_1-1-pt_6974,P_1-2_250,88.99999999999922,6531.0,0.9366100137804317
P_1-1-pt_6974,P_1-2_4483,136.9999999999965,6531.0,0.9366100137804317
P_1-1-pt_6974,P_1-2_4940,16.99999999999997,6531.0,0.9366100137804317
P_1-1-pt_6974,P_1-1-veh_610,178.99999999999412,6531.0,0.9366100137804317
P_1-1-pt_6974,P_1-1-pt_7915,757.0000000001036,6531.0,0.9366100137804317
P_1-1-pt_6974,P_1-1-pt_2369,8.999999999999984,6531.0,0.9366100137804317
P_1-1-pt_6974,P_1-1-pt_5999,81.99999999999962,6531.0,0.9366100137804317
P_1-1-pt_6974,P_1-1-pt_7573,162.99999999999503,6531.0,0.9366100137804317
P_1-1-pt_6974,P_1-1-veh_767,174.99999999999434,6531.0,0.9366100137804317
P_1-1-pt_6974,P_1-1-pt_2013,85.99999999999939,6531.0,0.9366100137804317
P_1-1-pt_6974,P_1-2_5543,234.99999999999093,6531.0,0.9366100137804317
P_1-1-pt_6974,P_1-2_303,218.99999999999184,6531.0,0.9366100137804317
P_1-2_5927,P_1-2_163,72.00000000000018,6531.0,1.0
P_1-2_5927,P_1-1-pt_2844,47.0000000000004,6531.0,1.0
P_1-2_5927,P_1-1-pt_2424,47.0000000000004,6531.0,1.0
P_1-2_5927,P_2-1_6236,56.000000000000526,6531.0,1.0
P_1-2_5927,P_1-2_1948,56.000000000000526,6531.0,1.0
P_1-2_5927,P_1-3_4492,55.00000000000051,6531.0,1.0
P_1-2_5927,P_1-3_2528,56.000000000000526,6531.0,1.0
P_1-2_5927,P_1-1-pt_841,46.000000000000384,6531.0,1.0
P_1-2_5927,P_1-1-pt_2425,61.0000000000006,6531.0,1.0
P_1-2_5927,P_1-2_1285,57.00000000000054,6531.0,1.0
P_1-2_5927,P_2-1_842,59.00000000000057,6531.0,1.0
P_1-2_5927,P_1-3_5451,56.000000000000526,6531.0,1.0
P_1-2_5927,P_1-3_1140,54.0000000000005,6531.0,1.0
P_1-2_5927,P_1-1-pt_8085,46.000000000000384,6531.0,1.0
P_1-2_5927,P_1-2_4955,98.99999999999865,6531.0,1.0
P_1-2_5927,P_1-2_2061,65.00000000000058,6531.0,1.0
P_1-2_5927,P_1-1-pt_3176,85.99999999999939,6531.0,1.0
P_1-2_5927,P_1-1-pt_4785,59.00000000000057,6531.0,1.0
P_1-2_5927,P_1-2_5020,70.0000000000003,6531.0,1.0
P_1-2_5927,P_1-1-pt_2961,45.00000000000037,6531.0,1.0
P_1-2_5927,P_2-1_3664,58.000000000000554,6531.0,1.0
P_1-2_5927,P_2-1_3058,60.00000000000058,6531.0,1.0
P_1-3_3901,P_1-2_4734,280.9999999999954,6527.0,1.0
P_1-3_3901,P_1-2_4206,280.9999999999954,6527.0,1.0
P_1-3_3901,P_1-3_1500,279.99999999999517,6527.0,1.0
P_1-3_3901,P_1-2_1420,282.99999999999585,6527.0,1.0
P_1-3_3901,P_1-3_228,283.9999999999961,6527.0,1.0
P_1-3_3901,P_1-3_3776,279.99999999999517,6527.0,1.0
P_1-3_3901,P_2-1_2161,279.99999999999517,6527.0,1.0
P_1-3_3901,P_1-3_874,139.99999999999633,6527.0,1.0
P_1-3_3901,P_1-3_2454,140.99999999999628,6527.0,1.0
P_1-3_3901,P_1-3_3834,139.99999999999633,6527.0,1.0
P_1-3_3901,P_1-2_3280,139.99999999999633,6527.0,1.0
P_1-3_3901,P_1-3_3046,129.9999999999969,6527.0,1.0
P_1-3_3901,P_1-3_3457,83.9999999999995,6527.0,1.0
P_1-3_3901,P_1-3_4168,70.0000000000003,6527.0,1.0
P_1-3_3901,P_1-3_2053,70.0000000000003,6527.0,1.0
P_1-1-pt_6368,P_1-1-pt_527,65.00000000000058,6525.0,1.0
P_1-1-pt_6368,P_1-1-pt_255,227.99999999999133,6525.0,1.0
P_1-1-pt_6368,P_1-2_1559,28.000000000000128,6525.0,1.0
P_1-1-pt_6368,P_1-2_2564,36.00000000000024,6525.0,1.0
P_1-1-pt_6368,P_1-2_1313,51.000000000000455,6525.0,1.0
P_1-1-pt_6368,P_1-2_2034,30.000000000000156,6525.0,1.0
P_1-1-pt_6368,P_1-1-pt_3769,104.99999999999831,6525.0,1.0
P_1-1-pt_6368,P_1-2_2512,21.00000000000003,6525.0,1.0
P_1-1-pt_6368,P_1-1-pt_4595,73.00000000000013,6525.0,1.0
P_1-1-pt_6368,P_1-2_2613,25.000000000000085,6525.0,1.0
P_1-1-pt_6368,P_1-2_3575,26.0000000000001,6525.0,1.0
P_1-1-pt_6368,P_1-2_3386,32.000000000000185,6525.0,1.0
P_1-1-pt_6368,P_1-1-pt_8545,70.0000000000003,6525.0,1.0
P_1-1-pt_6368,P_1-2_1017,54.0000000000005,6525.0,1.0
P_1-1-pt_6368,P_1-3_990,14.999999999999963,6525.0,1.0
P_1-1-pt_6368,P_1-1-pt_1306,2018.9999999992592,6525.0,1.0
P_1-1-pt_6368,P_1-1-veh_602,4.000000000000002,6525.0,1.0
P_1-1-pt_6368,P_1-2_4208,86.99999999999933,6525.0,1.0
P_1-1-pt_6368,P_1-3_3755,95.99999999999882,6525.0,1.0
P_1-1-pt_6368,P_1-3_5334,124.99999999999717,6525.0,1.0
P_1-1-pt_6368,P_1-1-pt_3927,123.99999999999723,6525.0,1.0
P_1-1-pt_6368,P_1-2_2345,52.00000000000047,6525.0,1.0
P_1-1-pt_6368,P_1-1-pt_1298,37.000000000000256,6525.0,1.0
P_1-1-pt_5115,P_1-1-pt_5357,20.000000000000014,6515.0,1.0
P_1-1-pt_5115,P_1-3_2985,72.00000000000018,6515.0,1.0
P_1-1-pt_5115,P_1-2_1990,72.00000000000018,6515.0,1.0
P_1-1-pt_5115,P_1-1-veh_602,72.00000000000018,6515.0,1.0
P_1-1-pt_5115,P_1-2_4208,72.00000000000018,6515.0,1.0
P_1-1-pt_5115,P_1-3_3755,71.00000000000024,6515.0,1.0
P_1-1-pt_5115,P_1-3_5334,72.00000000000018,6515.0,1.0
P_1-1-pt_5115,P_1-1-pt_3927,74.00000000000007,6515.0,1.0
P_1-1-pt_5115,P_1-2_2345,73.00000000000013,6515.0,1.0
P_1-1-pt_5115,P_1-2_4019,72.00000000000018,6515.0,1.0
P_1-1-pt_5115,P_1-2_3692,72.00000000000018,6515.0,1.0
P_1-1-pt_5115,P_1-2_263,71.00000000000024,6515.0,1.0
P_1-1-pt_1714,P_1-1-pt_8682,127.999999999997,6514.0,1.0
P_1-1-pt_1714,P_1-2_3389,66.00000000000053,6514.0,1.0
P_1-1-pt_1714,P_1-1-pt_560,129.9999999999969,6514.0,1.0
P_1-1-pt_1714,P_1-2_4771,137.99999999999645,6514.0,1.0
P_1-1-pt_1714,P_1-1-pt_3629,141.99999999999622,6514.0,1.0
P_1-1-pt_1714,P_1-2_2287,76.9999999999999,6514.0,1.0
P_1-1-pt_1714,P_1-3_1785,70.0000000000003,6514.0,1.0
P_1-1-pt_1714,P_1-3_874,66.00000000000053,6514.0,1.0
P_1-1-pt_1714,P_1-3_4168,70.0000000000003,6514.0,1.0
P_1-1-pt_1714,P_1-2_3081,69.00000000000036,6514.0,1.0
P_1-1-pt_1714,P_1-3_2053,69.00000000000036,6514.0,1.0
P_1-1-pt_1714,P_1-2_5951,70.0000000000003,6514.0,1.0
P_1-1-pt_1714,P_1-3_4690,72.00000000000018,6514.0,1.0
P_1-1-pt_1714,P_1-3_1737,61.0000000000006,6514.0,1.0
P_1-2_848,P_1-1-pt_2820,62.00000000000061,6513.0,1.0
P_1-2_848,P_1-3_2221,69.00000000000036,6513.0,1.0
P_1-2_848,P_1-3_2280,69.00000000000036,6513.0,1.0
P_1-2_848,P_1-2_4249,72.00000000000018,6513.0,1.0
P_1-2_848,P_1-1-pt_5139,86.99999999999933,6513.0,1.0
P_1-2_848,P_2-1_1724,118.99999999999751,6513.0,1.0
P_1-2_848,P_1-1-pt_1006,143.9999999999961,6513.0,1.0
P_1-2_848,P_1-2_3702,2333.9999999989727,6513.0,1.0
P_2-1_213,P_1-2_5288,68.00000000000041,6509.0,1.0
P_2-1_213,P_1-3_2374,77.99999999999984,6509.0,1.0
P_2-1_213,P_1-3_268,68.00000000000041,6509.0,1.0
P_2-1_213,P_1-3_28,70.0000000000003,6509.0,1.0
P_2-1_213,P_1-3_234,68.00000000000041,6509.0,1.0
P_2-1_213,P_1-2_3879,68.00000000000041,6509.0,1.0
P_2-1_213,P_1-3_2773,68.00000000000041,6509.0,1.0
P_2-1_213,P_1-3_4262,68.00000000000041,6509.0,1.0
P_2-1_213,P_1-2_4376,71.00000000000024,6509.0,1.0
P_2-1_213,P_1-3_1676,68.00000000000041,6509.0,1.0
P_2-1_213,P_1-3_5144,68.00000000000041,6509.0,1.0
P_2-1_213,P_1-3_2786,68.00000000000041,6509.0,1.0
P_2-1_213,P_1-3_5475,68.00000000000041,6509.0,1.0
P_2-1_213,P_1-2_4853,85.99999999999939,6509.0,1.0
P_2-1_213,P_2-1_6130,77.99999999999984,6509.0,1.0
P_1-1-pt_8184,P_1-1-pt_8289,423.0000000000277,6506.0,1.0
P_1-1-pt_8184,P_1-2_638,167.99999999999474,6506.0,1.0
P_1-1-pt_8184,P_1-2_5753,550.0000000000565,6506.0,1.0
P_1-1-pt_8184,P_1-1-veh_834,263.99999999999153,6506.0,1.0
P_1-1-pt_8184,P_1-3_743,316.00000000000335,6506.0,1.0
P_1-1-pt_8184,P_1-1-veh_530,50.00000000000044,6506.0,1.0
P_1-1-pt_8184,P_1-3_2599,136.9999999999965,6506.0,1.0
P_1-1-pt_8184,P_1-2_5745,136.9999999999965,6506.0,1.0
P_1-1-pt_8184,P_1-1-pt_8735,129.9999999999969,6506.0,1.0
P_1-1-pt_8184,P_1-2_4266,138.9999999999964,6506.0,1.0
P_1-1-pt_8184,P_1-3_3076,135.99999999999656,6506.0,1.0
P_1-1-pt_8184,P_1-1-pt_182,175.9999999999943,6506.0,1.0
P_1-1-pt_8184,P_1-1-pt_1723,262.9999999999913,6506.0,1.0
P_1-1-pt_8184,P_1-3_4289,1331.999999999884,6506.0,1.0
P_1-1-veh_602,P_1-3_2985,69.00000000000036,6500.0,1.0
P_1-1-veh_602,P_1-1-pt_8762,67.00000000000047,6500.0,1.0
P_1-1-veh_602,P_1-3_5334,113.9999999999978,6500.0,1.0
P_1-1-veh_602,P_1-1-pt_7732,72.00000000000018,6500.0,1.0
P_1-1-veh_602,P_1-1-pt_5115,72.00000000000018,6500.0,1.0
P_1-1-veh_602,P_1-2_3386,40.0000000000003,6500.0,1.0
P_1-1-veh_602,P_1-2_3575,106.9999999999982,6500.0,1.0
P_1-1-veh_602,P_1-1-pt_6368,4.000000000000002,6500.0,1.0
P_1-1-veh_602,P_1-1-pt_1226,60.00000000000058,6500.0,1.0
P_1-2_1494,P_1-2_1953,68.00000000000041,6499.0,1.0
P_1-2_1494,P_1-3_2773,24.00000000000007,6499.0,1.0
P_1-2_1494,P_1-3_4025,68.00000000000041,6499.0,1.0
P_1-2_1494,P_1-2_4376,68.00000000000041,6499.0,1.0
P_1-2_1494,P_1-3_1676,67.00000000000047,6499.0,1.0
P_1-2_1494,P_1-2_5765,69.00000000000036,6499.0,1.0
P_1-2_1494,P_1-1-pt_1669,113.9999999999978,6499.0,1.0
P_1-2_168,P_1-1-pt_1238,0.9999999999999999,6497.0,0.9998460828074496
P_1-2_168,P_1-3_635,94.99999999999888,6497.0,0.9998460828074496
P_1-2_168,P_1-1-pt_4875,2165.9999999991255,6497.0,0.9998460828074496
P_1-2_168,P_2-1_2136,90.9999999999991,6497.0,0.9998460828074496
P_1-2_168,P_1-1-veh_65,80.99999999999967,6497.0,0.9998460828074496
P_1-2_168,P_1-3_17,55.00000000000051,6497.0,0.9998460828074496
P_1-2_168,P_1-1-pt_1473,67.00000000000047,6497.0,0.9998460828074496
P_1-2_168,P_2-1_4127,62.00000000000061,6497.0,0.9998460828074496
P_1-2_168,P_1-2_3708,100.99999999999854,6497.0,0.9998460828074496
P_1-2_168,P_1-3_4644,62.00000000000061,6497.0,0.9998460828074496
P_1-1-pt_3489,P_1-2_4940,73.00000000000013,6495.0,1.0
P_1-1-pt_3489,P_1-1-pt_6453,71.00000000000024,6495.0,1.0
P_1-1-pt_3489,P_1-1-pt_1329,228.99999999999127,6495.0,1.0
P_1-1-pt_3489,P_2-1_5419,75.00000000000001,6495.0,1.0
P_1-1-pt_3489,P_1-1-pt_2297,59.00000000000057,6495.0,1.0
P_1-1-pt_3489,P_1-1-pt_4966,22.000000000000043,6495.0,1.0
P_1-1-pt_3489,P_1-3_4663,104.99999999999831,6495.0,1.0
P_1-1-pt_3489,P_1-3_4881,62.00000000000061,6495.0,1.0
P_1-2_4483,P_1-1-pt_8969,52.00000000000047,6485.0,1.0
P_1-2_4483,P_1-1-pt_5167,156.99999999999537,6485.0,1.0
P_1-2_4483,P_1-1-pt_1747,189.9999999999935,6485.0,1.0
P_1-2_4483,P_1-1-pt_1497,56.000000000000526,6485.0,1.0
P_1-2_4483,P_1-1-pt_98,55.00000000000051,6485.0,1.0
P_1-2_4483,P_1-1-pt_3207,86.99999999999933,6485.0,1.0
P_1-2_4483,P_1-1-pt_3671,55.00000000000051,6485.0,1.0
P_1-2_4483,P_1-1-pt_2920,66.00000000000053,6485.0,1.0
P_1-2_4483,P_1-1-pt_6974,136.9999999999965,6485.0,1.0
P_1-2_4483,P_1-2_4940,65.00000000000058,6485.0,1.0
P_1-2_4483,P_1-1-pt_2880,295.9999999999988,6485.0,1.0
P_1-2_4483,P_1-1-pt_3858,114.99999999999774,6485.0,1.0
P_1-2_4483,P_1-1-pt_2013,106.9999999999982,6485.0,1.0
P_1-2_4483,P_1-1-pt_7573,71.00000000000024,6485.0,1.0
P_1-2_4483,P_1-1-veh_767,46.000000000000384,6485.0,1.0
P_1-2_4483,P_1-2_303,51.000000000000455,6485.0,1.0
P_1-2_4483,P_1-1-pt_297,128.99999999999696,6485.0,1.0
P_1-2_4483,P_1-1-pt_1296,24.00000000000007,6485.0,1.0
P_1-2_4483,P_1-1-pt_2162,73.00000000000013,6485.0,1.0
P_1-2_4483,P_1-1-pt_5666,36.00000000000024,6485.0,1.0
P_1-2_4483,P_1-1-pt_3409,70.0000000000003,6485.0,1.0
P_1-2_4483,P_1-1-pt_1270,62.00000000000061,6485.0,1.0
P_1-2_4483,P_1-1-pt_1473,37.000000000000256,6485.0,1.0
P_1-2_4483,P_1-1-pt_7863,71.00000000000024,6485.0,1.0
P_1-2_4483,P_1-1-pt_8545,53.00000000000048,6485.0,1.0
P_1-2_4483,P_1-1-pt_5193,48.00000000000041,6485.0,1.0
P_1-2_4483,P_1-1-pt_8728,2641.9999999986926,6485.0,1.0
P_1-2_4483,P_1-1-pt_7325,13.999999999999966,6485.0,1.0
P_1-2_5951,P_1-1-pt_4966,74.00000000000007,6485.0,0.8567463377023902
P_1-2_5951,P_1-1-pt_5078,64.00000000000064,6485.0,0.8567463377023902
P_1-2_5951,P_1-1-pt_7208,68.00000000000041,6485.0,0.8567463377023902
P_1-2_5951,P_1-1-pt_6538,67.00000000000047,6485.0,0.8567463377023902
P_1-2_5951,P_1-1-pt_8682,66.00000000000053,6485.0,0.8567463377023902
P_1-2_5951,P_1-1-pt_1226,73.00000000000013,6485.0,0.8567463377023902
P_1-2_5951,P_1-2_1596,69.00000000000036,6485.0,0.8567463377023902
P_1-2_5951,P_1-1-veh_234,68.00000000000041,6485.0,0.8567463377023902
P_1-2_5951,P_1-1-pt_7080,66.00000000000053,6485.0,0.8567463377023902
P_1-2_5951,P_1-2_3389,69.00000000000036,6485.0,0.8567463377023902
P_1-2_5951,P_1-1-pt_1714,70.0000000000003,6485.0,0.8567463377023902
P_1-2_5951,P_1-2_2287,69.00000000000036,6485.0,0.8567463377023902
P_1-2_5951,P_1-3_2454,70.0000000000003,6485.0,0.8567463377023902
P_1-2_5951,P_1-2_4206,45.00000000000037,6485.0,0.8567463377023902
P_1-2_5951,P_1-3_1500,43.00000000000034,6485.0,0.8567463377023902
P_1-2_5951,P_1-3_874,68.00000000000041,6485.0,0.8567463377023902
P_1-2_5951,P_1-1-pt_560,68.00000000000041,6485.0,0.8567463377023902
P_1-2_5951,P_1-3_1785,70.0000000000003,6485.0,0.8567463377023902
P_1-2_5951,P_1-2_3081,71.00000000000024,6485.0,0.8567463377023902
P_1-2_5951,P_1-2_4771,907.0000000001377,6485.0,0.8567463377023902
P_1-1-pt_2129,P_1-2_3488,137.99999999999645,6484.0,1.0
P_1-1-pt_2129,P_1-2_2237,136.9999999999965,6484.0,1.0
P_1-1-pt_2129,P_1-1-pt_5275,141.99999999999622,6484.0,1.0
P_1-1-pt_2129,P_1-1-pt_1700,137.99999999999645,6484.0,1.0
P_1-1-pt_2129,P_1-2_4388,22.000000000000043,6484.0,1.0
P_1-1-pt_2129,P_1-2_1533,255.99999999998974,6484.0,1.0
P_1-1-pt_2129,P_1-1-pt_1039,6473.000000006017,6484.0,1.0
P_1-1-pt_2820,P_1-3_5475,43.00000000000034,6484.0,1.0
P_1-1-pt_2820,P_1-2_3590,42.00000000000033,6484.0,1.0
P_1-1-pt_2820,P_1-2_2473,61.0000000000006,6484.0,1.0
P_1-1-pt_2820,P_1-3_1945,63.000000000000625,6484.0,1.0
P_1-1-pt_2820,P_1-2_3702,63.000000000000625,6484.0,1.0
P_1-1-pt_2820,P_1-2_848,62.00000000000061,6484.0,1.0
P_1-1-pt_2820,P_1-1-pt_2834,64.00000000000064,6484.0,1.0
P_1-1-pt_2820,P_1-3_2221,878.0000000001311,6484.0,1.0
P_1-1-pt_2820,P_1-1-pt_3097,78.99999999999979,6484.0,1.0
P_1-3_4775,P_1-2_4634,299.9999999999997,6482.0,1.0
P_1-3_4775,P_1-3_2410,220.99999999999173,6482.0,1.0
P_1-3_4775,P_1-3_3253,223.99999999999156,6482.0,1.0
P_1-3_4775,P_1-3_2018,137.99999999999645,6482.0,1.0
P_1-3_4775,P_1-3_2633,206.99999999999253,6482.0,1.0
P_1-3_4775,P_1-2_5210,138.9999999999964,6482.0,1.0
P_1-3_4775,P_1-2_573,139.99999999999633,6482.0,1.0
P_1-3_4775,P_1-3_4954,139.99999999999633,6482.0,1.0
P_1-3_4775,P_1-3_4875,420.000000000027,6482.0,1.0
P_1-3_4775,P_1-3_3410,381.00000000001813,6482.0,1.0
P_1-1-pt_7760,P_1-3_4168,73.00000000000013,6481.0,1.0
P_1-1-pt_7760,P_1-1-pt_7080,73.00000000000013,6481.0,1.0
P_1-1-pt_7760,P_1-1-veh_792,73.00000000000013,6481.0,1.0
P_1-1-pt_7760,P_1-1-veh_234,164.9999999999949,6481.0,1.0
P_1-1-pt_7760,P_1-1-pt_6538,66.00000000000053,6481.0,1.0
P_1-1-pt_7760,P_1-1-pt_776,79.99999999999973,6481.0,1.0
P_1-1-pt_7760,P_1-1-pt_7142,91.99999999999905,6481.0,1.0
P_1-1-pt_7760,P_1-2_2554,68.00000000000041,6481.0,1.0
P_1-1-pt_7760,P_1-1-pt_6273,141.99999999999622,6481.0,1.0
P_1-1-pt_7760,P_1-3_2323,76.9999999999999,6481.0,1.0
P_1-1-pt_7760,P_1-3_528,54.0000000000005,6481.0,1.0
P_1-1-pt_7760,P_1-3_3494,125.99999999999712,6481.0,1.0
P_1-1-pt_7760,P_1-1-pt_5897,204.99999999999264,6481.0,1.0
P_1-2_3879,P_1-2_4454,69.00000000000036,6481.0,1.0
P_1-2_3879,P_2-1_6130,70.0000000000003,6481.0,1.0
P_1-2_3879,P_2-1_5067,70.0000000000003,6481.0,1.0
P_1-2_3879,P_1-2_4853,78.99999999999979,6481.0,1.0
P_1-2_3879,P_1-3_4663,71.00000000000024,6481.0,1.0
P_1-2_3879,P_1-2_1658,68.00000000000041,6481.0,1.0
P_1-2_3879,P_1-3_4881,68.00000000000041,6481.0,1.0
P_1-2_3879,P_1-2_2180,2068.9999999992137,6481.0,1.0
P_1-2_3879,P_1-2_5543,69.00000000000036,6481.0,1.0
P_1-2_3879,P_1-3_2773,113.9999999999978,6481.0,1.0
P_1-2_3879,P_1-3_4025,55.00000000000051,6481.0,1.0
P_1-2_3879,P_2-1_4267,73.00000000000013,6481.0,1.0
P_1-2_3879,P_2-1_3390,73.00000000000013,6481.0,1.0
P_1-2_3879,P_1-3_28,45.00000000000037,6481.0,1.0
P_1-2_3879,P_2-1_1463,225.99999999999145,6481.0,1.0
P_1-2_3879,P_1-3_234,60.00000000000058,6481.0,1.0
P_1-2_3879,P_2-1_499,125.99999999999712,6481.0,1.0
P_1-2_3879,P_2-1_804,116.99999999999763,6481.0,1.0
P_1-2_3879,P_1-3_4262,62.00000000000061,6481.0,1.0
P_1-2_3879,P_2-1_213,68.00000000000041,6481.0,1.0
P_1-1-pt_4715,P_1-1-pt_5942,55.00000000000051,6476.0,1.0
P_1-1-pt_4715,P_1-1-pt_2952,65.00000000000058,6476.0,1.0
P_1-1-pt_4715,P_1-1-veh_5,34.00000000000021,6476.0,1.0
P_1-1-pt_4715,P_1-2_1066,72.00000000000018,6476.0,1.0
P_1-1-pt_4715,P_1-2_3835,68.00000000000041,6476.0,1.0
P_1-1-pt_4715,P_1-2_3286,63.000000000000625,6476.0,1.0
P_1-3_1737,P_1-3_2643,68.00000000000041,6476.0,1.0
P_1-3_1737,P_1-3_1324,68.00000000000041,6476.0,1.0
P_1-3_1737,P_1-1-pt_1121,15.99999999999996,6476.0,1.0
P_1-3_1737,P_1-1-pt_2808,66.00000000000053,6476.0,1.0
P_1-3_1737,P_1-1-pt_2606,76.9999999999999,6476.0,1.0
P_1-3_1737,P_1-1-pt_8545,254.9999999999898,6476.0,1.0
P_1-3_1737,P_1-2_2702,61.0000000000006,6476.0,1.0
P_1-3_1737,P_1-3_3494,88.99999999999922,6476.0,1.0
P_1-3_1737,P_1-1-pt_8682,40.0000000000003,6476.0,1.0
P_1-3_1737,P_1-1-pt_1714,61.0000000000006,6476.0,1.0
P_1-1-pt_1039,P_1-2_3488,136.9999999999965,6474.0,0.7649057769539698
P_1-1-pt_1039,P_1-2_2237,137.99999999999645,6474.0,0.7649057769539698
P_1-1-pt_1039,P_1-1-pt_5275,144.99999999999605,6474.0,0.7649057769539698
P_1-1-pt_1039,P_1-1-pt_1700,138.9999999999964,6474.0,0.7649057769539698
P_1-1-pt_1039,P_1-2_4388,20.000000000000014,6474.0,0.7649057769539698
P_1-1-pt_1039,P_1-2_1533,245.9999999999903,6474.0,0.7649057769539698
P_1-1-pt_1039,P_1-1-pt_2129,6473.000000006017,6474.0,0.7649057769539698
P_1-2_2598,P_1-3_5117,68.00000000000041,6473.0,1.0
P_1-2_2598,P_1-2_2183,69.00000000000036,6473.0,1.0
P_1-2_2598,P_1-2_1640,114.99999999999774,6473.0,1.0
P_1-2_2598,P_1-2_5641,294.9999999999986,6473.0,1.0
P_1-2_2598,P_1-3_4822,87.99999999999928,6473.0,1.0
P_1-2_2598,P_1-3_2482,5.999999999999995,6473.0,1.0
P_1-2_2598,P_1-2_4730,32.000000000000185,6473.0,1.0
P_1-2_2598,P_1-1-veh_608,60.00000000000058,6473.0,1.0
P_1-2_2598,P_1-1-veh_298,20.000000000000014,6473.0,1.0
P_1-2_2598,P_1-2_4753,34.00000000000021,6473.0,1.0
P_1-2_2598,P_1-3_2043,28.000000000000128,6473.0,1.0
P_1-2_2598,P_1-2_638,30.000000000000156,6473.0,1.0
P_1-2_2598,P_1-1-pt_1173,32.000000000000185,6473.0,1.0
P_1-2_2598,P_1-2_3608,44.000000000000355,6473.0,1.0
P_1-2_2598,P_1-1-veh_246,46.000000000000384,6473.0,1.0
P_1-2_2598,P_1-1-pt_6292,43.00000000000034,6473.0,1.0
P_1-2_2598,P_1-2_5428,56.000000000000526,6473.0,1.0
P_1-2_2598,P_1-1-pt_498,72.00000000000018,6473.0,1.0
P_1-2_2598,P_1-1-veh_530,51.000000000000455,6473.0,1.0
P_1-2_2598,P_1-3_1535,77.99999999999984,6473.0,1.0
P_1-2_2598,P_1-1-pt_2032,69.00000000000036,6473.0,1.0
P_2-1_3390,P_1-2_5288,68.00000000000041,6472.0,1.0
P_2-1_3390,P_2-1_4267,1803.9999999994548,6472.0,1.0
P_2-1_3390,P_1-3_268,69.00000000000036,6472.0,1.0
P_2-1_3390,P_1-3_28,68.00000000000041,6472.0,1.0
P_2-1_3390,P_1-3_234,68.00000000000041,6472.0,1.0
P_2-1_3390,P_1-2_3879,73.00000000000013,6472.0,1.0
P_2-1_3390,P_1-3_2773,77.99999999999984,6472.0,1.0
P_2-1_3390,P_1-3_4262,68.00000000000041,6472.0,1.0
P_2-1_3390,P_1-3_5144,108.99999999999808,6472.0,1.0
P_2-1_3390,P_1-3_2786,97.9999999999987,6472.0,1.0
P_2-1_3390,P_1-3_5475,134.99999999999662,6472.0,1.0
P_2-1_3390,P_1-1-pt_5999,72.00000000000018,6472.0,1.0
P_2-1_3390,P_1-2_752,78.99999999999979,6472.0,1.0
P_2-1_3390,P_1-1-pt_5258,97.9999999999987,6472.0,1.0
P_1-1-pt_3275,P_1-1-pt_1121,93.99999999999893,6470.0,1.0
P_1-1-pt_3275,P_1-1-pt_494,63.000000000000625,6470.0,1.0
P_1-1-pt_3275,P_1-1-pt_2162,63.000000000000625,6470.0,1.0
P_1-1-pt_3275,P_1-1-pt_5897,77.99999999999984,6470.0,1.0
P_1-1-pt_3275,P_1-1-pt_4671,79.99999999999973,6470.0,1.0
P_1-1-pt_3275,P_1-1-pt_1270,76.9999999999999,6470.0,1.0
P_1-1-pt_3275,P_1-1-pt_4919,76.9999999999999,6470.0,1.0
P_1-1-pt_3275,P_1-1-pt_1304,77.99999999999984,6470.0,1.0
P_1-1-pt_3275,P_1-1-pt_7863,76.9999999999999,6470.0,1.0
P_1-1-pt_3275,P_1-2_1017,53.00000000000048,6470.0,1.0
P_1-1-pt_3275,P_1-1-pt_5193,77.99999999999984,6470.0,1.0
P_1-1-pt_3275,P_1-1-pt_7325,77.99999999999984,6470.0,1.0
P_1-1-pt_3275,P_1-1-pt_8137,77.99999999999984,6470.0,1.0
P_1-1-pt_3275,P_1-1-pt_8762,78.99999999999979,6470.0,1.0
P_1-1-pt_3275,P_1-1-pt_1138,79.99999999999973,6470.0,1.0
P_1-1-pt_3275,P_1-1-pt_1560,2099.9999999991855,6470.0,1.0
P_1-1-pt_3275,P_1-1-pt_1966,76.9999999999999,6470.0,1.0
P_1-1-pt_3275,P_1-1-pt_4595,94.99999999999888,6470.0,1.0
P_1-1-pt_3275,P_1-1-pt_5324,132.99999999999673,6470.0,1.0
P_1-1-pt_3275,P_1-1-pt_1037,158.99999999999525,6470.0,1.0
P_1-1-pt_3275,P_1-1-pt_5906,78.99999999999979,6470.0,1.0
P_1-1-pt_3275,P_1-1-pt_5942,80.99999999999967,6470.0,1.0
P_1-1-pt_3275,P_1-2_149,37.000000000000256,6470.0,1.0
P_1-1-pt_3275,P_1-1-pt_1226,8.999999999999984,6470.0,1.0
P_1-1-pt_4875,P_1-1-pt_1238,9.99999999999998,6465.0,1.0
P_1-1-pt_4875,P_1-3_635,80.99999999999967,6465.0,1.0
P_1-1-pt_4875,P_1-2_168,2165.9999999991255,6465.0,1.0
P_1-1-pt_4875,P_2-1_2136,88.99999999999922,6465.0,1.0
P_1-1-pt_4875,P_1-1-veh_65,92.99999999999899,6465.0,1.0
P_1-1-pt_4875,P_1-1-pt_1473,64.00000000000064,6465.0,1.0
P_1-1-pt_4875,P_2-1_4127,67.00000000000047,6465.0,1.0
P_1-2_3908,P_2-1_5435,1294.9999999999177,6464.0,0.9602413366336634
P_1-2_3908,P_2-1_4331,1022.0000000001638,6464.0,0.9602413366336634
P_1-2_3908,P_1-2_2229,1035.0000000001542,6464.0,0.9602413366336634
P_1-2_3908,P_1-2_2030,962.0000000001502,6464.0,0.9602413366336634
P_1-2_3908,P_2-1_3376,1002.0000000001593,6464.0,0.9602413366336634
P_1-2_3908,P_2-1_6256,4017.999999997441,6464.0,0.9602413366336634
P_1-2_3908,P_1-2_4607,966.0000000001511,6464.0,0.9602413366336634
P_1-2_3908,P_1-1-pt_7104,921.0000000001409,6464.0,0.9602413366336634
P_1-2_3908,P_1-2_4886,966.0000000001511,6464.0,0.9602413366336634
P_1-2_4940,P_1-1-pt_3489,73.00000000000013,6464.0,1.0
P_1-2_4940,P_1-1-pt_2013,62.00000000000061,6464.0,1.0
P_1-2_4940,P_1-1-pt_3624,39.000000000000284,6464.0,1.0
P_1-2_4940,P_1-1-pt_2369,52.00000000000047,6464.0,1.0
P_1-2_4940,P_2-1_3764,69.00000000000036,6464.0,1.0
P_1-2_4940,P_2-1_2925,72.00000000000018,6464.0,1.0
P_1-2_4940,P_1-1-pt_6453,2488.9999999988318,6464.0,1.0
P_1-2_4940,P_1-1-pt_521,69.00000000000036,6464.0,1.0
P_1-2_4940,P_1-1-pt_5666,70.0000000000003,6464.0,1.0
P_1-2_4940,P_1-3_3245,42.00000000000033,6464.0,1.0
P_1-2_4940,P_1-1-pt_4879,26.0000000000001,6464.0,1.0
P_1-2_4940,P_1-1-pt_4736,70.0000000000003,6464.0,1.0
P_1-2_4940,P_1-1-pt_6974,16.99999999999997,6464.0,1.0
P_1-2_4940,P_1-1-pt_5167,87.99999999999928,6464.0,1.0
P_1-2_4940,P_1-2_4483,65.00000000000058,6464.0,1.0
P_1-2_4940,P_1-1-pt_1747,83.9999999999995,6464.0,1.0
P_1-2_4940,P_1-1-pt_2880,55.00000000000051,6464.0,1.0
P_1-2_4940,P_1-1-pt_98,72.00000000000018,6464.0,1.0
P_1-2_4940,P_1-1-pt_3207,73.00000000000013,6464.0,1.0
P_1-2_4940,P_1-1-pt_3671,73.00000000000013,6464.0,1.0
P_1-2_4940,P_1-1-pt_6743,50.00000000000044,6464.0,1.0
P_1-2_4940,P_1-1-pt_7915,50.00000000000044,6464.0,1.0
P_1-2_4940,P_1-2_5543,62.00000000000061,6464.0,1.0
P_1-2_4940,P_2-1_1878,189.9999999999935,6464.0,1.0
P_1-2_4940,P_2-1_4267,116.99999999999763,6464.0,1.0
P_1-2_4940,P_2-1_1724,143.9999999999961,6464.0,1.0
P_1-2_4940,P_1-3_3339,63.000000000000625,6464.0,1.0
P_1-2_4940,P_1-1-pt_5258,59.00000000000057,6464.0,1.0
P_1-1-pt_2032,P_1-1-pt_7938,73.00000000000013,6461.0,1.0
P_1-1-pt_2032,P_1-2_4753,28.000000000000128,6461.0,1.0
P_1-1-pt_2032,P_1-3_2043,29.000000000000142,6461.0,1.0
P_1-1-pt_2032,P_1-2_638,34.00000000000021,6461.0,1.0
P_1-1-pt_2032,P_1-2_3608,43.00000000000034,6461.0,1.0
P_1-1-pt_2032,P_1-1-veh_246,43.00000000000034,6461.0,1.0
P_1-1-pt_2032,P_1-1-pt_1173,33.0000000000002,6461.0,1.0
P_1-1-pt_2032,P_1-1-pt_6292,32.000000000000185,6461.0,1.0
P_1-1-pt_2032,P_1-2_5428,44.000000000000355,6461.0,1.0
P_1-1-pt_2032,P_1-1-pt_498,73.00000000000013,6461.0,1.0
P_1-1-pt_2032,P_1-1-veh_530,6.999999999999991,6461.0,1.0
P_1-1-pt_2032,P_1-2_609,71.00000000000024,6461.0,1.0
P_1-1-pt_2032,P_1-2_2598,69.00000000000036,6461.0,1.0
P_2-1_3764,P_1-1-pt_2770,44.000000000000355,6460.0,1.0
P_2-1_3764,P_1-2_2180,73.00000000000013,6460.0,1.0
P_2-1_3764,P_1-1-pt_6355,44.000000000000355,6460.0,1.0
P_2-1_3764,P_1-3_5144,63.000000000000625,6460.0,1.0
P_2-1_3764,P_1-1-pt_8969,44.000000000000355,6460.0,1.0
P_2-1_3764,P_1-1-pt_6743,40.0000000000003,6460.0,1.0
P_2-1_3764,P_1-1-pt_5167,42.00000000000033,6460.0,1.0
P_2-1_3764,P_1-1-pt_3858,43.00000000000034,6460.0,1.0
P_2-1_3764,P_1-1-pt_1747,42.00000000000033,6460.0,1.0
P_2-1_3764,P_1-1-pt_4736,36.00000000000024,6460.0,1.0
P_2-1_3764,P_1-1-pt_3671,36.00000000000024,6460.0,1.0
P_2-1_3764,P_1-1-pt_6974,161.99999999999508,6460.0,1.0
P_2-1_3764,P_1-1-pt_98,69.00000000000036,6460.0,1.0
P_2-1_3764,P_1-1-pt_2920,72.00000000000018,6460.0,1.0
P_2-1_3764,P_1-1-pt_6453,75.99999999999996,6460.0,1.0
P_2-1_3764,P_1-2_4940,69.00000000000036,6460.0,1.0
P_2-1_3764,P_1-1-pt_571,29.000000000000142,6460.0,1.0
P_2-1_3764,P_1-1-pt_3230,29.000000000000142,6460.0,1.0
P_2-1_3764,P_1-1-pt_8728,49.000000000000426,6460.0,1.0
P_2-1_3764,P_1-1-veh_610,44.000000000000355,6460.0,1.0
P_2-1_3764,P_1-1-veh_767,45.00000000000037,6460.0,1.0
P_2-1_3764,P_1-2_303,51.000000000000455,6460.0,1.0
P_2-1_3764,P_1-1-pt_255,60.00000000000058,6460.0,1.0
P_2-1_3764,P_1-1-pt_6413,25.000000000000085,6460.0,1.0
P_2-1_3764,P_1-1-pt_4996,31.00000000000017,6460.0,1.0
P_2-1_3764,P_1-1-pt_494,72.00000000000018,6460.0,1.0
P_2-1_3764,P_1-1-pt_2162,73.00000000000013,6460.0,1.0
P_2-1_3764,P_1-1-pt_1296,25.000000000000085,6460.0,1.0
P_2-1_3764,P_1-1-pt_5897,70.0000000000003,6460.0,1.0
P_2-1_3764,P_1-1-pt_3769,70.0000000000003,6460.0,1.0
P_2-1_3764,P_1-1-pt_4671,70.0000000000003,6460.0,1.0
P_2-1_3764,P_1-1-pt_3409,69.00000000000036,6460.0,1.0
P_2-1_3764,P_1-1-pt_1270,72.00000000000018,6460.0,1.0
P_2-1_3764,P_1-1-pt_4919,72.00000000000018,6460.0,1.0
P_2-1_3764,P_2-1_2925,3283.9999999981087,6460.0,1.0
P_2-1_3764,P_1-1-pt_7863,84.99999999999945,6460.0,1.0
P_2-1_3764,P_1-1-veh_792,129.9999999999969,6460.0,1.0
P_2-1_3764,P_1-1-pt_8545,72.00000000000018,6460.0,1.0
P_2-1_3764,P_1-1-pt_5193,71.00000000000024,6460.0,1.0
P_2-1_3764,P_1-1-pt_7325,72.00000000000018,6460.0,1.0
P_2-1_3764,P_1-1-pt_8137,73.00000000000013,6460.0,1.0
P_2-1_3764,P_1-1-pt_1108,62.00000000000061,6460.0,1.0
P_2-1_3764,P_1-1-veh_105,73.00000000000013,6460.0,1.0
P_2-1_3764,P_1-2_1203,99.9999999999986,6460.0,1.0
P_2-1_3764,P_1-2_2554,109.99999999999802,6460.0,1.0
P_2-1_3764,P_1-1-pt_6389,75.99999999999996,6460.0,1.0
P_1-1-pt_2431,P_1-2_4329,155.99999999999542,6458.0,1.0
P_1-1-pt_2431,P_1-2_3590,67.00000000000047,6458.0,1.0
P_1-1-pt_2431,P_1-1-pt_5139,145.999999999996,6458.0,1.0
P_1-1-pt_2431,P_1-1-pt_1601,75.00000000000001,6458.0,1.0
P_1-1-pt_2431,P_1-1-pt_1006,92.99999999999899,6458.0,1.0
P_1-1-pt_2431,P_1-1-pt_7440,69.00000000000036,6458.0,1.0
P_1-1-pt_2431,P_1-1-pt_1167,73.00000000000013,6458.0,1.0
P_1-1-pt_2431,P_1-1-pt_3931,99.9999999999986,6458.0,1.0
P_1-1-pt_2431,P_1-3_1604,111.99999999999791,6458.0,1.0
P_1-1-pt_2431,P_2-1_6236,79.99999999999973,6458.0,1.0
P_1-3_4822,P_1-2_1640,68.00000000000041,6455.0,1.0
P_1-3_4822,P_1-2_5641,69.00000000000036,6455.0,1.0
P_1-3_4822,P_1-2_2598,87.99999999999928,6455.0,1.0
P_1-3_4822,P_1-2_4098,2237.99999999906,6455.0,1.0
P_1-3_4822,P_1-2_4724,1883.999999999382,6455.0,1.0
P_1-3_4822,P_1-2_3716,2722.999999998619,6455.0,1.0
P_1-3_4822,P_1-2_4327,798.0000000001129,6455.0,1.0
P_1-3_4822,P_1-2_5943,152.9999999999956,6455.0,1.0
P_1-3_4822,P_1-1-pt_4645,63.000000000000625,6455.0,1.0
P_1-3_4822,P_1-2_593,21.00000000000003,6455.0,1.0
P_1-3_4822,P_1-3_2482,19.0,6455.0,1.0
P_1-3_4822,P_1-2_1219,176.99999999999423,6455.0,1.0
P_1-3_4822,P_1-2_3752,269.9999999999929,6455.0,1.0
P_1-1-pt_7763,P_1-1-pt_1560,551.0000000000567,6435.0,1.0
P_1-1-pt_7763,P_1-2_303,75.00000000000001,6435.0,1.0
P_1-1-pt_7763,P_1-3_3494,68.00000000000041,6435.0,1.0
P_1-1-pt_7763,P_1-1-veh_792,66.00000000000053,6435.0,1.0
P_1-1-pt_7763,P_1-1-veh_105,66.00000000000053,6435.0,1.0
P_1-1-pt_7763,P_1-1-pt_6273,75.00000000000001,6435.0,1.0
P_1-1-pt_7763,P_1-2_2554,67.00000000000047,6435.0,1.0
P_1-1-pt_7763,P_1-3_528,23.000000000000057,6435.0,1.0
P_1-1-pt_7763,P_1-1-pt_8682,121.99999999999734,6435.0,1.0
P_1-1-pt_7763,P_1-1-pt_7142,73.00000000000013,6435.0,1.0
P_1-2_4730,P_1-2_609,29.000000000000142,6432.0,1.0
P_1-2_4730,P_1-2_2598,32.000000000000185,6432.0,1.0
P_1-2_4730,P_1-2_4098,53.00000000000048,6432.0,1.0
P_1-2_4730,P_1-3_2482,88.99999999999922,6432.0,1.0
P_1-2_4730,P_1-2_1025,163.99999999999497,6432.0,1.0
P_1-2_4730,P_1-2_1219,141.99999999999622,6432.0,1.0
P_1-1-pt_2863,P_1-1-pt_5167,32.000000000000185,6429.0,1.0
P_1-1-pt_2863,P_1-1-pt_1747,59.00000000000057,6429.0,1.0
P_1-1-pt_2863,P_1-1-pt_5139,1093.0000000001014,6429.0,1.0
P_1-1-pt_2863,P_1-2_250,87.99999999999928,6429.0,1.0
P_1-1-pt_2863,P_1-3_5475,65.00000000000058,6429.0,1.0
P_1-1-pt_2863,P_1-1-pt_4380,64.00000000000064,6429.0,1.0
P_1-1-pt_2863,P_1-1-pt_1601,68.00000000000041,6429.0,1.0
P_1-1-pt_2863,P_1-1-pt_7938,140.99999999999628,6429.0,1.0
P_1-1-pt_2863,P_1-1-pt_2844,88.99999999999922,6429.0,1.0
P_1-1-pt_2863,P_1-1-pt_3931,72.00000000000018,6429.0,1.0
P_1-1-pt_2863,P_2-1_6236,54.0000000000005,6429.0,1.0
P_1-1-pt_2863,P_1-2_1948,44.000000000000355,6429.0,1.0
P_1-1-pt_2863,P_1-1-pt_8969,70.0000000000003,6429.0,1.0
P_1-1-pt_2863,P_2-1_5067,65.00000000000058,6429.0,1.0
P_1-1-pt_2863,P_1-2_1658,69.00000000000036,6429.0,1.0
P_1-1-pt_2863,P_1-1-pt_7440,69.00000000000036,6429.0,1.0
P_1-3_80,P_1-2_4753,44.000000000000355,6418.0,1.0
P_1-3_80,P_1-3_2043,45.00000000000037,6418.0,1.0
P_1-3_80,P_1-2_638,45.00000000000037,6418.0,1.0
P_1-3_80,P_2-1_2987,69.00000000000036,6418.0,1.0
P_1-1-pt_1238,P_1-2_168,0.9999999999999999,6403.0,1.0
P_1-1-pt_1238,P_1-1-pt_4875,9.99999999999998,6403.0,1.0
P_1-1-pt_1238,P_1-2_1533,524.0000000000506,6403.0,1.0
P_1-1-pt_1238,P_1-3_3046,72.00000000000018,6403.0,1.0
P_1-1-pt_1238,P_1-3_3457,74.00000000000007,6403.0,1.0
P_1-1-pt_1238,P_1-1-veh_234,70.0000000000003,6403.0,1.0
P_1-1-pt_1238,P_1-1-pt_7208,334.00000000000745,6403.0,1.0
P_1-1-pt_1238,P_1-1-pt_6297,99.9999999999986,6403.0,1.0
P_1-1-pt_1238,P_1-1-veh_767,37.000000000000256,6403.0,1.0
P_1-1-pt_1238,P_1-2_303,55.00000000000051,6403.0,1.0
P_1-1-pt_1238,P_1-1-pt_6031,76.9999999999999,6403.0,1.0
P_1-1-pt_1238,P_1-1-pt_255,77.99999999999984,6403.0,1.0
P_1-1-pt_1238,P_1-1-pt_1108,77.99999999999984,6403.0,1.0
P_1-1-pt_1238,P_1-1-pt_2834,64.00000000000064,6403.0,1.0
P_1-1-pt_1238,P_1-1-veh_792,72.00000000000018,6403.0,1.0
P_1-1-pt_1238,P_1-1-pt_494,78.99999999999979,6403.0,1.0
P_1-1-pt_1238,P_1-1-pt_2162,78.99999999999979,6403.0,1.0
P_1-1-pt_1238,P_1-1-pt_5897,76.9999999999999,6403.0,1.0
P_1-1-pt_1238,P_1-1-pt_3769,76.9999999999999,6403.0,1.0
P_1-1-pt_1238,P_1-1-pt_4671,76.9999999999999,6403.0,1.0
P_1-1-pt_1238,P_1-1-pt_1270,75.99999999999996,6403.0,1.0
P_1-1-pt_1238,P_1-1-pt_4919,76.9999999999999,6403.0,1.0
P_1-1-pt_1238,P_1-1-pt_1304,81.99999999999962,6403.0,1.0
P_1-1-pt_1238,P_1-1-pt_5906,1678.9999999995684,6403.0,1.0
P_1-1-pt_1238,P_1-1-pt_8545,81.99999999999962,6403.0,1.0
P_1-1-pt_1238,P_1-1-pt_5392,102.99999999999842,6403.0,1.0
P_1-1-pt_1238,P_1-2_2702,135.99999999999656,6403.0,1.0
P_1-1-pt_1238,P_1-1-pt_5241,49.000000000000426,6403.0,1.0
P_1-1-pt_1238,P_1-2_568,56.000000000000526,6403.0,1.0
P_1-1-veh_246,P_1-1-veh_834,15.99999999999996,6398.0,1.0
P_1-1-veh_246,P_1-3_743,68.00000000000041,6398.0,1.0
P_1-1-veh_246,P_1-3_2599,50.00000000000044,6398.0,1.0
P_1-1-veh_246,P_1-2_5745,51.000000000000455,6398.0,1.0
P_1-1-veh_246,P_1-1-pt_8735,43.00000000000034,6398.0,1.0
P_1-1-veh_246,P_1-2_4266,50.00000000000044,6398.0,1.0
P_1-1-veh_246,P_1-3_1535,50.00000000000044,6398.0,1.0
P_1-1-veh_246,P_1-1-pt_2032,43.00000000000034,6398.0,1.0
P_1-1-veh_246,P_1-2_609,53.00000000000048,6398.0,1.0
P_1-1-veh_246,P_1-1-pt_1173,4362.999999998341,6398.0,1.0
P_1-1-veh_246,P_1-2_3608,1935.9999999993347,6398.0,1.0
P_1-1-veh_246,P_1-2_2598,46.000000000000384,6398.0,1.0
P_1-1-veh_246,P_1-2_5437,20.000000000000014,6398.0,1.0
P_1-1-pt_7142,P_1-3_17,242.99999999999048,6394.0,1.0
P_1-1-pt_7142,P_1-1-veh_105,65.00000000000058,6394.0,1.0
P_1-1-pt_7142,P_1-3_3834,65.00000000000058,6394.0,1.0
P_1-1-pt_7142,P_1-3_1785,67.00000000000047,6394.0,1.0
P_1-1-pt_7142,P_1-2_2554,66.00000000000053,6394.0,1.0
P_1-1-pt_7142,P_1-2_3280,68.00000000000041,6394.0,1.0
P_1-1-pt_7142,P_1-3_3046,67.00000000000047,6394.0,1.0
P_1-1-pt_7142,P_1-3_3457,67.00000000000047,6394.0,1.0
P_1-1-pt_7142,P_1-1-veh_234,145.999999999996,6394.0,1.0
P_1-1-pt_7142,P_1-1-pt_6538,1676.9999999995703,6394.0,1.0
P_1-1-pt_7142,P_1-1-pt_776,110.99999999999797,6394.0,1.0
P_1-1-pt_7142,P_1-1-pt_7760,91.99999999999905,6394.0,1.0
P_1-1-pt_7142,P_1-1-pt_1226,94.99999999999888,6394.0,1.0
P_1-1-pt_7142,P_2-1_2136,66.00000000000053,6394.0,1.0
P_1-1-pt_7142,P_1-1-veh_65,230.99999999999116,6394.0,1.0
P_1-1-pt_7142,P_1-1-pt_8830,68.00000000000041,6394.0,1.0
P_1-1-pt_7142,P_1-2_2715,74.00000000000007,6394.0,1.0
P_1-1-pt_7142,P_1-1-pt_7763,73.00000000000013,6394.0,1.0
P_1-1-pt_7142,P_1-3_2323,131.9999999999968,6394.0,1.0
P_1-1-pt_7142,P_1-3_528,120.9999999999974,6394.0,1.0
P_1-1-pt_8762,P_1-3_2985,72.00000000000018,6386.0,0.9915440025054807
P_1-1-pt_8762,P_1-1-veh_602,67.00000000000047,6386.0,0.9915440025054807
P_1-1-pt_8762,P_1-1-pt_3927,82.99999999999956,6386.0,0.9915440025054807
P_1-1-pt_8762,P_1-1-pt_1298,74.00000000000007,6386.0,0.9915440025054807
P_1-1-pt_8762,P_1-1-pt_3571,73.00000000000013,6386.0,0.9915440025054807
P_1-1-pt_8762,P_1-1-pt_7325,124.99999999999717,6386.0,0.9915440025054807
P_1-1-pt_8762,P_1-1-pt_8137,130.99999999999685,6386.0,0.9915440025054807
P_1-1-pt_8762,P_1-1-pt_5193,60.00000000000058,6386.0,0.9915440025054807
P_1-1-pt_8762,P_1-1-pt_1798,2220.9999999990755,6386.0,0.9915440025054807
P_1-1-pt_8762,P_1-1-pt_3275,78.99999999999979,6386.0,0.9915440025054807
P_1-1-pt_8762,P_1-1-pt_1560,78.99999999999979,6386.0,0.9915440025054807
P_1-1-pt_8762,P_1-1-pt_1966,76.9999999999999,6386.0,0.9915440025054807
P_1-1-pt_8762,P_1-1-pt_4595,75.99999999999996,6386.0,0.9915440025054807
P_1-1-pt_8762,P_1-1-pt_1138,4102.999999997395,6386.0,0.9915440025054807
P_1-1-pt_8762,P_1-1-pt_5906,57.00000000000054,6386.0,0.9915440025054807
P_1-1-pt_8762,P_1-1-pt_6389,84.99999999999945,6386.0,0.9915440025054807
P_1-1-pt_8762,P_1-1-pt_1226,62.00000000000061,6386.0,0.9915440025054807
P_1-1-pt_8762,P_1-2_2702,136.9999999999965,6386.0,0.9915440025054807
P_1-1-pt_8762,P_1-1-pt_5392,141.99999999999622,6386.0,0.9915440025054807
P_1-1-pt_5275,P_1-2_3488,138.9999999999964,6382.0,0.8508304606706362
P_1-1-pt_5275,P_1-2_2237,137.99999999999645,6382.0,0.8508304606706362
P_1-1-pt_5275,P_1-1-pt_2129,141.99999999999622,6382.0,0.8508304606706362
P_1-1-pt_5275,P_1-1-pt_1039,144.99999999999605,6382.0,0.8508304606706362
P_1-1-pt_5275,P_1-1-pt_1700,135.99999999999656,6382.0,0.8508304606706362
P_1-1-pt_5275,P_1-3_3135,76.9999999999999,6382.0,0.8508304606706362
P_1-1-pt_5275,P_1-2_1533,34.00000000000021,6382.0,0.8508304606706362
P_1-1-pt_1173,P_1-1-veh_834,10.999999999999977,6381.0,1.0
P_1-1-pt_1173,P_1-1-pt_6292,4.999999999999998,6381.0,1.0
P_1-1-pt_1173,P_1-3_743,66.00000000000053,6381.0,1.0
P_1-1-pt_1173,P_1-3_2599,43.00000000000034,6381.0,1.0
P_1-1-pt_1173,P_1-2_5745,43.00000000000034,6381.0,1.0
P_1-1-pt_1173,P_1-1-pt_8735,33.0000000000002,6381.0,1.0
P_1-1-pt_1173,P_1-2_4266,43.00000000000034,6381.0,1.0
P_1-1-pt_1173,P_1-3_1535,43.00000000000034,6381.0,1.0
P_1-1-pt_1173,P_1-1-pt_2032,33.0000000000002,6381.0,1.0
P_1-1-pt_1173,P_1-2_609,42.00000000000033,6381.0,1.0
P_1-1-pt_1173,P_1-1-veh_246,4362.999999998341,6381.0,1.0
P_1-1-pt_1173,P_1-2_2598,32.000000000000185,6381.0,1.0
P_1-1-pt_1173,P_1-2_3608,2210.9999999990846,6381.0,1.0
P_1-1-pt_6176,P_1-1-pt_6743,152.9999999999956,6381.0,1.0
P_1-1-pt_6176,P_1-1-pt_5906,81.99999999999962,6381.0,1.0
P_1-1-pt_6176,P_1-1-pt_3916,82.99999999999956,6381.0,1.0
P_1-1-pt_6176,P_1-1-pt_8728,73.00000000000013,6381.0,1.0
P_1-1-pt_6176,P_1-3_4690,75.00000000000001,6381.0,1.0
P_1-1-pt_6176,P_1-1-pt_7573,86.99999999999933,6381.0,1.0
P_1-1-pt_6176,P_1-1-pt_2503,59.00000000000057,6381.0,1.0
P_1-1-pt_6176,P_1-1-pt_297,100.99999999999854,6381.0,1.0
P_1-1-pt_6176,P_1-1-pt_4996,80.99999999999967,6381.0,1.0
P_1-2_2422,P_1-2_1948,50.00000000000044,6365.0,1.0
P_1-2_2422,P_1-3_4492,53.00000000000048,6365.0,1.0
P_1-2_2422,P_1-3_2528,38.00000000000027,6365.0,1.0
P_1-2_2422,P_1-3_5354,62.00000000000061,6365.0,1.0
P_1-2_2422,P_1-3_4587,63.000000000000625,6365.0,1.0
P_1-2_2422,P_1-2_4955,59.00000000000057,6365.0,1.0
P_1-2_2422,P_1-2_2061,60.00000000000058,6365.0,1.0
P_1-2_2422,P_1-3_2076,70.0000000000003,6365.0,1.0
P_1-2_2422,P_1-1-pt_4785,117.99999999999757,6365.0,1.0
P_1-2_2422,P_2-1_3664,67.00000000000047,6365.0,1.0
P_1-2_2422,P_2-1_3058,67.00000000000047,6365.0,1.0
P_1-2_2422,P_1-2_2335,65.00000000000058,6365.0,1.0
P_1-2_2422,P_1-3_2180,67.00000000000047,6365.0,1.0
P_1-2_2422,P_1-2_3224,50.00000000000044,6365.0,1.0
P_1-2_2422,P_1-3_1213,66.00000000000053,6365.0,1.0
P_1-2_3052,P_1-1-pt_527,72.00000000000018,6365.0,1.0
P_1-2_3052,P_1-2_4962,45.00000000000037,6365.0,1.0
P_1-2_3052,P_1-2_1559,12.99999999999997,6365.0,1.0
P_1-2_3052,P_1-2_2564,26.0000000000001,6365.0,1.0
P_1-2_3052,P_1-2_1313,54.0000000000005,6365.0,1.0
P_1-2_3052,P_1-2_2034,44.000000000000355,6365.0,1.0
P_1-2_3052,P_1-2_2512,36.00000000000024,6365.0,1.0
P_1-2_3052,P_1-1-pt_4595,73.00000000000013,6365.0,1.0
P_1-2_3052,P_1-2_2613,35.00000000000023,6365.0,1.0
P_1-2_3052,P_1-2_3575,35.00000000000023,6365.0,1.0
P_1-2_3052,P_1-2_3386,40.0000000000003,6365.0,1.0
P_1-2_3052,P_1-1-pt_8545,72.00000000000018,6365.0,1.0
P_1-2_3052,P_1-2_3413,26.0000000000001,6365.0,1.0
P_1-2_3052,P_1-2_1017,58.000000000000554,6365.0,1.0
P_1-2_3052,P_1-3_990,47.0000000000004,6365.0,1.0
P_1-2_3052,P_1-1-pt_1306,225.99999999999145,6365.0,1.0
P_1-2_3052,P_1-1-pt_5906,179.99999999999406,6365.0,1.0
P_1-2_3052,P_1-2_4208,76.9999999999999,6365.0,1.0
P_1-2_3052,P_1-3_3755,75.99999999999996,6365.0,1.0
P_1-2_3052,P_1-3_5334,105.99999999999825,6365.0,1.0
P_1-2_3052,P_1-1-pt_3927,119.99999999999746,6365.0,1.0
P_1-2_3052,P_1-2_2345,70.0000000000003,6365.0,1.0
P_1-2_1420,P_1-3_228,4986.0000000006075,6363.0,1.0
P_1-2_1420,P_1-2_4734,283.9999999999961,6363.0,1.0
P_1-2_1420,P_1-2_4206,283.9999999999961,6363.0,1.0
P_1-2_1420,P_1-3_1500,282.99999999999585,6363.0,1.0
P_1-2_1420,P_1-3_3901,282.99999999999585,6363.0,1.0
P_1-2_1420,P_1-3_3776,281.9999999999956,6363.0,1.0
P_1-2_1420,P_2-1_2161,283.9999999999961,6363.0,1.0
P_1-2_1420,P_1-3_874,689.0000000000881,6363.0,1.0
P_1-2_1420,P_1-3_2454,140.99999999999628,6363.0,1.0
P_1-2_1420,P_1-1-pt_560,21.00000000000003,6363.0,1.0
P_1-2_1420,P_1-3_3834,140.99999999999628,6363.0,1.0
P_1-2_1420,P_1-2_3280,75.00000000000001,6363.0,1.0
P_1-2_1420,P_1-3_3046,71.00000000000024,6363.0,1.0
P_1-2_1420,P_1-3_3457,70.0000000000003,6363.0,1.0
P_1-2_1420,P_1-3_4168,70.0000000000003,6363.0,1.0
P_1-2_1420,P_1-3_2053,70.0000000000003,6363.0,1.0
P_1-1-pt_6743,P_1-1-pt_6176,152.9999999999956,6360.0,1.0
P_1-1-pt_6743,P_1-1-pt_521,220.99999999999173,6360.0,1.0
P_1-1-pt_6743,P_1-1-pt_8280,251.99999999998997,6360.0,1.0
P_1-1-pt_6743,P_1-1-pt_4262,72.00000000000018,6360.0,1.0
P_1-1-pt_6743,P_1-1-pt_3207,232.99999999999105,6360.0,1.0
P_1-1-pt_6743,P_1-1-pt_4879,199.99999999999292,6360.0,1.0
P_1-1-pt_6743,P_1-1-pt_2369,443.00000000003223,6360.0,1.0
P_1-1-pt_6743,P_1-1-pt_5167,394.0000000000211,6360.0,1.0
P_1-1-pt_6743,P_1-1-pt_1747,185.99999999999372,6360.0,1.0
P_1-1-pt_6743,P_1-1-pt_6974,83.9999999999995,6360.0,1.0
P_1-1-pt_6743,P_1-1-pt_98,82.99999999999956,6360.0,1.0
P_1-1-pt_6743,P_1-1-pt_3671,155.99999999999542,6360.0,1.0
P_1-1-pt_6743,P_2-1_3764,40.0000000000003,6360.0,1.0
P_1-1-pt_6743,P_2-1_63,74.00000000000007,6360.0,1.0
P_1-1-pt_6743,P_1-2_1612,75.00000000000001,6360.0,1.0
P_1-1-pt_6743,P_1-3_4663,65.00000000000058,6360.0,1.0
P_1-1-pt_6743,P_1-2_4940,50.00000000000044,6360.0,1.0
P_1-1-pt_6743,P_1-1-pt_2880,72.00000000000018,6360.0,1.0
P_1-1-pt_6743,P_1-1-pt_3858,96.99999999999876,6360.0,1.0
P_1-1-pt_6743,P_1-1-veh_610,91.99999999999905,6360.0,1.0
P_1-1-pt_6743,P_1-1-veh_767,69.00000000000036,6360.0,1.0
P_1-1-pt_6743,P_1-2_303,69.00000000000036,6360.0,1.0
P_1-1-pt_6743,P_1-1-pt_571,72.00000000000018,6360.0,1.0
P_1-1-pt_6743,P_1-1-pt_3230,72.00000000000018,6360.0,1.0
P_1-1-pt_6743,P_1-1-pt_1497,48.00000000000041,6360.0,1.0
P_1-1-pt_5199,P_1-1-pt_4996,161.99999999999508,6359.0,1.0
P_1-1-pt_5199,P_1-1-pt_3386,77.99999999999984,6359.0,1.0
P_1-1-pt_5199,P_1-1-pt_3067,225.99999999999145,6359.0,1.0
P_1-1-pt_5199,P_1-1-veh_767,421.0000000000272,6359.0,1.0
P_1-1-pt_5199,P_1-1-pt_3916,39.000000000000284,6359.0,1.0
P_1-1-pt_5199,P_1-1-pt_776,89.99999999999916,6359.0,1.0
P_1-1-pt_5199,P_1-1-pt_1226,100.99999999999854,6359.0,1.0
P_1-1-pt_5199,P_1-2_1596,68.00000000000041,6359.0,1.0
P_1-1-pt_5199,P_1-1-veh_234,204.99999999999264,6359.0,1.0
P_1-1-pt_5199,P_1-1-pt_6931,122.99999999999729,6359.0,1.0
P_1-1-pt_5199,P_1-1-pt_6031,96.99999999999876,6359.0,1.0
P_1-1-pt_5199,P_1-1-pt_3624,94.99999999999888,6359.0,1.0
P_1-1-pt_5199,P_1-1-pt_6413,82.99999999999956,6359.0,1.0
P_1-1-pt_5199,P_1-1-pt_1296,78.99999999999979,6359.0,1.0
P_1-1-pt_5199,P_1-1-pt_2834,104.99999999999831,6359.0,1.0
P_1-1-pt_5199,P_1-1-pt_530,68.00000000000041,6359.0,1.0
P_1-1-pt_1296,P_1-2_4962,66.00000000000053,6354.0,1.0
P_1-1-pt_1296,P_1-2_1017,72.00000000000018,6354.0,1.0
P_1-1-pt_1296,P_1-2_1715,71.00000000000024,6354.0,1.0
P_1-1-pt_1296,P_1-2_2795,69.00000000000036,6354.0,1.0
P_1-1-pt_1296,P_1-1-pt_8247,75.00000000000001,6354.0,1.0
P_1-1-pt_1296,P_1-2_671,71.00000000000024,6354.0,1.0
P_1-1-pt_1296,P_1-1-pt_4996,79.99999999999973,6354.0,1.0
P_1-1-pt_1296,P_1-1-pt_2834,121.99999999999734,6354.0,1.0
P_1-1-pt_1296,P_1-1-pt_5199,78.99999999999979,6354.0,1.0
P_1-1-pt_1296,P_2-1_3764,25.000000000000085,6354.0,1.0
P_1-1-pt_1296,P_2-1_2925,24.00000000000007,6354.0,1.0
P_1-1-pt_1296,P_1-1-pt_3097,78.99999999999979,6354.0,1.0
P_1-1-pt_1296,P_1-2_1612,35.00000000000023,6354.0,1.0
P_1-1-pt_1296,P_2-1_63,53.00000000000048,6354.0,1.0
P_1-1-pt_1296,P_1-1-pt_761,83.9999999999995,6354.0,1.0
P_1-1-pt_1296,P_1-1-pt_6453,23.000000000000057,6354.0,1.0
P_1-1-pt_1296,P_1-1-pt_5666,146.99999999999594,6354.0,1.0
P_1-1-pt_1296,P_1-3_3245,37.000000000000256,6354.0,1.0
P_1-1-pt_1296,P_1-1-pt_6413,8.999999999999984,6354.0,1.0
P_1-1-pt_1296,P_2-1_5419,38.00000000000027,6354.0,1.0
P_1-1-pt_1296,P_1-1-pt_8728,19.0,6354.0,1.0
P_1-1-pt_1296,P_1-2_4483,24.00000000000007,6354.0,1.0
P_1-1-pt_1296,P_1-1-pt_3409,20.000000000000014,6354.0,1.0
P_1-1-pt_1296,P_1-1-pt_1473,76.9999999999999,6354.0,1.0
P_1-2_2554,P_1-3_3046,14.999999999999963,6340.0,1.0
P_1-2_2554,P_1-3_3457,43.00000000000034,6340.0,1.0
P_1-2_2554,P_1-1-veh_234,70.0000000000003,6340.0,1.0
P_1-2_2554,P_1-1-pt_7142,66.00000000000053,6340.0,1.0
P_1-2_2554,P_1-1-pt_6538,66.00000000000053,6340.0,1.0
P_1-2_2554,P_1-1-pt_8682,67.00000000000047,6340.0,1.0
P_1-2_2554,P_1-2_1596,68.00000000000041,6340.0,1.0
P_1-2_2554,P_1-3_4168,68.00000000000041,6340.0,1.0
P_1-2_2554,P_1-2_3081,69.00000000000036,6340.0,1.0
P_1-2_2554,P_1-3_3579,77.99999999999984,6340.0,1.0
P_1-2_2554,P_1-1-pt_7080,67.00000000000047,6340.0,1.0
P_1-2_2554,P_1-1-veh_105,63.000000000000625,6340.0,1.0
P_1-2_2554,P_1-1-pt_7763,67.00000000000047,6340.0,1.0
P_1-2_2554,P_1-2_1203,1561.9999999996749,6340.0,1.0
P_1-2_2554,P_1-1-pt_7760,68.00000000000041,6340.0,1.0
P_1-2_2554,P_1-1-pt_6273,64.00000000000064,6340.0,1.0
P_1-2_2554,P_1-3_2323,67.00000000000047,6340.0,1.0
P_1-2_2554,P_1-3_528,68.00000000000041,6340.0,1.0
P_1-2_2554,P_1-3_403,68.00000000000041,6340.0,1.0
P_1-2_2554,P_1-1-pt_1108,315.0000000000031,6340.0,1.0
P_1-2_2554,P_1-1-pt_1304,153.99999999999554,6340.0,1.0
P_1-2_2554,P_2-1_3764,109.99999999999802,6340.0,1.0
P_1-2_2554,P_2-1_2925,95.99999999999882,6340.0,1.0
P_1-2_2554,P_1-1-veh_792,80.99999999999967,6340.0,1.0
P_1-2_2554,P_1-1-pt_8137,126.99999999999706,6340.0,1.0
P_1-2_2554,P_1-2_1612,9.99999999999998,6340.0,1.0
P_1-2_2554,P_2-1_63,38.00000000000027,6340.0,1.0
P_1-2_2554,P_1-1-pt_6453,65.00000000000058,6340.0,1.0
P_1-2_2554,P_1-1-pt_6389,16.99999999999997,6340.0,1.0
P_1-1-pt_1298,P_1-2_4208,45.00000000000037,6335.0,1.0
P_1-1-pt_1298,P_1-1-pt_4671,72.00000000000018,6335.0,1.0
P_1-1-pt_1298,P_1-1-pt_7325,20.000000000000014,6335.0,1.0
P_1-1-pt_1298,P_1-1-pt_8137,19.0,6335.0,1.0
P_1-1-pt_1298,P_1-1-pt_8762,74.00000000000007,6335.0,1.0
P_1-1-pt_1298,P_1-1-pt_1798,73.00000000000013,6335.0,1.0
P_1-1-pt_1298,P_1-2_4019,1311.9999999999022,6335.0,1.0
P_1-1-pt_1298,P_1-1-pt_6368,37.000000000000256,6335.0,1.0
P_1-1-pt_1298,P_1-1-pt_1306,26.0000000000001,6335.0,1.0
P_1-1-pt_1298,P_1-2_3413,87.99999999999928,6335.0,1.0
P_1-1-pt_1298,P_1-1-pt_1037,101.99999999999848,6335.0,1.0
P_1-1-pt_1298,P_1-1-pt_5324,95.99999999999882,6335.0,1.0
P_1-1-pt_1298,P_2-1_2045,63.000000000000625,6335.0,1.0
P_1-3_3132,P_1-2_5288,68.00000000000041,6333.0,1.0
P_1-3_3132,P_1-3_2374,69.00000000000036,6333.0,1.0
P_1-3_3132,P_1-3_268,68.00000000000041,6333.0,1.0
P_1-3_3132,P_1-3_28,42.00000000000033,6333.0,1.0
P_1-3_3132,P_1-2_1805,69.00000000000036,6333.0,1.0
P_1-1-pt_1966,P_1-3_528,75.00000000000001,6326.0,1.0
P_1-1-pt_1966,P_1-1-veh_610,37.000000000000256,6326.0,1.0
P_1-1-pt_1966,P_1-1-pt_3067,22.000000000000043,6326.0,1.0
P_1-1-pt_1966,P_1-1-veh_767,37.000000000000256,6326.0,1.0
P_1-1-pt_1966,P_1-2_303,67.00000000000047,6326.0,1.0
P_1-1-pt_1966,P_1-1-pt_6031,76.9999999999999,6326.0,1.0
P_1-1-pt_1966,P_1-1-pt_255,79.99999999999973,6326.0,1.0
P_1-1-pt_1966,P_1-1-pt_1108,76.9999999999999,6326.0,1.0
P_1-1-pt_1966,P_1-1-pt_494,77.99999999999984,6326.0,1.0
P_1-1-pt_1966,P_1-1-pt_2162,77.99999999999984,6326.0,1.0
P_1-1-pt_1966,P_1-1-pt_5897,76.9999999999999,6326.0,1.0
P_1-1-pt_1966,P_1-1-pt_4671,76.9999999999999,6326.0,1.0
P_1-1-pt_1966,P_1-1-pt_1270,103.99999999999837,6326.0,1.0
P_1-1-pt_1966,P_1-1-pt_4919,98.99999999999865,6326.0,1.0
P_1-1-pt_1966,P_1-1-pt_1304,93.99999999999893,6326.0,1.0
P_1-1-pt_1966,P_1-1-pt_7863,76.9999999999999,6326.0,1.0
P_1-1-pt_1966,P_1-1-pt_5193,76.9999999999999,6326.0,1.0
P_1-1-pt_1966,P_1-1-pt_7325,77.99999999999984,6326.0,1.0
P_1-1-pt_1966,P_1-1-pt_8137,78.99999999999979,6326.0,1.0
P_1-1-pt_1966,P_1-1-pt_8762,76.9999999999999,6326.0,1.0
P_1-1-pt_1966,P_1-1-pt_1138,77.99999999999984,6326.0,1.0
P_1-1-pt_1966,P_1-1-pt_654,75.99999999999996,6326.0,1.0
P_1-1-pt_1966,P_1-2_3575,140.99999999999628,6326.0,1.0
P_1-1-pt_1966,P_1-2_3386,143.9999999999961,6326.0,1.0
P_1-1-pt_1966,P_1-1-pt_3275,76.9999999999999,6326.0,1.0
P_1-1-pt_4736,P_1-1-pt_2503,78.99999999999979,6324.0,1.0
P_1-1-pt_4736,P_1-1-pt_4262,36.00000000000024,6324.0,1.0
P_1-1-pt_4736,P_1-1-pt_3207,211.99999999999224,6324.0,1.0
P_1-1-pt_4736,P_1-1-pt_2369,428.0000000000288,6324.0,1.0
P_1-1-pt_4736,P_2-1_3764,36.00000000000024,6324.0,1.0
P_1-1-pt_4736,P_2-1_63,39.000000000000284,6324.0,1.0
P_1-1-pt_4736,P_1-2_1612,38.00000000000027,6324.0,1.0
P_1-1-pt_4736,P_1-1-pt_5167,248.99999999999014,6324.0,1.0
P_1-1-pt_4736,P_1-1-pt_3858,130.99999999999685,6324.0,1.0
P_1-1-pt_4736,P_1-1-pt_1747,229.99999999999122,6324.0,1.0
P_1-1-pt_4736,P_1-1-pt_3671,463.0000000000368,6324.0,1.0
P_1-1-pt_4736,P_1-1-pt_1497,222.99999999999162,6324.0,1.0
P_1-1-pt_4736,P_1-2_250,1168.0000000000332,6324.0,1.0
P_1-1-pt_4736,P_1-1-pt_98,81.99999999999962,6324.0,1.0
P_1-1-pt_4736,P_1-1-pt_2920,82.99999999999956,6324.0,1.0
P_1-1-pt_4736,P_1-1-pt_6974,171.99999999999451,6324.0,1.0
P_1-1-pt_4736,P_1-2_4940,70.0000000000003,6324.0,1.0
P_1-1-pt_4736,P_1-1-pt_4879,41.00000000000031,6324.0,1.0
P_1-1-pt_4736,P_1-1-pt_8728,94.99999999999888,6324.0,1.0
P_1-1-pt_4736,P_1-1-veh_610,45.00000000000037,6324.0,1.0
P_1-1-pt_4736,P_1-1-pt_8280,107.99999999999814,6324.0,1.0
P_1-1-pt_4736,P_1-1-pt_571,245.9999999999903,6324.0,1.0
P_1-1-pt_4736,P_1-1-pt_3230,271.99999999999335,6324.0,1.0
P_1-1-pt_4736,P_2-1_5419,32.000000000000185,6324.0,1.0
P_1-1-pt_4736,P_1-1-pt_2013,19.0,6324.0,1.0
P_1-1-pt_4736,P_1-1-pt_7573,8.999999999999984,6324.0,1.0
P_1-1-pt_4736,P_1-1-pt_7208,83.9999999999995,6324.0,1.0
P_1-1-pt_4736,P_1-1-pt_521,30.000000000000156,6324.0,1.0
P_1-1-pt_4736,P_1-1-pt_2880,425.00000000002814,6324.0,1.0
P_1-2_1953,P_1-2_1494,68.00000000000041,6322.0,1.0
P_1-2_1953,P_2-1_600,75.00000000000001,6322.0,1.0
P_1-2_1953,P_1-2_4376,68.00000000000041,6322.0,1.0
P_1-2_1953,P_1-3_1676,67.00000000000047,6322.0,1.0
P_1-2_1953,P_1-2_5765,67.00000000000047,6322.0,1.0
P_1-2_1953,P_1-3_809,2797.9999999985507,6322.0,1.0
P_1-3_5354,P_1-3_2076,198.99999999999298,6318.0,1.0
P_1-3_5354,P_1-1-pt_2961,68.00000000000041,6318.0,1.0
P_1-3_5354,P_1-2_5020,136.9999999999965,6318.0,1.0
P_1-3_5354,P_1-1-pt_8968,262.9999999999913,6318.0,1.0
P_1-3_5354,P_1-2_2422,62.00000000000061,6318.0,1.0
P_1-3_5354,P_1-2_5092,83.9999999999995,6318.0,1.0
P_1-3_5354,P_1-1-pt_8085,92.99999999999899,6318.0,1.0
P_1-3_5354,P_2-1_4930,127.999999999997,6318.0,1.0
P_1-3_5354,P_1-3_5451,280.9999999999954,6318.0,1.0
P_1-3_5354,P_1-3_4587,137.99999999999645,6318.0,1.0
P_1-3_5354,P_1-2_4955,66.00000000000053,6318.0,1.0
P_1-3_5354,P_1-2_2061,66.00000000000053,6318.0,1.0
P_1-3_5354,P_1-1-pt_6516,398.000000000022,6318.0,1.0
P_1-3_5354,P_1-1-pt_4785,59.00000000000057,6318.0,1.0
P_1-3_5354,P_1-2_3378,137.99999999999645,6318.0,1.0
P_1-3_5354,P_1-2_3077,138.9999999999964,6318.0,1.0
P_1-3_5354,P_1-3_2180,54.0000000000005,6318.0,1.0
P_2-1_2136,P_1-3_635,68.00000000000041,6315.0,1.0
P_2-1_2136,P_1-1-veh_65,261.9999999999911,6315.0,1.0
P_2-1_2136,P_1-1-pt_4875,88.99999999999922,6315.0,1.0
P_2-1_2136,P_1-2_168,90.9999999999991,6315.0,1.0
P_2-1_2136,P_1-1-pt_8830,66.00000000000053,6315.0,1.0
P_2-1_2136,P_1-2_3708,68.00000000000041,6315.0,1.0
P_2-1_2136,P_1-1-pt_7142,66.00000000000053,6315.0,1.0
P_2-1_2136,P_1-2_2715,67.00000000000047,6315.0,1.0
P_2-1_2136,P_1-1-pt_2529,96.99999999999876,6315.0,1.0
P_2-1_2136,P_1-1-pt_6931,89.99999999999916,6315.0,1.0
P_2-1_2136,P_1-1-pt_6297,379.0000000000177,6315.0,1.0
P_2-1_2136,P_1-1-pt_6031,126.99999999999706,6315.0,1.0
P_2-1_2136,P_1-1-pt_8068,70.0000000000003,6315.0,1.0
P_1-1-pt_6538,P_1-3_17,318.0000000000038,6300.0,1.0
P_1-1-pt_6538,P_1-1-veh_105,66.00000000000053,6300.0,1.0
P_1-1-pt_6538,P_1-3_3834,71.00000000000024,6300.0,1.0
P_1-1-pt_6538,P_1-3_1785,66.00000000000053,6300.0,1.0
P_1-1-pt_6538,P_1-2_2554,66.00000000000053,6300.0,1.0
P_1-1-pt_6538,P_1-2_3280,66.00000000000053,6300.0,1.0
P_1-1-pt_6538,P_1-3_3046,66.00000000000053,6300.0,1.0
P_1-1-pt_6538,P_1-3_3457,66.00000000000053,6300.0,1.0
P_1-1-pt_6538,P_1-1-veh_234,69.00000000000036,6300.0,1.0
P_1-1-pt_6538,P_1-1-pt_7142,1676.9999999995703,6300.0,1.0
P_1-1-pt_6538,P_1-1-pt_7760,66.00000000000053,6300.0,1.0
P_1-1-pt_6538,P_1-3_2053,66.00000000000053,6300.0,1.0
P_1-1-pt_6538,P_1-1-pt_776,336.0000000000079,6300.0,1.0
P_1-1-pt_6538,P_1-2_5951,67.00000000000047,6300.0,1.0
P_1-1-pt_6538,P_1-1-pt_5078,73.00000000000013,6300.0,1.0
P_1-1-pt_6538,P_1-3_4690,68.00000000000041,6300.0,1.0
P_1-1-pt_6538,P_1-1-pt_3097,56.000000000000526,6300.0,1.0
P_1-1-pt_6538,P_1-1-pt_761,89.99999999999916,6300.0,1.0
P_1-1-pt_6538,P_1-2_1255,121.99999999999734,6300.0,1.0
P_1-1-pt_6538,P_1-1-pt_2503,190.99999999999343,6300.0,1.0
P_1-1-pt_6538,P_1-1-pt_2369,94.99999999999888,6300.0,1.0
P_1-1-pt_6538,P_1-1-pt_2297,60.00000000000058,6300.0,1.0
P_1-1-pt_5193,P_1-1-pt_7325,728.000000000097,6293.0,1.0
P_1-1-pt_5193,P_1-1-pt_8137,251.99999999998997,6293.0,1.0
P_1-1-pt_5193,P_1-1-pt_7863,61.0000000000006,6293.0,1.0
P_1-1-pt_5193,P_1-1-pt_8762,60.00000000000058,6293.0,1.0
P_1-1-pt_5193,P_1-1-pt_1798,54.0000000000005,6293.0,1.0
P_1-1-pt_5193,P_1-1-pt_1138,52.00000000000047,6293.0,1.0
P_1-1-pt_5193,P_1-2_1313,81.99999999999962,6293.0,1.0
P_1-1-pt_5193,P_1-2_1017,122.99999999999729,6293.0,1.0
P_1-1-pt_5193,P_1-1-pt_3275,77.99999999999984,6293.0,1.0
P_1-1-pt_5193,P_1-1-pt_1560,77.99999999999984,6293.0,1.0
P_1-1-pt_5193,P_1-1-pt_1966,76.9999999999999,6293.0,1.0
P_1-1-pt_5193,P_1-1-pt_4595,110.99999999999797,6293.0,1.0
P_1-1-pt_5193,P_1-1-pt_5906,76.9999999999999,6293.0,1.0
P_1-1-pt_5193,P_1-1-pt_1226,76.9999999999999,6293.0,1.0
P_1-1-pt_5193,P_1-1-pt_3624,74.00000000000007,6293.0,1.0
P_1-1-pt_5193,P_1-1-pt_1304,74.00000000000007,6293.0,1.0
P_1-1-pt_5193,P_1-1-veh_105,144.99999999999605,6293.0,1.0
P_1-1-pt_5193,P_2-1_3764,71.00000000000024,6293.0,1.0
P_1-1-pt_5193,P_2-1_2925,72.00000000000018,6293.0,1.0
P_1-1-pt_5193,P_1-1-veh_792,164.9999999999949,6293.0,1.0
P_1-1-pt_5193,P_2-1_63,102.99999999999842,6293.0,1.0
P_1-1-pt_5193,P_1-2_1612,101.99999999999848,6293.0,1.0
P_1-1-pt_5193,P_1-1-pt_6453,72.00000000000018,6293.0,1.0
P_1-1-pt_5193,P_1-1-pt_6297,7.999999999999988,6293.0,1.0
P_1-1-pt_5193,P_1-3_3245,68.00000000000041,6293.0,1.0
P_1-1-pt_5193,P_2-1_5419,67.00000000000047,6293.0,1.0
P_1-1-pt_5193,P_1-1-pt_8728,70.0000000000003,6293.0,1.0
P_1-1-pt_5193,P_1-1-pt_8545,1897.9999999993693,6293.0,1.0
P_1-1-pt_5193,P_1-2_4483,48.00000000000041,6293.0,1.0
P_1-2_5252,P_1-1-pt_2718,66.00000000000053,6293.0,1.0
P_1-2_5252,P_1-3_2881,68.00000000000041,6293.0,1.0
P_1-2_5252,P_1-1-veh_603,69.00000000000036,6293.0,1.0
P_1-2_5252,P_1-2_1600,68.00000000000041,6293.0,1.0
P_1-2_5252,P_1-1-pt_6309,66.00000000000053,6293.0,1.0
P_1-2_5252,P_1-1-pt_8692,66.00000000000053,6293.0,1.0
P_1-2_5252,P_1-1-veh_459,68.00000000000041,6293.0,1.0
P_1-2_5252,P_1-1-pt_8611,66.00000000000053,6293.0,1.0
P_1-2_5252,P_1-1-pt_5997,67.00000000000047,6293.0,1.0
P_1-2_5252,P_1-1-pt_394,67.00000000000047,6293.0,1.0
P_1-2_5252,P_1-1-pt_4541,66.00000000000053,6293.0,1.0
P_1-2_5252,P_1-3_4124,68.00000000000041,6293.0,1.0
P_1-2_5252,P_1-3_2421,68.00000000000041,6293.0,1.0
P_1-2_5252,P_1-1-pt_725,66.00000000000053,6293.0,1.0
P_1-2_5252,P_1-1-pt_530,53.00000000000048,6293.0,1.0
P_1-2_5252,P_1-1-pt_3067,61.0000000000006,6293.0,1.0
P_1-2_5252,P_1-1-pt_3097,79.99999999999973,6293.0,1.0
P_1-2_5252,P_1-1-veh_792,333.0000000000072,6293.0,1.0
P_1-3_4666,P_1-2_505,60.00000000000058,6291.0,1.0
P_1-3_4666,P_1-2_2715,63.000000000000625,6291.0,1.0
P_1-3_4666,P_1-1-pt_0,57.00000000000054,6291.0,1.0
P_1-3_4666,P_1-2_4791,138.9999999999964,6291.0,1.0
P_1-3_4666,P_1-2_1533,140.99999999999628,6291.0,1.0
P_1-3_4666,P_1-3_5578,127.999999999997,6291.0,1.0
P_1-3_4666,P_1-3_635,68.00000000000041,6291.0,1.0
P_1-1-veh_407,P_2-1_4232,68.00000000000041,6288.0,1.0
P_1-1-veh_407,P_1-1-pt_6358,68.00000000000041,6288.0,1.0
P_1-1-veh_407,P_1-1-pt_6516,70.0000000000003,6288.0,1.0
P_1-3_3793,P_1-3_870,183.99999999999383,6285.0,1.0
P_1-3_3793,P_1-3_2278,72.00000000000018,6285.0,1.0
P_1-3_3793,P_1-1-pt_560,699.0000000000904,6285.0,1.0
P_1-2_4098,P_1-3_5117,68.00000000000041,6284.0,1.0
P_1-2_4098,P_1-2_2183,68.00000000000041,6284.0,1.0
P_1-2_4098,P_1-3_5537,40.0000000000003,6284.0,1.0
P_1-2_4098,P_1-2_1025,2575.9999999987526,6284.0,1.0
P_1-2_4098,P_1-3_4822,2237.99999999906,6284.0,1.0
P_1-2_4098,P_1-2_4327,599.0000000000676,6284.0,1.0
P_1-2_4098,P_1-2_5943,83.9999999999995,6284.0,1.0
P_1-2_4098,P_1-1-pt_4645,146.99999999999594,6284.0,1.0
P_1-2_4098,P_1-2_593,39.000000000000284,6284.0,1.0
P_1-2_4098,P_1-2_1219,106.9999999999982,6284.0,1.0
P_1-2_4098,P_1-2_3752,166.9999999999948,6284.0,1.0
P_1-2_4098,P_1-2_4730,53.00000000000048,6284.0,1.0
P_1-2_4098,P_1-3_2482,3352.999999998046,6284.0,1.0
P_1-2_4098,P_1-2_3716,3546.9999999978695,6284.0,1.0
P_1-2_5288,P_1-2_1805,68.00000000000041,6284.0,1.0
P_1-2_5288,P_1-2_5369,50.00000000000044,6284.0,1.0
P_1-2_5288,P_2-1_4267,68.00000000000041,6284.0,1.0
P_1-2_5288,P_2-1_3390,68.00000000000041,6284.0,1.0
P_1-2_5288,P_2-1_1463,68.00000000000041,6284.0,1.0
P_1-2_5288,P_2-1_499,68.00000000000041,6284.0,1.0
P_1-2_5288,P_2-1_213,68.00000000000041,6284.0,1.0
P_1-2_5288,P_1-3_3132,68.00000000000041,6284.0,1.0
P_1-2_5288,P_1-3_2187,60.00000000000058,6284.0,1.0
P_1-1-pt_6292,P_1-1-pt_1173,4.999999999999998,6282.0,0.7809614772365489
P_1-1-pt_6292,P_1-3_743,66.00000000000053,6282.0,0.7809614772365489
P_1-1-pt_6292,P_1-1-pt_1723,329.0000000000063,6282.0,0.7809614772365489
P_1-1-pt_6292,P_1-1-pt_498,453.0000000000345,6282.0,0.7809614772365489
P_1-1-pt_6292,P_1-3_2599,43.00000000000034,6282.0,0.7809614772365489
P_1-1-pt_6292,P_1-2_5745,43.00000000000034,6282.0,0.7809614772365489
P_1-1-pt_6292,P_1-1-pt_8735,34.00000000000021,6282.0,0.7809614772365489
P_1-1-pt_6292,P_1-2_4266,43.00000000000034,6282.0,0.7809614772365489
P_1-1-pt_6292,P_1-3_1535,43.00000000000034,6282.0,0.7809614772365489
P_1-1-pt_6292,P_1-1-pt_2032,32.000000000000185,6282.0,0.7809614772365489
P_1-1-pt_6292,P_1-2_609,43.00000000000034,6282.0,0.7809614772365489
P_1-1-pt_6292,P_1-2_2598,43.00000000000034,6282.0,0.7809614772365489
P_1-1-pt_6292,P_1-2_5428,3869.9999999975757,6282.0,0.7809614772365489
P_1-3_1027,P_1-2_4329,41.00000000000031,6279.0,1.0
P_1-3_1027,P_1-2_3590,69.00000000000036,6279.0,1.0
P_1-3_1027,P_1-3_2424,64.00000000000064,6279.0,1.0
P_1-3_1027,P_1-3_1571,75.99999999999996,6279.0,1.0
P_1-3_1027,P_1-1-pt_5139,98.99999999999865,6279.0,1.0
P_1-3_1027,P_1-1-pt_1006,166.9999999999948,6279.0,1.0
P_1-3_1027,P_1-1-pt_2920,75.99999999999996,6279.0,1.0
P_1-3_1027,P_1-1-pt_6673,96.99999999999876,6279.0,1.0
P_1-3_1027,P_1-1-pt_2013,11.999999999999973,6279.0,1.0
P_1-2_1533,P_1-1-pt_1238,524.0000000000506,6275.0,1.0
P_1-2_1533,P_1-2_505,51.000000000000455,6275.0,1.0
P_1-2_1533,P_1-2_2715,60.00000000000058,6275.0,1.0
P_1-2_1533,P_1-1-pt_0,44.000000000000355,6275.0,1.0
P_1-2_1533,P_1-3_4666,140.99999999999628,6275.0,1.0
P_1-2_1533,P_1-2_4791,71.00000000000024,6275.0,1.0
P_1-2_1533,P_1-3_5578,71.00000000000024,6275.0,1.0
P_1-2_1533,P_1-3_635,71.00000000000024,6275.0,1.0
P_1-2_1533,P_1-1-pt_5275,34.00000000000021,6275.0,1.0
P_1-2_1533,P_1-1-pt_1039,245.9999999999903,6275.0,1.0
P_1-2_1533,P_1-1-pt_2129,255.99999999998974,6275.0,1.0
P_1-2_1533,P_1-1-pt_1700,75.00000000000001,6275.0,1.0
P_1-3_228,P_1-2_1420,4986.0000000006075,6268.0,1.0
P_1-3_228,P_1-2_4734,279.99999999999517,6268.0,1.0
P_1-3_228,P_1-2_4206,279.99999999999517,6268.0,1.0
P_1-3_228,P_1-3_1500,281.9999999999956,6268.0,1.0
P_1-3_228,P_1-3_3901,283.9999999999961,6268.0,1.0
P_1-3_228,P_1-3_3776,281.9999999999956,6268.0,1.0
P_1-3_228,P_2-1_2161,279.99999999999517,6268.0,1.0
P_1-3_228,P_1-3_874,677.0000000000854,6268.0,1.0
P_1-3_228,P_1-3_2454,139.99999999999633,6268.0,1.0
P_1-3_228,P_1-3_3834,140.99999999999628,6268.0,1.0
P_1-3_228,P_1-2_3280,84.99999999999945,6268.0,1.0
P_1-3_228,P_1-3_3046,71.00000000000024,6268.0,1.0
P_1-3_228,P_1-3_3457,70.0000000000003,6268.0,1.0
P_1-3_228,P_1-3_4168,70.0000000000003,6268.0,1.0
P_1-3_228,P_1-3_2053,71.00000000000024,6268.0,1.0
P_1-2_5752,P_1-2_3821,852.0000000001252,6265.0,1.0
P_1-2_5752,P_1-2_2580,858.0000000001265,6265.0,1.0
P_1-2_5752,P_1-3_4738,857.0000000001263,6265.0,1.0
P_1-2_5752,P_1-2_3464,816.000000000117,6265.0,1.0
P_1-2_5752,P_1-2_2797,781.000000000109,6265.0,1.0
P_1-2_5752,P_1-1-veh_837,786.0000000001102,6265.0,1.0
P_1-2_5752,P_2-1_2028,1481.9999999997476,6265.0,1.0
P_1-1-pt_2425,P_1-1-pt_6516,63.000000000000625,6264.0,1.0
P_1-1-pt_2425,P_1-1-pt_2342,335.0000000000077,6264.0,1.0
P_1-1-pt_2425,P_2-1_2987,68.00000000000041,6264.0,1.0
P_1-1-pt_2425,P_1-2_5927,61.0000000000006,6264.0,1.0
P_1-1-pt_2425,P_1-1-pt_3800,50.00000000000044,6264.0,1.0
P_1-1-pt_2425,P_1-2_3214,57.00000000000054,6264.0,1.0
P_1-1-pt_2425,P_1-1-pt_841,135.99999999999656,6264.0,1.0
P_1-1-pt_2425,P_1-2_4715,57.00000000000054,6264.0,1.0
P_1-1-pt_2425,P_1-2_2653,62.00000000000061,6264.0,1.0
P_1-1-pt_2425,P_1-1-pt_2770,53.00000000000048,6264.0,1.0
P_1-1-pt_2425,P_1-1-pt_6355,53.00000000000048,6264.0,1.0
P_1-1-pt_2425,P_1-2_4454,77.99999999999984,6264.0,1.0
P_1-1-pt_2425,P_1-2_3590,72.00000000000018,6264.0,1.0
P_1-1-pt_2425,P_1-1-pt_8982,54.0000000000005,6264.0,1.0
P_1-1-pt_2425,P_1-1-pt_8969,50.00000000000044,6264.0,1.0
P_1-1-pt_2425,P_1-2_1658,50.00000000000044,6264.0,1.0
P_1-1-pt_2425,P_1-1-pt_1601,70.0000000000003,6264.0,1.0
P_1-1-pt_2425,P_1-2_1285,3967.9999999974866,6264.0,1.0
P_1-1-pt_2425,P_2-1_2911,1525.9999999997076,6264.0,1.0
P_1-3_990,P_1-2_1017,148.99999999999582,6262.0,1.0
P_1-3_990,P_1-1-veh_152,2203.999999999091,6262.0,1.0
P_1-3_990,P_1-1-pt_5357,200.99999999999287,6262.0,1.0
P_1-3_990,P_1-2_2543,176.99999999999423,6262.0,1.0
P_1-3_990,P_1-2_671,10.999999999999977,6262.0,1.0
P_1-3_990,P_1-2_1313,69.00000000000036,6262.0,1.0
P_1-3_990,P_1-2_2034,51.000000000000455,6262.0,1.0
P_1-3_990,P_1-1-pt_6368,14.999999999999963,6262.0,1.0
P_1-3_990,P_1-1-pt_1306,26.0000000000001,6262.0,1.0
P_1-3_990,P_1-2_3052,47.0000000000004,6262.0,1.0
P_1-3_990,P_1-2_3413,55.00000000000051,6262.0,1.0
P_1-3_990,P_1-1-pt_1037,49.000000000000426,6262.0,1.0
P_1-3_990,P_1-1-pt_5324,50.00000000000044,6262.0,1.0
P_1-3_990,P_2-1_2045,56.000000000000526,6262.0,1.0
P_1-3_990,P_1-1-pt_5942,27.000000000000114,6262.0,1.0
P_1-3_990,P_1-2_149,39.000000000000284,6262.0,1.0
P_1-3_990,P_1-2_3693,82.99999999999956,6262.0,1.0
P_1-1-pt_1167,P_1-1-pt_6358,62.00000000000061,6258.0,1.0
P_1-1-pt_1167,P_1-2_4329,216.99999999999196,6258.0,1.0
P_1-1-pt_1167,P_1-1-pt_2431,73.00000000000013,6258.0,1.0
P_1-1-pt_1167,P_1-1-pt_3931,31.00000000000017,6258.0,1.0
P_1-1-pt_5241,P_1-3_2018,67.00000000000047,6257.0,1.0
P_1-1-pt_5241,P_1-2_5210,66.00000000000053,6257.0,1.0
P_1-1-pt_5241,P_1-2_573,66.00000000000053,6257.0,1.0
P_1-1-pt_5241,P_1-3_4954,66.00000000000053,6257.0,1.0
P_1-1-pt_5241,P_1-3_4875,66.00000000000053,6257.0,1.0
P_1-1-pt_5241,P_1-3_3410,898.0000000001356,6257.0,1.0
P_1-1-pt_5241,P_1-2_5640,1094.0000000001005,6257.0,1.0
P_1-1-pt_5241,P_1-2_3693,76.9999999999999,6257.0,1.0
P_1-1-pt_5241,P_1-1-pt_1238,49.000000000000426,6257.0,1.0
P_1-1-pt_5241,P_1-1-pt_654,29.000000000000142,6257.0,1.0
P_1-1-pt_5241,P_1-2_568,2170.999999999121,6257.0,1.0
P_1-1-veh_152,P_1-1-pt_1420,80.99999999999967,6257.0,1.0
P_1-1-veh_152,P_1-2_1017,79.99999999999973,6257.0,1.0
P_1-1-veh_152,P_1-3_990,2203.999999999091,6257.0,1.0
P_1-1-veh_152,P_1-1-pt_5357,72.00000000000018,6257.0,1.0
P_1-1-veh_152,P_1-1-pt_4262,73.00000000000013,6257.0,1.0
P_1-1-veh_152,P_1-1-pt_3386,137.99999999999645,6257.0,1.0
P_1-3_874,P_1-1-pt_560,1088.000000000106,6253.0,1.0
P_1-3_874,P_1-2_4771,203.9999999999927,6253.0,1.0
P_1-3_874,P_1-2_4734,139.99999999999633,6253.0,1.0
P_1-3_874,P_1-2_4206,139.99999999999633,6253.0,1.0
P_1-3_874,P_1-3_1500,139.99999999999633,6253.0,1.0
P_1-3_874,P_1-3_3901,139.99999999999633,6253.0,1.0
P_1-3_874,P_1-2_1420,689.0000000000881,6253.0,1.0
P_1-3_874,P_1-3_228,677.0000000000854,6253.0,1.0
P_1-3_874,P_1-3_3776,210.9999999999923,6253.0,1.0
P_1-3_874,P_2-1_2161,212.99999999999218,6253.0,1.0
P_1-3_874,P_1-3_2454,70.0000000000003,6253.0,1.0
P_1-3_874,P_1-3_3834,140.99999999999628,6253.0,1.0
P_1-3_874,P_1-2_3280,80.99999999999967,6253.0,1.0
P_1-3_874,P_1-1-pt_1714,66.00000000000053,6253.0,1.0
P_1-3_874,P_1-2_2287,68.00000000000041,6253.0,1.0
P_1-3_874,P_1-2_3081,68.00000000000041,6253.0,1.0
P_1-3_874,P_1-2_5951,68.00000000000041,6253.0,1.0
P_1-1-pt_5897,P_1-2_3692,54.0000000000005,6252.0,1.0
P_1-1-pt_5897,P_1-1-pt_3571,20.000000000000014,6252.0,1.0
P_1-1-pt_5897,P_1-1-pt_4671,529.0000000000517,6252.0,1.0
P_1-1-pt_5897,P_1-1-pt_1270,84.99999999999945,6252.0,1.0
P_1-1-pt_5897,P_1-1-pt_4919,62.00000000000061,6252.0,1.0
P_1-1-pt_5897,P_1-1-pt_1304,59.00000000000057,6252.0,1.0
P_1-1-pt_5897,P_1-1-pt_3275,77.99999999999984,6252.0,1.0
P_1-1-pt_5897,P_1-1-pt_1560,77.99999999999984,6252.0,1.0
P_1-1-pt_5897,P_1-1-pt_1966,76.9999999999999,6252.0,1.0
P_1-1-pt_5897,P_1-1-pt_5906,76.9999999999999,6252.0,1.0
P_1-1-pt_5897,P_1-1-pt_1238,76.9999999999999,6252.0,1.0
P_1-1-pt_5897,P_1-1-pt_3916,79.99999999999973,6252.0,1.0
P_1-1-pt_5897,P_1-1-pt_1108,72.00000000000018,6252.0,1.0
P_1-1-pt_5897,P_1-1-pt_1226,76.9999999999999,6252.0,1.0
P_1-1-pt_5897,P_1-1-pt_3409,74.00000000000007,6252.0,1.0
P_1-1-pt_5897,P_1-1-pt_3624,74.00000000000007,6252.0,1.0
P_1-1-pt_5897,P_1-1-veh_792,272.9999999999936,6252.0,1.0
P_1-1-pt_5897,P_1-1-pt_3097,5.999999999999995,6252.0,1.0
P_1-1-pt_5897,P_2-1_3764,70.0000000000003,6252.0,1.0
P_1-1-pt_5897,P_2-1_2925,81.99999999999962,6252.0,1.0
P_1-1-pt_5897,P_1-1-pt_1473,113.9999999999978,6252.0,1.0
P_1-1-pt_5897,P_1-1-pt_6297,121.99999999999734,6252.0,1.0
P_1-1-pt_5897,P_1-1-pt_3769,2310.9999999989936,6252.0,1.0
P_1-1-pt_5897,P_1-1-veh_234,67.00000000000047,6252.0,1.0
P_1-1-pt_5897,P_1-1-pt_7760,204.99999999999264,6252.0,1.0
P_1-3_5451,P_1-1-veh_824,70.0000000000003,6252.0,1.0
P_1-3_5451,P_1-2_5092,1042.0000000001478,6252.0,1.0
P_1-3_5451,P_1-3_1140,1649.9999999995948,6252.0,1.0
P_1-3_5451,P_2-1_4930,67.00000000000047,6252.0,1.0
P_1-3_5451,P_1-1-pt_8085,1174.0000000000277,6252.0,1.0
P_1-3_5451,P_1-3_5354,280.9999999999954,6252.0,1.0
P_1-3_5451,P_1-2_5927,56.000000000000526,6252.0,1.0
P_1-3_5451,P_1-1-pt_3800,37.000000000000256,6252.0,1.0
P_1-3_5451,P_1-2_3214,50.00000000000044,6252.0,1.0
P_1-3_5451,P_1-1-pt_841,135.99999999999656,6252.0,1.0
P_1-3_5451,P_1-2_4715,62.00000000000061,6252.0,1.0
P_1-3_5451,P_1-2_2653,64.00000000000064,6252.0,1.0
P_1-3_5451,P_1-1-pt_2770,58.000000000000554,6252.0,1.0
P_1-3_5451,P_1-1-pt_6355,59.00000000000057,6252.0,1.0
P_1-3_5451,P_1-2_4454,63.000000000000625,6252.0,1.0
P_1-3_5451,P_1-2_3590,62.00000000000061,6252.0,1.0
P_1-3_5451,P_1-1-pt_8982,59.00000000000057,6252.0,1.0
P_1-3_5451,P_1-1-pt_8969,55.00000000000051,6252.0,1.0
P_1-3_5451,P_1-2_1658,56.000000000000526,6252.0,1.0
P_1-3_5451,P_1-1-pt_1601,72.00000000000018,6252.0,1.0
P_2-1_3664,P_1-3_1213,73.00000000000013,6250.0,1.0
P_2-1_3664,P_1-3_4291,311.0000000000022,6250.0,1.0
P_2-1_3664,P_2-1_3058,1858.9999999994047,6250.0,1.0
P_2-1_3664,P_1-2_2215,97.9999999999987,6250.0,1.0
P_2-1_3664,P_1-3_2180,74.00000000000007,6250.0,1.0
P_2-1_3664,P_1-2_2422,67.00000000000047,6250.0,1.0
P_2-1_3664,P_1-3_4587,62.00000000000061,6250.0,1.0
P_2-1_3664,P_1-3_2076,63.000000000000625,6250.0,1.0
P_2-1_3664,P_1-2_5927,58.000000000000554,6250.0,1.0
P_2-1_3664,P_1-1-pt_2961,71.00000000000024,6250.0,1.0
P_2-1_3664,P_1-1-pt_8968,114.99999999999774,6250.0,1.0
P_2-1_2925,P_1-1-pt_1329,86.99999999999933,6246.0,0.8528658341338456
P_2-1_2925,P_1-1-pt_4879,72.00000000000018,6246.0,0.8528658341338456
P_2-1_2925,P_1-1-pt_2920,57.00000000000054,6246.0,0.8528658341338456
P_2-1_2925,P_1-1-pt_6453,74.00000000000007,6246.0,0.8528658341338456
P_2-1_2925,P_1-2_4940,72.00000000000018,6246.0,0.8528658341338456
P_2-1_2925,P_1-1-pt_571,30.000000000000156,6246.0,0.8528658341338456
P_2-1_2925,P_1-1-pt_3230,30.000000000000156,6246.0,0.8528658341338456
P_2-1_2925,P_1-1-pt_8728,46.000000000000384,6246.0,0.8528658341338456
P_2-1_2925,P_1-1-veh_610,45.00000000000037,6246.0,0.8528658341338456
P_2-1_2925,P_1-1-veh_767,44.000000000000355,6246.0,0.8528658341338456
P_2-1_2925,P_1-2_303,51.000000000000455,6246.0,0.8528658341338456
P_2-1_2925,P_1-1-pt_255,60.00000000000058,6246.0,0.8528658341338456
P_2-1_2925,P_1-1-pt_3097,803.000000000114,6246.0,0.8528658341338456
P_2-1_2925,P_1-1-pt_6413,96.99999999999876,6246.0,0.8528658341338456
P_2-1_2925,P_1-1-pt_4996,32.000000000000185,6246.0,0.8528658341338456
P_2-1_2925,P_1-1-pt_494,73.00000000000013,6246.0,0.8528658341338456
P_2-1_2925,P_1-1-pt_2162,72.00000000000018,6246.0,0.8528658341338456
P_2-1_2925,P_1-1-pt_1296,24.00000000000007,6246.0,0.8528658341338456
P_2-1_2925,P_1-1-pt_5897,81.99999999999962,6246.0,0.8528658341338456
P_2-1_2925,P_1-1-pt_3769,77.99999999999984,6246.0,0.8528658341338456
P_2-1_2925,P_1-1-pt_4671,70.0000000000003,6246.0,0.8528658341338456
P_2-1_2925,P_1-1-pt_3409,68.00000000000041,6246.0,0.8528658341338456
P_2-1_2925,P_1-1-pt_1270,87.99999999999928,6246.0,0.8528658341338456
P_2-1_2925,P_2-1_3764,3283.9999999981087,6246.0,0.8528658341338456
P_2-1_2925,P_1-1-pt_4919,91.99999999999905,6246.0,0.8528658341338456
P_2-1_2925,P_1-1-pt_7863,101.99999999999848,6246.0,0.8528658341338456
P_2-1_2925,P_1-1-veh_792,167.99999999999474,6246.0,0.8528658341338456
P_2-1_2925,P_1-1-pt_8545,73.00000000000013,6246.0,0.8528658341338456
P_2-1_2925,P_1-1-pt_5193,72.00000000000018,6246.0,0.8528658341338456
P_2-1_2925,P_1-1-pt_7325,72.00000000000018,6246.0,0.8528658341338456
P_2-1_2925,P_1-1-pt_8137,72.00000000000018,6246.0,0.8528658341338456
P_2-1_2925,P_1-1-pt_1108,62.00000000000061,6246.0,0.8528658341338456
P_2-1_2925,P_1-1-veh_105,102.99999999999842,6246.0,0.8528658341338456
P_2-1_2925,P_1-2_1203,86.99999999999933,6246.0,0.8528658341338456
P_2-1_2925,P_1-2_2554,95.99999999999882,6246.0,0.8528658341338456
P_2-1_2925,P_1-1-pt_6389,75.00000000000001,6246.0,0.8528658341338456
P_1-1-pt_3671,P_1-1-pt_5167,1649.9999999995948,6243.0,0.948742591702707
P_1-1-pt_3671,P_1-1-pt_1747,1630.999999999612,6243.0,0.948742591702707
P_1-1-pt_3671,P_1-1-pt_4262,341.00000000000904,6243.0,0.948742591702707
P_1-1-pt_3671,P_1-1-pt_6974,1478.9999999997503,6243.0,0.948742591702707
P_1-1-pt_3671,P_1-1-pt_98,1858.9999999994047,6243.0,0.948742591702707
P_1-1-pt_3671,P_1-1-pt_3207,932.0000000001434,6243.0,0.948742591702707
P_1-1-pt_3671,P_1-1-pt_4879,464.000000000037,6243.0,0.948742591702707
P_1-1-pt_3671,P_1-1-pt_1497,887.0000000001331,6243.0,0.948742591702707
P_1-1-pt_3671,P_1-1-pt_6743,155.99999999999542,6243.0,0.948742591702707
P_1-1-pt_3671,P_1-1-pt_3858,526.000000000051,6243.0,0.948742591702707
P_1-1-pt_3671,P_2-1_3764,36.00000000000024,6243.0,0.948742591702707
P_1-1-pt_3671,P_2-1_63,43.00000000000034,6243.0,0.948742591702707
P_1-1-pt_3671,P_1-2_1612,43.00000000000034,6243.0,0.948742591702707
P_1-1-pt_3671,P_1-1-pt_4736,463.0000000000368,6243.0,0.948742591702707
P_1-1-pt_3671,P_1-1-pt_2880,213.99999999999213,6243.0,0.948742591702707
P_1-1-pt_3671,P_1-1-pt_521,853.0000000001254,6243.0,0.948742591702707
P_1-1-pt_3671,P_1-2_1255,33.0000000000002,6243.0,0.948742591702707
P_1-1-pt_3671,P_1-3_3245,185.99999999999372,6243.0,0.948742591702707
P_1-1-pt_3671,P_1-1-pt_5666,79.99999999999973,6243.0,0.948742591702707
P_1-1-pt_3671,P_1-2_250,51.000000000000455,6243.0,0.948742591702707
P_1-1-pt_3671,P_1-1-pt_2920,234.99999999999093,6243.0,0.948742591702707
P_1-1-pt_3671,P_1-2_4483,55.00000000000051,6243.0,0.948742591702707
P_1-1-pt_3671,P_1-2_4940,73.00000000000013,6243.0,0.948742591702707
P_1-1-pt_3671,P_1-1-veh_610,77.99999999999984,6243.0,0.948742591702707
P_1-1-pt_3671,P_1-1-pt_7915,142.99999999999616,6243.0,0.948742591702707
P_1-1-pt_3671,P_1-1-pt_5999,24.00000000000007,6243.0,0.948742591702707
P_1-1-pt_3671,P_1-2_5543,277.9999999999947,6243.0,0.948742591702707
P_1-1-pt_3671,P_1-1-pt_7573,390.0000000000202,6243.0,0.948742591702707
P_1-1-pt_3671,P_1-1-veh_767,71.00000000000024,6243.0,0.948742591702707
P_1-1-pt_3671,P_1-1-pt_2013,77.99999999999984,6243.0,0.948742591702707
P_1-1-pt_3671,P_1-1-pt_8280,14.999999999999963,6243.0,0.948742591702707
P_1-1-pt_3671,P_1-2_303,431.0000000000295,6243.0,0.948742591702707
P_1-1-pt_8611,P_1-1-pt_530,64.00000000000064,6238.0,0.8917922411029175
P_1-1-pt_8611,P_1-2_5252,66.00000000000053,6238.0,0.8917922411029175
P_1-1-pt_8611,P_1-3_2280,44.000000000000355,6238.0,0.8917922411029175
P_1-1-pt_8611,P_1-2_2473,69.00000000000036,6238.0,0.8917922411029175
P_1-1-pt_8611,P_1-2_4249,72.00000000000018,6238.0,0.8917922411029175
P_1-1-pt_8611,P_1-3_2424,71.00000000000024,6238.0,0.8917922411029175
P_1-1-pt_8611,P_1-3_1571,43.00000000000034,6238.0,0.8917922411029175
P_1-1-pt_8611,P_1-3_5117,66.00000000000053,6238.0,0.8917922411029175
P_1-1-pt_8611,P_1-2_2183,66.00000000000053,6238.0,0.8917922411029175
P_1-1-pt_8611,P_1-1-pt_3595,44.000000000000355,6238.0,0.8917922411029175
P_1-1-pt_8611,P_1-3_5537,66.00000000000053,6238.0,0.8917922411029175
P_1-1-pt_8611,P_1-2_1640,46.000000000000384,6238.0,0.8917922411029175
P_1-1-pt_8611,P_1-2_5641,65.00000000000058,6238.0,0.8917922411029175
P_1-1-pt_8611,P_1-1-veh_459,1747.9999999995057,6238.0,0.8917922411029175
P_1-1-pt_8611,P_1-1-pt_5997,1449.9999999997767,6238.0,0.8917922411029175
P_1-1-pt_8611,P_1-1-pt_394,1252.999999999956,6238.0,0.8917922411029175
P_1-1-pt_8611,P_1-1-pt_4541,1215.9999999999895,6238.0,0.8917922411029175
P_1-3_3076,P_1-1-pt_8735,1436.9999999997885,6237.0,1.0
P_1-3_3076,P_1-3_743,138.9999999999964,6237.0,1.0
P_1-3_3076,P_1-1-pt_1723,620.0000000000724,6237.0,1.0
P_1-3_3076,P_1-1-pt_8184,135.99999999999656,6237.0,1.0
P_1-3_3076,P_1-3_2599,69.00000000000036,6237.0,1.0
P_1-3_3076,P_1-2_5745,70.0000000000003,6237.0,1.0
P_1-3_3076,P_1-1-pt_8289,70.0000000000003,6237.0,1.0
P_1-3_3076,P_1-1-pt_182,69.00000000000036,6237.0,1.0
P_1-3_3076,P_1-3_4289,70.0000000000003,6237.0,1.0
P_1-3_3076,P_1-1-veh_834,70.0000000000003,6237.0,1.0
P_1-3_3076,P_1-2_5753,1233.9999999999732,6237.0,1.0
P_1-3_3076,P_1-2_4266,2011.9999999992656,6237.0,1.0
P_1-1-pt_8068,P_1-3_5578,56.000000000000526,6233.0,1.0
P_1-1-pt_8068,P_1-1-pt_8728,69.00000000000036,6233.0,1.0
P_1-1-pt_8068,P_1-3_4690,67.00000000000047,6233.0,1.0
P_1-1-pt_8068,P_1-2_6013,50.00000000000044,6233.0,1.0
P_1-1-pt_8068,P_1-2_505,71.00000000000024,6233.0,1.0
P_1-1-pt_8068,P_2-1_2384,71.00000000000024,6233.0,1.0
P_1-1-pt_8068,P_1-1-pt_0,30.000000000000156,6233.0,1.0
P_1-1-pt_8068,P_1-1-pt_6031,197.99999999999304,6233.0,1.0
P_1-1-pt_8068,P_2-1_2136,70.0000000000003,6233.0,1.0
P_1-1-pt_8068,P_1-1-veh_65,71.00000000000024,6233.0,1.0
P_1-1-pt_8068,P_1-1-pt_4901,140.99999999999628,6233.0,1.0
P_2-1_3058,P_1-2_2061,69.00000000000036,6226.0,1.0
P_2-1_3058,P_1-2_3224,69.00000000000036,6226.0,1.0
P_2-1_3058,P_1-1-pt_2961,142.99999999999616,6226.0,1.0
P_2-1_3058,P_2-1_3664,1858.9999999994047,6226.0,1.0
P_2-1_3058,P_1-2_2215,85.99999999999939,6226.0,1.0
P_2-1_3058,P_1-3_2180,73.00000000000013,6226.0,1.0
P_2-1_3058,P_1-2_2422,67.00000000000047,6226.0,1.0
P_2-1_3058,P_1-3_4587,63.000000000000625,6226.0,1.0
P_2-1_3058,P_1-3_2076,62.00000000000061,6226.0,1.0
P_2-1_3058,P_1-2_5927,60.00000000000058,6226.0,1.0
P_2-1_3058,P_1-1-pt_8968,97.9999999999987,6226.0,1.0
P_2-1_1463,P_1-2_5288,68.00000000000041,6223.0,1.0
P_2-1_1463,P_1-3_268,69.00000000000036,6223.0,1.0
P_2-1_1463,P_1-3_28,73.00000000000013,6223.0,1.0
P_2-1_1463,P_1-2_3879,225.99999999999145,6223.0,1.0
P_2-1_1463,P_2-1_499,128.99999999999696,6223.0,1.0
P_2-1_1463,P_1-3_234,112.99999999999785,6223.0,1.0
P_2-1_1463,P_1-3_2773,227.99999999999133,6223.0,1.0
P_2-1_1463,P_1-3_4262,123.99999999999723,6223.0,1.0
P_2-1_1463,P_2-1_804,45.00000000000037,6223.0,1.0
P_2-1_1463,P_1-2_4376,68.00000000000041,6223.0,1.0
P_2-1_1463,P_1-3_1676,68.00000000000041,6223.0,1.0
P_2-1_1463,P_1-3_5144,68.00000000000041,6223.0,1.0
P_2-1_1463,P_1-3_2786,68.00000000000041,6223.0,1.0
P_2-1_1463,P_1-3_5475,75.99999999999996,6223.0,1.0
P_2-1_1463,P_1-2_4853,76.9999999999999,6223.0,1.0
P_2-1_1463,P_2-1_6130,82.99999999999956,6223.0,1.0
P_2-1_1463,P_2-1_4788,152.9999999999956,6223.0,1.0
P_2-1_1463,P_1-1-veh_610,113.9999999999978,6223.0,1.0
P_1-3_2076,P_1-3_5354,198.99999999999298,6219.0,1.0
P_1-3_2076,P_1-3_4587,130.99999999999685,6219.0,1.0
P_1-3_2076,P_1-2_4955,35.00000000000023,6219.0,1.0
P_1-3_2076,P_1-2_3378,136.9999999999965,6219.0,1.0
P_1-3_2076,P_1-2_3077,137.99999999999645,6219.0,1.0
P_1-3_2076,P_1-3_2180,427.0000000000286,6219.0,1.0
P_1-3_2076,P_1-2_5020,136.9999999999965,6219.0,1.0
P_1-3_2076,P_1-2_2422,70.0000000000003,6219.0,1.0
P_1-3_2076,P_1-2_5092,137.99999999999645,6219.0,1.0
P_1-3_2076,P_1-1-pt_4785,57.00000000000054,6219.0,1.0
P_1-3_2076,P_1-1-pt_2961,58.000000000000554,6219.0,1.0
P_1-3_2076,P_2-1_3664,63.000000000000625,6219.0,1.0
P_1-3_2076,P_2-1_3058,62.00000000000061,6219.0,1.0
P_1-3_5020,P_1-1-pt_2342,73.00000000000013,6218.0,1.0
P_1-3_5020,P_1-3_4253,68.00000000000041,6218.0,1.0
P_1-3_5020,P_1-1-pt_7959,65.00000000000058,6218.0,1.0
P_1-3_5020,P_1-1-pt_3353,7.999999999999988,6218.0,1.0
P_1-3_5020,P_2-1_5552,68.00000000000041,6218.0,1.0
P_1-3_5020,P_1-1-veh_824,68.00000000000041,6218.0,1.0
P_1-3_5020,P_1-1-pt_3176,68.00000000000041,6218.0,1.0
P_1-3_5020,P_1-3_4291,141.99999999999622,6218.0,1.0
P_1-3_5020,P_1-2_2215,140.99999999999628,6218.0,1.0
P_1-3_5020,P_1-2_2335,88.99999999999922,6218.0,1.0
P_1-3_5020,P_1-3_283,105.99999999999825,6218.0,1.0
P_1-3_5020,P_1-3_2180,61.0000000000006,6218.0,1.0
P_1-2_1658,P_1-3_234,68.00000000000041,6216.0,1.0
P_1-2_1658,P_1-3_268,68.00000000000041,6216.0,1.0
P_1-2_1658,P_1-2_2180,68.00000000000041,6216.0,1.0
P_1-2_1658,P_1-2_3879,68.00000000000041,6216.0,1.0
P_1-2_1658,P_1-3_4262,78.99999999999979,6216.0,1.0
P_1-2_1658,P_1-3_4881,82.99999999999956,6216.0,1.0
P_1-2_1658,P_1-3_5144,89.99999999999916,6216.0,1.0
P_1-2_1658,P_1-3_2786,68.00000000000041,6216.0,1.0
P_1-2_1658,P_1-3_5475,92.99999999999899,6216.0,1.0
P_1-2_1658,P_1-1-pt_7915,87.99999999999928,6216.0,1.0
P_1-2_1658,P_1-2_752,83.9999999999995,6216.0,1.0
P_1-2_1658,P_1-3_3339,76.9999999999999,6216.0,1.0
P_1-2_1658,P_1-1-pt_2844,102.99999999999842,6216.0,1.0
P_1-2_1658,P_1-1-pt_2863,69.00000000000036,6216.0,1.0
P_1-2_1658,P_1-3_5550,55.00000000000051,6216.0,1.0
P_1-2_1658,P_2-1_5799,57.00000000000054,6216.0,1.0
P_1-2_1658,P_1-3_4492,56.000000000000526,6216.0,1.0
P_1-2_1658,P_1-3_2528,56.000000000000526,6216.0,1.0
P_1-2_1658,P_1-1-pt_3353,71.00000000000024,6216.0,1.0
P_1-2_1658,P_1-1-pt_2425,50.00000000000044,6216.0,1.0
P_1-2_1658,P_2-1_2911,74.00000000000007,6216.0,1.0
P_1-2_1658,P_1-2_1285,74.00000000000007,6216.0,1.0
P_1-2_1658,P_2-1_842,59.00000000000057,6216.0,1.0
P_1-2_1658,P_1-3_5451,56.000000000000526,6216.0,1.0
P_1-2_1658,P_1-3_1140,56.000000000000526,6216.0,1.0
P_1-2_1658,P_2-1_5552,57.00000000000054,6216.0,1.0
P_1-1-pt_6516,P_1-1-pt_2425,63.000000000000625,6210.0,1.0
P_1-1-pt_6516,P_1-2_4753,40.0000000000003,6210.0,1.0
P_1-1-pt_6516,P_1-3_2043,47.0000000000004,6210.0,1.0
P_1-1-pt_6516,P_1-2_638,52.00000000000047,6210.0,1.0
P_1-1-pt_6516,P_1-2_5092,46.000000000000384,6210.0,1.0
P_1-1-pt_6516,P_1-2_4955,69.00000000000036,6210.0,1.0
P_1-1-pt_6516,P_1-2_2061,69.00000000000036,6210.0,1.0
P_1-1-pt_6516,P_1-3_5354,398.000000000022,6210.0,1.0
P_1-1-pt_6516,P_1-1-pt_8968,121.99999999999734,6210.0,1.0
P_1-1-pt_6516,P_2-1_2987,418.00000000002655,6210.0,1.0
P_1-1-pt_6516,P_1-2_829,70.0000000000003,6210.0,1.0
P_1-1-pt_6516,P_1-1-veh_407,70.0000000000003,6210.0,1.0
P_1-2_2061,P_2-1_3058,69.00000000000036,6199.0,1.0
P_1-2_2061,P_1-2_3224,68.00000000000041,6199.0,1.0
P_1-2_2061,P_1-2_4955,65.00000000000058,6199.0,1.0
P_1-2_2061,P_1-2_5020,56.000000000000526,6199.0,1.0
P_1-2_2061,P_1-2_2422,60.00000000000058,6199.0,1.0
P_1-2_2061,P_1-2_5092,62.00000000000061,6199.0,1.0
P_1-2_2061,P_1-3_5354,66.00000000000053,6199.0,1.0
P_1-2_2061,P_1-1-pt_6516,69.00000000000036,6199.0,1.0
P_1-2_2061,P_1-3_4587,68.00000000000041,6199.0,1.0
P_1-2_2061,P_1-2_5927,65.00000000000058,6199.0,1.0
P_1-2_2061,P_1-1-pt_3800,44.000000000000355,6199.0,1.0
P_1-2_2061,P_1-2_3214,55.00000000000051,6199.0,1.0
P_1-2_2061,P_1-2_4715,55.00000000000051,6199.0,1.0
P_1-2_2061,P_1-2_2653,58.000000000000554,6199.0,1.0
P_1-2_2061,P_1-1-pt_2770,51.000000000000455,6199.0,1.0
P_1-2_2061,P_1-1-pt_6355,50.00000000000044,6199.0,1.0
P_1-2_2061,P_1-2_4454,67.00000000000047,6199.0,1.0
P_1-2_2061,P_1-2_3590,67.00000000000047,6199.0,1.0
P_1-2_2061,P_1-1-pt_841,136.9999999999965,6199.0,1.0
P_1-2_2061,P_1-1-pt_8085,136.9999999999965,6199.0,1.0
P_1-2_505,P_1-3_4666,60.00000000000058,6196.0,1.0
P_1-2_505,P_1-2_4791,50.00000000000044,6196.0,1.0
P_1-2_505,P_1-2_1533,51.000000000000455,6196.0,1.0
P_1-2_505,P_1-3_5578,50.00000000000044,6196.0,1.0
P_1-2_505,P_1-3_635,51.000000000000455,6196.0,1.0
P_1-2_505,P_1-1-pt_2529,69.00000000000036,6196.0,1.0
P_1-2_505,P_2-1_2384,2033.9999999992456,6196.0,1.0
P_1-2_505,P_1-1-pt_4901,318.0000000000038,6196.0,1.0
P_1-2_505,P_1-1-pt_8068,71.00000000000024,6196.0,1.0
P_1-2_505,P_1-1-pt_4966,239.99999999999065,6196.0,1.0
P_1-2_505,P_1-2_250,126.99999999999706,6196.0,1.0
P_1-3_2985,P_1-1-veh_602,69.00000000000036,6191.0,1.0
P_1-3_2985,P_1-1-pt_8762,72.00000000000018,6191.0,1.0
P_1-3_2985,P_1-3_5334,68.00000000000041,6191.0,1.0
P_1-3_2985,P_1-1-pt_7732,72.00000000000018,6191.0,1.0
P_1-3_2985,P_1-1-pt_5115,72.00000000000018,6191.0,1.0
P_1-3_2985,P_1-1-pt_1798,101.99999999999848,6191.0,1.0
P_1-3_2985,P_1-2_2613,48.00000000000041,6191.0,1.0
P_1-3_2985,P_1-2_3386,70.0000000000003,6191.0,1.0
P_1-3_2985,P_1-2_2512,93.99999999999893,6191.0,1.0
P_1-3_2985,P_1-2_3575,101.99999999999848,6191.0,1.0
P_1-3_2985,P_1-1-pt_5906,47.0000000000004,6191.0,1.0
P_1-3_2985,P_1-1-pt_1226,93.99999999999893,6191.0,1.0
P_1-3_2985,P_1-1-pt_5392,95.99999999999882,6191.0,1.0
P_1-2_2613,P_1-2_3693,68.00000000000041,6190.0,1.0
P_1-2_2613,P_1-3_2643,68.00000000000041,6190.0,1.0
P_1-2_2613,P_1-1-pt_6368,25.000000000000085,6190.0,1.0
P_1-2_2613,P_1-2_3052,35.00000000000023,6190.0,1.0
P_1-2_2613,P_1-2_3575,2121.9999999991655,6190.0,1.0
P_1-2_2613,P_1-2_2512,158.99999999999525,6190.0,1.0
P_1-2_2613,P_1-3_2985,48.00000000000041,6190.0,1.0
P_2-1_3944,P_1-2_2237,60.00000000000058,6190.0,1.0
P_2-1_3944,P_1-1-pt_1700,67.00000000000047,6190.0,1.0
P_2-1_3944,P_1-2_4388,124.99999999999717,6190.0,1.0
P_2-1_5841,P_1-1-pt_3353,91.99999999999905,6190.0,1.0
P_2-1_5841,P_2-1_5552,841.0000000001227,6190.0,1.0
P_2-1_5841,P_1-1-pt_6381,67.00000000000047,6190.0,1.0
P_2-1_5841,P_1-1-pt_7277,70.0000000000003,6190.0,1.0
P_2-1_5841,P_2-1_2293,68.00000000000041,6190.0,1.0
P_2-1_5841,P_1-1-pt_1669,68.00000000000041,6190.0,1.0
P_2-1_5841,P_1-2_163,69.00000000000036,6190.0,1.0
P_1-3_4663,P_1-3_234,68.00000000000041,6189.0,1.0
P_1-3_4663,P_1-3_268,67.00000000000047,6189.0,1.0
P_1-3_4663,P_1-2_2180,69.00000000000036,6189.0,1.0
P_1-3_4663,P_1-2_3879,71.00000000000024,6189.0,1.0
P_1-3_4663,P_1-3_4262,69.00000000000036,6189.0,1.0
P_1-3_4663,P_1-3_5144,71.00000000000024,6189.0,1.0
P_1-3_4663,P_1-3_2786,69.00000000000036,6189.0,1.0
P_1-3_4663,P_1-3_5475,34.00000000000021,6189.0,1.0
P_1-3_4663,P_1-1-pt_6743,65.00000000000058,6189.0,1.0
P_1-3_4663,P_1-1-pt_3489,104.99999999999831,6189.0,1.0
P_1-1-pt_8280,P_1-1-pt_521,430.0000000000293,6185.0,0.8753435731608731
P_1-1-pt_8280,P_1-1-pt_2369,170.99999999999457,6185.0,0.8753435731608731
P_1-1-pt_8280,P_1-1-pt_6743,251.99999999998997,6185.0,0.8753435731608731
P_1-1-pt_8280,P_1-1-pt_2880,230.99999999999116,6185.0,0.8753435731608731
P_1-1-pt_8280,P_1-1-pt_3409,30.000000000000156,6185.0,0.8753435731608731
P_1-1-pt_8280,P_1-1-pt_3207,300.99999999999994,6185.0,0.8753435731608731
P_1-1-pt_8280,P_1-1-pt_3624,20.000000000000014,6185.0,0.8753435731608731
P_1-1-pt_8280,P_1-1-pt_571,352.00000000001154,6185.0,0.8753435731608731
P_1-1-pt_8280,P_1-1-pt_3230,295.9999999999988,6185.0,0.8753435731608731
P_1-1-pt_8280,P_1-1-pt_1747,10.999999999999977,6185.0,0.8753435731608731
P_1-1-pt_8280,P_1-1-pt_5666,145.999999999996,6185.0,0.8753435731608731
P_1-1-pt_8280,P_1-1-pt_2920,17.999999999999986,6185.0,0.8753435731608731
P_1-1-pt_8280,P_1-1-pt_6453,59.00000000000057,6185.0,0.8753435731608731
P_1-1-pt_8280,P_2-1_63,30.000000000000156,6185.0,0.8753435731608731
P_1-1-pt_8280,P_1-2_1612,30.000000000000156,6185.0,0.8753435731608731
P_1-1-pt_8280,P_1-1-pt_4736,107.99999999999814,6185.0,0.8753435731608731
P_1-1-pt_8280,P_1-1-veh_610,655.0000000000804,6185.0,0.8753435731608731
P_1-1-pt_8280,P_1-1-veh_767,71.00000000000024,6185.0,0.8753435731608731
P_1-1-pt_8280,P_1-2_303,81.99999999999962,6185.0,0.8753435731608731
P_1-1-pt_8280,P_1-1-pt_3671,14.999999999999963,6185.0,0.8753435731608731
P_1-1-pt_8280,P_1-1-pt_4879,129.9999999999969,6185.0,0.8753435731608731
P_1-2_5020,P_2-1_4930,72.00000000000018,6183.0,1.0
P_1-2_5020,P_1-3_2528,64.00000000000064,6183.0,1.0
P_1-2_5020,P_1-3_5354,136.9999999999965,6183.0,1.0
P_1-2_5020,P_1-3_4587,124.99999999999717,6183.0,1.0
P_1-2_5020,P_1-2_4955,56.000000000000526,6183.0,1.0
P_1-2_5020,P_1-2_2061,56.000000000000526,6183.0,1.0
P_1-2_5020,P_1-3_2180,70.0000000000003,6183.0,1.0
P_1-2_5020,P_1-3_2076,136.9999999999965,6183.0,1.0
P_1-2_5020,P_1-2_3378,139.99999999999633,6183.0,1.0
P_1-2_5020,P_1-2_3077,139.99999999999633,6183.0,1.0
P_1-2_5020,P_1-2_5092,69.00000000000036,6183.0,1.0
P_1-2_5020,P_1-2_5927,70.0000000000003,6183.0,1.0
P_1-2_5020,P_1-2_3214,70.0000000000003,6183.0,1.0
P_1-1-pt_6381,P_2-1_6236,66.00000000000053,6181.0,1.0
P_1-1-pt_6381,P_2-1_2911,84.99999999999945,6181.0,1.0
P_1-1-pt_6381,P_1-3_4253,67.00000000000047,6181.0,1.0
P_1-1-pt_6381,P_1-1-pt_7959,64.00000000000064,6181.0,1.0
P_1-1-pt_6381,P_2-1_5552,68.00000000000041,6181.0,1.0
P_1-1-pt_6381,P_2-1_5841,67.00000000000047,6181.0,1.0
P_1-1-pt_6381,P_1-1-pt_7277,70.0000000000003,6181.0,1.0
P_1-1-pt_6381,P_1-1-veh_824,247.9999999999902,6181.0,1.0
P_1-1-pt_6381,P_2-1_2293,91.99999999999905,6181.0,1.0
P_1-1-pt_6381,P_1-1-pt_1669,75.00000000000001,6181.0,1.0
P_1-2_3464,P_1-2_3821,912.0000000001388,6174.0,0.7410106899902819
P_1-2_3464,P_1-2_2580,852.0000000001252,6174.0,0.7410106899902819
P_1-2_3464,P_1-3_4738,857.0000000001263,6174.0,0.7410106899902819
P_1-2_3464,P_1-2_5752,816.000000000117,6174.0,0.7410106899902819
P_1-2_3464,P_1-2_2797,781.000000000109,6174.0,0.7410106899902819
P_1-2_3464,P_1-1-veh_837,782.0000000001093,6174.0,0.7410106899902819
P_1-2_3464,P_2-1_2028,1469.9999999997585,6174.0,0.7410106899902819
P_1-1-pt_3097,P_1-1-pt_4996,160.99999999999514,6173.0,1.0
P_1-1-pt_3097,P_1-1-pt_3386,92.99999999999899,6173.0,1.0
P_1-1-pt_3097,P_1-1-pt_3067,155.99999999999542,6173.0,1.0
P_1-1-pt_3097,P_1-1-pt_3916,86.99999999999933,6173.0,1.0
P_1-1-pt_3097,P_1-1-pt_6538,56.000000000000526,6173.0,1.0
P_1-1-pt_3097,P_1-1-pt_297,430.0000000000293,6173.0,1.0
P_1-1-pt_3097,P_1-1-pt_255,77.99999999999984,6173.0,1.0
P_1-1-pt_3097,P_2-1_2925,803.000000000114,6173.0,1.0
P_1-1-pt_3097,P_1-1-pt_6413,94.99999999999888,6173.0,1.0
P_1-1-pt_3097,P_1-1-pt_494,7.999999999999988,6173.0,1.0
P_1-1-pt_3097,P_1-1-pt_2162,7.999999999999988,6173.0,1.0
P_1-1-pt_3097,P_1-1-pt_1296,78.99999999999979,6173.0,1.0
P_1-1-pt_3097,P_1-1-pt_5897,5.999999999999995,6173.0,1.0
P_1-1-pt_3097,P_1-1-pt_3769,9.99999999999998,6173.0,1.0
P_1-1-pt_3097,P_1-1-pt_4671,7.999999999999988,6173.0,1.0
P_1-1-pt_3097,P_1-1-pt_3409,23.000000000000057,6173.0,1.0
P_1-1-pt_3097,P_1-1-pt_1270,7.999999999999988,6173.0,1.0
P_1-1-pt_3097,P_1-1-pt_4919,7.999999999999988,6173.0,1.0
P_1-1-pt_3097,P_1-2_5252,79.99999999999973,6173.0,1.0
P_1-1-pt_3097,P_1-1-pt_2834,92.99999999999899,6173.0,1.0
P_1-1-pt_3097,P_1-1-pt_2820,78.99999999999979,6173.0,1.0
P_1-1-pt_3097,P_1-3_2221,101.99999999999848,6173.0,1.0
P_1-1-pt_1306,P_1-1-pt_1037,25.000000000000085,6172.0,1.0
P_1-1-pt_1306,P_1-2_3413,2281.99999999902,6172.0,1.0
P_1-1-pt_1306,P_1-2_1017,56.000000000000526,6172.0,1.0
P_1-1-pt_1306,P_1-3_990,26.0000000000001,6172.0,1.0
P_1-1-pt_1306,P_1-1-pt_6368,2018.9999999992592,6172.0,1.0
P_1-1-pt_1306,P_1-2_3052,225.99999999999145,6172.0,1.0
P_1-1-pt_1306,P_1-2_4208,124.99999999999717,6172.0,1.0
P_1-1-pt_1306,P_1-3_3755,132.99999999999673,6172.0,1.0
P_1-1-pt_1306,P_1-3_5334,102.99999999999842,6172.0,1.0
P_1-1-pt_1306,P_1-1-pt_3927,86.99999999999933,6172.0,1.0
P_1-1-pt_1306,P_1-2_2345,70.0000000000003,6172.0,1.0
P_1-1-pt_1306,P_1-1-pt_1298,26.0000000000001,6172.0,1.0
P_2-1_1609,P_1-2_5369,279.99999999999517,6168.0,1.0
P_2-1_1609,P_2-1_4788,68.00000000000041,6168.0,1.0
P_1-1-pt_8968,P_1-2_5092,71.00000000000024,6159.0,0.9935054391946745
P_1-1-pt_8968,P_1-1-pt_841,28.000000000000128,6159.0,0.9935054391946745
P_1-1-pt_8968,P_1-3_5354,262.9999999999913,6159.0,0.9935054391946745
P_1-1-pt_8968,P_1-1-pt_6516,121.99999999999734,6159.0,0.9935054391946745
P_1-1-pt_8968,P_1-3_4587,27.000000000000114,6159.0,0.9935054391946745
P_1-1-pt_8968,P_2-1_3058,97.9999999999987,6159.0,0.9935054391946745
P_1-1-pt_8968,P_2-1_3664,114.99999999999774,6159.0,0.9935054391946745
P_1-1-pt_8968,P_1-1-pt_2961,483.0000000000413,6159.0,0.9935054391946745
P_1-2_3590,P_1-1-pt_2820,42.00000000000033,6158.0,1.0
P_1-2_3590,P_1-3_2221,67.00000000000047,6158.0,1.0
P_1-2_3590,P_1-3_1027,69.00000000000036,6158.0,1.0
P_1-2_3590,P_1-1-pt_2431,67.00000000000047,6158.0,1.0
P_1-2_3590,P_1-1-pt_7938,115.99999999999768,6158.0,1.0
P_1-2_3590,P_1-1-pt_6355,117.99999999999757,6158.0,1.0
P_1-2_3590,P_1-2_4454,1531.9999999997021,6158.0,1.0
P_1-2_3590,P_1-1-pt_8982,470.00000000003837,6158.0,1.0
P_1-2_3590,P_1-1-pt_3931,71.00000000000024,6158.0,1.0
P_1-2_3590,P_2-1_6236,57.00000000000054,6158.0,1.0
P_1-2_3590,P_1-2_1948,50.00000000000044,6158.0,1.0
P_1-2_3590,P_1-3_5550,50.00000000000044,6158.0,1.0
P_1-2_3590,P_2-1_5799,47.0000000000004,6158.0,1.0
P_1-2_3590,P_1-3_4492,50.00000000000044,6158.0,1.0
P_1-2_3590,P_1-3_2528,50.00000000000044,6158.0,1.0
P_1-2_3590,P_1-1-pt_3353,73.00000000000013,6158.0,1.0
P_1-2_3590,P_2-1_2911,64.00000000000064,6158.0,1.0
P_1-2_3590,P_1-1-pt_2425,72.00000000000018,6158.0,1.0
P_1-2_3590,P_1-2_1285,57.00000000000054,6158.0,1.0
P_1-2_3590,P_2-1_842,56.000000000000526,6158.0,1.0
P_1-2_3590,P_1-3_5451,62.00000000000061,6158.0,1.0
P_1-2_3590,P_1-3_1140,49.000000000000426,6158.0,1.0
P_1-2_3590,P_2-1_5552,51.000000000000455,6158.0,1.0
P_1-2_3590,P_1-1-pt_8085,76.9999999999999,6158.0,1.0
P_1-2_3590,P_1-1-pt_841,77.99999999999984,6158.0,1.0
P_1-2_3590,P_1-2_4955,58.000000000000554,6158.0,1.0
P_1-2_3590,P_1-2_2061,67.00000000000047,6158.0,1.0
P_1-2_3590,P_1-1-pt_3176,35.00000000000023,6158.0,1.0
P_1-1-pt_1420,P_1-1-veh_152,80.99999999999967,6156.0,1.0
P_1-1-pt_1420,P_1-1-pt_4262,74.00000000000007,6156.0,1.0
P_1-1-pt_1420,P_1-1-pt_3386,137.99999999999645,6156.0,1.0
P_1-1-pt_1420,P_1-1-pt_3595,33.0000000000002,6156.0,1.0
P_1-1-pt_1420,P_1-1-pt_8247,3695.999999997734,6156.0,1.0
P_1-1-pt_1420,P_1-2_2795,3709.9999999977213,6156.0,1.0
P_1-1-pt_4645,P_1-3_5537,68.00000000000041,6155.0,1.0
P_1-1-pt_4645,P_1-2_4724,385.00000000001904,6155.0,1.0
P_1-1-pt_4645,P_1-1-pt_5481,277.9999999999947,6155.0,1.0
P_1-1-pt_4645,P_1-2_593,480.00000000004064,6155.0,1.0
P_1-1-pt_4645,P_1-2_5943,1152.0000000000477,6155.0,1.0
P_1-1-pt_4645,P_1-3_4822,63.000000000000625,6155.0,1.0
P_1-1-pt_4645,P_1-2_3716,140.99999999999628,6155.0,1.0
P_1-1-pt_4645,P_1-2_4098,146.99999999999594,6155.0,1.0
P_1-1-pt_4645,P_1-3_2482,137.99999999999645,6155.0,1.0
P_1-1-pt_4645,P_1-2_1025,66.00000000000053,6155.0,1.0
P_1-2_4962,P_1-2_3052,45.00000000000037,6155.0,1.0
P_1-2_4962,P_1-1-pt_527,4825.000000000022,6155.0,1.0
P_1-2_4962,P_1-1-pt_1296,66.00000000000053,6155.0,1.0
P_1-2_4962,P_1-1-pt_7664,66.00000000000053,6155.0,1.0
P_1-2_4962,P_1-1-pt_4262,67.00000000000047,6155.0,1.0
P_1-2_4962,P_1-3_2280,52.00000000000047,6155.0,1.0
P_1-2_4962,P_1-2_2473,51.000000000000455,6155.0,1.0
P_1-2_4962,P_1-2_4249,52.00000000000047,6155.0,1.0
P_1-2_4962,P_1-3_2424,62.00000000000061,6155.0,1.0
P_1-2_4962,P_1-3_1571,52.00000000000047,6155.0,1.0
P_1-2_4962,P_1-2_171,59.00000000000057,6155.0,1.0
P_1-2_4962,P_1-2_4285,53.00000000000048,6155.0,1.0
P_1-2_315,P_1-2_1640,68.00000000000041,6153.0,1.0
P_1-2_315,P_1-2_5641,68.00000000000041,6153.0,1.0
P_1-2_315,P_1-2_1025,112.99999999999785,6153.0,1.0
P_1-2_315,P_1-2_1219,437.00000000003087,6153.0,1.0
P_1-2_315,P_1-2_4270,68.00000000000041,6153.0,1.0
P_1-2_3708,P_1-1-pt_7573,28.000000000000128,6144.0,1.0
P_1-2_3708,P_1-3_635,68.00000000000041,6144.0,1.0
P_1-2_3708,P_2-1_2136,68.00000000000041,6144.0,1.0
P_1-2_3708,P_1-1-veh_65,68.00000000000041,6144.0,1.0
P_1-2_3708,P_1-1-pt_8830,48.00000000000041,6144.0,1.0
P_1-2_3708,P_1-1-pt_1473,66.00000000000053,6144.0,1.0
P_1-2_3708,P_1-2_168,100.99999999999854,6144.0,1.0
P_1-2_3708,P_2-1_4127,70.0000000000003,6144.0,1.0
P_1-2_3708,P_1-3_4644,62.00000000000061,6144.0,1.0
P_1-1-pt_6358,P_1-1-pt_1167,62.00000000000061,6143.0,1.0
P_1-1-pt_6358,P_1-3_1604,281.9999999999956,6143.0,1.0
P_1-1-pt_6358,P_1-3_2171,68.00000000000041,6143.0,1.0
P_1-1-pt_6358,P_1-2_829,996.0000000001579,6143.0,1.0
P_1-1-pt_6358,P_1-1-veh_407,68.00000000000041,6143.0,1.0
P_1-1-pt_6358,P_2-1_4232,1087.0000000001069,6143.0,1.0
P_1-1-pt_5666,P_1-3_528,44.000000000000355,6142.0,1.0
P_1-1-pt_5666,P_1-1-pt_3409,34.00000000000021,6142.0,1.0
P_1-1-pt_5666,P_1-1-pt_3624,34.00000000000021,6142.0,1.0
P_1-1-pt_5666,P_1-1-pt_571,143.9999999999961,6142.0,1.0
P_1-1-pt_5666,P_1-1-pt_3230,143.9999999999961,6142.0,1.0
P_1-1-pt_5666,P_1-1-pt_8280,145.999999999996,6142.0,1.0
P_1-1-pt_5666,P_1-1-pt_521,257.99999999999017,6142.0,1.0
P_1-1-pt_5666,P_1-1-pt_4879,206.99999999999253,6142.0,1.0
P_1-1-pt_5666,P_1-1-pt_1747,40.0000000000003,6142.0,1.0
P_1-1-pt_5666,P_1-1-pt_1497,146.99999999999594,6142.0,1.0
P_1-1-pt_5666,P_1-1-pt_3207,1061.0000000001305,6142.0,1.0
P_1-1-pt_5666,P_1-1-pt_3671,79.99999999999973,6142.0,1.0
P_1-1-pt_5666,P_1-1-pt_2920,77.99999999999984,6142.0,1.0
P_1-1-pt_5666,P_1-2_4940,70.0000000000003,6142.0,1.0
P_1-1-pt_5666,P_1-1-pt_8728,75.00000000000001,6142.0,1.0
P_1-1-pt_5666,P_1-1-veh_610,71.00000000000024,6142.0,1.0
P_1-1-pt_5666,P_1-1-veh_767,70.0000000000003,6142.0,1.0
P_1-1-pt_5666,P_1-2_303,69.00000000000036,6142.0,1.0
P_1-1-pt_5666,P_1-1-pt_6413,59.00000000000057,6142.0,1.0
P_1-1-pt_5666,P_1-1-pt_2162,59.00000000000057,6142.0,1.0
P_1-1-pt_5666,P_1-1-pt_1296,146.99999999999594,6142.0,1.0
P_1-1-pt_5666,P_1-3_3245,43.00000000000034,6142.0,1.0
P_1-1-pt_5666,P_2-1_5419,44.000000000000355,6142.0,1.0
P_1-1-pt_5666,P_1-2_4483,36.00000000000024,6142.0,1.0
P_1-1-pt_182,P_1-3_1535,40.0000000000003,6141.0,1.0
P_1-1-pt_182,P_1-3_743,137.99999999999645,6141.0,1.0
P_1-1-pt_182,P_1-1-pt_1723,145.999999999996,6141.0,1.0
P_1-1-pt_182,P_1-1-pt_8184,175.9999999999943,6141.0,1.0
P_1-1-pt_182,P_1-3_2599,69.00000000000036,6141.0,1.0
P_1-1-pt_182,P_1-2_5745,70.0000000000003,6141.0,1.0
P_1-1-pt_182,P_1-1-pt_8289,70.0000000000003,6141.0,1.0
P_1-1-pt_182,P_1-1-pt_8735,70.0000000000003,6141.0,1.0
P_1-1-pt_182,P_1-2_4266,70.0000000000003,6141.0,1.0
P_1-1-pt_182,P_1-3_3076,69.00000000000036,6141.0,1.0
P_1-1-pt_182,P_1-2_5753,69.00000000000036,6141.0,1.0
P_1-1-pt_182,P_1-3_4289,69.00000000000036,6141.0,1.0
P_1-1-pt_182,P_1-1-veh_834,69.00000000000036,6141.0,1.0
P_1-2_1025,P_1-3_5117,68.00000000000041,6139.0,1.0
P_1-2_1025,P_1-2_2183,68.00000000000041,6139.0,1.0
P_1-2_1025,P_1-3_5537,59.00000000000057,6139.0,1.0
P_1-2_1025,P_1-2_4098,2575.9999999987526,6139.0,1.0
P_1-2_1025,P_1-2_315,112.99999999999785,6139.0,1.0
P_1-2_1025,P_1-2_5943,55.00000000000051,6139.0,1.0
P_1-2_1025,P_1-1-pt_4645,66.00000000000053,6139.0,1.0
P_1-2_1025,P_1-2_593,120.9999999999974,6139.0,1.0
P_1-2_1025,P_1-2_3716,2.0000000000000004,6139.0,1.0
P_1-2_1025,P_1-2_1219,47.0000000000004,6139.0,1.0
P_1-2_1025,P_1-2_3752,141.99999999999622,6139.0,1.0
P_1-2_1025,P_1-2_4730,163.99999999999497,6139.0,1.0
P_1-2_1025,P_1-3_2482,3224.9999999981624,6139.0,1.0
P_1-1-veh_824,P_1-2_1285,87.99999999999928,6130.0,1.0
P_1-1-veh_824,P_1-2_5092,69.00000000000036,6130.0,1.0
P_1-1-veh_824,P_1-3_5451,70.0000000000003,6130.0,1.0
P_1-1-veh_824,P_1-3_1140,73.00000000000013,6130.0,1.0
P_1-1-veh_824,P_1-3_5020,68.00000000000041,6130.0,1.0
P_1-1-veh_824,P_1-1-pt_2342,67.00000000000047,6130.0,1.0
P_1-1-veh_824,P_1-1-pt_6381,247.9999999999902,6130.0,1.0
P_1-1-veh_824,P_1-1-pt_7277,109.99999999999802,6130.0,1.0
P_1-1-veh_824,P_2-1_2293,84.99999999999945,6130.0,1.0
P_1-1-veh_824,P_1-1-pt_1669,68.00000000000041,6130.0,1.0
P_1-1-pt_2920,P_1-1-pt_5078,77.99999999999984,6124.0,1.0
P_1-1-pt_2920,P_1-3_2053,66.00000000000053,6124.0,1.0
P_1-1-pt_2920,P_1-1-pt_5906,92.99999999999899,6124.0,1.0
P_1-1-pt_2920,P_1-1-pt_2503,64.00000000000064,6124.0,1.0
P_1-1-pt_2920,P_1-1-pt_2013,52.00000000000047,6124.0,1.0
P_1-1-pt_2920,P_1-1-pt_3409,50.00000000000044,6124.0,1.0
P_1-1-pt_2920,P_1-1-pt_3624,53.00000000000048,6124.0,1.0
P_1-1-pt_2920,P_1-1-pt_2369,31.00000000000017,6124.0,1.0
P_1-1-pt_2920,P_2-1_3764,72.00000000000018,6124.0,1.0
P_1-1-pt_2920,P_2-1_2925,57.00000000000054,6124.0,1.0
P_1-1-pt_2920,P_1-1-pt_8280,17.999999999999986,6124.0,1.0
P_1-1-pt_2920,P_1-1-pt_521,88.99999999999922,6124.0,1.0
P_1-1-pt_2920,P_1-1-pt_5666,77.99999999999984,6124.0,1.0
P_1-1-pt_2920,P_1-1-pt_4879,190.99999999999343,6124.0,1.0
P_1-1-pt_2920,P_1-1-pt_3671,234.99999999999093,6124.0,1.0
P_1-1-pt_2920,P_1-1-pt_4736,82.99999999999956,6124.0,1.0
P_1-1-pt_2920,P_1-2_250,50.00000000000044,6124.0,1.0
P_1-1-pt_2920,P_1-1-pt_6974,163.99999999999497,6124.0,1.0
P_1-1-pt_2920,P_1-2_4483,66.00000000000053,6124.0,1.0
P_1-1-pt_2920,P_1-1-pt_5167,76.9999999999999,6124.0,1.0
P_1-1-pt_2920,P_1-1-pt_1747,76.9999999999999,6124.0,1.0
P_1-1-pt_2920,P_1-1-pt_3207,77.99999999999984,6124.0,1.0
P_1-1-pt_2920,P_1-1-pt_98,77.99999999999984,6124.0,1.0
P_1-1-pt_2920,P_1-1-pt_1497,71.00000000000024,6124.0,1.0
P_1-1-pt_2920,P_1-1-pt_6673,70.0000000000003,6124.0,1.0
P_1-1-pt_2920,P_1-3_1945,66.00000000000053,6124.0,1.0
P_1-1-pt_2920,P_1-1-pt_4380,64.00000000000064,6124.0,1.0
P_1-1-pt_2920,P_1-3_1027,75.99999999999996,6124.0,1.0
P_1-1-pt_2920,P_2-1_1724,66.00000000000053,6124.0,1.0
P_1-1-pt_2920,P_1-1-pt_1006,50.00000000000044,6124.0,1.0
P_1-1-pt_2920,P_1-1-pt_5139,67.00000000000047,6124.0,1.0
P_1-2_2335,P_1-3_283,716.0000000000942,6121.0,1.0
P_1-2_2335,P_1-3_4291,486.000000000042,6121.0,1.0
P_1-2_2335,P_1-2_2215,101.99999999999848,6121.0,1.0
P_1-2_2335,P_1-3_5020,88.99999999999922,6121.0,1.0
P_1-2_2335,P_1-2_2422,65.00000000000058,6121.0,1.0
P_1-2_4607,P_2-1_5435,986.0000000001556,6110.0,1.0
P_1-2_4607,P_1-2_2229,966.0000000001511,6110.0,1.0
P_1-2_4607,P_1-2_2030,959.0000000001495,6110.0,1.0
P_1-2_4607,P_2-1_3376,966.0000000001511,6110.0,1.0
P_1-2_4607,P_2-1_6256,966.0000000001511,6110.0,1.0
P_1-2_4607,P_1-2_3908,966.0000000001511,6110.0,1.0
P_1-2_4607,P_1-1-pt_7104,891.000000000134,6110.0,1.0
P_1-2_4607,P_1-2_4886,890.0000000001338,6110.0,1.0
P_1-2_4607,P_2-1_4331,3904.999999997544,6110.0,1.0
P_1-1-pt_2834,P_1-1-pt_4996,203.9999999999927,6107.0,1.0
P_1-1-pt_2834,P_1-1-pt_3386,78.99999999999979,6107.0,1.0
P_1-1-pt_2834,P_1-1-pt_3067,140.99999999999628,6107.0,1.0
P_1-1-pt_2834,P_1-2_303,69.00000000000036,6107.0,1.0
P_1-1-pt_2834,P_1-1-pt_6031,62.00000000000061,6107.0,1.0
P_1-1-pt_2834,P_1-1-pt_6779,187.9999999999936,6107.0,1.0
P_1-1-pt_2834,P_1-1-pt_5906,63.000000000000625,6107.0,1.0
P_1-1-pt_2834,P_1-1-pt_1238,64.00000000000064,6107.0,1.0
P_1-1-pt_2834,P_1-1-pt_3916,42.00000000000033,6107.0,1.0
P_1-1-pt_2834,P_1-1-pt_1226,12.99999999999997,6107.0,1.0
P_1-1-pt_2834,P_1-1-pt_1108,64.00000000000064,6107.0,1.0
P_1-1-pt_2834,P_1-1-pt_3409,117.99999999999757,6107.0,1.0
P_1-1-pt_2834,P_1-1-pt_3624,42.00000000000033,6107.0,1.0
P_1-1-pt_2834,P_1-1-pt_1296,121.99999999999734,6107.0,1.0
P_1-1-pt_2834,P_1-1-pt_5199,104.99999999999831,6107.0,1.0
P_1-1-pt_2834,P_1-1-pt_530,65.00000000000058,6107.0,1.0
P_1-1-pt_2834,P_1-1-pt_2820,64.00000000000064,6107.0,1.0
P_1-1-pt_2834,P_1-3_2221,66.00000000000053,6107.0,1.0
P_1-1-pt_2834,P_1-1-pt_3097,92.99999999999899,6107.0,1.0
P_1-2_1805,P_1-2_5288,68.00000000000041,6105.0,1.0
P_1-2_1805,P_2-1_4788,68.00000000000041,6105.0,1.0
P_1-2_1805,P_1-3_3132,69.00000000000036,6105.0,1.0
P_1-2_1805,P_1-2_5369,687.0000000000877,6105.0,1.0
P_1-3_4881,P_1-3_234,68.00000000000041,6104.0,1.0
P_1-3_4881,P_1-3_268,68.00000000000041,6104.0,1.0
P_1-3_4881,P_1-2_2180,68.00000000000041,6104.0,1.0
P_1-3_4881,P_1-2_3879,68.00000000000041,6104.0,1.0
P_1-3_4881,P_1-2_1658,82.99999999999956,6104.0,1.0
P_1-3_4881,P_1-3_4262,68.00000000000041,6104.0,1.0
P_1-3_4881,P_1-3_5144,109.99999999999802,6104.0,1.0
P_1-3_4881,P_1-3_2786,68.00000000000041,6104.0,1.0
P_1-3_4881,P_1-3_5475,100.99999999999854,6104.0,1.0
P_1-3_4881,P_1-1-pt_7040,34.00000000000021,6104.0,1.0
P_1-3_4881,P_1-1-pt_3489,62.00000000000061,6104.0,1.0
P_1-3_3776,P_1-2_4734,282.99999999999585,6101.0,1.0
P_1-3_3776,P_1-2_4206,282.99999999999585,6101.0,1.0
P_1-3_3776,P_1-3_1500,280.9999999999954,6101.0,1.0
P_1-3_3776,P_1-3_3901,279.99999999999517,6101.0,1.0
P_1-3_3776,P_1-2_1420,281.9999999999956,6101.0,1.0
P_1-3_3776,P_1-3_228,281.9999999999956,6101.0,1.0
P_1-3_3776,P_2-1_2161,211.99999999999224,6101.0,1.0
P_1-3_3776,P_1-3_874,210.9999999999923,6101.0,1.0
P_1-3_3776,P_1-3_2454,139.99999999999633,6101.0,1.0
P_1-3_3776,P_1-2_3280,71.00000000000024,6101.0,1.0
P_1-3_3776,P_1-3_3046,71.00000000000024,6101.0,1.0
P_1-3_3776,P_1-3_3457,70.0000000000003,6101.0,1.0
P_1-3_3776,P_1-3_4168,70.0000000000003,6101.0,1.0
P_1-3_3776,P_1-3_2053,70.0000000000003,6101.0,1.0
P_1-3_3776,P_1-3_3834,3009.999999998358,6101.0,1.0
P_1-3_4124,P_1-1-pt_530,63.000000000000625,6101.0,0.8990329454187838
P_1-3_4124,P_1-2_5252,68.00000000000041,6101.0,0.8990329454187838
P_1-3_4124,P_1-3_1571,29.000000000000142,6101.0,0.8990329454187838
P_1-3_4124,P_1-3_5117,68.00000000000041,6101.0,0.8990329454187838
P_1-3_4124,P_1-2_171,70.0000000000003,6101.0,0.8990329454187838
P_1-3_4124,P_1-2_4285,72.00000000000018,6101.0,0.8990329454187838
P_1-3_4124,P_1-2_2183,68.00000000000041,6101.0,0.8990329454187838
P_1-3_4124,P_1-1-pt_5913,35.00000000000023,6101.0,0.8990329454187838
P_1-3_4124,P_1-3_5537,68.00000000000041,6101.0,0.8990329454187838
P_1-3_4124,P_1-2_1640,56.000000000000526,6101.0,0.8990329454187838
P_1-3_4124,P_1-2_5641,56.000000000000526,6101.0,0.8990329454187838
P_1-3_4124,P_1-3_547,36.00000000000024,6101.0,0.8990329454187838
P_1-3_4124,P_1-3_2421,5520.00000000255,6101.0,0.8990329454187838
P_1-3_4124,P_1-1-pt_725,1061.0000000001305,6101.0,0.8990329454187838
P_1-3_2599,P_1-2_4753,50.00000000000044,6099.0,1.0
P_1-3_2599,P_1-3_2043,50.00000000000044,6099.0,1.0
P_1-3_2599,P_1-2_638,51.000000000000455,6099.0,1.0
P_1-3_2599,P_1-2_3608,50.00000000000044,6099.0,1.0
P_1-3_2599,P_1-1-veh_246,50.00000000000044,6099.0,1.0
P_1-3_2599,P_1-1-pt_1173,43.00000000000034,6099.0,1.0
P_1-3_2599,P_1-1-pt_6292,43.00000000000034,6099.0,1.0
P_1-3_2599,P_1-2_5428,50.00000000000044,6099.0,1.0
P_1-3_2599,P_1-1-pt_498,73.00000000000013,6099.0,1.0
P_1-3_2599,P_1-1-pt_1723,154.99999999999548,6099.0,1.0
P_1-3_2599,P_1-1-veh_530,68.00000000000041,6099.0,1.0
P_1-3_2599,P_1-1-veh_834,70.0000000000003,6099.0,1.0
P_1-3_2599,P_1-3_743,138.9999999999964,6099.0,1.0
P_1-3_2599,P_1-1-pt_8184,136.9999999999965,6099.0,1.0
P_1-3_2599,P_1-1-pt_8289,69.00000000000036,6099.0,1.0
P_1-3_2599,P_1-1-pt_8735,138.9999999999964,6099.0,1.0
P_1-3_2599,P_1-2_4266,139.99999999999633,6099.0,1.0
P_1-3_2599,P_1-3_3076,69.00000000000036,6099.0,1.0
P_1-3_2599,P_1-2_5753,70.0000000000003,6099.0,1.0
P_1-3_2599,P_1-1-pt_182,69.00000000000036,6099.0,1.0
P_1-3_2599,P_1-3_4289,70.0000000000003,6099.0,1.0
P_1-3_2599,P_1-2_5745,5282.000000001684,6099.0,1.0
P_1-3_2599,P_1-2_609,854.0000000001256,6099.0,1.0
P_1-2_5745,P_1-2_4753,50.00000000000044,6087.0,0.9586002957121735
P_1-2_5745,P_1-3_2043,49.000000000000426,6087.0,0.9586002957121735
P_1-2_5745,P_1-2_638,51.000000000000455,6087.0,0.9586002957121735
P_1-2_5745,P_1-2_3608,50.00000000000044,6087.0,0.9586002957121735
P_1-2_5745,P_1-1-veh_246,51.000000000000455,6087.0,0.9586002957121735
P_1-2_5745,P_1-1-pt_1173,43.00000000000034,6087.0,0.9586002957121735
P_1-2_5745,P_1-1-pt_6292,43.00000000000034,6087.0,0.9586002957121735
P_1-2_5745,P_1-2_5428,50.00000000000044,6087.0,0.9586002957121735
P_1-2_5745,P_1-1-pt_498,72.00000000000018,6087.0,0.9586002957121735
P_1-2_5745,P_1-1-pt_1723,138.9999999999964,6087.0,0.9586002957121735
P_1-2_5745,P_1-1-veh_530,68.00000000000041,6087.0,0.9586002957121735
P_1-2_5745,P_1-1-veh_834,70.0000000000003,6087.0,0.9586002957121735
P_1-2_5745,P_1-3_743,139.99999999999633,6087.0,0.9586002957121735
P_1-2_5745,P_1-1-pt_8184,136.9999999999965,6087.0,0.9586002957121735
P_1-2_5745,P_1-1-pt_8289,69.00000000000036,6087.0,0.9586002957121735
P_1-2_5745,P_1-1-pt_8735,138.9999999999964,6087.0,0.9586002957121735
P_1-2_5745,P_1-2_4266,139.99999999999633,6087.0,0.9586002957121735
P_1-2_5745,P_1-3_3076,70.0000000000003,6087.0,0.9586002957121735
P_1-2_5745,P_1-2_5753,70.0000000000003,6087.0,0.9586002957121735
P_1-2_5745,P_1-1-pt_182,70.0000000000003,6087.0,0.9586002957121735
P_1-2_5745,P_1-3_4289,70.0000000000003,6087.0,0.9586002957121735
P_1-2_5745,P_1-3_2599,5282.000000001684,6087.0,0.9586002957121735
P_1-2_5745,P_1-2_609,847.000000000124,6087.0,0.9586002957121735
P_1-1-pt_2961,P_1-3_5354,68.00000000000041,6086.0,1.0
P_1-1-pt_2961,P_1-2_2215,41.00000000000031,6086.0,1.0
P_1-1-pt_2961,P_1-1-pt_3176,143.9999999999961,6086.0,1.0
P_1-1-pt_2961,P_1-2_3224,137.99999999999645,6086.0,1.0
P_1-1-pt_2961,P_2-1_3058,142.99999999999616,6086.0,1.0
P_1-1-pt_2961,P_1-3_2076,58.000000000000554,6086.0,1.0
P_1-1-pt_2961,P_1-2_5927,45.00000000000037,6086.0,1.0
P_1-1-pt_2961,P_2-1_3664,71.00000000000024,6086.0,1.0
P_1-1-pt_2961,P_1-1-pt_8968,483.0000000000413,6086.0,1.0
P_1-2_2702,P_1-3_4944,841.0000000001227,6084.0,1.0
P_1-2_2702,P_1-3_403,58.000000000000554,6084.0,1.0
P_1-2_2702,P_1-3_2955,57.00000000000054,6084.0,1.0
P_1-2_2702,P_1-3_3759,61.0000000000006,6084.0,1.0
P_1-2_2702,P_1-3_1737,61.0000000000006,6084.0,1.0
P_1-2_2702,P_1-1-pt_5392,785.0000000001099,6084.0,1.0
P_1-2_2702,P_1-1-pt_1238,135.99999999999656,6084.0,1.0
P_1-2_2702,P_1-1-pt_1138,135.99999999999656,6084.0,1.0
P_1-2_2702,P_1-1-pt_8762,136.9999999999965,6084.0,1.0
P_2-1_2384,P_1-1-pt_7040,66.00000000000053,6084.0,1.0
P_2-1_2384,P_1-1-pt_7123,69.00000000000036,6084.0,1.0
P_2-1_2384,P_1-3_4644,68.00000000000041,6084.0,1.0
P_2-1_2384,P_1-1-pt_7573,73.00000000000013,6084.0,1.0
P_2-1_2384,P_1-1-pt_150,68.00000000000041,6084.0,1.0
P_2-1_2384,P_1-1-pt_4901,398.000000000022,6084.0,1.0
P_2-1_2384,P_1-2_2715,95.99999999999882,6084.0,1.0
P_2-1_2384,P_1-1-pt_2529,69.00000000000036,6084.0,1.0
P_2-1_2384,P_1-2_505,2033.9999999992456,6084.0,1.0
P_2-1_2384,P_1-1-pt_8068,71.00000000000024,6084.0,1.0
P_2-1_2384,P_1-1-pt_4966,252.9999999999899,6084.0,1.0
P_2-1_2384,P_1-2_250,113.9999999999978,6084.0,1.0
P_1-1-pt_2013,P_1-1-pt_4879,467.0000000000377,6083.0,0.9363800756205819
P_1-1-pt_2013,P_1-1-pt_3858,73.00000000000013,6083.0,0.9363800756205819
P_1-1-pt_2013,P_1-1-pt_3409,338.00000000000836,6083.0,0.9363800756205819
P_1-1-pt_2013,P_1-1-pt_2920,52.00000000000047,6083.0,0.9363800756205819
P_1-1-pt_2013,P_1-1-pt_6453,96.99999999999876,6083.0,0.9363800756205819
P_1-1-pt_2013,P_1-2_4940,62.00000000000061,6083.0,0.9363800756205819
P_1-1-pt_2013,P_1-1-pt_297,106.9999999999982,6083.0,0.9363800756205819
P_1-1-pt_2013,P_1-1-pt_7573,430.0000000000293,6083.0,0.9363800756205819
P_1-1-pt_2013,P_1-2_1255,81.99999999999962,6083.0,0.9363800756205819
P_1-1-pt_2013,P_1-3_3245,42.00000000000033,6083.0,0.9363800756205819
P_1-1-pt_2013,P_1-1-pt_571,31.00000000000017,6083.0,0.9363800756205819
P_1-1-pt_2013,P_1-1-pt_3230,31.00000000000017,6083.0,0.9363800756205819
P_1-1-pt_2013,P_1-2_250,44.000000000000355,6083.0,0.9363800756205819
P_1-1-pt_2013,P_1-1-pt_4736,19.0,6083.0,0.9363800756205819
P_1-1-pt_2013,P_2-1_5419,61.0000000000006,6083.0,0.9363800756205819
P_1-1-pt_2013,P_1-1-pt_8728,81.99999999999962,6083.0,0.9363800756205819
P_1-1-pt_2013,P_1-2_4483,106.9999999999982,6083.0,0.9363800756205819
P_1-1-pt_2013,P_1-1-pt_2369,75.99999999999996,6083.0,0.9363800756205819
P_1-1-pt_2013,P_1-1-veh_767,202.99999999999275,6083.0,0.9363800756205819
P_1-1-pt_2013,P_1-1-pt_3207,129.9999999999969,6083.0,0.9363800756205819
P_1-1-pt_2013,P_1-1-pt_521,82.99999999999956,6083.0,0.9363800756205819
P_1-1-pt_2013,P_1-1-pt_1747,229.99999999999122,6083.0,0.9363800756205819
P_1-1-pt_2013,P_1-1-pt_6974,85.99999999999939,6083.0,0.9363800756205819
P_1-1-pt_2013,P_1-1-pt_3671,77.99999999999984,6083.0,0.9363800756205819
P_1-1-pt_2013,P_1-2_5543,81.99999999999962,6083.0,0.9363800756205819
P_1-1-pt_2013,P_1-1-pt_1497,84.99999999999945,6083.0,0.9363800756205819
P_1-1-pt_2013,P_1-1-pt_98,338.00000000000836,6083.0,0.9363800756205819
P_1-1-pt_2013,P_1-1-pt_5167,406.0000000000238,6083.0,0.9363800756205819
P_1-1-pt_2013,P_1-3_1945,112.99999999999785,6083.0,0.9363800756205819
P_1-1-pt_2013,P_1-1-pt_4380,107.99999999999814,6083.0,0.9363800756205819
P_1-1-pt_2013,P_1-3_1027,11.999999999999973,6083.0,0.9363800756205819
P_1-3_4875,P_1-1-pt_5241,66.00000000000053,6082.0,1.0
P_1-3_4875,P_1-2_5640,69.00000000000036,6082.0,1.0
P_1-3_4875,P_1-2_4634,1157.0000000000432,6082.0,1.0
P_1-3_4875,P_1-3_4775,420.000000000027,6082.0,1.0
P_1-3_4875,P_1-3_2410,139.99999999999633,6082.0,1.0
P_1-3_4875,P_1-3_3253,157.9999999999953,6082.0,1.0
P_1-3_4875,P_1-3_2018,188.99999999999355,6082.0,1.0
P_1-3_4875,P_1-3_2633,190.99999999999343,6082.0,1.0
P_1-3_4875,P_1-2_5210,113.9999999999978,6082.0,1.0
P_1-3_4875,P_1-2_573,101.99999999999848,6082.0,1.0
P_1-3_4875,P_1-3_4954,90.9999999999991,6082.0,1.0
P_1-3_4875,P_1-3_3410,322.0000000000047,6082.0,1.0
P_1-1-pt_98,P_1-1-pt_5167,1543.9999999996912,6077.0,1.0
P_1-1-pt_98,P_1-1-pt_1747,1561.9999999996749,6077.0,1.0
P_1-1-pt_98,P_1-1-pt_6974,2176.9999999991155,6077.0,1.0
P_1-1-pt_98,P_1-1-pt_3671,1858.9999999994047,6077.0,1.0
P_1-1-pt_98,P_1-1-pt_3409,140.99999999999628,6077.0,1.0
P_1-1-pt_98,P_1-1-pt_4879,390.0000000000202,6077.0,1.0
P_1-1-pt_98,P_1-1-pt_1497,1218.9999999999868,6077.0,1.0
P_1-1-pt_98,P_1-1-pt_6743,82.99999999999956,6077.0,1.0
P_1-1-pt_98,P_1-1-pt_3858,422.00000000002746,6077.0,1.0
P_1-1-pt_98,P_2-1_3764,69.00000000000036,6077.0,1.0
P_1-1-pt_98,P_2-1_63,61.0000000000006,6077.0,1.0
P_1-1-pt_98,P_1-2_1612,65.00000000000058,6077.0,1.0
P_1-1-pt_98,P_1-1-pt_2880,188.99999999999355,6077.0,1.0
P_1-1-pt_98,P_1-2_1255,36.00000000000024,6077.0,1.0
P_1-1-pt_98,P_1-1-pt_521,622.0000000000729,6077.0,1.0
P_1-1-pt_98,P_1-3_3245,81.99999999999962,6077.0,1.0
P_1-1-pt_98,P_1-2_250,50.00000000000044,6077.0,1.0
P_1-1-pt_98,P_1-1-pt_4736,81.99999999999962,6077.0,1.0
P_1-1-pt_98,P_1-2_4483,55.00000000000051,6077.0,1.0
P_1-1-pt_98,P_1-1-pt_2920,77.99999999999984,6077.0,1.0
P_1-1-pt_98,P_1-2_4940,72.00000000000018,6077.0,1.0
P_1-1-pt_98,P_1-1-pt_3207,622.0000000000729,6077.0,1.0
P_1-1-pt_98,P_1-1-veh_610,71.00000000000024,6077.0,1.0
P_1-1-pt_98,P_1-1-pt_7915,653.0000000000799,6077.0,1.0
P_1-1-pt_98,P_1-1-pt_5999,151.99999999999565,6077.0,1.0
P_1-1-pt_98,P_1-2_5543,270.9999999999931,6077.0,1.0
P_1-1-pt_98,P_1-1-pt_2013,338.00000000000836,6077.0,1.0
P_1-1-pt_98,P_1-2_303,71.00000000000024,6077.0,1.0
P_1-3_3579,P_1-2_3081,66.00000000000053,6076.0,1.0
P_1-3_3579,P_1-1-pt_7080,102.99999999999842,6076.0,1.0
P_1-3_3579,P_1-2_4464,254.9999999999898,6076.0,1.0
P_1-3_3579,P_1-1-veh_792,38.00000000000027,6076.0,1.0
P_1-3_3579,P_1-2_2554,77.99999999999984,6076.0,1.0
P_1-3_3579,P_1-2_3280,74.00000000000007,6076.0,1.0
P_1-3_3579,P_1-1-pt_0,163.99999999999497,6076.0,1.0
P_1-3_3579,P_1-3_17,83.9999999999995,6076.0,1.0
P_1-1-veh_608,P_1-2_609,22.000000000000043,6070.0,1.0
P_1-1-veh_608,P_1-2_2598,60.00000000000058,6070.0,1.0
P_1-1-pt_527,P_1-1-pt_6368,65.00000000000058,6069.0,1.0
P_1-1-pt_527,P_1-2_3052,72.00000000000018,6069.0,1.0
P_1-1-pt_527,P_1-2_4962,4825.000000000022,6069.0,1.0
P_1-1-pt_527,P_1-1-pt_7664,63.000000000000625,6069.0,1.0
P_1-1-pt_527,P_1-1-pt_4262,64.00000000000064,6069.0,1.0
P_1-1-pt_527,P_1-3_2280,44.000000000000355,6069.0,1.0
P_1-1-pt_527,P_1-2_2473,44.000000000000355,6069.0,1.0
P_1-1-pt_527,P_1-2_4249,45.00000000000037,6069.0,1.0
P_1-1-pt_527,P_1-3_2424,58.000000000000554,6069.0,1.0
P_1-1-pt_527,P_1-3_1571,44.000000000000355,6069.0,1.0
P_1-1-pt_527,P_1-2_171,51.000000000000455,6069.0,1.0
P_1-1-pt_527,P_1-2_4285,45.00000000000037,6069.0,1.0
P_1-2_5428,P_1-1-veh_530,17.999999999999986,6066.0,1.0
P_1-2_5428,P_1-3_743,67.00000000000047,6066.0,1.0
P_1-2_5428,P_1-1-pt_1723,489.0000000000427,6066.0,1.0
P_1-2_5428,P_1-1-pt_498,661.0000000000817,6066.0,1.0
P_1-2_5428,P_1-3_2599,50.00000000000044,6066.0,1.0
P_1-2_5428,P_1-2_5745,50.00000000000044,6066.0,1.0
P_1-2_5428,P_1-1-pt_8735,43.00000000000034,6066.0,1.0
P_1-2_5428,P_1-2_4266,50.00000000000044,6066.0,1.0
P_1-2_5428,P_1-3_1535,50.00000000000044,6066.0,1.0
P_1-2_5428,P_1-1-pt_2032,44.000000000000355,6066.0,1.0
P_1-2_5428,P_1-2_609,51.000000000000455,6066.0,1.0
P_1-2_5428,P_1-2_2598,56.000000000000526,6066.0,1.0
P_1-2_5428,P_1-2_5437,61.0000000000006,6066.0,1.0
P_1-2_5428,P_1-1-pt_6292,3869.9999999975757,6066.0,1.0
P_1-1-pt_297,P_1-1-pt_5906,37.000000000000256,6055.0,1.0
P_1-1-pt_297,P_1-1-pt_3916,82.99999999999956,6055.0,1.0
P_1-1-pt_297,P_1-3_4690,67.00000000000047,6055.0,1.0
P_1-1-pt_297,P_1-1-pt_2013,106.9999999999982,6055.0,1.0
P_1-1-pt_297,P_1-1-pt_7573,173.9999999999944,6055.0,1.0
P_1-1-pt_297,P_1-1-pt_3097,430.0000000000293,6055.0,1.0
P_1-1-pt_297,P_1-1-pt_8728,119.99999999999746,6055.0,1.0
P_1-1-pt_297,P_1-2_4483,128.99999999999696,6055.0,1.0
P_1-1-pt_297,P_1-1-pt_6176,100.99999999999854,6055.0,1.0
P_1-1-pt_297,P_1-1-pt_494,328.0000000000061,6055.0,1.0
P_1-1-pt_297,P_1-1-pt_4996,354.000000000012,6055.0,1.0
P_1-3_2643,P_1-3_3759,68.00000000000041,6047.0,1.0
P_1-3_2643,P_1-3_1737,68.00000000000041,6047.0,1.0
P_1-3_2643,P_1-1-pt_4595,62.00000000000061,6047.0,1.0
P_1-3_2643,P_1-2_2512,70.0000000000003,6047.0,1.0
P_1-3_2643,P_1-2_2613,68.00000000000041,6047.0,1.0
P_1-3_2643,P_1-1-pt_1121,52.00000000000047,6047.0,1.0
P_1-3_2643,P_1-1-pt_2808,67.00000000000047,6047.0,1.0
P_1-3_2643,P_1-1-pt_3916,72.00000000000018,6047.0,1.0
P_1-3_2643,P_1-3_1324,205.99999999999258,6047.0,1.0
P_1-2_2797,P_1-3_4738,848.0000000001243,6046.0,0.944260668210387
P_1-2_2797,P_1-2_5752,781.000000000109,6046.0,0.944260668210387
P_1-2_2797,P_1-2_3464,781.000000000109,6046.0,0.944260668210387
P_1-2_2797,P_1-1-veh_837,779.0000000001086,6046.0,0.944260668210387
P_1-2_2797,P_2-1_2028,444.00000000003246,6046.0,0.944260668210387
P_1-2_2797,P_1-2_2580,6045.00000000446,6046.0,0.944260668210387
P_1-2_2797,P_1-2_3821,6045.00000000446,6046.0,0.944260668210387
P_1-2_2715,P_1-3_4666,63.000000000000625,6045.0,1.0
P_1-2_2715,P_1-2_4791,56.000000000000526,6045.0,1.0
P_1-2_2715,P_1-2_1533,60.00000000000058,6045.0,1.0
P_1-2_2715,P_1-3_5578,58.000000000000554,6045.0,1.0
P_1-2_2715,P_1-3_635,58.000000000000554,6045.0,1.0
P_1-2_2715,P_1-2_4464,97.9999999999987,6045.0,1.0
P_1-2_2715,P_1-1-pt_0,56.000000000000526,6045.0,1.0
P_1-2_2715,P_2-1_2384,95.99999999999882,6045.0,1.0
P_1-2_2715,P_2-1_2136,67.00000000000047,6045.0,1.0
P_1-2_2715,P_1-1-veh_65,66.00000000000053,6045.0,1.0
P_1-2_2715,P_1-1-pt_8830,64.00000000000064,6045.0,1.0
P_1-2_2715,P_1-1-pt_7142,74.00000000000007,6045.0,1.0
P_1-2_2715,P_1-1-pt_150,74.00000000000007,6045.0,1.0
P_1-2_2715,P_2-1_3119,69.00000000000036,6045.0,1.0
P_1-3_1140,P_1-2_1285,49.000000000000426,6039.0,1.0
P_1-3_1140,P_1-1-pt_8085,1105.0000000000905,6039.0,1.0
P_1-3_1140,P_1-1-veh_824,73.00000000000013,6039.0,1.0
P_1-3_1140,P_1-3_5451,1649.9999999995948,6039.0,1.0
P_1-3_1140,P_2-1_4930,73.00000000000013,6039.0,1.0
P_1-3_1140,P_1-2_5927,54.0000000000005,6039.0,1.0
P_1-3_1140,P_1-1-pt_3800,33.0000000000002,6039.0,1.0
P_1-3_1140,P_1-2_3214,49.000000000000426,6039.0,1.0
P_1-3_1140,P_1-1-pt_841,138.9999999999964,6039.0,1.0
P_1-3_1140,P_1-2_4715,48.00000000000041,6039.0,1.0
P_1-3_1140,P_1-2_2653,52.00000000000047,6039.0,1.0
P_1-3_1140,P_1-1-pt_2770,41.00000000000031,6039.0,1.0
P_1-3_1140,P_1-1-pt_6355,41.00000000000031,6039.0,1.0
P_1-3_1140,P_1-2_4454,49.000000000000426,6039.0,1.0
P_1-3_1140,P_1-2_3590,49.000000000000426,6039.0,1.0
P_1-3_1140,P_1-1-pt_8982,42.00000000000033,6039.0,1.0
P_1-3_1140,P_1-1-pt_8969,44.000000000000355,6039.0,1.0
P_1-3_1140,P_1-2_1658,56.000000000000526,6039.0,1.0
P_1-3_1140,P_1-1-pt_1601,37.000000000000256,6039.0,1.0
P_1-1-pt_6413,P_1-1-pt_3067,48.00000000000041,6037.0,1.0
P_1-1-pt_6413,P_1-1-pt_530,42.00000000000033,6037.0,1.0
P_1-1-pt_6413,P_1-1-pt_977,67.00000000000047,6037.0,1.0
P_1-1-pt_6413,P_1-2_2875,79.99999999999973,6037.0,1.0
P_1-1-pt_6413,P_1-1-pt_3409,122.99999999999729,6037.0,1.0
P_1-1-pt_6413,P_1-1-pt_3624,40.0000000000003,6037.0,1.0
P_1-1-pt_6413,P_1-1-pt_5199,82.99999999999956,6037.0,1.0
P_1-1-pt_6413,P_2-1_3764,25.000000000000085,6037.0,1.0
P_1-1-pt_6413,P_2-1_2925,96.99999999999876,6037.0,1.0
P_1-1-pt_6413,P_1-1-pt_3097,94.99999999999888,6037.0,1.0
P_1-1-pt_6413,P_2-1_63,73.00000000000013,6037.0,1.0
P_1-1-pt_6413,P_1-2_1612,73.00000000000013,6037.0,1.0
P_1-1-pt_6413,P_1-1-pt_761,65.00000000000058,6037.0,1.0
P_1-1-pt_6413,P_1-1-pt_6453,72.00000000000018,6037.0,1.0
P_1-1-pt_6413,P_1-1-pt_5666,59.00000000000057,6037.0,1.0
P_1-1-pt_6413,P_1-3_3245,74.00000000000007,6037.0,1.0
P_1-1-pt_6413,P_1-1-pt_1296,8.999999999999984,6037.0,1.0
P_1-1-pt_6413,P_1-1-pt_494,59.00000000000057,6037.0,1.0
P_1-1-pt_6413,P_1-1-pt_2162,76.9999999999999,6037.0,1.0
P_1-1-pt_6413,P_1-1-pt_4996,60.00000000000058,6037.0,1.0
P_1-1-pt_6413,P_2-1_5419,988.0000000001561,6037.0,1.0
P_1-1-pt_6413,P_1-1-pt_1270,65.00000000000058,6037.0,1.0
P_1-1-pt_6413,P_1-1-pt_8728,277.9999999999947,6037.0,1.0
P_1-1-pt_6413,P_1-1-pt_1473,109.99999999999802,6037.0,1.0
P_1-1-pt_6413,P_1-1-pt_7863,7.999999999999988,6037.0,1.0
P_1-1-pt_6413,P_1-1-pt_7325,7.999999999999988,6037.0,1.0
P_1-2_6013,P_1-1-pt_7573,72.00000000000018,6037.0,1.0
P_1-2_6013,P_1-1-pt_4901,45.00000000000037,6037.0,1.0
P_1-2_6013,P_1-1-pt_1226,130.99999999999685,6037.0,1.0
P_1-2_6013,P_1-1-pt_2529,69.00000000000036,6037.0,1.0
P_1-2_6013,P_1-1-pt_8068,50.00000000000044,6037.0,1.0
P_1-2_6013,P_1-2_250,58.000000000000554,6037.0,1.0
P_1-2_6013,P_1-1-pt_255,222.99999999999162,6037.0,1.0
P_1-3_4944,P_1-2_2702,841.0000000001227,6028.0,1.0
P_1-3_4944,P_2-1_6274,684.000000000087,6028.0,1.0
P_1-3_809,P_1-2_960,67.00000000000047,6025.0,1.0
P_1-3_809,P_1-2_1265,68.00000000000041,6025.0,1.0
P_1-3_809,P_1-2_4065,2993.9999999983725,6025.0,1.0
P_1-3_809,P_1-2_1953,2797.9999999985507,6025.0,1.0
P_1-1-pt_8682,P_1-1-pt_1714,127.999999999997,6024.0,1.0
P_1-1-pt_8682,P_1-3_2454,67.00000000000047,6024.0,1.0
P_1-1-pt_8682,P_1-2_2287,67.00000000000047,6024.0,1.0
P_1-1-pt_8682,P_1-1-veh_105,40.0000000000003,6024.0,1.0
P_1-1-pt_8682,P_1-3_3834,66.00000000000053,6024.0,1.0
P_1-1-pt_8682,P_1-3_1785,67.00000000000047,6024.0,1.0
P_1-1-pt_8682,P_1-2_2554,67.00000000000047,6024.0,1.0
P_1-1-pt_8682,P_1-2_3280,66.00000000000053,6024.0,1.0
P_1-1-pt_8682,P_1-3_3046,67.00000000000047,6024.0,1.0
P_1-1-pt_8682,P_1-3_3457,67.00000000000047,6024.0,1.0
P_1-1-pt_8682,P_1-1-veh_234,138.9999999999964,6024.0,1.0
P_1-1-pt_8682,P_1-3_2053,66.00000000000053,6024.0,1.0
P_1-1-pt_8682,P_1-2_5951,66.00000000000053,6024.0,1.0
P_1-1-pt_8682,P_1-1-pt_5078,130.99999999999685,6024.0,1.0
P_1-1-pt_8682,P_1-3_4690,67.00000000000047,6024.0,1.0
P_1-1-pt_8682,P_1-1-pt_4901,81.99999999999962,6024.0,1.0
P_1-1-pt_8682,P_1-1-pt_4966,213.99999999999213,6024.0,1.0
P_1-1-pt_8682,P_1-2_1596,78.99999999999979,6024.0,1.0
P_1-1-pt_8682,P_1-1-pt_7080,73.00000000000013,6024.0,1.0
P_1-1-pt_8682,P_1-2_3389,69.00000000000036,6024.0,1.0
P_1-1-pt_8682,P_1-1-pt_1473,66.00000000000053,6024.0,1.0
P_1-1-pt_8682,P_1-1-pt_6297,62.00000000000061,6024.0,1.0
P_1-1-pt_8682,P_1-1-pt_7763,121.99999999999734,6024.0,1.0
P_1-1-pt_8682,P_1-3_2323,38.00000000000027,6024.0,1.0
P_1-1-pt_8682,P_1-3_528,15.99999999999996,6024.0,1.0
P_1-1-pt_8682,P_1-3_1737,40.0000000000003,6024.0,1.0
P_1-2_4065,P_1-2_960,68.00000000000041,6023.0,1.0
P_1-2_4065,P_1-2_1265,68.00000000000041,6023.0,1.0
P_1-2_4065,P_1-3_809,2993.9999999983725,6023.0,1.0
P_1-2_4065,P_1-2_2180,69.00000000000036,6023.0,1.0
P_1-2_4065,P_1-2_4853,57.00000000000054,6023.0,1.0
P_1-2_4065,P_2-1_6130,53.00000000000048,6023.0,1.0
P_2-1_4232,P_1-2_1285,35.00000000000023,6017.0,1.0
P_2-1_4232,P_2-1_4930,214.99999999999207,6017.0,1.0
P_2-1_4232,P_1-1-pt_8085,231.9999999999911,6017.0,1.0
P_2-1_4232,P_1-2_829,68.00000000000041,6017.0,1.0
P_2-1_4232,P_1-1-veh_407,68.00000000000041,6017.0,1.0
P_2-1_4232,P_1-1-pt_6358,1087.0000000001069,6017.0,1.0
P_2-1_4811,P_1-3_2187,863.0000000001277,6017.0,1.0
P_2-1_5799,P_2-1_6236,68.00000000000041,6017.0,1.0
P_2-1_5799,P_1-3_5550,75.00000000000001,6017.0,1.0
P_2-1_5799,P_1-1-pt_3800,24.00000000000007,6017.0,1.0
P_2-1_5799,P_1-2_3214,48.00000000000041,6017.0,1.0
P_2-1_5799,P_1-2_4715,49.000000000000426,6017.0,1.0
P_2-1_5799,P_1-2_2653,53.00000000000048,6017.0,1.0
P_2-1_5799,P_1-1-pt_2770,41.00000000000031,6017.0,1.0
P_2-1_5799,P_1-1-pt_6355,41.00000000000031,6017.0,1.0
P_2-1_5799,P_1-2_4454,48.00000000000041,6017.0,1.0
P_2-1_5799,P_1-2_3590,47.0000000000004,6017.0,1.0
P_2-1_5799,P_1-1-pt_8982,47.0000000000004,6017.0,1.0
P_2-1_5799,P_1-1-pt_8969,46.000000000000384,6017.0,1.0
P_2-1_5799,P_1-1-pt_5481,391.0000000000204,6017.0,1.0
P_2-1_5799,P_1-2_1658,57.00000000000054,6017.0,1.0
P_2-1_5799,P_1-1-pt_1601,69.00000000000036,6017.0,1.0
P_2-1_5799,P_1-3_4492,664.0000000000824,6017.0,1.0
P_1-1-pt_4966,P_1-3_3046,59.00000000000057,6016.0,1.0
P_1-1-pt_4966,P_1-3_3457,76.9999999999999,6016.0,1.0
P_1-1-pt_4966,P_1-2_5951,74.00000000000007,6016.0,1.0
P_1-1-pt_4966,P_1-1-pt_8728,73.00000000000013,6016.0,1.0
P_1-1-pt_4966,P_1-3_4690,90.9999999999991,6016.0,1.0
P_1-1-pt_4966,P_1-1-pt_5078,71.00000000000024,6016.0,1.0
P_1-1-pt_4966,P_1-1-pt_8682,213.99999999999213,6016.0,1.0
P_1-1-pt_4966,P_1-1-pt_3489,22.000000000000043,6016.0,1.0
P_1-1-pt_4966,P_1-2_505,239.99999999999065,6016.0,1.0
P_1-1-pt_4966,P_1-2_250,47.0000000000004,6016.0,1.0
P_1-1-pt_4966,P_2-1_2384,252.9999999999899,6016.0,1.0
P_1-1-pt_4966,P_1-2_3389,68.00000000000041,6016.0,1.0
P_1-1-pt_1601,P_1-2_3214,44.000000000000355,6011.0,1.0
P_1-1-pt_1601,P_1-2_4715,50.00000000000044,6011.0,1.0
P_1-1-pt_1601,P_1-2_2653,50.00000000000044,6011.0,1.0
P_1-1-pt_1601,P_1-1-pt_2770,34.00000000000021,6011.0,1.0
P_1-1-pt_1601,P_1-1-pt_6355,100.99999999999854,6011.0,1.0
P_1-1-pt_1601,P_1-2_4454,88.99999999999922,6011.0,1.0
P_1-1-pt_1601,P_1-1-pt_2863,68.00000000000041,6011.0,1.0
P_1-1-pt_1601,P_1-1-pt_2431,75.00000000000001,6011.0,1.0
P_1-1-pt_1601,P_1-1-pt_7938,111.99999999999791,6011.0,1.0
P_1-1-pt_1601,P_1-1-pt_2844,73.00000000000013,6011.0,1.0
P_1-1-pt_1601,P_1-3_5550,91.99999999999905,6011.0,1.0
P_1-1-pt_1601,P_2-1_5799,69.00000000000036,6011.0,1.0
P_1-1-pt_1601,P_1-3_4492,69.00000000000036,6011.0,1.0
P_1-1-pt_1601,P_1-3_2528,71.00000000000024,6011.0,1.0
P_1-1-pt_1601,P_1-1-pt_3353,29.000000000000142,6011.0,1.0
P_1-1-pt_1601,P_1-1-pt_2425,70.0000000000003,6011.0,1.0
P_1-1-pt_1601,P_2-1_2911,70.0000000000003,6011.0,1.0
P_1-1-pt_1601,P_1-2_1285,69.00000000000036,6011.0,1.0
P_1-1-pt_1601,P_2-1_842,69.00000000000036,6011.0,1.0
P_1-1-pt_1601,P_1-3_5451,72.00000000000018,6011.0,1.0
P_1-1-pt_1601,P_1-3_1140,37.000000000000256,6011.0,1.0
P_1-1-pt_2718,P_1-2_5252,66.00000000000053,6006.0,1.0
P_1-1-pt_2718,P_1-3_5117,67.00000000000047,6006.0,1.0
P_1-1-pt_2718,P_1-2_2183,66.00000000000053,6006.0,1.0
P_1-1-pt_2718,P_1-3_5537,66.00000000000053,6006.0,1.0
P_1-2_1596,P_1-3_4168,364.00000000001427,5995.0,1.0
P_1-2_1596,P_1-2_3081,46.000000000000384,5995.0,1.0
P_1-2_1596,P_1-1-veh_105,68.00000000000041,5995.0,1.0
P_1-2_1596,P_1-2_2554,68.00000000000041,5995.0,1.0
P_1-2_1596,P_1-1-veh_234,70.0000000000003,5995.0,1.0
P_1-2_1596,P_1-3_2053,68.00000000000041,5995.0,1.0
P_1-2_1596,P_1-2_5951,69.00000000000036,5995.0,1.0
P_1-2_1596,P_1-1-pt_6297,68.00000000000041,5995.0,1.0
P_1-2_1596,P_1-1-pt_5199,68.00000000000041,5995.0,1.0
P_1-2_1596,P_1-3_4690,70.0000000000003,5995.0,1.0
P_1-2_1596,P_1-1-pt_4901,73.00000000000013,5995.0,1.0
P_1-2_1596,P_1-1-pt_8682,78.99999999999979,5995.0,1.0
P_1-2_1596,P_1-2_1255,68.00000000000041,5995.0,1.0
P_1-2_1596,P_1-1-pt_2503,109.99999999999802,5995.0,1.0
P_1-1-pt_5997,P_1-1-pt_530,62.00000000000061,5988.0,1.0
P_1-1-pt_5997,P_1-2_5252,67.00000000000047,5988.0,1.0
P_1-1-pt_5997,P_1-2_2473,46.000000000000384,5988.0,1.0
P_1-1-pt_5997,P_1-2_4249,54.0000000000005,5988.0,1.0
P_1-1-pt_5997,P_1-3_2424,48.00000000000041,5988.0,1.0
P_1-1-pt_5997,P_1-3_1571,72.00000000000018,5988.0,1.0
P_1-1-pt_5997,P_1-3_5117,80.99999999999967,5988.0,1.0
P_1-1-pt_5997,P_1-2_2183,66.00000000000053,5988.0,1.0
P_1-1-pt_5997,P_1-1-pt_3595,23.000000000000057,5988.0,1.0
P_1-1-pt_5997,P_1-1-pt_5913,57.00000000000054,5988.0,1.0
P_1-1-pt_5997,P_1-3_5537,67.00000000000047,5988.0,1.0
P_1-1-pt_5997,P_1-2_1640,55.00000000000051,5988.0,1.0
P_1-1-pt_5997,P_1-2_5641,53.00000000000048,5988.0,1.0
P_1-1-pt_5997,P_1-3_547,14.999999999999963,5988.0,1.0
P_1-1-pt_5997,P_1-1-veh_459,1137.0000000000614,5988.0,1.0
P_1-1-pt_5997,P_1-1-pt_8611,1449.9999999997767,5988.0,1.0
P_1-1-pt_5997,P_1-1-pt_394,1269.9999999999404,5988.0,1.0
P_1-1-pt_5997,P_1-1-pt_4541,1232.999999999974,5988.0,1.0
P_2-1_5450,P_2-1_3136,350.0000000000111,5987.0,1.0
P_1-3_4025,P_1-2_1494,68.00000000000041,5986.0,1.0
P_1-3_4025,P_2-1_600,68.00000000000041,5986.0,1.0
P_1-3_4025,P_1-3_2773,1350.9999999998668,5986.0,1.0
P_1-3_4025,P_1-2_2180,68.00000000000041,5986.0,1.0
P_1-3_4025,P_1-2_3879,55.00000000000051,5986.0,1.0
P_1-3_4025,P_1-3_4262,68.00000000000041,5986.0,1.0
P_1-3_4025,P_1-3_5144,77.99999999999984,5986.0,1.0
P_1-3_4025,P_1-3_2786,96.99999999999876,5986.0,1.0
P_1-3_4025,P_1-3_5475,72.00000000000018,5986.0,1.0
P_1-1-pt_6453,P_1-1-pt_3489,71.00000000000024,5976.0,1.0
P_1-1-pt_6453,P_1-1-pt_2013,96.99999999999876,5976.0,1.0
P_1-1-pt_6453,P_1-1-pt_3409,98.99999999999865,5976.0,1.0
P_1-1-pt_6453,P_1-1-pt_3624,51.000000000000455,5976.0,1.0
P_1-1-pt_6453,P_1-1-pt_2369,31.00000000000017,5976.0,1.0
P_1-1-pt_6453,P_2-1_3764,75.99999999999996,5976.0,1.0
P_1-1-pt_6453,P_2-1_2925,74.00000000000007,5976.0,1.0
P_1-1-pt_6453,P_1-1-pt_8280,59.00000000000057,5976.0,1.0
P_1-1-pt_6453,P_1-2_4940,2488.9999999988318,5976.0,1.0
P_1-1-pt_6453,P_1-2_1255,186.99999999999366,5976.0,1.0
P_1-1-pt_6453,P_1-1-pt_8728,74.00000000000007,5976.0,1.0
P_1-1-pt_6453,P_1-1-veh_610,44.000000000000355,5976.0,1.0
P_1-1-pt_6453,P_1-1-pt_521,230.99999999999116,5976.0,1.0
P_1-1-pt_6453,P_1-1-veh_767,51.000000000000455,5976.0,1.0
P_1-1-pt_6453,P_1-2_303,50.00000000000044,5976.0,1.0
P_1-1-pt_6453,P_1-1-pt_6413,72.00000000000018,5976.0,1.0
P_1-1-pt_6453,P_1-1-pt_494,58.000000000000554,5976.0,1.0
P_1-1-pt_6453,P_1-1-pt_1296,23.000000000000057,5976.0,1.0
P_1-1-pt_6453,P_1-1-pt_2162,74.00000000000007,5976.0,1.0
P_1-1-pt_6453,P_1-1-pt_4996,54.0000000000005,5976.0,1.0
P_1-1-pt_6453,P_1-1-pt_1270,72.00000000000018,5976.0,1.0
P_1-1-pt_6453,P_1-1-pt_1473,22.000000000000043,5976.0,1.0
P_1-1-pt_6453,P_1-1-pt_7863,74.00000000000007,5976.0,1.0
P_1-1-pt_6453,P_1-1-pt_8545,71.00000000000024,5976.0,1.0
P_1-1-pt_6453,P_1-1-pt_5193,72.00000000000018,5976.0,1.0
P_1-1-pt_6453,P_1-1-pt_7325,72.00000000000018,5976.0,1.0
P_1-1-pt_6453,P_2-1_63,260.99999999999085,5976.0,1.0
P_1-1-pt_6453,P_1-2_1612,430.0000000000293,5976.0,1.0
P_1-1-pt_6453,P_1-1-veh_105,101.99999999999848,5976.0,1.0
P_1-1-pt_6453,P_1-1-pt_1108,23.000000000000057,5976.0,1.0
P_1-1-pt_6453,P_1-2_2554,65.00000000000058,5976.0,1.0
P_1-1-pt_6453,P_1-2_1203,106.9999999999982,5976.0,1.0
P_1-1-pt_8085,P_1-2_1285,62.00000000000061,5972.0,1.0
P_1-1-pt_8085,P_1-3_1140,1105.0000000000905,5972.0,1.0
P_1-1-pt_8085,P_1-2_5092,75.99999999999996,5972.0,1.0
P_1-1-pt_8085,P_1-3_5354,92.99999999999899,5972.0,1.0
P_1-1-pt_8085,P_1-3_5451,1174.0000000000277,5972.0,1.0
P_1-1-pt_8085,P_2-1_4930,256.99999999998994,5972.0,1.0
P_1-1-pt_8085,P_2-1_4232,231.9999999999911,5972.0,1.0
P_1-1-pt_8085,P_1-2_5927,46.000000000000384,5972.0,1.0
P_1-1-pt_8085,P_1-2_3214,37.000000000000256,5972.0,1.0
P_1-1-pt_8085,P_2-1_5552,197.99999999999304,5972.0,1.0
P_1-1-pt_8085,P_1-2_4715,36.00000000000024,5972.0,1.0
P_1-1-pt_8085,P_1-2_2653,86.99999999999933,5972.0,1.0
P_1-1-pt_8085,P_1-1-pt_2770,58.000000000000554,5972.0,1.0
P_1-1-pt_8085,P_1-1-pt_6355,58.000000000000554,5972.0,1.0
P_1-1-pt_8085,P_1-2_4454,75.99999999999996,5972.0,1.0
P_1-1-pt_8085,P_1-2_3590,76.9999999999999,5972.0,1.0
P_1-1-pt_8085,P_1-2_4955,144.99999999999605,5972.0,1.0
P_1-1-pt_8085,P_1-2_2061,136.9999999999965,5972.0,1.0
P_1-1-pt_8085,P_1-1-pt_841,1742.9999999995102,5972.0,1.0
P_1-3_403,P_1-1-pt_1121,100.99999999999854,5970.0,1.0
P_1-3_403,P_1-1-pt_2808,44.000000000000355,5970.0,1.0
P_1-3_403,P_1-2_2702,58.000000000000554,5970.0,1.0
P_1-3_403,P_1-2_1203,67.00000000000047,5970.0,1.0
P_1-3_403,P_1-2_2554,68.00000000000041,5970.0,1.0
P_1-3_403,P_1-3_2323,106.9999999999982,5970.0,1.0
P_1-3_403,P_1-3_528,103.99999999999837,5970.0,1.0
P_1-3_403,P_1-2_3488,10.999999999999977,5970.0,1.0
P_1-1-pt_571,P_1-1-pt_2503,109.99999999999802,5967.0,1.0
P_1-1-pt_571,P_1-1-pt_3207,108.99999999999808,5967.0,1.0
P_1-1-pt_571,P_1-1-pt_3409,75.99999999999996,5967.0,1.0
P_1-1-pt_571,P_1-1-pt_2369,355.0000000000122,5967.0,1.0
P_1-1-pt_571,P_1-1-pt_521,191.99999999999338,5967.0,1.0
P_1-1-pt_571,P_1-1-pt_8280,352.00000000001154,5967.0,1.0
P_1-1-pt_571,P_1-1-pt_5666,143.9999999999961,5967.0,1.0
P_1-1-pt_571,P_2-1_3764,29.000000000000142,5967.0,1.0
P_1-1-pt_571,P_2-1_2925,30.000000000000156,5967.0,1.0
P_1-1-pt_571,P_1-1-pt_8728,82.99999999999956,5967.0,1.0
P_1-1-pt_571,P_1-1-veh_610,56.000000000000526,5967.0,1.0
P_1-1-pt_571,P_1-3_3245,145.999999999996,5967.0,1.0
P_1-1-pt_571,P_1-1-pt_4736,245.9999999999903,5967.0,1.0
P_1-1-pt_571,P_1-1-pt_2013,31.00000000000017,5967.0,1.0
P_1-1-pt_571,P_1-1-pt_7573,7.999999999999988,5967.0,1.0
P_1-1-pt_571,P_1-1-pt_7208,85.99999999999939,5967.0,1.0
P_1-1-pt_571,P_1-2_250,77.99999999999984,5967.0,1.0
P_1-1-pt_571,P_1-1-pt_2880,72.00000000000018,5967.0,1.0
P_1-1-pt_571,P_1-1-pt_6743,72.00000000000018,5967.0,1.0
P_1-1-pt_571,P_1-1-pt_3230,5942.000000004085,5967.0,1.0
P_1-2_3692,P_1-1-pt_5897,54.0000000000005,5961.0,1.0
P_1-2_3692,P_1-1-pt_1304,67.00000000000047,5961.0,1.0
P_1-2_3692,P_1-1-pt_3571,334.00000000000745,5961.0,1.0
P_1-2_3692,P_1-1-pt_5115,72.00000000000018,5961.0,1.0
P_1-2_3692,P_1-2_4019,1172.0000000000296,5961.0,1.0
P_1-2_3692,P_1-1-pt_1037,27.000000000000114,5961.0,1.0
P_1-2_3692,P_1-1-pt_5324,25.000000000000085,5961.0,1.0
P_1-1-pt_7863,P_1-1-pt_1270,16.99999999999997,5960.0,1.0
P_1-1-pt_7863,P_1-1-pt_4919,47.0000000000004,5960.0,1.0
P_1-1-pt_7863,P_1-1-pt_1304,133.99999999999667,5960.0,1.0
P_1-1-pt_7863,P_1-1-pt_5193,61.0000000000006,5960.0,1.0
P_1-1-pt_7863,P_1-2_2564,37.000000000000256,5960.0,1.0
P_1-1-pt_7863,P_1-1-pt_8137,11.999999999999973,5960.0,1.0
P_1-1-pt_7863,P_1-1-pt_7325,28.000000000000128,5960.0,1.0
P_1-1-pt_7863,P_1-1-pt_3275,76.9999999999999,5960.0,1.0
P_1-1-pt_7863,P_1-1-pt_1560,76.9999999999999,5960.0,1.0
P_1-1-pt_7863,P_1-1-pt_1966,76.9999999999999,5960.0,1.0
P_1-1-pt_7863,P_1-1-pt_5906,77.99999999999984,5960.0,1.0
P_1-1-pt_7863,P_1-1-pt_3916,93.99999999999893,5960.0,1.0
P_1-1-pt_7863,P_1-1-pt_1226,80.99999999999967,5960.0,1.0
P_1-1-pt_7863,P_1-1-pt_3624,74.00000000000007,5960.0,1.0
P_1-1-pt_7863,P_1-1-veh_105,145.999999999996,5960.0,1.0
P_1-1-pt_7863,P_2-1_3764,84.99999999999945,5960.0,1.0
P_1-1-pt_7863,P_2-1_2925,101.99999999999848,5960.0,1.0
P_1-1-pt_7863,P_1-1-veh_792,223.99999999999156,5960.0,1.0
P_1-1-pt_7863,P_1-1-pt_761,7.999999999999988,5960.0,1.0
P_1-1-pt_7863,P_2-1_63,97.9999999999987,5960.0,1.0
P_1-1-pt_7863,P_1-2_1612,70.0000000000003,5960.0,1.0
P_1-1-pt_7863,P_1-1-pt_6453,74.00000000000007,5960.0,1.0
P_1-1-pt_7863,P_1-3_3245,69.00000000000036,5960.0,1.0
P_1-1-pt_7863,P_1-1-pt_6413,7.999999999999988,5960.0,1.0
P_1-1-pt_7863,P_2-1_5419,69.00000000000036,5960.0,1.0
P_1-1-pt_7863,P_1-1-pt_8728,71.00000000000024,5960.0,1.0
P_1-1-pt_7863,P_1-2_4483,71.00000000000024,5960.0,1.0
P_1-1-pt_7863,P_1-1-pt_2162,27.000000000000114,5960.0,1.0
P_1-2_2034,P_1-2_3693,69.00000000000036,5960.0,1.0
P_1-2_2034,P_1-1-pt_6368,30.000000000000156,5960.0,1.0
P_1-2_2034,P_1-2_3052,44.000000000000355,5960.0,1.0
P_1-2_2034,P_1-1-pt_1138,46.000000000000384,5960.0,1.0
P_1-2_2034,P_1-3_990,51.000000000000455,5960.0,1.0
P_1-2_2034,P_1-1-pt_6389,58.000000000000554,5960.0,1.0
P_1-2_2034,P_1-1-pt_654,77.99999999999984,5960.0,1.0
P_2-1_2045,P_1-3_2018,92.99999999999899,5957.0,1.0
P_2-1_2045,P_1-2_5640,69.00000000000036,5957.0,1.0
P_2-1_2045,P_1-2_568,71.00000000000024,5957.0,1.0
P_2-1_2045,P_1-1-pt_1037,1564.9999999996721,5957.0,1.0
P_2-1_2045,P_1-1-pt_5324,1586.9999999996521,5957.0,1.0
P_2-1_2045,P_1-2_1017,37.000000000000256,5957.0,1.0
P_2-1_2045,P_1-3_990,56.000000000000526,5957.0,1.0
P_2-1_2045,P_1-1-pt_654,32.000000000000185,5957.0,1.0
P_2-1_2045,P_1-1-pt_5906,24.00000000000007,5957.0,1.0
P_2-1_2045,P_1-3_3755,27.000000000000114,5957.0,1.0
P_2-1_2045,P_1-3_5334,52.00000000000047,5957.0,1.0
P_2-1_2045,P_1-1-pt_3927,75.00000000000001,5957.0,1.0
P_2-1_2045,P_1-2_2345,125.99999999999712,5957.0,1.0
P_2-1_2045,P_1-1-pt_1298,63.000000000000625,5957.0,1.0
P_2-1_2045,P_1-2_4019,27.000000000000114,5957.0,1.0
P_1-3_234,P_1-3_4663,68.00000000000041,5948.0,1.0
P_1-3_234,P_1-2_1658,68.00000000000041,5948.0,1.0
P_1-3_234,P_1-3_4881,68.00000000000041,5948.0,1.0
P_1-3_234,P_1-3_28,127.999999999997,5948.0,1.0
P_1-3_234,P_2-1_4267,68.00000000000041,5948.0,1.0
P_1-3_234,P_2-1_3390,68.00000000000041,5948.0,1.0
P_1-3_234,P_1-3_268,32.000000000000185,5948.0,1.0
P_1-3_234,P_1-2_3879,60.00000000000058,5948.0,1.0
P_1-3_234,P_2-1_1463,112.99999999999785,5948.0,1.0
P_1-3_234,P_1-3_2773,62.00000000000061,5948.0,1.0
P_1-3_234,P_2-1_499,106.9999999999982,5948.0,1.0
P_1-3_234,P_2-1_804,74.00000000000007,5948.0,1.0
P_1-3_234,P_2-1_213,68.00000000000041,5948.0,1.0
P_1-1-pt_3230,P_1-1-pt_2503,121.99999999999734,5943.0,1.0
P_1-1-pt_3230,P_1-1-pt_3207,99.9999999999986,5943.0,1.0
P_1-1-pt_3230,P_1-1-pt_3409,76.9999999999999,5943.0,1.0
P_1-1-pt_3230,P_1-1-pt_3624,30.000000000000156,5943.0,1.0
P_1-1-pt_3230,P_1-1-pt_2369,320.00000000000426,5943.0,1.0
P_1-1-pt_3230,P_1-1-pt_521,196.9999999999931,5943.0,1.0
P_1-1-pt_3230,P_1-1-pt_8280,295.9999999999988,5943.0,1.0
P_1-1-pt_3230,P_1-1-pt_5666,143.9999999999961,5943.0,1.0
P_1-1-pt_3230,P_2-1_3764,29.000000000000142,5943.0,1.0
P_1-1-pt_3230,P_2-1_2925,30.000000000000156,5943.0,1.0
P_1-1-pt_3230,P_1-1-pt_8728,76.9999999999999,5943.0,1.0
P_1-1-pt_3230,P_1-1-veh_610,56.000000000000526,5943.0,1.0
P_1-1-pt_3230,P_1-3_3245,165.99999999999486,5943.0,1.0
P_1-1-pt_3230,P_1-1-pt_4736,271.99999999999335,5943.0,1.0
P_1-1-pt_3230,P_1-1-pt_2013,31.00000000000017,5943.0,1.0
P_1-1-pt_3230,P_1-1-pt_7573,7.999999999999988,5943.0,1.0
P_1-1-pt_3230,P_1-1-pt_7208,85.99999999999939,5943.0,1.0
P_1-1-pt_3230,P_1-2_250,76.9999999999999,5943.0,1.0
P_1-1-pt_3230,P_1-1-pt_2880,72.00000000000018,5943.0,1.0
P_1-1-pt_3230,P_1-1-pt_6743,72.00000000000018,5943.0,1.0
P_1-1-pt_3230,P_1-1-pt_571,5942.000000004085,5943.0,1.0
P_1-3_3253,P_1-2_4634,277.9999999999947,5941.0,1.0
P_1-3_3253,P_1-3_4775,223.99999999999156,5941.0,1.0
P_1-3_3253,P_1-3_2410,141.99999999999622,5941.0,1.0
P_1-3_3253,P_1-3_2018,147.99999999999588,5941.0,1.0
P_1-3_3253,P_1-3_2633,251.99999999998997,5941.0,1.0
P_1-3_3253,P_1-2_5210,149.99999999999577,5941.0,1.0
P_1-3_3253,P_1-2_573,147.99999999999588,5941.0,1.0
P_1-3_3253,P_1-3_4954,140.99999999999628,5941.0,1.0
P_1-3_3253,P_1-3_4875,157.9999999999953,5941.0,1.0
P_1-3_3253,P_1-3_3410,633.0000000000754,5941.0,1.0
P_1-3_4253,P_1-3_5020,68.00000000000041,5941.0,1.0
P_1-3_4253,P_1-1-pt_7959,5211.000000001426,5941.0,1.0
P_1-3_4253,P_1-1-pt_6381,67.00000000000047,5941.0,1.0
P_1-3_4253,P_1-1-pt_7277,66.00000000000053,5941.0,1.0
P_1-3_4253,P_2-1_2293,68.00000000000041,5941.0,1.0
P_1-3_4253,P_1-1-pt_1669,68.00000000000041,5941.0,1.0
P_1-3_4253,P_1-2_163,69.00000000000036,5941.0,1.0
P_1-2_1219,P_1-2_1640,68.00000000000041,5938.0,1.0
P_1-2_1219,P_1-2_5641,68.00000000000041,5938.0,1.0
P_1-2_1219,P_1-3_547,68.00000000000041,5938.0,1.0
P_1-2_1219,P_1-2_315,437.00000000003087,5938.0,1.0
P_1-2_1219,P_1-2_593,73.00000000000013,5938.0,1.0
P_1-2_1219,P_1-2_4724,126.99999999999706,5938.0,1.0
P_1-2_1219,P_1-3_4822,176.99999999999423,5938.0,1.0
P_1-2_1219,P_1-2_3716,199.99999999999292,5938.0,1.0
P_1-2_1219,P_1-2_4098,106.9999999999982,5938.0,1.0
P_1-2_1219,P_1-3_2482,98.99999999999865,5938.0,1.0
P_1-2_1219,P_1-2_1025,47.0000000000004,5938.0,1.0
P_1-2_1219,P_1-2_3752,148.99999999999582,5938.0,1.0
P_1-2_1219,P_1-2_4730,141.99999999999622,5938.0,1.0
P_1-3_5144,P_2-1_3764,63.000000000000625,5937.0,1.0
P_1-3_5144,P_2-1_63,62.00000000000061,5937.0,1.0
P_1-3_5144,P_1-2_1612,62.00000000000061,5937.0,1.0
P_1-3_5144,P_1-2_1255,62.00000000000061,5937.0,1.0
P_1-3_5144,P_1-3_3245,102.99999999999842,5937.0,1.0
P_1-3_5144,P_2-1_5067,69.00000000000036,5937.0,1.0
P_1-3_5144,P_1-3_4663,71.00000000000024,5937.0,1.0
P_1-3_5144,P_1-2_1658,89.99999999999916,5937.0,1.0
P_1-3_5144,P_1-3_4881,109.99999999999802,5937.0,1.0
P_1-3_5144,P_1-2_5543,114.99999999999774,5937.0,1.0
P_1-3_5144,P_1-3_4025,77.99999999999984,5937.0,1.0
P_1-3_5144,P_2-1_4267,68.00000000000041,5937.0,1.0
P_1-3_5144,P_2-1_3390,108.99999999999808,5937.0,1.0
P_1-3_5144,P_2-1_600,55.00000000000051,5937.0,1.0
P_1-3_5144,P_1-2_5765,62.00000000000061,5937.0,1.0
P_1-3_5144,P_2-1_1463,68.00000000000041,5937.0,1.0
P_1-3_5144,P_2-1_4788,67.00000000000047,5937.0,1.0
P_1-3_5144,P_2-1_499,68.00000000000041,5937.0,1.0
P_1-3_5144,P_2-1_804,68.00000000000041,5937.0,1.0
P_1-3_5144,P_1-2_4376,66.00000000000053,5937.0,1.0
P_1-3_5144,P_1-3_1676,60.00000000000058,5937.0,1.0
P_1-3_5144,P_2-1_213,68.00000000000041,5937.0,1.0
P_1-3_2280,P_1-2_4249,233.999999999991,5935.0,1.0
P_1-3_2280,P_1-1-pt_7440,35.00000000000023,5935.0,1.0
P_1-3_2280,P_1-2_2473,68.00000000000041,5935.0,1.0
P_1-3_2280,P_1-3_1945,68.00000000000041,5935.0,1.0
P_1-3_2280,P_1-2_3702,68.00000000000041,5935.0,1.0
P_1-3_2280,P_1-2_848,69.00000000000036,5935.0,1.0
P_1-3_2280,P_1-1-veh_603,20.000000000000014,5935.0,1.0
P_1-3_2280,P_1-2_1600,45.00000000000037,5935.0,1.0
P_1-3_2280,P_1-1-pt_6309,44.000000000000355,5935.0,1.0
P_1-3_2280,P_1-1-pt_8692,67.00000000000047,5935.0,1.0
P_1-3_2280,P_1-1-veh_459,72.00000000000018,5935.0,1.0
P_1-3_2280,P_1-1-pt_8611,44.000000000000355,5935.0,1.0
P_1-3_2280,P_1-2_104,56.000000000000526,5935.0,1.0
P_1-3_2280,P_1-1-pt_527,44.000000000000355,5935.0,1.0
P_1-3_2280,P_1-2_4962,52.00000000000047,5935.0,1.0
P_1-1-pt_6273,P_1-3_3494,85.99999999999939,5933.0,1.0
P_1-1-pt_6273,P_1-1-pt_7080,63.000000000000625,5933.0,1.0
P_1-1-pt_6273,P_1-1-veh_792,67.00000000000047,5933.0,1.0
P_1-1-pt_6273,P_1-1-pt_7763,75.00000000000001,5933.0,1.0
P_1-1-pt_6273,P_1-3_528,114.99999999999774,5933.0,1.0
P_1-1-pt_6273,P_1-1-veh_105,50.00000000000044,5933.0,1.0
P_1-1-pt_6273,P_1-2_1203,29.000000000000142,5933.0,1.0
P_1-1-pt_6273,P_1-2_2554,64.00000000000064,5933.0,1.0
P_1-1-pt_6273,P_1-1-pt_7760,141.99999999999622,5933.0,1.0
P_1-1-pt_6273,P_1-3_2323,220.99999999999173,5933.0,1.0
P_1-3_2528,P_1-2_5020,64.00000000000064,5932.0,1.0
P_1-3_2528,P_1-2_2422,38.00000000000027,5932.0,1.0
P_1-3_2528,P_2-1_842,59.00000000000057,5932.0,1.0
P_1-3_2528,P_2-1_2987,51.000000000000455,5932.0,1.0
P_1-3_2528,P_1-2_5927,56.000000000000526,5932.0,1.0
P_1-3_2528,P_1-1-pt_3800,38.00000000000027,5932.0,1.0
P_1-3_2528,P_1-2_3214,51.000000000000455,5932.0,1.0
P_1-3_2528,P_1-1-pt_3353,148.99999999999582,5932.0,1.0
P_1-3_2528,P_1-2_4715,50.00000000000044,5932.0,1.0
P_1-3_2528,P_1-2_2653,67.00000000000047,5932.0,1.0
P_1-3_2528,P_1-1-pt_2770,44.000000000000355,5932.0,1.0
P_1-3_2528,P_1-1-pt_6355,44.000000000000355,5932.0,1.0
P_1-3_2528,P_1-2_4454,50.00000000000044,5932.0,1.0
P_1-3_2528,P_1-2_3590,50.00000000000044,5932.0,1.0
P_1-3_2528,P_1-1-pt_8982,44.000000000000355,5932.0,1.0
P_1-3_2528,P_1-1-pt_8969,44.000000000000355,5932.0,1.0
P_1-3_2528,P_1-2_1658,56.000000000000526,5932.0,1.0
P_1-3_2528,P_1-1-pt_1601,71.00000000000024,5932.0,1.0
P_2-1_2028,P_1-2_5752,1481.9999999997476,5930.0,1.0
P_2-1_2028,P_1-2_3464,1469.9999999997585,5930.0,1.0
P_2-1_2028,P_1-2_3821,455.00000000003496,5930.0,1.0
P_2-1_2028,P_1-2_2797,444.00000000003246,5930.0,1.0
P_2-1_2028,P_1-2_2580,427.0000000000286,5930.0,1.0
P_2-1_2028,P_1-1-veh_837,429.00000000002905,5930.0,1.0
P_2-1_2028,P_1-3_4738,427.0000000000286,5930.0,1.0
P_1-1-pt_7104,P_1-2_2030,1217.9999999999877,5929.0,1.0
P_1-1-pt_7104,P_2-1_3376,3681.9999999977467,5929.0,1.0
P_1-1-pt_7104,P_2-1_6256,895.000000000135,5929.0,1.0
P_1-1-pt_7104,P_1-2_3908,921.0000000001409,5929.0,1.0
P_1-1-pt_7104,P_2-1_5435,895.000000000135,5929.0,1.0
P_1-1-pt_7104,P_1-2_4607,891.000000000134,5929.0,1.0
P_1-1-pt_7104,P_2-1_4331,887.0000000001331,5929.0,1.0
P_1-1-pt_7104,P_1-2_4886,3551.999999997865,5929.0,1.0
P_1-1-pt_7104,P_1-2_2229,4690.999999999534,5929.0,1.0
P_1-1-pt_3595,P_1-1-pt_5913,355.0000000000122,5921.0,1.0
P_1-1-pt_3595,P_1-1-pt_6309,343.0000000000095,5921.0,1.0
P_1-1-pt_3595,P_1-2_2183,20.000000000000014,5921.0,1.0
P_1-1-pt_3595,P_1-1-pt_8692,59.00000000000057,5921.0,1.0
P_1-1-pt_3595,P_1-1-veh_459,52.00000000000047,5921.0,1.0
P_1-1-pt_3595,P_1-1-pt_8611,44.000000000000355,5921.0,1.0
P_1-1-pt_3595,P_1-1-pt_5997,23.000000000000057,5921.0,1.0
P_1-1-pt_3595,P_1-1-pt_1420,33.0000000000002,5921.0,1.0
P_1-1-pt_3595,P_1-1-pt_8247,93.99999999999893,5921.0,1.0
P_1-2_4886,P_1-2_2030,986.0000000001556,5921.0,0.9483195406181388
P_1-2_4886,P_2-1_3376,966.0000000001511,5921.0,0.9483195406181388
P_1-2_4886,P_2-1_6256,955.0000000001486,5921.0,0.9483195406181388
P_1-2_4886,P_1-2_3908,966.0000000001511,5921.0,0.9483195406181388
P_1-2_4886,P_2-1_5435,960.0000000001497,5921.0,0.9483195406181388
P_1-2_4886,P_1-2_4607,890.0000000001338,5921.0,0.9483195406181388
P_1-2_4886,P_2-1_4331,925.0000000001418,5921.0,0.9483195406181388
P_1-2_4886,P_1-1-pt_7104,3551.999999997865,5921.0,0.9483195406181388
P_1-2_4886,P_1-2_2229,5920.000000004005,5921.0,0.9483195406181388
P_1-2_2653,P_1-3_2424,38.00000000000027,5917.0,1.0
P_1-2_2653,P_1-2_171,72.00000000000018,5917.0,1.0
P_1-2_2653,P_1-2_4285,60.00000000000058,5917.0,1.0
P_1-2_2653,P_1-1-pt_4380,50.00000000000044,5917.0,1.0
P_1-2_2653,P_1-1-pt_1601,50.00000000000044,5917.0,1.0
P_1-2_2653,P_1-1-pt_2844,47.0000000000004,5917.0,1.0
P_1-2_2653,P_1-1-pt_3931,71.00000000000024,5917.0,1.0
P_1-2_2653,P_2-1_6236,53.00000000000048,5917.0,1.0
P_1-2_2653,P_1-2_1948,53.00000000000048,5917.0,1.0
P_1-2_2653,P_1-3_5550,55.00000000000051,5917.0,1.0
P_1-2_2653,P_2-1_5799,53.00000000000048,5917.0,1.0
P_1-2_2653,P_1-3_4492,54.0000000000005,5917.0,1.0
P_1-2_2653,P_1-3_2528,67.00000000000047,5917.0,1.0
P_1-2_2653,P_1-1-pt_3353,73.00000000000013,5917.0,1.0
P_1-2_2653,P_2-1_2911,56.000000000000526,5917.0,1.0
P_1-2_2653,P_1-1-pt_2425,62.00000000000061,5917.0,1.0
P_1-2_2653,P_1-2_1285,57.00000000000054,5917.0,1.0
P_1-2_2653,P_2-1_842,58.000000000000554,5917.0,1.0
P_1-2_2653,P_1-3_5451,64.00000000000064,5917.0,1.0
P_1-2_2653,P_1-3_1140,52.00000000000047,5917.0,1.0
P_1-2_2653,P_1-1-pt_8085,86.99999999999933,5917.0,1.0
P_1-2_2653,P_1-1-pt_841,87.99999999999928,5917.0,1.0
P_1-2_2653,P_1-2_4955,59.00000000000057,5917.0,1.0
P_1-2_2653,P_1-2_2061,58.000000000000554,5917.0,1.0
P_1-2_2653,P_1-1-pt_3176,43.00000000000034,5917.0,1.0
P_1-2_2653,P_1-1-pt_2342,53.00000000000048,5917.0,1.0
P_1-2_2653,P_1-1-pt_3800,86.99999999999933,5917.0,1.0
P_1-1-pt_1121,P_1-1-veh_767,61.0000000000006,5916.0,1.0
P_1-1-pt_1121,P_1-1-pt_6031,76.9999999999999,5916.0,1.0
P_1-1-pt_1121,P_1-1-pt_3275,93.99999999999893,5916.0,1.0
P_1-1-pt_1121,P_1-3_403,100.99999999999854,5916.0,1.0
P_1-1-pt_1121,P_1-3_1737,15.99999999999996,5916.0,1.0
P_1-1-pt_1121,P_1-1-pt_5392,49.000000000000426,5916.0,1.0
P_1-1-pt_1121,P_1-3_2643,52.00000000000047,5916.0,1.0
P_1-1-pt_1121,P_1-3_1324,52.00000000000047,5916.0,1.0
P_1-1-pt_1121,P_1-1-pt_2808,176.99999999999423,5916.0,1.0
P_1-1-pt_1121,P_1-3_3536,72.00000000000018,5916.0,1.0
P_1-1-pt_1121,P_1-3_5123,72.00000000000018,5916.0,1.0
P_1-1-pt_1121,P_1-1-pt_977,69.00000000000036,5916.0,1.0
P_1-1-pt_1121,P_1-1-pt_2606,76.9999999999999,5916.0,1.0
P_1-1-pt_1121,P_1-2_2875,63.000000000000625,5916.0,1.0
P_2-1_804,P_2-1_499,3291.9999999981014,5915.0,1.0
P_2-1_804,P_1-3_268,68.00000000000041,5915.0,1.0
P_2-1_804,P_1-3_28,70.0000000000003,5915.0,1.0
P_2-1_804,P_1-3_234,74.00000000000007,5915.0,1.0
P_2-1_804,P_1-2_3879,116.99999999999763,5915.0,1.0
P_2-1_804,P_1-3_2773,92.99999999999899,5915.0,1.0
P_2-1_804,P_1-3_4262,236.99999999999082,5915.0,1.0
P_2-1_804,P_2-1_1463,45.00000000000037,5915.0,1.0
P_2-1_804,P_2-1_4788,289.99999999999744,5915.0,1.0
P_2-1_804,P_1-2_5369,59.00000000000057,5915.0,1.0
P_2-1_804,P_1-2_4376,69.00000000000036,5915.0,1.0
P_2-1_804,P_1-3_1676,68.00000000000041,5915.0,1.0
P_2-1_804,P_1-3_5144,68.00000000000041,5915.0,1.0
P_2-1_804,P_1-3_2786,72.00000000000018,5915.0,1.0
P_2-1_804,P_1-3_5475,68.00000000000041,5915.0,1.0
P_2-1_804,P_1-2_4853,77.99999999999984,5915.0,1.0
P_2-1_804,P_2-1_6130,72.00000000000018,5915.0,1.0
P_2-1_842,P_1-2_1948,59.00000000000057,5914.0,1.0
P_2-1_842,P_1-1-pt_2342,39.000000000000284,5914.0,1.0
P_2-1_842,P_1-3_4492,59.00000000000057,5914.0,1.0
P_2-1_842,P_1-3_2528,59.00000000000057,5914.0,1.0
P_2-1_842,P_1-1-pt_841,184.99999999999378,5914.0,1.0
P_2-1_842,P_1-2_5092,43.00000000000034,5914.0,1.0
P_2-1_842,P_1-2_5927,59.00000000000057,5914.0,1.0
P_2-1_842,P_1-1-pt_3800,95.99999999999882,5914.0,1.0
P_2-1_842,P_1-2_3214,55.00000000000051,5914.0,1.0
P_2-1_842,P_1-2_4715,55.00000000000051,5914.0,1.0
P_2-1_842,P_1-2_2653,58.000000000000554,5914.0,1.0
P_2-1_842,P_1-1-pt_2770,50.00000000000044,5914.0,1.0
P_2-1_842,P_1-1-pt_6355,51.000000000000455,5914.0,1.0
P_2-1_842,P_1-2_4454,56.000000000000526,5914.0,1.0
P_2-1_842,P_1-2_3590,56.000000000000526,5914.0,1.0
P_2-1_842,P_1-1-pt_8982,88.99999999999922,5914.0,1.0
P_2-1_842,P_1-1-pt_8969,50.00000000000044,5914.0,1.0
P_2-1_842,P_1-2_1658,59.00000000000057,5914.0,1.0
P_2-1_842,P_1-1-pt_1601,69.00000000000036,5914.0,1.0
P_1-1-pt_3067,P_1-1-veh_234,43.00000000000034,5913.0,1.0
P_1-1-pt_3067,P_1-3_1785,92.99999999999899,5913.0,1.0
P_1-1-pt_3067,P_1-1-pt_3386,292.9999999999981,5913.0,1.0
P_1-1-pt_3067,P_1-1-pt_2606,707.0000000000922,5913.0,1.0
P_1-1-pt_3067,P_1-3_528,106.9999999999982,5913.0,1.0
P_1-1-pt_3067,P_1-1-pt_1966,22.000000000000043,5913.0,1.0
P_1-1-pt_3067,P_1-1-pt_761,191.99999999999338,5913.0,1.0
P_1-1-pt_3067,P_1-1-pt_3097,155.99999999999542,5913.0,1.0
P_1-1-pt_3067,P_1-1-pt_2834,140.99999999999628,5913.0,1.0
P_1-1-pt_3067,P_1-1-pt_6297,201.9999999999928,5913.0,1.0
P_1-1-pt_3067,P_1-1-pt_5199,225.99999999999145,5913.0,1.0
P_1-1-pt_3067,P_1-2_2875,53.00000000000048,5913.0,1.0
P_1-1-pt_3067,P_1-3_2955,160.99999999999514,5913.0,1.0
P_1-1-pt_3067,P_1-1-pt_6931,121.99999999999734,5913.0,1.0
P_1-1-pt_3067,P_1-1-pt_6413,48.00000000000041,5913.0,1.0
P_1-1-pt_3067,P_1-1-pt_4996,82.99999999999956,5913.0,1.0
P_1-1-pt_3067,P_1-2_5252,61.0000000000006,5913.0,1.0
P_1-1-pt_3067,P_1-3_3245,58.000000000000554,5913.0,1.0
P_1-1-pt_3571,P_1-1-pt_5897,20.000000000000014,5912.0,1.0
P_1-1-pt_3571,P_1-1-pt_1304,64.00000000000064,5912.0,1.0
P_1-1-pt_3571,P_1-2_3692,334.00000000000745,5912.0,1.0
P_1-1-pt_3571,P_1-1-pt_8762,73.00000000000013,5912.0,1.0
P_1-1-pt_3571,P_1-1-pt_1798,73.00000000000013,5912.0,1.0
P_1-1-pt_3571,P_1-1-pt_5298,68.00000000000041,5912.0,1.0
P_1-3_2171,P_1-3_1604,68.00000000000041,5908.0,1.0
P_1-3_2171,P_1-1-pt_6358,68.00000000000041,5908.0,1.0
P_1-3_2171,P_2-1_5067,69.00000000000036,5908.0,1.0
P_1-3_2424,P_1-2_2653,38.00000000000027,5902.0,1.0
P_1-3_2424,P_1-3_1027,64.00000000000064,5902.0,1.0
P_1-3_2424,P_1-1-pt_8611,71.00000000000024,5902.0,1.0
P_1-3_2424,P_1-1-pt_5997,48.00000000000041,5902.0,1.0
P_1-3_2424,P_1-2_104,66.00000000000053,5902.0,1.0
P_1-3_2424,P_1-1-pt_527,58.000000000000554,5902.0,1.0
P_1-3_2424,P_1-2_4962,62.00000000000061,5902.0,1.0
P_1-3_2424,P_1-2_4249,3232.999999998155,5902.0,1.0
P_1-3_2424,P_1-2_1715,43.00000000000034,5902.0,1.0
P_1-3_2424,P_1-2_2473,549.0000000000563,5902.0,1.0
P_1-3_3245,P_1-3_5144,102.99999999999842,5902.0,1.0
P_1-3_3245,P_1-1-pt_8969,43.00000000000034,5902.0,1.0
P_1-3_3245,P_1-1-pt_3671,185.99999999999372,5902.0,1.0
P_1-3_3245,P_1-1-pt_5167,65.00000000000058,5902.0,1.0
P_1-3_3245,P_1-1-pt_1747,49.000000000000426,5902.0,1.0
P_1-3_3245,P_1-1-pt_98,81.99999999999962,5902.0,1.0
P_1-3_3245,P_1-1-pt_1497,31.00000000000017,5902.0,1.0
P_1-3_3245,P_1-1-pt_6974,110.99999999999797,5902.0,1.0
P_1-3_3245,P_1-1-pt_4879,50.00000000000044,5902.0,1.0
P_1-3_3245,P_1-2_4940,42.00000000000033,5902.0,1.0
P_1-3_3245,P_1-1-pt_2880,103.99999999999837,5902.0,1.0
P_1-3_3245,P_1-1-pt_3858,68.00000000000041,5902.0,1.0
P_1-3_3245,P_1-1-pt_571,145.999999999996,5902.0,1.0
P_1-3_3245,P_1-1-pt_3230,165.99999999999486,5902.0,1.0
P_1-3_3245,P_1-1-pt_521,41.00000000000031,5902.0,1.0
P_1-3_3245,P_1-1-pt_2013,42.00000000000033,5902.0,1.0
P_1-3_3245,P_1-1-pt_7573,54.0000000000005,5902.0,1.0
P_1-3_3245,P_1-1-veh_767,50.00000000000044,5902.0,1.0
P_1-3_3245,P_1-2_303,55.00000000000051,5902.0,1.0
P_1-3_3245,P_1-1-pt_6413,74.00000000000007,5902.0,1.0
P_1-3_3245,P_1-1-pt_494,59.00000000000057,5902.0,1.0
P_1-3_3245,P_1-1-pt_2162,72.00000000000018,5902.0,1.0
P_1-3_3245,P_1-1-pt_1296,37.000000000000256,5902.0,1.0
P_1-3_3245,P_1-1-pt_4996,52.00000000000047,5902.0,1.0
P_1-3_3245,P_1-1-pt_5666,43.00000000000034,5902.0,1.0
P_1-3_3245,P_1-1-pt_3409,69.00000000000036,5902.0,1.0
P_1-3_3245,P_1-1-pt_1270,73.00000000000013,5902.0,1.0
P_1-3_3245,P_1-1-pt_1473,58.000000000000554,5902.0,1.0
P_1-3_3245,P_1-1-pt_7863,69.00000000000036,5902.0,1.0
P_1-3_3245,P_1-1-pt_8545,68.00000000000041,5902.0,1.0
P_1-3_3245,P_1-1-pt_5193,68.00000000000041,5902.0,1.0
P_1-3_3245,P_1-1-pt_7325,90.9999999999991,5902.0,1.0
P_1-3_3245,P_1-1-pt_3067,58.000000000000554,5902.0,1.0
P_1-3_3245,P_1-1-pt_6297,345.00000000000995,5902.0,1.0
P_1-3_3245,P_1-1-pt_530,21.00000000000003,5902.0,1.0
P_1-1-pt_0,P_1-3_4666,57.00000000000054,5898.0,1.0
P_1-1-pt_0,P_1-2_4791,44.000000000000355,5898.0,1.0
P_1-1-pt_0,P_1-2_1533,44.000000000000355,5898.0,1.0
P_1-1-pt_0,P_1-3_5578,44.000000000000355,5898.0,1.0
P_1-1-pt_0,P_1-3_635,43.00000000000034,5898.0,1.0
P_1-1-pt_0,P_1-3_3579,163.99999999999497,5898.0,1.0
P_1-1-pt_0,P_1-2_2715,56.000000000000526,5898.0,1.0
P_1-1-pt_0,P_1-1-pt_2529,56.000000000000526,5898.0,1.0
P_1-1-pt_0,P_1-1-pt_6297,22.000000000000043,5898.0,1.0
P_1-1-pt_0,P_1-1-pt_1473,112.99999999999785,5898.0,1.0
P_1-1-pt_0,P_1-1-pt_8068,30.000000000000156,5898.0,1.0
P_1-1-pt_0,P_1-1-pt_6031,133.99999999999667,5898.0,1.0
P_1-1-pt_2880,P_1-1-pt_521,313.0000000000027,5898.0,1.0
P_1-1-pt_2880,P_1-1-pt_8280,230.99999999999116,5898.0,1.0
P_1-1-pt_2880,P_1-1-pt_4262,69.00000000000036,5898.0,1.0
P_1-1-pt_2880,P_1-1-pt_3207,328.0000000000061,5898.0,1.0
P_1-1-pt_2880,P_1-1-pt_2369,112.99999999999785,5898.0,1.0
P_1-1-pt_2880,P_1-1-pt_4879,218.99999999999184,5898.0,1.0
P_1-1-pt_2880,P_1-1-pt_6974,732.0000000000979,5898.0,1.0
P_1-1-pt_2880,P_2-1_63,144.99999999999605,5898.0,1.0
P_1-1-pt_2880,P_1-1-pt_5167,455.00000000003496,5898.0,1.0
P_1-1-pt_2880,P_1-2_1612,212.99999999999218,5898.0,1.0
P_1-1-pt_2880,P_1-1-pt_98,188.99999999999355,5898.0,1.0
P_1-1-pt_2880,P_1-1-pt_1747,568.0000000000606,5898.0,1.0
P_1-1-pt_2880,P_1-1-pt_3671,213.99999999999213,5898.0,1.0
P_1-1-pt_2880,P_1-1-pt_3858,667.0000000000831,5898.0,1.0
P_1-1-pt_2880,P_1-2_1255,23.000000000000057,5898.0,1.0
P_1-1-pt_2880,P_1-3_3245,103.99999999999837,5898.0,1.0
P_1-1-pt_2880,P_1-2_250,71.00000000000024,5898.0,1.0
P_1-1-pt_2880,P_1-2_4940,55.00000000000051,5898.0,1.0
P_1-1-pt_2880,P_1-2_4483,295.9999999999988,5898.0,1.0
P_1-1-pt_2880,P_1-1-pt_6743,72.00000000000018,5898.0,1.0
P_1-1-pt_2880,P_1-1-veh_610,80.99999999999967,5898.0,1.0
P_1-1-pt_2880,P_1-1-veh_767,68.00000000000041,5898.0,1.0
P_1-1-pt_2880,P_1-2_303,69.00000000000036,5898.0,1.0
P_1-1-pt_2880,P_1-1-pt_571,72.00000000000018,5898.0,1.0
P_1-1-pt_2880,P_1-1-pt_3230,72.00000000000018,5898.0,1.0
P_1-1-pt_2880,P_1-1-pt_1497,69.00000000000036,5898.0,1.0
P_1-1-pt_2880,P_1-2_5543,33.0000000000002,5898.0,1.0
P_1-1-pt_2880,P_1-1-pt_4736,425.00000000002814,5898.0,1.0
P_1-1-pt_8735,P_1-2_4753,43.00000000000034,5896.0,0.9491180461329715
P_1-1-pt_8735,P_1-3_2043,42.00000000000033,5896.0,0.9491180461329715
P_1-1-pt_8735,P_1-2_638,43.00000000000034,5896.0,0.9491180461329715
P_1-1-pt_8735,P_1-2_3608,43.00000000000034,5896.0,0.9491180461329715
P_1-1-pt_8735,P_1-1-veh_246,43.00000000000034,5896.0,0.9491180461329715
P_1-1-pt_8735,P_1-1-pt_1173,33.0000000000002,5896.0,0.9491180461329715
P_1-1-pt_8735,P_1-1-pt_6292,34.00000000000021,5896.0,0.9491180461329715
P_1-1-pt_8735,P_1-2_5428,43.00000000000034,5896.0,0.9491180461329715
P_1-1-pt_8735,P_1-1-pt_498,73.00000000000013,5896.0,0.9491180461329715
P_1-1-pt_8735,P_1-1-veh_530,91.99999999999905,5896.0,0.9491180461329715
P_1-1-pt_8735,P_1-3_3076,1436.9999999997885,5896.0,0.9491180461329715
P_1-1-pt_8735,P_1-3_743,138.9999999999964,5896.0,0.9491180461329715
P_1-1-pt_8735,P_1-1-pt_1723,960.0000000001497,5896.0,0.9491180461329715
P_1-1-pt_8735,P_1-1-pt_8184,129.9999999999969,5896.0,0.9491180461329715
P_1-1-pt_8735,P_1-3_2599,138.9999999999964,5896.0,0.9491180461329715
P_1-1-pt_8735,P_1-2_5745,138.9999999999964,5896.0,0.9491180461329715
P_1-1-pt_8735,P_1-1-pt_8289,70.0000000000003,5896.0,0.9491180461329715
P_1-1-pt_8735,P_1-2_5753,70.0000000000003,5896.0,0.9491180461329715
P_1-1-pt_8735,P_1-1-pt_182,70.0000000000003,5896.0,0.9491180461329715
P_1-1-pt_8735,P_1-3_4289,70.0000000000003,5896.0,0.9491180461329715
P_1-1-pt_8735,P_1-2_609,70.0000000000003,5896.0,0.9491180461329715
P_1-1-pt_8735,P_1-2_4266,5853.000000003762,5896.0,0.9491180461329715
P_1-1-pt_7959,P_1-3_5020,65.00000000000058,5894.0,1.0
P_1-1-pt_7959,P_1-3_4253,5211.000000001426,5894.0,1.0
P_1-1-pt_7959,P_1-1-pt_6381,64.00000000000064,5894.0,1.0
P_1-1-pt_7959,P_1-1-pt_7277,63.000000000000625,5894.0,1.0
P_1-1-pt_7959,P_2-1_2293,65.00000000000058,5894.0,1.0
P_1-1-pt_7959,P_1-1-pt_1669,89.99999999999916,5894.0,1.0
P_1-1-pt_7959,P_1-2_163,67.00000000000047,5894.0,1.0
P_1-1-pt_150,P_1-1-pt_7573,67.00000000000047,5891.0,1.0
P_1-1-pt_150,P_2-1_2384,68.00000000000041,5891.0,1.0
P_1-1-pt_150,P_1-1-pt_4901,833.0000000001208,5891.0,1.0
P_1-1-pt_150,P_1-1-pt_2297,65.00000000000058,5891.0,1.0
P_1-1-pt_150,P_1-2_2715,74.00000000000007,5891.0,1.0
P_1-3_547,P_1-3_5117,68.00000000000041,5883.0,1.0
P_1-3_547,P_1-2_2183,68.00000000000041,5883.0,1.0
P_1-3_547,P_1-3_5537,68.00000000000041,5883.0,1.0
P_1-3_547,P_1-2_1219,68.00000000000041,5883.0,1.0
P_1-3_547,P_1-2_5437,68.00000000000041,5883.0,1.0
P_1-3_547,P_1-2_3752,68.00000000000041,5883.0,1.0
P_1-3_547,P_1-2_4270,68.00000000000041,5883.0,1.0
P_1-3_547,P_1-1-pt_5997,14.999999999999963,5883.0,1.0
P_1-3_547,P_1-1-pt_394,43.00000000000034,5883.0,1.0
P_1-3_547,P_1-1-pt_4541,50.00000000000044,5883.0,1.0
P_1-3_547,P_1-3_4124,36.00000000000024,5883.0,1.0
P_1-3_547,P_1-3_2421,39.000000000000284,5883.0,1.0
P_1-3_547,P_1-1-pt_725,51.000000000000455,5883.0,1.0
P_1-1-pt_3207,P_1-1-pt_1747,402.0000000000229,5882.0,1.0
P_1-1-pt_3207,P_1-1-pt_3671,932.0000000001434,5882.0,1.0
P_1-1-pt_3207,P_1-1-pt_6974,397.00000000002177,5882.0,1.0
P_1-1-pt_3207,P_1-1-pt_5167,693.000000000089,5882.0,1.0
P_1-1-pt_3207,P_1-1-pt_4879,416.0000000000261,5882.0,1.0
P_1-1-pt_3207,P_1-1-pt_1497,479.0000000000404,5882.0,1.0
P_1-1-pt_3207,P_1-1-pt_2369,147.99999999999588,5882.0,1.0
P_1-1-pt_3207,P_1-1-pt_6743,232.99999999999105,5882.0,1.0
P_1-1-pt_3207,P_1-1-pt_4736,211.99999999999224,5882.0,1.0
P_1-1-pt_3207,P_1-1-pt_2880,328.0000000000061,5882.0,1.0
P_1-1-pt_3207,P_1-1-pt_571,108.99999999999808,5882.0,1.0
P_1-1-pt_3207,P_1-1-pt_3230,99.9999999999986,5882.0,1.0
P_1-1-pt_3207,P_1-1-pt_521,341.00000000000904,5882.0,1.0
P_1-1-pt_3207,P_1-1-pt_8280,300.99999999999994,5882.0,1.0
P_1-1-pt_3207,P_1-1-pt_3409,209.99999999999235,5882.0,1.0
P_1-1-pt_3207,P_1-1-pt_3624,29.000000000000142,5882.0,1.0
P_1-1-pt_3207,P_1-1-pt_5666,1061.0000000001305,5882.0,1.0
P_1-1-pt_3207,P_1-2_250,51.000000000000455,5882.0,1.0
P_1-1-pt_3207,P_1-2_4483,86.99999999999933,5882.0,1.0
P_1-1-pt_3207,P_1-1-pt_2920,77.99999999999984,5882.0,1.0
P_1-1-pt_3207,P_1-2_4940,73.00000000000013,5882.0,1.0
P_1-1-pt_3207,P_1-1-pt_98,622.0000000000729,5882.0,1.0
P_1-1-pt_3207,P_1-1-pt_8728,95.99999999999882,5882.0,1.0
P_1-1-pt_3207,P_1-1-veh_610,73.00000000000013,5882.0,1.0
P_1-1-pt_3207,P_1-1-pt_2013,129.9999999999969,5882.0,1.0
P_1-1-pt_3207,P_1-1-veh_767,1188.000000000015,5882.0,1.0
P_1-1-pt_3207,P_1-2_5543,170.99999999999457,5882.0,1.0
P_1-1-pt_3207,P_1-1-pt_3858,80.99999999999967,5882.0,1.0
P_1-1-pt_3207,P_1-2_303,110.99999999999797,5882.0,1.0
P_1-1-pt_8247,P_1-3_2278,59.00000000000057,5882.0,1.0
P_1-1-pt_8247,P_1-1-pt_494,75.00000000000001,5882.0,1.0
P_1-1-pt_8247,P_1-1-pt_2162,75.00000000000001,5882.0,1.0
P_1-1-pt_8247,P_1-1-pt_1296,75.00000000000001,5882.0,1.0
P_1-1-pt_8247,P_1-2_1017,60.00000000000058,5882.0,1.0
P_1-1-pt_8247,P_1-1-pt_4262,74.00000000000007,5882.0,1.0
P_1-1-pt_8247,P_1-1-pt_3386,137.99999999999645,5882.0,1.0
P_1-1-pt_8247,P_1-2_2795,4261.999999997974,5882.0,1.0
P_1-1-pt_8247,P_1-1-pt_3595,93.99999999999893,5882.0,1.0
P_1-1-pt_8247,P_1-1-pt_1420,3695.999999997734,5882.0,1.0
P_1-2_4249,P_1-3_2280,233.999999999991,5877.0,1.0
P_1-2_4249,P_1-1-pt_7440,706.000000000092,5877.0,1.0
P_1-2_4249,P_1-2_2473,3420.999999997984,5877.0,1.0
P_1-2_4249,P_1-3_1945,67.00000000000047,5877.0,1.0
P_1-2_4249,P_1-2_3702,69.00000000000036,5877.0,1.0
P_1-2_4249,P_1-2_848,72.00000000000018,5877.0,1.0
P_1-2_4249,P_1-1-pt_8611,72.00000000000018,5877.0,1.0
P_1-2_4249,P_1-1-pt_5997,54.0000000000005,5877.0,1.0
P_1-2_4249,P_1-1-pt_394,22.000000000000043,5877.0,1.0
P_1-2_4249,P_1-2_104,58.000000000000554,5877.0,1.0
P_1-2_4249,P_1-1-pt_527,45.00000000000037,5877.0,1.0
P_1-2_4249,P_1-2_4962,52.00000000000047,5877.0,1.0
P_1-2_4249,P_1-3_2424,3232.999999998155,5877.0,1.0
P_1-1-pt_5481,P_1-2_4724,1545.9999999996894,5875.0,1.0
P_1-1-pt_5481,P_1-2_4327,122.99999999999729,5875.0,1.0
P_1-1-pt_5481,P_1-1-pt_4645,277.9999999999947,5875.0,1.0
P_1-1-pt_5481,P_1-2_593,183.99999999999383,5875.0,1.0
P_1-1-pt_5481,P_2-1_5799,391.0000000000204,5875.0,1.0
P_1-2_5369,P_1-2_5288,50.00000000000044,5874.0,1.0
P_1-2_5369,P_2-1_1609,279.99999999999517,5874.0,1.0
P_1-2_5369,P_2-1_499,65.00000000000058,5874.0,1.0
P_1-2_5369,P_2-1_804,59.00000000000057,5874.0,1.0
P_1-2_5369,P_1-2_1805,687.0000000000877,5874.0,1.0
P_1-1-pt_4785,P_1-3_1213,70.0000000000003,5870.0,1.0
P_1-1-pt_4785,P_1-3_4291,14.999999999999963,5870.0,1.0
P_1-1-pt_4785,P_1-3_2180,69.00000000000036,5870.0,1.0
P_1-1-pt_4785,P_1-2_2422,117.99999999999757,5870.0,1.0
P_1-1-pt_4785,P_1-2_5092,51.000000000000455,5870.0,1.0
P_1-1-pt_4785,P_1-3_5354,59.00000000000057,5870.0,1.0
P_1-1-pt_4785,P_1-3_4587,65.00000000000058,5870.0,1.0
P_1-1-pt_4785,P_1-3_2076,57.00000000000054,5870.0,1.0
P_1-1-pt_4785,P_1-2_5927,59.00000000000057,5870.0,1.0
P_1-1-pt_4785,P_1-2_3214,57.00000000000054,5870.0,1.0
P_1-1-pt_4785,P_2-1_4930,91.99999999999905,5870.0,1.0
P_1-1-pt_3624,P_1-1-pt_3858,69.00000000000036,5861.0,1.0
P_1-1-pt_3624,P_1-1-pt_3230,30.000000000000156,5861.0,1.0
P_1-1-pt_3624,P_1-1-pt_8280,20.000000000000014,5861.0,1.0
P_1-1-pt_3624,P_1-1-pt_3207,29.000000000000142,5861.0,1.0
P_1-1-pt_3624,P_1-1-pt_5666,34.00000000000021,5861.0,1.0
P_1-1-pt_3624,P_1-1-pt_2920,53.00000000000048,5861.0,1.0
P_1-1-pt_3624,P_1-1-pt_6453,51.000000000000455,5861.0,1.0
P_1-1-pt_3624,P_1-2_4940,39.000000000000284,5861.0,1.0
P_1-1-pt_3624,P_1-1-veh_610,44.000000000000355,5861.0,1.0
P_1-1-pt_3624,P_1-1-veh_767,43.00000000000034,5861.0,1.0
P_1-1-pt_3624,P_1-2_303,51.000000000000455,5861.0,1.0
P_1-1-pt_3624,P_1-1-pt_255,73.00000000000013,5861.0,1.0
P_1-1-pt_3624,P_1-1-pt_5199,94.99999999999888,5861.0,1.0
P_1-1-pt_3624,P_1-1-pt_6413,40.0000000000003,5861.0,1.0
P_1-1-pt_3624,P_1-1-pt_2834,42.00000000000033,5861.0,1.0
P_1-1-pt_3624,P_1-1-veh_792,98.99999999999865,5861.0,1.0
P_1-1-pt_3624,P_1-1-pt_494,96.99999999999876,5861.0,1.0
P_1-1-pt_3624,P_1-1-pt_2162,110.99999999999797,5861.0,1.0
P_1-1-pt_3624,P_1-1-pt_5897,74.00000000000007,5861.0,1.0
P_1-1-pt_3624,P_1-1-pt_3769,74.00000000000007,5861.0,1.0
P_1-1-pt_3624,P_1-1-pt_4671,73.00000000000013,5861.0,1.0
P_1-1-pt_3624,P_1-1-pt_1270,74.00000000000007,5861.0,1.0
P_1-1-pt_3624,P_1-1-pt_3409,72.00000000000018,5861.0,1.0
P_1-1-pt_3624,P_1-1-pt_4919,74.00000000000007,5861.0,1.0
P_1-1-pt_3624,P_1-1-pt_1304,74.00000000000007,5861.0,1.0
P_1-1-pt_3624,P_1-1-veh_105,60.00000000000058,5861.0,1.0
P_1-1-pt_3624,P_1-1-pt_7863,74.00000000000007,5861.0,1.0
P_1-1-pt_3624,P_1-1-pt_8545,74.00000000000007,5861.0,1.0
P_1-1-pt_3624,P_1-1-pt_5193,74.00000000000007,5861.0,1.0
P_1-1-pt_3624,P_1-1-pt_7325,73.00000000000013,5861.0,1.0
P_1-1-pt_3624,P_1-1-pt_8137,72.00000000000018,5861.0,1.0
P_1-1-pt_1304,P_1-2_3692,67.00000000000047,5854.0,1.0
P_1-1-pt_1304,P_1-1-pt_3571,64.00000000000064,5854.0,1.0
P_1-1-pt_1304,P_1-1-pt_4671,82.99999999999956,5854.0,1.0
P_1-1-pt_1304,P_1-1-pt_1270,322.0000000000047,5854.0,1.0
P_1-1-pt_1304,P_1-1-pt_5897,59.00000000000057,5854.0,1.0
P_1-1-pt_1304,P_1-1-pt_7863,133.99999999999667,5854.0,1.0
P_1-1-pt_1304,P_1-2_1559,60.00000000000058,5854.0,1.0
P_1-1-pt_1304,P_1-1-pt_3275,77.99999999999984,5854.0,1.0
P_1-1-pt_1304,P_1-1-pt_1560,78.99999999999979,5854.0,1.0
P_1-1-pt_1304,P_1-1-pt_1966,93.99999999999893,5854.0,1.0
P_1-1-pt_1304,P_1-1-pt_5906,77.99999999999984,5854.0,1.0
P_1-1-pt_1304,P_1-1-pt_1238,81.99999999999962,5854.0,1.0
P_1-1-pt_1304,P_1-1-pt_3916,76.9999999999999,5854.0,1.0
P_1-1-pt_1304,P_1-1-pt_1108,152.9999999999956,5854.0,1.0
P_1-1-pt_1304,P_1-1-pt_1226,76.9999999999999,5854.0,1.0
P_1-1-pt_1304,P_1-1-pt_3624,74.00000000000007,5854.0,1.0
P_1-1-pt_1304,P_1-1-pt_4919,3804.999999997635,5854.0,1.0
P_1-1-pt_1304,P_1-1-veh_792,196.9999999999931,5854.0,1.0
P_1-1-pt_1304,P_1-1-pt_8545,73.00000000000013,5854.0,1.0
P_1-1-pt_1304,P_1-1-pt_5193,74.00000000000007,5854.0,1.0
P_1-1-pt_1304,P_1-1-veh_105,153.99999999999554,5854.0,1.0
P_1-1-pt_1304,P_1-1-pt_7325,71.00000000000024,5854.0,1.0
P_1-1-pt_1304,P_1-1-pt_8137,72.00000000000018,5854.0,1.0
P_1-1-pt_1304,P_1-2_1203,155.99999999999542,5854.0,1.0
P_1-1-pt_1304,P_1-2_2554,153.99999999999554,5854.0,1.0
P_1-2_4266,P_1-2_4753,57.00000000000054,5854.0,1.0
P_1-2_4266,P_1-3_2043,49.000000000000426,5854.0,1.0
P_1-2_4266,P_1-2_638,51.000000000000455,5854.0,1.0
P_1-2_4266,P_1-2_3608,52.00000000000047,5854.0,1.0
P_1-2_4266,P_1-1-veh_246,50.00000000000044,5854.0,1.0
P_1-2_4266,P_1-1-pt_1173,43.00000000000034,5854.0,1.0
P_1-2_4266,P_1-1-pt_6292,43.00000000000034,5854.0,1.0
P_1-2_4266,P_1-2_5428,50.00000000000044,5854.0,1.0
P_1-2_4266,P_1-1-pt_498,73.00000000000013,5854.0,1.0
P_1-2_4266,P_1-1-pt_1723,872.0000000001297,5854.0,1.0
P_1-2_4266,P_1-1-veh_530,86.99999999999933,5854.0,1.0
P_1-2_4266,P_1-3_743,138.9999999999964,5854.0,1.0
P_1-2_4266,P_1-1-pt_8184,138.9999999999964,5854.0,1.0
P_1-2_4266,P_1-3_2599,139.99999999999633,5854.0,1.0
P_1-2_4266,P_1-2_5745,139.99999999999633,5854.0,1.0
P_1-2_4266,P_1-1-pt_8289,70.0000000000003,5854.0,1.0
P_1-2_4266,P_1-2_5753,70.0000000000003,5854.0,1.0
P_1-2_4266,P_1-1-pt_182,70.0000000000003,5854.0,1.0
P_1-2_4266,P_1-3_4289,70.0000000000003,5854.0,1.0
P_1-2_4266,P_1-3_3076,2011.9999999992656,5854.0,1.0
P_1-2_4266,P_1-2_609,70.0000000000003,5854.0,1.0
P_1-2_4266,P_1-1-pt_8735,5853.000000003762,5854.0,1.0
P_1-2_4724,P_1-1-pt_5481,1545.9999999996894,5843.0,1.0
P_1-2_4724,P_1-1-pt_4645,385.00000000001904,5843.0,1.0
P_1-2_4724,P_1-2_4327,91.99999999999905,5843.0,1.0
P_1-2_4724,P_1-3_4822,1883.999999999382,5843.0,1.0
P_1-2_4724,P_1-2_5943,51.000000000000455,5843.0,1.0
P_1-2_4724,P_1-2_1219,126.99999999999706,5843.0,1.0
P_1-2_4724,P_1-2_3752,123.99999999999723,5843.0,1.0
P_1-2_4724,P_1-2_3716,340.0000000000088,5843.0,1.0
P_1-1-pt_1037,P_1-1-pt_1306,25.000000000000085,5840.0,0.9825342465753425
P_1-1-pt_1037,P_2-1_2045,1564.9999999996721,5840.0,0.9825342465753425
P_1-1-pt_1037,P_1-2_1017,32.000000000000185,5840.0,0.9825342465753425
P_1-1-pt_1037,P_1-3_990,49.000000000000426,5840.0,0.9825342465753425
P_1-1-pt_1037,P_1-2_3413,2850.9999999985025,5840.0,0.9825342465753425
P_1-1-pt_1037,P_1-1-pt_3275,158.99999999999525,5840.0,0.9825342465753425
P_1-1-pt_1037,P_1-2_4208,81.99999999999962,5840.0,0.9825342465753425
P_1-1-pt_1037,P_1-3_3755,104.99999999999831,5840.0,0.9825342465753425
P_1-1-pt_1037,P_1-3_5334,99.9999999999986,5840.0,0.9825342465753425
P_1-1-pt_1037,P_1-1-pt_3927,85.99999999999939,5840.0,0.9825342465753425
P_1-1-pt_1037,P_1-2_2345,71.00000000000024,5840.0,0.9825342465753425
P_1-1-pt_1037,P_1-1-pt_1298,101.99999999999848,5840.0,0.9825342465753425
P_1-1-pt_1037,P_1-2_4019,46.000000000000384,5840.0,0.9825342465753425
P_1-1-pt_1037,P_1-2_3692,27.000000000000114,5840.0,0.9825342465753425
P_1-1-pt_1037,P_1-1-pt_5324,5830.000000003678,5840.0,0.9825342465753425
P_1-3_4289,P_1-3_743,139.99999999999633,5838.0,1.0
P_1-3_4289,P_1-1-pt_1723,145.999999999996,5838.0,1.0
P_1-3_4289,P_1-3_2599,70.0000000000003,5838.0,1.0
P_1-3_4289,P_1-2_5745,70.0000000000003,5838.0,1.0
P_1-3_4289,P_1-1-pt_8289,69.00000000000036,5838.0,1.0
P_1-3_4289,P_1-1-pt_8735,70.0000000000003,5838.0,1.0
P_1-3_4289,P_1-2_4266,70.0000000000003,5838.0,1.0
P_1-3_4289,P_1-3_3076,70.0000000000003,5838.0,1.0
P_1-3_4289,P_1-2_5753,70.0000000000003,5838.0,1.0
P_1-3_4289,P_1-1-pt_182,69.00000000000036,5838.0,1.0
P_1-3_4289,P_1-1-veh_834,70.0000000000003,5838.0,1.0
P_1-3_4289,P_1-1-pt_8184,1331.999999999884,5838.0,1.0
P_1-3_743,P_1-2_4753,53.00000000000048,5835.0,0.9912596401028277
P_1-3_743,P_1-3_2043,49.000000000000426,5835.0,0.9912596401028277
P_1-3_743,P_1-2_638,51.000000000000455,5835.0,0.9912596401028277
P_1-3_743,P_1-2_3608,522.0000000000501,5835.0,0.9912596401028277
P_1-3_743,P_1-1-veh_246,68.00000000000041,5835.0,0.9912596401028277
P_1-3_743,P_1-1-pt_1173,66.00000000000053,5835.0,0.9912596401028277
P_1-3_743,P_1-1-pt_6292,66.00000000000053,5835.0,0.9912596401028277
P_1-3_743,P_1-1-pt_498,72.00000000000018,5835.0,0.9912596401028277
P_1-3_743,P_1-1-pt_1723,674.0000000000847,5835.0,0.9912596401028277
P_1-3_743,P_1-2_5428,67.00000000000047,5835.0,0.9912596401028277
P_1-3_743,P_1-1-pt_8184,316.00000000000335,5835.0,0.9912596401028277
P_1-3_743,P_1-1-veh_834,138.9999999999964,5835.0,0.9912596401028277
P_1-3_743,P_1-3_2599,138.9999999999964,5835.0,0.9912596401028277
P_1-3_743,P_1-2_5745,139.99999999999633,5835.0,0.9912596401028277
P_1-3_743,P_1-1-pt_8289,138.9999999999964,5835.0,0.9912596401028277
P_1-3_743,P_1-1-pt_8735,138.9999999999964,5835.0,0.9912596401028277
P_1-3_743,P_1-2_4266,138.9999999999964,5835.0,0.9912596401028277
P_1-3_743,P_1-3_3076,138.9999999999964,5835.0,0.9912596401028277
P_1-3_743,P_1-1-pt_182,137.99999999999645,5835.0,0.9912596401028277
P_1-3_743,P_1-3_4289,139.99999999999633,5835.0,0.9912596401028277
P_1-3_743,P_1-2_5753,70.0000000000003,5835.0,0.9912596401028277
P_1-1-pt_1473,P_1-1-pt_1700,48.00000000000041,5832.0,1.0
P_1-1-pt_1473,P_1-2_168,67.00000000000047,5832.0,1.0
P_1-1-pt_1473,P_1-1-pt_4875,64.00000000000064,5832.0,1.0
P_1-1-pt_1473,P_1-2_3708,66.00000000000053,5832.0,1.0
P_1-1-pt_1473,P_1-1-pt_8830,79.99999999999973,5832.0,1.0
P_1-1-pt_1473,P_1-1-pt_0,112.99999999999785,5832.0,1.0
P_1-1-pt_1473,P_1-1-pt_6931,77.99999999999984,5832.0,1.0
P_1-1-pt_1473,P_1-1-veh_234,66.00000000000053,5832.0,1.0
P_1-1-pt_1473,P_1-1-pt_8682,66.00000000000053,5832.0,1.0
P_1-1-pt_1473,P_1-2_3389,328.0000000000061,5832.0,1.0
P_1-1-pt_1473,P_1-1-pt_5897,113.9999999999978,5832.0,1.0
P_1-1-pt_1473,P_1-1-pt_3769,108.99999999999808,5832.0,1.0
P_1-1-pt_1473,P_1-1-pt_4671,89.99999999999916,5832.0,1.0
P_1-1-pt_1473,P_1-1-pt_4919,89.99999999999916,5832.0,1.0
P_1-1-pt_1473,P_2-1_63,127.999999999997,5832.0,1.0
P_1-1-pt_1473,P_1-2_1612,147.99999999999588,5832.0,1.0
P_1-1-pt_1473,P_1-1-pt_6453,22.000000000000043,5832.0,1.0
P_1-1-pt_1473,P_1-3_3245,58.000000000000554,5832.0,1.0
P_1-1-pt_1473,P_2-1_5419,57.00000000000054,5832.0,1.0
P_1-1-pt_1473,P_1-1-pt_8728,22.000000000000043,5832.0,1.0
P_1-1-pt_1473,P_1-1-pt_6413,109.99999999999802,5832.0,1.0
P_1-1-pt_1473,P_1-2_4483,37.000000000000256,5832.0,1.0
P_1-1-pt_1473,P_1-1-pt_2162,7.999999999999988,5832.0,1.0
P_1-1-pt_1473,P_1-1-pt_1296,76.9999999999999,5832.0,1.0
P_1-1-pt_394,P_1-1-pt_530,62.00000000000061,5831.0,0.8526839307151431
P_1-1-pt_394,P_1-1-pt_4262,121.99999999999734,5831.0,0.8526839307151431
P_1-1-pt_394,P_1-2_5252,67.00000000000047,5831.0,0.8526839307151431
P_1-1-pt_394,P_1-2_4249,22.000000000000043,5831.0,0.8526839307151431
P_1-1-pt_394,P_1-3_1571,65.00000000000058,5831.0,0.8526839307151431
P_1-1-pt_394,P_1-2_171,60.00000000000058,5831.0,0.8526839307151431
P_1-1-pt_394,P_1-3_5117,66.00000000000053,5831.0,0.8526839307151431
P_1-1-pt_394,P_1-2_4285,50.00000000000044,5831.0,0.8526839307151431
P_1-1-pt_394,P_1-2_2183,67.00000000000047,5831.0,0.8526839307151431
P_1-1-pt_394,P_1-1-pt_5913,52.00000000000047,5831.0,0.8526839307151431
P_1-1-pt_394,P_1-3_5537,66.00000000000053,5831.0,0.8526839307151431
P_1-1-pt_394,P_1-2_1640,60.00000000000058,5831.0,0.8526839307151431
P_1-1-pt_394,P_1-2_5641,59.00000000000057,5831.0,0.8526839307151431
P_1-1-pt_394,P_1-3_547,43.00000000000034,5831.0,0.8526839307151431
P_1-1-pt_394,P_1-1-pt_5997,1269.9999999999404,5831.0,0.8526839307151431
P_1-1-pt_394,P_1-1-pt_8611,1252.999999999956,5831.0,0.8526839307151431
P_1-1-pt_394,P_1-1-pt_4541,5792.00000000354,5831.0,0.8526839307151431
P_1-1-pt_5324,P_1-2_3413,947.0000000001468,5831.0,1.0
P_1-1-pt_5324,P_2-1_2045,1586.9999999996521,5831.0,1.0
P_1-1-pt_5324,P_1-2_1017,32.000000000000185,5831.0,1.0
P_1-1-pt_5324,P_1-3_990,50.00000000000044,5831.0,1.0
P_1-1-pt_5324,P_1-1-pt_3275,132.99999999999673,5831.0,1.0
P_1-1-pt_5324,P_1-2_4208,88.99999999999922,5831.0,1.0
P_1-1-pt_5324,P_1-3_3755,105.99999999999825,5831.0,1.0
P_1-1-pt_5324,P_1-3_5334,95.99999999999882,5831.0,1.0
P_1-1-pt_5324,P_1-1-pt_3927,80.99999999999967,5831.0,1.0
P_1-1-pt_5324,P_1-2_2345,71.00000000000024,5831.0,1.0
P_1-1-pt_5324,P_1-1-pt_1298,95.99999999999882,5831.0,1.0
P_1-1-pt_5324,P_1-2_4019,41.00000000000031,5831.0,1.0
P_1-1-pt_5324,P_1-2_3692,25.000000000000085,5831.0,1.0
P_1-1-pt_5324,P_1-1-pt_1037,5830.000000003678,5831.0,1.0
P_1-2_960,P_1-2_5765,68.00000000000041,5821.0,1.0
P_1-2_960,P_1-1-pt_1669,56.000000000000526,5821.0,1.0
P_1-2_960,P_1-3_809,67.00000000000047,5821.0,1.0
P_1-2_960,P_1-2_4065,68.00000000000041,5821.0,1.0
P_1-2_960,P_1-3_2745,69.00000000000036,5821.0,1.0
P_1-2_960,P_1-2_1265,70.0000000000003,5821.0,1.0
P_1-2_2473,P_1-1-pt_2820,61.0000000000006,5816.0,1.0
P_1-2_2473,P_1-3_2221,68.00000000000041,5816.0,1.0
P_1-2_2473,P_1-3_2280,68.00000000000041,5816.0,1.0
P_1-2_2473,P_1-2_4249,3420.999999997984,5816.0,1.0
P_1-2_2473,P_1-1-pt_8611,69.00000000000036,5816.0,1.0
P_1-2_2473,P_1-1-pt_5997,46.000000000000384,5816.0,1.0
P_1-2_2473,P_1-2_104,57.00000000000054,5816.0,1.0
P_1-2_2473,P_1-1-pt_527,44.000000000000355,5816.0,1.0
P_1-2_2473,P_1-2_4962,51.000000000000455,5816.0,1.0
P_1-2_2473,P_1-3_2424,549.0000000000563,5816.0,1.0
P_1-1-pt_8728,P_1-1-pt_8068,69.00000000000036,5814.0,1.0
P_1-1-pt_8728,P_1-3_4690,4.999999999999998,5814.0,1.0
P_1-1-pt_8728,P_1-1-pt_4966,73.00000000000013,5814.0,1.0
P_1-1-pt_8728,P_1-1-pt_6176,73.00000000000013,5814.0,1.0
P_1-1-pt_8728,P_1-1-pt_2369,29.000000000000142,5814.0,1.0
P_1-1-pt_8728,P_2-1_3764,49.000000000000426,5814.0,1.0
P_1-1-pt_8728,P_2-1_2925,46.000000000000384,5814.0,1.0
P_1-1-pt_8728,P_2-1_63,68.00000000000041,5814.0,1.0
P_1-1-pt_8728,P_1-2_1612,67.00000000000047,5814.0,1.0
P_1-1-pt_8728,P_1-2_1255,24.00000000000007,5814.0,1.0
P_1-1-pt_8728,P_1-1-pt_6453,74.00000000000007,5814.0,1.0
P_1-1-pt_8728,P_1-1-pt_5666,75.00000000000001,5814.0,1.0
P_1-1-pt_8728,P_1-1-pt_571,82.99999999999956,5814.0,1.0
P_1-1-pt_8728,P_1-1-pt_3230,76.9999999999999,5814.0,1.0
P_1-1-pt_8728,P_1-1-pt_4736,94.99999999999888,5814.0,1.0
P_1-1-pt_8728,P_1-1-veh_610,47.0000000000004,5814.0,1.0
P_1-1-pt_8728,P_1-1-pt_3207,95.99999999999882,5814.0,1.0
P_1-1-pt_8728,P_1-1-pt_2013,81.99999999999962,5814.0,1.0
P_1-1-pt_8728,P_1-1-pt_7573,70.0000000000003,5814.0,1.0
P_1-1-pt_8728,P_1-1-veh_767,45.00000000000037,5814.0,1.0
P_1-1-pt_8728,P_1-2_303,51.000000000000455,5814.0,1.0
P_1-1-pt_8728,P_1-1-pt_297,119.99999999999746,5814.0,1.0
P_1-1-pt_8728,P_1-1-pt_1296,19.0,5814.0,1.0
P_1-1-pt_8728,P_1-1-pt_2162,73.00000000000013,5814.0,1.0
P_1-1-pt_8728,P_1-1-pt_3409,70.0000000000003,5814.0,1.0
P_1-1-pt_8728,P_1-1-pt_1270,61.0000000000006,5814.0,1.0
P_1-1-pt_8728,P_1-1-pt_6413,277.9999999999947,5814.0,1.0
P_1-1-pt_8728,P_1-1-pt_1473,22.000000000000043,5814.0,1.0
P_1-1-pt_8728,P_1-1-pt_7863,71.00000000000024,5814.0,1.0
P_1-1-pt_8728,P_1-1-pt_8545,69.00000000000036,5814.0,1.0
P_1-1-pt_8728,P_1-1-pt_5193,70.0000000000003,5814.0,1.0
P_1-1-pt_8728,P_1-2_4483,2641.9999999986926,5814.0,1.0
P_1-1-pt_8728,P_2-1_5419,484.00000000004155,5814.0,1.0
P_1-1-pt_8728,P_1-1-pt_7325,41.00000000000031,5814.0,1.0
P_1-1-pt_7080,P_1-3_2323,66.00000000000053,5813.0,1.0
P_1-1-pt_7080,P_1-1-pt_7760,73.00000000000013,5813.0,1.0
P_1-1-pt_7080,P_1-1-pt_6273,63.000000000000625,5813.0,1.0
P_1-1-pt_7080,P_1-2_3081,24.00000000000007,5813.0,1.0
P_1-1-pt_7080,P_1-2_4464,122.99999999999729,5813.0,1.0
P_1-1-pt_7080,P_1-3_3579,102.99999999999842,5813.0,1.0
P_1-1-pt_7080,P_1-1-veh_105,73.00000000000013,5813.0,1.0
P_1-1-pt_7080,P_1-2_2554,67.00000000000047,5813.0,1.0
P_1-1-pt_7080,P_1-2_5951,66.00000000000053,5813.0,1.0
P_1-1-pt_7080,P_1-3_4690,66.00000000000053,5813.0,1.0
P_1-1-pt_7080,P_1-1-pt_6931,64.00000000000064,5813.0,1.0
P_1-1-pt_7080,P_1-1-veh_234,145.999999999996,5813.0,1.0
P_1-1-pt_7080,P_1-1-pt_8682,73.00000000000013,5813.0,1.0
P_1-1-pt_7080,P_1-1-pt_5078,144.99999999999605,5813.0,1.0
P_1-1-pt_7080,P_1-2_3389,75.99999999999996,5813.0,1.0
P_1-1-pt_7080,P_1-1-pt_4671,56.000000000000526,5813.0,1.0
P_1-1-pt_7080,P_1-1-pt_4919,71.00000000000024,5813.0,1.0
P_2-1_5552,P_1-3_5020,68.00000000000041,5798.0,1.0
P_2-1_5552,P_2-1_5841,841.0000000001227,5798.0,1.0
P_2-1_5552,P_1-1-pt_6381,68.00000000000041,5798.0,1.0
P_2-1_5552,P_1-1-pt_7277,158.99999999999525,5798.0,1.0
P_2-1_5552,P_1-1-pt_8085,197.99999999999304,5798.0,1.0
P_2-1_5552,P_1-1-pt_6355,45.00000000000037,5798.0,1.0
P_2-1_5552,P_1-2_4454,52.00000000000047,5798.0,1.0
P_2-1_5552,P_1-2_3590,51.000000000000455,5798.0,1.0
P_2-1_5552,P_1-1-pt_8982,46.000000000000384,5798.0,1.0
P_2-1_5552,P_1-1-pt_8969,47.0000000000004,5798.0,1.0
P_2-1_5552,P_1-2_1658,57.00000000000054,5798.0,1.0
P_1-1-pt_4541,P_1-1-pt_530,61.0000000000006,5793.0,0.8387709304332815
P_1-1-pt_4541,P_1-1-pt_4262,91.99999999999905,5793.0,0.8387709304332815
P_1-1-pt_4541,P_1-2_5252,66.00000000000053,5793.0,0.8387709304332815
P_1-1-pt_4541,P_1-3_1571,62.00000000000061,5793.0,0.8387709304332815
P_1-1-pt_4541,P_1-3_5117,66.00000000000053,5793.0,0.8387709304332815
P_1-1-pt_4541,P_1-2_171,65.00000000000058,5793.0,0.8387709304332815
P_1-1-pt_4541,P_1-2_4285,58.000000000000554,5793.0,0.8387709304332815
P_1-1-pt_4541,P_1-2_2183,66.00000000000053,5793.0,0.8387709304332815
P_1-1-pt_4541,P_1-1-pt_5913,51.000000000000455,5793.0,0.8387709304332815
P_1-1-pt_4541,P_1-3_5537,66.00000000000053,5793.0,0.8387709304332815
P_1-1-pt_4541,P_1-2_1640,61.0000000000006,5793.0,0.8387709304332815
P_1-1-pt_4541,P_1-2_5641,60.00000000000058,5793.0,0.8387709304332815
P_1-1-pt_4541,P_1-3_547,50.00000000000044,5793.0,0.8387709304332815
P_1-1-pt_4541,P_1-1-pt_394,5792.00000000354,5793.0,0.8387709304332815
P_1-1-pt_4541,P_1-1-pt_5997,1232.999999999974,5793.0,0.8387709304332815
P_1-1-pt_4541,P_1-1-pt_8611,1215.9999999999895,5793.0,0.8387709304332815
P_1-2_250,P_1-3_4262,70.0000000000003,5782.0,1.0
P_1-2_250,P_1-1-pt_1006,66.00000000000053,5782.0,1.0
P_1-2_250,P_1-1-pt_2863,87.99999999999928,5782.0,1.0
P_1-2_250,P_1-1-pt_5139,95.99999999999882,5782.0,1.0
P_1-2_250,P_1-3_2786,72.00000000000018,5782.0,1.0
P_1-2_250,P_1-1-pt_4736,1168.0000000000332,5782.0,1.0
P_1-2_250,P_1-1-pt_5167,50.00000000000044,5782.0,1.0
P_1-2_250,P_1-1-pt_1747,51.000000000000455,5782.0,1.0
P_1-2_250,P_1-1-pt_1497,52.00000000000047,5782.0,1.0
P_1-2_250,P_1-1-pt_98,50.00000000000044,5782.0,1.0
P_1-2_250,P_1-1-pt_3207,51.000000000000455,5782.0,1.0
P_1-2_250,P_1-1-pt_3671,51.000000000000455,5782.0,1.0
P_1-2_250,P_1-1-pt_2920,50.00000000000044,5782.0,1.0
P_1-2_250,P_1-1-pt_6974,88.99999999999922,5782.0,1.0
P_1-2_250,P_1-1-pt_2880,71.00000000000024,5782.0,1.0
P_1-2_250,P_1-1-pt_4879,76.9999999999999,5782.0,1.0
P_1-2_250,P_1-1-pt_3858,72.00000000000018,5782.0,1.0
P_1-2_250,P_2-1_5419,564.0000000000597,5782.0,1.0
P_1-2_250,P_1-1-pt_2013,44.000000000000355,5782.0,1.0
P_1-2_250,P_1-1-pt_7573,45.00000000000037,5782.0,1.0
P_1-2_250,P_1-1-pt_7208,74.00000000000007,5782.0,1.0
P_1-2_250,P_1-1-pt_571,77.99999999999984,5782.0,1.0
P_1-2_250,P_1-1-pt_3230,76.9999999999999,5782.0,1.0
P_1-2_250,P_1-1-pt_7123,48.00000000000041,5782.0,1.0
P_1-2_250,P_1-1-pt_2297,71.00000000000024,5782.0,1.0
P_1-2_250,P_1-2_6013,58.000000000000554,5782.0,1.0
P_1-2_250,P_1-1-pt_4966,47.0000000000004,5782.0,1.0
P_1-2_250,P_1-2_505,126.99999999999706,5782.0,1.0
P_1-2_250,P_2-1_2384,113.9999999999978,5782.0,1.0
P_1-1-pt_1700,P_1-1-pt_1473,48.00000000000041,5771.0,1.0
P_1-1-pt_1700,P_1-2_3488,137.99999999999645,5771.0,1.0
P_1-1-pt_1700,P_1-2_2237,137.99999999999645,5771.0,1.0
P_1-1-pt_1700,P_1-1-pt_2129,137.99999999999645,5771.0,1.0
P_1-1-pt_1700,P_1-1-pt_1039,138.9999999999964,5771.0,1.0
P_1-1-pt_1700,P_1-1-pt_5275,135.99999999999656,5771.0,1.0
P_1-1-pt_1700,P_2-1_3944,67.00000000000047,5771.0,1.0
P_1-1-pt_1700,P_1-2_4464,77.99999999999984,5771.0,1.0
P_1-1-pt_1700,P_1-3_3135,41.00000000000031,5771.0,1.0
P_1-1-pt_1700,P_1-2_1533,75.00000000000001,5771.0,1.0
P_1-1-pt_1700,P_1-3_5578,36.00000000000024,5771.0,1.0
P_1-1-pt_1700,P_1-3_635,141.99999999999622,5771.0,1.0
P_1-1-pt_761,P_1-1-pt_4996,179.99999999999406,5770.0,1.0
P_1-1-pt_761,P_1-3_528,38.00000000000027,5770.0,1.0
P_1-1-pt_761,P_1-1-pt_3386,76.9999999999999,5770.0,1.0
P_1-1-pt_761,P_1-1-pt_3067,191.99999999999338,5770.0,1.0
P_1-1-pt_761,P_1-1-pt_5906,85.99999999999939,5770.0,1.0
P_1-1-pt_761,P_1-1-pt_3916,77.99999999999984,5770.0,1.0
P_1-1-pt_761,P_1-1-pt_7208,77.99999999999984,5770.0,1.0
P_1-1-pt_761,P_1-1-pt_6538,89.99999999999916,5770.0,1.0
P_1-1-pt_761,P_1-1-pt_2503,88.99999999999922,5770.0,1.0
P_1-1-pt_761,P_1-1-pt_255,76.9999999999999,5770.0,1.0
P_1-1-pt_761,P_1-1-pt_6413,65.00000000000058,5770.0,1.0
P_1-1-pt_761,P_2-1_63,594.0000000000665,5770.0,1.0
P_1-1-pt_761,P_1-2_1612,727.0000000000967,5770.0,1.0
P_1-1-pt_761,P_1-1-pt_2162,64.00000000000064,5770.0,1.0
P_1-1-pt_761,P_1-1-pt_494,75.00000000000001,5770.0,1.0
P_1-1-pt_761,P_1-1-pt_1296,83.9999999999995,5770.0,1.0
P_1-1-pt_761,P_1-1-pt_3409,21.00000000000003,5770.0,1.0
P_1-1-pt_761,P_1-1-pt_1270,7.999999999999988,5770.0,1.0
P_1-1-pt_761,P_1-1-pt_7863,7.999999999999988,5770.0,1.0
P_1-1-pt_761,P_1-1-pt_530,87.99999999999928,5770.0,1.0
P_1-1-pt_761,P_1-1-pt_6297,28.000000000000128,5770.0,1.0
P_1-1-pt_7938,P_1-2_2183,22.000000000000043,5768.0,1.0
P_1-1-pt_7938,P_1-1-pt_2032,73.00000000000013,5768.0,1.0
P_1-1-pt_7938,P_1-1-pt_2770,72.00000000000018,5768.0,1.0
P_1-1-pt_7938,P_1-2_3590,115.99999999999768,5768.0,1.0
P_1-1-pt_7938,P_1-1-pt_6355,73.00000000000013,5768.0,1.0
P_1-1-pt_7938,P_1-2_4454,72.00000000000018,5768.0,1.0
P_1-1-pt_7938,P_1-1-pt_2863,140.99999999999628,5768.0,1.0
P_1-1-pt_7938,P_1-1-pt_8969,74.00000000000007,5768.0,1.0
P_1-1-pt_7938,P_2-1_5067,50.00000000000044,5768.0,1.0
P_1-1-pt_7938,P_1-1-pt_1601,111.99999999999791,5768.0,1.0
P_1-1-pt_7938,P_1-1-pt_2844,1634.9999999996085,5768.0,1.0
P_1-3_2773,P_1-2_1494,24.00000000000007,5761.0,1.0
P_1-3_2773,P_2-1_600,68.00000000000041,5761.0,1.0
P_1-3_2773,P_1-3_4025,1350.9999999998668,5761.0,1.0
P_1-3_2773,P_1-2_2180,68.00000000000041,5761.0,1.0
P_1-3_2773,P_1-2_3879,113.9999999999978,5761.0,1.0
P_1-3_2773,P_2-1_4267,69.00000000000036,5761.0,1.0
P_1-3_2773,P_2-1_3390,77.99999999999984,5761.0,1.0
P_1-3_2773,P_2-1_499,122.99999999999729,5761.0,1.0
P_1-3_2773,P_1-3_234,62.00000000000061,5761.0,1.0
P_1-3_2773,P_2-1_1463,227.99999999999133,5761.0,1.0
P_1-3_2773,P_1-3_4262,60.00000000000058,5761.0,1.0
P_1-3_2773,P_2-1_804,92.99999999999899,5761.0,1.0
P_1-3_2773,P_2-1_213,68.00000000000041,5761.0,1.0
P_1-2_2543,P_1-3_990,176.99999999999423,5759.0,1.0
P_1-2_2543,P_1-1-pt_654,353.00000000001177,5759.0,1.0
P_1-2_2543,P_1-1-pt_4262,70.0000000000003,5759.0,1.0
P_1-2_2543,P_1-1-pt_3512,97.9999999999987,5759.0,1.0
P_1-2_2543,P_1-2_671,125.99999999999712,5759.0,1.0
P_1-2_2543,P_1-1-pt_7664,76.9999999999999,5759.0,1.0
P_1-2_2543,P_1-1-pt_776,72.00000000000018,5759.0,1.0
P_1-3_1676,P_1-2_4376,2850.9999999985025,5749.0,1.0
P_1-3_1676,P_1-2_1494,67.00000000000047,5749.0,1.0
P_1-3_1676,P_1-2_1953,67.00000000000047,5749.0,1.0
P_1-3_1676,P_1-2_2180,68.00000000000041,5749.0,1.0
P_1-3_1676,P_1-3_4262,86.99999999999933,5749.0,1.0
P_1-3_1676,P_2-1_600,62.00000000000061,5749.0,1.0
P_1-3_1676,P_2-1_1463,68.00000000000041,5749.0,1.0
P_1-3_1676,P_2-1_4788,68.00000000000041,5749.0,1.0
P_1-3_1676,P_2-1_499,68.00000000000041,5749.0,1.0
P_1-3_1676,P_2-1_804,68.00000000000041,5749.0,1.0
P_1-3_1676,P_1-3_5144,60.00000000000058,5749.0,1.0
P_1-3_1676,P_2-1_213,68.00000000000041,5749.0,1.0
P_1-3_458,P_1-1-pt_5942,534.0000000000529,5749.0,1.0
P_1-3_458,P_1-2_149,1599.9999999996403,5749.0,1.0
P_1-3_458,P_1-2_3693,75.99999999999996,5749.0,1.0
P_1-3_458,P_1-1-pt_2808,108.99999999999808,5749.0,1.0
P_1-3_458,P_1-1-pt_977,117.99999999999757,5749.0,1.0
P_1-3_458,P_1-2_2875,73.00000000000013,5749.0,1.0
P_1-3_870,P_1-3_3793,183.99999999999383,5749.0,1.0
P_1-3_870,P_1-1-pt_2808,16.99999999999997,5749.0,1.0
P_1-3_870,P_1-1-pt_560,68.00000000000041,5749.0,1.0
P_1-1-pt_3409,P_1-1-pt_98,140.99999999999628,5743.0,1.0
P_1-1-pt_3409,P_1-1-pt_4879,101.99999999999848,5743.0,1.0
P_1-1-pt_3409,P_1-1-pt_3858,65.00000000000058,5743.0,1.0
P_1-1-pt_3409,P_1-1-pt_2013,338.00000000000836,5743.0,1.0
P_1-1-pt_3409,P_1-1-pt_571,75.99999999999996,5743.0,1.0
P_1-1-pt_3409,P_1-1-pt_3230,76.9999999999999,5743.0,1.0
P_1-1-pt_3409,P_1-1-pt_521,30.000000000000156,5743.0,1.0
P_1-1-pt_3409,P_1-1-pt_8280,30.000000000000156,5743.0,1.0
P_1-1-pt_3409,P_1-1-pt_3207,209.99999999999235,5743.0,1.0
P_1-1-pt_3409,P_1-1-pt_5666,34.00000000000021,5743.0,1.0
P_1-1-pt_3409,P_1-1-pt_2920,50.00000000000044,5743.0,1.0
P_1-1-pt_3409,P_1-1-pt_6453,98.99999999999865,5743.0,1.0
P_1-1-pt_3409,P_1-1-veh_610,43.00000000000034,5743.0,1.0
P_1-1-pt_3409,P_1-1-veh_767,44.000000000000355,5743.0,1.0
P_1-1-pt_3409,P_1-2_303,51.000000000000455,5743.0,1.0
P_1-1-pt_3409,P_1-1-pt_255,73.00000000000013,5743.0,1.0
P_1-1-pt_3409,P_1-1-pt_6413,122.99999999999729,5743.0,1.0
P_1-1-pt_3409,P_1-1-pt_2834,117.99999999999757,5743.0,1.0
P_1-1-pt_3409,P_1-1-pt_494,75.99999999999996,5743.0,1.0
P_1-1-pt_3409,P_1-1-pt_2162,149.99999999999577,5743.0,1.0
P_1-1-pt_3409,P_1-1-veh_792,254.9999999999898,5743.0,1.0
P_1-1-pt_3409,P_1-1-pt_5897,74.00000000000007,5743.0,1.0
P_1-1-pt_3409,P_1-1-pt_3769,85.99999999999939,5743.0,1.0
P_1-1-pt_3409,P_1-1-pt_4671,444.00000000003246,5743.0,1.0
P_1-1-pt_3409,P_1-1-pt_3624,72.00000000000018,5743.0,1.0
P_1-1-pt_3409,P_1-1-pt_4919,465.00000000003723,5743.0,1.0
P_1-1-pt_3409,P_1-1-pt_1270,492.00000000004337,5743.0,1.0
P_1-1-pt_3409,P_2-1_3764,69.00000000000036,5743.0,1.0
P_1-1-pt_3409,P_1-1-pt_3097,23.000000000000057,5743.0,1.0
P_1-1-pt_3409,P_2-1_2925,68.00000000000041,5743.0,1.0
P_1-1-pt_3409,P_1-1-pt_761,21.00000000000003,5743.0,1.0
P_1-1-pt_3409,P_2-1_63,115.99999999999768,5743.0,1.0
P_1-1-pt_3409,P_1-2_1612,103.99999999999837,5743.0,1.0
P_1-1-pt_3409,P_1-3_3245,69.00000000000036,5743.0,1.0
P_1-1-pt_3409,P_2-1_5419,95.99999999999882,5743.0,1.0
P_1-1-pt_3409,P_1-1-pt_8728,70.0000000000003,5743.0,1.0
P_1-1-pt_3409,P_1-2_4483,70.0000000000003,5743.0,1.0
P_1-1-pt_3409,P_1-1-pt_1296,20.000000000000014,5743.0,1.0
P_1-1-pt_5906,P_1-1-pt_2920,92.99999999999899,5741.0,1.0
P_1-1-pt_5906,P_1-1-pt_6176,81.99999999999962,5741.0,1.0
P_1-1-pt_5906,P_1-1-pt_297,37.000000000000256,5741.0,1.0
P_1-1-pt_5906,P_1-1-pt_761,85.99999999999939,5741.0,1.0
P_1-1-pt_5906,P_1-1-pt_6297,118.99999999999751,5741.0,1.0
P_1-1-pt_5906,P_1-1-veh_767,37.000000000000256,5741.0,1.0
P_1-1-pt_5906,P_1-2_303,59.00000000000057,5741.0,1.0
P_1-1-pt_5906,P_1-1-pt_6031,76.9999999999999,5741.0,1.0
P_1-1-pt_5906,P_1-1-pt_255,76.9999999999999,5741.0,1.0
P_1-1-pt_5906,P_1-1-pt_1108,76.9999999999999,5741.0,1.0
P_1-1-pt_5906,P_1-1-pt_2834,63.000000000000625,5741.0,1.0
P_1-1-pt_5906,P_1-1-veh_792,72.00000000000018,5741.0,1.0
P_1-1-pt_5906,P_1-1-pt_494,79.99999999999973,5741.0,1.0
P_1-1-pt_5906,P_1-1-pt_2162,78.99999999999979,5741.0,1.0
P_1-1-pt_5906,P_1-1-pt_5897,76.9999999999999,5741.0,1.0
P_1-1-pt_5906,P_1-1-pt_3769,77.99999999999984,5741.0,1.0
P_1-1-pt_5906,P_1-1-pt_4671,76.9999999999999,5741.0,1.0
P_1-1-pt_5906,P_1-1-pt_1270,76.9999999999999,5741.0,1.0
P_1-1-pt_5906,P_1-1-pt_4919,77.99999999999984,5741.0,1.0
P_1-1-pt_5906,P_1-1-pt_1304,77.99999999999984,5741.0,1.0
P_1-1-pt_5906,P_1-1-pt_1238,1678.9999999995684,5741.0,1.0
P_1-1-pt_5906,P_1-1-pt_7863,77.99999999999984,5741.0,1.0
P_1-1-pt_5906,P_1-1-pt_5193,76.9999999999999,5741.0,1.0
P_1-1-pt_5906,P_1-1-pt_7325,76.9999999999999,5741.0,1.0
P_1-1-pt_5906,P_1-1-pt_8137,76.9999999999999,5741.0,1.0
P_1-1-pt_5906,P_1-1-pt_8762,57.00000000000054,5741.0,1.0
P_1-1-pt_5906,P_1-3_2985,47.0000000000004,5741.0,1.0
P_1-1-pt_5906,P_1-2_1990,19.0,5741.0,1.0
P_1-1-pt_5906,P_1-1-pt_4595,41.00000000000031,5741.0,1.0
P_1-1-pt_5906,P_1-2_3052,179.99999999999406,5741.0,1.0
P_1-1-pt_5906,P_1-1-pt_3275,78.99999999999979,5741.0,1.0
P_1-1-pt_5906,P_2-1_2045,24.00000000000007,5741.0,1.0
P_1-1-veh_837,P_1-2_5752,786.0000000001102,5740.0,1.0
P_1-1-veh_837,P_1-2_3464,782.0000000001093,5740.0,1.0
P_1-1-veh_837,P_1-2_3821,781.000000000109,5740.0,1.0
P_1-1-veh_837,P_1-2_2797,779.0000000001086,5740.0,1.0
P_1-1-veh_837,P_1-2_2580,783.0000000001095,5740.0,1.0
P_1-1-veh_837,P_2-1_2028,429.00000000002905,5740.0,1.0
P_1-1-veh_837,P_1-3_4738,5739.000000003347,5740.0,1.0
P_1-2_3224,P_1-2_2061,68.00000000000041,5736.0,1.0
P_1-2_3224,P_1-1-pt_2961,137.99999999999645,5736.0,1.0
P_1-2_3224,P_2-1_3058,69.00000000000036,5736.0,1.0
P_1-2_3224,P_1-2_2422,50.00000000000044,5736.0,1.0
P_1-1-veh_834,P_1-1-pt_1173,10.999999999999977,5735.0,1.0
P_1-1-veh_834,P_1-1-veh_246,15.99999999999996,5735.0,1.0
P_1-1-veh_834,P_1-1-pt_8289,367.00000000001495,5735.0,1.0
P_1-1-veh_834,P_1-1-pt_8184,263.99999999999153,5735.0,1.0
P_1-1-veh_834,P_1-2_5753,340.0000000000088,5735.0,1.0
P_1-1-veh_834,P_1-3_743,138.9999999999964,5735.0,1.0
P_1-1-veh_834,P_1-3_2599,70.0000000000003,5735.0,1.0
P_1-1-veh_834,P_1-2_5745,70.0000000000003,5735.0,1.0
P_1-1-veh_834,P_1-3_3076,70.0000000000003,5735.0,1.0
P_1-1-veh_834,P_1-1-pt_182,69.00000000000036,5735.0,1.0
P_1-1-veh_834,P_1-3_4289,70.0000000000003,5735.0,1.0
P_1-1-pt_5999,P_1-3_3339,53.00000000000048,5726.0,1.0
P_1-1-pt_5999,P_1-2_752,298.9999999999995,5726.0,1.0
P_1-1-pt_5999,P_2-1_1878,735.0000000000986,5726.0,1.0
P_1-1-pt_5999,P_2-1_6130,67.00000000000047,5726.0,1.0
P_1-1-pt_5999,P_2-1_4267,72.00000000000018,5726.0,1.0
P_1-1-pt_5999,P_2-1_3390,72.00000000000018,5726.0,1.0
P_1-1-pt_5999,P_2-1_600,241.99999999999054,5726.0,1.0
P_1-1-pt_5999,P_1-1-pt_3671,24.00000000000007,5726.0,1.0
P_1-1-pt_5999,P_1-1-pt_5167,6.999999999999991,5726.0,1.0
P_1-1-pt_5999,P_1-1-pt_1747,7.999999999999988,5726.0,1.0
P_1-1-pt_5999,P_1-1-pt_6974,81.99999999999962,5726.0,1.0
P_1-1-pt_5999,P_1-1-pt_98,151.99999999999565,5726.0,1.0
P_1-1-pt_5999,P_1-1-pt_7915,88.99999999999922,5726.0,1.0
P_1-1-pt_5999,P_1-1-pt_4879,238.9999999999907,5726.0,1.0
P_1-1-pt_5999,P_1-1-pt_3858,147.99999999999588,5726.0,1.0
P_1-1-pt_5999,P_1-2_5543,41.00000000000031,5726.0,1.0
P_1-2_263,P_1-1-pt_1798,9.99999999999998,5721.0,1.0
P_1-2_263,P_1-1-pt_1138,706.000000000092,5721.0,1.0
P_1-2_263,P_1-1-pt_5115,71.00000000000024,5721.0,1.0
P_1-2_263,P_1-1-pt_7732,73.00000000000013,5721.0,1.0
P_1-1-pt_2424,P_1-2_5927,47.0000000000004,5720.0,1.0
P_1-1-pt_2424,P_1-1-pt_3931,88.99999999999922,5720.0,1.0
P_1-1-pt_2424,P_1-2_3214,40.0000000000003,5720.0,1.0
P_1-1-pt_2297,P_1-1-pt_150,65.00000000000058,5715.0,1.0
P_1-1-pt_2297,P_1-1-pt_3489,59.00000000000057,5715.0,1.0
P_1-1-pt_2297,P_1-2_250,71.00000000000024,5715.0,1.0
P_1-1-pt_2297,P_1-1-pt_2503,53.00000000000048,5715.0,1.0
P_1-1-pt_2297,P_1-1-pt_2369,128.99999999999696,5715.0,1.0
P_1-1-pt_2297,P_1-1-pt_6538,60.00000000000058,5715.0,1.0
P_1-1-pt_3176,P_1-1-pt_2961,143.9999999999961,5712.0,1.0
P_1-1-pt_3176,P_1-3_5020,68.00000000000041,5712.0,1.0
P_1-1-pt_3176,P_1-2_5927,85.99999999999939,5712.0,1.0
P_1-1-pt_3176,P_1-2_3214,38.00000000000027,5712.0,1.0
P_1-1-pt_3176,P_1-2_4715,35.00000000000023,5712.0,1.0
P_1-1-pt_3176,P_1-2_2653,43.00000000000034,5712.0,1.0
P_1-1-pt_3176,P_1-1-pt_2770,22.000000000000043,5712.0,1.0
P_1-1-pt_3176,P_1-1-pt_6355,21.00000000000003,5712.0,1.0
P_1-1-pt_3176,P_1-2_4454,35.00000000000023,5712.0,1.0
P_1-1-pt_3176,P_1-2_3590,35.00000000000023,5712.0,1.0
P_1-1-pt_7732,P_1-3_2985,72.00000000000018,5704.0,1.0
P_1-1-pt_7732,P_1-2_1990,72.00000000000018,5704.0,1.0
P_1-1-pt_7732,P_1-1-veh_602,72.00000000000018,5704.0,1.0
P_1-1-pt_7732,P_1-2_4208,73.00000000000013,5704.0,1.0
P_1-1-pt_7732,P_1-3_3755,99.9999999999986,5704.0,1.0
P_1-1-pt_7732,P_1-3_5334,85.99999999999939,5704.0,1.0
P_1-1-pt_7732,P_1-2_2345,74.00000000000007,5704.0,1.0
P_1-1-pt_7732,P_1-2_263,73.00000000000013,5704.0,1.0
P_1-1-pt_7732,P_1-1-pt_5298,114.99999999999774,5704.0,1.0
P_1-1-pt_7732,P_1-1-pt_1560,116.99999999999763,5704.0,1.0
P_1-1-pt_7573,P_1-2_3708,28.000000000000128,5703.0,1.0
P_1-1-pt_7573,P_1-2_6013,72.00000000000018,5703.0,1.0
P_1-1-pt_7573,P_1-1-pt_150,67.00000000000047,5703.0,1.0
P_1-1-pt_7573,P_2-1_2384,73.00000000000013,5703.0,1.0
P_1-1-pt_7573,P_1-1-pt_6176,86.99999999999933,5703.0,1.0
P_1-1-pt_7573,P_1-1-pt_2013,430.0000000000293,5703.0,1.0
P_1-1-pt_7573,P_1-1-pt_297,173.9999999999944,5703.0,1.0
P_1-1-pt_7573,P_1-2_1255,74.00000000000007,5703.0,1.0
P_1-1-pt_7573,P_1-1-pt_571,7.999999999999988,5703.0,1.0
P_1-1-pt_7573,P_1-3_3245,54.0000000000005,5703.0,1.0
P_1-1-pt_7573,P_1-1-pt_3230,7.999999999999988,5703.0,1.0
P_1-1-pt_7573,P_1-2_250,45.00000000000037,5703.0,1.0
P_1-1-pt_7573,P_1-1-pt_4736,8.999999999999984,5703.0,1.0
P_1-1-pt_7573,P_2-1_5419,50.00000000000044,5703.0,1.0
P_1-1-pt_7573,P_1-1-pt_8728,70.0000000000003,5703.0,1.0
P_1-1-pt_7573,P_1-2_4483,71.00000000000024,5703.0,1.0
P_1-1-pt_7573,P_1-1-pt_2369,74.00000000000007,5703.0,1.0
P_1-1-pt_7573,P_1-1-veh_767,1117.0000000000796,5703.0,1.0
P_1-1-pt_7573,P_1-1-pt_521,75.99999999999996,5703.0,1.0
P_1-1-pt_7573,P_1-1-pt_6974,162.99999999999503,5703.0,1.0
P_1-1-pt_7573,P_1-1-pt_5167,81.99999999999962,5703.0,1.0
P_1-1-pt_7573,P_1-1-pt_1747,79.99999999999973,5703.0,1.0
P_1-1-pt_7573,P_1-2_5543,45.00000000000037,5703.0,1.0
P_1-1-pt_7573,P_1-1-pt_3671,390.0000000000202,5703.0,1.0
P_1-1-pt_7573,P_2-1_1878,95.99999999999882,5703.0,1.0
P_1-1-pt_7573,P_1-1-pt_7915,350.0000000000111,5703.0,1.0
P_1-1-pt_7573,P_1-3_3339,73.00000000000013,5703.0,1.0
P_1-2_3378,P_1-2_3077,630.0000000000747,5691.0,1.0
P_1-2_3378,P_1-3_2180,137.99999999999645,5691.0,1.0
P_1-2_3378,P_1-3_2076,136.9999999999965,5691.0,1.0
P_1-2_3378,P_1-2_5020,139.99999999999633,5691.0,1.0
P_1-2_3378,P_1-2_5092,137.99999999999645,5691.0,1.0
P_1-2_3378,P_1-3_5354,137.99999999999645,5691.0,1.0
P_1-2_1203,P_1-1-pt_6779,148.99999999999582,5688.0,1.0
P_1-2_1203,P_1-3_2323,136.9999999999965,5688.0,1.0
P_1-2_1203,P_1-2_2554,1561.9999999996749,5688.0,1.0
P_1-2_1203,P_1-1-pt_6273,29.000000000000142,5688.0,1.0
P_1-2_1203,P_1-3_528,69.00000000000036,5688.0,1.0
P_1-2_1203,P_1-3_403,67.00000000000047,5688.0,1.0
P_1-2_1203,P_1-1-pt_1108,421.0000000000272,5688.0,1.0
P_1-2_1203,P_1-1-pt_1304,155.99999999999542,5688.0,1.0
P_1-2_1203,P_2-1_3764,99.9999999999986,5688.0,1.0
P_1-2_1203,P_2-1_2925,86.99999999999933,5688.0,1.0
P_1-2_1203,P_1-1-veh_792,47.0000000000004,5688.0,1.0
P_1-2_1203,P_1-1-pt_8137,129.9999999999969,5688.0,1.0
P_1-2_1203,P_1-1-pt_6453,106.9999999999982,5688.0,1.0
P_1-2_1203,P_1-2_1612,69.00000000000036,5688.0,1.0
P_1-2_1203,P_2-1_63,96.99999999999876,5688.0,1.0
P_1-3_1945,P_1-1-pt_2820,63.000000000000625,5687.0,1.0
P_1-3_1945,P_1-3_2221,68.00000000000041,5687.0,1.0
P_1-3_1945,P_1-3_2280,68.00000000000041,5687.0,1.0
P_1-3_1945,P_1-2_4249,67.00000000000047,5687.0,1.0
P_1-3_1945,P_1-1-pt_5139,141.99999999999622,5687.0,1.0
P_1-3_1945,P_1-1-pt_1006,70.0000000000003,5687.0,1.0
P_1-3_1945,P_1-2_3702,2286.9999999990155,5687.0,1.0
P_1-3_1945,P_1-1-pt_6673,269.9999999999929,5687.0,1.0
P_1-3_1945,P_1-1-pt_2920,66.00000000000053,5687.0,1.0
P_1-3_1945,P_1-1-pt_1497,259.9999999999906,5687.0,1.0
P_1-3_1945,P_1-1-pt_2013,112.99999999999785,5687.0,1.0
P_1-2_4771,P_1-3_874,203.9999999999927,5684.0,1.0
P_1-2_4771,P_1-2_3389,68.00000000000041,5684.0,1.0
P_1-2_4771,P_1-1-pt_560,182.9999999999939,5684.0,1.0
P_1-2_4771,P_1-1-pt_3629,286.99999999999676,5684.0,1.0
P_1-2_4771,P_1-1-pt_1714,137.99999999999645,5684.0,1.0
P_1-2_4771,P_1-2_2287,140.99999999999628,5684.0,1.0
P_1-2_4771,P_1-3_1785,139.99999999999633,5684.0,1.0
P_1-2_4771,P_1-2_3081,140.99999999999628,5684.0,1.0
P_1-2_4771,P_1-2_5951,907.0000000001377,5684.0,1.0
P_1-2_3702,P_1-1-pt_2820,63.000000000000625,5679.0,1.0
P_1-2_3702,P_1-3_2221,68.00000000000041,5679.0,1.0
P_1-2_3702,P_1-3_2280,68.00000000000041,5679.0,1.0
P_1-2_3702,P_1-2_4249,69.00000000000036,5679.0,1.0
P_1-2_3702,P_1-1-pt_5139,128.99999999999696,5679.0,1.0
P_1-2_3702,P_1-1-pt_1006,190.99999999999343,5679.0,1.0
P_1-2_3702,P_1-3_1945,2286.9999999990155,5679.0,1.0
P_1-2_3702,P_1-1-pt_6673,169.99999999999463,5679.0,1.0
P_1-2_3702,P_1-1-pt_4380,797.0000000001127,5679.0,1.0
P_1-2_3702,P_2-1_1724,122.99999999999729,5679.0,1.0
P_1-2_3702,P_1-2_848,2333.9999999989727,5679.0,1.0
P_1-2_2875,P_1-1-pt_4996,83.9999999999995,5673.0,1.0
P_1-2_2875,P_1-1-pt_3386,64.00000000000064,5673.0,1.0
P_1-2_2875,P_1-3_2955,95.99999999999882,5673.0,1.0
P_1-2_2875,P_1-1-pt_3067,53.00000000000048,5673.0,1.0
P_1-2_2875,P_1-1-pt_530,54.0000000000005,5673.0,1.0
P_1-2_2875,P_1-1-pt_977,224.9999999999915,5673.0,1.0
P_1-2_2875,P_1-1-pt_6413,79.99999999999973,5673.0,1.0
P_1-2_2875,P_1-1-pt_494,89.99999999999916,5673.0,1.0
P_1-2_2875,P_1-1-pt_2162,90.9999999999991,5673.0,1.0
P_1-2_2875,P_1-3_1324,78.99999999999979,5673.0,1.0
P_1-2_2875,P_1-3_3536,112.99999999999785,5673.0,1.0
P_1-2_2875,P_1-3_5123,121.99999999999734,5673.0,1.0
P_1-2_2875,P_1-1-pt_1121,63.000000000000625,5673.0,1.0
P_1-2_2875,P_1-1-pt_2606,126.99999999999706,5673.0,1.0
P_1-2_2875,P_1-3_458,73.00000000000013,5673.0,1.0
P_1-3_3494,P_1-1-pt_6273,85.99999999999939,5672.0,1.0
P_1-3_3494,P_1-3_4168,223.99999999999156,5672.0,1.0
P_1-3_3494,P_1-1-pt_7763,68.00000000000041,5672.0,1.0
P_1-3_3494,P_1-1-pt_6779,67.00000000000047,5672.0,1.0
P_1-3_3494,P_1-3_2323,68.00000000000041,5672.0,1.0
P_1-3_3494,P_1-1-pt_7760,125.99999999999712,5672.0,1.0
P_1-3_3494,P_1-3_2955,109.99999999999802,5672.0,1.0
P_1-3_3494,P_1-3_528,45.00000000000037,5672.0,1.0
P_1-3_3494,P_1-3_3759,95.99999999999882,5672.0,1.0
P_1-3_3494,P_1-3_1737,88.99999999999922,5672.0,1.0
P_1-2_2795,P_1-1-pt_1296,69.00000000000036,5670.0,1.0
P_1-2_2795,P_1-2_1017,56.000000000000526,5670.0,1.0
P_1-2_2795,P_1-1-pt_4262,72.00000000000018,5670.0,1.0
P_1-2_2795,P_1-1-pt_3386,138.9999999999964,5670.0,1.0
P_1-2_2795,P_1-1-pt_8247,4261.999999997974,5670.0,1.0
P_1-2_2795,P_1-1-pt_1420,3709.9999999977213,5670.0,1.0
P_1-3_1324,P_1-3_1737,68.00000000000041,5667.0,1.0
P_1-3_1324,P_1-1-pt_1121,52.00000000000047,5667.0,1.0
P_1-3_1324,P_1-1-pt_2808,87.99999999999928,5667.0,1.0
P_1-3_1324,P_1-1-pt_977,55.00000000000051,5667.0,1.0
P_1-3_1324,P_1-2_2875,78.99999999999979,5667.0,1.0
P_1-3_1324,P_1-3_2643,205.99999999999258,5667.0,1.0
P_1-3_283,P_1-2_2335,716.0000000000942,5666.0,1.0
P_1-3_283,P_1-3_4291,151.99999999999565,5666.0,1.0
P_1-3_283,P_1-2_2215,164.9999999999949,5666.0,1.0
P_1-3_283,P_1-3_5020,105.99999999999825,5666.0,1.0
P_1-3_4291,P_1-1-pt_4785,14.999999999999963,5665.0,1.0
P_1-3_4291,P_1-2_2335,486.000000000042,5665.0,1.0
P_1-3_4291,P_1-3_283,151.99999999999565,5665.0,1.0
P_1-3_4291,P_1-2_2215,138.9999999999964,5665.0,1.0
P_1-3_4291,P_2-1_3664,311.0000000000022,5665.0,1.0
P_1-3_4291,P_1-3_5020,141.99999999999622,5665.0,1.0
P_1-3_4291,P_1-3_1213,38.00000000000027,5665.0,1.0
P_1-2_4329,P_1-3_1027,41.00000000000031,5659.0,1.0
P_1-2_4329,P_1-1-pt_2431,155.99999999999542,5659.0,1.0
P_1-2_4329,P_1-2_4609,388.0000000000197,5659.0,1.0
P_1-2_4329,P_1-2_2338,121.99999999999734,5659.0,1.0
P_1-2_4329,P_1-1-pt_1167,216.99999999999196,5659.0,1.0
P_1-2_4329,P_1-1-pt_3931,185.99999999999372,5659.0,1.0
P_1-2_5437,P_1-2_1640,68.00000000000041,5655.0,1.0
P_1-2_5437,P_1-2_5641,68.00000000000041,5655.0,1.0
P_1-2_5437,P_1-3_547,68.00000000000041,5655.0,1.0
P_1-2_5437,P_1-2_3752,576.0000000000624,5655.0,1.0
P_1-2_5437,P_1-1-veh_298,29.000000000000142,5655.0,1.0
P_1-2_5437,P_1-1-pt_8739,4.000000000000002,5655.0,1.0
P_1-2_5437,P_1-2_3608,15.99999999999996,5655.0,1.0
P_1-2_5437,P_1-1-veh_246,20.000000000000014,5655.0,1.0
P_1-2_5437,P_1-1-pt_498,73.00000000000013,5655.0,1.0
P_1-2_5437,P_1-2_5428,61.0000000000006,5655.0,1.0
P_1-2_5437,P_1-1-veh_530,90.9999999999991,5655.0,1.0
P_1-2_5437,P_1-3_1535,75.99999999999996,5655.0,1.0
P_1-1-pt_8969,P_2-1_3764,44.000000000000355,5637.0,1.0
P_1-1-pt_8969,P_2-1_63,43.00000000000034,5637.0,1.0
P_1-1-pt_8969,P_1-2_1612,44.000000000000355,5637.0,1.0
P_1-1-pt_8969,P_1-2_1255,43.00000000000034,5637.0,1.0
P_1-1-pt_8969,P_1-3_3245,43.00000000000034,5637.0,1.0
P_1-1-pt_8969,P_1-2_4483,52.00000000000047,5637.0,1.0
P_1-1-pt_8969,P_1-1-pt_1006,71.00000000000024,5637.0,1.0
P_1-1-pt_8969,P_1-1-pt_7915,35.00000000000023,5637.0,1.0
P_1-1-pt_8969,P_1-1-pt_7938,74.00000000000007,5637.0,1.0
P_1-1-pt_8969,P_1-1-pt_2844,22.000000000000043,5637.0,1.0
P_1-1-pt_8969,P_1-1-pt_3931,77.99999999999984,5637.0,1.0
P_1-1-pt_8969,P_2-1_6236,54.0000000000005,5637.0,1.0
P_1-1-pt_8969,P_1-2_1948,44.000000000000355,5637.0,1.0
P_1-1-pt_8969,P_1-1-pt_2863,70.0000000000003,5637.0,1.0
P_1-1-pt_8969,P_1-3_5550,44.000000000000355,5637.0,1.0
P_1-1-pt_8969,P_2-1_5799,46.000000000000384,5637.0,1.0
P_1-1-pt_8969,P_1-3_4492,43.00000000000034,5637.0,1.0
P_1-1-pt_8969,P_1-3_2528,44.000000000000355,5637.0,1.0
P_1-1-pt_8969,P_1-1-pt_3353,73.00000000000013,5637.0,1.0
P_1-1-pt_8969,P_2-1_2911,43.00000000000034,5637.0,1.0
P_1-1-pt_8969,P_1-1-pt_2425,50.00000000000044,5637.0,1.0
P_1-1-pt_8969,P_1-2_1285,47.0000000000004,5637.0,1.0
P_1-1-pt_8969,P_2-1_842,50.00000000000044,5637.0,1.0
P_1-1-pt_8969,P_1-3_5451,55.00000000000051,5637.0,1.0
P_1-1-pt_8969,P_1-3_1140,44.000000000000355,5637.0,1.0
P_1-1-pt_8969,P_2-1_5552,47.0000000000004,5637.0,1.0
P_2-1_1878,P_1-1-pt_5999,735.0000000000986,5633.0,1.0
P_2-1_1878,P_2-1_6130,68.00000000000041,5633.0,1.0
P_2-1_1878,P_2-1_4267,290.99999999999767,5633.0,1.0
P_2-1_1878,P_2-1_1724,347.0000000000104,5633.0,1.0
P_2-1_1878,P_1-2_4940,189.9999999999935,5633.0,1.0
P_2-1_1878,P_1-1-veh_610,105.99999999999825,5633.0,1.0
P_2-1_1878,P_1-1-pt_7573,95.99999999999882,5633.0,1.0
P_2-1_1878,P_1-1-pt_7915,127.999999999997,5633.0,1.0
P_2-1_1878,P_1-1-veh_767,117.99999999999757,5633.0,1.0
P_1-1-pt_3386,P_1-1-pt_3067,292.9999999999981,5632.0,1.0
P_1-1-pt_3386,P_1-1-veh_610,74.00000000000007,5632.0,1.0
P_1-1-pt_3386,P_1-3_528,522.0000000000501,5632.0,1.0
P_1-1-pt_3386,P_1-1-pt_761,76.9999999999999,5632.0,1.0
P_1-1-pt_3386,P_1-1-pt_2606,11.999999999999973,5632.0,1.0
P_1-1-pt_3386,P_1-1-pt_3097,92.99999999999899,5632.0,1.0
P_1-1-pt_3386,P_1-1-pt_2834,78.99999999999979,5632.0,1.0
P_1-1-pt_3386,P_1-1-pt_4996,4.999999999999998,5632.0,1.0
P_1-1-pt_3386,P_1-1-pt_6297,166.9999999999948,5632.0,1.0
P_1-1-pt_3386,P_1-1-pt_5199,77.99999999999984,5632.0,1.0
P_1-1-pt_3386,P_1-2_2875,64.00000000000064,5632.0,1.0
P_1-1-pt_3386,P_1-3_2955,132.99999999999673,5632.0,1.0
P_1-1-pt_3386,P_1-1-pt_6931,81.99999999999962,5632.0,1.0
P_1-1-pt_3386,P_1-1-pt_5357,140.99999999999628,5632.0,1.0
P_1-1-pt_3386,P_1-1-veh_152,137.99999999999645,5632.0,1.0
P_1-1-pt_3386,P_1-1-pt_1420,137.99999999999645,5632.0,1.0
P_1-1-pt_3386,P_1-1-pt_8247,137.99999999999645,5632.0,1.0
P_1-1-pt_3386,P_1-2_2795,138.9999999999964,5632.0,1.0
P_1-1-pt_3386,P_1-2_671,137.99999999999645,5632.0,1.0
P_1-1-pt_3386,P_1-1-pt_3512,137.99999999999645,5632.0,1.0
P_1-1-pt_3386,P_1-1-pt_7664,134.99999999999662,5632.0,1.0
P_1-1-veh_298,P_1-1-pt_8739,3850.999999997593,5630.0,1.0
P_1-1-veh_298,P_1-2_2598,20.000000000000014,5630.0,1.0
P_1-1-veh_298,P_1-2_5437,29.000000000000142,5630.0,1.0
P_1-2_1265,P_1-2_5765,68.00000000000041,5630.0,1.0
P_1-2_1265,P_1-1-pt_1669,63.000000000000625,5630.0,1.0
P_1-2_1265,P_1-3_809,68.00000000000041,5630.0,1.0
P_1-2_1265,P_1-2_4065,68.00000000000041,5630.0,1.0
P_1-2_1265,P_1-3_2745,70.0000000000003,5630.0,1.0
P_1-2_1265,P_1-2_960,70.0000000000003,5630.0,1.0
P_1-2_3716,P_1-3_2482,4198.999999997744,5629.0,1.0
P_1-2_3716,P_1-2_609,15.99999999999996,5629.0,1.0
P_1-2_3716,P_1-3_4822,2722.999999998619,5629.0,1.0
P_1-2_3716,P_1-2_4327,2881.9999999984743,5629.0,1.0
P_1-2_3716,P_1-2_5943,104.99999999999831,5629.0,1.0
P_1-2_3716,P_1-1-pt_4645,140.99999999999628,5629.0,1.0
P_1-2_3716,P_1-2_593,34.00000000000021,5629.0,1.0
P_1-2_3716,P_1-2_1025,2.0000000000000004,5629.0,1.0
P_1-2_3716,P_1-2_1219,199.99999999999292,5629.0,1.0
P_1-2_3716,P_1-2_3752,167.99999999999474,5629.0,1.0
P_1-2_3716,P_1-2_4724,340.0000000000088,5629.0,1.0
P_1-2_3716,P_1-2_4098,3546.9999999978695,5629.0,1.0
P_1-1-pt_1138,P_1-2_263,706.000000000092,5624.0,0.9863086770981507
P_1-1-pt_1138,P_1-1-pt_7325,104.99999999999831,5624.0,0.9863086770981507
P_1-1-pt_1138,P_1-1-pt_8137,112.99999999999785,5624.0,0.9863086770981507
P_1-1-pt_1138,P_1-1-pt_5193,52.00000000000047,5624.0,0.9863086770981507
P_1-1-pt_1138,P_1-1-pt_1798,818.0000000001174,5624.0,0.9863086770981507
P_1-1-pt_1138,P_1-1-pt_3275,79.99999999999973,5624.0,0.9863086770981507
P_1-1-pt_1138,P_1-1-pt_1560,78.99999999999979,5624.0,0.9863086770981507
P_1-1-pt_1138,P_1-2_2034,46.000000000000384,5624.0,0.9863086770981507
P_1-1-pt_1138,P_1-1-pt_1966,77.99999999999984,5624.0,0.9863086770981507
P_1-1-pt_1138,P_1-1-pt_4595,75.99999999999996,5624.0,0.9863086770981507
P_1-1-pt_1138,P_1-1-pt_8762,4102.999999997395,5624.0,0.9863086770981507
P_1-1-pt_1138,P_1-1-pt_1226,32.000000000000185,5624.0,0.9863086770981507
P_1-1-pt_1138,P_1-2_2702,135.99999999999656,5624.0,0.9863086770981507
P_1-1-pt_1138,P_1-1-pt_5392,139.99999999999633,5624.0,0.9863086770981507
P_1-1-pt_4595,P_1-2_2512,838.000000000122,5624.0,1.0
P_1-1-pt_4595,P_1-2_3693,68.00000000000041,5624.0,1.0
P_1-1-pt_4595,P_1-3_2643,62.00000000000061,5624.0,1.0
P_1-1-pt_4595,P_1-1-pt_6368,73.00000000000013,5624.0,1.0
P_1-1-pt_4595,P_1-2_3052,73.00000000000013,5624.0,1.0
P_1-1-pt_4595,P_1-1-pt_5193,110.99999999999797,5624.0,1.0
P_1-1-pt_4595,P_1-1-pt_7325,65.00000000000058,5624.0,1.0
P_1-1-pt_4595,P_1-1-pt_8137,64.00000000000064,5624.0,1.0
P_1-1-pt_4595,P_1-1-pt_8762,75.99999999999996,5624.0,1.0
P_1-1-pt_4595,P_1-1-pt_1138,75.99999999999996,5624.0,1.0
P_1-1-pt_4595,P_1-1-pt_5906,41.00000000000031,5624.0,1.0
P_1-1-pt_4595,P_1-2_3413,19.0,5624.0,1.0
P_1-1-pt_4595,P_1-1-pt_3275,94.99999999999888,5624.0,1.0
P_1-3_3536,P_1-1-pt_2808,66.00000000000053,5624.0,1.0
P_1-3_3536,P_1-1-pt_1121,72.00000000000018,5624.0,1.0
P_1-3_3536,P_1-1-pt_977,119.99999999999746,5624.0,1.0
P_1-3_3536,P_1-1-pt_2606,99.9999999999986,5624.0,1.0
P_1-3_3536,P_1-2_2875,112.99999999999785,5624.0,1.0
P_1-3_3536,P_1-3_5123,4957.000000000502,5624.0,1.0
P_1-1-pt_3353,P_1-3_5020,7.999999999999988,5621.0,1.0
P_1-1-pt_3353,P_2-1_5841,91.99999999999905,5621.0,1.0
P_1-1-pt_3353,P_1-3_4492,335.0000000000077,5621.0,1.0
P_1-1-pt_3353,P_1-3_2528,148.99999999999582,5621.0,1.0
P_1-1-pt_3353,P_1-2_4715,74.00000000000007,5621.0,1.0
P_1-1-pt_3353,P_1-2_2653,73.00000000000013,5621.0,1.0
P_1-1-pt_3353,P_1-1-pt_2770,75.00000000000001,5621.0,1.0
P_1-1-pt_3353,P_1-1-pt_6355,75.99999999999996,5621.0,1.0
P_1-1-pt_3353,P_1-2_4454,74.00000000000007,5621.0,1.0
P_1-1-pt_3353,P_1-2_3590,73.00000000000013,5621.0,1.0
P_1-1-pt_3353,P_1-1-pt_8982,73.00000000000013,5621.0,1.0
P_1-1-pt_3353,P_1-1-pt_8969,73.00000000000013,5621.0,1.0
P_1-1-pt_3353,P_1-2_1658,71.00000000000024,5621.0,1.0
P_1-1-pt_3353,P_1-1-pt_1601,29.000000000000142,5621.0,1.0
P_1-1-pt_3353,P_1-2_4609,124.99999999999717,5621.0,1.0
P_1-1-pt_3353,P_1-2_2338,129.9999999999969,5621.0,1.0
P_1-1-veh_792,P_1-3_2323,133.99999999999667,5609.0,1.0
P_1-1-veh_792,P_1-1-pt_7760,73.00000000000013,5609.0,1.0
P_1-1-veh_792,P_1-1-pt_6273,67.00000000000047,5609.0,1.0
P_1-1-veh_792,P_1-3_3579,38.00000000000027,5609.0,1.0
P_1-1-veh_792,P_1-1-veh_105,118.99999999999751,5609.0,1.0
P_1-1-veh_792,P_1-1-pt_7763,66.00000000000053,5609.0,1.0
P_1-1-veh_792,P_1-3_528,68.00000000000041,5609.0,1.0
P_1-1-veh_792,P_1-1-pt_5906,72.00000000000018,5609.0,1.0
P_1-1-veh_792,P_1-1-pt_1238,72.00000000000018,5609.0,1.0
P_1-1-veh_792,P_1-1-pt_3916,71.00000000000024,5609.0,1.0
P_1-1-veh_792,P_1-1-pt_1226,83.9999999999995,5609.0,1.0
P_1-1-veh_792,P_1-1-pt_1108,141.99999999999622,5609.0,1.0
P_1-1-veh_792,P_1-1-pt_494,219.9999999999918,5609.0,1.0
P_1-1-veh_792,P_1-1-pt_2162,236.99999999999082,5609.0,1.0
P_1-1-veh_792,P_1-1-pt_3409,254.9999999999898,5609.0,1.0
P_1-1-veh_792,P_1-1-pt_3624,98.99999999999865,5609.0,1.0
P_1-1-veh_792,P_1-1-pt_5897,272.9999999999936,5609.0,1.0
P_1-1-veh_792,P_1-1-pt_3769,269.9999999999929,5609.0,1.0
P_1-1-veh_792,P_1-1-pt_4671,221.99999999999167,5609.0,1.0
P_1-1-veh_792,P_1-1-pt_1270,250.99999999999002,5609.0,1.0
P_1-1-veh_792,P_1-1-pt_4919,217.9999999999919,5609.0,1.0
P_1-1-veh_792,P_1-1-pt_1304,196.9999999999931,5609.0,1.0
P_1-1-veh_792,P_2-1_3764,129.9999999999969,5609.0,1.0
P_1-1-veh_792,P_1-1-pt_7863,223.99999999999156,5609.0,1.0
P_1-1-veh_792,P_2-1_2925,167.99999999999474,5609.0,1.0
P_1-1-veh_792,P_1-1-pt_8137,287.999999999997,5609.0,1.0
P_1-1-veh_792,P_1-1-pt_5193,164.9999999999949,5609.0,1.0
P_1-1-veh_792,P_1-1-pt_8545,170.99999999999457,5609.0,1.0
P_1-1-veh_792,P_1-1-pt_7325,105.99999999999825,5609.0,1.0
P_1-1-veh_792,P_1-2_1203,47.0000000000004,5609.0,1.0
P_1-1-veh_792,P_1-2_2554,80.99999999999967,5609.0,1.0
P_1-1-veh_792,P_1-1-pt_6389,68.00000000000041,5609.0,1.0
P_1-1-veh_792,P_1-2_5252,333.0000000000072,5609.0,1.0
P_1-3_2421,P_1-1-pt_725,1570.9999999996667,5604.0,1.0
P_1-3_2421,P_1-1-pt_530,64.00000000000064,5604.0,1.0
P_1-3_2421,P_1-2_5252,68.00000000000041,5604.0,1.0
P_1-3_2421,P_1-3_5117,68.00000000000041,5604.0,1.0
P_1-3_2421,P_1-2_171,66.00000000000053,5604.0,1.0
P_1-3_2421,P_1-2_4285,70.0000000000003,5604.0,1.0
P_1-3_2421,P_1-2_2183,68.00000000000041,5604.0,1.0
P_1-3_2421,P_1-1-pt_5913,31.00000000000017,5604.0,1.0
P_1-3_2421,P_1-3_5537,68.00000000000041,5604.0,1.0
P_1-3_2421,P_1-2_1640,55.00000000000051,5604.0,1.0
P_1-3_2421,P_1-2_5641,56.000000000000526,5604.0,1.0
P_1-3_2421,P_1-3_547,39.000000000000284,5604.0,1.0
P_1-3_2421,P_1-3_4124,5520.00000000255,5604.0,1.0
P_1-2_3389,P_1-1-pt_560,28.000000000000128,5598.0,1.0
P_1-2_3389,P_1-2_4771,68.00000000000041,5598.0,1.0
P_1-2_3389,P_1-1-pt_1714,66.00000000000053,5598.0,1.0
P_1-2_3389,P_1-3_2454,68.00000000000041,5598.0,1.0
P_1-2_3389,P_1-2_2287,68.00000000000041,5598.0,1.0
P_1-2_3389,P_1-3_3834,71.00000000000024,5598.0,1.0
P_1-2_3389,P_1-3_1785,69.00000000000036,5598.0,1.0
P_1-2_3389,P_1-2_3280,69.00000000000036,5598.0,1.0
P_1-2_3389,P_1-3_3046,68.00000000000041,5598.0,1.0
P_1-2_3389,P_1-3_3457,68.00000000000041,5598.0,1.0
P_1-2_3389,P_1-3_4168,69.00000000000036,5598.0,1.0
P_1-2_3389,P_1-2_3081,68.00000000000041,5598.0,1.0
P_1-2_3389,P_1-3_2053,68.00000000000041,5598.0,1.0
P_1-2_3389,P_1-2_5951,69.00000000000036,5598.0,1.0
P_1-2_3389,P_1-3_4690,68.00000000000041,5598.0,1.0
P_1-2_3389,P_1-1-veh_234,70.0000000000003,5598.0,1.0
P_1-2_3389,P_1-1-pt_8682,69.00000000000036,5598.0,1.0
P_1-2_3389,P_1-1-pt_1473,328.0000000000061,5598.0,1.0
P_1-2_3389,P_1-1-pt_7080,75.99999999999996,5598.0,1.0
P_1-2_3389,P_1-2_1255,43.00000000000034,5598.0,1.0
P_1-2_3389,P_1-1-pt_4966,68.00000000000041,5598.0,1.0
P_1-2_1017,P_1-1-pt_1296,72.00000000000018,5594.0,1.0
P_1-2_1017,P_1-1-veh_152,79.99999999999973,5594.0,1.0
P_1-2_1017,P_1-3_990,148.99999999999582,5594.0,1.0
P_1-2_1017,P_1-2_2795,56.000000000000526,5594.0,1.0
P_1-2_1017,P_1-1-pt_8247,60.00000000000058,5594.0,1.0
P_1-2_1017,P_1-2_671,56.000000000000526,5594.0,1.0
P_1-2_1017,P_1-2_1559,72.00000000000018,5594.0,1.0
P_1-2_1017,P_1-2_2564,71.00000000000024,5594.0,1.0
P_1-2_1017,P_1-2_1313,48.00000000000041,5594.0,1.0
P_1-2_1017,P_1-1-pt_5193,122.99999999999729,5594.0,1.0
P_1-2_1017,P_1-1-pt_3275,53.00000000000048,5594.0,1.0
P_1-2_1017,P_1-1-pt_1560,51.000000000000455,5594.0,1.0
P_1-2_1017,P_1-1-pt_6368,54.0000000000005,5594.0,1.0
P_1-2_1017,P_1-1-pt_1306,56.000000000000526,5594.0,1.0
P_1-2_1017,P_1-2_3052,58.000000000000554,5594.0,1.0
P_1-2_1017,P_1-2_3413,44.000000000000355,5594.0,1.0
P_1-2_1017,P_1-1-pt_1037,32.000000000000185,5594.0,1.0
P_1-2_1017,P_1-1-pt_5324,32.000000000000185,5594.0,1.0
P_1-2_1017,P_2-1_2045,37.000000000000256,5594.0,1.0
P_1-2_1017,P_1-1-pt_5942,25.000000000000085,5594.0,1.0
P_1-2_1017,P_1-2_149,42.00000000000033,5594.0,1.0
P_1-2_1017,P_1-2_3693,70.0000000000003,5594.0,1.0
P_1-2_3413,P_1-1-pt_5324,947.0000000001468,5593.0,1.0
P_1-2_3413,P_1-1-pt_1306,2281.99999999902,5593.0,1.0
P_1-2_3413,P_1-2_3052,26.0000000000001,5593.0,1.0
P_1-2_3413,P_1-2_1017,44.000000000000355,5593.0,1.0
P_1-2_3413,P_1-3_990,55.00000000000051,5593.0,1.0
P_1-2_3413,P_1-1-pt_1037,2850.9999999985025,5593.0,1.0
P_1-2_3413,P_1-1-pt_4595,19.0,5593.0,1.0
P_1-2_3413,P_1-2_4208,70.0000000000003,5593.0,1.0
P_1-2_3413,P_1-3_3755,88.99999999999922,5593.0,1.0
P_1-2_3413,P_1-3_5334,125.99999999999712,5593.0,1.0
P_1-2_3413,P_1-1-pt_3927,118.99999999999751,5593.0,1.0
P_1-2_3413,P_1-2_2345,71.00000000000024,5593.0,1.0
P_1-2_3413,P_1-1-pt_1298,87.99999999999928,5593.0,1.0
P_1-2_3413,P_1-2_4019,29.000000000000142,5593.0,1.0
P_1-1-pt_654,P_1-1-pt_6389,110.99999999999797,5592.0,1.0
P_1-1-pt_654,P_1-2_2543,353.00000000001177,5592.0,1.0
P_1-1-pt_654,P_1-2_2034,77.99999999999984,5592.0,1.0
P_1-1-pt_654,P_1-2_2512,96.99999999999876,5592.0,1.0
P_1-1-pt_654,P_1-2_3575,40.0000000000003,5592.0,1.0
P_1-1-pt_654,P_1-1-pt_1966,75.99999999999996,5592.0,1.0
P_1-1-pt_654,P_2-1_2045,32.000000000000185,5592.0,1.0
P_1-1-pt_654,P_1-1-pt_5942,42.00000000000033,5592.0,1.0
P_1-1-pt_654,P_1-2_149,56.000000000000526,5592.0,1.0
P_1-1-pt_654,P_1-1-pt_5241,29.000000000000142,5592.0,1.0
P_1-1-pt_654,P_1-2_568,50.00000000000044,5592.0,1.0
P_1-1-pt_654,P_1-1-pt_3916,325.0000000000054,5592.0,1.0
P_1-2_3081,P_1-2_1596,46.000000000000384,5591.0,1.0
P_1-2_3081,P_1-3_4168,2360.999999998948,5591.0,1.0
P_1-2_3081,P_1-2_4464,237.99999999999076,5591.0,1.0
P_1-2_3081,P_1-3_3579,66.00000000000053,5591.0,1.0
P_1-2_3081,P_1-1-pt_7080,24.00000000000007,5591.0,1.0
P_1-2_3081,P_1-1-veh_105,68.00000000000041,5591.0,1.0
P_1-2_3081,P_1-2_2554,69.00000000000036,5591.0,1.0
P_1-2_3081,P_1-2_3389,68.00000000000041,5591.0,1.0
P_1-2_3081,P_1-1-pt_1714,69.00000000000036,5591.0,1.0
P_1-2_3081,P_1-2_2287,70.0000000000003,5591.0,1.0
P_1-2_3081,P_1-2_4771,140.99999999999628,5591.0,1.0
P_1-2_3081,P_1-1-pt_560,69.00000000000036,5591.0,1.0
P_1-2_3081,P_1-3_874,68.00000000000041,5591.0,1.0
P_1-2_3081,P_1-3_1785,70.0000000000003,5591.0,1.0
P_1-2_3081,P_1-1-pt_3629,141.99999999999622,5591.0,1.0
P_1-2_3081,P_1-2_5951,71.00000000000024,5591.0,1.0
P_2-1_600,P_1-3_2773,68.00000000000041,5583.0,1.0
P_2-1_600,P_1-3_4025,68.00000000000041,5583.0,1.0
P_2-1_600,P_1-2_1953,75.00000000000001,5583.0,1.0
P_2-1_600,P_1-2_2180,68.00000000000041,5583.0,1.0
P_2-1_600,P_1-2_4376,65.00000000000058,5583.0,1.0
P_2-1_600,P_1-3_1676,62.00000000000061,5583.0,1.0
P_2-1_600,P_1-3_5144,55.00000000000051,5583.0,1.0
P_2-1_600,P_1-3_2786,70.0000000000003,5583.0,1.0
P_2-1_600,P_1-3_5475,68.00000000000041,5583.0,1.0
P_2-1_600,P_1-1-pt_5999,241.99999999999054,5583.0,1.0
P_2-1_600,P_1-1-pt_7040,67.00000000000047,5583.0,1.0
P_2-1_600,P_2-1_1248,69.00000000000036,5583.0,1.0
P_2-1_600,P_1-2_5518,69.00000000000036,5583.0,1.0
P_1-3_3410,P_1-2_5640,71.00000000000024,5581.0,1.0
P_1-3_3410,P_1-1-pt_5241,898.0000000001356,5581.0,1.0
P_1-3_3410,P_1-2_4634,425.00000000002814,5581.0,1.0
P_1-3_3410,P_1-3_4775,381.00000000001813,5581.0,1.0
P_1-3_3410,P_1-3_2410,69.00000000000036,5581.0,1.0
P_1-3_3410,P_1-3_3253,633.0000000000754,5581.0,1.0
P_1-3_3410,P_1-3_2018,101.99999999999848,5581.0,1.0
P_1-3_3410,P_1-3_2633,206.99999999999253,5581.0,1.0
P_1-3_3410,P_1-2_5210,73.00000000000013,5581.0,1.0
P_1-3_3410,P_1-2_573,83.9999999999995,5581.0,1.0
P_1-3_3410,P_1-3_4954,78.99999999999979,5581.0,1.0
P_1-3_3410,P_1-3_4875,322.0000000000047,5581.0,1.0
P_1-1-pt_8739,P_1-1-veh_298,3850.999999997593,5576.0,1.0
P_1-1-pt_8739,P_1-2_5437,4.000000000000002,5576.0,1.0
P_1-1-pt_1798,P_1-1-pt_3927,44.000000000000355,5574.0,1.0
P_1-1-pt_1798,P_1-1-pt_1298,73.00000000000013,5574.0,1.0
P_1-1-pt_1798,P_1-1-pt_3571,73.00000000000013,5574.0,1.0
P_1-1-pt_1798,P_1-2_263,9.99999999999998,5574.0,1.0
P_1-1-pt_1798,P_1-1-pt_7325,107.99999999999814,5574.0,1.0
P_1-1-pt_1798,P_1-1-pt_8137,114.99999999999774,5574.0,1.0
P_1-1-pt_1798,P_1-1-pt_5193,54.0000000000005,5574.0,1.0
P_1-1-pt_1798,P_1-1-pt_8762,2220.9999999990755,5574.0,1.0
P_1-1-pt_1798,P_1-1-pt_1138,818.0000000001174,5574.0,1.0
P_1-1-pt_1798,P_1-3_2985,101.99999999999848,5574.0,1.0
P_1-1-pt_1798,P_1-1-pt_4262,76.9999999999999,5574.0,1.0
P_1-1-pt_5298,P_1-1-pt_7325,89.99999999999916,5573.0,1.0
P_1-1-pt_5298,P_1-1-pt_8137,71.00000000000024,5573.0,1.0
P_1-1-pt_5298,P_1-1-pt_3927,177.99999999999417,5573.0,1.0
P_1-1-pt_5298,P_1-1-pt_3571,68.00000000000041,5573.0,1.0
P_1-1-pt_5298,P_1-1-pt_7732,114.99999999999774,5573.0,1.0
P_1-1-pt_5298,P_1-1-pt_1560,395.0000000000213,5573.0,1.0
P_2-1_3119,P_2-1_1248,68.00000000000041,5570.0,1.0
P_2-1_3119,P_1-2_5518,70.0000000000003,5570.0,1.0
P_2-1_3119,P_1-2_1063,68.00000000000041,5570.0,1.0
P_2-1_3119,P_1-2_2715,69.00000000000036,5570.0,1.0
P_1-3_1571,P_1-3_5475,27.000000000000114,5568.0,1.0
P_1-3_1571,P_1-3_1027,75.99999999999996,5568.0,1.0
P_1-3_1571,P_1-1-pt_8611,43.00000000000034,5568.0,1.0
P_1-3_1571,P_1-1-pt_5997,72.00000000000018,5568.0,1.0
P_1-3_1571,P_1-1-pt_394,65.00000000000058,5568.0,1.0
P_1-3_1571,P_1-1-pt_4541,62.00000000000061,5568.0,1.0
P_1-3_1571,P_1-3_4124,29.000000000000142,5568.0,1.0
P_1-3_1571,P_1-2_104,56.000000000000526,5568.0,1.0
P_1-3_1571,P_1-1-pt_527,44.000000000000355,5568.0,1.0
P_1-3_1571,P_1-2_4962,52.00000000000047,5568.0,1.0
P_1-3_1571,P_1-2_1715,52.00000000000047,5568.0,1.0
P_1-1-pt_2952,P_1-1-pt_4715,65.00000000000058,5567.0,0.968025866714568
P_1-1-pt_2952,P_1-2_5640,83.9999999999995,5567.0,0.968025866714568
P_1-1-pt_2952,P_1-1-veh_5,5152.000000001211,5567.0,0.968025866714568
P_1-1-pt_2952,P_1-2_3693,105.99999999999825,5567.0,0.968025866714568
P_1-1-pt_7948,P_1-2_3214,43.00000000000034,5563.0,1.0
P_1-1-pt_7948,P_1-2_163,8.999999999999984,5563.0,1.0
P_1-1-pt_7948,P_1-1-pt_5258,179.99999999999406,5563.0,1.0
P_1-1-pt_7325,P_1-1-pt_5298,89.99999999999916,5555.0,1.0
P_1-1-pt_7325,P_1-1-pt_1298,20.000000000000014,5555.0,1.0
P_1-1-pt_7325,P_1-1-pt_5193,728.000000000097,5555.0,1.0
P_1-1-pt_7325,P_1-1-pt_8762,124.99999999999717,5555.0,1.0
P_1-1-pt_7325,P_1-1-pt_7863,28.000000000000128,5555.0,1.0
P_1-1-pt_7325,P_1-1-pt_1798,107.99999999999814,5555.0,1.0
P_1-1-pt_7325,P_1-1-pt_1138,104.99999999999831,5555.0,1.0
P_1-1-pt_7325,P_1-1-pt_3275,77.99999999999984,5555.0,1.0
P_1-1-pt_7325,P_1-1-pt_1560,78.99999999999979,5555.0,1.0
P_1-1-pt_7325,P_1-1-pt_1966,77.99999999999984,5555.0,1.0
P_1-1-pt_7325,P_1-1-pt_4595,65.00000000000058,5555.0,1.0
P_1-1-pt_7325,P_1-1-pt_5906,76.9999999999999,5555.0,1.0
P_1-1-pt_7325,P_1-1-pt_8545,182.9999999999939,5555.0,1.0
P_1-1-pt_7325,P_1-1-pt_1226,77.99999999999984,5555.0,1.0
P_1-1-pt_7325,P_1-1-pt_3624,73.00000000000013,5555.0,1.0
P_1-1-pt_7325,P_1-1-pt_1304,71.00000000000024,5555.0,1.0
P_1-1-pt_7325,P_1-1-veh_105,142.99999999999616,5555.0,1.0
P_1-1-pt_7325,P_2-1_3764,72.00000000000018,5555.0,1.0
P_1-1-pt_7325,P_2-1_2925,72.00000000000018,5555.0,1.0
P_1-1-pt_7325,P_1-1-veh_792,105.99999999999825,5555.0,1.0
P_1-1-pt_7325,P_1-1-pt_8137,4993.000000000633,5555.0,1.0
P_1-1-pt_7325,P_2-1_63,87.99999999999928,5555.0,1.0
P_1-1-pt_7325,P_1-2_1612,77.99999999999984,5555.0,1.0
P_1-1-pt_7325,P_1-1-pt_6453,72.00000000000018,5555.0,1.0
P_1-1-pt_7325,P_1-1-pt_6297,7.999999999999988,5555.0,1.0
P_1-1-pt_7325,P_1-3_3245,90.9999999999991,5555.0,1.0
P_1-1-pt_7325,P_1-1-pt_6413,7.999999999999988,5555.0,1.0
P_1-1-pt_7325,P_1-1-pt_8728,41.00000000000031,5555.0,1.0
P_1-1-pt_7325,P_1-2_4483,13.999999999999966,5555.0,1.0
P_1-1-pt_7325,P_2-1_5419,69.00000000000036,5555.0,1.0
P_1-1-pt_4380,P_1-2_4715,52.00000000000047,5550.0,1.0
P_1-1-pt_4380,P_1-2_2653,50.00000000000044,5550.0,1.0
P_1-1-pt_4380,P_1-1-pt_2770,56.000000000000526,5550.0,1.0
P_1-1-pt_4380,P_1-1-pt_2863,64.00000000000064,5550.0,1.0
P_1-1-pt_4380,P_1-1-pt_7440,70.0000000000003,5550.0,1.0
P_1-1-pt_4380,P_1-1-pt_6673,271.99999999999335,5550.0,1.0
P_1-1-pt_4380,P_1-2_3702,797.0000000001127,5550.0,1.0
P_1-1-pt_4380,P_1-1-pt_2920,64.00000000000064,5550.0,1.0
P_1-1-pt_4380,P_1-1-pt_1497,261.9999999999911,5550.0,1.0
P_1-1-pt_4380,P_1-1-pt_2013,107.99999999999814,5550.0,1.0
P_1-2_303,P_1-1-pt_7763,75.00000000000001,5548.0,0.9744051910598414
P_1-2_303,P_1-3_528,68.00000000000041,5548.0,0.9744051910598414
P_1-2_303,P_1-1-pt_2606,70.0000000000003,5548.0,0.9744051910598414
P_1-2_303,P_1-1-pt_1966,67.00000000000047,5548.0,0.9744051910598414
P_1-2_303,P_1-1-pt_2834,69.00000000000036,5548.0,0.9744051910598414
P_1-2_303,P_1-1-pt_5906,59.00000000000057,5548.0,0.9744051910598414
P_1-2_303,P_1-1-pt_1238,55.00000000000051,5548.0,0.9744051910598414
P_1-2_303,P_1-1-pt_3916,46.000000000000384,5548.0,0.9744051910598414
P_1-2_303,P_1-1-pt_776,126.99999999999706,5548.0,0.9744051910598414
P_1-2_303,P_1-1-pt_6931,345.00000000000995,5548.0,0.9744051910598414
P_1-2_303,P_1-1-pt_3409,51.000000000000455,5548.0,0.9744051910598414
P_1-2_303,P_1-1-pt_3624,51.000000000000455,5548.0,0.9744051910598414
P_1-2_303,P_2-1_3764,51.000000000000455,5548.0,0.9744051910598414
P_1-2_303,P_2-1_2925,51.000000000000455,5548.0,0.9744051910598414
P_1-2_303,P_2-1_63,52.00000000000047,5548.0,0.9744051910598414
P_1-2_303,P_1-2_1612,52.00000000000047,5548.0,0.9744051910598414
P_1-2_303,P_1-1-pt_6453,50.00000000000044,5548.0,0.9744051910598414
P_1-2_303,P_1-1-pt_5666,69.00000000000036,5548.0,0.9744051910598414
P_1-2_303,P_1-3_3245,55.00000000000051,5548.0,0.9744051910598414
P_1-2_303,P_2-1_5419,56.000000000000526,5548.0,0.9744051910598414
P_1-2_303,P_1-1-pt_8728,51.000000000000455,5548.0,0.9744051910598414
P_1-2_303,P_1-2_4483,51.000000000000455,5548.0,0.9744051910598414
P_1-2_303,P_1-1-pt_2880,69.00000000000036,5548.0,0.9744051910598414
P_1-2_303,P_1-1-pt_6743,69.00000000000036,5548.0,0.9744051910598414
P_1-2_303,P_1-1-pt_8280,81.99999999999962,5548.0,0.9744051910598414
P_1-2_303,P_1-1-pt_521,73.00000000000013,5548.0,0.9744051910598414
P_1-2_303,P_1-1-pt_1747,100.99999999999854,5548.0,0.9744051910598414
P_1-2_303,P_1-1-pt_4879,330.00000000000654,5548.0,0.9744051910598414
P_1-2_303,P_1-1-pt_6974,218.99999999999184,5548.0,0.9744051910598414
P_1-2_303,P_1-1-pt_3207,110.99999999999797,5548.0,0.9744051910598414
P_1-2_303,P_1-2_5543,182.9999999999939,5548.0,0.9744051910598414
P_1-2_303,P_1-1-pt_1497,68.00000000000041,5548.0,0.9744051910598414
P_1-2_303,P_1-1-pt_98,71.00000000000024,5548.0,0.9744051910598414
P_1-2_303,P_1-1-pt_5167,72.00000000000018,5548.0,0.9744051910598414
P_1-2_303,P_1-1-pt_3858,70.0000000000003,5548.0,0.9744051910598414
P_1-2_303,P_1-1-pt_3671,431.0000000000295,5548.0,0.9744051910598414
P_1-2_2215,P_1-1-pt_2961,41.00000000000031,5539.0,1.0
P_1-2_2215,P_1-2_2335,101.99999999999848,5539.0,1.0
P_1-2_2215,P_1-3_283,164.9999999999949,5539.0,1.0
P_1-2_2215,P_1-3_4291,138.9999999999964,5539.0,1.0
P_1-2_2215,P_1-3_5020,140.99999999999628,5539.0,1.0
P_1-2_2215,P_2-1_3664,97.9999999999987,5539.0,1.0
P_1-2_2215,P_2-1_3058,85.99999999999939,5539.0,1.0
P_1-2_2215,P_1-3_1213,26.0000000000001,5539.0,1.0
P_1-1-veh_610,P_1-1-pt_4996,82.99999999999956,5536.0,1.0
P_1-1-veh_610,P_1-3_528,50.00000000000044,5536.0,1.0
P_1-1-veh_610,P_1-1-pt_3386,74.00000000000007,5536.0,1.0
P_1-1-veh_610,P_1-1-pt_1966,37.000000000000256,5536.0,1.0
P_1-1-veh_610,P_1-1-pt_3409,43.00000000000034,5536.0,1.0
P_1-1-veh_610,P_1-1-pt_3624,44.000000000000355,5536.0,1.0
P_1-1-veh_610,P_2-1_3764,44.000000000000355,5536.0,1.0
P_1-1-veh_610,P_2-1_2925,45.00000000000037,5536.0,1.0
P_1-1-veh_610,P_2-1_63,45.00000000000037,5536.0,1.0
P_1-1-veh_610,P_1-2_1612,45.00000000000037,5536.0,1.0
P_1-1-veh_610,P_1-1-pt_6453,44.000000000000355,5536.0,1.0
P_1-1-veh_610,P_1-1-pt_521,72.00000000000018,5536.0,1.0
P_1-1-veh_610,P_1-1-pt_5666,71.00000000000024,5536.0,1.0
P_1-1-veh_610,P_1-1-pt_571,56.000000000000526,5536.0,1.0
P_1-1-veh_610,P_1-1-pt_3230,56.000000000000526,5536.0,1.0
P_1-1-veh_610,P_1-1-pt_4736,45.00000000000037,5536.0,1.0
P_1-1-veh_610,P_1-1-pt_8280,655.0000000000804,5536.0,1.0
P_1-1-veh_610,P_1-1-pt_8728,47.0000000000004,5536.0,1.0
P_1-1-veh_610,P_1-1-pt_3207,73.00000000000013,5536.0,1.0
P_1-1-veh_610,P_1-1-pt_2880,80.99999999999967,5536.0,1.0
P_1-1-veh_610,P_1-1-pt_4879,253.99999999998985,5536.0,1.0
P_1-1-veh_610,P_1-1-pt_6743,91.99999999999905,5536.0,1.0
P_1-1-veh_610,P_1-1-pt_5167,349.00000000001086,5536.0,1.0
P_1-1-veh_610,P_1-1-pt_3671,77.99999999999984,5536.0,1.0
P_1-1-veh_610,P_1-1-pt_6974,178.99999999999412,5536.0,1.0
P_1-1-veh_610,P_1-1-pt_3858,71.00000000000024,5536.0,1.0
P_1-1-veh_610,P_1-1-pt_7915,52.00000000000047,5536.0,1.0
P_1-1-veh_610,P_1-1-pt_98,71.00000000000024,5536.0,1.0
P_1-1-veh_610,P_1-1-pt_1497,67.00000000000047,5536.0,1.0
P_1-1-veh_610,P_1-1-pt_1747,370.00000000001563,5536.0,1.0
P_1-1-veh_610,P_1-2_5543,90.9999999999991,5536.0,1.0
P_1-1-veh_610,P_2-1_1878,105.99999999999825,5536.0,1.0
P_1-1-veh_610,P_1-3_3339,150.9999999999957,5536.0,1.0
P_1-1-veh_610,P_2-1_1463,113.9999999999978,5536.0,1.0
P_1-2_5765,P_1-2_960,68.00000000000041,5532.0,1.0
P_1-2_5765,P_1-2_1265,68.00000000000041,5532.0,1.0
P_1-2_5765,P_1-2_1494,69.00000000000036,5532.0,1.0
P_1-2_5765,P_1-2_1953,67.00000000000047,5532.0,1.0
P_1-2_5765,P_1-2_2180,68.00000000000041,5532.0,1.0
P_1-2_5765,P_1-3_5144,62.00000000000061,5532.0,1.0
P_1-2_5765,P_1-3_2786,113.9999999999978,5532.0,1.0
P_1-2_5765,P_1-3_5475,68.00000000000041,5532.0,1.0
P_1-2_5765,P_1-1-pt_7040,55.00000000000051,5532.0,1.0
P_1-2_5765,P_2-1_1248,68.00000000000041,5532.0,1.0
P_1-2_5765,P_1-2_5518,68.00000000000041,5532.0,1.0
P_1-1-pt_7277,P_1-1-pt_5258,74.00000000000007,5531.0,1.0
P_1-1-pt_7277,P_1-1-pt_3800,39.000000000000284,5531.0,1.0
P_1-1-pt_7277,P_1-1-pt_3931,74.00000000000007,5531.0,1.0
P_1-1-pt_7277,P_1-3_4253,66.00000000000053,5531.0,1.0
P_1-1-pt_7277,P_1-1-pt_7959,63.000000000000625,5531.0,1.0
P_1-1-pt_7277,P_2-1_5841,70.0000000000003,5531.0,1.0
P_1-1-pt_7277,P_2-1_5552,158.99999999999525,5531.0,1.0
P_1-1-pt_7277,P_1-1-pt_6381,70.0000000000003,5531.0,1.0
P_1-1-pt_7277,P_1-1-veh_824,109.99999999999802,5531.0,1.0
P_1-1-pt_8137,P_1-1-pt_5298,71.00000000000024,5526.0,1.0
P_1-1-pt_8137,P_1-1-pt_1298,19.0,5526.0,1.0
P_1-1-pt_8137,P_1-1-pt_5193,251.99999999998997,5526.0,1.0
P_1-1-pt_8137,P_1-1-pt_7863,11.999999999999973,5526.0,1.0
P_1-1-pt_8137,P_1-1-pt_8762,130.99999999999685,5526.0,1.0
P_1-1-pt_8137,P_1-1-pt_1798,114.99999999999774,5526.0,1.0
P_1-1-pt_8137,P_1-1-pt_1138,112.99999999999785,5526.0,1.0
P_1-1-pt_8137,P_1-1-pt_3275,77.99999999999984,5526.0,1.0
P_1-1-pt_8137,P_1-1-pt_1560,77.99999999999984,5526.0,1.0
P_1-1-pt_8137,P_1-1-pt_1966,78.99999999999979,5526.0,1.0
P_1-1-pt_8137,P_1-1-pt_4595,64.00000000000064,5526.0,1.0
P_1-1-pt_8137,P_1-1-pt_5906,76.9999999999999,5526.0,1.0
P_1-1-pt_8137,P_1-1-pt_1226,77.99999999999984,5526.0,1.0
P_1-1-pt_8137,P_1-1-pt_3624,72.00000000000018,5526.0,1.0
P_1-1-pt_8137,P_1-1-pt_1304,72.00000000000018,5526.0,1.0
P_1-1-pt_8137,P_1-1-veh_105,274.99999999999403,5526.0,1.0
P_1-1-pt_8137,P_2-1_3764,73.00000000000013,5526.0,1.0
P_1-1-pt_8137,P_2-1_2925,72.00000000000018,5526.0,1.0
P_1-1-pt_8137,P_1-1-veh_792,287.999999999997,5526.0,1.0
P_1-1-pt_8137,P_1-1-pt_8545,124.99999999999717,5526.0,1.0
P_1-1-pt_8137,P_1-1-pt_7325,4993.000000000633,5526.0,1.0
P_1-1-pt_8137,P_1-1-pt_1108,75.99999999999996,5526.0,1.0
P_1-1-pt_8137,P_1-2_1203,129.9999999999969,5526.0,1.0
P_1-1-pt_8137,P_1-2_2554,126.99999999999706,5526.0,1.0
P_1-1-pt_8137,P_1-1-pt_6389,76.9999999999999,5526.0,1.0
P_1-1-pt_6389,P_1-1-pt_654,110.99999999999797,5520.0,1.0
P_1-1-pt_6389,P_1-1-pt_3512,1490.9999999997394,5520.0,1.0
P_1-1-pt_6389,P_1-2_1313,26.0000000000001,5520.0,1.0
P_1-1-pt_6389,P_1-2_2034,58.000000000000554,5520.0,1.0
P_1-1-pt_6389,P_1-1-pt_8762,84.99999999999945,5520.0,1.0
P_1-1-pt_6389,P_1-1-pt_1226,80.99999999999967,5520.0,1.0
P_1-1-pt_6389,P_2-1_3764,75.99999999999996,5520.0,1.0
P_1-1-pt_6389,P_2-1_2925,75.00000000000001,5520.0,1.0
P_1-1-pt_6389,P_1-1-veh_792,68.00000000000041,5520.0,1.0
P_1-1-pt_6389,P_1-1-pt_8137,76.9999999999999,5520.0,1.0
P_1-1-pt_6389,P_1-1-pt_1108,33.0000000000002,5520.0,1.0
P_1-1-pt_6389,P_1-2_2554,16.99999999999997,5520.0,1.0
P_1-1-pt_6389,P_2-1_63,3.0000000000000013,5520.0,1.0
P_1-3_2786,P_1-2_250,72.00000000000018,5518.0,1.0
P_1-3_2786,P_1-1-pt_5139,613.0000000000708,5518.0,1.0
P_1-3_2786,P_1-3_5475,223.99999999999156,5518.0,1.0
P_1-3_2786,P_1-1-pt_1006,85.99999999999939,5518.0,1.0
P_1-3_2786,P_2-1_5067,86.99999999999933,5518.0,1.0
P_1-3_2786,P_1-3_4663,69.00000000000036,5518.0,1.0
P_1-3_2786,P_1-2_1658,68.00000000000041,5518.0,1.0
P_1-3_2786,P_1-3_4881,68.00000000000041,5518.0,1.0
P_1-3_2786,P_1-2_5543,71.00000000000024,5518.0,1.0
P_1-3_2786,P_1-3_4025,96.99999999999876,5518.0,1.0
P_1-3_2786,P_2-1_4267,98.99999999999865,5518.0,1.0
P_1-3_2786,P_2-1_3390,97.9999999999987,5518.0,1.0
P_1-3_2786,P_2-1_600,70.0000000000003,5518.0,1.0
P_1-3_2786,P_1-2_5765,113.9999999999978,5518.0,1.0
P_1-3_2786,P_2-1_1463,68.00000000000041,5518.0,1.0
P_1-3_2786,P_2-1_4788,69.00000000000036,5518.0,1.0
P_1-3_2786,P_2-1_499,69.00000000000036,5518.0,1.0
P_1-3_2786,P_2-1_804,72.00000000000018,5518.0,1.0
P_1-3_2786,P_2-1_213,68.00000000000041,5518.0,1.0
P_1-1-pt_5913,P_1-1-pt_3595,355.0000000000122,5514.0,1.0
P_1-1-pt_5913,P_1-1-pt_5997,57.00000000000054,5514.0,1.0
P_1-1-pt_5913,P_1-3_5537,157.9999999999953,5514.0,1.0
P_1-1-pt_5913,P_1-1-pt_394,52.00000000000047,5514.0,1.0
P_1-1-pt_5913,P_1-1-pt_4541,51.000000000000455,5514.0,1.0
P_1-1-pt_5913,P_1-3_4124,35.00000000000023,5514.0,1.0
P_1-1-pt_5913,P_1-3_2421,31.00000000000017,5514.0,1.0
P_1-1-pt_5913,P_1-1-pt_725,37.000000000000256,5514.0,1.0
P_1-1-pt_7208,P_1-3_2323,154.99999999999548,5511.0,1.0
P_1-1-pt_7208,P_1-3_3046,55.00000000000051,5511.0,1.0
P_1-1-pt_7208,P_1-3_3457,73.00000000000013,5511.0,1.0
P_1-1-pt_7208,P_1-1-veh_234,72.00000000000018,5511.0,1.0
P_1-1-pt_7208,P_1-1-pt_1238,334.00000000000745,5511.0,1.0
P_1-1-pt_7208,P_1-3_2053,68.00000000000041,5511.0,1.0
P_1-1-pt_7208,P_1-2_5951,68.00000000000041,5511.0,1.0
P_1-1-pt_7208,P_1-1-pt_5078,85.99999999999939,5511.0,1.0
P_1-1-pt_7208,P_1-1-pt_2503,73.00000000000013,5511.0,1.0
P_1-1-pt_7208,P_1-1-pt_761,77.99999999999984,5511.0,1.0
P_1-1-pt_7208,P_1-2_1255,174.99999999999434,5511.0,1.0
P_1-1-pt_7208,P_1-1-pt_571,85.99999999999939,5511.0,1.0
P_1-1-pt_7208,P_1-1-pt_3230,85.99999999999939,5511.0,1.0
P_1-1-pt_7208,P_1-2_250,74.00000000000007,5511.0,1.0
P_1-1-pt_7208,P_1-1-pt_4736,83.9999999999995,5511.0,1.0
P_1-1-pt_7208,P_1-1-pt_3858,578.0000000000629,5511.0,1.0
P_2-1_2987,P_1-2_1948,50.00000000000044,5511.0,1.0
P_2-1_2987,P_1-3_4492,51.000000000000455,5511.0,1.0
P_2-1_2987,P_1-3_2528,51.000000000000455,5511.0,1.0
P_2-1_2987,P_1-1-pt_2425,68.00000000000041,5511.0,1.0
P_2-1_2987,P_1-1-pt_2342,72.00000000000018,5511.0,1.0
P_2-1_2987,P_1-1-pt_6516,418.00000000002655,5511.0,1.0
P_2-1_2987,P_1-3_80,69.00000000000036,5511.0,1.0
P_2-1_2911,P_1-1-pt_6381,84.99999999999945,5508.0,1.0
P_2-1_2911,P_1-2_4715,50.00000000000044,5508.0,1.0
P_2-1_2911,P_1-2_2653,56.000000000000526,5508.0,1.0
P_2-1_2911,P_1-1-pt_2770,45.00000000000037,5508.0,1.0
P_2-1_2911,P_1-1-pt_6355,49.000000000000426,5508.0,1.0
P_2-1_2911,P_1-2_4454,100.99999999999854,5508.0,1.0
P_2-1_2911,P_1-2_3590,64.00000000000064,5508.0,1.0
P_2-1_2911,P_1-1-pt_8982,46.000000000000384,5508.0,1.0
P_2-1_2911,P_1-1-pt_8969,43.00000000000034,5508.0,1.0
P_2-1_2911,P_1-2_1658,74.00000000000007,5508.0,1.0
P_2-1_2911,P_1-1-pt_1601,70.0000000000003,5508.0,1.0
P_2-1_2911,P_1-1-pt_2425,1525.9999999997076,5508.0,1.0
P_2-1_2911,P_1-2_1285,1637.9999999996057,5508.0,1.0
P_1-1-veh_5,P_1-1-pt_4715,34.00000000000021,5507.0,0.9769384419829308
P_1-1-veh_5,P_1-2_5640,72.00000000000018,5507.0,0.9769384419829308
P_1-1-veh_5,P_1-1-pt_2952,5152.000000001211,5507.0,0.9769384419829308
P_1-1-veh_5,P_1-2_3693,111.99999999999791,5507.0,0.9769384419829308
P_1-2_671,P_1-1-pt_255,59.00000000000057,5507.0,1.0
P_1-2_671,P_1-1-pt_1296,71.00000000000024,5507.0,1.0
P_1-2_671,P_1-2_1017,56.000000000000526,5507.0,1.0
P_1-2_671,P_1-2_1559,316.00000000000335,5507.0,1.0
P_1-2_671,P_1-3_990,10.999999999999977,5507.0,1.0
P_1-2_671,P_1-1-pt_4262,72.00000000000018,5507.0,1.0
P_1-2_671,P_1-2_2543,125.99999999999712,5507.0,1.0
P_1-2_671,P_1-1-pt_3386,137.99999999999645,5507.0,1.0
P_1-2_671,P_1-1-pt_7664,178.99999999999412,5507.0,1.0
P_1-2_671,P_1-1-pt_3512,3303.9999999980905,5507.0,1.0
P_1-1-pt_3916,P_1-1-pt_6176,82.99999999999956,5504.0,1.0
P_1-1-pt_3916,P_1-1-pt_297,82.99999999999956,5504.0,1.0
P_1-1-pt_3916,P_1-1-pt_761,77.99999999999984,5504.0,1.0
P_1-1-pt_3916,P_1-1-pt_3097,86.99999999999933,5504.0,1.0
P_1-1-pt_3916,P_1-1-veh_767,37.000000000000256,5504.0,1.0
P_1-1-pt_3916,P_1-1-pt_5199,39.000000000000284,5504.0,1.0
P_1-1-pt_3916,P_1-2_303,46.000000000000384,5504.0,1.0
P_1-1-pt_3916,P_1-1-pt_6031,107.99999999999814,5504.0,1.0
P_1-1-pt_3916,P_1-1-pt_255,77.99999999999984,5504.0,1.0
P_1-1-pt_3916,P_1-1-pt_1108,77.99999999999984,5504.0,1.0
P_1-1-pt_3916,P_1-1-pt_2834,42.00000000000033,5504.0,1.0
P_1-1-pt_3916,P_1-1-veh_792,71.00000000000024,5504.0,1.0
P_1-1-pt_3916,P_1-1-pt_494,77.99999999999984,5504.0,1.0
P_1-1-pt_3916,P_1-1-pt_2162,77.99999999999984,5504.0,1.0
P_1-1-pt_3916,P_1-1-pt_5897,79.99999999999973,5504.0,1.0
P_1-1-pt_3916,P_1-1-pt_3769,80.99999999999967,5504.0,1.0
P_1-1-pt_3916,P_1-1-pt_4671,77.99999999999984,5504.0,1.0
P_1-1-pt_3916,P_1-1-pt_1270,76.9999999999999,5504.0,1.0
P_1-1-pt_3916,P_1-1-pt_4919,77.99999999999984,5504.0,1.0
P_1-1-pt_3916,P_1-1-pt_1304,76.9999999999999,5504.0,1.0
P_1-1-pt_3916,P_1-1-pt_7863,93.99999999999893,5504.0,1.0
P_1-1-pt_3916,P_1-1-pt_8545,76.9999999999999,5504.0,1.0
P_1-1-pt_3916,P_1-3_2643,72.00000000000018,5504.0,1.0
P_1-1-pt_3916,P_1-2_568,21.00000000000003,5504.0,1.0
P_1-1-pt_3916,P_1-1-pt_654,325.0000000000054,5504.0,1.0
P_1-1-pt_725,P_1-3_2421,1570.9999999996667,5500.0,1.0
P_1-1-pt_725,P_1-1-pt_530,61.0000000000006,5500.0,1.0
P_1-1-pt_725,P_1-2_5252,66.00000000000053,5500.0,1.0
P_1-1-pt_725,P_1-3_5117,66.00000000000053,5500.0,1.0
P_1-1-pt_725,P_1-2_171,64.00000000000064,5500.0,1.0
P_1-1-pt_725,P_1-2_4285,69.00000000000036,5500.0,1.0
P_1-1-pt_725,P_1-2_2183,67.00000000000047,5500.0,1.0
P_1-1-pt_725,P_1-1-pt_5913,37.000000000000256,5500.0,1.0
P_1-1-pt_725,P_1-3_5537,66.00000000000053,5500.0,1.0
P_1-1-pt_725,P_1-2_1640,57.00000000000054,5500.0,1.0
P_1-1-pt_725,P_1-2_5641,58.000000000000554,5500.0,1.0
P_1-1-pt_725,P_1-3_547,51.000000000000455,5500.0,1.0
P_1-1-pt_725,P_1-3_4124,1061.0000000001305,5500.0,1.0
P_1-3_2633,P_1-3_2018,87.99999999999928,5500.0,1.0
P_1-3_2633,P_1-2_4634,207.99999999999247,5500.0,1.0
P_1-3_2633,P_1-3_4775,206.99999999999253,5500.0,1.0
P_1-3_2633,P_1-3_2410,69.00000000000036,5500.0,1.0
P_1-3_2633,P_1-3_3253,251.99999999998997,5500.0,1.0
P_1-3_2633,P_1-2_5210,166.9999999999948,5500.0,1.0
P_1-3_2633,P_1-2_573,155.99999999999542,5500.0,1.0
P_1-3_2633,P_1-2_3693,97.9999999999987,5500.0,1.0
P_1-3_2633,P_1-3_4954,177.99999999999417,5500.0,1.0
P_1-3_2633,P_1-3_4875,190.99999999999343,5500.0,1.0
P_1-3_2633,P_1-3_3410,206.99999999999253,5500.0,1.0
P_1-2_2338,P_1-2_4609,34.00000000000021,5498.0,1.0
P_1-2_2338,P_1-2_4329,121.99999999999734,5498.0,1.0
P_1-2_2338,P_1-1-pt_3931,144.99999999999605,5498.0,1.0
P_1-2_2338,P_2-1_6236,120.9999999999974,5498.0,1.0
P_1-2_2338,P_2-1_5067,145.999999999996,5498.0,1.0
P_1-2_2338,P_1-1-pt_3353,129.9999999999969,5498.0,1.0
P_1-2_171,P_1-2_4715,71.00000000000024,5485.0,1.0
P_1-2_171,P_1-2_2653,72.00000000000018,5485.0,1.0
P_1-2_171,P_1-1-pt_394,60.00000000000058,5485.0,1.0
P_1-2_171,P_1-1-pt_4541,65.00000000000058,5485.0,1.0
P_1-2_171,P_1-3_4124,70.0000000000003,5485.0,1.0
P_1-2_171,P_1-3_2421,66.00000000000053,5485.0,1.0
P_1-2_171,P_1-1-pt_725,64.00000000000064,5485.0,1.0
P_1-2_171,P_1-3_5117,320.00000000000426,5485.0,1.0
P_1-2_171,P_1-2_104,60.00000000000058,5485.0,1.0
P_1-2_171,P_1-1-pt_527,51.000000000000455,5485.0,1.0
P_1-2_171,P_1-2_4962,59.00000000000057,5485.0,1.0
P_1-2_171,P_1-2_1715,72.00000000000018,5485.0,1.0
P_1-2_171,P_1-1-pt_5357,90.9999999999991,5485.0,1.0
P_1-2_171,P_1-2_4285,5447.000000002285,5485.0,1.0
P_1-2_3752,P_1-2_1640,68.00000000000041,5481.0,1.0
P_1-2_3752,P_1-2_5641,68.00000000000041,5481.0,1.0
P_1-2_3752,P_1-3_547,68.00000000000041,5481.0,1.0
P_1-2_3752,P_1-2_5437,576.0000000000624,5481.0,1.0
P_1-2_3752,P_1-2_4724,123.99999999999723,5481.0,1.0
P_1-2_3752,P_1-3_4822,269.9999999999929,5481.0,1.0
P_1-2_3752,P_1-2_3716,167.99999999999474,5481.0,1.0
P_1-2_3752,P_1-2_4098,166.9999999999948,5481.0,1.0
P_1-2_3752,P_1-3_2482,106.9999999999982,5481.0,1.0
P_1-2_3752,P_1-2_1025,141.99999999999622,5481.0,1.0
P_1-2_3752,P_1-2_1219,148.99999999999582,5481.0,1.0
P_1-1-pt_3800,P_1-1-pt_5258,68.00000000000041,5474.0,1.0
P_1-1-pt_3800,P_1-1-pt_7277,39.000000000000284,5474.0,1.0
P_1-1-pt_3800,P_2-1_6236,37.000000000000256,5474.0,1.0
P_1-1-pt_3800,P_1-2_1948,38.00000000000027,5474.0,1.0
P_1-1-pt_3800,P_1-3_5550,37.000000000000256,5474.0,1.0
P_1-1-pt_3800,P_2-1_5799,24.00000000000007,5474.0,1.0
P_1-1-pt_3800,P_1-3_4492,37.000000000000256,5474.0,1.0
P_1-1-pt_3800,P_1-3_2528,38.00000000000027,5474.0,1.0
P_1-1-pt_3800,P_1-1-pt_2425,50.00000000000044,5474.0,1.0
P_1-1-pt_3800,P_1-2_1285,41.00000000000031,5474.0,1.0
P_1-1-pt_3800,P_2-1_842,95.99999999999882,5474.0,1.0
P_1-1-pt_3800,P_1-3_5451,37.000000000000256,5474.0,1.0
P_1-1-pt_3800,P_1-3_1140,33.0000000000002,5474.0,1.0
P_1-1-pt_3800,P_1-2_4955,46.000000000000384,5474.0,1.0
P_1-1-pt_3800,P_1-2_2061,44.000000000000355,5474.0,1.0
P_1-1-pt_3800,P_1-2_3214,54.0000000000005,5474.0,1.0
P_1-1-pt_3800,P_1-2_4715,93.99999999999893,5474.0,1.0
P_1-1-pt_3800,P_1-2_2653,86.99999999999933,5474.0,1.0
P_1-1-pt_3800,P_1-1-pt_2342,219.9999999999918,5474.0,1.0
P_1-3_5550,P_2-1_5799,75.00000000000001,5472.0,1.0
P_1-3_5550,P_1-2_1948,127.999999999997,5472.0,1.0
P_1-3_5550,P_1-1-pt_3800,37.000000000000256,5472.0,1.0
P_1-3_5550,P_1-2_3214,51.000000000000455,5472.0,1.0
P_1-3_5550,P_1-2_4715,51.000000000000455,5472.0,1.0
P_1-3_5550,P_1-2_2653,55.00000000000051,5472.0,1.0
P_1-3_5550,P_1-1-pt_2770,45.00000000000037,5472.0,1.0
P_1-3_5550,P_1-1-pt_6355,43.00000000000034,5472.0,1.0
P_1-3_5550,P_1-2_4454,49.000000000000426,5472.0,1.0
P_1-3_5550,P_1-2_3590,50.00000000000044,5472.0,1.0
P_1-3_5550,P_1-1-pt_8982,43.00000000000034,5472.0,1.0
P_1-3_5550,P_1-1-pt_8969,44.000000000000355,5472.0,1.0
P_1-3_5550,P_1-2_1658,55.00000000000051,5472.0,1.0
P_1-3_5550,P_1-1-pt_1601,91.99999999999905,5472.0,1.0
P_2-1_2161,P_1-2_4734,279.99999999999517,5470.0,1.0
P_2-1_2161,P_1-2_4206,279.99999999999517,5470.0,1.0
P_2-1_2161,P_1-3_1500,281.9999999999956,5470.0,1.0
P_2-1_2161,P_1-3_3901,279.99999999999517,5470.0,1.0
P_2-1_2161,P_1-2_1420,283.9999999999961,5470.0,1.0
P_2-1_2161,P_1-3_228,279.99999999999517,5470.0,1.0
P_2-1_2161,P_1-3_3776,211.99999999999224,5470.0,1.0
P_2-1_2161,P_1-3_874,212.99999999999218,5470.0,1.0
P_2-1_2161,P_1-3_2454,139.99999999999633,5470.0,1.0
P_2-1_2161,P_1-3_3834,139.99999999999633,5470.0,1.0
P_2-1_2161,P_1-2_3280,71.00000000000024,5470.0,1.0
P_2-1_2161,P_1-3_3046,70.0000000000003,5470.0,1.0
P_2-1_2161,P_1-3_3457,70.0000000000003,5470.0,1.0
P_2-1_2161,P_1-3_4168,71.00000000000024,5470.0,1.0
P_2-1_2161,P_1-3_2053,70.0000000000003,5470.0,1.0
P_2-1_4788,P_1-2_1805,68.00000000000041,5470.0,1.0
P_2-1_4788,P_2-1_1609,68.00000000000041,5470.0,1.0
P_2-1_4788,P_2-1_804,289.99999999999744,5470.0,1.0
P_2-1_4788,P_2-1_499,1163.0000000000377,5470.0,1.0
P_2-1_4788,P_1-2_4376,69.00000000000036,5470.0,1.0
P_2-1_4788,P_1-3_1676,68.00000000000041,5470.0,1.0
P_2-1_4788,P_1-3_5144,67.00000000000047,5470.0,1.0
P_2-1_4788,P_1-3_2786,69.00000000000036,5470.0,1.0
P_2-1_4788,P_1-3_5475,68.00000000000041,5470.0,1.0
P_2-1_4788,P_1-2_4853,88.99999999999922,5470.0,1.0
P_2-1_4788,P_2-1_6130,72.00000000000018,5470.0,1.0
P_2-1_4788,P_2-1_1463,152.9999999999956,5470.0,1.0
P_1-3_2482,P_1-2_3716,4198.999999997744,5462.0,1.0
P_1-3_2482,P_1-2_609,19.0,5462.0,1.0
P_1-3_2482,P_1-2_2598,5.999999999999995,5462.0,1.0
P_1-3_2482,P_1-2_4327,114.99999999999774,5462.0,1.0
P_1-3_2482,P_1-2_5943,75.99999999999996,5462.0,1.0
P_1-3_2482,P_1-1-pt_4645,137.99999999999645,5462.0,1.0
P_1-3_2482,P_1-2_593,53.00000000000048,5462.0,1.0
P_1-3_2482,P_1-3_4822,19.0,5462.0,1.0
P_1-3_2482,P_1-2_1219,98.99999999999865,5462.0,1.0
P_1-3_2482,P_1-2_3752,106.9999999999982,5462.0,1.0
P_1-3_2482,P_1-2_4730,88.99999999999922,5462.0,1.0
P_1-3_2482,P_1-2_4098,3352.999999998046,5462.0,1.0
P_1-3_2482,P_1-2_1025,3224.9999999981624,5462.0,1.0
P_1-1-pt_2503,P_1-1-pt_4736,78.99999999999979,5459.0,1.0
P_1-1-pt_2503,P_1-1-pt_571,109.99999999999802,5459.0,1.0
P_1-1-pt_2503,P_1-1-pt_3230,121.99999999999734,5459.0,1.0
P_1-1-pt_2503,P_1-1-pt_2920,64.00000000000064,5459.0,1.0
P_1-1-pt_2503,P_1-1-pt_7208,73.00000000000013,5459.0,1.0
P_1-1-pt_2503,P_1-1-pt_6176,59.00000000000057,5459.0,1.0
P_1-1-pt_2503,P_1-1-pt_761,88.99999999999922,5459.0,1.0
P_1-1-pt_2503,P_1-2_1255,72.00000000000018,5459.0,1.0
P_1-1-pt_2503,P_1-1-pt_6538,190.99999999999343,5459.0,1.0
P_1-1-pt_2503,P_1-1-pt_7123,307.0000000000013,5459.0,1.0
P_1-1-pt_2503,P_1-1-pt_2369,29.000000000000142,5459.0,1.0
P_1-1-pt_2503,P_1-1-pt_2297,53.00000000000048,5459.0,1.0
P_1-1-pt_2503,P_1-2_1596,109.99999999999802,5459.0,1.0
P_1-3_28,P_1-3_234,127.999999999997,5457.0,1.0
P_1-3_28,P_2-1_4267,68.00000000000041,5457.0,1.0
P_1-3_28,P_2-1_3390,68.00000000000041,5457.0,1.0
P_1-3_28,P_1-3_268,61.0000000000006,5457.0,1.0
P_1-3_28,P_1-2_3879,45.00000000000037,5457.0,1.0
P_1-3_28,P_2-1_1463,73.00000000000013,5457.0,1.0
P_1-3_28,P_2-1_499,69.00000000000036,5457.0,1.0
P_1-3_28,P_2-1_804,70.0000000000003,5457.0,1.0
P_1-3_28,P_2-1_213,70.0000000000003,5457.0,1.0
P_1-3_28,P_1-3_3132,42.00000000000033,5457.0,1.0
P_1-1-veh_603,P_1-2_5252,69.00000000000036,5455.0,0.4955087076076994
P_1-1-veh_603,P_1-3_2280,20.000000000000014,5455.0,0.4955087076076994
P_1-1-veh_603,P_1-3_5117,68.00000000000041,5455.0,0.4955087076076994
P_1-1-veh_603,P_1-2_2183,69.00000000000036,5455.0,0.4955087076076994
P_1-1-veh_603,P_1-3_5537,69.00000000000036,5455.0,0.4955087076076994
P_1-1-veh_603,P_1-3_2881,2537.999999998787,5455.0,0.4955087076076994
P_1-1-veh_603,P_1-1-pt_6309,5445.000000002277,5455.0,0.4955087076076994
P_1-1-veh_603,P_1-2_1600,5454.00000000231,5455.0,0.4955087076076994
P_1-1-pt_1497,P_1-1-pt_1747,1483.9999999997458,5453.0,1.0
P_1-1-pt_1497,P_1-1-pt_3207,479.0000000000404,5453.0,1.0
P_1-1-pt_1497,P_1-1-pt_4879,401.0000000000227,5453.0,1.0
P_1-1-pt_1497,P_1-1-pt_6974,699.0000000000904,5453.0,1.0
P_1-1-pt_1497,P_1-1-pt_5167,1408.999999999814,5453.0,1.0
P_1-1-pt_1497,P_1-1-pt_98,1218.9999999999868,5453.0,1.0
P_1-1-pt_1497,P_1-1-pt_3671,887.0000000001331,5453.0,1.0
P_1-1-pt_1497,P_1-1-pt_4736,222.99999999999162,5453.0,1.0
P_1-1-pt_1497,P_1-1-pt_521,455.00000000003496,5453.0,1.0
P_1-1-pt_1497,P_1-1-pt_5666,146.99999999999594,5453.0,1.0
P_1-1-pt_1497,P_1-3_3245,31.00000000000017,5453.0,1.0
P_1-1-pt_1497,P_1-2_250,52.00000000000047,5453.0,1.0
P_1-1-pt_1497,P_1-2_4483,56.000000000000526,5453.0,1.0
P_1-1-pt_1497,P_1-1-pt_2920,71.00000000000024,5453.0,1.0
P_1-1-pt_1497,P_1-1-veh_610,67.00000000000047,5453.0,1.0
P_1-1-pt_1497,P_1-1-pt_2369,143.9999999999961,5453.0,1.0
P_1-1-pt_1497,P_1-3_1945,259.9999999999906,5453.0,1.0
P_1-1-pt_1497,P_1-1-pt_6673,607.0000000000695,5453.0,1.0
P_1-1-pt_1497,P_1-1-pt_4380,261.9999999999911,5453.0,1.0
P_1-1-pt_1497,P_1-1-pt_2013,84.99999999999945,5453.0,1.0
P_1-1-pt_1497,P_1-1-pt_3858,76.9999999999999,5453.0,1.0
P_1-1-pt_1497,P_1-2_303,68.00000000000041,5453.0,1.0
P_1-1-pt_1497,P_1-2_5543,135.99999999999656,5453.0,1.0
P_1-1-pt_1497,P_1-1-pt_2880,69.00000000000036,5453.0,1.0
P_1-1-pt_1497,P_1-1-pt_6743,48.00000000000041,5453.0,1.0
P_1-2_4285,P_1-2_4715,74.00000000000007,5448.0,1.0
P_1-2_4285,P_1-2_2653,60.00000000000058,5448.0,1.0
P_1-2_4285,P_1-1-pt_394,50.00000000000044,5448.0,1.0
P_1-2_4285,P_1-1-pt_4541,58.000000000000554,5448.0,1.0
P_1-2_4285,P_1-3_4124,72.00000000000018,5448.0,1.0
P_1-2_4285,P_1-3_2421,70.0000000000003,5448.0,1.0
P_1-2_4285,P_1-1-pt_725,69.00000000000036,5448.0,1.0
P_1-2_4285,P_1-3_5117,306.0000000000011,5448.0,1.0
P_1-2_4285,P_1-2_104,55.00000000000051,5448.0,1.0
P_1-2_4285,P_1-1-pt_527,45.00000000000037,5448.0,1.0
P_1-2_4285,P_1-2_4962,53.00000000000048,5448.0,1.0
P_1-2_4285,P_1-2_1715,76.9999999999999,5448.0,1.0
P_1-2_4285,P_1-1-pt_5357,70.0000000000003,5448.0,1.0
P_1-2_4285,P_1-2_171,5447.000000002285,5448.0,1.0
P_1-1-pt_498,P_1-1-veh_530,27.000000000000114,5446.0,1.0
P_1-1-pt_498,P_1-3_743,72.00000000000018,5446.0,1.0
P_1-1-pt_498,P_1-1-pt_6292,453.0000000000345,5446.0,1.0
P_1-1-pt_498,P_1-2_5428,661.0000000000817,5446.0,1.0
P_1-1-pt_498,P_1-3_2599,73.00000000000013,5446.0,1.0
P_1-1-pt_498,P_1-2_5745,72.00000000000018,5446.0,1.0
P_1-1-pt_498,P_1-1-pt_8735,73.00000000000013,5446.0,1.0
P_1-1-pt_498,P_1-1-pt_1723,935.000000000144,5446.0,1.0
P_1-1-pt_498,P_1-2_4266,73.00000000000013,5446.0,1.0
P_1-1-pt_498,P_1-3_1535,74.00000000000007,5446.0,1.0
P_1-1-pt_498,P_1-1-pt_2032,73.00000000000013,5446.0,1.0
P_1-1-pt_498,P_1-2_609,72.00000000000018,5446.0,1.0
P_1-1-pt_498,P_1-2_2598,72.00000000000018,5446.0,1.0
P_1-1-pt_498,P_1-2_5437,73.00000000000013,5446.0,1.0
P_1-1-pt_498,P_1-2_4270,72.00000000000018,5446.0,1.0
P_1-3_3755,P_1-3_5334,3904.999999997544,5442.0,0.9773980154355016
P_1-3_3755,P_1-2_4019,25.000000000000085,5442.0,0.9773980154355016
P_1-3_3755,P_1-1-pt_7732,99.9999999999986,5442.0,0.9773980154355016
P_1-3_3755,P_1-1-pt_5115,71.00000000000024,5442.0,0.9773980154355016
P_1-3_3755,P_1-1-pt_6368,95.99999999999882,5442.0,0.9773980154355016
P_1-3_3755,P_1-1-pt_1306,132.99999999999673,5442.0,0.9773980154355016
P_1-3_3755,P_1-2_3052,75.99999999999996,5442.0,0.9773980154355016
P_1-3_3755,P_1-2_3413,88.99999999999922,5442.0,0.9773980154355016
P_1-3_3755,P_1-1-pt_1037,104.99999999999831,5442.0,0.9773980154355016
P_1-3_3755,P_1-1-pt_5324,105.99999999999825,5442.0,0.9773980154355016
P_1-3_3755,P_2-1_2045,27.000000000000114,5442.0,0.9773980154355016
P_1-3_3755,P_1-2_4208,5251.000000001572,5442.0,0.9773980154355016
P_1-3_2745,P_1-2_960,69.00000000000036,5441.0,1.0
P_1-3_2745,P_1-2_1265,70.0000000000003,5441.0,1.0
P_1-1-pt_1723,P_1-1-veh_530,61.0000000000006,5437.0,1.0
P_1-1-pt_1723,P_1-3_743,674.0000000000847,5437.0,1.0
P_1-1-pt_1723,P_1-1-pt_6292,329.0000000000063,5437.0,1.0
P_1-1-pt_1723,P_1-2_5428,489.0000000000427,5437.0,1.0
P_1-1-pt_1723,P_1-3_2599,154.99999999999548,5437.0,1.0
P_1-1-pt_1723,P_1-2_5745,138.9999999999964,5437.0,1.0
P_1-1-pt_1723,P_1-1-pt_498,935.000000000144,5437.0,1.0
P_1-1-pt_1723,P_1-2_4266,872.0000000001297,5437.0,1.0
P_1-1-pt_1723,P_1-1-pt_8735,960.0000000001497,5437.0,1.0
P_1-1-pt_1723,P_1-3_3076,620.0000000000724,5437.0,1.0
P_1-1-pt_1723,P_1-2_5753,145.999999999996,5437.0,1.0
P_1-1-pt_1723,P_1-1-pt_182,145.999999999996,5437.0,1.0
P_1-1-pt_1723,P_1-3_4289,145.999999999996,5437.0,1.0
P_1-1-pt_1723,P_1-1-pt_8289,157.9999999999953,5437.0,1.0
P_1-1-pt_1723,P_1-1-pt_8184,262.9999999999913,5437.0,1.0
P_1-1-pt_4901,P_1-1-pt_1226,32.000000000000185,5436.0,1.0
P_1-1-pt_4901,P_1-2_6013,45.00000000000037,5436.0,1.0
P_1-1-pt_4901,P_2-1_2384,398.000000000022,5436.0,1.0
P_1-1-pt_4901,P_1-1-pt_150,833.0000000001208,5436.0,1.0
P_1-1-pt_4901,P_1-1-pt_5078,155.99999999999542,5436.0,1.0
P_1-1-pt_4901,P_1-3_4690,67.00000000000047,5436.0,1.0
P_1-1-pt_4901,P_1-1-pt_8682,81.99999999999962,5436.0,1.0
P_1-1-pt_4901,P_1-2_1596,73.00000000000013,5436.0,1.0
P_1-1-pt_4901,P_1-1-veh_234,73.00000000000013,5436.0,1.0
P_1-1-pt_4901,P_1-2_505,318.0000000000038,5436.0,1.0
P_1-1-pt_4901,P_1-1-pt_8068,140.99999999999628,5436.0,1.0
P_1-1-pt_4919,P_1-1-pt_4671,114.99999999999774,5432.0,1.0
P_1-1-pt_4919,P_1-1-pt_5897,62.00000000000061,5432.0,1.0
P_1-1-pt_4919,P_1-1-pt_7863,47.0000000000004,5432.0,1.0
P_1-1-pt_4919,P_1-1-pt_3275,76.9999999999999,5432.0,1.0
P_1-1-pt_4919,P_1-1-pt_1560,76.9999999999999,5432.0,1.0
P_1-1-pt_4919,P_1-1-pt_1270,4435.999999998607,5432.0,1.0
P_1-1-pt_4919,P_1-1-pt_1966,98.99999999999865,5432.0,1.0
P_1-1-pt_4919,P_1-1-pt_5906,77.99999999999984,5432.0,1.0
P_1-1-pt_4919,P_1-1-pt_1238,76.9999999999999,5432.0,1.0
P_1-1-pt_4919,P_1-1-pt_3916,77.99999999999984,5432.0,1.0
P_1-1-pt_4919,P_1-1-pt_1108,76.9999999999999,5432.0,1.0
P_1-1-pt_4919,P_1-1-pt_1226,76.9999999999999,5432.0,1.0
P_1-1-pt_4919,P_1-1-pt_3624,74.00000000000007,5432.0,1.0
P_1-1-pt_4919,P_1-1-pt_3409,465.00000000003723,5432.0,1.0
P_1-1-pt_4919,P_1-1-pt_1304,3804.999999997635,5432.0,1.0
P_1-1-pt_4919,P_1-1-veh_792,217.9999999999919,5432.0,1.0
P_1-1-pt_4919,P_2-1_3764,72.00000000000018,5432.0,1.0
P_1-1-pt_4919,P_1-1-pt_3097,7.999999999999988,5432.0,1.0
P_1-1-pt_4919,P_2-1_2925,91.99999999999905,5432.0,1.0
P_1-1-pt_4919,P_1-1-pt_1473,89.99999999999916,5432.0,1.0
P_1-1-pt_4919,P_1-1-pt_6297,101.99999999999848,5432.0,1.0
P_1-1-pt_4919,P_1-1-pt_3769,95.99999999999882,5432.0,1.0
P_1-1-pt_4919,P_1-1-pt_6031,77.99999999999984,5432.0,1.0
P_1-1-pt_4919,P_1-1-pt_7080,71.00000000000024,5432.0,1.0
P_1-1-pt_4919,P_1-2_1255,75.00000000000001,5432.0,1.0
P_1-3_4587,P_1-3_2180,19.0,5425.0,1.0
P_1-3_4587,P_1-3_2076,130.99999999999685,5425.0,1.0
P_1-3_4587,P_1-2_5020,124.99999999999717,5425.0,1.0
P_1-3_4587,P_1-2_2422,63.000000000000625,5425.0,1.0
P_1-3_4587,P_1-2_5092,132.99999999999673,5425.0,1.0
P_1-3_4587,P_1-3_5354,137.99999999999645,5425.0,1.0
P_1-3_4587,P_1-2_4955,67.00000000000047,5425.0,1.0
P_1-3_4587,P_1-2_2061,68.00000000000041,5425.0,1.0
P_1-3_4587,P_1-1-pt_8968,27.000000000000114,5425.0,1.0
P_1-3_4587,P_1-1-pt_4785,65.00000000000058,5425.0,1.0
P_1-3_4587,P_2-1_3664,62.00000000000061,5425.0,1.0
P_1-3_4587,P_2-1_3058,63.000000000000625,5425.0,1.0
P_1-3_4587,P_1-2_3077,402.0000000000229,5425.0,1.0
P_1-1-pt_3512,P_1-1-pt_6389,1490.9999999997394,5421.0,1.0
P_1-1-pt_3512,P_1-1-pt_4262,74.00000000000007,5421.0,1.0
P_1-1-pt_3512,P_1-2_2543,97.9999999999987,5421.0,1.0
P_1-1-pt_3512,P_1-1-pt_3386,137.99999999999645,5421.0,1.0
P_1-1-pt_3512,P_1-1-pt_7664,259.9999999999906,5421.0,1.0
P_1-1-pt_3512,P_1-2_671,3303.9999999980905,5421.0,1.0
P_2-1_5067,P_2-1_6130,156.99999999999537,5421.0,1.0
P_2-1_5067,P_1-2_2180,69.00000000000036,5421.0,1.0
P_2-1_5067,P_1-2_3879,70.0000000000003,5421.0,1.0
P_2-1_5067,P_1-3_4262,78.99999999999979,5421.0,1.0
P_2-1_5067,P_1-3_5144,69.00000000000036,5421.0,1.0
P_2-1_5067,P_1-3_2786,86.99999999999933,5421.0,1.0
P_2-1_5067,P_1-3_5475,115.99999999999768,5421.0,1.0
P_2-1_5067,P_1-1-pt_7915,53.00000000000048,5421.0,1.0
P_2-1_5067,P_1-2_752,58.000000000000554,5421.0,1.0
P_2-1_5067,P_1-3_3339,59.00000000000057,5421.0,1.0
P_2-1_5067,P_1-1-pt_7938,50.00000000000044,5421.0,1.0
P_2-1_5067,P_1-1-pt_2844,47.0000000000004,5421.0,1.0
P_2-1_5067,P_1-1-pt_2863,65.00000000000058,5421.0,1.0
P_2-1_5067,P_1-2_4609,134.99999999999662,5421.0,1.0
P_2-1_5067,P_1-2_2338,145.999999999996,5421.0,1.0
P_2-1_5067,P_1-3_2171,69.00000000000036,5421.0,1.0
P_2-1_2486,P_2-1_5001,702.0000000000911,5420.0,1.0
P_2-1_2486,P_2-1_3601,214.99999999999207,5420.0,1.0
P_2-1_2486,P_2-1_1248,68.00000000000041,5420.0,1.0
P_2-1_2486,P_1-2_5518,68.00000000000041,5420.0,1.0
P_2-1_2486,P_1-2_1063,68.00000000000041,5420.0,1.0
P_1-1-pt_2808,P_1-3_870,16.99999999999997,5418.0,1.0
P_1-1-pt_2808,P_1-3_403,44.000000000000355,5418.0,1.0
P_1-1-pt_2808,P_1-3_3759,63.000000000000625,5418.0,1.0
P_1-1-pt_2808,P_1-3_1737,66.00000000000053,5418.0,1.0
P_1-1-pt_2808,P_1-1-pt_5392,64.00000000000064,5418.0,1.0
P_1-1-pt_2808,P_1-3_2643,67.00000000000047,5418.0,1.0
P_1-1-pt_2808,P_1-3_1324,87.99999999999928,5418.0,1.0
P_1-1-pt_2808,P_1-1-pt_1121,176.99999999999423,5418.0,1.0
P_1-1-pt_2808,P_1-3_3536,66.00000000000053,5418.0,1.0
P_1-1-pt_2808,P_1-3_5123,66.00000000000053,5418.0,1.0
P_1-1-pt_2808,P_1-3_458,108.99999999999808,5418.0,1.0
P_1-2_4464,P_1-2_3081,237.99999999999076,5418.0,1.0
P_1-2_4464,P_1-1-pt_7080,122.99999999999729,5418.0,1.0
P_1-2_4464,P_1-3_3579,254.9999999999898,5418.0,1.0
P_1-2_4464,P_1-3_1785,50.00000000000044,5418.0,1.0
P_1-2_4464,P_1-2_2715,97.9999999999987,5418.0,1.0
P_1-2_4464,P_1-1-pt_1700,77.99999999999984,5418.0,1.0
P_1-2_4464,P_1-3_17,70.0000000000003,5418.0,1.0
P_1-3_1535,P_1-2_4753,50.00000000000044,5417.0,1.0
P_1-3_1535,P_1-3_2043,50.00000000000044,5417.0,1.0
P_1-3_1535,P_1-2_638,51.000000000000455,5417.0,1.0
P_1-3_1535,P_1-2_3608,50.00000000000044,5417.0,1.0
P_1-3_1535,P_1-1-veh_246,50.00000000000044,5417.0,1.0
P_1-3_1535,P_1-1-pt_1173,43.00000000000034,5417.0,1.0
P_1-3_1535,P_1-1-pt_6292,43.00000000000034,5417.0,1.0
P_1-3_1535,P_1-2_5428,50.00000000000044,5417.0,1.0
P_1-3_1535,P_1-1-pt_498,74.00000000000007,5417.0,1.0
P_1-3_1535,P_1-1-veh_530,50.00000000000044,5417.0,1.0
P_1-3_1535,P_1-1-pt_182,40.0000000000003,5417.0,1.0
P_1-3_1535,P_1-2_2598,77.99999999999984,5417.0,1.0
P_1-3_1535,P_1-2_5437,75.99999999999996,5417.0,1.0
P_2-1_499,P_1-2_5288,68.00000000000041,5415.0,1.0
P_2-1_499,P_2-1_804,3291.9999999981014,5415.0,1.0
P_2-1_499,P_1-3_268,68.00000000000041,5415.0,1.0
P_2-1_499,P_1-3_28,69.00000000000036,5415.0,1.0
P_2-1_499,P_1-3_2773,122.99999999999729,5415.0,1.0
P_2-1_499,P_2-1_1463,128.99999999999696,5415.0,1.0
P_2-1_499,P_1-3_234,106.9999999999982,5415.0,1.0
P_2-1_499,P_1-2_3879,125.99999999999712,5415.0,1.0
P_2-1_499,P_1-3_4262,233.999999999991,5415.0,1.0
P_2-1_499,P_2-1_4788,1163.0000000000377,5415.0,1.0
P_2-1_499,P_1-2_5369,65.00000000000058,5415.0,1.0
P_2-1_499,P_1-2_4376,68.00000000000041,5415.0,1.0
P_2-1_499,P_1-3_1676,68.00000000000041,5415.0,1.0
P_2-1_499,P_1-3_5144,68.00000000000041,5415.0,1.0
P_2-1_499,P_1-3_2786,69.00000000000036,5415.0,1.0
P_2-1_499,P_1-3_5475,68.00000000000041,5415.0,1.0
P_2-1_499,P_1-2_4853,89.99999999999916,5415.0,1.0
P_2-1_499,P_2-1_6130,74.00000000000007,5415.0,1.0
P_2-1_1724,P_2-1_1878,347.0000000000104,5414.0,1.0
P_2-1_1724,P_1-2_752,134.99999999999662,5414.0,1.0
P_2-1_1724,P_2-1_4267,673.0000000000845,5414.0,1.0
P_2-1_1724,P_1-3_3339,23.000000000000057,5414.0,1.0
P_2-1_1724,P_1-2_4940,143.9999999999961,5414.0,1.0
P_2-1_1724,P_1-2_3702,122.99999999999729,5414.0,1.0
P_2-1_1724,P_1-2_848,118.99999999999751,5414.0,1.0
P_2-1_1724,P_1-1-pt_2920,66.00000000000053,5414.0,1.0
P_2-1_1724,P_1-1-pt_6673,66.00000000000053,5414.0,1.0
P_1-1-pt_1226,P_1-1-pt_4901,32.000000000000185,5413.0,1.0
P_1-1-pt_1226,P_1-2_6013,130.99999999999685,5413.0,1.0
P_1-1-pt_1226,P_1-1-pt_7142,94.99999999999888,5413.0,1.0
P_1-1-pt_1226,P_1-2_5951,73.00000000000013,5413.0,1.0
P_1-1-pt_1226,P_1-1-pt_6297,77.99999999999984,5413.0,1.0
P_1-1-pt_1226,P_1-1-pt_5199,100.99999999999854,5413.0,1.0
P_1-1-pt_1226,P_1-1-pt_6931,90.9999999999991,5413.0,1.0
P_1-1-pt_1226,P_1-1-pt_6031,76.9999999999999,5413.0,1.0
P_1-1-pt_1226,P_1-1-pt_255,77.99999999999984,5413.0,1.0
P_1-1-pt_1226,P_1-1-pt_2834,12.99999999999997,5413.0,1.0
P_1-1-pt_1226,P_1-1-veh_792,83.9999999999995,5413.0,1.0
P_1-1-pt_1226,P_1-1-pt_494,77.99999999999984,5413.0,1.0
P_1-1-pt_1226,P_1-1-pt_2162,76.9999999999999,5413.0,1.0
P_1-1-pt_1226,P_1-1-pt_5897,76.9999999999999,5413.0,1.0
P_1-1-pt_1226,P_1-1-pt_3769,76.9999999999999,5413.0,1.0
P_1-1-pt_1226,P_1-1-pt_4671,77.99999999999984,5413.0,1.0
P_1-1-pt_1226,P_1-1-pt_1270,76.9999999999999,5413.0,1.0
P_1-1-pt_1226,P_1-1-pt_4919,76.9999999999999,5413.0,1.0
P_1-1-pt_1226,P_1-1-pt_1304,76.9999999999999,5413.0,1.0
P_1-1-pt_1226,P_1-1-veh_105,71.00000000000024,5413.0,1.0
P_1-1-pt_1226,P_1-1-pt_1108,791.0000000001113,5413.0,1.0
P_1-1-pt_1226,P_1-1-pt_7863,80.99999999999967,5413.0,1.0
P_1-1-pt_1226,P_1-1-pt_8545,77.99999999999984,5413.0,1.0
P_1-1-pt_1226,P_1-1-pt_5193,76.9999999999999,5413.0,1.0
P_1-1-pt_1226,P_1-1-pt_7325,77.99999999999984,5413.0,1.0
P_1-1-pt_1226,P_1-1-pt_8137,77.99999999999984,5413.0,1.0
P_1-1-pt_1226,P_1-1-pt_6389,80.99999999999967,5413.0,1.0
P_1-1-pt_1226,P_1-1-pt_1138,32.000000000000185,5413.0,1.0
P_1-1-pt_1226,P_1-1-pt_8762,62.00000000000061,5413.0,1.0
P_1-1-pt_1226,P_1-3_2985,93.99999999999893,5413.0,1.0
P_1-1-pt_1226,P_1-2_1990,51.000000000000455,5413.0,1.0
P_1-1-pt_1226,P_1-1-veh_602,60.00000000000058,5413.0,1.0
P_1-1-pt_1226,P_1-1-pt_3275,8.999999999999984,5413.0,1.0
P_1-1-veh_530,P_1-2_5428,17.999999999999986,5410.0,1.0
P_1-1-veh_530,P_1-1-pt_498,27.000000000000114,5410.0,1.0
P_1-1-veh_530,P_1-1-pt_1723,61.0000000000006,5410.0,1.0
P_1-1-veh_530,P_1-1-pt_8289,75.00000000000001,5410.0,1.0
P_1-1-veh_530,P_1-2_5753,80.99999999999967,5410.0,1.0
P_1-1-veh_530,P_1-1-pt_8184,50.00000000000044,5410.0,1.0
P_1-1-veh_530,P_1-3_2599,68.00000000000041,5410.0,1.0
P_1-1-veh_530,P_1-2_5745,68.00000000000041,5410.0,1.0
P_1-1-veh_530,P_1-1-pt_8735,91.99999999999905,5410.0,1.0
P_1-1-veh_530,P_1-2_4266,86.99999999999933,5410.0,1.0
P_1-1-veh_530,P_1-3_1535,50.00000000000044,5410.0,1.0
P_1-1-veh_530,P_1-1-pt_2032,6.999999999999991,5410.0,1.0
P_1-1-veh_530,P_1-2_609,67.00000000000047,5410.0,1.0
P_1-1-veh_530,P_1-2_2598,51.000000000000455,5410.0,1.0
P_1-1-veh_530,P_1-2_5437,90.9999999999991,5410.0,1.0
P_1-3_3135,P_1-2_4388,69.00000000000036,5406.0,1.0
P_1-3_3135,P_1-2_2237,87.99999999999928,5406.0,1.0
P_1-3_3135,P_1-1-pt_5275,76.9999999999999,5406.0,1.0
P_1-3_3135,P_1-1-pt_1700,41.00000000000031,5406.0,1.0
P_1-3_1213,P_1-1-pt_4785,70.0000000000003,5402.0,1.0
P_1-3_1213,P_2-1_3664,73.00000000000013,5402.0,1.0
P_1-3_1213,P_1-2_2422,66.00000000000053,5402.0,1.0
P_1-3_1213,P_1-3_4291,38.00000000000027,5402.0,1.0
P_1-3_1213,P_1-2_2215,26.0000000000001,5402.0,1.0
P_1-2_568,P_2-1_2045,71.00000000000024,5400.0,1.0
P_1-2_568,P_1-2_5640,83.9999999999995,5400.0,1.0
P_1-2_568,P_1-2_3693,103.99999999999837,5400.0,1.0
P_1-2_568,P_1-1-pt_1238,56.000000000000526,5400.0,1.0
P_1-2_568,P_1-1-pt_654,50.00000000000044,5400.0,1.0
P_1-2_568,P_1-1-pt_3916,21.00000000000003,5400.0,1.0
P_1-2_568,P_1-1-pt_5241,2170.999999999121,5400.0,1.0
P_1-2_2345,P_1-2_4019,75.99999999999996,5395.0,1.0
P_1-2_2345,P_1-1-pt_7732,74.00000000000007,5395.0,1.0
P_1-2_2345,P_1-1-pt_5115,73.00000000000013,5395.0,1.0
P_1-2_2345,P_1-1-pt_3927,352.00000000001154,5395.0,1.0
P_1-2_2345,P_1-1-pt_6368,52.00000000000047,5395.0,1.0
P_1-2_2345,P_1-1-pt_1306,70.0000000000003,5395.0,1.0
P_1-2_2345,P_1-2_3052,70.0000000000003,5395.0,1.0
P_1-2_2345,P_1-2_3413,71.00000000000024,5395.0,1.0
P_1-2_2345,P_1-1-pt_1037,71.00000000000024,5395.0,1.0
P_1-2_2345,P_1-1-pt_5324,71.00000000000024,5395.0,1.0
P_1-2_2345,P_2-1_2045,125.99999999999712,5395.0,1.0
P_1-2_2345,P_1-1-pt_5942,2.0000000000000004,5395.0,1.0
P_1-2_149,P_1-3_458,1599.9999999996403,5388.0,1.0
P_1-2_149,P_1-1-pt_5942,3237.9999999981505,5388.0,1.0
P_1-2_149,P_1-2_1017,42.00000000000033,5388.0,1.0
P_1-2_149,P_1-3_990,39.000000000000284,5388.0,1.0
P_1-2_149,P_1-1-pt_654,56.000000000000526,5388.0,1.0
P_1-2_149,P_1-1-pt_3275,37.000000000000256,5388.0,1.0
P_1-1-pt_5942,P_1-3_458,534.0000000000529,5385.0,1.0
P_1-1-pt_5942,P_1-1-pt_4715,55.00000000000051,5385.0,1.0
P_1-1-pt_5942,P_1-2_149,3237.9999999981505,5385.0,1.0
P_1-1-pt_5942,P_1-2_1017,25.000000000000085,5385.0,1.0
P_1-1-pt_5942,P_1-3_990,27.000000000000114,5385.0,1.0
P_1-1-pt_5942,P_1-1-pt_654,42.00000000000033,5385.0,1.0
P_1-1-pt_5942,P_1-1-pt_3275,80.99999999999967,5385.0,1.0
P_1-1-pt_5942,P_1-2_2345,2.0000000000000004,5385.0,1.0
P_2-1_4267,P_1-2_5288,68.00000000000041,5382.0,1.0
P_2-1_4267,P_2-1_3390,1803.9999999994548,5382.0,1.0
P_2-1_4267,P_1-3_268,68.00000000000041,5382.0,1.0
P_2-1_4267,P_1-3_28,68.00000000000041,5382.0,1.0
P_2-1_4267,P_1-3_234,68.00000000000041,5382.0,1.0
P_2-1_4267,P_1-2_3879,73.00000000000013,5382.0,1.0
P_2-1_4267,P_1-3_2773,69.00000000000036,5382.0,1.0
P_2-1_4267,P_1-3_4262,68.00000000000041,5382.0,1.0
P_2-1_4267,P_1-3_5144,68.00000000000041,5382.0,1.0
P_2-1_4267,P_1-3_2786,98.99999999999865,5382.0,1.0
P_2-1_4267,P_1-3_5475,114.99999999999774,5382.0,1.0
P_2-1_4267,P_1-1-pt_5999,72.00000000000018,5382.0,1.0
P_2-1_4267,P_2-1_1878,290.99999999999767,5382.0,1.0
P_2-1_4267,P_1-2_752,123.99999999999723,5382.0,1.0
P_2-1_4267,P_2-1_1724,673.0000000000845,5382.0,1.0
P_2-1_4267,P_1-2_4940,116.99999999999763,5382.0,1.0
P_2-1_4267,P_1-3_3339,96.99999999999876,5382.0,1.0
P_2-1_4267,P_1-1-pt_5258,115.99999999999768,5382.0,1.0
P_1-1-pt_3931,P_1-1-pt_7277,74.00000000000007,5378.0,1.0
P_1-1-pt_3931,P_1-1-pt_2424,88.99999999999922,5378.0,1.0
P_1-1-pt_3931,P_1-2_3214,105.99999999999825,5378.0,1.0
P_1-1-pt_3931,P_1-2_4715,70.0000000000003,5378.0,1.0
P_1-1-pt_3931,P_1-2_2653,71.00000000000024,5378.0,1.0
P_1-1-pt_3931,P_1-1-pt_2770,73.00000000000013,5378.0,1.0
P_1-1-pt_3931,P_1-1-pt_6355,72.00000000000018,5378.0,1.0
P_1-1-pt_3931,P_1-2_4454,72.00000000000018,5378.0,1.0
P_1-1-pt_3931,P_1-2_3590,71.00000000000024,5378.0,1.0
P_1-1-pt_3931,P_1-1-pt_8982,73.00000000000013,5378.0,1.0
P_1-1-pt_3931,P_1-1-pt_2863,72.00000000000018,5378.0,1.0
P_1-1-pt_3931,P_1-1-pt_8969,77.99999999999984,5378.0,1.0
P_1-1-pt_3931,P_1-2_4609,149.99999999999577,5378.0,1.0
P_1-1-pt_3931,P_1-2_2338,144.99999999999605,5378.0,1.0
P_1-1-pt_3931,P_2-1_6236,376.000000000017,5378.0,1.0
P_1-1-pt_3931,P_1-3_1604,177.99999999999417,5378.0,1.0
P_1-1-pt_3931,P_1-1-pt_2431,99.9999999999986,5378.0,1.0
P_1-1-pt_3931,P_1-1-pt_1167,31.00000000000017,5378.0,1.0
P_1-1-pt_3931,P_1-2_4329,185.99999999999372,5378.0,1.0
P_1-2_5543,P_1-2_2180,69.00000000000036,5376.0,1.0
P_1-2_5543,P_1-2_3879,69.00000000000036,5376.0,1.0
P_1-2_5543,P_1-3_4262,68.00000000000041,5376.0,1.0
P_1-2_5543,P_1-3_5144,114.99999999999774,5376.0,1.0
P_1-2_5543,P_1-3_2786,71.00000000000024,5376.0,1.0
P_1-2_5543,P_1-3_5475,77.99999999999984,5376.0,1.0
P_1-2_5543,P_1-2_4940,62.00000000000061,5376.0,1.0
P_1-2_5543,P_1-1-veh_610,90.9999999999991,5376.0,1.0
P_1-2_5543,P_1-1-pt_3671,277.9999999999947,5376.0,1.0
P_1-2_5543,P_1-1-pt_7573,45.00000000000037,5376.0,1.0
P_1-2_5543,P_1-1-veh_767,75.00000000000001,5376.0,1.0
P_1-2_5543,P_1-1-pt_7915,83.9999999999995,5376.0,1.0
P_1-2_5543,P_1-1-pt_3207,170.99999999999457,5376.0,1.0
P_1-2_5543,P_1-1-pt_2013,81.99999999999962,5376.0,1.0
P_1-2_5543,P_1-1-pt_98,270.9999999999931,5376.0,1.0
P_1-2_5543,P_1-1-pt_5167,148.99999999999582,5376.0,1.0
P_1-2_5543,P_1-1-pt_6974,234.99999999999093,5376.0,1.0
P_1-2_5543,P_1-1-pt_1747,74.00000000000007,5376.0,1.0
P_1-2_5543,P_1-1-pt_3858,93.99999999999893,5376.0,1.0
P_1-2_5543,P_1-2_303,182.9999999999939,5376.0,1.0
P_1-2_5543,P_1-1-pt_1497,135.99999999999656,5376.0,1.0
P_1-2_5543,P_1-1-pt_2880,33.0000000000002,5376.0,1.0
P_1-2_5543,P_1-1-pt_5999,41.00000000000031,5376.0,1.0
P_1-1-pt_8830,P_2-1_2136,66.00000000000053,5373.0,1.0
P_1-1-pt_8830,P_1-1-veh_65,66.00000000000053,5373.0,1.0
P_1-1-pt_8830,P_1-2_3708,48.00000000000041,5373.0,1.0
P_1-1-pt_8830,P_1-1-pt_7142,68.00000000000041,5373.0,1.0
P_1-1-pt_8830,P_1-2_2715,64.00000000000064,5373.0,1.0
P_1-1-pt_8830,P_1-1-pt_1473,79.99999999999973,5373.0,1.0
P_1-1-pt_8830,P_1-1-pt_2529,942.0000000001456,5373.0,1.0
P_1-1-pt_8830,P_1-1-pt_6931,70.0000000000003,5373.0,1.0
P_1-2_4019,P_1-3_3755,25.000000000000085,5373.0,1.0
P_1-2_4019,P_1-3_5334,26.0000000000001,5373.0,1.0
P_1-2_4019,P_1-2_2345,75.99999999999996,5373.0,1.0
P_1-2_4019,P_1-1-pt_5115,72.00000000000018,5373.0,1.0
P_1-2_4019,P_1-1-pt_1298,1311.9999999999022,5373.0,1.0
P_1-2_4019,P_1-2_3692,1172.0000000000296,5373.0,1.0
P_1-2_4019,P_1-2_3413,29.000000000000142,5373.0,1.0
P_1-2_4019,P_1-1-pt_1037,46.000000000000384,5373.0,1.0
P_1-2_4019,P_1-1-pt_5324,41.00000000000031,5373.0,1.0
P_1-2_4019,P_2-1_2045,27.000000000000114,5373.0,1.0
