user_id,neighbor_id,duration_seconds,ideal_duration,privacy_score
P_1-2_1990,P_1-3_5334,48.10000000000041,7199.0,1.0
P_1-2_1990,P_1-1-pt_7732,51.800000000000466,7199.0,1.0
P_1-2_1990,P_1-1-pt_5115,51.40000000000046,7199.0,1.0
P_1-2_1990,P_1-2_3386,46.100000000000385,7199.0,1.0
P_1-2_1990,P_1-2_3575,91.49999999999908,7199.0,1.0
P_1-3_2374,P_1-3_2187,48.300000000000416,7199.0,0.882761494652035
P_1-3_2374,P_2-1_213,50.60000000000045,7199.0,0.882761494652035
P_1-3_2374,P_1-3_3132,48.200000000000415,7199.0,0.882761494652035
P_1-3_2410,P_1-2_4634,150.8999999999957,7197.0,1.0
P_1-3_2410,P_1-3_4775,159.7999999999952,7197.0,1.0
P_1-3_2410,P_1-3_3253,101.5999999999985,7197.0,1.0
P_1-3_2410,P_1-3_2018,58.100000000000556,7197.0,1.0
P_1-3_2410,P_1-3_2633,50.300000000000445,7197.0,1.0
P_1-3_2410,P_1-2_5210,54.90000000000051,7197.0,1.0
P_1-3_2410,P_1-2_573,50.400000000000446,7197.0,1.0
P_1-3_2410,P_1-3_4954,102.09999999999847,7197.0,1.0
P_1-3_2410,P_1-3_4875,101.09999999999853,7197.0,1.0
P_1-3_2410,P_1-3_3410,49.90000000000044,7197.0,1.0
P_1-1-veh_105,P_1-1-pt_5078,45.10000000000037,7196.0,0.7622290161200667
P_1-1-veh_105,P_1-3_3046,48.50000000000042,7196.0,0.7622290161200667
P_1-1-veh_105,P_1-3_3457,14.599999999999964,7196.0,0.7622290161200667
P_1-1-veh_105,P_1-1-veh_234,48.200000000000415,7196.0,0.7622290161200667
P_1-1-veh_105,P_1-1-pt_2606,44.000000000000355,7196.0,0.7622290161200667
P_1-1-veh_105,P_1-1-pt_7142,42.40000000000033,7196.0,0.7622290161200667
P_1-1-veh_105,P_1-1-pt_6538,45.20000000000037,7196.0,0.7622290161200667
P_1-1-veh_105,P_1-2_1596,48.00000000000041,7196.0,0.7622290161200667
P_1-1-veh_105,P_1-3_4168,48.00000000000041,7196.0,0.7622290161200667
P_1-1-veh_105,P_1-2_3081,47.90000000000041,7196.0,0.7622290161200667
P_1-1-veh_105,P_1-1-pt_7080,47.90000000000041,7196.0,0.7622290161200667
P_1-1-veh_105,P_1-1-veh_792,6.999999999999991,7196.0,0.7622290161200667
P_1-1-veh_105,P_1-1-pt_7763,45.60000000000038,7196.0,0.7622290161200667
P_1-1-veh_105,P_1-2_2554,40.2000000000003,7196.0,0.7622290161200667
P_1-1-veh_105,P_1-3_2323,64.40000000000062,7196.0,0.7622290161200667
P_1-1-veh_105,P_1-3_528,48.00000000000041,7196.0,0.7622290161200667
P_1-1-veh_105,P_1-1-pt_1108,274.3999999999939,7196.0,0.7622290161200667
P_1-1-veh_105,P_1-1-pt_1226,50.90000000000045,7196.0,0.7622290161200667
P_1-1-veh_105,P_1-1-pt_3624,33.0000000000002,7196.0,0.7622290161200667
P_1-1-veh_105,P_1-1-pt_7863,92.29999999999903,7196.0,0.7622290161200667
P_1-1-veh_105,P_1-1-pt_1304,110.59999999999799,7196.0,0.7622290161200667
P_1-1-veh_105,P_1-1-pt_8545,91.39999999999908,7196.0,0.7622290161200667
P_1-1-veh_105,P_1-1-pt_5193,91.99999999999905,7196.0,0.7622290161200667
P_1-1-veh_105,P_1-1-pt_7325,90.19999999999915,7196.0,0.7622290161200667
P_1-1-veh_105,P_1-1-pt_8137,195.2999999999932,7196.0,0.7622290161200667
P_1-1-veh_105,P_2-1_3764,22.900000000000055,7196.0,0.7622290161200667
P_1-1-veh_105,P_2-1_2925,43.00000000000034,7196.0,0.7622290161200667
P_1-1-veh_105,P_1-1-pt_6453,70.10000000000029,7196.0,0.7622290161200667
P_1-3_2221,P_1-2_3214,48.80000000000042,7190.0,0.8599443671766343
P_1-3_2221,P_1-2_3590,47.3000000000004,7190.0,0.8599443671766343
P_1-3_2221,P_1-2_2473,47.70000000000041,7190.0,0.8599443671766343
P_1-3_2221,P_1-3_1945,47.500000000000405,7190.0,0.8599443671766343
P_1-3_2221,P_1-2_3702,47.80000000000041,7190.0,0.8599443671766343
P_1-3_2221,P_1-2_848,47.90000000000041,7190.0,0.8599443671766343
P_1-3_2221,P_1-2_104,38.400000000000276,7190.0,0.8599443671766343
P_1-3_2221,P_1-1-pt_2820,808.6000000001153,7190.0,0.8599443671766343
P_1-3_2221,P_1-1-pt_2834,42.10000000000033,7190.0,0.8599443671766343
P_1-3_2221,P_1-1-pt_3097,79.79999999999974,7190.0,0.8599443671766343
P_1-3_2018,P_1-2_573,219.09999999999184,7169.0,0.5289440647231134
P_1-3_2018,P_1-3_4954,187.19999999999365,7169.0,0.5289440647231134
P_1-3_2018,P_1-1-pt_5241,45.20000000000037,7169.0,0.5289440647231134
P_1-3_2018,P_2-1_2045,65.80000000000054,7169.0,0.5289440647231134
P_1-3_2018,P_1-3_2633,50.80000000000045,7169.0,0.5289440647231134
P_1-3_2018,P_1-2_4634,100.49999999999856,7169.0,0.5289440647231134
P_1-3_2018,P_1-3_4775,100.09999999999859,7169.0,0.5289440647231134
P_1-3_2018,P_1-3_2410,58.100000000000556,7169.0,0.5289440647231134
P_1-3_2018,P_1-3_3253,104.19999999999835,7169.0,0.5289440647231134
P_1-3_2018,P_1-2_5210,141.59999999999624,7169.0,0.5289440647231134
P_1-3_2018,P_1-3_4875,154.8999999999955,7169.0,0.5289440647231134
P_1-3_2018,P_1-3_3410,66.10000000000052,7169.0,0.5289440647231134
P_1-2_609,P_1-2_3608,12.299999999999972,7164.0,0.8969849246231156
P_1-2_609,P_1-1-veh_246,12.499999999999972,7164.0,0.8969849246231156
P_1-2_609,P_1-2_5428,15.099999999999962,7164.0,0.8969849246231156
P_1-2_609,P_1-1-pt_498,51.60000000000046,7164.0,0.8969849246231156
P_1-2_609,P_1-1-pt_2032,50.300000000000445,7164.0,0.8969849246231156
P_1-2_609,P_1-2_4266,50.60000000000045,7164.0,0.8969849246231156
P_1-2_609,P_1-1-pt_8735,50.10000000000044,7164.0,0.8969849246231156
P_1-2_609,P_1-2_5745,83.9999999999995,7164.0,0.8969849246231156
P_1-1-pt_5078,P_1-1-veh_105,45.10000000000037,7162.0,0.8898352415526389
P_1-1-pt_5078,P_1-3_3834,43.300000000000345,7162.0,0.8898352415526389
P_1-1-pt_5078,P_1-2_3280,56.50000000000053,7162.0,0.8898352415526389
P_1-1-pt_5078,P_1-1-pt_2920,40.90000000000031,7162.0,0.8898352415526389
P_1-1-pt_5078,P_1-1-veh_234,104.99999999999831,7162.0,0.8898352415526389
P_1-1-pt_5078,P_1-3_2053,43.60000000000035,7162.0,0.8898352415526389
P_1-1-pt_5078,P_1-2_5951,41.800000000000324,7162.0,0.8898352415526389
P_1-1-pt_5078,P_1-1-pt_7208,59.20000000000057,7162.0,0.8898352415526389
P_1-1-pt_5078,P_1-1-pt_6538,52.60000000000048,7162.0,0.8898352415526389
P_1-1-pt_5078,P_1-1-pt_4901,112.89999999999786,7162.0,0.8898352415526389
P_1-1-pt_5078,P_1-1-pt_8682,85.49999999999942,7162.0,0.8898352415526389
P_1-1-pt_5078,P_1-3_4690,44.600000000000364,7162.0,0.8898352415526389
P_1-1-pt_5078,P_1-1-pt_4966,43.50000000000035,7162.0,0.8898352415526389
P_1-1-pt_5078,P_1-1-pt_7080,103.69999999999838,7162.0,0.8898352415526389
P_1-2_4734,P_1-2_4206,204.89999999999264,7159.0,0.9357452158122643
P_1-2_4734,P_1-3_1500,203.39999999999273,7159.0,0.9357452158122643
P_1-2_4734,P_1-3_3901,203.59999999999272,7159.0,0.9357452158122643
P_1-2_4734,P_1-2_1420,203.9999999999927,7159.0,0.9357452158122643
P_1-2_4734,P_1-3_228,203.49999999999272,7159.0,0.9357452158122643
P_1-2_4734,P_1-3_3776,204.0999999999927,7159.0,0.9357452158122643
P_1-2_4734,P_2-1_2161,203.7999999999927,7159.0,0.9357452158122643
P_1-2_4734,P_1-3_874,101.6999999999985,7159.0,0.9357452158122643
P_1-2_4734,P_1-3_2454,101.79999999999849,7159.0,0.9357452158122643
P_1-2_4734,P_1-3_3834,101.6999999999985,7159.0,0.9357452158122643
P_1-2_4734,P_1-2_3280,101.89999999999849,7159.0,0.9357452158122643
P_1-2_4734,P_1-3_3046,102.19999999999847,7159.0,0.9357452158122643
P_1-2_4734,P_1-3_3457,101.89999999999849,7159.0,0.9357452158122643
P_1-2_4734,P_1-3_4168,102.09999999999847,7159.0,0.9357452158122643
P_1-2_4734,P_1-3_2053,1359.7999999998588,7159.0,0.9357452158122643
P_1-1-pt_8289,P_1-1-pt_8184,269.0999999999927,7155.0,0.4479385045422781
P_1-1-pt_8289,P_1-2_638,732.500000000098,7155.0,0.4479385045422781
P_1-1-pt_8289,P_1-2_5753,255.29999999998978,7155.0,0.4479385045422781
P_1-1-pt_8289,P_1-1-veh_834,244.99999999999037,7155.0,0.4479385045422781
P_1-1-pt_8289,P_1-1-veh_530,53.70000000000049,7155.0,0.4479385045422781
P_1-1-pt_8289,P_1-3_743,100.59999999999856,7155.0,0.4479385045422781
P_1-1-pt_8289,P_1-3_2599,50.300000000000445,7155.0,0.4479385045422781
P_1-1-pt_8289,P_1-2_5745,50.20000000000044,7155.0,0.4479385045422781
P_1-1-pt_8289,P_1-1-pt_8735,50.60000000000045,7155.0,0.4479385045422781
P_1-1-pt_8289,P_1-2_4266,50.10000000000044,7155.0,0.4479385045422781
P_1-1-pt_8289,P_1-3_3076,50.20000000000044,7155.0,0.4479385045422781
P_1-1-pt_8289,P_1-1-pt_182,50.400000000000446,7155.0,0.4479385045422781
P_1-1-pt_8289,P_1-3_4289,49.90000000000044,7155.0,0.4479385045422781
P_1-1-pt_8289,P_1-1-pt_1723,86.19999999999938,7155.0,0.4479385045422781
P_1-2_638,P_1-1-pt_8289,732.500000000098,7148.0,0.7788192501398993
P_1-2_638,P_1-1-pt_8184,157.59999999999533,7148.0,0.7788192501398993
P_1-2_638,P_1-2_3608,16.29999999999996,7148.0,0.7788192501398993
P_1-2_638,P_1-3_743,16.29999999999996,7148.0,0.7788192501398993
P_1-2_638,P_1-3_2599,15.399999999999961,7148.0,0.7788192501398993
P_1-2_638,P_1-2_5745,15.099999999999962,7148.0,0.7788192501398993
P_1-2_638,P_1-2_4266,14.599999999999964,7148.0,0.7788192501398993
P_1-2_638,P_1-1-pt_6516,22.100000000000044,7148.0,0.7788192501398993
P_1-2_638,P_1-3_1535,15.499999999999961,7148.0,0.7788192501398993
P_1-3_2454,P_1-1-veh_234,47.90000000000041,7144.0,1.0
P_1-3_2454,P_1-1-pt_8682,45.80000000000038,7144.0,1.0
P_1-3_2454,P_1-2_3389,48.00000000000041,7144.0,1.0
P_1-3_2454,P_1-2_4206,101.79999999999849,7144.0,1.0
P_1-3_2454,P_1-3_1500,101.5999999999985,7144.0,1.0
P_1-3_2454,P_1-3_3901,101.49999999999851,7144.0,1.0
P_1-3_2454,P_1-2_1420,101.5999999999985,7144.0,1.0
P_1-3_2454,P_1-3_228,101.29999999999852,7144.0,1.0
P_1-3_2454,P_1-3_3776,101.5999999999985,7144.0,1.0
P_1-3_2454,P_2-1_2161,101.5999999999985,7144.0,1.0
P_1-3_2454,P_1-3_874,50.70000000000045,7144.0,1.0
P_1-3_2454,P_1-2_4734,101.79999999999849,7144.0,1.0
P_1-3_2454,P_1-3_3834,50.70000000000045,7144.0,1.0
P_1-3_2454,P_1-2_3280,51.100000000000456,7144.0,1.0
P_1-3_2454,P_1-3_3046,50.70000000000045,7144.0,1.0
P_1-3_2454,P_1-3_3457,50.90000000000045,7144.0,1.0
P_1-3_2454,P_1-3_4168,50.80000000000045,7144.0,1.0
P_1-3_2454,P_1-3_2053,50.70000000000045,7144.0,1.0
P_1-3_2454,P_1-2_5951,50.60000000000045,7144.0,1.0
P_1-3_2454,P_1-3_4690,51.30000000000046,7144.0,1.0
P_1-2_3821,P_1-2_2580,707.2000000000922,7142.0,0.6205544665359843
P_1-2_3821,P_1-3_4738,667.4000000000832,7142.0,0.6205544665359843
P_1-2_3821,P_1-2_5752,616.2000000000716,7142.0,0.6205544665359843
P_1-2_3821,P_1-2_3464,622.2000000000729,7142.0,0.6205544665359843
P_1-2_3821,P_1-1-veh_837,566.0000000000601,7142.0,0.6205544665359843
P_1-2_3821,P_2-1_2028,329.5000000000064,7142.0,0.6205544665359843
P_1-2_3821,P_1-2_2797,6045.00000000446,7142.0,0.6205544665359843
P_1-3_268,P_1-2_4853,175.39999999999432,7140.0,0.7595238095238095
P_1-3_268,P_1-3_4663,47.90000000000041,7140.0,0.7595238095238095
P_1-3_268,P_1-2_1658,48.10000000000041,7140.0,0.7595238095238095
P_1-3_268,P_1-3_4881,48.200000000000415,7140.0,0.7595238095238095
P_1-3_268,P_2-1_4267,48.10000000000041,7140.0,0.7595238095238095
P_1-3_268,P_2-1_3390,48.00000000000041,7140.0,0.7595238095238095
P_1-3_268,P_1-3_28,35.00000000000023,7140.0,0.7595238095238095
P_1-3_268,P_2-1_1463,47.90000000000041,7140.0,0.7595238095238095
P_1-3_268,P_2-1_499,48.00000000000041,7140.0,0.7595238095238095
P_1-3_268,P_2-1_804,48.10000000000041,7140.0,0.7595238095238095
P_1-3_268,P_2-1_213,48.00000000000041,7140.0,0.7595238095238095
P_1-3_268,P_1-3_3132,48.200000000000415,7140.0,0.7595238095238095
P_1-2_4454,P_1-2_2180,48.00000000000041,7131.0,0.4997896508203618
P_1-2_4454,P_1-2_3879,48.00000000000041,7131.0,0.4997896508203618
P_1-2_4454,P_2-1_63,57.70000000000055,7131.0,0.4997896508203618
P_1-2_4454,P_1-2_1612,74.20000000000006,7131.0,0.4997896508203618
P_1-2_4454,P_1-3_4262,38.10000000000027,7131.0,0.4997896508203618
P_1-2_4454,P_1-2_1255,34.00000000000021,7131.0,0.4997896508203618
P_1-2_4454,P_1-1-pt_1601,59.500000000000576,7131.0,0.4997896508203618
P_1-2_4454,P_1-1-pt_7938,51.20000000000046,7131.0,0.4997896508203618
P_1-2_4454,P_1-2_3590,56.30000000000053,7131.0,0.4997896508203618
P_1-2_4454,P_1-1-pt_3931,52.20000000000047,7131.0,0.4997896508203618
P_1-2_4454,P_2-1_6236,32.30000000000019,7131.0,0.4997896508203618
P_1-2_4454,P_1-2_1948,11.199999999999976,7131.0,0.4997896508203618
P_1-2_4454,P_1-3_5550,11.199999999999976,7131.0,0.4997896508203618
P_1-2_4454,P_1-3_4492,11.299999999999976,7131.0,0.4997896508203618
P_1-2_4454,P_1-3_2528,11.199999999999976,7131.0,0.4997896508203618
P_1-2_4454,P_1-1-pt_3353,53.200000000000486,7131.0,0.4997896508203618
P_1-2_4454,P_1-1-pt_6355,2422.799999998892,7131.0,0.4997896508203618
P_1-2_4454,P_2-1_2911,24.400000000000077,7131.0,0.4997896508203618
P_1-2_4454,P_1-1-pt_2425,41.30000000000032,7131.0,0.4997896508203618
P_1-2_4454,P_1-2_1285,30.600000000000165,7131.0,0.4997896508203618
P_1-2_4454,P_2-1_842,26.300000000000104,7131.0,0.4997896508203618
P_1-2_4454,P_1-3_5451,38.80000000000028,7131.0,0.4997896508203618
P_1-2_4454,P_2-1_5552,15.79999999999996,7131.0,0.4997896508203618
P_1-2_4454,P_1-2_4955,27.40000000000012,7131.0,0.4997896508203618
P_1-2_4454,P_1-2_2061,27.200000000000117,7131.0,0.4997896508203618
P_1-1-pt_2770,P_1-1-pt_7938,52.70000000000048,7127.0,0.5135400589308264
P_1-1-pt_2770,P_1-1-pt_3931,52.80000000000048,7127.0,0.5135400589308264
P_1-1-pt_2770,P_1-1-pt_3353,53.70000000000049,7127.0,0.5135400589308264
P_1-1-pt_2770,P_1-1-pt_2425,20.900000000000027,7127.0,0.5135400589308264
P_1-1-pt_2770,P_2-1_842,11.699999999999974,7127.0,0.5135400589308264
P_1-1-pt_2770,P_1-3_5451,32.40000000000019,7127.0,0.5135400589308264
P_1-1-pt_2770,P_1-2_4955,12.99999999999997,7127.0,0.5135400589308264
P_1-1-pt_2770,P_1-2_2061,11.799999999999974,7127.0,0.5135400589308264
P_1-1-pt_5139,P_1-1-pt_5167,37.50000000000026,7125.0,1.0
P_1-1-pt_5139,P_1-1-pt_1747,9.699999999999982,7125.0,1.0
P_1-1-pt_5139,P_1-1-pt_2863,829.8000000001201,7125.0,1.0
P_1-1-pt_5139,P_1-2_250,62.10000000000061,7125.0,1.0
P_1-1-pt_5139,P_1-3_2786,412.5000000000253,7125.0,1.0
P_1-1-pt_5139,P_1-3_5475,52.500000000000476,7125.0,1.0
P_1-1-pt_5139,P_1-1-pt_7440,95.49999999999885,7125.0,1.0
P_1-1-pt_5139,P_1-3_1945,108.39999999999812,7125.0,1.0
P_1-1-pt_5139,P_1-2_3702,85.8999999999994,7125.0,1.0
P_1-1-pt_5139,P_1-2_848,54.3000000000005,7125.0,1.0
P_1-1-pt_5139,P_1-3_1027,80.29999999999971,7125.0,1.0
P_1-1-pt_5139,P_1-1-pt_2431,100.39999999999857,7125.0,1.0
P_1-1-pt_5139,P_1-1-pt_2920,41.70000000000032,7125.0,1.0
P_1-1-pt_5139,P_1-1-pt_6673,41.100000000000314,7125.0,1.0
P_1-1-pt_255,P_1-1-pt_6368,118.99999999999751,7122.0,1.0
P_1-1-pt_255,P_1-1-pt_1560,55.60000000000052,7122.0,1.0
P_1-1-pt_255,P_1-1-pt_2606,56.30000000000053,7122.0,1.0
P_1-1-pt_255,P_1-1-pt_1966,57.10000000000054,7122.0,1.0
P_1-1-pt_255,P_1-1-pt_5906,56.10000000000053,7122.0,1.0
P_1-1-pt_255,P_1-1-pt_1238,56.30000000000053,7122.0,1.0
P_1-1-pt_255,P_1-1-pt_3916,56.10000000000053,7122.0,1.0
P_1-1-pt_255,P_1-1-pt_1226,56.000000000000526,7122.0,1.0
P_1-1-pt_255,P_1-1-pt_3409,52.80000000000048,7122.0,1.0
P_1-1-pt_255,P_1-1-pt_3624,52.70000000000048,7122.0,1.0
P_1-1-pt_255,P_2-1_3764,28.90000000000014,7122.0,1.0
P_1-1-pt_255,P_2-1_2925,30.400000000000162,7122.0,1.0
P_1-1-pt_255,P_1-1-pt_3097,56.40000000000053,7122.0,1.0
P_1-1-pt_255,P_2-1_63,34.900000000000226,7122.0,1.0
P_1-1-pt_255,P_1-2_1612,30.100000000000158,7122.0,1.0
P_1-1-pt_255,P_1-1-pt_761,55.300000000000516,7122.0,1.0
P_1-1-pt_255,P_1-2_6013,60.30000000000059,7122.0,1.0
P_1-3_3834,P_1-1-pt_5078,43.300000000000345,7122.0,1.0
P_1-3_3834,P_1-3_3046,98.89999999999866,7122.0,1.0
P_1-3_3834,P_1-3_3457,99.29999999999863,7122.0,1.0
P_1-3_3834,P_1-1-veh_234,47.80000000000041,7122.0,1.0
P_1-3_3834,P_1-1-pt_2606,51.800000000000466,7122.0,1.0
P_1-3_3834,P_1-1-pt_7142,41.60000000000032,7122.0,1.0
P_1-3_3834,P_1-1-pt_6538,38.10000000000027,7122.0,1.0
P_1-3_3834,P_1-1-pt_8682,45.20000000000037,7122.0,1.0
P_1-3_3834,P_1-2_3389,49.40000000000043,7122.0,1.0
P_1-3_3834,P_2-1_2161,101.5999999999985,7122.0,1.0
P_1-3_3834,P_1-3_874,101.6999999999985,7122.0,1.0
P_1-3_3834,P_1-2_4734,101.6999999999985,7122.0,1.0
P_1-3_3834,P_1-3_2454,50.70000000000045,7122.0,1.0
P_1-3_3834,P_1-2_4206,101.49999999999851,7122.0,1.0
P_1-3_3834,P_1-3_1500,101.49999999999851,7122.0,1.0
P_1-3_3834,P_1-3_3901,101.39999999999851,7122.0,1.0
P_1-3_3834,P_1-2_1420,101.6999999999985,7122.0,1.0
P_1-3_3834,P_1-3_228,101.49999999999851,7122.0,1.0
P_1-3_3834,P_1-2_3280,50.80000000000045,7122.0,1.0
P_1-3_3834,P_1-3_4168,51.000000000000455,7122.0,1.0
P_1-3_3834,P_1-3_2053,50.60000000000045,7122.0,1.0
P_1-3_3834,P_1-3_3776,837.0000000001218,7122.0,1.0
P_1-2_4327,P_1-2_4098,516.5000000000489,7115.0,0.9023190442726634
P_1-2_4327,P_1-3_4822,705.5000000000919,7115.0,0.9023190442726634
P_1-2_4327,P_1-2_3716,2852.3999999985012,7115.0,0.9023190442726634
P_1-2_4327,P_1-2_4270,48.40000000000042,7115.0,0.9023190442726634
P_1-2_1559,P_1-2_2564,2903.9999999984543,7108.0,1.0
P_1-2_1559,P_1-2_3693,188.89999999999355,7108.0,1.0
P_1-2_1559,P_1-2_1017,52.10000000000047,7108.0,1.0
P_1-2_1559,P_1-2_671,194.79999999999322,7108.0,1.0
P_1-2_5518,P_2-1_4127,38.70000000000028,7098.0,1.0
P_1-2_5518,P_2-1_3119,48.80000000000042,7098.0,1.0
P_1-2_5518,P_1-3_4644,50.300000000000445,7098.0,1.0
P_1-2_5518,P_2-1_2486,47.90000000000041,7098.0,1.0
P_1-2_5518,P_2-1_3601,48.00000000000041,7098.0,1.0
P_1-2_5518,P_2-1_600,48.10000000000041,7098.0,1.0
P_1-2_5518,P_1-2_5765,48.00000000000041,7098.0,1.0
P_1-2_5518,P_2-1_1248,486.4000000000421,7098.0,1.0
P_1-2_1313,P_1-1-pt_6368,13.599999999999968,7097.0,1.0
P_1-2_1313,P_1-2_3052,22.40000000000005,7097.0,1.0
P_1-2_1313,P_1-1-pt_5193,56.40000000000053,7097.0,1.0
P_1-2_1313,P_1-3_990,47.3000000000004,7097.0,1.0
P_1-3_2180,P_1-2_3378,99.19999999999864,7091.0,0.7622338175151601
P_1-3_2180,P_1-2_3077,98.89999999999866,7091.0,0.7622338175151601
P_1-3_2180,P_1-3_2076,390.2000000000202,7091.0,0.7622338175151601
P_1-3_2180,P_1-2_5020,49.80000000000044,7091.0,0.7622338175151601
P_1-3_2180,P_1-1-pt_4785,50.20000000000044,7091.0,0.7622338175151601
P_1-3_2180,P_2-1_3664,53.100000000000485,7091.0,0.7622338175151601
P_1-3_2180,P_2-1_3058,52.400000000000475,7091.0,0.7622338175151601
P_1-3_2180,P_1-3_5020,36.80000000000025,7091.0,0.7622338175151601
P_1-3_2180,P_1-2_2422,44.90000000000037,7091.0,0.7622338175151601
P_1-3_2180,P_1-2_5092,49.80000000000044,7091.0,0.7622338175151601
P_1-3_2180,P_1-3_5354,44.30000000000036,7091.0,0.7622338175151601
P_1-2_3488,P_1-2_2237,103.09999999999842,7089.0,1.0
P_1-2_3488,P_1-1-pt_2129,98.79999999999866,7089.0,1.0
P_1-2_3488,P_1-1-pt_1039,99.7999999999986,7089.0,1.0
P_1-2_3488,P_1-1-pt_5275,99.9999999999986,7089.0,1.0
P_1-2_3488,P_1-1-pt_1700,99.59999999999862,7089.0,1.0
P_1-2_3488,P_1-3_17,57.400000000000546,7089.0,1.0
P_1-3_3046,P_1-1-veh_105,48.50000000000042,7087.0,0.9013687032594893
P_1-3_3046,P_1-3_3834,98.89999999999866,7087.0,0.9013687032594893
P_1-3_3046,P_1-3_1785,48.00000000000041,7087.0,0.9013687032594893
P_1-3_3046,P_1-1-pt_4966,48.900000000000425,7087.0,0.9013687032594893
P_1-3_3046,P_1-1-veh_234,48.60000000000042,7087.0,0.9013687032594893
P_1-3_3046,P_1-3_3457,415.30000000002593,7087.0,0.9013687032594893
P_1-3_3046,P_1-1-pt_1238,45.20000000000037,7087.0,0.9013687032594893
P_1-3_3046,P_1-1-pt_7142,44.10000000000036,7087.0,0.9013687032594893
P_1-3_3046,P_1-1-pt_6538,45.300000000000374,7087.0,0.9013687032594893
P_1-3_3046,P_1-1-pt_8682,45.300000000000374,7087.0,0.9013687032594893
P_1-3_3046,P_1-2_3389,48.00000000000041,7087.0,0.9013687032594893
P_1-3_3046,P_1-2_4734,102.19999999999847,7087.0,0.9013687032594893
P_1-3_3046,P_1-3_2454,50.70000000000045,7087.0,0.9013687032594893
P_1-3_3046,P_1-2_4206,102.19999999999847,7087.0,0.9013687032594893
P_1-3_3046,P_1-3_1500,101.5999999999985,7087.0,0.9013687032594893
P_1-3_3046,P_1-3_3901,100.79999999999855,7087.0,0.9013687032594893
P_1-3_3046,P_1-2_1420,51.100000000000456,7087.0,0.9013687032594893
P_1-3_3046,P_1-3_228,51.000000000000455,7087.0,0.9013687032594893
P_1-3_3046,P_1-3_3776,51.000000000000455,7087.0,0.9013687032594893
P_1-3_3046,P_2-1_2161,50.90000000000045,7087.0,0.9013687032594893
P_1-3_3046,P_1-2_3280,51.20000000000046,7087.0,0.9013687032594893
P_1-3_3046,P_1-3_4168,51.000000000000455,7087.0,0.9013687032594893
P_1-3_3046,P_1-3_2053,50.80000000000045,7087.0,0.9013687032594893
P_1-1-pt_530,P_1-3_2881,42.70000000000034,7080.0,1.0
P_1-1-pt_530,P_1-2_1600,42.90000000000034,7080.0,1.0
P_1-1-pt_530,P_1-1-pt_6309,38.20000000000027,7080.0,1.0
P_1-1-pt_530,P_1-1-pt_8692,38.80000000000028,7080.0,1.0
P_1-1-pt_530,P_1-1-veh_459,43.40000000000035,7080.0,1.0
P_1-1-pt_530,P_1-1-pt_8611,41.70000000000032,7080.0,1.0
P_1-1-pt_530,P_1-1-pt_5997,38.80000000000028,7080.0,1.0
P_1-1-pt_530,P_1-1-pt_394,37.80000000000027,7080.0,1.0
P_1-1-pt_530,P_1-1-pt_4541,37.40000000000026,7080.0,1.0
P_1-1-pt_530,P_1-3_4124,41.50000000000032,7080.0,1.0
P_1-1-pt_530,P_1-3_2421,41.40000000000032,7080.0,1.0
P_1-1-pt_530,P_1-1-pt_725,36.200000000000244,7080.0,1.0
P_1-1-pt_530,P_1-3_2955,67.00000000000047,7080.0,1.0
P_1-1-pt_530,P_1-1-pt_4996,53.800000000000495,7080.0,1.0
P_1-1-pt_530,P_1-1-pt_2834,40.0000000000003,7080.0,1.0
P_1-1-pt_530,P_1-1-pt_5199,42.20000000000033,7080.0,1.0
P_1-1-pt_530,P_1-1-pt_761,66.00000000000053,7080.0,1.0
P_1-1-pt_530,P_1-1-pt_6297,68.3000000000004,7080.0,1.0
P_1-1-pt_3629,P_1-2_4771,205.09999999999263,7078.0,0.5425261373269286
P_1-1-pt_3629,P_1-1-pt_1714,102.89999999999843,7078.0,0.5425261373269286
P_1-1-pt_3629,P_1-2_2287,101.99999999999848,7078.0,0.5425261373269286
P_1-1-pt_3629,P_1-3_1785,101.99999999999848,7078.0,0.5425261373269286
P_1-1-pt_3629,P_1-1-pt_560,19.1,7078.0,0.5425261373269286
P_1-1-pt_3629,P_1-2_3081,101.89999999999849,7078.0,0.5425261373269286
P_1-2_4634,P_1-3_4775,211.69999999999226,7076.0,1.0
P_1-2_4634,P_1-3_2410,150.8999999999957,7076.0,1.0
P_1-2_4634,P_1-3_3253,200.79999999999288,7076.0,1.0
P_1-2_4634,P_1-3_2018,100.49999999999856,7076.0,1.0
P_1-2_4634,P_1-3_2633,150.49999999999574,7076.0,1.0
P_1-2_4634,P_1-2_5210,100.49999999999856,7076.0,1.0
P_1-2_4634,P_1-2_573,110.399999999998,7076.0,1.0
P_1-2_4634,P_1-3_4954,112.69999999999787,7076.0,1.0
P_1-2_4634,P_1-3_4875,1069.0000000001232,7076.0,1.0
P_1-2_4634,P_1-3_3410,319.00000000000404,7076.0,1.0
P_1-2_4609,P_1-2_4329,303.8000000000006,7075.0,0.6436749116607774
P_1-2_4609,P_1-1-pt_3931,105.99999999999825,7075.0,0.6436749116607774
P_1-2_4609,P_2-1_6236,91.69999999999906,7075.0,0.6436749116607774
P_1-2_4609,P_2-1_5067,103.59999999999839,7075.0,0.6436749116607774
P_1-2_4609,P_1-1-pt_3353,77.39999999999988,7075.0,0.6436749116607774
P_1-2_2580,P_1-2_3821,707.2000000000922,7070.0,0.41711456859971713
P_1-2_2580,P_1-3_4738,667.5000000000832,7070.0,0.41711456859971713
P_1-2_2580,P_1-2_5752,618.000000000072,7070.0,0.41711456859971713
P_1-2_2580,P_1-2_3464,617.4000000000718,7070.0,0.41711456859971713
P_1-2_2580,P_1-1-veh_837,566.1000000000602,7070.0,0.41711456859971713
P_1-2_2580,P_2-1_2028,309.80000000000194,7070.0,0.41711456859971713
P_1-2_2580,P_1-2_2797,6045.00000000446,7070.0,0.41711456859971713
P_1-2_1285,P_1-3_1140,17.899999999999984,7062.0,0.5729255168507505
P_1-2_1285,P_1-1-pt_8085,19.80000000000001,7062.0,0.5729255168507505
P_1-2_1285,P_1-1-veh_824,61.1000000000006,7062.0,0.5729255168507505
P_1-2_1285,P_1-1-pt_2342,72.90000000000013,7062.0,0.5729255168507505
P_1-2_1285,P_1-2_5927,30.30000000000016,7062.0,0.5729255168507505
P_1-2_1285,P_1-2_3214,20.40000000000002,7062.0,0.5729255168507505
P_1-2_1285,P_1-1-pt_841,98.39999999999868,7062.0,0.5729255168507505
P_1-2_1285,P_1-2_4715,18.499999999999993,7062.0,0.5729255168507505
P_1-2_1285,P_1-2_2653,30.800000000000168,7062.0,0.5729255168507505
P_1-2_1285,P_1-2_4454,30.600000000000165,7062.0,0.5729255168507505
P_1-2_1285,P_1-2_3590,18.699999999999996,7062.0,0.5729255168507505
P_1-2_1285,P_1-2_1658,36.80000000000025,7062.0,0.5729255168507505
P_1-2_1285,P_1-1-pt_1601,50.00000000000044,7062.0,0.5729255168507505
P_1-2_1285,P_1-1-pt_2425,3718.6999999977133,7062.0,0.5729255168507505
P_1-2_1285,P_2-1_2911,1534.6999999996997,7062.0,0.5729255168507505
P_1-1-pt_6355,P_1-1-pt_5167,55.70000000000052,7060.0,0.5286118980169972
P_1-1-pt_6355,P_1-1-pt_1747,56.600000000000534,7060.0,0.5286118980169972
P_1-1-pt_6355,P_1-1-pt_3858,31.400000000000176,7060.0,0.5286118980169972
P_1-1-pt_6355,P_1-1-pt_1601,68.80000000000037,7060.0,0.5286118980169972
P_1-1-pt_6355,P_1-1-pt_7938,52.20000000000047,7060.0,0.5286118980169972
P_1-1-pt_6355,P_1-2_3590,70.70000000000026,7060.0,0.5286118980169972
P_1-1-pt_6355,P_1-1-pt_3931,52.90000000000048,7060.0,0.5286118980169972
P_1-1-pt_6355,P_2-1_6236,23.20000000000006,7060.0,0.5286118980169972
P_1-1-pt_6355,P_1-1-pt_3353,55.10000000000051,7060.0,0.5286118980169972
P_1-1-pt_6355,P_1-2_4454,2422.799999998892,7060.0,0.5286118980169972
P_1-1-pt_6355,P_1-1-pt_2425,21.300000000000033,7060.0,0.5286118980169972
P_1-1-pt_6355,P_2-1_842,11.999999999999973,7060.0,0.5286118980169972
P_1-1-pt_6355,P_1-3_5451,32.9000000000002,7060.0,0.5286118980169972
P_1-1-pt_6355,P_1-2_4955,16.19999999999996,7060.0,0.5286118980169972
P_1-1-pt_6355,P_1-2_2061,11.799999999999974,7060.0,0.5286118980169972
P_1-1-pt_1669,P_1-2_960,17.49999999999998,7057.0,0.965849511123707
P_1-1-pt_1669,P_1-2_1265,39.000000000000284,7057.0,0.965849511123707
P_1-1-pt_1669,P_1-2_1494,51.90000000000047,7057.0,0.965849511123707
P_1-1-pt_1669,P_1-3_4253,33.90000000000021,7057.0,0.965849511123707
P_1-1-pt_1669,P_1-1-pt_7959,59.90000000000058,7057.0,0.965849511123707
P_1-1-pt_1669,P_2-1_5841,44.700000000000365,7057.0,0.965849511123707
P_1-1-pt_1669,P_1-1-pt_6381,53.00000000000048,7057.0,0.965849511123707
P_1-1-pt_1669,P_1-1-veh_824,45.10000000000037,7057.0,0.965849511123707
P_1-1-pt_5167,P_1-1-pt_6355,55.70000000000052,7055.0,0.49142452161587524
P_1-1-pt_5167,P_1-1-pt_3858,747.7000000001015,7055.0,0.49142452161587524
P_1-1-pt_5167,P_1-1-pt_521,844.0000000001234,7055.0,0.49142452161587524
P_1-1-pt_5167,P_1-1-pt_5139,37.50000000000026,7055.0,0.49142452161587524
P_1-1-pt_5167,P_1-1-pt_2863,21.00000000000003,7055.0,0.49142452161587524
P_1-1-pt_5167,P_1-1-pt_6974,867.5000000001287,7055.0,0.49142452161587524
P_1-1-pt_5167,P_1-1-pt_3671,1162.0000000000387,7055.0,0.49142452161587524
P_1-1-pt_5167,P_1-1-pt_4262,59.20000000000057,7055.0,0.49142452161587524
P_1-1-pt_5167,P_1-1-pt_98,1116.4000000000801,7055.0,0.49142452161587524
P_1-1-pt_5167,P_1-1-pt_3207,593.5000000000664,7055.0,0.49142452161587524
P_1-1-pt_5167,P_1-1-pt_1497,946.4000000001466,7055.0,0.49142452161587524
P_1-1-pt_5167,P_1-1-pt_6743,145.699999999996,7055.0,0.49142452161587524
P_1-1-pt_5167,P_1-1-pt_4879,80.99999999999967,7055.0,0.49142452161587524
P_1-1-pt_5167,P_1-1-pt_4736,173.19999999999445,7055.0,0.49142452161587524
P_1-1-pt_5167,P_1-1-pt_2880,353.00000000001177,7055.0,0.49142452161587524
P_1-1-pt_5167,P_1-3_3245,34.60000000000022,7055.0,0.49142452161587524
P_1-1-pt_5167,P_1-2_4483,28.600000000000136,7055.0,0.49142452161587524
P_1-1-pt_5167,P_1-1-pt_2920,55.900000000000524,7055.0,0.49142452161587524
P_1-1-pt_5167,P_1-2_4940,63.700000000000635,7055.0,0.49142452161587524
P_1-1-pt_5167,P_1-1-veh_610,43.10000000000034,7055.0,0.49142452161587524
P_1-1-pt_5167,P_1-1-pt_2369,53.200000000000486,7055.0,0.49142452161587524
P_1-1-pt_5167,P_1-1-pt_7573,59.00000000000057,7055.0,0.49142452161587524
P_1-1-pt_5167,P_1-1-veh_767,53.800000000000495,7055.0,0.49142452161587524
P_1-1-pt_5167,P_1-2_5543,17.69999999999998,7055.0,0.49142452161587524
P_1-1-pt_5167,P_1-1-pt_2013,193.2999999999933,7055.0,0.49142452161587524
P_1-1-pt_5167,P_1-2_303,50.00000000000044,7055.0,0.49142452161587524
P_1-1-pt_5167,P_1-1-pt_1747,5927.500000004033,7055.0,0.49142452161587524
P_1-3_4492,P_1-2_2422,14.199999999999966,7054.0,1.0
P_1-3_4492,P_2-1_842,32.40000000000019,7054.0,1.0
P_1-3_4492,P_2-1_2987,14.299999999999965,7054.0,1.0
P_1-3_4492,P_1-1-pt_3353,43.60000000000035,7054.0,1.0
P_1-3_4492,P_1-2_5927,26.500000000000107,7054.0,1.0
P_1-3_4492,P_1-2_3214,14.099999999999966,7054.0,1.0
P_1-3_4492,P_1-2_4715,11.499999999999975,7054.0,1.0
P_1-3_4492,P_1-2_2653,22.40000000000005,7054.0,1.0
P_1-3_4492,P_1-2_4454,11.299999999999976,7054.0,1.0
P_1-3_4492,P_1-2_3590,11.399999999999975,7054.0,1.0
P_1-3_4492,P_1-2_1658,27.100000000000115,7054.0,1.0
P_1-3_4492,P_1-1-pt_1601,50.20000000000044,7054.0,1.0
P_1-3_4492,P_2-1_5799,522.1000000000502,7054.0,1.0
P_1-1-pt_1006,P_1-2_250,45.10000000000037,7050.0,1.0
P_1-1-pt_1006,P_1-1-pt_8969,51.000000000000455,7050.0,1.0
P_1-1-pt_1006,P_1-3_2786,53.900000000000496,7050.0,1.0
P_1-1-pt_1006,P_1-3_5475,91.0999999999991,7050.0,1.0
P_1-1-pt_1006,P_1-3_1945,45.50000000000038,7050.0,1.0
P_1-1-pt_1006,P_1-2_3702,102.49999999999845,7050.0,1.0
P_1-1-pt_1006,P_1-1-pt_6673,42.00000000000033,7050.0,1.0
P_1-1-pt_1006,P_1-1-pt_2431,54.90000000000051,7050.0,1.0
P_1-1-pt_1006,P_1-2_848,102.69999999999844,7050.0,1.0
P_1-2_2287,P_1-1-pt_8682,44.90000000000037,7050.0,1.0
P_1-2_2287,P_1-2_3389,48.10000000000041,7050.0,1.0
P_1-2_2287,P_1-1-pt_560,45.80000000000038,7050.0,1.0
P_1-2_2287,P_1-2_4771,102.39999999999846,7050.0,1.0
P_1-2_2287,P_1-1-pt_1714,57.80000000000055,7050.0,1.0
P_1-2_2287,P_1-1-pt_3629,101.99999999999848,7050.0,1.0
P_1-2_2287,P_1-3_1785,50.80000000000045,7050.0,1.0
P_1-2_2287,P_1-3_874,48.00000000000041,7050.0,1.0
P_1-2_2287,P_1-2_3081,50.80000000000045,7050.0,1.0
P_1-2_2287,P_1-2_5951,50.60000000000045,7050.0,1.0
P_1-2_2287,P_1-3_4690,51.50000000000046,7050.0,1.0
P_1-2_3214,P_1-3_2221,48.80000000000042,7047.0,1.0
P_1-2_3214,P_1-1-pt_3931,79.49999999999976,7047.0,1.0
P_1-2_3214,P_2-1_6236,14.399999999999965,7047.0,1.0
P_1-2_3214,P_1-2_1948,14.499999999999964,7047.0,1.0
P_1-2_3214,P_1-3_5550,14.199999999999966,7047.0,1.0
P_1-2_3214,P_1-3_4492,14.099999999999966,7047.0,1.0
P_1-2_3214,P_1-3_2528,14.099999999999966,7047.0,1.0
P_1-2_3214,P_1-1-pt_2425,31.800000000000182,7047.0,1.0
P_1-2_3214,P_1-2_1285,20.40000000000002,7047.0,1.0
P_1-2_3214,P_2-1_842,27.100000000000115,7047.0,1.0
P_1-2_3214,P_1-3_5451,13.999999999999966,7047.0,1.0
P_1-2_3214,P_1-2_4955,27.600000000000122,7047.0,1.0
P_1-2_3214,P_1-2_2061,27.100000000000115,7047.0,1.0
P_1-2_3214,P_1-1-pt_4785,31.70000000000018,7047.0,1.0
P_1-2_3214,P_1-2_5020,50.300000000000445,7047.0,1.0
P_1-2_4270,P_1-2_1640,48.00000000000041,7037.0,0.9712945857609777
P_1-2_4270,P_1-2_5641,48.00000000000041,7037.0,0.9712945857609777
P_1-2_4270,P_1-3_547,48.00000000000041,7037.0,0.9712945857609777
P_1-2_4270,P_1-2_4327,48.40000000000042,7037.0,0.9712945857609777
P_1-2_4270,P_1-2_315,48.00000000000041,7037.0,0.9712945857609777
P_1-2_4270,P_1-1-pt_498,52.20000000000047,7037.0,0.9712945857609777
P_1-2_1612,P_1-2_4454,74.20000000000006,7035.0,1.0
P_1-2_1612,P_1-3_5144,38.80000000000028,7035.0,1.0
P_1-2_1612,P_1-1-pt_6743,52.90000000000048,7035.0,1.0
P_1-2_1612,P_1-1-pt_2880,90.9999999999991,7035.0,1.0
P_1-2_1612,P_1-1-pt_98,17.899999999999984,7035.0,1.0
P_1-2_1612,P_1-1-pt_1747,52.80000000000048,7035.0,1.0
P_1-2_1612,P_1-1-pt_6974,54.3000000000005,7035.0,1.0
P_1-2_1612,P_1-1-pt_3858,223.0999999999916,7035.0,1.0
P_1-2_1612,P_1-1-pt_4879,75.00000000000001,7035.0,1.0
P_1-2_1612,P_1-1-pt_8728,46.40000000000039,7035.0,1.0
P_1-2_1612,P_1-2_303,15.59999999999996,7035.0,1.0
P_1-2_1612,P_1-1-pt_255,30.100000000000158,7035.0,1.0
P_1-2_1612,P_1-1-pt_6413,53.100000000000485,7035.0,1.0
P_1-2_1612,P_1-1-pt_761,302.1000000000002,7035.0,1.0
P_1-2_1612,P_1-1-pt_494,52.30000000000047,7035.0,1.0
P_1-2_1612,P_1-1-pt_2162,52.10000000000047,7035.0,1.0
P_1-2_1612,P_1-1-pt_3409,73.10000000000012,7035.0,1.0
P_1-2_1612,P_1-1-pt_1270,53.60000000000049,7035.0,1.0
P_1-2_1612,P_2-1_63,5693.10000000318,7035.0,1.0
P_1-2_1612,P_1-1-pt_1473,103.59999999999839,7035.0,1.0
P_1-2_1612,P_1-1-pt_7863,49.30000000000043,7035.0,1.0
P_1-2_1612,P_1-1-pt_8545,79.99999999999973,7035.0,1.0
P_1-2_1612,P_1-1-pt_5193,79.99999999999973,7035.0,1.0
P_1-2_1612,P_1-1-pt_7325,48.40000000000042,7035.0,1.0
P_1-2_1612,P_1-1-pt_6453,147.4999999999959,7035.0,1.0
P_1-2_1612,P_1-2_1203,33.80000000000021,7035.0,1.0
P_1-2_104,P_1-1-pt_7664,67.60000000000043,7031.0,1.0
P_1-2_104,P_1-1-pt_4262,48.00000000000041,7031.0,1.0
P_1-2_104,P_1-3_2221,38.400000000000276,7031.0,1.0
P_1-2_104,P_1-3_2280,27.200000000000117,7031.0,1.0
P_1-2_104,P_1-2_2473,27.800000000000125,7031.0,1.0
P_1-2_104,P_1-2_4249,29.200000000000145,7031.0,1.0
P_1-2_104,P_1-3_2424,44.10000000000036,7031.0,1.0
P_1-2_104,P_1-3_1571,27.200000000000117,7031.0,1.0
P_1-2_104,P_1-2_171,34.100000000000215,7031.0,1.0
P_1-2_104,P_1-2_4285,21.500000000000036,7031.0,1.0
P_1-2_104,P_1-3_5537,23.600000000000065,7031.0,1.0
P_1-2_2180,P_1-2_4454,48.00000000000041,7026.0,1.0
P_1-2_2180,P_2-1_6130,50.60000000000045,7026.0,1.0
P_1-2_2180,P_2-1_5067,48.60000000000042,7026.0,1.0
P_1-2_2180,P_1-2_4853,48.50000000000042,7026.0,1.0
P_1-2_2180,P_1-3_4663,49.000000000000426,7026.0,1.0
P_1-2_2180,P_1-2_1658,48.00000000000041,7026.0,1.0
P_1-2_2180,P_1-3_4881,48.00000000000041,7026.0,1.0
P_1-2_2180,P_1-2_3879,1879.699999999386,7026.0,1.0
P_1-2_2180,P_1-2_5543,48.200000000000415,7026.0,1.0
P_1-2_2180,P_1-3_2773,48.10000000000041,7026.0,1.0
P_1-2_2180,P_1-3_4025,48.00000000000041,7026.0,1.0
P_1-2_2180,P_1-2_4376,48.200000000000415,7026.0,1.0
P_1-2_2180,P_1-3_1676,48.10000000000041,7026.0,1.0
P_1-2_2180,P_2-1_600,48.10000000000041,7026.0,1.0
P_1-2_2180,P_1-2_5765,48.00000000000041,7026.0,1.0
P_1-2_2180,P_1-2_4065,48.10000000000041,7026.0,1.0
P_1-2_3693,P_1-2_1559,188.89999999999355,7023.0,0.9373487113769045
P_1-2_3693,P_1-2_2564,185.59999999999374,7023.0,0.9373487113769045
P_1-2_3693,P_1-2_2034,48.40000000000042,7023.0,0.9373487113769045
P_1-2_3693,P_1-1-pt_4595,44.80000000000037,7023.0,0.9373487113769045
P_1-2_3693,P_1-2_2512,48.50000000000042,7023.0,0.9373487113769045
P_1-2_3693,P_1-2_2613,48.50000000000042,7023.0,0.9373487113769045
P_1-2_3693,P_1-1-pt_5392,143.19999999999615,7023.0,0.9373487113769045
P_1-2_3693,P_1-2_5210,51.30000000000046,7023.0,0.9373487113769045
P_1-2_3693,P_1-3_2633,71.40000000000022,7023.0,0.9373487113769045
P_1-2_3693,P_1-2_573,93.59999999999896,7023.0,0.9373487113769045
P_1-2_3693,P_1-3_4954,50.90000000000045,7023.0,0.9373487113769045
P_1-2_3693,P_1-3_458,44.30000000000036,7023.0,0.9373487113769045
P_1-2_3693,P_1-2_1017,50.70000000000045,7023.0,0.9373487113769045
P_1-2_3693,P_1-3_990,55.10000000000051,7023.0,0.9373487113769045
P_1-2_3693,P_1-1-pt_5241,55.200000000000514,7023.0,0.9373487113769045
P_1-2_3693,P_1-2_568,78.39999999999982,7023.0,0.9373487113769045
P_1-2_3693,P_1-1-pt_2952,75.89999999999996,7023.0,0.9373487113769045
P_1-2_3693,P_1-1-veh_5,90.49999999999913,7023.0,0.9373487113769045
P_1-3_5578,P_1-1-pt_8068,45.60000000000038,7019.0,1.0
P_1-3_5578,P_1-3_4690,14.199999999999966,7019.0,1.0
P_1-3_5578,P_1-2_505,13.999999999999966,7019.0,1.0
P_1-3_5578,P_1-2_2715,32.700000000000195,7019.0,1.0
P_1-3_5578,P_1-3_4666,96.19999999999881,7019.0,1.0
P_1-3_5578,P_1-2_4791,51.40000000000046,7019.0,1.0
P_1-3_5578,P_1-2_1533,51.30000000000046,7019.0,1.0
P_1-3_5578,P_1-3_635,51.800000000000466,7019.0,1.0
P_2-1_63,P_1-2_4454,57.70000000000055,7014.0,1.0
P_2-1_63,P_1-3_5144,38.90000000000028,7014.0,1.0
P_2-1_63,P_1-1-pt_6743,52.80000000000048,7014.0,1.0
P_2-1_63,P_1-1-pt_3858,105.99999999999825,7014.0,1.0
P_2-1_63,P_1-1-pt_98,18.099999999999987,7014.0,1.0
P_2-1_63,P_1-1-pt_1747,33.90000000000021,7014.0,1.0
P_2-1_63,P_1-1-pt_4879,93.09999999999899,7014.0,1.0
P_2-1_63,P_1-1-pt_8728,47.0000000000004,7014.0,1.0
P_2-1_63,P_1-2_303,15.199999999999962,7014.0,1.0
P_2-1_63,P_1-1-pt_255,34.900000000000226,7014.0,1.0
P_2-1_63,P_1-1-pt_761,28.90000000000014,7014.0,1.0
P_2-1_63,P_1-1-pt_6413,52.90000000000048,7014.0,1.0
P_2-1_63,P_1-1-pt_494,51.800000000000466,7014.0,1.0
P_2-1_63,P_1-1-pt_2162,58.40000000000056,7014.0,1.0
P_2-1_63,P_1-1-pt_3409,85.19999999999943,7014.0,1.0
P_2-1_63,P_1-1-pt_1270,49.000000000000426,7014.0,1.0
P_2-1_63,P_1-2_1612,5693.10000000318,7014.0,1.0
P_2-1_63,P_1-1-pt_1473,90.59999999999913,7014.0,1.0
P_2-1_63,P_1-1-pt_7863,69.10000000000035,7014.0,1.0
P_2-1_63,P_1-1-pt_8545,80.89999999999968,7014.0,1.0
P_2-1_63,P_1-1-pt_5193,81.49999999999964,7014.0,1.0
P_2-1_63,P_1-1-pt_7325,54.70000000000051,7014.0,1.0
P_2-1_63,P_1-1-pt_6453,77.69999999999986,7014.0,1.0
P_2-1_63,P_1-2_1203,38.300000000000274,7014.0,1.0
P_2-1_5435,P_2-1_4331,797.6000000001128,7013.0,0.7280764294880936
P_2-1_5435,P_1-2_2229,797.9000000001129,7013.0,0.7280764294880936
P_2-1_5435,P_1-2_2030,748.0000000001015,7013.0,0.7280764294880936
P_2-1_5435,P_2-1_3376,748.0000000001015,7013.0,0.7280764294880936
P_2-1_5435,P_2-1_6256,1749.799999999504,7013.0,0.7280764294880936
P_2-1_5435,P_1-2_3908,760.5000000001044,7013.0,0.7280764294880936
P_2-1_5435,P_1-2_4607,700.9000000000908,7013.0,0.7280764294880936
P_2-1_5435,P_1-1-pt_7104,642.7000000000776,7013.0,0.7280764294880936
P_2-1_5435,P_1-2_4886,698.3000000000902,7013.0,0.7280764294880936
P_1-1-pt_7040,P_2-1_2384,45.20000000000037,7007.0,1.0
P_1-1-pt_7040,P_1-1-pt_7123,1634.1999999996092,7007.0,1.0
P_1-1-pt_7040,P_2-1_600,45.300000000000374,7007.0,1.0
P_1-1-pt_7040,P_1-2_5765,17.799999999999983,7007.0,1.0
P_1-1-pt_7915,P_2-1_2293,41.50000000000032,7007.0,1.0
P_1-1-pt_7915,P_2-1_5067,20.100000000000016,7007.0,1.0
P_1-1-pt_7915,P_1-2_1658,45.300000000000374,7007.0,1.0
P_1-1-pt_7915,P_1-2_4940,8.399999999999986,7007.0,1.0
P_1-1-pt_7915,P_1-1-veh_610,22.000000000000043,7007.0,1.0
P_1-1-pt_7915,P_1-1-pt_3671,61.70000000000061,7007.0,1.0
P_1-1-pt_7915,P_1-1-pt_6974,675.9000000000851,7007.0,1.0
P_1-1-pt_7915,P_1-1-pt_98,437.1000000000309,7007.0,1.0
P_1-1-pt_7915,P_1-1-pt_3858,184.4999999999938,7007.0,1.0
P_1-1-pt_7915,P_1-1-pt_4879,38.80000000000028,7007.0,1.0
P_1-1-pt_7915,P_1-1-pt_521,62.00000000000061,7007.0,1.0
P_1-1-pt_7915,P_1-1-pt_5999,62.200000000000614,7007.0,1.0
P_1-1-pt_7915,P_1-2_5543,63.80000000000064,7007.0,1.0
P_1-1-pt_7915,P_2-1_1878,87.19999999999932,7007.0,1.0
P_1-1-pt_7915,P_1-3_3339,51.700000000000465,7007.0,1.0
P_1-1-pt_7915,P_1-1-veh_767,99.69999999999861,7007.0,1.0
P_1-1-pt_7123,P_2-1_2384,48.70000000000042,7004.0,1.0
P_1-1-pt_7123,P_1-1-pt_7040,1634.1999999996092,7004.0,1.0
P_1-1-pt_7123,P_1-1-pt_2503,152.09999999999565,7004.0,1.0
P_1-2_5943,P_1-1-pt_4645,910.1000000001384,7000.0,0.7404285714285714
P_1-2_5943,P_1-3_4822,40.0000000000003,7000.0,0.7404285714285714
P_1-2_5943,P_1-2_3716,49.10000000000043,7000.0,0.7404285714285714
P_1-2_5943,P_1-2_4098,49.000000000000426,7000.0,0.7404285714285714
P_1-2_5943,P_1-3_2482,38.400000000000276,7000.0,0.7404285714285714
P_1-2_5943,P_1-2_1025,16.399999999999963,7000.0,0.7404285714285714
P_1-3_5334,P_1-3_2985,47.70000000000041,6995.0,0.9538241601143674
P_1-3_5334,P_1-2_1990,48.10000000000041,6995.0,0.9538241601143674
P_1-3_5334,P_1-1-veh_602,77.89999999999985,6995.0,0.9538241601143674
P_1-3_5334,P_1-3_3755,3853.399999997591,6995.0,0.9538241601143674
P_1-3_5334,P_1-1-pt_7732,44.600000000000364,6995.0,0.9538241601143674
P_1-3_5334,P_1-1-pt_3927,1794.7999999994631,6995.0,0.9538241601143674
P_1-3_5334,P_1-1-pt_5115,51.000000000000455,6995.0,0.9538241601143674
P_1-3_5334,P_1-1-pt_6368,88.39999999999925,6995.0,0.9538241601143674
P_1-3_5334,P_1-1-pt_1306,70.70000000000026,6995.0,0.9538241601143674
P_1-3_5334,P_1-2_3052,75.59999999999998,6995.0,0.9538241601143674
P_1-3_5334,P_1-2_3413,99.49999999999862,6995.0,0.9538241601143674
P_1-3_5334,P_1-1-pt_1037,69.70000000000032,6995.0,0.9538241601143674
P_1-3_5334,P_1-1-pt_5324,65.20000000000057,6995.0,0.9538241601143674
P_1-3_5334,P_2-1_2045,17.099999999999973,6995.0,0.9538241601143674
P_1-1-pt_1747,P_1-1-pt_6355,56.600000000000534,6993.0,0.323037323037323
P_1-1-pt_1747,P_1-1-pt_3858,1208.899999999996,6993.0,0.323037323037323
P_1-1-pt_1747,P_1-1-pt_521,841.8000000001228,6993.0,0.323037323037323
P_1-1-pt_1747,P_1-1-pt_5139,9.699999999999982,6993.0,0.323037323037323
P_1-1-pt_1747,P_1-1-pt_2863,47.500000000000405,6993.0,0.323037323037323
P_1-1-pt_1747,P_1-1-pt_6974,953.3000000001482,6993.0,0.323037323037323
P_1-1-pt_1747,P_1-1-pt_3671,1165.900000000035,6993.0,0.323037323037323
P_1-1-pt_1747,P_1-1-pt_4262,59.500000000000576,6993.0,0.323037323037323
P_1-1-pt_1747,P_1-1-pt_98,1158.200000000042,6993.0,0.323037323037323
P_1-1-pt_1747,P_1-1-pt_3207,285.7999999999965,6993.0,0.323037323037323
P_1-1-pt_1747,P_1-1-pt_1497,670.900000000084,6993.0,0.323037323037323
P_1-1-pt_1747,P_1-1-pt_6743,131.7999999999968,6993.0,0.323037323037323
P_1-1-pt_1747,P_1-1-pt_4879,60.00000000000058,6993.0,0.323037323037323
P_1-1-pt_1747,P_1-1-pt_4736,170.6999999999946,6993.0,0.323037323037323
P_1-1-pt_1747,P_1-2_1612,52.80000000000048,6993.0,0.323037323037323
P_1-1-pt_1747,P_2-1_63,33.90000000000021,6993.0,0.323037323037323
P_1-1-pt_1747,P_1-1-pt_2880,300.49999999999983,6993.0,0.323037323037323
P_1-1-pt_1747,P_1-3_3245,13.799999999999967,6993.0,0.323037323037323
P_1-1-pt_1747,P_1-2_4483,87.19999999999932,6993.0,0.323037323037323
P_1-1-pt_1747,P_1-1-pt_2920,55.50000000000052,6993.0,0.323037323037323
P_1-1-pt_1747,P_1-2_4940,52.90000000000048,6993.0,0.323037323037323
P_1-1-pt_1747,P_1-1-veh_610,340.60000000000895,6993.0,0.323037323037323
P_1-1-pt_1747,P_1-1-pt_6673,55.60000000000052,6993.0,0.323037323037323
P_1-1-pt_1747,P_1-1-pt_7573,58.60000000000056,6993.0,0.323037323037323
P_1-1-pt_1747,P_1-1-veh_767,53.50000000000049,6993.0,0.323037323037323
P_1-1-pt_1747,P_1-1-pt_2013,170.89999999999458,6993.0,0.323037323037323
P_1-1-pt_1747,P_1-2_303,49.40000000000043,6993.0,0.323037323037323
P_1-1-pt_1747,P_1-2_5543,19.80000000000001,6993.0,0.323037323037323
P_1-1-pt_1747,P_1-1-pt_5167,5927.500000004033,6993.0,0.323037323037323
P_2-1_5419,P_1-1-pt_1329,52.30000000000047,6991.0,0.6326705764554427
P_2-1_5419,P_1-1-pt_3489,52.30000000000047,6991.0,0.6326705764554427
P_2-1_5419,P_1-1-pt_4879,59.30000000000057,6991.0,0.6326705764554427
P_2-1_5419,P_1-1-pt_3858,66.10000000000052,6991.0,0.6326705764554427
P_2-1_5419,P_1-2_250,313.1000000000027,6991.0,0.6326705764554427
P_2-1_5419,P_1-1-pt_2369,31.900000000000183,6991.0,0.6326705764554427
P_2-1_5419,P_1-1-pt_2013,37.10000000000026,6991.0,0.6326705764554427
P_2-1_5419,P_1-1-veh_767,13.399999999999968,6991.0,0.6326705764554427
P_2-1_5419,P_1-2_303,27.700000000000124,6991.0,0.6326705764554427
P_2-1_5419,P_1-1-pt_2162,52.500000000000476,6991.0,0.6326705764554427
P_2-1_5419,P_1-1-pt_3409,70.50000000000027,6991.0,0.6326705764554427
P_2-1_5419,P_1-1-pt_6413,611.5000000000705,6991.0,0.6326705764554427
P_2-1_5419,P_1-1-pt_1473,25.800000000000097,6991.0,0.6326705764554427
P_2-1_5419,P_1-1-pt_7863,46.20000000000039,6991.0,0.6326705764554427
P_2-1_5419,P_1-1-pt_8545,44.10000000000036,6991.0,0.6326705764554427
P_2-1_5419,P_1-1-pt_5193,44.000000000000355,6991.0,0.6326705764554427
P_2-1_5419,P_1-1-pt_7325,46.40000000000039,6991.0,0.6326705764554427
P_1-2_3608,P_1-2_4753,12.399999999999972,6988.0,0.386090440755581
P_1-2_3608,P_1-3_2043,12.199999999999973,6988.0,0.386090440755581
P_1-2_3608,P_1-2_638,16.29999999999996,6988.0,0.386090440755581
P_1-2_3608,P_1-3_743,509.50000000004735,6988.0,0.386090440755581
P_1-2_3608,P_1-3_2599,12.299999999999972,6988.0,0.386090440755581
P_1-2_3608,P_1-2_5745,12.399999999999972,6988.0,0.386090440755581
P_1-2_3608,P_1-2_4266,11.899999999999974,6988.0,0.386090440755581
P_1-2_3608,P_1-3_1535,10.19999999999998,6988.0,0.386090440755581
P_1-2_3608,P_1-2_609,12.299999999999972,6988.0,0.386090440755581
P_1-2_3608,P_1-1-veh_246,255.89999999998975,6988.0,0.386090440755581
P_1-2_3608,P_1-1-pt_1173,1901.599999999366,6988.0,0.386090440755581
P_1-2_5092,P_1-1-pt_8968,49.30000000000043,6986.0,0.7509304322931577
P_1-2_5092,P_1-1-veh_824,48.00000000000041,6986.0,0.7509304322931577
P_1-2_5092,P_1-3_5451,988.0000000001561,6986.0,0.7509304322931577
P_1-2_5092,P_1-3_4587,92.59999999999901,6986.0,0.7509304322931577
P_1-2_5092,P_1-2_4955,38.10000000000027,6986.0,0.7509304322931577
P_1-2_5092,P_1-2_2061,39.000000000000284,6986.0,0.7509304322931577
P_1-2_5092,P_1-3_2076,98.89999999999866,6986.0,0.7509304322931577
P_1-2_5092,P_1-1-pt_4785,13.09999999999997,6986.0,0.7509304322931577
P_1-2_5092,P_1-2_5020,50.60000000000045,6986.0,0.7509304322931577
P_1-2_5092,P_1-2_3378,101.39999999999851,6986.0,0.7509304322931577
P_1-2_5092,P_1-2_3077,101.19999999999852,6986.0,0.7509304322931577
P_1-2_5092,P_1-3_5354,49.700000000000436,6986.0,0.7509304322931577
P_1-2_5092,P_1-3_2180,49.80000000000044,6986.0,0.7509304322931577
P_1-1-pt_7440,P_1-2_4249,695.9000000000897,6984.0,1.0
P_1-1-pt_7440,P_1-1-pt_6673,51.50000000000046,6984.0,1.0
P_1-1-pt_7440,P_1-1-pt_5139,95.49999999999885,6984.0,1.0
P_1-1-pt_7440,P_1-1-pt_4380,50.70000000000045,6984.0,1.0
P_1-1-pt_7440,P_1-1-pt_2431,44.700000000000365,6984.0,1.0
P_1-1-pt_7440,P_1-1-pt_2863,48.300000000000416,6984.0,1.0
P_1-1-pt_841,P_2-1_842,96.59999999999879,6978.0,0.42519346517626827
P_1-1-pt_841,P_1-1-pt_2425,94.4999999999989,6978.0,0.42519346517626827
P_1-1-pt_841,P_1-2_1285,98.39999999999868,6978.0,0.42519346517626827
P_1-1-pt_841,P_1-3_5451,87.69999999999929,6978.0,0.42519346517626827
P_1-1-pt_841,P_1-3_1140,99.29999999999863,6978.0,0.42519346517626827
P_1-1-pt_841,P_1-2_4955,100.49999999999856,6978.0,0.42519346517626827
P_1-1-pt_841,P_1-2_2061,97.09999999999876,6978.0,0.42519346517626827
P_1-1-pt_841,P_1-1-pt_8085,1721.7999999995295,6978.0,0.42519346517626827
P_1-3_2881,P_1-1-pt_530,42.70000000000034,6959.0,0.5108492599511424
P_1-3_2881,P_1-2_5252,48.00000000000041,6959.0,0.5108492599511424
P_1-3_2881,P_1-3_5117,48.60000000000042,6959.0,0.5108492599511424
P_1-3_2881,P_1-2_2183,48.200000000000415,6959.0,0.5108492599511424
P_1-3_2881,P_1-3_5537,48.50000000000042,6959.0,0.5108492599511424
P_1-1-pt_8982,P_1-1-pt_3931,52.70000000000048,6952.0,1.0
P_1-1-pt_8982,P_2-1_6236,23.20000000000006,6952.0,1.0
P_1-1-pt_8982,P_2-1_5799,23.800000000000068,6952.0,1.0
P_1-1-pt_8982,P_1-1-pt_3353,52.80000000000048,6952.0,1.0
P_1-1-pt_8982,P_1-1-pt_2425,13.399999999999968,6952.0,1.0
P_1-1-pt_8982,P_2-1_842,27.200000000000117,6952.0,1.0
P_1-1-pt_8982,P_1-3_5451,32.9000000000002,6952.0,1.0
P_1-2_2512,P_1-1-pt_4595,496.1000000000443,6947.0,0.2886137901252339
P_1-2_2512,P_1-2_3693,48.50000000000042,6947.0,0.2886137901252339
P_1-2_2512,P_1-3_2643,47.2000000000004,6947.0,0.2886137901252339
P_1-2_2512,P_1-1-pt_654,34.900000000000226,6947.0,0.2886137901252339
P_1-2_2512,P_1-2_2613,105.99999999999825,6947.0,0.2886137901252339
P_1-2_2512,P_1-2_3386,112.1999999999979,6947.0,0.2886137901252339
P_1-2_2512,P_1-3_2985,59.00000000000057,6947.0,0.2886137901252339
P_1-2_4206,P_1-2_4734,204.89999999999264,6944.0,0.6296082949308756
P_1-2_4206,P_1-3_1500,840.5000000001226,6944.0,0.6296082949308756
P_1-2_4206,P_1-3_3901,203.6999999999927,6944.0,0.6296082949308756
P_1-2_4206,P_1-2_1420,204.19999999999268,6944.0,0.6296082949308756
P_1-2_4206,P_1-3_228,203.59999999999272,6944.0,0.6296082949308756
P_1-2_4206,P_1-3_3776,204.0999999999927,6944.0,0.6296082949308756
P_1-2_4206,P_2-1_2161,203.59999999999272,6944.0,0.6296082949308756
P_1-2_4206,P_1-3_874,101.6999999999985,6944.0,0.6296082949308756
P_1-2_4206,P_1-3_2454,101.79999999999849,6944.0,0.6296082949308756
P_1-2_4206,P_1-3_3834,101.49999999999851,6944.0,0.6296082949308756
P_1-2_4206,P_1-2_3280,101.89999999999849,6944.0,0.6296082949308756
P_1-2_4206,P_1-3_3046,102.19999999999847,6944.0,0.6296082949308756
P_1-2_4206,P_1-3_3457,101.79999999999849,6944.0,0.6296082949308756
P_1-2_4206,P_1-3_4168,50.90000000000045,6944.0,0.6296082949308756
P_1-2_4206,P_1-3_2053,51.30000000000046,6944.0,0.6296082949308756
P_1-2_5640,P_1-1-pt_8545,444.00000000003246,6943.0,1.0
P_1-2_5640,P_2-1_2045,48.10000000000041,6943.0,1.0
P_1-2_5640,P_1-3_4875,50.60000000000045,6943.0,1.0
P_1-2_5640,P_1-2_568,64.7000000000006,6943.0,1.0
P_1-2_5640,P_1-3_3410,46.60000000000039,6943.0,1.0
P_1-2_5640,P_1-1-pt_5241,118.99999999999751,6943.0,1.0
P_1-2_5640,P_1-1-pt_2952,62.10000000000061,6943.0,1.0
P_1-2_5640,P_1-1-veh_5,52.20000000000047,6943.0,1.0
P_1-2_5640,P_1-2_1066,226.6999999999914,6943.0,1.0
P_1-2_5640,P_1-2_3286,60.00000000000058,6943.0,1.0
P_1-2_5640,P_1-2_3835,276.2999999999943,6943.0,1.0
P_1-1-pt_5392,P_1-2_3386,0.4,6937.0,1.0
P_1-1-pt_5392,P_1-2_3693,143.19999999999615,6937.0,1.0
P_1-1-pt_5392,P_1-1-pt_2808,41.50000000000032,6937.0,1.0
P_1-1-pt_5392,P_1-2_2702,703.0000000000913,6937.0,1.0
P_1-1-pt_5392,P_1-1-pt_1238,37.600000000000264,6937.0,1.0
P_1-1-pt_5392,P_1-1-pt_1138,100.89999999999854,6937.0,1.0
P_1-1-pt_5392,P_1-1-pt_8762,100.29999999999858,6937.0,1.0
P_1-1-pt_5392,P_1-3_2985,67.90000000000042,6937.0,1.0
P_1-2_2564,P_1-2_1559,2903.9999999984543,6935.0,1.0
P_1-2_2564,P_1-2_3693,185.59999999999374,6935.0,1.0
P_1-2_2564,P_1-2_1017,51.100000000000456,6935.0,1.0
P_1-1-pt_2342,P_1-3_5020,51.90000000000047,6929.0,0.586376100447395
P_1-1-pt_2342,P_1-1-pt_2425,112.69999999999787,6929.0,0.586376100447395
P_1-1-pt_2342,P_2-1_2987,52.00000000000047,6929.0,0.586376100447395
P_1-1-pt_2342,P_1-2_1285,72.90000000000013,6929.0,0.586376100447395
P_1-1-pt_2342,P_1-1-veh_824,43.60000000000035,6929.0,0.586376100447395
P_1-1-pt_2342,P_2-1_2293,166.49999999999483,6929.0,0.586376100447395
P_1-1-pt_2342,P_1-2_4715,223.1999999999916,6929.0,0.586376100447395
P_1-1-pt_2342,P_1-2_2653,14.899999999999963,6929.0,0.586376100447395
P_1-1-pt_2342,P_1-1-pt_3800,196.8999999999931,6929.0,0.586376100447395
P_1-2_2183,P_1-1-pt_7938,7.499999999999989,6926.0,0.7486283569159689
P_1-2_2183,P_1-2_1640,47.500000000000405,6926.0,0.7486283569159689
P_1-2_2183,P_1-2_5641,48.00000000000041,6926.0,0.7486283569159689
P_1-2_2183,P_1-2_2598,48.00000000000041,6926.0,0.7486283569159689
P_1-2_2183,P_1-2_4098,48.10000000000041,6926.0,0.7486283569159689
P_1-2_2183,P_1-2_1025,48.10000000000041,6926.0,0.7486283569159689
P_1-2_2183,P_1-3_547,48.10000000000041,6926.0,0.7486283569159689
P_1-2_2183,P_1-1-pt_2718,45.300000000000374,6926.0,0.7486283569159689
P_1-2_2183,P_1-3_2881,48.200000000000415,6926.0,0.7486283569159689
P_1-2_2183,P_1-1-veh_603,48.200000000000415,6926.0,0.7486283569159689
P_1-2_2183,P_1-2_1600,48.200000000000415,6926.0,0.7486283569159689
P_1-2_2183,P_1-1-pt_6309,45.300000000000374,6926.0,0.7486283569159689
P_1-2_2183,P_1-1-pt_8692,45.50000000000038,6926.0,0.7486283569159689
P_1-2_2183,P_1-1-veh_459,48.70000000000042,6926.0,0.7486283569159689
P_1-2_2183,P_1-1-pt_8611,45.20000000000037,6926.0,0.7486283569159689
P_1-2_2183,P_1-1-pt_5997,45.20000000000037,6926.0,0.7486283569159689
P_1-2_2183,P_1-1-pt_394,45.300000000000374,6926.0,0.7486283569159689
P_1-2_2183,P_1-1-pt_4541,45.300000000000374,6926.0,0.7486283569159689
P_1-2_2183,P_1-3_4124,47.80000000000041,6926.0,0.7486283569159689
P_1-2_2183,P_1-3_2421,48.00000000000041,6926.0,0.7486283569159689
P_1-2_2183,P_1-1-pt_725,45.300000000000374,6926.0,0.7486283569159689
P_1-1-pt_8545,P_1-2_3575,1531.4999999997026,6923.0,0.8322981366459627
P_1-1-pt_8545,P_1-2_5640,444.00000000003246,6923.0,0.8322981366459627
P_1-1-pt_8545,P_1-1-pt_6368,48.900000000000425,6923.0,0.8322981366459627
P_1-1-pt_8545,P_1-2_3052,51.40000000000046,6923.0,0.8322981366459627
P_1-1-pt_8545,P_1-2_3386,464.20000000003705,6923.0,0.8322981366459627
P_1-1-pt_8545,P_1-1-pt_2606,52.400000000000475,6923.0,0.8322981366459627
P_1-1-pt_8545,P_1-3_1737,172.0999999999945,6923.0,0.8322981366459627
P_1-1-pt_8545,P_1-1-pt_1238,55.900000000000524,6923.0,0.8322981366459627
P_1-1-pt_8545,P_1-1-pt_3916,55.50000000000052,6923.0,0.8322981366459627
P_1-1-pt_8545,P_1-1-pt_1226,55.900000000000524,6923.0,0.8322981366459627
P_1-1-pt_8545,P_1-1-pt_3624,52.400000000000475,6923.0,0.8322981366459627
P_1-1-pt_8545,P_1-1-pt_1304,50.10000000000044,6923.0,0.8322981366459627
P_1-1-pt_8545,P_1-1-veh_105,91.39999999999908,6923.0,0.8322981366459627
P_1-1-pt_8545,P_2-1_3764,50.70000000000045,6923.0,0.8322981366459627
P_1-1-pt_8545,P_2-1_2925,51.000000000000455,6923.0,0.8322981366459627
P_1-1-pt_8545,P_1-1-veh_792,119.2999999999975,6923.0,0.8322981366459627
P_1-1-pt_8545,P_1-1-pt_8137,55.200000000000514,6923.0,0.8322981366459627
P_1-1-pt_8545,P_1-1-pt_7325,109.79999999999804,6923.0,0.8322981366459627
P_1-1-pt_8545,P_2-1_63,80.89999999999968,6923.0,0.8322981366459627
P_1-1-pt_8545,P_1-2_1612,79.99999999999973,6923.0,0.8322981366459627
P_1-1-pt_8545,P_1-1-pt_6453,51.40000000000046,6923.0,0.8322981366459627
P_1-1-pt_8545,P_1-3_3245,45.300000000000374,6923.0,0.8322981366459627
P_1-1-pt_8545,P_2-1_5419,44.10000000000036,6923.0,0.8322981366459627
P_1-1-pt_8545,P_1-1-pt_8728,47.400000000000404,6923.0,0.8322981366459627
P_1-1-pt_8545,P_1-2_4483,42.00000000000033,6923.0,0.8322981366459627
P_1-1-pt_8545,P_1-1-pt_5193,1882.3999999993835,6923.0,0.8322981366459627
P_1-2_4955,P_1-2_2061,5.099999999999998,6920.0,1.0
P_1-2_4955,P_1-2_5020,27.40000000000012,6920.0,1.0
P_1-2_4955,P_1-2_2422,33.2000000000002,6920.0,1.0
P_1-2_4955,P_1-2_5092,38.10000000000027,6920.0,1.0
P_1-2_4955,P_1-3_5354,45.60000000000038,6920.0,1.0
P_1-2_4955,P_1-1-pt_6516,47.400000000000404,6920.0,1.0
P_1-2_4955,P_1-3_4587,46.000000000000384,6920.0,1.0
P_1-2_4955,P_2-1_4930,241.0999999999906,6920.0,1.0
P_1-2_4955,P_1-2_5927,62.10000000000061,6920.0,1.0
P_1-2_4955,P_1-2_3214,27.600000000000122,6920.0,1.0
P_1-2_4955,P_1-2_4715,26.300000000000104,6920.0,1.0
P_1-2_4955,P_1-2_2653,32.50000000000019,6920.0,1.0
P_1-2_4955,P_1-1-pt_2770,12.99999999999997,6920.0,1.0
P_1-2_4955,P_1-1-pt_6355,16.19999999999996,6920.0,1.0
P_1-2_4955,P_1-2_4454,27.40000000000012,6920.0,1.0
P_1-2_4955,P_1-2_3590,27.200000000000117,6920.0,1.0
P_1-2_4955,P_1-1-pt_841,100.49999999999856,6920.0,1.0
P_1-2_4955,P_1-1-pt_8085,99.49999999999862,6920.0,1.0
P_2-1_5001,P_2-1_3601,207.5999999999925,6915.0,1.0
P_2-1_5001,P_2-1_2486,607.1000000000695,6915.0,1.0
P_2-1_4331,P_2-1_5435,797.6000000001128,6910.0,0.7756874095513748
P_2-1_4331,P_1-2_2229,750.7000000001021,6910.0,0.7756874095513748
P_2-1_4331,P_1-2_2030,747.7000000001015,6910.0,0.7756874095513748
P_2-1_4331,P_2-1_3376,748.4000000001016,6910.0,0.7756874095513748
P_2-1_4331,P_2-1_6256,756.4000000001034,6910.0,0.7756874095513748
P_2-1_4331,P_1-2_3908,747.5000000001014,6910.0,0.7756874095513748
P_2-1_4331,P_1-1-pt_7104,643.9000000000779,6910.0,0.7756874095513748
P_2-1_4331,P_1-2_4886,666.600000000083,6910.0,0.7756874095513748
P_2-1_4331,P_1-2_4607,3031.1999999983386,6910.0,0.7756874095513748
P_1-3_5537,P_1-1-pt_4645,46.40000000000039,6903.0,1.0
P_1-3_5537,P_1-2_1025,32.9000000000002,6903.0,1.0
P_1-3_5537,P_1-3_547,47.600000000000406,6903.0,1.0
P_1-3_5537,P_1-1-pt_2718,45.10000000000037,6903.0,1.0
P_1-3_5537,P_1-3_2881,48.50000000000042,6903.0,1.0
P_1-3_5537,P_1-1-veh_603,48.50000000000042,6903.0,1.0
P_1-3_5537,P_1-2_1600,48.50000000000042,6903.0,1.0
P_1-3_5537,P_1-1-pt_6309,45.80000000000038,6903.0,1.0
P_1-3_5537,P_1-1-pt_8692,45.80000000000038,6903.0,1.0
P_1-3_5537,P_1-1-veh_459,48.50000000000042,6903.0,1.0
P_1-3_5537,P_1-1-pt_8611,45.20000000000037,6903.0,1.0
P_1-3_5537,P_1-1-pt_5997,45.50000000000038,6903.0,1.0
P_1-3_5537,P_1-1-pt_394,45.00000000000037,6903.0,1.0
P_1-3_5537,P_1-1-pt_4541,45.20000000000037,6903.0,1.0
P_1-3_5537,P_1-3_4124,47.80000000000041,6903.0,1.0
P_1-3_5537,P_1-3_2421,47.80000000000041,6903.0,1.0
P_1-3_5537,P_1-1-pt_725,45.00000000000037,6903.0,1.0
P_1-3_5537,P_1-2_104,23.600000000000065,6903.0,1.0
P_1-2_5753,P_1-1-pt_8289,255.29999999998978,6898.0,0.5094230211655553
P_1-2_5753,P_1-1-pt_8184,311.20000000000226,6898.0,0.5094230211655553
P_1-2_5753,P_1-1-veh_834,235.5999999999909,6898.0,0.5094230211655553
P_1-2_5753,P_1-1-veh_530,56.30000000000053,6898.0,0.5094230211655553
P_1-2_5753,P_1-1-pt_1723,74.30000000000005,6898.0,0.5094230211655553
P_1-2_5753,P_1-3_2599,50.60000000000045,6898.0,0.5094230211655553
P_1-2_5753,P_1-2_5745,50.70000000000045,6898.0,0.5094230211655553
P_1-2_5753,P_1-1-pt_8735,50.20000000000044,6898.0,0.5094230211655553
P_1-2_5753,P_1-2_4266,50.60000000000045,6898.0,0.5094230211655553
P_1-2_5753,P_1-1-pt_182,50.20000000000044,6898.0,0.5094230211655553
P_1-2_5753,P_1-3_4289,50.60000000000045,6898.0,0.5094230211655553
P_1-2_5753,P_1-3_3076,91.1999999999991,6898.0,0.5094230211655553
P_1-2_5753,P_1-3_743,50.60000000000045,6898.0,0.5094230211655553
P_1-1-veh_767,P_1-1-pt_1560,16.99999999999997,6894.0,0.8215839860748477
P_1-1-veh_767,P_1-1-pt_5199,243.59999999999044,6894.0,0.8215839860748477
P_1-1-veh_767,P_1-1-pt_5666,50.400000000000446,6894.0,0.8215839860748477
P_1-1-veh_767,P_1-3_3245,14.099999999999966,6894.0,0.8215839860748477
P_1-1-veh_767,P_2-1_5419,13.399999999999968,6894.0,0.8215839860748477
P_1-1-veh_767,P_1-1-pt_2880,49.30000000000043,6894.0,0.8215839860748477
P_1-1-veh_767,P_1-1-pt_6743,50.00000000000044,6894.0,0.8215839860748477
P_1-1-veh_767,P_1-1-pt_8280,50.80000000000045,6894.0,0.8215839860748477
P_1-1-veh_767,P_1-1-pt_521,51.40000000000046,6894.0,0.8215839860748477
P_1-1-veh_767,P_1-1-pt_3207,700.5000000000907,6894.0,0.8215839860748477
P_1-1-veh_767,P_1-1-pt_7573,475.10000000003953,6894.0,0.8215839860748477
P_1-1-veh_767,P_1-1-pt_6974,149.79999999999578,6894.0,0.8215839860748477
P_1-1-veh_767,P_1-1-pt_5167,53.800000000000495,6894.0,0.8215839860748477
P_1-1-veh_767,P_1-1-pt_1747,53.50000000000049,6894.0,0.8215839860748477
P_1-1-veh_767,P_1-2_5543,46.20000000000039,6894.0,0.8215839860748477
P_1-1-veh_767,P_1-1-pt_3671,50.20000000000044,6894.0,0.8215839860748477
P_1-1-veh_767,P_2-1_1878,76.8999999999999,6894.0,0.8215839860748477
P_1-1-veh_767,P_1-3_3339,66.20000000000051,6894.0,0.8215839860748477
P_1-1-veh_767,P_1-1-pt_7915,99.69999999999861,6894.0,0.8215839860748477
P_1-2_4853,P_1-3_268,175.39999999999432,6891.0,0.6417065737919024
P_1-2_4853,P_1-2_2180,48.50000000000042,6891.0,0.6417065737919024
P_1-2_4853,P_1-2_3879,54.70000000000051,6891.0,0.6417065737919024
P_1-2_4853,P_1-3_4262,47.80000000000041,6891.0,0.6417065737919024
P_1-2_4853,P_2-1_1463,51.90000000000047,6891.0,0.6417065737919024
P_1-2_4853,P_2-1_4788,66.90000000000047,6891.0,0.6417065737919024
P_1-2_4853,P_2-1_499,58.20000000000056,6891.0,0.6417065737919024
P_1-2_4853,P_2-1_804,52.20000000000047,6891.0,0.6417065737919024
P_1-2_4853,P_2-1_213,55.900000000000524,6891.0,0.6417065737919024
P_1-2_4853,P_1-2_4065,31.800000000000182,6891.0,0.6417065737919024
P_1-3_1785,P_1-3_3046,48.00000000000041,6891.0,0.5385285154549412
P_1-3_1785,P_1-3_3457,47.90000000000041,6891.0,0.5385285154549412
P_1-3_1785,P_1-1-pt_3067,42.30000000000033,6891.0,0.5385285154549412
P_1-3_1785,P_1-1-veh_234,47.90000000000041,6891.0,0.5385285154549412
P_1-3_1785,P_1-1-pt_7142,43.70000000000035,6891.0,0.5385285154549412
P_1-3_1785,P_1-1-pt_6538,45.300000000000374,6891.0,0.5385285154549412
P_1-3_1785,P_1-1-pt_8682,45.300000000000374,6891.0,0.5385285154549412
P_1-3_1785,P_1-2_3389,48.300000000000416,6891.0,0.5385285154549412
P_1-3_1785,P_1-1-pt_1714,50.400000000000446,6891.0,0.5385285154549412
P_1-3_1785,P_1-2_2287,50.80000000000045,6891.0,0.5385285154549412
P_1-3_1785,P_1-2_4771,101.6999999999985,6891.0,0.5385285154549412
P_1-3_1785,P_1-1-pt_3629,101.99999999999848,6891.0,0.5385285154549412
P_1-3_1785,P_1-2_3081,50.90000000000045,6891.0,0.5385285154549412
P_1-3_1785,P_1-2_5951,50.80000000000045,6891.0,0.5385285154549412
P_1-3_1785,P_1-1-pt_560,45.70000000000038,6891.0,0.5385285154549412
P_1-3_2323,P_1-3_4168,47.90000000000041,6890.0,1.0
P_1-3_2323,P_1-1-pt_7080,45.10000000000037,6890.0,1.0
P_1-3_2323,P_1-1-veh_792,103.59999999999839,6890.0,1.0
P_1-3_2323,P_1-2_1203,96.09999999999881,6890.0,1.0
P_1-3_2323,P_1-3_3494,47.90000000000041,6890.0,1.0
P_1-3_2323,P_1-1-pt_6779,55.00000000000051,6890.0,1.0
P_1-3_2323,P_1-1-veh_105,64.40000000000062,6890.0,1.0
P_1-3_2323,P_1-2_2554,47.400000000000404,6890.0,1.0
P_1-3_2323,P_1-1-pt_7760,54.90000000000051,6890.0,1.0
P_1-3_2323,P_1-1-pt_6273,171.29999999999455,6890.0,1.0
P_1-3_2323,P_1-3_403,74.00000000000007,6890.0,1.0
P_1-3_2323,P_1-3_2955,45.60000000000038,6890.0,1.0
P_1-3_2323,P_1-1-pt_7142,95.59999999999884,6890.0,1.0
P_2-1_4127,P_2-1_1248,38.60000000000028,6875.0,1.0
P_2-1_4127,P_1-2_5518,38.70000000000028,6875.0,1.0
P_2-1_4127,P_1-2_1063,38.70000000000028,6875.0,1.0
P_2-1_4127,P_1-2_168,38.80000000000028,6875.0,1.0
P_2-1_4127,P_1-2_3708,48.70000000000042,6875.0,1.0
P_2-1_4127,P_1-1-pt_4875,43.300000000000345,6875.0,1.0
P_2-1_4127,P_1-3_3759,70.80000000000025,6875.0,1.0
P_1-2_3575,P_1-1-pt_8545,1531.4999999997026,6873.0,0.3548668703622872
P_1-2_3575,P_1-2_2613,2087.0999999991973,6873.0,0.3548668703622872
P_1-2_3575,P_1-1-pt_1966,34.60000000000022,6873.0,0.3548668703622872
P_1-2_3575,P_1-2_3386,74.10000000000007,6873.0,0.3548668703622872
P_1-2_3575,P_1-3_2985,65.10000000000058,6873.0,0.3548668703622872
P_1-2_3575,P_1-2_1990,91.49999999999908,6873.0,0.3548668703622872
P_1-2_3575,P_1-1-veh_602,57.00000000000054,6873.0,0.3548668703622872
P_1-3_528,P_1-1-veh_610,14.299999999999965,6873.0,0.5847519278335516
P_1-3_528,P_1-1-pt_3067,70.70000000000026,6873.0,0.5847519278335516
P_1-3_528,P_1-1-pt_2606,429.3000000000291,6873.0,0.5847519278335516
P_1-3_528,P_1-2_303,47.90000000000041,6873.0,0.5847519278335516
P_1-3_528,P_1-1-veh_792,48.200000000000415,6873.0,0.5847519278335516
P_1-3_528,P_1-1-pt_6273,93.39999999999897,6873.0,0.5847519278335516
P_1-3_528,P_1-1-veh_105,48.00000000000041,6873.0,0.5847519278335516
P_1-3_528,P_1-2_1203,48.40000000000042,6873.0,0.5847519278335516
P_1-3_528,P_1-2_2554,48.300000000000416,6873.0,0.5847519278335516
P_1-3_528,P_1-3_403,76.29999999999994,6873.0,0.5847519278335516
P_1-3_528,P_1-3_2955,46.20000000000039,6873.0,0.5847519278335516
P_1-3_528,P_1-3_3759,150.49999999999574,6873.0,0.5847519278335516
P_1-3_528,P_1-1-pt_7142,86.89999999999934,6873.0,0.5847519278335516
P_1-3_3759,P_1-3_2643,47.80000000000041,6872.0,1.0
P_1-3_3759,P_1-1-pt_2808,44.90000000000037,6872.0,1.0
P_1-3_3759,P_1-2_2702,34.50000000000022,6872.0,1.0
P_1-3_3759,P_1-3_528,150.49999999999574,6872.0,1.0
P_1-3_3759,P_1-3_3494,68.60000000000038,6872.0,1.0
P_1-3_3759,P_1-1-pt_6931,113.09999999999785,6872.0,1.0
P_1-3_3759,P_2-1_4127,70.80000000000025,6872.0,1.0
P_1-2_3386,P_1-1-pt_5392,0.4,6871.0,0.6833066511424829
P_1-2_3386,P_1-1-pt_8545,464.20000000003705,6871.0,0.6833066511424829
P_1-2_3386,P_1-2_3575,74.10000000000007,6871.0,0.6833066511424829
P_1-2_3386,P_1-2_2512,112.1999999999979,6871.0,0.6833066511424829
P_1-2_3386,P_1-3_2985,50.20000000000044,6871.0,0.6833066511424829
P_1-2_3386,P_1-2_1990,46.100000000000385,6871.0,0.6833066511424829
P_1-2_3280,P_1-1-pt_5078,56.50000000000053,6864.0,1.0
P_1-2_3280,P_1-1-veh_234,49.600000000000435,6864.0,1.0
P_1-2_3280,P_1-1-pt_7142,44.10000000000036,6864.0,1.0
P_1-2_3280,P_1-1-pt_6538,45.300000000000374,6864.0,1.0
P_1-2_3280,P_1-1-pt_8682,45.300000000000374,6864.0,1.0
P_1-2_3280,P_1-3_3579,49.000000000000426,6864.0,1.0
P_1-2_3280,P_1-2_3389,48.00000000000041,6864.0,1.0
P_1-2_3280,P_1-3_874,54.70000000000051,6864.0,1.0
P_1-2_3280,P_1-2_4734,101.89999999999849,6864.0,1.0
P_1-2_3280,P_1-3_2454,51.100000000000456,6864.0,1.0
P_1-2_3280,P_1-2_4206,101.89999999999849,6864.0,1.0
P_1-2_3280,P_1-3_1500,101.29999999999852,6864.0,1.0
P_1-2_3280,P_1-3_3901,101.39999999999851,6864.0,1.0
P_1-2_3280,P_1-2_1420,51.100000000000456,6864.0,1.0
P_1-2_3280,P_1-3_228,56.40000000000053,6864.0,1.0
P_1-2_3280,P_1-3_3834,50.80000000000045,6864.0,1.0
P_1-2_3280,P_1-3_3776,51.100000000000456,6864.0,1.0
P_1-2_3280,P_2-1_2161,51.20000000000046,6864.0,1.0
P_1-2_3280,P_1-3_3046,51.20000000000046,6864.0,1.0
P_1-2_3280,P_1-3_3457,51.100000000000456,6864.0,1.0
P_1-2_3280,P_1-3_4168,51.000000000000455,6864.0,1.0
P_1-2_3280,P_1-3_2053,50.90000000000045,6864.0,1.0
P_1-2_593,P_1-1-pt_4645,196.39999999999313,6862.0,0.4998542698921597
P_1-2_593,P_1-1-pt_5481,109.59999999999805,6862.0,0.4998542698921597
P_1-2_593,P_1-2_1219,20.000000000000014,6862.0,0.4998542698921597
P_1-1-pt_4996,P_1-1-veh_610,57.10000000000054,6860.0,1.0
P_1-1-pt_4996,P_1-1-pt_761,110.499999999998,6860.0,1.0
P_1-1-pt_4996,P_1-1-pt_3097,114.29999999999778,6860.0,1.0
P_1-1-pt_4996,P_1-1-pt_2834,148.89999999999583,6860.0,1.0
P_1-1-pt_4996,P_1-1-pt_6297,58.20000000000056,6860.0,1.0
P_1-1-pt_4996,P_1-1-pt_5199,116.09999999999768,6860.0,1.0
P_1-1-pt_4996,P_1-2_2875,47.70000000000041,6860.0,1.0
P_1-1-pt_4996,P_1-1-pt_6931,58.800000000000566,6860.0,1.0
P_1-1-pt_4996,P_1-1-pt_3067,56.20000000000053,6860.0,1.0
P_1-1-pt_4996,P_1-1-pt_530,53.800000000000495,6860.0,1.0
P_1-1-pt_4996,P_1-1-pt_776,61.80000000000061,6860.0,1.0
P_1-1-pt_4996,P_1-1-pt_1296,24.400000000000077,6860.0,1.0
P_1-1-pt_4996,P_1-1-pt_494,1022.3000000001639,6860.0,1.0
P_1-1-pt_4996,P_1-1-pt_6453,17.49999999999998,6860.0,1.0
P_1-1-pt_4996,P_1-1-pt_2162,111.69999999999793,6860.0,1.0
P_1-1-pt_4996,P_1-3_3245,10.899999999999977,6860.0,1.0
P_1-1-pt_4996,P_1-1-pt_6413,24.800000000000082,6860.0,1.0
P_1-1-pt_4996,P_1-1-pt_297,313.80000000000285,6860.0,1.0
P_1-1-pt_4996,P_1-1-pt_6176,58.40000000000056,6860.0,1.0
P_1-1-pt_4996,P_1-1-pt_1270,15.99999999999996,6860.0,1.0
P_1-2_1600,P_1-1-pt_530,42.90000000000034,6859.0,0.5933809593235165
P_1-2_1600,P_1-2_5252,47.90000000000041,6859.0,0.5933809593235165
P_1-2_1600,P_1-3_5117,47.90000000000041,6859.0,0.5933809593235165
P_1-2_1600,P_1-2_2183,48.200000000000415,6859.0,0.5933809593235165
P_1-2_1600,P_1-3_5537,48.50000000000042,6859.0,0.5933809593235165
P_1-2_1600,P_1-1-pt_6309,6819.000000007276,6859.0,0.5933809593235165
P_1-2_1600,P_1-1-veh_603,5454.00000000231,6859.0,0.5933809593235165
P_1-1-pt_2162,P_1-1-pt_1108,77.79999999999986,6850.0,0.5249635036496351
P_1-1-pt_2162,P_1-1-pt_8247,53.70000000000049,6850.0,0.5249635036496351
P_1-1-pt_2162,P_1-1-pt_3275,44.000000000000355,6850.0,0.5249635036496351
P_1-1-pt_2162,P_1-1-pt_1560,43.80000000000035,6850.0,0.5249635036496351
P_1-1-pt_2162,P_1-1-pt_1966,56.30000000000053,6850.0,0.5249635036496351
P_1-1-pt_2162,P_1-2_2875,65.50000000000055,6850.0,0.5249635036496351
P_1-1-pt_2162,P_1-1-pt_5906,56.80000000000054,6850.0,0.5249635036496351
P_1-1-pt_2162,P_1-1-pt_1238,57.00000000000054,6850.0,0.5249635036496351
P_1-1-pt_2162,P_1-1-pt_3916,56.000000000000526,6850.0,0.5249635036496351
P_1-1-pt_2162,P_1-1-pt_1226,56.000000000000526,6850.0,0.5249635036496351
P_1-1-pt_2162,P_1-1-veh_792,59.00000000000057,6850.0,0.5249635036496351
P_1-1-pt_2162,P_1-1-pt_3409,105.79999999999826,6850.0,0.5249635036496351
P_1-1-pt_2162,P_1-1-pt_3624,84.0999999999995,6850.0,0.5249635036496351
P_1-1-pt_2162,P_2-1_3764,52.60000000000048,6850.0,0.5249635036496351
P_1-1-pt_2162,P_2-1_2925,52.10000000000047,6850.0,0.5249635036496351
P_1-1-pt_2162,P_2-1_63,58.40000000000056,6850.0,0.5249635036496351
P_1-1-pt_2162,P_1-2_1612,52.10000000000047,6850.0,0.5249635036496351
P_1-1-pt_2162,P_1-1-pt_6453,53.40000000000049,6850.0,0.5249635036496351
P_1-1-pt_2162,P_1-1-pt_4996,111.69999999999793,6850.0,0.5249635036496351
P_1-1-pt_2162,P_1-3_3245,51.50000000000046,6850.0,0.5249635036496351
P_1-1-pt_2162,P_1-1-pt_6413,55.900000000000524,6850.0,0.5249635036496351
P_1-1-pt_2162,P_2-1_5419,52.500000000000476,6850.0,0.5249635036496351
P_1-1-pt_2162,P_1-1-pt_494,5216.400000001446,6850.0,0.5249635036496351
P_1-1-pt_2162,P_1-1-pt_8728,52.90000000000048,6850.0,0.5249635036496351
P_1-1-pt_2162,P_1-2_4483,52.500000000000476,6850.0,0.5249635036496351
P_1-1-pt_2162,P_1-1-pt_1270,43.00000000000034,6850.0,0.5249635036496351
P_1-1-pt_2162,P_1-1-pt_7863,12.099999999999973,6850.0,0.5249635036496351
P_1-1-pt_4671,P_1-1-pt_3927,52.80000000000048,6848.0,0.9398364485981309
P_1-1-pt_4671,P_1-1-pt_1298,52.400000000000475,6848.0,0.9398364485981309
P_1-1-pt_4671,P_1-1-pt_1270,75.10000000000001,6848.0,0.9398364485981309
P_1-1-pt_4671,P_1-1-pt_5897,73.70000000000009,6848.0,0.9398364485981309
P_1-1-pt_4671,P_1-1-pt_4919,37.50000000000026,6848.0,0.9398364485981309
P_1-1-pt_4671,P_1-1-pt_1304,39.100000000000286,6848.0,0.9398364485981309
P_1-1-pt_4671,P_1-1-pt_3275,58.20000000000056,6848.0,0.9398364485981309
P_1-1-pt_4671,P_1-1-pt_1560,58.000000000000554,6848.0,0.9398364485981309
P_1-1-pt_4671,P_1-1-pt_1966,55.80000000000052,6848.0,0.9398364485981309
P_1-1-pt_4671,P_1-1-pt_5906,56.10000000000053,6848.0,0.9398364485981309
P_1-1-pt_4671,P_1-1-pt_1238,55.70000000000052,6848.0,0.9398364485981309
P_1-1-pt_4671,P_1-1-pt_3916,55.900000000000524,6848.0,0.9398364485981309
P_1-1-pt_4671,P_1-1-pt_1108,50.10000000000044,6848.0,0.9398364485981309
P_1-1-pt_4671,P_1-1-pt_1226,56.10000000000053,6848.0,0.9398364485981309
P_1-1-pt_4671,P_1-1-pt_3409,352.6000000000117,6848.0,0.9398364485981309
P_1-1-pt_4671,P_1-1-pt_3624,52.90000000000048,6848.0,0.9398364485981309
P_1-1-pt_4671,P_1-1-pt_3769,82.49999999999959,6848.0,0.9398364485981309
P_1-1-pt_4671,P_1-1-veh_792,163.89999999999498,6848.0,0.9398364485981309
P_1-1-pt_4671,P_2-1_3764,49.10000000000043,6848.0,0.9398364485981309
P_1-1-pt_4671,P_2-1_2925,48.80000000000042,6848.0,0.9398364485981309
P_1-1-pt_4671,P_1-1-pt_1473,65.10000000000058,6848.0,0.9398364485981309
P_1-1-pt_4671,P_1-1-pt_6297,56.90000000000054,6848.0,0.9398364485981309
P_1-1-pt_4671,P_1-1-pt_6031,56.90000000000054,6848.0,0.9398364485981309
P_1-1-pt_4671,P_1-1-pt_7080,24.800000000000082,6848.0,0.9398364485981309
P_1-2_1066,P_1-1-pt_4715,52.400000000000475,6843.0,1.0
P_1-2_1066,P_1-2_5640,226.6999999999914,6843.0,1.0
P_1-1-pt_6931,P_1-3_2955,615.8000000000715,6836.0,0.5839672322995904
P_1-1-pt_6931,P_1-1-pt_4996,58.800000000000566,6836.0,0.5839672322995904
P_1-1-pt_6931,P_1-1-pt_3386,60.40000000000059,6836.0,0.5839672322995904
P_1-1-pt_6931,P_1-1-pt_3067,92.09999999999904,6836.0,0.5839672322995904
P_1-1-pt_6931,P_1-1-pt_776,75.10000000000001,6836.0,0.5839672322995904
P_1-1-pt_6931,P_1-2_303,113.59999999999782,6836.0,0.5839672322995904
P_1-1-pt_6931,P_1-1-pt_1226,65.70000000000054,6836.0,0.5839672322995904
P_1-1-pt_6931,P_1-1-pt_5199,86.09999999999938,6836.0,0.5839672322995904
P_1-1-pt_6931,P_1-1-pt_7080,38.60000000000028,6836.0,0.5839672322995904
P_1-1-pt_6931,P_1-3_4690,348.4000000000107,6836.0,0.5839672322995904
P_1-1-pt_6931,P_1-1-pt_1473,56.40000000000053,6836.0,0.5839672322995904
P_1-1-pt_6931,P_2-1_2136,55.80000000000052,6836.0,0.5839672322995904
P_1-1-pt_6931,P_1-1-veh_65,51.30000000000046,6836.0,0.5839672322995904
P_1-1-pt_6931,P_1-1-pt_2529,53.200000000000486,6836.0,0.5839672322995904
P_1-1-pt_6931,P_1-1-pt_8830,51.30000000000046,6836.0,0.5839672322995904
P_1-1-pt_6931,P_1-3_3759,113.09999999999785,6836.0,0.5839672322995904
P_1-1-pt_2844,P_1-2_1658,58.90000000000057,6829.0,1.0
P_1-1-pt_2844,P_1-1-pt_1601,52.70000000000048,6829.0,1.0
P_1-1-pt_2844,P_1-1-pt_7938,1613.8999999996277,6829.0,1.0
P_1-1-pt_6309,P_1-1-pt_530,38.20000000000027,6820.0,1.0
P_1-1-pt_6309,P_1-1-veh_603,2450.199999998867,6820.0,1.0
P_1-1-pt_6309,P_1-2_5252,45.300000000000374,6820.0,1.0
P_1-1-pt_6309,P_1-3_5117,45.20000000000037,6820.0,1.0
P_1-1-pt_6309,P_1-2_2183,45.300000000000374,6820.0,1.0
P_1-1-pt_6309,P_1-3_5537,45.80000000000038,6820.0,1.0
P_1-1-pt_6309,P_1-2_1600,6819.000000007276,6820.0,1.0
P_1-3_2955,P_1-1-pt_6931,615.8000000000715,6818.0,1.0
P_1-3_2955,P_1-1-pt_530,67.00000000000047,6818.0,1.0
P_1-3_2955,P_1-2_2875,65.50000000000055,6818.0,1.0
P_1-3_2955,P_1-1-pt_3386,9.299999999999983,6818.0,1.0
P_1-3_2955,P_1-1-pt_3067,100.09999999999859,6818.0,1.0
P_1-3_2955,P_1-2_2702,31.400000000000176,6818.0,1.0
P_1-3_2955,P_1-3_2323,45.60000000000038,6818.0,1.0
P_1-3_2955,P_1-3_528,46.20000000000039,6818.0,1.0
P_1-3_2955,P_1-3_3494,82.79999999999957,6818.0,1.0
P_1-3_2955,P_1-3_4690,56.40000000000053,6818.0,1.0
P_1-2_4388,P_1-3_3135,48.200000000000415,6804.0,1.0
P_1-2_4388,P_2-1_3944,95.69999999999884,6804.0,1.0
P_1-1-veh_234,P_1-3_2454,47.90000000000041,6799.0,0.9101338432122371
P_1-1-veh_234,P_1-1-veh_105,48.200000000000415,6799.0,0.9101338432122371
P_1-1-veh_234,P_1-3_3834,47.80000000000041,6799.0,0.9101338432122371
P_1-1-veh_234,P_1-1-pt_3067,26.80000000000011,6799.0,0.9101338432122371
P_1-1-veh_234,P_1-3_1785,47.90000000000041,6799.0,0.9101338432122371
P_1-1-veh_234,P_1-2_2554,49.600000000000435,6799.0,0.9101338432122371
P_1-1-veh_234,P_1-2_3280,49.600000000000435,6799.0,0.9101338432122371
P_1-1-veh_234,P_1-3_3046,48.60000000000042,6799.0,0.9101338432122371
P_1-1-veh_234,P_1-3_3457,48.70000000000042,6799.0,0.9101338432122371
P_1-1-veh_234,P_1-1-pt_5078,104.99999999999831,6799.0,0.9101338432122371
P_1-1-veh_234,P_1-1-pt_7208,51.700000000000465,6799.0,0.9101338432122371
P_1-1-veh_234,P_1-1-pt_1238,46.50000000000039,6799.0,0.9101338432122371
P_1-1-veh_234,P_1-1-pt_7760,92.59999999999901,6799.0,0.9101338432122371
P_1-1-veh_234,P_1-1-pt_6538,49.40000000000043,6799.0,0.9101338432122371
P_1-1-veh_234,P_1-1-pt_7142,103.4999999999984,6799.0,0.9101338432122371
P_1-1-veh_234,P_1-1-pt_776,12.399999999999972,6799.0,0.9101338432122371
P_1-1-veh_234,P_1-1-pt_8682,100.59999999999856,6799.0,0.9101338432122371
P_1-1-veh_234,P_1-2_1596,50.70000000000045,6799.0,0.9101338432122371
P_1-1-veh_234,P_1-3_2053,47.90000000000041,6799.0,0.9101338432122371
P_1-1-veh_234,P_1-2_5951,48.00000000000041,6799.0,0.9101338432122371
P_1-1-veh_234,P_1-1-pt_6297,44.10000000000036,6799.0,0.9101338432122371
P_1-1-veh_234,P_1-1-pt_5199,119.1999999999975,6799.0,0.9101338432122371
P_1-1-veh_234,P_1-3_4690,49.40000000000043,6799.0,0.9101338432122371
P_1-1-veh_234,P_1-1-pt_4901,52.30000000000047,6799.0,0.9101338432122371
P_1-1-veh_234,P_1-1-pt_7080,106.09999999999825,6799.0,0.9101338432122371
P_1-1-veh_234,P_1-1-pt_6031,91.89999999999905,6799.0,0.9101338432122371
P_1-1-veh_234,P_1-2_3389,51.000000000000455,6799.0,0.9101338432122371
P_1-1-veh_234,P_1-1-pt_1473,43.900000000000354,6799.0,0.9101338432122371
P_1-1-veh_234,P_1-1-pt_5897,44.000000000000355,6799.0,0.9101338432122371
P_1-1-veh_234,P_1-2_1255,46.60000000000039,6799.0,0.9101338432122371
P_1-1-pt_5258,P_1-1-pt_3800,40.400000000000304,6796.0,1.0
P_1-1-pt_5258,P_1-1-pt_7277,53.100000000000485,6796.0,1.0
P_1-1-pt_5258,P_2-1_2293,52.500000000000476,6796.0,1.0
P_1-1-pt_5258,P_1-2_163,52.00000000000047,6796.0,1.0
P_1-1-pt_5258,P_1-1-pt_7948,135.59999999999658,6796.0,1.0
P_1-1-pt_5258,P_2-1_4267,61.4000000000006,6796.0,1.0
P_1-1-pt_5258,P_2-1_3390,3.900000000000002,6796.0,1.0
P_1-3_2278,P_1-1-pt_8247,32.50000000000019,6794.0,1.0
P_1-3_2278,P_1-3_3793,52.20000000000047,6794.0,1.0
P_1-3_2278,P_2-1_6274,100.89999999999854,6794.0,1.0
P_1-1-pt_6031,P_1-1-pt_1121,55.900000000000524,6793.0,0.7757986162225821
P_1-1-pt_6031,P_1-1-pt_2606,56.700000000000536,6793.0,0.7757986162225821
P_1-1-pt_6031,P_1-1-pt_1966,55.40000000000052,6793.0,0.7757986162225821
P_1-1-pt_6031,P_1-1-pt_2834,28.90000000000014,6793.0,0.7757986162225821
P_1-1-pt_6031,P_1-1-pt_5906,56.20000000000053,6793.0,0.7757986162225821
P_1-1-pt_6031,P_1-1-pt_1238,56.10000000000053,6793.0,0.7757986162225821
P_1-1-pt_6031,P_1-1-pt_3916,74.60000000000004,6793.0,0.7757986162225821
P_1-1-pt_6031,P_1-1-pt_1226,56.10000000000053,6793.0,0.7757986162225821
P_1-1-pt_6031,P_1-1-pt_5199,65.50000000000055,6793.0,0.7757986162225821
P_1-1-pt_6031,P_1-1-veh_234,91.89999999999905,6793.0,0.7757986162225821
P_1-1-pt_6031,P_1-1-pt_0,90.19999999999915,6793.0,0.7757986162225821
P_1-1-pt_6031,P_1-1-pt_8068,171.89999999999452,6793.0,0.7757986162225821
P_1-1-pt_6031,P_2-1_2136,98.49999999999868,6793.0,0.7757986162225821
P_1-1-pt_6031,P_1-1-veh_65,47.90000000000041,6793.0,0.7757986162225821
P_1-1-pt_6031,P_1-1-pt_4671,56.90000000000054,6793.0,0.7757986162225821
P_1-1-pt_6031,P_1-1-pt_4919,56.40000000000053,6793.0,0.7757986162225821
P_2-1_1248,P_2-1_4127,38.60000000000028,6790.0,1.0
P_2-1_1248,P_2-1_3119,48.10000000000041,6790.0,1.0
P_2-1_1248,P_1-3_4644,50.50000000000045,6790.0,1.0
P_2-1_1248,P_2-1_2486,48.00000000000041,6790.0,1.0
P_2-1_1248,P_2-1_3601,48.00000000000041,6790.0,1.0
P_2-1_1248,P_2-1_600,48.10000000000041,6790.0,1.0
P_2-1_1248,P_1-2_5765,48.00000000000041,6790.0,1.0
P_2-1_1248,P_1-2_5518,486.4000000000421,6790.0,1.0
P_1-1-pt_776,P_1-1-veh_234,12.399999999999972,6782.0,1.0
P_1-1-pt_776,P_1-1-pt_7142,71.40000000000022,6782.0,1.0
P_1-1-pt_776,P_1-1-pt_7760,56.000000000000526,6782.0,1.0
P_1-1-pt_776,P_1-3_2053,51.800000000000466,6782.0,1.0
P_1-1-pt_776,P_1-1-pt_6538,209.3999999999924,6782.0,1.0
P_1-1-pt_776,P_1-1-pt_6297,96.69999999999878,6782.0,1.0
P_1-1-pt_776,P_1-1-pt_5199,64.6000000000006,6782.0,1.0
P_1-1-pt_776,P_1-2_303,98.79999999999866,6782.0,1.0
P_1-1-pt_776,P_1-1-pt_6931,75.10000000000001,6782.0,1.0
P_1-1-pt_776,P_1-1-pt_4996,61.80000000000061,6782.0,1.0
P_1-1-pt_776,P_1-2_2543,52.20000000000047,6782.0,1.0
P_1-1-pt_4262,P_1-1-pt_5167,59.20000000000057,6777.0,0.8105356352368305
P_1-1-pt_4262,P_1-1-pt_1747,59.500000000000576,6777.0,0.8105356352368305
P_1-1-pt_4262,P_1-1-pt_3671,317.9000000000038,6777.0,0.8105356352368305
P_1-1-pt_4262,P_1-1-pt_6743,51.90000000000047,6777.0,0.8105356352368305
P_1-1-pt_4262,P_1-1-pt_2880,45.80000000000038,6777.0,0.8105356352368305
P_1-1-pt_4262,P_1-1-pt_521,7.19999999999999,6777.0,0.8105356352368305
P_1-1-pt_4262,P_1-1-pt_394,85.19999999999943,6777.0,0.8105356352368305
P_1-1-pt_4262,P_1-1-pt_4541,32.20000000000019,6777.0,0.8105356352368305
P_1-1-pt_4262,P_1-2_104,48.00000000000041,6777.0,0.8105356352368305
P_1-1-pt_4262,P_1-1-pt_527,38.300000000000274,6777.0,0.8105356352368305
P_1-1-pt_4262,P_1-2_4962,43.60000000000035,6777.0,0.8105356352368305
P_1-1-pt_4262,P_1-2_1715,51.100000000000456,6777.0,0.8105356352368305
P_1-1-pt_4262,P_1-1-pt_5357,53.00000000000048,6777.0,0.8105356352368305
P_1-1-pt_4262,P_1-1-veh_152,52.400000000000475,6777.0,0.8105356352368305
P_1-1-pt_4262,P_1-1-pt_1420,53.70000000000049,6777.0,0.8105356352368305
P_1-1-pt_4262,P_1-2_2795,50.90000000000045,6777.0,0.8105356352368305
P_1-1-pt_4262,P_1-1-pt_8247,53.70000000000049,6777.0,0.8105356352368305
P_1-1-pt_4262,P_1-2_2543,48.900000000000425,6777.0,0.8105356352368305
P_1-1-pt_4262,P_1-2_671,50.300000000000445,6777.0,0.8105356352368305
P_1-1-pt_4262,P_1-1-pt_3512,52.80000000000048,6777.0,0.8105356352368305
P_1-1-pt_4262,P_1-1-pt_1798,55.900000000000524,6777.0,0.8105356352368305
P_1-1-pt_6673,P_1-1-pt_3858,5.999999999999995,6768.0,1.0
P_1-1-pt_6673,P_1-1-pt_7440,51.50000000000046,6768.0,1.0
P_1-1-pt_6673,P_1-1-pt_1006,42.00000000000033,6768.0,1.0
P_1-1-pt_6673,P_1-2_3702,96.49999999999879,6768.0,1.0
P_1-1-pt_6673,P_1-1-pt_4380,156.99999999999537,6768.0,1.0
P_1-1-pt_6673,P_1-3_1945,174.49999999999437,6768.0,1.0
P_1-1-pt_6673,P_1-1-pt_2920,50.80000000000045,6768.0,1.0
P_1-1-pt_6673,P_1-1-pt_1747,55.60000000000052,6768.0,1.0
P_1-1-pt_6673,P_1-1-pt_1497,584.0000000000642,6768.0,1.0
P_1-1-pt_6673,P_1-3_1027,53.900000000000496,6768.0,1.0
P_1-1-pt_6673,P_2-1_1724,45.400000000000375,6768.0,1.0
P_1-1-pt_6673,P_1-1-pt_5139,41.100000000000314,6768.0,1.0
P_1-3_3457,P_1-1-veh_105,14.599999999999964,6764.0,1.0
P_1-3_3457,P_1-3_3834,99.29999999999863,6764.0,1.0
P_1-3_3457,P_1-3_1785,47.90000000000041,6764.0,1.0
P_1-3_3457,P_1-2_2554,32.700000000000195,6764.0,1.0
P_1-3_3457,P_1-1-pt_4966,53.900000000000496,6764.0,1.0
P_1-3_3457,P_1-1-veh_234,48.70000000000042,6764.0,1.0
P_1-3_3457,P_1-3_3046,415.30000000002593,6764.0,1.0
P_1-3_3457,P_1-1-pt_7208,42.40000000000033,6764.0,1.0
P_1-3_3457,P_1-1-pt_1238,50.400000000000446,6764.0,1.0
P_1-3_3457,P_1-1-pt_7142,44.000000000000355,6764.0,1.0
P_1-3_3457,P_1-1-pt_6538,45.300000000000374,6764.0,1.0
P_1-3_3457,P_1-1-pt_8682,45.400000000000375,6764.0,1.0
P_1-3_3457,P_1-2_3389,48.10000000000041,6764.0,1.0
P_1-3_3457,P_1-2_4734,101.89999999999849,6764.0,1.0
P_1-3_3457,P_1-3_2454,50.90000000000045,6764.0,1.0
P_1-3_3457,P_1-2_4206,101.79999999999849,6764.0,1.0
P_1-3_3457,P_1-3_1500,101.6999999999985,6764.0,1.0
P_1-3_3457,P_1-3_3901,54.80000000000051,6764.0,1.0
P_1-3_3457,P_1-2_1420,50.90000000000045,6764.0,1.0
P_1-3_3457,P_1-3_228,50.70000000000045,6764.0,1.0
P_1-3_3457,P_1-3_3776,51.000000000000455,6764.0,1.0
P_1-3_3457,P_2-1_2161,50.90000000000045,6764.0,1.0
P_1-3_3457,P_1-2_3280,51.100000000000456,6764.0,1.0
P_1-3_3457,P_1-3_4168,50.90000000000045,6764.0,1.0
P_1-3_3457,P_1-3_2053,50.80000000000045,6764.0,1.0
P_1-2_2229,P_2-1_5435,797.9000000001129,6762.0,0.5967169476486247
P_1-2_2229,P_2-1_4331,750.7000000001021,6762.0,0.5967169476486247
P_1-2_2229,P_2-1_3376,750.7000000001021,6762.0,0.5967169476486247
P_1-2_2229,P_2-1_6256,730.3000000000975,6762.0,0.5967169476486247
P_1-2_2229,P_1-2_3908,747.0000000001013,6762.0,0.5967169476486247
P_1-2_2229,P_1-2_4607,697.9000000000901,6762.0,0.5967169476486247
P_1-2_2229,P_1-2_2030,1575.1999999996629,6762.0,0.5967169476486247
P_1-2_2229,P_1-1-pt_7104,3842.6999999976006,6762.0,0.5967169476486247
P_1-2_2229,P_1-2_4886,5920.000000004005,6762.0,0.5967169476486247
P_1-3_635,P_2-1_2136,47.90000000000041,6760.0,0.810207100591716
P_1-3_635,P_1-1-veh_65,47.80000000000041,6760.0,0.810207100591716
P_1-3_635,P_1-2_168,75.10000000000001,6760.0,0.810207100591716
P_1-3_635,P_1-1-pt_4875,46.30000000000039,6760.0,0.810207100591716
P_1-3_635,P_1-2_3708,47.90000000000041,6760.0,0.810207100591716
P_1-3_635,P_1-2_505,13.999999999999966,6760.0,0.810207100591716
P_1-3_635,P_1-2_2715,32.700000000000195,6760.0,0.810207100591716
P_1-3_635,P_1-3_4666,47.90000000000041,6760.0,0.810207100591716
P_1-3_635,P_1-2_4791,52.20000000000047,6760.0,0.810207100591716
P_1-3_635,P_1-2_1533,50.70000000000045,6760.0,0.810207100591716
P_1-3_635,P_1-3_5578,51.800000000000466,6760.0,0.810207100591716
P_1-3_635,P_1-1-pt_1700,26.80000000000011,6760.0,0.810207100591716
P_1-2_4753,P_1-3_2043,4770.299999999823,6759.0,0.7662376091137743
P_1-2_4753,P_1-2_3608,12.399999999999972,6759.0,0.7662376091137743
P_1-2_4753,P_1-3_743,12.399999999999972,6759.0,0.7662376091137743
P_1-2_4753,P_1-3_2599,9.299999999999983,6759.0,0.7662376091137743
P_1-2_4753,P_1-2_5745,8.999999999999984,6759.0,0.7662376091137743
P_1-2_4753,P_1-2_4266,11.399999999999975,6759.0,0.7662376091137743
P_1-2_4753,P_1-3_1535,9.599999999999982,6759.0,0.7662376091137743
P_1-3_5475,P_1-1-pt_2863,44.40000000000036,6758.0,1.0
P_1-3_5475,P_1-1-pt_5139,52.500000000000476,6758.0,1.0
P_1-3_5475,P_1-3_2786,152.09999999999565,6758.0,1.0
P_1-3_5475,P_1-1-pt_1006,91.0999999999991,6758.0,1.0
P_1-3_5475,P_2-1_5067,93.29999999999897,6758.0,1.0
P_1-3_5475,P_1-2_1658,72.70000000000014,6758.0,1.0
P_1-3_5475,P_1-3_4881,64.7000000000006,6758.0,1.0
P_1-3_5475,P_1-2_5543,57.20000000000054,6758.0,1.0
P_1-3_5475,P_1-3_4025,51.700000000000465,6758.0,1.0
P_1-3_5475,P_2-1_4267,83.09999999999955,6758.0,1.0
P_1-3_5475,P_2-1_3390,100.59999999999856,6758.0,1.0
P_1-3_5475,P_2-1_600,47.90000000000041,6758.0,1.0
P_1-3_5475,P_1-2_5765,48.200000000000415,6758.0,1.0
P_1-3_5475,P_2-1_1463,47.90000000000041,6758.0,1.0
P_1-3_5475,P_2-1_4788,48.10000000000041,6758.0,1.0
P_1-3_5475,P_2-1_499,48.10000000000041,6758.0,1.0
P_1-3_5475,P_2-1_804,48.10000000000041,6758.0,1.0
P_1-3_5475,P_2-1_213,47.90000000000041,6758.0,1.0
P_1-1-pt_560,P_1-3_874,946.1000000001466,6756.0,1.0
P_1-1-pt_560,P_1-2_3389,11.299999999999976,6756.0,1.0
P_1-1-pt_560,P_1-2_4771,91.89999999999905,6756.0,1.0
P_1-1-pt_560,P_1-1-pt_1714,81.29999999999966,6756.0,1.0
P_1-1-pt_560,P_1-2_2287,45.80000000000038,6756.0,1.0
P_1-1-pt_560,P_1-3_3793,406.800000000024,6756.0,1.0
P_1-1-pt_560,P_1-3_870,45.60000000000038,6756.0,1.0
P_1-1-pt_560,P_1-1-pt_3629,19.1,6756.0,1.0
P_1-1-pt_560,P_1-2_3081,45.60000000000038,6756.0,1.0
P_1-1-pt_560,P_1-2_5951,45.90000000000038,6756.0,1.0
P_1-1-pt_560,P_1-3_1785,45.70000000000038,6756.0,1.0
P_1-3_4644,P_2-1_2384,48.10000000000041,6750.0,0.9638518518518518
P_1-3_4644,P_2-1_1248,50.50000000000045,6750.0,0.9638518518518518
P_1-3_4644,P_1-2_5518,50.300000000000445,6750.0,0.9638518518518518
P_1-3_4644,P_1-2_1063,48.10000000000041,6750.0,0.9638518518518518
P_1-3_4644,P_1-2_168,38.60000000000028,6750.0,0.9638518518518518
P_1-3_4644,P_1-2_3708,39.40000000000029,6750.0,0.9638518518518518
P_1-1-pt_494,P_1-2_4208,44.10000000000036,6748.0,1.0
P_1-1-pt_494,P_1-1-pt_3927,254.29999999998984,6748.0,1.0
P_1-1-pt_494,P_1-1-pt_1108,83.09999999999955,6748.0,1.0
P_1-1-pt_494,P_1-1-pt_8247,54.0000000000005,6748.0,1.0
P_1-1-pt_494,P_1-1-pt_3275,42.500000000000334,6748.0,1.0
P_1-1-pt_494,P_1-1-pt_1560,45.00000000000037,6748.0,1.0
P_1-1-pt_494,P_1-1-pt_1966,56.20000000000053,6748.0,1.0
P_1-1-pt_494,P_1-2_2875,64.90000000000059,6748.0,1.0
P_1-1-pt_494,P_1-1-pt_5906,56.80000000000054,6748.0,1.0
P_1-1-pt_494,P_1-1-pt_1238,56.600000000000534,6748.0,1.0
P_1-1-pt_494,P_1-1-pt_3916,55.60000000000052,6748.0,1.0
P_1-1-pt_494,P_1-1-pt_1226,56.10000000000053,6748.0,1.0
P_1-1-pt_494,P_1-1-veh_792,59.20000000000057,6748.0,1.0
P_1-1-pt_494,P_1-1-pt_3409,53.900000000000496,6748.0,1.0
P_1-1-pt_494,P_1-1-pt_3624,71.10000000000024,6748.0,1.0
P_1-1-pt_494,P_1-1-pt_4996,1022.3000000001639,6748.0,1.0
P_1-1-pt_494,P_2-1_3764,52.400000000000475,6748.0,1.0
P_1-1-pt_494,P_2-1_2925,52.500000000000476,6748.0,1.0
P_1-1-pt_494,P_2-1_63,51.800000000000466,6748.0,1.0
P_1-1-pt_494,P_1-2_1612,52.30000000000047,6748.0,1.0
P_1-1-pt_494,P_1-1-pt_761,15.99999999999996,6748.0,1.0
P_1-1-pt_494,P_1-1-pt_6453,29.400000000000148,6748.0,1.0
P_1-1-pt_494,P_1-3_3245,28.90000000000014,6748.0,1.0
P_1-1-pt_494,P_1-1-pt_6413,25.100000000000087,6748.0,1.0
P_1-1-pt_494,P_1-1-pt_2162,5216.400000001446,6748.0,1.0
P_1-1-pt_494,P_1-1-pt_297,131.5999999999968,6748.0,1.0
P_2-1_3136,P_2-1_5450,254.09999999998985,6740.0,1.0
P_1-2_573,P_1-3_2018,219.09999999999184,6739.0,0.5631399317406144
P_1-2_573,P_1-3_4954,855.600000000126,6739.0,0.5631399317406144
P_1-2_573,P_1-1-pt_5241,45.20000000000037,6739.0,0.5631399317406144
P_1-2_573,P_1-2_4634,110.399999999998,6739.0,0.5631399317406144
P_1-2_573,P_1-3_4775,100.69999999999855,6739.0,0.5631399317406144
P_1-2_573,P_1-3_2410,50.400000000000446,6739.0,0.5631399317406144
P_1-2_573,P_1-3_3253,102.69999999999844,6739.0,0.5631399317406144
P_1-2_573,P_1-3_2633,108.5999999999981,6739.0,0.5631399317406144
P_1-2_573,P_1-2_3693,93.59999999999896,6739.0,0.5631399317406144
P_1-2_573,P_1-3_4875,69.40000000000033,6739.0,0.5631399317406144
P_1-2_573,P_1-3_3410,55.300000000000516,6739.0,0.5631399317406144
P_1-2_573,P_1-2_5210,5693.00000000318,6739.0,0.5631399317406144
P_1-2_163,P_1-2_5927,50.00000000000044,6738.0,1.0
P_1-2_163,P_1-2_752,52.10000000000047,6738.0,1.0
P_1-2_163,P_1-3_3339,59.80000000000058,6738.0,1.0
P_1-2_163,P_1-1-pt_5258,52.00000000000047,6738.0,1.0
P_1-2_163,P_1-3_4253,48.50000000000042,6738.0,1.0
P_1-2_163,P_1-1-pt_7959,46.50000000000039,6738.0,1.0
P_1-2_163,P_2-1_5841,48.80000000000042,6738.0,1.0
P_2-1_2293,P_1-1-pt_7915,41.50000000000032,6735.0,0.8687453600593913
P_2-1_2293,P_1-1-pt_5258,52.500000000000476,6735.0,0.8687453600593913
P_2-1_2293,P_1-3_4253,47.90000000000041,6735.0,0.8687453600593913
P_2-1_2293,P_1-1-pt_7959,45.400000000000375,6735.0,0.8687453600593913
P_2-1_2293,P_2-1_5841,48.50000000000042,6735.0,0.8687453600593913
P_2-1_2293,P_1-1-pt_6381,69.70000000000032,6735.0,0.8687453600593913
P_2-1_2293,P_1-1-veh_824,55.00000000000051,6735.0,0.8687453600593913
P_2-1_2293,P_1-1-pt_2342,166.49999999999483,6735.0,0.8687453600593913
P_1-2_2030,P_2-1_6256,713.8000000000937,6734.0,0.5628155628155628
P_1-2_2030,P_2-1_5435,748.0000000001015,6734.0,0.5628155628155628
P_1-2_2030,P_2-1_4331,747.7000000001015,6734.0,0.5628155628155628
P_1-2_2030,P_1-2_3908,698.4000000000902,6734.0,0.5628155628155628
P_1-2_2030,P_1-2_4607,697.6000000000901,6734.0,0.5628155628155628
P_1-2_2030,P_1-1-pt_7104,741.0000000000999,6734.0,0.5628155628155628
P_1-2_2030,P_1-2_4886,705.2000000000918,6734.0,0.5628155628155628
P_1-2_2030,P_1-2_2229,1575.1999999996629,6734.0,0.5628155628155628
P_1-2_2030,P_2-1_3376,5508.8000000025095,6734.0,0.5628155628155628
P_1-1-veh_65,P_1-3_635,47.80000000000041,6733.0,1.0
P_1-1-veh_65,P_2-1_2136,162.29999999999507,6733.0,1.0
P_1-1-veh_65,P_1-1-pt_4875,54.600000000000506,6733.0,1.0
P_1-1-veh_65,P_1-2_168,56.000000000000526,6733.0,1.0
P_1-1-veh_65,P_1-1-pt_8830,45.300000000000374,6733.0,1.0
P_1-1-veh_65,P_1-2_3708,48.10000000000041,6733.0,1.0
P_1-1-veh_65,P_1-1-pt_7142,169.39999999999466,6733.0,1.0
P_1-1-veh_65,P_1-2_2715,45.50000000000038,6733.0,1.0
P_1-1-veh_65,P_1-1-pt_2529,74.50000000000004,6733.0,1.0
P_1-1-veh_65,P_1-1-pt_6931,51.30000000000046,6733.0,1.0
P_1-1-veh_65,P_1-1-pt_6031,47.90000000000041,6733.0,1.0
P_1-1-veh_65,P_1-1-pt_8068,49.50000000000043,6733.0,1.0
P_1-3_4690,P_1-3_5578,14.199999999999966,6733.0,0.5106193375909699
P_1-3_4690,P_1-1-pt_8068,44.30000000000036,6733.0,0.5106193375909699
P_1-3_4690,P_1-1-pt_4966,63.40000000000063,6733.0,0.5106193375909699
P_1-3_4690,P_1-1-pt_6176,53.60000000000049,6733.0,0.5106193375909699
P_1-3_4690,P_1-1-pt_297,44.40000000000036,6733.0,0.5106193375909699
P_1-3_4690,P_1-1-pt_6538,45.400000000000375,6733.0,0.5106193375909699
P_1-3_4690,P_1-1-pt_4901,43.80000000000035,6733.0,0.5106193375909699
P_1-3_4690,P_1-1-pt_8682,45.300000000000374,6733.0,0.5106193375909699
P_1-3_4690,P_1-1-pt_5078,44.600000000000364,6733.0,0.5106193375909699
P_1-3_4690,P_1-2_1596,49.90000000000044,6733.0,0.5106193375909699
P_1-3_4690,P_1-1-veh_234,49.40000000000043,6733.0,0.5106193375909699
P_1-3_4690,P_1-1-pt_7080,44.90000000000037,6733.0,0.5106193375909699
P_1-3_4690,P_1-1-pt_6931,348.4000000000107,6733.0,0.5106193375909699
P_1-3_4690,P_1-2_3389,48.00000000000041,6733.0,0.5106193375909699
P_1-3_4690,P_1-3_2955,56.40000000000053,6733.0,0.5106193375909699
P_1-3_4690,P_1-1-pt_1714,51.40000000000046,6733.0,0.5106193375909699
P_1-3_4690,P_1-2_2287,51.50000000000046,6733.0,0.5106193375909699
P_1-3_4690,P_1-3_2454,51.30000000000046,6733.0,0.5106193375909699
P_1-3_4738,P_1-2_3821,667.4000000000832,6733.0,0.6442893212535274
P_1-3_4738,P_1-2_2580,667.5000000000832,6733.0,0.6442893212535274
P_1-3_4738,P_1-2_5752,618.5000000000721,6733.0,0.6442893212535274
P_1-3_4738,P_1-2_3464,618.300000000072,6733.0,0.6442893212535274
P_1-3_4738,P_1-2_2797,616.0000000000715,6733.0,0.6442893212535274
P_1-3_4738,P_2-1_2028,307.9000000000015,6733.0,0.6442893212535274
P_1-3_4738,P_1-1-veh_837,5739.000000003347,6733.0,0.6442893212535274
P_1-1-pt_1270,P_1-1-pt_4671,75.10000000000001,6731.0,1.0
P_1-1-pt_1270,P_1-1-pt_1304,142.09999999999621,6731.0,1.0
P_1-1-pt_1270,P_1-1-pt_5897,39.100000000000286,6731.0,1.0
P_1-1-pt_1270,P_1-1-pt_3275,55.60000000000052,6731.0,1.0
P_1-1-pt_1270,P_1-1-pt_1560,56.10000000000053,6731.0,1.0
P_1-1-pt_1270,P_1-1-pt_4919,2462.8999999988555,6731.0,1.0
P_1-1-pt_1270,P_1-1-pt_1966,71.8000000000002,6731.0,1.0
P_1-1-pt_1270,P_1-1-pt_5906,55.50000000000052,6731.0,1.0
P_1-1-pt_1270,P_1-1-pt_1238,55.80000000000052,6731.0,1.0
P_1-1-pt_1270,P_1-1-pt_3916,56.10000000000053,6731.0,1.0
P_1-1-pt_1270,P_1-1-pt_1108,55.300000000000516,6731.0,1.0
P_1-1-pt_1270,P_1-1-pt_1226,56.000000000000526,6731.0,1.0
P_1-1-pt_1270,P_1-1-pt_3624,53.00000000000048,6731.0,1.0
P_1-1-pt_1270,P_1-1-pt_3409,462.3000000000366,6731.0,1.0
P_1-1-pt_1270,P_1-1-veh_792,193.2999999999933,6731.0,1.0
P_1-1-pt_1270,P_2-1_3764,50.300000000000445,6731.0,1.0
P_1-1-pt_1270,P_2-1_2925,54.1000000000005,6731.0,1.0
P_1-1-pt_1270,P_2-1_63,49.000000000000426,6731.0,1.0
P_1-1-pt_1270,P_1-2_1612,53.60000000000049,6731.0,1.0
P_1-1-pt_1270,P_1-1-pt_6453,52.400000000000475,6731.0,1.0
P_1-1-pt_1270,P_1-3_3245,52.00000000000047,6731.0,1.0
P_1-1-pt_1270,P_1-1-pt_6413,35.80000000000024,6731.0,1.0
P_1-1-pt_1270,P_1-1-pt_8728,32.50000000000019,6731.0,1.0
P_1-1-pt_1270,P_1-2_4483,33.70000000000021,6731.0,1.0
P_1-1-pt_1270,P_1-1-pt_2162,43.00000000000034,6731.0,1.0
P_1-1-pt_1270,P_1-1-pt_4996,15.99999999999996,6731.0,1.0
P_1-1-pt_3858,P_1-1-pt_6673,5.999999999999995,6728.0,0.8090071343638525
P_1-1-pt_3858,P_1-1-pt_6355,31.400000000000176,6728.0,0.8090071343638525
P_1-1-pt_3858,P_1-1-pt_5167,747.7000000001015,6728.0,0.8090071343638525
P_1-1-pt_3858,P_1-1-pt_1747,1208.899999999996,6728.0,0.8090071343638525
P_1-1-pt_3858,P_1-1-pt_521,39.50000000000029,6728.0,0.8090071343638525
P_1-1-pt_3858,P_1-1-pt_4879,100.69999999999855,6728.0,0.8090071343638525
P_1-1-pt_3858,P_1-1-pt_6974,541.6000000000546,6728.0,0.8090071343638525
P_1-1-pt_3858,P_1-1-pt_3409,43.300000000000345,6728.0,0.8090071343638525
P_1-1-pt_3858,P_1-1-pt_2013,52.500000000000476,6728.0,0.8090071343638525
P_1-1-pt_3858,P_1-1-pt_3624,47.3000000000004,6728.0,0.8090071343638525
P_1-1-pt_3858,P_1-1-pt_98,289.6999999999974,6728.0,0.8090071343638525
P_1-1-pt_3858,P_1-1-pt_3671,380.9000000000181,6728.0,0.8090071343638525
P_1-1-pt_3858,P_2-1_63,105.99999999999825,6728.0,0.8090071343638525
P_1-1-pt_3858,P_1-1-pt_4736,95.09999999999887,6728.0,0.8090071343638525
P_1-1-pt_3858,P_1-2_1612,223.0999999999916,6728.0,0.8090071343638525
P_1-1-pt_3858,P_1-1-pt_2880,421.10000000002725,6728.0,0.8090071343638525
P_1-1-pt_3858,P_1-2_1255,47.2000000000004,6728.0,0.8090071343638525
P_1-1-pt_3858,P_1-3_3245,44.000000000000355,6728.0,0.8090071343638525
P_1-1-pt_3858,P_1-2_250,49.30000000000043,6728.0,0.8090071343638525
P_1-1-pt_3858,P_2-1_5419,66.10000000000052,6728.0,0.8090071343638525
P_1-1-pt_3858,P_1-2_4483,86.09999999999938,6728.0,0.8090071343638525
P_1-1-pt_3858,P_1-1-pt_6743,71.50000000000021,6728.0,0.8090071343638525
P_1-1-pt_3858,P_1-1-veh_610,49.40000000000043,6728.0,0.8090071343638525
P_1-1-pt_3858,P_1-1-pt_7915,184.4999999999938,6728.0,0.8090071343638525
P_1-1-pt_3858,P_1-1-pt_7208,548.9000000000563,6728.0,0.8090071343638525
P_1-1-pt_3858,P_1-1-pt_5999,104.89999999999831,6728.0,0.8090071343638525
P_1-1-pt_3858,P_1-2_5543,32.50000000000019,6728.0,0.8090071343638525
P_1-1-pt_3858,P_1-1-pt_3207,58.700000000000564,6728.0,0.8090071343638525
P_1-1-pt_3858,P_1-1-pt_1497,54.2000000000005,6728.0,0.8090071343638525
P_1-1-pt_3858,P_1-2_303,48.70000000000042,6728.0,0.8090071343638525
P_1-2_1640,P_1-3_5117,47.90000000000041,6722.0,0.6767331151443023
P_1-2_1640,P_1-2_2183,47.500000000000405,6722.0,0.6767331151443023
P_1-2_1640,P_1-3_4822,48.10000000000041,6722.0,0.6767331151443023
P_1-2_1640,P_1-2_315,48.00000000000041,6722.0,0.6767331151443023
P_1-2_1640,P_1-2_1219,48.00000000000041,6722.0,0.6767331151443023
P_1-2_1640,P_1-2_5437,47.90000000000041,6722.0,0.6767331151443023
P_1-2_1640,P_1-2_3752,48.00000000000041,6722.0,0.6767331151443023
P_1-2_1640,P_1-2_4270,48.00000000000041,6722.0,0.6767331151443023
P_1-2_1640,P_1-1-pt_5997,26.500000000000107,6722.0,0.6767331151443023
P_1-2_1640,P_1-1-pt_394,36.200000000000244,6722.0,0.6767331151443023
P_1-2_1640,P_1-1-pt_4541,36.50000000000025,6722.0,0.6767331151443023
P_1-2_1640,P_1-3_4124,28.000000000000128,6722.0,0.6767331151443023
P_1-2_1640,P_1-3_2421,24.900000000000084,6722.0,0.6767331151443023
P_1-2_1640,P_1-1-pt_725,30.30000000000016,6722.0,0.6767331151443023
P_1-2_1640,P_1-2_5641,2641.499999998693,6722.0,0.6767331151443023
P_1-2_4715,P_1-2_171,27.50000000000012,6720.0,1.0
P_1-2_4715,P_1-2_4285,39.50000000000029,6720.0,1.0
P_1-2_4715,P_1-1-pt_4380,11.899999999999974,6720.0,1.0
P_1-2_4715,P_1-1-pt_1601,11.699999999999974,6720.0,1.0
P_1-2_4715,P_1-1-pt_3931,49.20000000000043,6720.0,1.0
P_1-2_4715,P_2-1_6236,27.200000000000117,6720.0,1.0
P_1-2_4715,P_1-2_1948,27.100000000000115,6720.0,1.0
P_1-2_4715,P_1-3_4492,11.499999999999975,6720.0,1.0
P_1-2_4715,P_1-3_2528,11.399999999999975,6720.0,1.0
P_1-2_4715,P_1-1-pt_3353,52.80000000000048,6720.0,1.0
P_1-2_4715,P_2-1_2911,11.199999999999976,6720.0,1.0
P_1-2_4715,P_1-1-pt_2425,30.500000000000163,6720.0,1.0
P_1-2_4715,P_1-2_1285,18.499999999999993,6720.0,1.0
P_1-2_4715,P_2-1_842,25.800000000000097,6720.0,1.0
P_1-2_4715,P_1-3_5451,38.50000000000028,6720.0,1.0
P_1-2_4715,P_1-2_4955,26.300000000000104,6720.0,1.0
P_1-2_4715,P_1-2_2061,25.900000000000098,6720.0,1.0
P_1-2_4715,P_1-1-pt_2342,223.1999999999916,6720.0,1.0
P_1-2_4715,P_1-1-pt_3800,60.40000000000059,6720.0,1.0
P_1-2_4715,P_2-1_4930,17.399999999999977,6720.0,1.0
P_1-2_752,P_1-3_3339,2933.099999998428,6709.0,1.0
P_1-2_752,P_1-1-pt_5999,71.30000000000022,6709.0,1.0
P_1-2_752,P_1-2_163,52.10000000000047,6709.0,1.0
P_1-2_752,P_2-1_5067,31.00000000000017,6709.0,1.0
P_1-2_752,P_1-2_1658,44.700000000000365,6709.0,1.0
P_1-2_752,P_2-1_1724,96.79999999999878,6709.0,1.0
P_1-2_752,P_2-1_4267,82.69999999999958,6709.0,1.0
P_1-2_752,P_2-1_3390,41.00000000000031,6709.0,1.0
P_1-3_5117,P_1-2_1640,47.90000000000041,6709.0,1.0
P_1-3_5117,P_1-2_5641,48.00000000000041,6709.0,1.0
P_1-3_5117,P_1-2_2598,48.00000000000041,6709.0,1.0
P_1-3_5117,P_1-2_4098,48.00000000000041,6709.0,1.0
P_1-3_5117,P_1-2_1025,48.00000000000041,6709.0,1.0
P_1-3_5117,P_1-3_547,48.00000000000041,6709.0,1.0
P_1-3_5117,P_1-1-pt_2718,45.80000000000038,6709.0,1.0
P_1-3_5117,P_1-3_2881,48.60000000000042,6709.0,1.0
P_1-3_5117,P_1-1-veh_603,47.90000000000041,6709.0,1.0
P_1-3_5117,P_1-2_1600,47.90000000000041,6709.0,1.0
P_1-3_5117,P_1-1-pt_6309,45.20000000000037,6709.0,1.0
P_1-3_5117,P_1-1-pt_8692,45.20000000000037,6709.0,1.0
P_1-3_5117,P_1-1-veh_459,47.90000000000041,6709.0,1.0
P_1-3_5117,P_1-1-pt_8611,44.90000000000037,6709.0,1.0
P_1-3_5117,P_1-1-pt_5997,58.700000000000564,6709.0,1.0
P_1-3_5117,P_1-1-pt_394,45.300000000000374,6709.0,1.0
P_1-3_5117,P_1-1-pt_4541,45.300000000000374,6709.0,1.0
P_1-3_5117,P_1-3_4124,47.80000000000041,6709.0,1.0
P_1-3_5117,P_1-3_2421,47.90000000000041,6709.0,1.0
P_1-3_5117,P_1-1-pt_725,45.400000000000375,6709.0,1.0
P_1-3_5117,P_1-2_171,223.79999999999157,6709.0,1.0
P_1-3_5117,P_1-2_4285,202.79999999999276,6709.0,1.0
P_1-3_17,P_1-1-pt_6538,131.39999999999682,6707.0,1.0
P_1-3_17,P_1-2_3488,57.400000000000546,6707.0,1.0
P_1-3_17,P_1-2_4464,51.20000000000046,6707.0,1.0
P_1-3_17,P_1-3_3579,50.10000000000044,6707.0,1.0
P_1-1-pt_1108,P_1-1-pt_494,83.09999999999955,6696.0,0.8281063321385902
P_1-1-pt_1108,P_1-1-pt_2162,77.79999999999986,6696.0,0.8281063321385902
P_1-1-pt_1108,P_1-1-pt_1560,90.49999999999913,6696.0,0.8281063321385902
P_1-1-pt_1108,P_1-1-pt_2606,62.80000000000062,6696.0,0.8281063321385902
P_1-1-pt_1108,P_1-1-pt_1966,55.10000000000051,6696.0,0.8281063321385902
P_1-1-pt_1108,P_1-1-pt_5906,55.900000000000524,6696.0,0.8281063321385902
P_1-1-pt_1108,P_1-1-pt_1238,56.000000000000526,6696.0,0.8281063321385902
P_1-1-pt_1108,P_1-1-pt_3916,55.900000000000524,6696.0,0.8281063321385902
P_1-1-pt_1108,P_1-1-pt_2834,37.000000000000256,6696.0,0.8281063321385902
P_1-1-pt_1108,P_1-1-veh_792,68.00000000000041,6696.0,0.8281063321385902
P_1-1-pt_1108,P_1-1-pt_5897,48.900000000000425,6696.0,0.8281063321385902
P_1-1-pt_1108,P_1-1-pt_3769,48.40000000000042,6696.0,0.8281063321385902
P_1-1-pt_1108,P_1-1-pt_4671,50.10000000000044,6696.0,0.8281063321385902
P_1-1-pt_1108,P_1-1-pt_1270,55.300000000000516,6696.0,0.8281063321385902
P_1-1-pt_1108,P_1-1-pt_4919,55.70000000000052,6696.0,0.8281063321385902
P_1-1-pt_1108,P_1-1-pt_1304,109.89999999999803,6696.0,0.8281063321385902
P_1-1-pt_1108,P_1-1-veh_105,274.3999999999939,6696.0,0.8281063321385902
P_1-1-pt_1108,P_1-1-pt_1226,756.8000000001035,6696.0,0.8281063321385902
P_1-1-pt_1108,P_1-1-pt_6779,202.3999999999928,6696.0,0.8281063321385902
P_1-1-pt_1108,P_1-2_2554,240.6999999999906,6696.0,0.8281063321385902
P_1-1-pt_1108,P_1-2_1203,331.80000000000695,6696.0,0.8281063321385902
P_1-1-pt_1108,P_2-1_3764,37.40000000000026,6696.0,0.8281063321385902
P_1-1-pt_1108,P_2-1_2925,37.30000000000026,6696.0,0.8281063321385902
P_1-1-pt_1108,P_1-1-pt_8137,55.300000000000516,6696.0,0.8281063321385902
P_1-1-pt_1108,P_1-1-pt_6389,21.80000000000004,6696.0,0.8281063321385902
P_1-1-pt_1560,P_1-1-veh_767,16.99999999999997,6694.0,0.48969226172691965
P_1-1-pt_1560,P_1-1-pt_7763,189.8999999999935,6694.0,0.48969226172691965
P_1-1-pt_1560,P_1-1-pt_255,55.60000000000052,6694.0,0.48969226172691965
P_1-1-pt_1560,P_1-1-pt_1108,90.49999999999913,6694.0,0.48969226172691965
P_1-1-pt_1560,P_1-1-pt_494,45.00000000000037,6694.0,0.48969226172691965
P_1-1-pt_1560,P_1-1-pt_2162,43.80000000000035,6694.0,0.48969226172691965
P_1-1-pt_1560,P_1-1-pt_5897,56.10000000000053,6694.0,0.48969226172691965
P_1-1-pt_1560,P_1-1-pt_4671,58.000000000000554,6694.0,0.48969226172691965
P_1-1-pt_1560,P_1-1-pt_1270,56.10000000000053,6694.0,0.48969226172691965
P_1-1-pt_1560,P_1-1-pt_4919,55.70000000000052,6694.0,0.48969226172691965
P_1-1-pt_1560,P_1-1-pt_1304,56.80000000000054,6694.0,0.48969226172691965
P_1-1-pt_1560,P_1-1-pt_7863,55.50000000000052,6694.0,0.48969226172691965
P_1-1-pt_1560,P_1-1-pt_5193,55.900000000000524,6694.0,0.48969226172691965
P_1-1-pt_1560,P_1-1-pt_7325,56.80000000000054,6694.0,0.48969226172691965
P_1-1-pt_1560,P_1-1-pt_8137,56.700000000000536,6694.0,0.48969226172691965
P_1-1-pt_1560,P_1-1-pt_8762,56.600000000000534,6694.0,0.48969226172691965
P_1-1-pt_1560,P_1-1-pt_1138,57.300000000000544,6694.0,0.48969226172691965
P_1-1-pt_1560,P_1-1-pt_3275,2069.4999999992133,6694.0,0.48969226172691965
P_1-1-pt_1560,P_1-1-pt_5298,120.59999999999742,6694.0,0.48969226172691965
P_1-1-pt_1560,P_1-1-pt_7732,81.99999999999962,6694.0,0.48969226172691965
P_1-1-pt_2606,P_1-1-veh_105,44.000000000000355,6687.0,0.6035591446089428
P_1-1-pt_2606,P_1-3_3834,51.800000000000466,6687.0,0.6035591446089428
P_1-1-pt_2606,P_1-1-pt_3067,686.8000000000876,6687.0,0.6035591446089428
P_1-1-pt_2606,P_1-3_528,429.3000000000291,6687.0,0.6035591446089428
P_1-1-pt_2606,P_1-2_303,47.1000000000004,6687.0,0.6035591446089428
P_1-1-pt_2606,P_1-1-pt_6031,56.700000000000536,6687.0,0.6035591446089428
P_1-1-pt_2606,P_1-1-pt_255,56.30000000000053,6687.0,0.6035591446089428
P_1-1-pt_2606,P_1-1-pt_1108,62.80000000000062,6687.0,0.6035591446089428
P_1-1-pt_2606,P_1-1-pt_3769,55.40000000000052,6687.0,0.6035591446089428
P_1-1-pt_2606,P_1-1-pt_8545,52.400000000000475,6687.0,0.6035591446089428
P_1-1-pt_2606,P_1-3_1737,51.000000000000455,6687.0,0.6035591446089428
P_1-1-pt_2606,P_1-3_3536,47.2000000000004,6687.0,0.6035591446089428
P_1-1-pt_2606,P_1-3_5123,30.30000000000016,6687.0,0.6035591446089428
P_1-1-pt_2606,P_1-1-pt_977,987.400000000156,6687.0,0.6035591446089428
P_1-1-pt_2606,P_1-1-pt_1121,55.60000000000052,6687.0,0.6035591446089428
P_1-1-pt_2606,P_1-2_2875,70.90000000000025,6687.0,0.6035591446089428
P_1-1-pt_3769,P_1-1-pt_6368,76.09999999999995,6686.0,1.0
P_1-1-pt_3769,P_1-1-pt_2606,55.40000000000052,6686.0,1.0
P_1-1-pt_3769,P_1-1-pt_5906,55.50000000000052,6686.0,1.0
P_1-1-pt_3769,P_1-1-pt_1238,56.50000000000053,6686.0,1.0
P_1-1-pt_3769,P_1-1-pt_3916,57.80000000000055,6686.0,1.0
P_1-1-pt_3769,P_1-1-pt_1108,48.40000000000042,6686.0,1.0
P_1-1-pt_3769,P_1-1-pt_1226,55.60000000000052,6686.0,1.0
P_1-1-pt_3769,P_1-1-pt_3409,53.50000000000049,6686.0,1.0
P_1-1-pt_3769,P_1-1-pt_3624,53.800000000000495,6686.0,1.0
P_1-1-pt_3769,P_1-1-pt_4671,82.49999999999959,6686.0,1.0
P_1-1-pt_3769,P_1-1-veh_792,212.99999999999218,6686.0,1.0
P_1-1-pt_3769,P_2-1_3764,49.80000000000044,6686.0,1.0
P_1-1-pt_3769,P_2-1_2925,48.60000000000042,6686.0,1.0
P_1-1-pt_3769,P_1-1-pt_1473,65.30000000000057,6686.0,1.0
P_1-1-pt_3769,P_1-1-pt_6297,71.60000000000021,6686.0,1.0
P_1-1-pt_3769,P_1-1-pt_5897,2282.7999999990193,6686.0,1.0
P_1-1-pt_3769,P_1-1-pt_4919,60.30000000000059,6686.0,1.0
P_1-1-pt_8692,P_1-1-pt_530,38.80000000000028,6684.0,0.8122381807301018
P_1-1-pt_8692,P_1-1-pt_7664,77.99999999999984,6684.0,0.8122381807301018
P_1-1-pt_8692,P_1-2_5252,45.300000000000374,6684.0,0.8122381807301018
P_1-1-pt_8692,P_1-3_2280,46.30000000000039,6684.0,0.8122381807301018
P_1-1-pt_8692,P_1-3_5117,45.20000000000037,6684.0,0.8122381807301018
P_1-1-pt_8692,P_1-2_2183,45.50000000000038,6684.0,0.8122381807301018
P_1-1-pt_8692,P_1-1-pt_3595,28.700000000000138,6684.0,0.8122381807301018
P_1-1-pt_8692,P_1-3_5537,45.80000000000038,6684.0,0.8122381807301018
P_1-1-pt_8692,P_1-1-veh_459,6677.000000006759,6684.0,0.8122381807301018
P_1-3_2187,P_1-3_2374,48.300000000000416,6683.0,1.0
P_1-3_2187,P_2-1_4811,133.3999999999967,6683.0,1.0
P_1-3_2187,P_1-2_5288,35.20000000000023,6683.0,1.0
P_1-2_2237,P_2-1_3944,32.30000000000019,6682.0,0.5181083507931757
P_1-2_2237,P_1-2_3488,103.09999999999842,6682.0,0.5181083507931757
P_1-2_2237,P_1-1-pt_2129,97.59999999999873,6682.0,0.5181083507931757
P_1-2_2237,P_1-1-pt_1039,97.59999999999873,6682.0,0.5181083507931757
P_1-2_2237,P_1-1-pt_5275,97.59999999999873,6682.0,0.5181083507931757
P_1-2_2237,P_1-1-pt_1700,99.19999999999864,6682.0,0.5181083507931757
P_1-2_2237,P_1-3_3135,60.50000000000059,6682.0,0.5181083507931757
P_1-2_2237,P_1-2_4791,59.10000000000057,6682.0,0.5181083507931757
P_2-1_3376,P_2-1_5435,748.0000000001015,6681.0,0.6946564885496184
P_2-1_3376,P_2-1_4331,748.4000000001016,6681.0,0.6946564885496184
P_2-1_3376,P_1-2_2229,750.7000000001021,6681.0,0.6946564885496184
P_2-1_3376,P_1-2_3908,724.2000000000961,6681.0,0.6946564885496184
P_2-1_3376,P_1-2_4607,697.7000000000901,6681.0,0.6946564885496184
P_2-1_3376,P_1-1-pt_7104,2766.4999999985794,6681.0,0.6946564885496184
P_2-1_3376,P_1-2_4886,697.6000000000901,6681.0,0.6946564885496184
P_2-1_3376,P_2-1_6256,1526.1999999997074,6681.0,0.6946564885496184
P_2-1_3376,P_1-2_2030,5508.8000000025095,6681.0,0.6946564885496184
P_1-1-pt_3927,P_1-2_4208,44.40000000000036,6679.0,0.9526875280730648
P_1-1-pt_3927,P_1-1-pt_494,254.29999999998984,6679.0,0.9526875280730648
P_1-1-pt_3927,P_1-1-pt_4671,52.80000000000048,6679.0,0.9526875280730648
P_1-1-pt_3927,P_1-1-pt_8762,58.800000000000566,6679.0,0.9526875280730648
P_1-1-pt_3927,P_1-1-pt_5298,50.50000000000045,6679.0,0.9526875280730648
P_1-1-pt_3927,P_1-3_5334,1794.7999999994631,6679.0,0.9526875280730648
P_1-1-pt_3927,P_1-1-pt_5115,49.700000000000436,6679.0,0.9526875280730648
P_1-1-pt_3927,P_1-1-pt_6368,85.39999999999942,6679.0,0.9526875280730648
P_1-1-pt_3927,P_1-1-pt_1306,54.0000000000005,6679.0,0.9526875280730648
P_1-1-pt_3927,P_1-2_3052,89.1999999999992,6679.0,0.9526875280730648
P_1-1-pt_3927,P_1-2_3413,89.2999999999992,6679.0,0.9526875280730648
P_1-1-pt_3927,P_1-1-pt_1037,55.60000000000052,6679.0,0.9526875280730648
P_1-1-pt_3927,P_1-1-pt_5324,52.10000000000047,6679.0,0.9526875280730648
P_1-1-pt_3927,P_2-1_2045,22.300000000000047,6679.0,0.9526875280730648
P_1-1-veh_459,P_1-1-pt_530,43.40000000000035,6678.0,0.6749026654687033
P_1-1-veh_459,P_1-1-pt_7664,93.09999999999899,6678.0,0.6749026654687033
P_1-1-veh_459,P_1-2_5252,47.90000000000041,6678.0,0.6749026654687033
P_1-1-veh_459,P_1-3_2280,51.20000000000046,6678.0,0.6749026654687033
P_1-1-veh_459,P_1-3_5117,47.90000000000041,6678.0,0.6749026654687033
P_1-1-veh_459,P_1-2_2183,48.70000000000042,6678.0,0.6749026654687033
P_1-1-veh_459,P_1-1-pt_3595,9.499999999999982,6678.0,0.6749026654687033
P_1-1-veh_459,P_1-3_5537,48.50000000000042,6678.0,0.6749026654687033
P_1-1-veh_459,P_1-1-pt_8692,6677.000000006759,6678.0,0.6749026654687033
P_2-1_4930,P_2-1_4232,97.29999999999875,6676.0,0.9589574595566207
P_2-1_4930,P_1-3_5354,46.000000000000384,6676.0,0.9589574595566207
P_2-1_4930,P_1-3_5451,49.000000000000426,6676.0,0.9589574595566207
P_2-1_4930,P_1-1-pt_8085,53.70000000000049,6676.0,0.9589574595566207
P_2-1_4930,P_1-3_1140,51.50000000000046,6676.0,0.9589574595566207
P_2-1_4930,P_1-2_4955,241.0999999999906,6676.0,0.9589574595566207
P_2-1_4930,P_1-1-pt_4785,58.40000000000056,6676.0,0.9589574595566207
P_2-1_4930,P_1-2_4715,17.399999999999977,6676.0,0.9589574595566207
P_1-3_5123,P_1-1-pt_2808,45.300000000000374,6674.0,0.9698831285585856
P_1-3_5123,P_1-1-pt_1121,51.000000000000455,6674.0,0.9698831285585856
P_1-3_5123,P_1-1-pt_977,71.8000000000002,6674.0,0.9698831285585856
P_1-3_5123,P_1-1-pt_2606,30.30000000000016,6674.0,0.9698831285585856
P_1-3_5123,P_1-2_2875,96.19999999999881,6674.0,0.9698831285585856
P_1-3_5123,P_1-3_3536,4932.800000000414,6674.0,0.9698831285585856
P_1-2_829,P_1-1-pt_6358,918.6000000001403,6668.0,0.9269646070785843
P_1-2_829,P_2-1_4232,48.00000000000041,6668.0,0.9269646070785843
P_1-2_829,P_1-1-pt_6516,50.20000000000044,6668.0,0.9269646070785843
P_1-1-pt_1329,P_2-1_2925,54.4000000000005,6666.0,1.0
P_1-1-pt_1329,P_1-1-pt_3489,163.99999999999497,6666.0,1.0
P_1-1-pt_1329,P_2-1_5419,52.30000000000047,6666.0,1.0
P_2-1_6274,P_1-3_4944,442.70000000003216,6666.0,1.0
P_2-1_6274,P_1-3_2278,100.89999999999854,6666.0,1.0
P_2-1_6256,P_1-2_2030,713.8000000000937,6665.0,0.29497374343585897
P_2-1_6256,P_2-1_5435,1749.799999999504,6665.0,0.29497374343585897
P_2-1_6256,P_2-1_4331,756.4000000001034,6665.0,0.29497374343585897
P_2-1_6256,P_1-2_2229,730.3000000000975,6665.0,0.29497374343585897
P_2-1_6256,P_1-2_3908,2361.5999999989476,6665.0,0.29497374343585897
P_2-1_6256,P_1-2_4607,697.30000000009,6665.0,0.29497374343585897
P_2-1_6256,P_1-1-pt_7104,642.5000000000775,6665.0,0.29497374343585897
P_2-1_6256,P_1-2_4886,696.1000000000897,6665.0,0.29497374343585897
P_2-1_6256,P_2-1_3376,1526.1999999997074,6665.0,0.29497374343585897
P_1-1-pt_521,P_1-1-pt_5167,844.0000000001234,6656.0,0.3171574519230769
P_1-1-pt_521,P_1-1-pt_1747,841.8000000001228,6656.0,0.3171574519230769
P_1-1-pt_521,P_1-1-pt_3858,39.50000000000029,6656.0,0.3171574519230769
P_1-1-pt_521,P_1-1-pt_4879,127.69999999999702,6656.0,0.3171574519230769
P_1-1-pt_521,P_1-1-pt_6974,307.10000000000133,6656.0,0.3171574519230769
P_1-1-pt_521,P_1-1-pt_8280,218.49999999999187,6656.0,0.3171574519230769
P_1-1-pt_521,P_1-1-pt_6743,159.09999999999525,6656.0,0.3171574519230769
P_1-1-pt_521,P_1-1-pt_2880,208.39999999999245,6656.0,0.3171574519230769
P_1-1-pt_521,P_1-1-pt_4262,7.19999999999999,6656.0,0.3171574519230769
P_1-1-pt_521,P_1-1-pt_3207,252.39999999998994,6656.0,0.3171574519230769
P_1-1-pt_521,P_1-1-pt_2369,62.80000000000062,6656.0,0.3171574519230769
P_1-1-pt_521,P_1-1-pt_571,108.89999999999809,6656.0,0.3171574519230769
P_1-1-pt_521,P_1-1-pt_3230,111.59999999999793,6656.0,0.3171574519230769
P_1-1-pt_521,P_1-1-pt_3671,783.7000000001096,6656.0,0.3171574519230769
P_1-1-pt_521,P_1-1-pt_98,576.7000000000626,6656.0,0.3171574519230769
P_1-1-pt_521,P_1-1-pt_1497,434.6000000000303,6656.0,0.3171574519230769
P_1-1-pt_521,P_1-1-pt_5666,114.09999999999779,6656.0,0.3171574519230769
P_1-1-pt_521,P_1-1-pt_2920,62.70000000000062,6656.0,0.3171574519230769
P_1-1-pt_521,P_1-2_4940,40.60000000000031,6656.0,0.3171574519230769
P_1-1-pt_521,P_1-1-veh_610,51.90000000000047,6656.0,0.3171574519230769
P_1-1-pt_521,P_1-1-pt_7915,62.00000000000061,6656.0,0.3171574519230769
P_1-1-pt_521,P_1-1-pt_7573,55.10000000000051,6656.0,0.3171574519230769
P_1-1-pt_521,P_1-1-veh_767,51.40000000000046,6656.0,0.3171574519230769
P_1-1-pt_521,P_1-1-pt_2013,61.90000000000061,6656.0,0.3171574519230769
P_1-1-pt_521,P_1-2_303,51.20000000000046,6656.0,0.3171574519230769
P_1-2_1063,P_2-1_4127,38.70000000000028,6656.0,1.0
P_1-2_1063,P_2-1_3119,48.200000000000415,6656.0,1.0
P_1-2_1063,P_1-3_4644,48.10000000000041,6656.0,1.0
P_1-2_1063,P_2-1_2486,45.60000000000038,6656.0,1.0
P_1-2_1063,P_2-1_3601,48.50000000000042,6656.0,1.0
P_1-3_2043,P_1-2_4753,4770.299999999823,6656.0,0.8643329326923077
P_1-3_2043,P_1-2_3608,12.199999999999973,6656.0,0.8643329326923077
P_1-3_2043,P_1-3_743,12.299999999999972,6656.0,0.8643329326923077
P_1-3_2043,P_1-3_2599,9.599999999999982,6656.0,0.8643329326923077
P_1-3_2043,P_1-2_5745,9.399999999999983,6656.0,0.8643329326923077
P_1-3_2043,P_1-2_4266,10.19999999999998,6656.0,0.8643329326923077
P_1-3_2043,P_1-3_1535,9.89999999999998,6656.0,0.8643329326923077
P_1-1-pt_2369,P_1-1-pt_8280,67.30000000000045,6654.0,1.0
P_1-1-pt_2369,P_1-1-pt_3207,57.90000000000055,6654.0,1.0
P_1-1-pt_2369,P_1-1-pt_4879,139.59999999999636,6654.0,1.0
P_1-1-pt_2369,P_1-1-pt_6743,350.1000000000111,6654.0,1.0
P_1-1-pt_2369,P_1-1-pt_4736,207.89999999999247,6654.0,1.0
P_1-1-pt_2369,P_1-1-pt_2880,54.3000000000005,6654.0,1.0
P_1-1-pt_2369,P_1-1-pt_571,201.19999999999285,6654.0,1.0
P_1-1-pt_2369,P_1-1-pt_3230,202.1999999999928,6654.0,1.0
P_1-1-pt_2369,P_1-1-pt_521,62.80000000000062,6654.0,1.0
P_1-1-pt_2369,P_1-2_1255,52.500000000000476,6654.0,1.0
P_1-1-pt_2369,P_2-1_5419,31.900000000000183,6654.0,1.0
P_1-1-pt_2369,P_1-1-pt_5167,53.200000000000486,6654.0,1.0
P_1-1-pt_2369,P_1-1-pt_1497,123.39999999999726,6654.0,1.0
P_1-1-pt_2369,P_1-1-pt_7573,52.20000000000047,6654.0,1.0
P_1-1-pt_2369,P_1-1-pt_2013,50.400000000000446,6654.0,1.0
P_1-1-pt_2369,P_1-1-pt_2297,95.69999999999884,6654.0,1.0
P_1-1-pt_7664,P_1-1-pt_4879,58.90000000000057,6652.0,0.9893265183403488
P_1-1-pt_7664,P_1-1-pt_8692,77.99999999999984,6652.0,0.9893265183403488
P_1-1-pt_7664,P_1-1-veh_459,93.09999999999899,6652.0,0.9893265183403488
P_1-1-pt_7664,P_1-2_104,67.60000000000043,6652.0,0.9893265183403488
P_1-1-pt_7664,P_1-1-pt_527,37.90000000000027,6652.0,0.9893265183403488
P_1-1-pt_7664,P_1-2_4962,43.10000000000034,6652.0,0.9893265183403488
P_1-1-pt_7664,P_1-2_2543,52.90000000000048,6652.0,0.9893265183403488
P_1-1-pt_7664,P_1-1-pt_3386,79.59999999999975,6652.0,0.9893265183403488
P_1-1-pt_7664,P_1-2_671,156.2999999999954,6652.0,0.9893265183403488
P_1-1-pt_7664,P_1-1-pt_3512,168.4999999999947,6652.0,0.9893265183403488
P_1-3_4168,P_1-3_2323,47.90000000000041,6652.0,0.846662657847264
P_1-3_4168,P_1-1-pt_7760,52.400000000000475,6652.0,0.846662657847264
P_1-3_4168,P_1-2_1596,232.1999999999911,6652.0,0.846662657847264
P_1-3_4168,P_1-3_3494,144.0999999999961,6652.0,0.846662657847264
P_1-3_4168,P_1-2_3081,2272.6999999990285,6652.0,0.846662657847264
P_1-3_4168,P_1-1-veh_105,48.00000000000041,6652.0,0.846662657847264
P_1-3_4168,P_1-2_2554,47.90000000000041,6652.0,0.846662657847264
P_1-3_4168,P_1-2_3389,48.10000000000041,6652.0,0.846662657847264
P_1-3_4168,P_1-1-pt_1714,49.700000000000436,6652.0,0.846662657847264
P_1-3_4168,P_1-2_4734,102.09999999999847,6652.0,0.846662657847264
P_1-3_4168,P_1-3_2454,50.80000000000045,6652.0,0.846662657847264
P_1-3_4168,P_1-2_4206,50.90000000000045,6652.0,0.846662657847264
P_1-3_4168,P_1-3_1500,50.90000000000045,6652.0,0.846662657847264
P_1-3_4168,P_1-3_3901,50.80000000000045,6652.0,0.846662657847264
P_1-3_4168,P_1-2_1420,51.000000000000455,6652.0,0.846662657847264
P_1-3_4168,P_1-3_228,50.80000000000045,6652.0,0.846662657847264
P_1-3_4168,P_1-3_3834,51.000000000000455,6652.0,0.846662657847264
P_1-3_4168,P_1-3_3776,51.000000000000455,6652.0,0.846662657847264
P_1-3_4168,P_2-1_2161,50.90000000000045,6652.0,0.846662657847264
P_1-3_4168,P_1-2_3280,51.000000000000455,6652.0,0.846662657847264
P_1-3_4168,P_1-3_3046,51.000000000000455,6652.0,0.846662657847264
P_1-3_4168,P_1-3_3457,50.90000000000045,6652.0,0.846662657847264
P_1-3_4168,P_1-3_2053,50.80000000000045,6652.0,0.846662657847264
P_1-3_1500,P_1-2_4734,203.39999999999273,6651.0,0.6807998797173357
P_1-3_1500,P_1-2_4206,840.5000000001226,6651.0,0.6807998797173357
P_1-3_1500,P_1-3_3901,202.99999999999275,6651.0,0.6807998797173357
P_1-3_1500,P_1-2_1420,203.7999999999927,6651.0,0.6807998797173357
P_1-3_1500,P_1-3_228,202.99999999999275,6651.0,0.6807998797173357
P_1-3_1500,P_1-3_3776,203.29999999999274,6651.0,0.6807998797173357
P_1-3_1500,P_2-1_2161,203.39999999999273,6651.0,0.6807998797173357
P_1-3_1500,P_1-3_874,101.09999999999853,6651.0,0.6807998797173357
P_1-3_1500,P_1-3_2454,101.5999999999985,6651.0,0.6807998797173357
P_1-3_1500,P_1-3_3834,101.49999999999851,6651.0,0.6807998797173357
P_1-3_1500,P_1-2_3280,101.29999999999852,6651.0,0.6807998797173357
P_1-3_1500,P_1-3_3046,101.5999999999985,6651.0,0.6807998797173357
P_1-3_1500,P_1-3_3457,101.6999999999985,6651.0,0.6807998797173357
P_1-3_1500,P_1-3_4168,50.90000000000045,6651.0,0.6807998797173357
P_1-3_1500,P_1-3_2053,50.80000000000045,6651.0,0.6807998797173357
P_1-3_4954,P_1-3_2018,187.19999999999365,6643.0,1.0
P_1-3_4954,P_1-2_573,855.600000000126,6643.0,1.0
P_1-3_4954,P_1-1-pt_5241,45.10000000000037,6643.0,1.0
P_1-3_4954,P_1-2_5210,249.6999999999901,6643.0,1.0
P_1-3_4954,P_1-2_4634,112.69999999999787,6643.0,1.0
P_1-3_4954,P_1-3_4775,100.79999999999855,6643.0,1.0
P_1-3_4954,P_1-3_2410,102.09999999999847,6643.0,1.0
P_1-3_4954,P_1-3_3253,103.09999999999842,6643.0,1.0
P_1-3_4954,P_1-3_2633,125.89999999999712,6643.0,1.0
P_1-3_4954,P_1-2_3693,50.90000000000045,6643.0,1.0
P_1-3_4954,P_1-3_4875,60.50000000000059,6643.0,1.0
P_1-3_4954,P_1-3_3410,52.20000000000047,6643.0,1.0
P_1-1-pt_4879,P_1-1-pt_7664,58.90000000000057,6641.0,1.0
P_1-1-pt_4879,P_1-1-pt_3858,100.69999999999855,6641.0,1.0
P_1-1-pt_4879,P_1-1-pt_521,127.69999999999702,6641.0,1.0
P_1-1-pt_4879,P_1-1-pt_6974,309.5000000000019,6641.0,1.0
P_1-1-pt_4879,P_1-1-pt_2013,379.30000000001775,6641.0,1.0
P_1-1-pt_4879,P_1-1-pt_3409,69.9000000000003,6641.0,1.0
P_1-1-pt_4879,P_1-1-pt_3207,118.79999999999752,6641.0,1.0
P_1-1-pt_4879,P_1-1-pt_98,166.9999999999948,6641.0,1.0
P_1-1-pt_4879,P_1-1-pt_1497,165.2999999999949,6641.0,1.0
P_1-1-pt_4879,P_1-1-pt_3671,300.6999999999999,6641.0,1.0
P_1-1-pt_4879,P_1-1-pt_2369,139.59999999999636,6641.0,1.0
P_1-1-pt_4879,P_1-1-pt_6743,113.79999999999781,6641.0,1.0
P_1-1-pt_4879,P_1-1-pt_5167,80.99999999999967,6641.0,1.0
P_1-1-pt_4879,P_1-1-pt_1747,60.00000000000058,6641.0,1.0
P_1-1-pt_4879,P_1-1-pt_2880,71.10000000000024,6641.0,1.0
P_1-1-pt_4879,P_2-1_2925,51.800000000000466,6641.0,1.0
P_1-1-pt_4879,P_2-1_63,93.09999999999899,6641.0,1.0
P_1-1-pt_4879,P_1-2_1612,75.00000000000001,6641.0,1.0
P_1-1-pt_4879,P_1-2_1255,45.70000000000038,6641.0,1.0
P_1-1-pt_4879,P_1-1-pt_5666,145.59999999999602,6641.0,1.0
P_1-1-pt_4879,P_1-1-pt_2920,46.100000000000385,6641.0,1.0
P_1-1-pt_4879,P_1-2_250,44.30000000000036,6641.0,1.0
P_1-1-pt_4879,P_2-1_5419,59.30000000000057,6641.0,1.0
P_1-1-pt_4879,P_1-1-veh_610,78.59999999999981,6641.0,1.0
P_1-1-pt_4879,P_1-1-pt_7915,38.80000000000028,6641.0,1.0
P_1-1-pt_4879,P_1-1-pt_5999,139.99999999999633,6641.0,1.0
P_1-1-pt_4879,P_1-2_303,261.79999999999103,6641.0,1.0
P_1-1-pt_4879,P_1-1-pt_8280,60.900000000000595,6641.0,1.0
P_1-3_1604,P_1-1-pt_6358,113.8999999999978,6640.0,1.0
P_1-3_1604,P_1-3_2171,47.90000000000041,6640.0,1.0
P_1-3_1604,P_1-1-pt_3931,133.99999999999667,6640.0,1.0
P_1-3_1604,P_1-1-pt_2431,91.0999999999991,6640.0,1.0
P_1-1-pt_2529,P_1-2_6013,49.50000000000043,6637.0,0.9926171463010396
P_1-1-pt_2529,P_1-2_505,49.50000000000043,6637.0,0.9926171463010396
P_1-1-pt_2529,P_2-1_2384,49.50000000000043,6637.0,0.9926171463010396
P_1-1-pt_2529,P_2-1_2136,56.20000000000053,6637.0,0.9926171463010396
P_1-1-pt_2529,P_1-1-veh_65,74.50000000000004,6637.0,0.9926171463010396
P_1-1-pt_2529,P_1-1-pt_8830,429.10000000002907,6637.0,0.9926171463010396
P_1-1-pt_2529,P_1-1-pt_6931,53.200000000000486,6637.0,0.9926171463010396
P_2-1_6236,P_1-1-pt_6381,45.60000000000038,6636.0,0.7267932489451476
P_2-1_6236,P_2-1_5799,48.10000000000041,6636.0,0.7267932489451476
P_2-1_6236,P_1-2_5927,27.50000000000012,6636.0,0.7267932489451476
P_2-1_6236,P_1-2_3214,14.399999999999965,6636.0,0.7267932489451476
P_2-1_6236,P_1-2_4715,27.200000000000117,6636.0,0.7267932489451476
P_2-1_6236,P_1-2_2653,22.000000000000043,6636.0,0.7267932489451476
P_2-1_6236,P_1-1-pt_6355,23.20000000000006,6636.0,0.7267932489451476
P_2-1_6236,P_1-2_4454,32.30000000000019,6636.0,0.7267932489451476
P_2-1_6236,P_1-2_3590,31.800000000000182,6636.0,0.7267932489451476
P_2-1_6236,P_1-1-pt_8982,23.20000000000006,6636.0,0.7267932489451476
P_2-1_6236,P_1-1-pt_2863,23.30000000000006,6636.0,0.7267932489451476
P_2-1_6236,P_1-1-pt_8969,23.400000000000063,6636.0,0.7267932489451476
P_2-1_6236,P_1-2_4609,91.69999999999906,6636.0,0.7267932489451476
P_2-1_6236,P_1-2_2338,74.90000000000002,6636.0,0.7267932489451476
P_2-1_6236,P_1-1-pt_3931,154.6999999999955,6636.0,0.7267932489451476
P_2-1_6236,P_1-1-pt_2431,53.800000000000495,6636.0,0.7267932489451476
P_1-2_4791,P_1-2_505,14.499999999999964,6628.0,1.0
P_1-2_4791,P_1-2_2715,27.600000000000122,6628.0,1.0
P_1-2_4791,P_1-3_4666,99.19999999999864,6628.0,1.0
P_1-2_4791,P_1-2_1533,50.20000000000044,6628.0,1.0
P_1-2_4791,P_1-3_5578,51.40000000000046,6628.0,1.0
P_1-2_4791,P_1-3_635,52.20000000000047,6628.0,1.0
P_1-2_4791,P_1-2_2237,59.10000000000057,6628.0,1.0
P_1-2_1255,P_1-2_4454,34.00000000000021,6617.0,0.45579567779960706
P_1-2_1255,P_1-3_4262,62.70000000000062,6617.0,0.45579567779960706
P_1-2_1255,P_1-3_5144,38.90000000000028,6617.0,0.45579567779960706
P_1-2_1255,P_1-1-pt_6974,71.30000000000022,6617.0,0.45579567779960706
P_1-2_1255,P_1-1-pt_4879,45.70000000000038,6617.0,0.45579567779960706
P_1-2_1255,P_1-1-pt_3858,47.2000000000004,6617.0,0.45579567779960706
P_1-2_1255,P_1-1-pt_2369,52.500000000000476,6617.0,0.45579567779960706
P_1-2_1255,P_1-1-pt_2013,35.80000000000024,6617.0,0.45579567779960706
P_1-2_1255,P_1-1-pt_7208,141.99999999999622,6617.0,0.45579567779960706
P_1-2_1255,P_1-1-pt_6538,80.69999999999969,6617.0,0.45579567779960706
P_1-2_1255,P_1-1-pt_2503,52.20000000000047,6617.0,0.45579567779960706
P_1-2_1255,P_1-2_1596,45.90000000000038,6617.0,0.45579567779960706
P_1-2_1255,P_1-1-pt_4919,55.10000000000051,6617.0,0.45579567779960706
P_1-2_1255,P_1-1-veh_234,46.60000000000039,6617.0,0.45579567779960706
P_2-1_6130,P_2-1_5067,135.99999999999656,6616.0,1.0
P_2-1_6130,P_1-2_2180,50.60000000000045,6616.0,1.0
P_2-1_6130,P_1-2_3879,49.20000000000043,6616.0,1.0
P_2-1_6130,P_1-1-pt_5999,43.300000000000345,6616.0,1.0
P_2-1_6130,P_2-1_1878,48.10000000000041,6616.0,1.0
P_2-1_6130,P_2-1_1463,62.10000000000061,6616.0,1.0
P_2-1_6130,P_2-1_4788,51.60000000000046,6616.0,1.0
P_2-1_6130,P_2-1_499,53.00000000000048,6616.0,1.0
P_2-1_6130,P_2-1_804,50.90000000000045,6616.0,1.0
P_2-1_6130,P_2-1_213,52.60000000000048,6616.0,1.0
P_2-1_6130,P_1-2_4065,16.29999999999996,6616.0,1.0
P_1-2_4376,P_1-2_1494,47.90000000000041,6613.0,0.4659004990170876
P_1-2_4376,P_1-2_1953,48.00000000000041,6613.0,0.4659004990170876
P_1-2_4376,P_1-2_2180,48.200000000000415,6613.0,0.4659004990170876
P_1-2_4376,P_1-3_4262,64.00000000000064,6613.0,0.4659004990170876
P_1-2_4376,P_1-3_1676,79.29999999999977,6613.0,0.4659004990170876
P_1-2_4376,P_2-1_600,41.900000000000325,6613.0,0.4659004990170876
P_1-2_4376,P_2-1_1463,48.10000000000041,6613.0,0.4659004990170876
P_1-2_4376,P_2-1_4788,48.10000000000041,6613.0,0.4659004990170876
P_1-2_4376,P_2-1_499,48.10000000000041,6613.0,0.4659004990170876
P_1-2_4376,P_2-1_804,48.10000000000041,6613.0,0.4659004990170876
P_1-2_4376,P_1-3_5144,35.10000000000023,6613.0,0.4659004990170876
P_1-2_4376,P_2-1_213,49.600000000000435,6613.0,0.4659004990170876
P_1-2_1715,P_1-1-pt_1296,48.900000000000425,6609.0,1.0
P_1-2_1715,P_1-1-pt_4262,51.100000000000456,6609.0,1.0
P_1-2_1715,P_1-3_1571,19.900000000000013,6609.0,1.0
P_1-2_1715,P_1-2_171,35.90000000000024,6609.0,1.0
P_1-2_1715,P_1-2_4285,27.800000000000125,6609.0,1.0
P_2-1_3601,P_2-1_5001,207.5999999999925,6609.0,1.0
P_2-1_3601,P_2-1_2486,154.7999999999955,6609.0,1.0
P_2-1_3601,P_2-1_1248,48.00000000000041,6609.0,1.0
P_2-1_3601,P_1-2_5518,48.00000000000041,6609.0,1.0
P_2-1_3601,P_1-2_1063,48.50000000000042,6609.0,1.0
P_1-2_4208,P_1-1-pt_494,44.10000000000036,6604.0,1.0
P_1-2_4208,P_1-1-pt_3927,44.40000000000036,6604.0,1.0
P_1-2_4208,P_1-1-pt_1298,34.30000000000022,6604.0,1.0
P_1-2_4208,P_1-1-pt_7732,52.10000000000047,6604.0,1.0
P_1-2_4208,P_1-1-pt_5115,51.50000000000046,6604.0,1.0
P_1-2_4208,P_1-1-pt_6368,56.90000000000054,6604.0,1.0
P_1-2_4208,P_1-1-pt_1306,94.89999999999888,6604.0,1.0
P_1-2_4208,P_1-2_3052,52.20000000000047,6604.0,1.0
P_1-2_4208,P_1-2_3413,31.400000000000176,6604.0,1.0
P_1-2_4208,P_1-3_3755,5215.5000000014425,6604.0,1.0
P_1-2_3835,P_1-1-pt_4715,44.20000000000036,6603.0,1.0
P_1-2_3835,P_1-2_5640,276.2999999999943,6603.0,1.0
P_1-2_3835,P_1-2_3286,6352.600000005579,6603.0,1.0
P_1-2_5641,P_1-3_5117,48.00000000000041,6582.0,0.3842297174111212
P_1-2_5641,P_1-2_2183,48.00000000000041,6582.0,0.3842297174111212
P_1-2_5641,P_1-2_2598,107.79999999999815,6582.0,0.3842297174111212
P_1-2_5641,P_1-3_4822,48.10000000000041,6582.0,0.3842297174111212
P_1-2_5641,P_1-2_315,48.00000000000041,6582.0,0.3842297174111212
P_1-2_5641,P_1-2_1219,48.00000000000041,6582.0,0.3842297174111212
P_1-2_5641,P_1-2_5437,47.90000000000041,6582.0,0.3842297174111212
P_1-2_5641,P_1-2_3752,48.00000000000041,6582.0,0.3842297174111212
P_1-2_5641,P_1-2_4270,48.00000000000041,6582.0,0.3842297174111212
P_1-2_5641,P_1-1-pt_5997,19.80000000000001,6582.0,0.3842297174111212
P_1-2_5641,P_1-1-pt_394,34.00000000000021,6582.0,0.3842297174111212
P_1-2_5641,P_1-1-pt_4541,36.40000000000025,6582.0,0.3842297174111212
P_1-2_5641,P_1-3_4124,28.90000000000014,6582.0,0.3842297174111212
P_1-2_5641,P_1-3_2421,27.50000000000012,6582.0,0.3842297174111212
P_1-2_5641,P_1-1-pt_725,33.1000000000002,6582.0,0.3842297174111212
P_1-2_5641,P_1-2_1640,2641.499999998693,6582.0,0.3842297174111212
P_1-1-pt_977,P_1-2_2875,187.49999999999363,6579.0,1.0
P_1-1-pt_977,P_1-1-pt_6413,43.200000000000344,6579.0,1.0
P_1-1-pt_977,P_1-3_1324,12.599999999999971,6579.0,1.0
P_1-1-pt_977,P_1-3_3536,87.89999999999928,6579.0,1.0
P_1-1-pt_977,P_1-3_5123,71.8000000000002,6579.0,1.0
P_1-1-pt_977,P_1-1-pt_1121,45.80000000000038,6579.0,1.0
P_1-1-pt_977,P_1-1-pt_2606,987.400000000156,6579.0,1.0
P_1-1-pt_977,P_1-3_458,85.59999999999941,6579.0,1.0
P_1-3_3339,P_1-2_752,2933.099999998428,6579.0,1.0
P_1-3_3339,P_1-2_163,59.80000000000058,6579.0,1.0
P_1-3_3339,P_2-1_5067,31.70000000000018,6579.0,1.0
P_1-3_3339,P_1-2_1658,48.10000000000041,6579.0,1.0
P_1-3_3339,P_1-2_4940,41.50000000000032,6579.0,1.0
P_1-3_3339,P_2-1_4267,60.900000000000595,6579.0,1.0
P_1-3_3339,P_1-1-veh_610,73.4000000000001,6579.0,1.0
P_1-3_3339,P_1-1-pt_7915,51.700000000000465,6579.0,1.0
P_1-3_3339,P_1-1-pt_7573,24.900000000000084,6579.0,1.0
P_1-3_3339,P_1-1-veh_767,66.20000000000051,6579.0,1.0
P_1-2_3286,P_1-1-pt_4715,38.300000000000274,6578.0,1.0
P_1-2_3286,P_1-2_5640,60.00000000000058,6578.0,1.0
P_1-2_3286,P_1-2_3835,6352.600000005579,6578.0,1.0
P_1-2_5210,P_1-1-pt_5241,45.10000000000037,6568.0,1.0
P_1-2_5210,P_1-3_4954,249.6999999999901,6568.0,1.0
P_1-2_5210,P_1-2_4634,100.49999999999856,6568.0,1.0
P_1-2_5210,P_1-3_4775,100.79999999999855,6568.0,1.0
P_1-2_5210,P_1-3_2410,54.90000000000051,6568.0,1.0
P_1-2_5210,P_1-3_3253,110.499999999998,6568.0,1.0
P_1-2_5210,P_1-3_2018,141.59999999999624,6568.0,1.0
P_1-2_5210,P_1-2_3693,51.30000000000046,6568.0,1.0
P_1-2_5210,P_1-3_2633,115.89999999999769,6568.0,1.0
P_1-2_5210,P_1-3_4875,81.89999999999962,6568.0,1.0
P_1-2_5210,P_1-3_3410,50.400000000000446,6568.0,1.0
P_1-2_5210,P_1-2_573,5693.00000000318,6568.0,1.0
P_1-3_2053,P_1-1-pt_2920,45.20000000000037,6568.0,0.9354445797807551
P_1-3_2053,P_1-1-pt_5078,43.60000000000035,6568.0,0.9354445797807551
P_1-3_2053,P_1-1-pt_7208,44.50000000000036,6568.0,0.9354445797807551
P_1-3_2053,P_1-1-pt_6538,44.90000000000037,6568.0,0.9354445797807551
P_1-3_2053,P_1-1-pt_776,51.800000000000466,6568.0,0.9354445797807551
P_1-3_2053,P_1-1-pt_8682,45.00000000000037,6568.0,0.9354445797807551
P_1-3_2053,P_1-2_1596,48.10000000000041,6568.0,0.9354445797807551
P_1-3_2053,P_1-1-veh_234,47.90000000000041,6568.0,0.9354445797807551
P_1-3_2053,P_1-2_3389,48.00000000000041,6568.0,0.9354445797807551
P_1-3_2053,P_1-1-pt_1714,50.00000000000044,6568.0,0.9354445797807551
P_1-3_2053,P_1-3_2454,50.70000000000045,6568.0,0.9354445797807551
P_1-3_2053,P_1-2_4206,51.30000000000046,6568.0,0.9354445797807551
P_1-3_2053,P_1-3_1500,50.80000000000045,6568.0,0.9354445797807551
P_1-3_2053,P_1-3_3901,50.60000000000045,6568.0,0.9354445797807551
P_1-3_2053,P_1-2_1420,50.90000000000045,6568.0,0.9354445797807551
P_1-3_2053,P_1-3_228,50.80000000000045,6568.0,0.9354445797807551
P_1-3_2053,P_1-3_3834,50.60000000000045,6568.0,0.9354445797807551
P_1-3_2053,P_1-3_3776,50.80000000000045,6568.0,0.9354445797807551
P_1-3_2053,P_2-1_2161,50.80000000000045,6568.0,0.9354445797807551
P_1-3_2053,P_1-2_3280,50.90000000000045,6568.0,0.9354445797807551
P_1-3_2053,P_1-3_3046,50.80000000000045,6568.0,0.9354445797807551
P_1-3_2053,P_1-3_3457,50.80000000000045,6568.0,0.9354445797807551
P_1-3_2053,P_1-3_4168,50.80000000000045,6568.0,0.9354445797807551
P_1-3_2053,P_1-2_4734,1359.7999999998588,6568.0,0.9354445797807551
P_1-1-pt_6297,P_1-1-pt_4996,58.20000000000056,6567.0,1.0
P_1-1-pt_6297,P_1-1-pt_3386,128.59999999999698,6567.0,1.0
P_1-1-pt_6297,P_1-1-pt_3067,145.999999999996,6567.0,1.0
P_1-1-pt_6297,P_1-1-pt_5906,86.69999999999935,6567.0,1.0
P_1-1-pt_6297,P_1-1-pt_1238,70.60000000000026,6567.0,1.0
P_1-1-pt_6297,P_1-1-pt_776,96.69999999999878,6567.0,1.0
P_1-1-pt_6297,P_1-1-pt_1226,56.30000000000053,6567.0,1.0
P_1-1-pt_6297,P_1-2_1596,45.20000000000037,6567.0,1.0
P_1-1-pt_6297,P_1-1-veh_234,44.10000000000036,6567.0,1.0
P_1-1-pt_6297,P_2-1_2136,105.49999999999828,6567.0,1.0
P_1-1-pt_6297,P_1-1-pt_8682,36.80000000000025,6567.0,1.0
P_1-1-pt_6297,P_1-1-pt_5897,80.69999999999969,6567.0,1.0
P_1-1-pt_6297,P_1-1-pt_3769,71.60000000000021,6567.0,1.0
P_1-1-pt_6297,P_1-1-pt_4671,56.90000000000054,6567.0,1.0
P_1-1-pt_6297,P_1-1-pt_4919,64.90000000000059,6567.0,1.0
P_1-1-pt_6297,P_1-3_3245,173.9999999999944,6567.0,1.0
P_1-1-pt_6297,P_1-1-pt_530,68.3000000000004,6567.0,1.0
P_1-1-pt_6297,P_1-1-pt_761,17.69999999999998,6567.0,1.0
P_1-1-pt_5357,P_1-1-pt_5115,9.599999999999982,6555.0,1.0
P_1-1-pt_5357,P_1-3_990,156.1999999999954,6555.0,1.0
P_1-1-pt_5357,P_1-1-pt_4262,53.00000000000048,6555.0,1.0
P_1-1-pt_5357,P_1-1-pt_3386,102.09999999999847,6555.0,1.0
P_1-1-pt_5357,P_1-2_4285,39.50000000000029,6555.0,1.0
P_1-1-pt_5357,P_1-2_171,57.70000000000055,6555.0,1.0
P_1-2_1948,P_1-2_2422,11.999999999999973,6555.0,1.0
P_1-2_1948,P_2-1_842,33.400000000000205,6555.0,1.0
P_1-2_1948,P_2-1_2987,14.199999999999966,6555.0,1.0
P_1-2_1948,P_1-2_5927,27.50000000000012,6555.0,1.0
P_1-2_1948,P_1-3_5550,82.3999999999996,6555.0,1.0
P_1-2_1948,P_1-2_3214,14.499999999999964,6555.0,1.0
P_1-2_1948,P_1-2_4715,27.100000000000115,6555.0,1.0
P_1-2_1948,P_1-2_2653,22.100000000000044,6555.0,1.0
P_1-2_1948,P_1-2_4454,11.199999999999976,6555.0,1.0
P_1-2_1948,P_1-2_3590,11.199999999999976,6555.0,1.0
P_1-3_4262,P_1-2_250,49.10000000000043,6546.0,0.7037885731744576
P_1-3_4262,P_1-2_4454,38.10000000000027,6546.0,0.7037885731744576
P_1-3_4262,P_1-2_1255,62.70000000000062,6546.0,0.7037885731744576
P_1-3_4262,P_2-1_5067,51.50000000000046,6546.0,0.7037885731744576
P_1-3_4262,P_1-2_4853,47.80000000000041,6546.0,0.7037885731744576
P_1-3_4262,P_1-3_4663,48.900000000000425,6546.0,0.7037885731744576
P_1-3_4262,P_1-2_1658,54.500000000000504,6546.0,0.7037885731744576
P_1-3_4262,P_1-3_4881,48.00000000000041,6546.0,0.7037885731744576
P_1-3_4262,P_1-2_5543,47.90000000000041,6546.0,0.7037885731744576
P_1-3_4262,P_1-3_4025,48.00000000000041,6546.0,0.7037885731744576
P_1-3_4262,P_2-1_4267,48.10000000000041,6546.0,0.7037885731744576
P_1-3_4262,P_2-1_3390,48.00000000000041,6546.0,0.7037885731744576
P_1-3_4262,P_1-2_4376,64.00000000000064,6546.0,0.7037885731744576
P_1-3_4262,P_1-3_1676,45.00000000000037,6546.0,0.7037885731744576
P_1-3_4262,P_1-2_3879,39.60000000000029,6546.0,0.7037885731744576
P_1-3_4262,P_1-3_2773,35.00000000000023,6546.0,0.7037885731744576
P_1-3_4262,P_2-1_804,47.600000000000406,6546.0,0.7037885731744576
P_1-3_4262,P_2-1_499,47.0000000000004,6546.0,0.7037885731744576
P_1-3_4262,P_2-1_1463,75.59999999999998,6546.0,0.7037885731744576
P_1-3_4262,P_2-1_213,48.00000000000041,6546.0,0.7037885731744576
P_1-1-pt_6779,P_1-2_1203,73.20000000000012,6538.0,0.4817987152034261
P_1-1-pt_6779,P_1-3_3494,45.50000000000038,6538.0,0.4817987152034261
P_1-1-pt_6779,P_1-3_2323,55.00000000000051,6538.0,0.4817987152034261
P_1-1-pt_6779,P_1-1-pt_1108,202.3999999999928,6538.0,0.4817987152034261
P_1-2_3077,P_1-2_3378,456.20000000003523,6537.0,0.951506807404008
P_1-2_3077,P_1-3_2180,98.89999999999866,6537.0,0.951506807404008
P_1-2_3077,P_1-3_2076,98.99999999999865,6537.0,0.951506807404008
P_1-2_3077,P_1-2_5020,100.29999999999858,6537.0,0.951506807404008
P_1-2_3077,P_1-2_5092,101.19999999999852,6537.0,0.951506807404008
P_1-2_3077,P_1-3_5354,99.09999999999864,6537.0,0.951506807404008
P_1-2_3077,P_1-3_4587,392.4000000000207,6537.0,0.951506807404008
P_1-1-pt_6974,P_1-1-pt_3858,541.6000000000546,6531.0,0.8626550298576022
P_1-1-pt_6974,P_1-1-pt_4879,309.5000000000019,6531.0,0.8626550298576022
P_1-1-pt_6974,P_1-1-pt_521,307.10000000000133,6531.0,0.8626550298576022
P_1-1-pt_6974,P_1-1-pt_5167,867.5000000001287,6531.0,0.8626550298576022
P_1-1-pt_6974,P_1-1-pt_1747,953.3000000001482,6531.0,0.8626550298576022
P_1-1-pt_6974,P_1-1-pt_3671,1031.800000000157,6531.0,0.8626550298576022
P_1-1-pt_6974,P_1-1-pt_98,1795.0999999994629,6531.0,0.8626550298576022
P_1-1-pt_6974,P_1-1-pt_3207,201.89999999999281,6531.0,0.8626550298576022
P_1-1-pt_6974,P_1-1-pt_1497,425.7000000000283,6531.0,0.8626550298576022
P_1-1-pt_6974,P_1-1-pt_6743,60.200000000000585,6531.0,0.8626550298576022
P_1-1-pt_6974,P_2-1_3764,136.59999999999653,6531.0,0.8626550298576022
P_1-1-pt_6974,P_1-1-pt_2880,562.5000000000593,6531.0,0.8626550298576022
P_1-1-pt_6974,P_1-2_1612,54.3000000000005,6531.0,0.8626550298576022
P_1-1-pt_6974,P_1-2_1255,71.30000000000022,6531.0,0.8626550298576022
P_1-1-pt_6974,P_1-3_3245,37.30000000000026,6531.0,0.8626550298576022
P_1-1-pt_6974,P_1-1-pt_4736,114.19999999999779,6531.0,0.8626550298576022
P_1-1-pt_6974,P_1-1-pt_2920,139.99999999999633,6531.0,0.8626550298576022
P_1-1-pt_6974,P_1-2_250,48.10000000000041,6531.0,0.8626550298576022
P_1-1-pt_6974,P_1-2_4483,62.70000000000062,6531.0,0.8626550298576022
P_1-1-pt_6974,P_1-1-veh_610,153.29999999999558,6531.0,0.8626550298576022
P_1-1-pt_6974,P_1-1-pt_7915,675.9000000000851,6531.0,0.8626550298576022
P_1-1-pt_6974,P_1-1-pt_5999,58.90000000000057,6531.0,0.8626550298576022
P_1-1-pt_6974,P_1-1-pt_7573,137.0999999999965,6531.0,0.8626550298576022
P_1-1-pt_6974,P_1-1-veh_767,149.79999999999578,6531.0,0.8626550298576022
P_1-1-pt_6974,P_1-1-pt_2013,61.70000000000061,6531.0,0.8626550298576022
P_1-1-pt_6974,P_1-2_5543,96.49999999999879,6531.0,0.8626550298576022
P_1-1-pt_6974,P_1-2_303,173.7999999999944,6531.0,0.8626550298576022
P_1-2_5927,P_1-2_163,50.00000000000044,6531.0,0.7115296279283417
P_1-2_5927,P_2-1_6236,27.50000000000012,6531.0,0.7115296279283417
P_1-2_5927,P_1-2_1948,27.50000000000012,6531.0,0.7115296279283417
P_1-2_5927,P_1-3_4492,26.500000000000107,6531.0,0.7115296279283417
P_1-2_5927,P_1-3_2528,27.600000000000122,6531.0,0.7115296279283417
P_1-2_5927,P_1-1-pt_2425,36.900000000000254,6531.0,0.7115296279283417
P_1-2_5927,P_1-2_1285,30.30000000000016,6531.0,0.7115296279283417
P_1-2_5927,P_2-1_842,34.900000000000226,6531.0,0.7115296279283417
P_1-2_5927,P_1-3_5451,27.50000000000012,6531.0,0.7115296279283417
P_1-2_5927,P_1-3_1140,24.100000000000072,6531.0,0.7115296279283417
P_1-2_5927,P_1-2_4955,62.10000000000061,6531.0,0.7115296279283417
P_1-2_5927,P_1-2_2061,35.00000000000023,6531.0,0.7115296279283417
P_1-2_5927,P_1-1-pt_4785,34.200000000000216,6531.0,0.7115296279283417
P_1-2_5927,P_1-2_5020,50.50000000000045,6531.0,0.7115296279283417
P_1-2_5927,P_2-1_3664,33.70000000000021,6531.0,0.7115296279283417
P_1-2_5927,P_2-1_3058,35.30000000000023,6531.0,0.7115296279283417
P_1-3_3901,P_1-2_4734,203.59999999999272,6527.0,0.8110923854757163
P_1-3_3901,P_1-2_4206,203.6999999999927,6527.0,0.8110923854757163
P_1-3_3901,P_1-3_1500,202.99999999999275,6527.0,0.8110923854757163
P_1-3_3901,P_1-2_1420,204.29999999999268,6527.0,0.8110923854757163
P_1-3_3901,P_1-3_228,204.19999999999268,6527.0,0.8110923854757163
P_1-3_3901,P_1-3_3776,203.19999999999274,6527.0,0.8110923854757163
P_1-3_3901,P_2-1_2161,203.6999999999927,6527.0,0.8110923854757163
P_1-3_3901,P_1-3_874,101.6999999999985,6527.0,0.8110923854757163
P_1-3_3901,P_1-3_2454,101.49999999999851,6527.0,0.8110923854757163
P_1-3_3901,P_1-3_3834,101.39999999999851,6527.0,0.8110923854757163
P_1-3_3901,P_1-2_3280,101.39999999999851,6527.0,0.8110923854757163
P_1-3_3901,P_1-3_3046,100.79999999999855,6527.0,0.8110923854757163
P_1-3_3901,P_1-3_3457,54.80000000000051,6527.0,0.8110923854757163
P_1-3_3901,P_1-3_4168,50.80000000000045,6527.0,0.8110923854757163
P_1-3_3901,P_1-3_2053,50.60000000000045,6527.0,0.8110923854757163
P_1-1-pt_6368,P_1-1-pt_527,41.50000000000032,6525.0,0.6571647509578544
P_1-1-pt_6368,P_1-1-pt_255,118.99999999999751,6525.0,0.6571647509578544
P_1-1-pt_6368,P_1-2_1313,13.599999999999968,6525.0,0.6571647509578544
P_1-1-pt_6368,P_1-1-pt_3769,76.09999999999995,6525.0,0.6571647509578544
P_1-1-pt_6368,P_1-1-pt_4595,52.60000000000048,6525.0,0.6571647509578544
P_1-1-pt_6368,P_1-1-pt_8545,48.900000000000425,6525.0,0.6571647509578544
P_1-1-pt_6368,P_1-2_1017,22.200000000000045,6525.0,0.6571647509578544
P_1-1-pt_6368,P_1-1-pt_1306,1983.4999999992915,6525.0,0.6571647509578544
P_1-1-pt_6368,P_1-2_4208,56.90000000000054,6525.0,0.6571647509578544
P_1-1-pt_6368,P_1-3_3755,66.80000000000048,6525.0,0.6571647509578544
P_1-1-pt_6368,P_1-3_5334,88.39999999999925,6525.0,0.6571647509578544
P_1-1-pt_6368,P_1-1-pt_3927,85.39999999999942,6525.0,0.6571647509578544
P_1-1-pt_5115,P_1-1-pt_5357,9.599999999999982,6515.0,1.0
P_1-1-pt_5115,P_1-3_2985,51.40000000000046,6515.0,1.0
P_1-1-pt_5115,P_1-2_1990,51.40000000000046,6515.0,1.0
P_1-1-pt_5115,P_1-1-veh_602,51.50000000000046,6515.0,1.0
P_1-1-pt_5115,P_1-2_4208,51.50000000000046,6515.0,1.0
P_1-1-pt_5115,P_1-3_3755,51.20000000000046,6515.0,1.0
P_1-1-pt_5115,P_1-3_5334,51.000000000000455,6515.0,1.0
P_1-1-pt_5115,P_1-1-pt_3927,49.700000000000436,6515.0,1.0
P_1-1-pt_5115,P_1-2_2345,52.10000000000047,6515.0,1.0
P_1-1-pt_5115,P_1-2_4019,52.10000000000047,6515.0,1.0
P_1-1-pt_5115,P_1-2_3692,51.50000000000046,6515.0,1.0
P_1-1-pt_5115,P_1-2_263,49.50000000000043,6515.0,1.0
P_1-1-pt_1714,P_1-1-pt_8682,83.09999999999955,6514.0,0.5061406202026405
P_1-1-pt_1714,P_1-2_3389,45.00000000000037,6514.0,0.5061406202026405
P_1-1-pt_1714,P_1-1-pt_560,81.29999999999966,6514.0,0.5061406202026405
P_1-1-pt_1714,P_1-2_4771,100.59999999999856,6514.0,0.5061406202026405
P_1-1-pt_1714,P_1-1-pt_3629,102.89999999999843,6514.0,0.5061406202026405
P_1-1-pt_1714,P_1-2_2287,57.80000000000055,6514.0,0.5061406202026405
P_1-1-pt_1714,P_1-3_1785,50.400000000000446,6514.0,0.5061406202026405
P_1-1-pt_1714,P_1-3_874,45.10000000000037,6514.0,0.5061406202026405
P_1-1-pt_1714,P_1-3_4168,49.700000000000436,6514.0,0.5061406202026405
P_1-1-pt_1714,P_1-2_3081,49.50000000000043,6514.0,0.5061406202026405
P_1-1-pt_1714,P_1-3_2053,50.00000000000044,6514.0,0.5061406202026405
P_1-1-pt_1714,P_1-2_5951,50.20000000000044,6514.0,0.5061406202026405
P_1-1-pt_1714,P_1-3_4690,51.40000000000046,6514.0,0.5061406202026405
P_1-2_848,P_1-1-pt_2820,35.600000000000236,6513.0,1.0
P_1-2_848,P_1-3_2221,47.90000000000041,6513.0,1.0
P_1-2_848,P_1-3_2280,47.600000000000406,6513.0,1.0
P_1-2_848,P_1-2_4249,50.60000000000045,6513.0,1.0
P_1-2_848,P_1-1-pt_5139,54.3000000000005,6513.0,1.0
P_1-2_848,P_2-1_1724,77.99999999999984,6513.0,1.0
P_1-2_848,P_1-1-pt_1006,102.69999999999844,6513.0,1.0
P_1-2_848,P_1-2_3702,2313.5999999989913,6513.0,1.0
P_2-1_213,P_1-2_5288,48.00000000000041,6509.0,0.6228299277922876
P_2-1_213,P_1-3_2374,50.60000000000045,6509.0,0.6228299277922876
P_2-1_213,P_1-3_268,48.00000000000041,6509.0,0.6228299277922876
P_2-1_213,P_1-3_28,48.80000000000042,6509.0,0.6228299277922876
P_2-1_213,P_1-3_234,47.80000000000041,6509.0,0.6228299277922876
P_2-1_213,P_1-2_3879,48.00000000000041,6509.0,0.6228299277922876
P_2-1_213,P_1-3_2773,48.00000000000041,6509.0,0.6228299277922876
P_2-1_213,P_1-3_4262,48.00000000000041,6509.0,0.6228299277922876
P_2-1_213,P_1-2_4376,49.600000000000435,6509.0,0.6228299277922876
P_2-1_213,P_1-3_1676,47.90000000000041,6509.0,0.6228299277922876
P_2-1_213,P_1-3_5144,48.00000000000041,6509.0,0.6228299277922876
P_2-1_213,P_1-3_2786,48.00000000000041,6509.0,0.6228299277922876
P_2-1_213,P_1-3_5475,47.90000000000041,6509.0,0.6228299277922876
P_2-1_213,P_1-2_4853,55.900000000000524,6509.0,0.6228299277922876
P_2-1_213,P_2-1_6130,52.60000000000048,6509.0,0.6228299277922876
P_1-1-pt_8184,P_1-1-pt_8289,269.0999999999927,6506.0,0.8570550261297264
P_1-1-pt_8184,P_1-2_638,157.59999999999533,6506.0,0.8570550261297264
P_1-1-pt_8184,P_1-2_5753,311.20000000000226,6506.0,0.8570550261297264
P_1-1-pt_8184,P_1-1-veh_834,149.3999999999958,6506.0,0.8570550261297264
P_1-1-pt_8184,P_1-3_743,186.89999999999367,6506.0,0.8570550261297264
P_1-1-pt_8184,P_1-3_2599,91.89999999999905,6506.0,0.8570550261297264
P_1-1-pt_8184,P_1-2_5745,90.9999999999991,6506.0,0.8570550261297264
P_1-1-pt_8184,P_1-1-pt_8735,82.3999999999996,6506.0,0.8570550261297264
P_1-1-pt_8184,P_1-2_4266,93.29999999999897,6506.0,0.8570550261297264
P_1-1-pt_8184,P_1-3_3076,91.0999999999991,6506.0,0.8570550261297264
P_1-1-pt_8184,P_1-1-pt_182,109.69999999999804,6506.0,0.8570550261297264
P_1-1-pt_8184,P_1-1-pt_1723,127.09999999999705,6506.0,0.8570550261297264
P_1-1-pt_8184,P_1-3_4289,981.0000000001545,6506.0,0.8570550261297264
P_1-1-veh_602,P_1-3_2985,48.80000000000042,6500.0,1.0
P_1-1-veh_602,P_1-1-pt_8762,44.40000000000036,6500.0,1.0
P_1-1-veh_602,P_1-3_5334,77.89999999999985,6500.0,1.0
P_1-1-veh_602,P_1-1-pt_7732,51.800000000000466,6500.0,1.0
P_1-1-veh_602,P_1-1-pt_5115,51.50000000000046,6500.0,1.0
P_1-1-veh_602,P_1-2_3575,57.00000000000054,6500.0,1.0
P_1-2_1494,P_1-2_1953,48.00000000000041,6499.0,1.0
P_1-2_1494,P_1-3_2773,12.399999999999972,6499.0,1.0
P_1-2_1494,P_1-3_4025,47.80000000000041,6499.0,1.0
P_1-2_1494,P_1-2_4376,47.90000000000041,6499.0,1.0
P_1-2_1494,P_1-3_1676,47.80000000000041,6499.0,1.0
P_1-2_1494,P_1-2_5765,48.10000000000041,6499.0,1.0
P_1-2_1494,P_1-1-pt_1669,51.90000000000047,6499.0,1.0
P_1-2_168,P_1-3_635,75.10000000000001,6497.0,0.996613821763891
P_1-2_168,P_1-1-pt_4875,1802.0999999994565,6497.0,0.996613821763891
P_1-2_168,P_2-1_2136,51.60000000000046,6497.0,0.996613821763891
P_1-2_168,P_1-1-veh_65,56.000000000000526,6497.0,0.996613821763891
P_1-2_168,P_1-1-pt_1473,43.00000000000034,6497.0,0.996613821763891
P_1-2_168,P_2-1_4127,38.80000000000028,6497.0,0.996613821763891
P_1-2_168,P_1-2_3708,50.50000000000045,6497.0,0.996613821763891
P_1-2_168,P_1-3_4644,38.60000000000028,6497.0,0.996613821763891
P_1-1-pt_3489,P_1-2_4940,51.50000000000046,6495.0,1.0
P_1-1-pt_3489,P_1-1-pt_6453,50.00000000000044,6495.0,1.0
P_1-1-pt_3489,P_1-1-pt_1329,163.99999999999497,6495.0,1.0
P_1-1-pt_3489,P_2-1_5419,52.30000000000047,6495.0,1.0
P_1-1-pt_3489,P_1-1-pt_2297,17.199999999999974,6495.0,1.0
P_1-1-pt_3489,P_1-3_4663,51.50000000000046,6495.0,1.0
P_1-1-pt_3489,P_1-3_4881,33.1000000000002,6495.0,1.0
P_1-2_4483,P_1-1-pt_5167,28.600000000000136,6485.0,1.0
P_1-2_4483,P_1-1-pt_1747,87.19999999999932,6485.0,1.0
P_1-2_4483,P_1-1-pt_1497,23.500000000000064,6485.0,1.0
P_1-2_4483,P_1-1-pt_98,16.699999999999967,6485.0,1.0
P_1-2_4483,P_1-1-pt_3207,16.89999999999997,6485.0,1.0
P_1-2_4483,P_1-1-pt_3671,16.89999999999997,6485.0,1.0
P_1-2_4483,P_1-1-pt_2920,23.800000000000068,6485.0,1.0
P_1-2_4483,P_1-1-pt_6974,62.70000000000062,6485.0,1.0
P_1-2_4483,P_1-2_4940,38.00000000000027,6485.0,1.0
P_1-2_4483,P_1-1-pt_2880,72.20000000000017,6485.0,1.0
P_1-2_4483,P_1-1-pt_3858,86.09999999999938,6485.0,1.0
P_1-2_4483,P_1-1-pt_2013,76.59999999999992,6485.0,1.0
P_1-2_4483,P_1-1-pt_7573,49.80000000000044,6485.0,1.0
P_1-2_4483,P_1-2_303,15.199999999999962,6485.0,1.0
P_1-2_4483,P_1-1-pt_297,105.59999999999827,6485.0,1.0
P_1-2_4483,P_1-1-pt_2162,52.500000000000476,6485.0,1.0
P_1-2_4483,P_1-1-pt_3409,50.10000000000044,6485.0,1.0
P_1-2_4483,P_1-1-pt_1270,33.70000000000021,6485.0,1.0
P_1-2_4483,P_1-1-pt_7863,49.20000000000043,6485.0,1.0
P_1-2_4483,P_1-1-pt_8545,42.00000000000033,6485.0,1.0
P_1-2_4483,P_1-1-pt_5193,37.10000000000026,6485.0,1.0
P_1-2_4483,P_1-1-pt_8728,739.6000000000996,6485.0,1.0
P_1-2_4483,P_1-1-pt_7325,2.700000000000001,6485.0,1.0
P_1-2_5951,P_1-1-pt_4966,53.100000000000485,6485.0,0.8567463377023902
P_1-2_5951,P_1-1-pt_5078,41.800000000000324,6485.0,0.8567463377023902
P_1-2_5951,P_1-1-pt_7208,45.20000000000037,6485.0,0.8567463377023902
P_1-2_5951,P_1-1-pt_6538,45.400000000000375,6485.0,0.8567463377023902
P_1-2_5951,P_1-1-pt_8682,45.00000000000037,6485.0,0.8567463377023902
P_1-2_5951,P_1-1-pt_1226,52.10000000000047,6485.0,0.8567463377023902
P_1-2_5951,P_1-2_1596,48.40000000000042,6485.0,0.8567463377023902
P_1-2_5951,P_1-1-veh_234,48.00000000000041,6485.0,0.8567463377023902
P_1-2_5951,P_1-1-pt_7080,45.300000000000374,6485.0,0.8567463377023902
P_1-2_5951,P_1-2_3389,48.200000000000415,6485.0,0.8567463377023902
P_1-2_5951,P_1-1-pt_1714,50.20000000000044,6485.0,0.8567463377023902
P_1-2_5951,P_1-2_2287,50.60000000000045,6485.0,0.8567463377023902
P_1-2_5951,P_1-3_2454,50.60000000000045,6485.0,0.8567463377023902
P_1-2_5951,P_1-3_874,48.00000000000041,6485.0,0.8567463377023902
P_1-2_5951,P_1-1-pt_560,45.90000000000038,6485.0,0.8567463377023902
P_1-2_5951,P_1-3_1785,50.80000000000045,6485.0,0.8567463377023902
P_1-2_5951,P_1-2_3081,50.80000000000045,6485.0,0.8567463377023902
P_1-2_5951,P_1-2_4771,897.6000000001355,6485.0,0.8567463377023902
P_1-1-pt_2129,P_1-2_3488,98.79999999999866,6484.0,0.7604873534855028
P_1-1-pt_2129,P_1-2_2237,97.59999999999873,6484.0,0.7604873534855028
P_1-1-pt_2129,P_1-1-pt_5275,100.79999999999855,6484.0,0.7604873534855028
P_1-1-pt_2129,P_1-1-pt_1700,100.79999999999855,6484.0,0.7604873534855028
P_1-1-pt_2129,P_1-2_1533,117.69999999999759,6484.0,0.7604873534855028
P_1-1-pt_2129,P_1-1-pt_1039,6473.000000006017,6484.0,0.7604873534855028
P_1-1-pt_2820,P_1-2_2473,33.80000000000021,6484.0,0.8368291178285009
P_1-1-pt_2820,P_1-3_1945,34.60000000000022,6484.0,0.8368291178285009
P_1-1-pt_2820,P_1-2_3702,35.80000000000024,6484.0,0.8368291178285009
P_1-1-pt_2820,P_1-2_848,35.600000000000236,6484.0,0.8368291178285009
P_1-1-pt_2820,P_1-3_2221,808.6000000001153,6484.0,0.8368291178285009
P_1-1-pt_2820,P_1-1-pt_2834,38.10000000000027,6484.0,0.8368291178285009
P_1-1-pt_2820,P_1-1-pt_3097,57.60000000000055,6484.0,0.8368291178285009
P_1-3_4775,P_1-2_4634,211.69999999999226,6482.0,0.7644245603208886
P_1-3_4775,P_1-3_2410,159.7999999999952,6482.0,0.7644245603208886
P_1-3_4775,P_1-3_3253,158.99999999999525,6482.0,0.7644245603208886
P_1-3_4775,P_1-3_2018,100.09999999999859,6482.0,0.7644245603208886
P_1-3_4775,P_1-3_2633,150.29999999999575,6482.0,0.7644245603208886
P_1-3_4775,P_1-2_5210,100.79999999999855,6482.0,0.7644245603208886
P_1-3_4775,P_1-2_573,100.69999999999855,6482.0,0.7644245603208886
P_1-3_4775,P_1-3_4954,100.79999999999855,6482.0,0.7644245603208886
P_1-3_4775,P_1-3_4875,352.40000000001163,6482.0,0.7644245603208886
P_1-3_4775,P_1-3_3410,240.8999999999906,6482.0,0.7644245603208886
P_1-1-pt_7760,P_1-3_4168,52.400000000000475,6481.0,1.0
P_1-1-pt_7760,P_1-1-pt_7080,52.80000000000048,6481.0,1.0
P_1-1-pt_7760,P_1-1-veh_792,52.30000000000047,6481.0,1.0
P_1-1-pt_7760,P_1-1-veh_234,92.59999999999901,6481.0,1.0
P_1-1-pt_7760,P_1-1-pt_6538,41.40000000000032,6481.0,1.0
P_1-1-pt_7760,P_1-1-pt_776,56.000000000000526,6481.0,1.0
P_1-1-pt_7760,P_1-1-pt_7142,59.400000000000574,6481.0,1.0
P_1-1-pt_7760,P_1-1-pt_6273,91.99999999999905,6481.0,1.0
P_1-1-pt_7760,P_1-3_2323,54.90000000000051,6481.0,1.0
P_1-1-pt_7760,P_1-3_3494,101.89999999999849,6481.0,1.0
P_1-1-pt_7760,P_1-1-pt_5897,181.89999999999395,6481.0,1.0
P_1-2_3879,P_1-2_4454,48.00000000000041,6481.0,0.4738466286066965
P_1-2_3879,P_2-1_6130,49.20000000000043,6481.0,0.4738466286066965
P_1-2_3879,P_2-1_5067,48.60000000000042,6481.0,0.4738466286066965
P_1-2_3879,P_1-2_4853,54.70000000000051,6481.0,0.4738466286066965
P_1-2_3879,P_1-3_4663,48.80000000000042,6481.0,0.4738466286066965
P_1-2_3879,P_1-2_1658,48.00000000000041,6481.0,0.4738466286066965
P_1-2_3879,P_1-3_4881,47.90000000000041,6481.0,0.4738466286066965
P_1-2_3879,P_1-2_2180,1879.699999999386,6481.0,0.4738466286066965
P_1-2_3879,P_1-2_5543,33.1000000000002,6481.0,0.4738466286066965
P_1-2_3879,P_1-3_2773,56.40000000000053,6481.0,0.4738466286066965
P_1-2_3879,P_1-3_4025,24.500000000000078,6481.0,0.4738466286066965
P_1-2_3879,P_2-1_4267,49.40000000000043,6481.0,0.4738466286066965
P_1-2_3879,P_2-1_3390,49.50000000000043,6481.0,0.4738466286066965
P_1-2_3879,P_2-1_1463,84.49999999999947,6481.0,0.4738466286066965
P_1-2_3879,P_1-3_234,34.30000000000022,6481.0,0.4738466286066965
P_1-2_3879,P_2-1_499,92.899999999999,6481.0,0.4738466286066965
P_1-2_3879,P_2-1_804,85.7999999999994,6481.0,0.4738466286066965
P_1-2_3879,P_1-3_4262,39.60000000000029,6481.0,0.4738466286066965
P_1-2_3879,P_2-1_213,48.00000000000041,6481.0,0.4738466286066965
P_1-1-pt_4715,P_1-1-pt_2952,38.50000000000028,6476.0,0.948733786287832
P_1-1-pt_4715,P_1-2_1066,52.400000000000475,6476.0,0.948733786287832
P_1-1-pt_4715,P_1-2_3835,44.20000000000036,6476.0,0.948733786287832
P_1-1-pt_4715,P_1-2_3286,38.300000000000274,6476.0,0.948733786287832
P_1-3_1737,P_1-3_2643,47.90000000000041,6476.0,1.0
P_1-3_1737,P_1-3_1324,47.80000000000041,6476.0,1.0
P_1-3_1737,P_1-1-pt_2808,45.300000000000374,6476.0,1.0
P_1-3_1737,P_1-1-pt_2606,51.000000000000455,6476.0,1.0
P_1-3_1737,P_1-1-pt_8545,172.0999999999945,6476.0,1.0
P_1-3_1737,P_1-2_2702,39.800000000000296,6476.0,1.0
P_1-1-pt_1039,P_1-2_3488,99.7999999999986,6474.0,0.47018844609206056
P_1-1-pt_1039,P_1-2_2237,97.59999999999873,6474.0,0.47018844609206056
P_1-1-pt_1039,P_1-1-pt_5275,101.19999999999852,6474.0,0.47018844609206056
P_1-1-pt_1039,P_1-1-pt_1700,100.69999999999855,6474.0,0.47018844609206056
P_1-1-pt_1039,P_1-2_1533,122.19999999999733,6474.0,0.47018844609206056
P_1-1-pt_1039,P_1-1-pt_2129,6473.000000006017,6474.0,0.47018844609206056
P_1-2_2598,P_1-3_5117,48.00000000000041,6473.0,0.5556928781090684
P_1-2_2598,P_1-2_2183,48.00000000000041,6473.0,0.5556928781090684
P_1-2_2598,P_1-2_5641,107.79999999999815,6473.0,0.5556928781090684
P_1-2_2598,P_1-2_5428,16.99999999999997,6473.0,0.5556928781090684
P_1-2_2598,P_1-1-pt_498,51.700000000000465,6473.0,0.5556928781090684
P_1-2_2598,P_1-1-veh_530,15.299999999999962,6473.0,0.5556928781090684
P_1-2_2598,P_1-3_1535,21.600000000000037,6473.0,0.5556928781090684
P_1-2_2598,P_1-1-pt_2032,50.00000000000044,6473.0,0.5556928781090684
P_2-1_3390,P_1-2_5288,48.10000000000041,6472.0,0.8566131025957973
P_2-1_3390,P_2-1_4267,1351.799999999866,6472.0,0.8566131025957973
P_2-1_3390,P_1-3_268,48.00000000000041,6472.0,0.8566131025957973
P_2-1_3390,P_1-3_28,48.00000000000041,6472.0,0.8566131025957973
P_2-1_3390,P_1-3_234,47.90000000000041,6472.0,0.8566131025957973
P_2-1_3390,P_1-2_3879,49.50000000000043,6472.0,0.8566131025957973
P_2-1_3390,P_1-3_2773,52.00000000000047,6472.0,0.8566131025957973
P_2-1_3390,P_1-3_4262,48.00000000000041,6472.0,0.8566131025957973
P_2-1_3390,P_1-3_5144,48.10000000000041,6472.0,0.8566131025957973
P_2-1_3390,P_1-3_2786,63.10000000000063,6472.0,0.8566131025957973
P_2-1_3390,P_1-3_5475,100.59999999999856,6472.0,0.8566131025957973
P_2-1_3390,P_1-1-pt_5999,51.30000000000046,6472.0,0.8566131025957973
P_2-1_3390,P_1-2_752,41.00000000000031,6472.0,0.8566131025957973
P_2-1_3390,P_1-1-pt_5258,3.900000000000002,6472.0,0.8566131025957973
P_1-1-pt_3275,P_1-1-pt_1121,66.90000000000047,6470.0,0.874806800618238
P_1-1-pt_3275,P_1-1-pt_494,42.500000000000334,6470.0,0.874806800618238
P_1-1-pt_3275,P_1-1-pt_2162,44.000000000000355,6470.0,0.874806800618238
P_1-1-pt_3275,P_1-1-pt_5897,55.70000000000052,6470.0,0.874806800618238
P_1-1-pt_3275,P_1-1-pt_4671,58.20000000000056,6470.0,0.874806800618238
P_1-1-pt_3275,P_1-1-pt_1270,55.60000000000052,6470.0,0.874806800618238
P_1-1-pt_3275,P_1-1-pt_4919,55.40000000000052,6470.0,0.874806800618238
P_1-1-pt_3275,P_1-1-pt_1304,56.600000000000534,6470.0,0.874806800618238
P_1-1-pt_3275,P_1-1-pt_7863,55.300000000000516,6470.0,0.874806800618238
P_1-1-pt_3275,P_1-2_1017,4.300000000000001,6470.0,0.874806800618238
P_1-1-pt_3275,P_1-1-pt_5193,56.000000000000526,6470.0,0.874806800618238
P_1-1-pt_3275,P_1-1-pt_7325,56.80000000000054,6470.0,0.874806800618238
P_1-1-pt_3275,P_1-1-pt_8137,56.50000000000053,6470.0,0.874806800618238
P_1-1-pt_3275,P_1-1-pt_8762,56.80000000000054,6470.0,0.874806800618238
P_1-1-pt_3275,P_1-1-pt_1138,57.60000000000055,6470.0,0.874806800618238
P_1-1-pt_3275,P_1-1-pt_1560,2069.4999999992133,6470.0,0.874806800618238
P_1-1-pt_3275,P_1-1-pt_1966,55.50000000000052,6470.0,0.874806800618238
P_1-1-pt_3275,P_1-1-pt_4595,64.8000000000006,6470.0,0.874806800618238
P_1-1-pt_3275,P_1-1-pt_5906,57.300000000000544,6470.0,0.874806800618238
P_1-1-pt_3275,P_1-1-pt_5942,58.20000000000056,6470.0,0.874806800618238
P_1-1-pt_4875,P_1-3_635,46.30000000000039,6465.0,1.0
P_1-1-pt_4875,P_1-2_168,1802.0999999994565,6465.0,1.0
P_1-1-pt_4875,P_2-1_2136,54.80000000000051,6465.0,1.0
P_1-1-pt_4875,P_1-1-veh_65,54.600000000000506,6465.0,1.0
P_1-1-pt_4875,P_1-1-pt_1473,32.800000000000196,6465.0,1.0
P_1-1-pt_4875,P_2-1_4127,43.300000000000345,6465.0,1.0
P_1-2_3908,P_2-1_5435,760.5000000001044,6464.0,0.635055693069307
P_1-2_3908,P_2-1_4331,747.5000000001014,6464.0,0.635055693069307
P_1-2_3908,P_1-2_2229,747.0000000001013,6464.0,0.635055693069307
P_1-2_3908,P_1-2_2030,698.4000000000902,6464.0,0.635055693069307
P_1-2_3908,P_2-1_3376,724.2000000000961,6464.0,0.635055693069307
P_1-2_3908,P_2-1_6256,2361.5999999989476,6464.0,0.635055693069307
P_1-2_3908,P_1-2_4607,697.9000000000901,6464.0,0.635055693069307
P_1-2_3908,P_1-1-pt_7104,668.6000000000835,6464.0,0.635055693069307
P_1-2_3908,P_1-2_4886,697.8000000000901,6464.0,0.635055693069307
P_1-2_4940,P_1-1-pt_3489,51.50000000000046,6464.0,0.6743502475247525
P_1-2_4940,P_1-1-pt_2013,38.20000000000027,6464.0,0.6743502475247525
P_1-2_4940,P_2-1_3764,42.20000000000033,6464.0,0.6743502475247525
P_1-2_4940,P_2-1_2925,51.60000000000046,6464.0,0.6743502475247525
P_1-2_4940,P_1-1-pt_6453,2468.99999999885,6464.0,0.6743502475247525
P_1-2_4940,P_1-1-pt_521,40.60000000000031,6464.0,0.6743502475247525
P_1-2_4940,P_1-1-pt_5666,52.70000000000048,6464.0,0.6743502475247525
P_1-2_4940,P_1-1-pt_4736,49.80000000000044,6464.0,0.6743502475247525
P_1-2_4940,P_1-1-pt_5167,63.700000000000635,6464.0,0.6743502475247525
P_1-2_4940,P_1-2_4483,38.00000000000027,6464.0,0.6743502475247525
P_1-2_4940,P_1-1-pt_1747,52.90000000000048,6464.0,0.6743502475247525
P_1-2_4940,P_1-1-pt_98,51.40000000000046,6464.0,0.6743502475247525
P_1-2_4940,P_1-1-pt_3207,51.700000000000465,6464.0,0.6743502475247525
P_1-2_4940,P_1-1-pt_3671,51.50000000000046,6464.0,0.6743502475247525
P_1-2_4940,P_1-1-pt_7915,8.399999999999986,6464.0,0.6743502475247525
P_1-2_4940,P_1-2_5543,39.50000000000029,6464.0,0.6743502475247525
P_1-2_4940,P_2-1_1878,109.29999999999806,6464.0,0.6743502475247525
P_1-2_4940,P_2-1_1724,43.40000000000035,6464.0,0.6743502475247525
P_1-2_4940,P_1-3_3339,41.50000000000032,6464.0,0.6743502475247525
P_1-2_4940,P_2-1_4267,42.00000000000033,6464.0,0.6743502475247525
P_1-1-pt_2032,P_1-1-pt_7938,53.200000000000486,6461.0,0.6322550688747872
P_1-1-pt_2032,P_1-1-pt_498,52.90000000000048,6461.0,0.6322550688747872
P_1-1-pt_2032,P_1-2_609,50.300000000000445,6461.0,0.6322550688747872
P_1-1-pt_2032,P_1-2_2598,50.00000000000044,6461.0,0.6322550688747872
P_2-1_3764,P_1-3_5144,38.90000000000028,6460.0,0.8130030959752322
P_2-1_3764,P_1-1-pt_6974,136.59999999999653,6460.0,0.8130030959752322
P_2-1_3764,P_1-1-pt_98,47.1000000000004,6460.0,0.8130030959752322
P_2-1_3764,P_2-1_2925,367.80000000001513,6460.0,0.8130030959752322
P_2-1_3764,P_1-1-pt_2920,49.000000000000426,6460.0,0.8130030959752322
P_2-1_3764,P_1-1-pt_6453,53.30000000000049,6460.0,0.8130030959752322
P_2-1_3764,P_1-2_4940,42.20000000000033,6460.0,0.8130030959752322
P_2-1_3764,P_1-2_303,15.099999999999962,6460.0,0.8130030959752322
P_2-1_3764,P_1-1-pt_255,28.90000000000014,6460.0,0.8130030959752322
P_2-1_3764,P_1-1-pt_494,52.400000000000475,6460.0,0.8130030959752322
P_2-1_3764,P_1-1-pt_2162,52.60000000000048,6460.0,0.8130030959752322
P_2-1_3764,P_1-1-pt_5897,49.700000000000436,6460.0,0.8130030959752322
P_2-1_3764,P_1-1-pt_3769,49.80000000000044,6460.0,0.8130030959752322
P_2-1_3764,P_1-1-pt_4671,49.10000000000043,6460.0,0.8130030959752322
P_2-1_3764,P_1-1-pt_3409,49.600000000000435,6460.0,0.8130030959752322
P_2-1_3764,P_1-1-pt_1270,50.300000000000445,6460.0,0.8130030959752322
P_2-1_3764,P_1-1-pt_4919,50.60000000000045,6460.0,0.8130030959752322
P_2-1_3764,P_1-1-pt_7863,54.90000000000051,6460.0,0.8130030959752322
P_2-1_3764,P_1-1-veh_792,31.900000000000183,6460.0,0.8130030959752322
P_2-1_3764,P_1-1-pt_8545,50.70000000000045,6460.0,0.8130030959752322
P_2-1_3764,P_1-1-pt_5193,50.300000000000445,6460.0,0.8130030959752322
P_2-1_3764,P_1-1-pt_7325,50.80000000000045,6460.0,0.8130030959752322
P_2-1_3764,P_1-1-pt_8137,51.20000000000046,6460.0,0.8130030959752322
P_2-1_3764,P_1-1-pt_1108,37.40000000000026,6460.0,0.8130030959752322
P_2-1_3764,P_1-1-veh_105,22.900000000000055,6460.0,0.8130030959752322
P_2-1_3764,P_1-2_1203,42.80000000000034,6460.0,0.8130030959752322
P_2-1_3764,P_1-2_2554,78.89999999999979,6460.0,0.8130030959752322
P_2-1_3764,P_1-1-pt_6389,53.30000000000049,6460.0,0.8130030959752322
P_1-1-pt_2431,P_1-2_4329,114.69999999999776,6458.0,1.0
P_1-1-pt_2431,P_1-2_3590,46.100000000000385,6458.0,1.0
P_1-1-pt_2431,P_1-1-pt_5139,100.39999999999857,6458.0,1.0
P_1-1-pt_2431,P_1-1-pt_1601,42.90000000000034,6458.0,1.0
P_1-1-pt_2431,P_1-1-pt_1006,54.90000000000051,6458.0,1.0
P_1-1-pt_2431,P_1-1-pt_7440,44.700000000000365,6458.0,1.0
P_1-1-pt_2431,P_1-1-pt_1167,52.70000000000048,6458.0,1.0
P_1-1-pt_2431,P_1-1-pt_3931,79.29999999999977,6458.0,1.0
P_1-1-pt_2431,P_1-3_1604,91.0999999999991,6458.0,1.0
P_1-1-pt_2431,P_2-1_6236,53.800000000000495,6458.0,1.0
P_1-3_4822,P_1-2_1640,48.10000000000041,6455.0,1.0
P_1-3_4822,P_1-2_5641,48.10000000000041,6455.0,1.0
P_1-3_4822,P_1-2_4098,191.7999999999934,6455.0,1.0
P_1-3_4822,P_1-2_4724,767.0000000001058,6455.0,1.0
P_1-3_4822,P_1-2_3716,2052.199999999229,6455.0,1.0
P_1-3_4822,P_1-2_4327,705.5000000000919,6455.0,1.0
P_1-3_4822,P_1-2_5943,40.0000000000003,6455.0,1.0
P_1-3_4822,P_1-1-pt_4645,11.699999999999974,6455.0,1.0
P_1-3_4822,P_1-2_3752,102.79999999999843,6455.0,1.0
P_1-1-pt_7763,P_1-1-pt_1560,189.8999999999935,6435.0,0.8542346542346543
P_1-1-pt_7763,P_1-2_303,48.00000000000041,6435.0,0.8542346542346543
P_1-1-pt_7763,P_1-3_3494,46.50000000000039,6435.0,0.8542346542346543
P_1-1-pt_7763,P_1-1-veh_792,45.400000000000375,6435.0,0.8542346542346543
P_1-1-pt_7763,P_1-1-veh_105,45.60000000000038,6435.0,0.8542346542346543
P_1-1-pt_7763,P_1-1-pt_6273,52.90000000000048,6435.0,0.8542346542346543
P_1-1-pt_7763,P_1-2_2554,45.50000000000038,6435.0,0.8542346542346543
P_1-1-pt_7763,P_1-1-pt_8682,74.00000000000007,6435.0,0.8542346542346543
P_1-1-pt_7763,P_1-1-pt_7142,52.70000000000048,6435.0,0.8542346542346543
P_1-2_4730,P_1-2_1025,33.90000000000021,6432.0,1.0
P_1-1-pt_2863,P_1-1-pt_5167,21.00000000000003,6429.0,1.0
P_1-1-pt_2863,P_1-1-pt_1747,47.500000000000405,6429.0,1.0
P_1-1-pt_2863,P_1-1-pt_5139,829.8000000001201,6429.0,1.0
P_1-1-pt_2863,P_1-2_250,16.499999999999964,6429.0,1.0
P_1-1-pt_2863,P_1-3_5475,44.40000000000036,6429.0,1.0
P_1-1-pt_2863,P_1-1-pt_4380,41.40000000000032,6429.0,1.0
P_1-1-pt_2863,P_1-1-pt_7938,53.100000000000485,6429.0,1.0
P_1-1-pt_2863,P_1-1-pt_3931,52.90000000000048,6429.0,1.0
P_1-1-pt_2863,P_2-1_6236,23.30000000000006,6429.0,1.0
P_1-1-pt_2863,P_1-1-pt_8969,50.70000000000045,6429.0,1.0
P_1-1-pt_2863,P_2-1_5067,23.20000000000006,6429.0,1.0
P_1-1-pt_2863,P_1-2_1658,49.10000000000043,6429.0,1.0
P_1-1-pt_2863,P_1-1-pt_7440,48.300000000000416,6429.0,1.0
P_1-3_80,P_2-1_2987,50.60000000000045,6418.0,0.5079464007478965
P_1-1-pt_1238,P_1-2_1533,375.2000000000168,6403.0,1.0
P_1-1-pt_1238,P_1-3_3046,45.20000000000037,6403.0,1.0
P_1-1-pt_1238,P_1-3_3457,50.400000000000446,6403.0,1.0
P_1-1-pt_1238,P_1-1-veh_234,46.50000000000039,6403.0,1.0
P_1-1-pt_1238,P_1-1-pt_7208,267.7999999999924,6403.0,1.0
P_1-1-pt_1238,P_1-1-pt_6297,70.60000000000026,6403.0,1.0
P_1-1-pt_1238,P_1-2_303,26.500000000000107,6403.0,1.0
P_1-1-pt_1238,P_1-1-pt_6031,56.10000000000053,6403.0,1.0
P_1-1-pt_1238,P_1-1-pt_255,56.30000000000053,6403.0,1.0
P_1-1-pt_1238,P_1-1-pt_1108,56.000000000000526,6403.0,1.0
P_1-1-pt_1238,P_1-1-pt_2834,35.00000000000023,6403.0,1.0
P_1-1-pt_1238,P_1-1-veh_792,51.30000000000046,6403.0,1.0
P_1-1-pt_1238,P_1-1-pt_494,56.600000000000534,6403.0,1.0
P_1-1-pt_1238,P_1-1-pt_2162,57.00000000000054,6403.0,1.0
P_1-1-pt_1238,P_1-1-pt_5897,56.10000000000053,6403.0,1.0
P_1-1-pt_1238,P_1-1-pt_3769,56.50000000000053,6403.0,1.0
P_1-1-pt_1238,P_1-1-pt_4671,55.70000000000052,6403.0,1.0
P_1-1-pt_1238,P_1-1-pt_1270,55.80000000000052,6403.0,1.0
P_1-1-pt_1238,P_1-1-pt_4919,55.300000000000516,6403.0,1.0
P_1-1-pt_1238,P_1-1-pt_1304,55.300000000000516,6403.0,1.0
P_1-1-pt_1238,P_1-1-pt_5906,1648.2999999995964,6403.0,1.0
P_1-1-pt_1238,P_1-1-pt_8545,55.900000000000524,6403.0,1.0
P_1-1-pt_1238,P_1-1-pt_5392,37.600000000000264,6403.0,1.0
P_1-1-pt_1238,P_1-2_2702,111.29999999999795,6403.0,1.0
P_1-1-pt_1238,P_1-2_568,25.900000000000098,6403.0,1.0
P_1-1-veh_246,P_1-3_743,47.70000000000041,6398.0,0.47780556423882464
P_1-1-veh_246,P_1-3_2599,12.199999999999973,6398.0,0.47780556423882464
P_1-1-veh_246,P_1-2_5745,12.199999999999973,6398.0,0.47780556423882464
P_1-1-veh_246,P_1-2_4266,12.599999999999971,6398.0,0.47780556423882464
P_1-1-veh_246,P_1-3_1535,10.599999999999978,6398.0,0.47780556423882464
P_1-1-veh_246,P_1-2_609,12.499999999999972,6398.0,0.47780556423882464
P_1-1-veh_246,P_1-1-pt_1173,4341.799999998264,6398.0,0.47780556423882464
P_1-1-veh_246,P_1-2_3608,255.89999999998975,6398.0,0.47780556423882464
P_1-1-pt_7142,P_1-1-veh_105,42.40000000000033,6394.0,1.0
P_1-1-pt_7142,P_1-3_3834,41.60000000000032,6394.0,1.0
P_1-1-pt_7142,P_1-3_1785,43.70000000000035,6394.0,1.0
P_1-1-pt_7142,P_1-2_2554,43.50000000000035,6394.0,1.0
P_1-1-pt_7142,P_1-2_3280,44.10000000000036,6394.0,1.0
P_1-1-pt_7142,P_1-3_3046,44.10000000000036,6394.0,1.0
P_1-1-pt_7142,P_1-3_3457,44.000000000000355,6394.0,1.0
P_1-1-pt_7142,P_1-1-veh_234,103.4999999999984,6394.0,1.0
P_1-1-pt_7142,P_1-1-pt_6538,1357.399999999861,6394.0,1.0
P_1-1-pt_7142,P_1-1-pt_776,71.40000000000022,6394.0,1.0
P_1-1-pt_7142,P_1-1-pt_7760,59.400000000000574,6394.0,1.0
P_1-1-pt_7142,P_1-1-pt_1226,73.90000000000008,6394.0,1.0
P_1-1-pt_7142,P_2-1_2136,42.70000000000034,6394.0,1.0
P_1-1-pt_7142,P_1-1-veh_65,169.39999999999466,6394.0,1.0
P_1-1-pt_7142,P_1-1-pt_8830,42.20000000000033,6394.0,1.0
P_1-1-pt_7142,P_1-2_2715,51.700000000000465,6394.0,1.0
P_1-1-pt_7142,P_1-1-pt_7763,52.70000000000048,6394.0,1.0
P_1-1-pt_7142,P_1-3_2323,95.59999999999884,6394.0,1.0
P_1-1-pt_7142,P_1-3_528,86.89999999999934,6394.0,1.0
P_1-1-pt_8762,P_1-3_2985,44.40000000000036,6386.0,0.2915753210147197
P_1-1-pt_8762,P_1-1-veh_602,44.40000000000036,6386.0,0.2915753210147197
P_1-1-pt_8762,P_1-1-pt_3927,58.800000000000566,6386.0,0.2915753210147197
P_1-1-pt_8762,P_1-1-pt_1298,53.30000000000049,6386.0,0.2915753210147197
P_1-1-pt_8762,P_1-1-pt_3571,52.60000000000048,6386.0,0.2915753210147197
P_1-1-pt_8762,P_1-1-pt_7325,42.40000000000033,6386.0,0.2915753210147197
P_1-1-pt_8762,P_1-1-pt_8137,63.700000000000635,6386.0,0.2915753210147197
P_1-1-pt_8762,P_1-1-pt_5193,29.300000000000146,6386.0,0.2915753210147197
P_1-1-pt_8762,P_1-1-pt_1798,1438.599999999787,6386.0,0.2915753210147197
P_1-1-pt_8762,P_1-1-pt_3275,56.80000000000054,6386.0,0.2915753210147197
P_1-1-pt_8762,P_1-1-pt_1560,56.600000000000534,6386.0,0.2915753210147197
P_1-1-pt_8762,P_1-1-pt_1966,55.80000000000052,6386.0,0.2915753210147197
P_1-1-pt_8762,P_1-1-pt_4595,54.80000000000051,6386.0,0.2915753210147197
P_1-1-pt_8762,P_1-1-pt_1138,2316.199999998989,6386.0,0.2915753210147197
P_1-1-pt_8762,P_1-2_2702,93.59999999999896,6386.0,0.2915753210147197
P_1-1-pt_8762,P_1-1-pt_5392,100.29999999999858,6386.0,0.2915753210147197
P_1-1-pt_5275,P_1-2_3488,99.9999999999986,6382.0,0.8508304606706362
P_1-1-pt_5275,P_1-2_2237,97.59999999999873,6382.0,0.8508304606706362
P_1-1-pt_5275,P_1-1-pt_2129,100.79999999999855,6382.0,0.8508304606706362
P_1-1-pt_5275,P_1-1-pt_1039,101.19999999999852,6382.0,0.8508304606706362
P_1-1-pt_5275,P_1-1-pt_1700,100.59999999999856,6382.0,0.8508304606706362
P_1-1-pt_5275,P_1-3_3135,52.00000000000047,6382.0,0.8508304606706362
P_1-1-pt_1173,P_1-3_743,45.300000000000374,6381.0,0.6846889202319386
P_1-1-pt_1173,P_1-1-veh_246,4341.799999998264,6381.0,0.6846889202319386
P_1-1-pt_1173,P_1-2_3608,1901.599999999366,6381.0,0.6846889202319386
P_1-1-pt_6176,P_1-1-pt_6743,105.49999999999828,6381.0,1.0
P_1-1-pt_6176,P_1-1-pt_5906,58.90000000000057,6381.0,1.0
P_1-1-pt_6176,P_1-1-pt_3916,59.10000000000057,6381.0,1.0
P_1-1-pt_6176,P_1-1-pt_8728,39.800000000000296,6381.0,1.0
P_1-1-pt_6176,P_1-3_4690,53.60000000000049,6381.0,1.0
P_1-1-pt_6176,P_1-1-pt_7573,55.200000000000514,6381.0,1.0
P_1-1-pt_6176,P_1-1-pt_2503,11.399999999999975,6381.0,1.0
P_1-1-pt_6176,P_1-1-pt_297,64.90000000000059,6381.0,1.0
P_1-1-pt_6176,P_1-1-pt_4996,58.40000000000056,6381.0,1.0
P_1-2_2422,P_1-2_1948,11.999999999999973,6365.0,1.0
P_1-2_2422,P_1-3_4492,14.199999999999966,6365.0,1.0
P_1-2_2422,P_1-3_5354,39.30000000000029,6365.0,1.0
P_1-2_2422,P_1-3_4587,39.800000000000296,6365.0,1.0
P_1-2_2422,P_1-2_4955,33.2000000000002,6365.0,1.0
P_1-2_2422,P_1-2_2061,34.00000000000021,6365.0,1.0
P_1-2_2422,P_1-3_2076,50.70000000000045,6365.0,1.0
P_1-2_2422,P_1-1-pt_4785,48.200000000000415,6365.0,1.0
P_1-2_2422,P_2-1_3664,46.000000000000384,6365.0,1.0
P_1-2_2422,P_2-1_3058,45.60000000000038,6365.0,1.0
P_1-2_2422,P_1-2_2335,18.699999999999996,6365.0,1.0
P_1-2_2422,P_1-3_2180,44.90000000000037,6365.0,1.0
P_1-2_2422,P_1-3_1213,45.300000000000374,6365.0,1.0
P_1-2_3052,P_1-1-pt_527,51.700000000000465,6365.0,0.648075412411626
P_1-2_3052,P_1-2_1313,22.40000000000005,6365.0,0.648075412411626
P_1-2_3052,P_1-1-pt_4595,51.800000000000466,6365.0,0.648075412411626
P_1-2_3052,P_1-1-pt_8545,51.40000000000046,6365.0,0.648075412411626
P_1-2_3052,P_1-2_1017,34.60000000000022,6365.0,0.648075412411626
P_1-2_3052,P_1-1-pt_1306,173.29999999999444,6365.0,0.648075412411626
P_1-2_3052,P_1-1-pt_5906,104.09999999999836,6365.0,0.648075412411626
P_1-2_3052,P_1-2_4208,52.20000000000047,6365.0,0.648075412411626
P_1-2_3052,P_1-3_3755,51.40000000000046,6365.0,0.648075412411626
P_1-2_3052,P_1-3_5334,75.59999999999998,6365.0,0.648075412411626
P_1-2_3052,P_1-1-pt_3927,89.1999999999992,6365.0,0.648075412411626
P_1-2_3052,P_1-2_2345,10.29999999999998,6365.0,0.648075412411626
P_1-2_1420,P_1-2_4734,203.9999999999927,6363.0,1.0
P_1-2_1420,P_1-2_4206,204.19999999999268,6363.0,1.0
P_1-2_1420,P_1-3_1500,203.7999999999927,6363.0,1.0
P_1-2_1420,P_1-3_3901,204.29999999999268,6363.0,1.0
P_1-2_1420,P_1-3_228,3495.0999999979167,6363.0,1.0
P_1-2_1420,P_1-3_3776,204.29999999999268,6363.0,1.0
P_1-2_1420,P_2-1_2161,203.59999999999272,6363.0,1.0
P_1-2_1420,P_1-3_874,633.5000000000755,6363.0,1.0
P_1-2_1420,P_1-3_2454,101.5999999999985,6363.0,1.0
P_1-2_1420,P_1-3_3834,101.6999999999985,6363.0,1.0
P_1-2_1420,P_1-2_3280,51.100000000000456,6363.0,1.0
P_1-2_1420,P_1-3_3046,51.100000000000456,6363.0,1.0
P_1-2_1420,P_1-3_3457,50.90000000000045,6363.0,1.0
P_1-2_1420,P_1-3_4168,51.000000000000455,6363.0,1.0
P_1-2_1420,P_1-3_2053,50.90000000000045,6363.0,1.0
P_1-1-pt_6743,P_1-1-pt_6176,105.49999999999828,6360.0,1.0
P_1-1-pt_6743,P_1-1-pt_521,159.09999999999525,6360.0,1.0
P_1-1-pt_6743,P_1-1-pt_8280,174.29999999999438,6360.0,1.0
P_1-1-pt_6743,P_1-1-pt_4262,51.90000000000047,6360.0,1.0
P_1-1-pt_6743,P_1-1-pt_3207,167.39999999999478,6360.0,1.0
P_1-1-pt_6743,P_1-1-pt_4879,113.79999999999781,6360.0,1.0
P_1-1-pt_6743,P_1-1-pt_2369,350.1000000000111,6360.0,1.0
P_1-1-pt_6743,P_1-1-pt_5167,145.699999999996,6360.0,1.0
P_1-1-pt_6743,P_1-1-pt_1747,131.7999999999968,6360.0,1.0
P_1-1-pt_6743,P_1-1-pt_6974,60.200000000000585,6360.0,1.0
P_1-1-pt_6743,P_1-1-pt_98,55.80000000000052,6360.0,1.0
P_1-1-pt_6743,P_1-1-pt_3671,111.79999999999792,6360.0,1.0
P_1-1-pt_6743,P_2-1_63,52.80000000000048,6360.0,1.0
P_1-1-pt_6743,P_1-2_1612,52.90000000000048,6360.0,1.0
P_1-1-pt_6743,P_1-3_4663,39.20000000000029,6360.0,1.0
P_1-1-pt_6743,P_1-1-pt_3858,71.50000000000021,6360.0,1.0
P_1-1-pt_6743,P_1-1-veh_610,71.7000000000002,6360.0,1.0
P_1-1-pt_6743,P_1-1-veh_767,50.00000000000044,6360.0,1.0
P_1-1-pt_6743,P_1-2_303,49.10000000000043,6360.0,1.0
P_1-1-pt_6743,P_1-1-pt_2880,50.60000000000045,6360.0,1.0
P_1-1-pt_6743,P_1-1-pt_571,52.00000000000047,6360.0,1.0
P_1-1-pt_6743,P_1-1-pt_3230,51.60000000000046,6360.0,1.0
P_1-1-pt_6743,P_1-1-pt_1497,37.50000000000026,6360.0,1.0
P_1-1-pt_5199,P_1-1-pt_4996,116.09999999999768,6359.0,1.0
P_1-1-pt_5199,P_1-1-pt_3386,56.90000000000054,6359.0,1.0
P_1-1-pt_5199,P_1-1-pt_3067,114.09999999999779,6359.0,1.0
P_1-1-pt_5199,P_1-1-veh_767,243.59999999999044,6359.0,1.0
P_1-1-pt_5199,P_1-1-pt_776,64.6000000000006,6359.0,1.0
P_1-1-pt_5199,P_1-1-pt_1226,55.70000000000052,6359.0,1.0
P_1-1-pt_5199,P_1-2_1596,44.80000000000037,6359.0,1.0
P_1-1-pt_5199,P_1-1-veh_234,119.1999999999975,6359.0,1.0
P_1-1-pt_5199,P_1-1-pt_6931,86.09999999999938,6359.0,1.0
P_1-1-pt_5199,P_1-1-pt_6031,65.50000000000055,6359.0,1.0
P_1-1-pt_5199,P_1-1-pt_3624,59.70000000000058,6359.0,1.0
P_1-1-pt_5199,P_1-1-pt_6413,55.50000000000052,6359.0,1.0
P_1-1-pt_5199,P_1-1-pt_1296,56.80000000000054,6359.0,1.0
P_1-1-pt_5199,P_1-1-pt_2834,32.800000000000196,6359.0,1.0
P_1-1-pt_5199,P_1-1-pt_530,42.20000000000033,6359.0,1.0
P_1-1-pt_1296,P_1-2_4962,44.000000000000355,6354.0,1.0
P_1-1-pt_1296,P_1-2_1017,52.00000000000047,6354.0,1.0
P_1-1-pt_1296,P_1-2_1715,48.900000000000425,6354.0,1.0
P_1-1-pt_1296,P_1-2_2795,45.80000000000038,6354.0,1.0
P_1-1-pt_1296,P_1-1-pt_8247,49.20000000000043,6354.0,1.0
P_1-1-pt_1296,P_1-2_671,49.50000000000043,6354.0,1.0
P_1-1-pt_1296,P_1-1-pt_4996,24.400000000000077,6354.0,1.0
P_1-1-pt_1296,P_1-1-pt_2834,85.99999999999939,6354.0,1.0
P_1-1-pt_1296,P_1-1-pt_5199,56.80000000000054,6354.0,1.0
P_1-1-pt_1296,P_1-1-pt_3097,57.90000000000055,6354.0,1.0
P_1-1-pt_1296,P_1-1-pt_761,56.40000000000053,6354.0,1.0
P_1-1-pt_1296,P_1-1-pt_5666,105.29999999999829,6354.0,1.0
P_1-1-pt_1296,P_1-1-pt_1473,55.70000000000052,6354.0,1.0
P_1-2_2554,P_1-3_3457,32.700000000000195,6340.0,0.693217665615142
P_1-2_2554,P_1-1-veh_234,49.600000000000435,6340.0,0.693217665615142
P_1-2_2554,P_1-1-pt_7142,43.50000000000035,6340.0,0.693217665615142
P_1-2_2554,P_1-1-pt_6538,45.300000000000374,6340.0,0.693217665615142
P_1-2_2554,P_1-1-pt_8682,45.400000000000375,6340.0,0.693217665615142
P_1-2_2554,P_1-2_1596,48.00000000000041,6340.0,0.693217665615142
P_1-2_2554,P_1-3_4168,47.90000000000041,6340.0,0.693217665615142
P_1-2_2554,P_1-2_3081,48.200000000000415,6340.0,0.693217665615142
P_1-2_2554,P_1-3_3579,55.70000000000052,6340.0,0.693217665615142
P_1-2_2554,P_1-1-pt_7080,45.300000000000374,6340.0,0.693217665615142
P_1-2_2554,P_1-1-veh_105,40.2000000000003,6340.0,0.693217665615142
P_1-2_2554,P_1-1-pt_7763,45.50000000000038,6340.0,0.693217665615142
P_1-2_2554,P_1-2_1203,1115.400000000081,6340.0,0.693217665615142
P_1-2_2554,P_1-1-pt_6273,40.60000000000031,6340.0,0.693217665615142
P_1-2_2554,P_1-3_2323,47.400000000000404,6340.0,0.693217665615142
P_1-2_2554,P_1-3_528,48.300000000000416,6340.0,0.693217665615142
P_1-2_2554,P_1-3_403,47.70000000000041,6340.0,0.693217665615142
P_1-2_2554,P_1-1-pt_1108,240.6999999999906,6340.0,0.693217665615142
P_1-2_2554,P_1-1-pt_1304,108.7999999999981,6340.0,0.693217665615142
P_1-2_2554,P_2-1_3764,78.89999999999979,6340.0,0.693217665615142
P_1-2_2554,P_2-1_2925,49.20000000000043,6340.0,0.693217665615142
P_1-2_2554,P_1-1-pt_8137,94.99999999999888,6340.0,0.693217665615142
P_1-2_2554,P_1-1-pt_6453,43.60000000000035,6340.0,0.693217665615142
P_1-1-pt_1298,P_1-2_4208,34.30000000000022,6335.0,0.8672454617205998
P_1-1-pt_1298,P_1-1-pt_4671,52.400000000000475,6335.0,0.8672454617205998
P_1-1-pt_1298,P_1-1-pt_8762,53.30000000000049,6335.0,0.8672454617205998
P_1-1-pt_1298,P_1-1-pt_1798,53.00000000000048,6335.0,0.8672454617205998
P_1-1-pt_1298,P_1-2_3413,30.20000000000016,6335.0,0.8672454617205998
P_1-1-pt_1298,P_1-1-pt_1037,59.10000000000057,6335.0,0.8672454617205998
P_1-1-pt_1298,P_1-1-pt_5324,51.800000000000466,6335.0,0.8672454617205998
P_1-1-pt_1298,P_2-1_2045,44.700000000000365,6335.0,0.8672454617205998
P_1-3_3132,P_1-2_5288,47.90000000000041,6333.0,1.0
P_1-3_3132,P_1-3_2374,48.200000000000415,6333.0,1.0
P_1-3_3132,P_1-3_268,48.200000000000415,6333.0,1.0
P_1-3_3132,P_1-2_1805,50.20000000000044,6333.0,1.0
P_1-1-pt_1966,P_1-2_303,42.10000000000033,6326.0,0.48703762251027505
P_1-1-pt_1966,P_1-1-pt_6031,55.40000000000052,6326.0,0.48703762251027505
P_1-1-pt_1966,P_1-1-pt_255,57.10000000000054,6326.0,0.48703762251027505
P_1-1-pt_1966,P_1-1-pt_1108,55.10000000000051,6326.0,0.48703762251027505
P_1-1-pt_1966,P_1-1-pt_494,56.20000000000053,6326.0,0.48703762251027505
P_1-1-pt_1966,P_1-1-pt_2162,56.30000000000053,6326.0,0.48703762251027505
P_1-1-pt_1966,P_1-1-pt_5897,55.200000000000514,6326.0,0.48703762251027505
P_1-1-pt_1966,P_1-1-pt_4671,55.80000000000052,6326.0,0.48703762251027505
P_1-1-pt_1966,P_1-1-pt_1270,71.8000000000002,6326.0,0.48703762251027505
P_1-1-pt_1966,P_1-1-pt_4919,73.90000000000008,6326.0,0.48703762251027505
P_1-1-pt_1966,P_1-1-pt_1304,72.80000000000014,6326.0,0.48703762251027505
P_1-1-pt_1966,P_1-1-pt_7863,56.000000000000526,6326.0,0.48703762251027505
P_1-1-pt_1966,P_1-1-pt_5193,55.300000000000516,6326.0,0.48703762251027505
P_1-1-pt_1966,P_1-1-pt_7325,56.50000000000053,6326.0,0.48703762251027505
P_1-1-pt_1966,P_1-1-pt_8137,57.20000000000054,6326.0,0.48703762251027505
P_1-1-pt_1966,P_1-1-pt_8762,55.80000000000052,6326.0,0.48703762251027505
P_1-1-pt_1966,P_1-1-pt_1138,56.20000000000053,6326.0,0.48703762251027505
P_1-1-pt_1966,P_1-1-pt_654,54.500000000000504,6326.0,0.48703762251027505
P_1-1-pt_1966,P_1-2_3575,34.60000000000022,6326.0,0.48703762251027505
P_1-1-pt_1966,P_1-1-pt_3275,55.50000000000052,6326.0,0.48703762251027505
P_1-1-pt_4736,P_1-1-pt_3207,132.99999999999673,6324.0,0.454775458570525
P_1-1-pt_4736,P_1-1-pt_2369,207.89999999999247,6324.0,0.454775458570525
P_1-1-pt_4736,P_1-1-pt_5167,173.19999999999445,6324.0,0.454775458570525
P_1-1-pt_4736,P_1-1-pt_3858,95.09999999999887,6324.0,0.454775458570525
P_1-1-pt_4736,P_1-1-pt_1747,170.6999999999946,6324.0,0.454775458570525
P_1-1-pt_4736,P_1-1-pt_3671,420.60000000002714,6324.0,0.454775458570525
P_1-1-pt_4736,P_1-1-pt_1497,160.39999999999517,6324.0,0.454775458570525
P_1-1-pt_4736,P_1-2_250,515.7000000000487,6324.0,0.454775458570525
P_1-1-pt_4736,P_1-1-pt_98,58.700000000000564,6324.0,0.454775458570525
P_1-1-pt_4736,P_1-1-pt_2920,59.90000000000058,6324.0,0.454775458570525
P_1-1-pt_4736,P_1-1-pt_6974,114.19999999999779,6324.0,0.454775458570525
P_1-1-pt_4736,P_1-2_4940,49.80000000000044,6324.0,0.454775458570525
P_1-1-pt_4736,P_1-1-pt_8728,63.40000000000063,6324.0,0.454775458570525
P_1-1-pt_4736,P_1-1-pt_3230,133.4999999999967,6324.0,0.454775458570525
P_1-1-pt_4736,P_1-1-pt_571,127.999999999997,6324.0,0.454775458570525
P_1-1-pt_4736,P_1-1-pt_7208,60.50000000000059,6324.0,0.454775458570525
P_1-1-pt_4736,P_1-1-pt_8280,60.200000000000585,6324.0,0.454775458570525
P_1-1-pt_4736,P_1-1-pt_2880,413.20000000002545,6324.0,0.454775458570525
P_1-2_1953,P_1-2_1494,48.00000000000041,6322.0,1.0
P_1-2_1953,P_2-1_600,52.80000000000048,6322.0,1.0
P_1-2_1953,P_1-2_4376,48.00000000000041,6322.0,1.0
P_1-2_1953,P_1-3_1676,47.80000000000041,6322.0,1.0
P_1-2_1953,P_1-2_5765,47.90000000000041,6322.0,1.0
P_1-2_1953,P_1-3_809,1927.5999999993423,6322.0,1.0
P_1-3_5354,P_1-3_2076,145.699999999996,6318.0,1.0
P_1-3_5354,P_1-1-pt_2961,45.80000000000038,6318.0,1.0
P_1-3_5354,P_1-2_5020,94.99999999999888,6318.0,1.0
P_1-3_5354,P_1-1-pt_8968,45.300000000000374,6318.0,1.0
P_1-3_5354,P_1-2_2422,39.30000000000029,6318.0,1.0
P_1-3_5354,P_2-1_4930,46.000000000000384,6318.0,1.0
P_1-3_5354,P_1-3_5451,253.69999999998987,6318.0,1.0
P_1-3_5354,P_1-3_4587,98.69999999999867,6318.0,1.0
P_1-3_5354,P_1-2_4955,45.60000000000038,6318.0,1.0
P_1-3_5354,P_1-2_2061,45.400000000000375,6318.0,1.0
P_1-3_5354,P_1-1-pt_6516,89.09999999999921,6318.0,1.0
P_1-3_5354,P_1-1-pt_4785,33.400000000000205,6318.0,1.0
P_1-3_5354,P_1-2_3378,98.99999999999865,6318.0,1.0
P_1-3_5354,P_1-2_3077,99.09999999999864,6318.0,1.0
P_1-3_5354,P_1-2_5092,49.700000000000436,6318.0,1.0
P_1-3_5354,P_1-3_2180,44.30000000000036,6318.0,1.0
P_2-1_2136,P_1-3_635,47.90000000000041,6315.0,1.0
P_2-1_2136,P_1-1-veh_65,162.29999999999507,6315.0,1.0
P_2-1_2136,P_1-1-pt_4875,54.80000000000051,6315.0,1.0
P_2-1_2136,P_1-2_168,51.60000000000046,6315.0,1.0
P_2-1_2136,P_1-1-pt_8830,45.300000000000374,6315.0,1.0
P_2-1_2136,P_1-2_3708,48.00000000000041,6315.0,1.0
P_2-1_2136,P_1-1-pt_7142,42.70000000000034,6315.0,1.0
P_2-1_2136,P_1-2_2715,45.80000000000038,6315.0,1.0
P_2-1_2136,P_1-1-pt_2529,56.20000000000053,6315.0,1.0
P_2-1_2136,P_1-1-pt_6297,105.49999999999828,6315.0,1.0
P_2-1_2136,P_1-1-pt_6931,55.80000000000052,6315.0,1.0
P_2-1_2136,P_1-1-pt_6031,98.49999999999868,6315.0,1.0
P_2-1_2136,P_1-1-pt_8068,49.40000000000043,6315.0,1.0
P_1-1-pt_6538,P_1-3_17,131.39999999999682,6300.0,1.0
P_1-1-pt_6538,P_1-1-veh_105,45.20000000000037,6300.0,1.0
P_1-1-pt_6538,P_1-3_3834,38.10000000000027,6300.0,1.0
P_1-1-pt_6538,P_1-3_1785,45.300000000000374,6300.0,1.0
P_1-1-pt_6538,P_1-2_2554,45.300000000000374,6300.0,1.0
P_1-1-pt_6538,P_1-2_3280,45.300000000000374,6300.0,1.0
P_1-1-pt_6538,P_1-3_3046,45.300000000000374,6300.0,1.0
P_1-1-pt_6538,P_1-3_3457,45.300000000000374,6300.0,1.0
P_1-1-pt_6538,P_1-1-veh_234,49.40000000000043,6300.0,1.0
P_1-1-pt_6538,P_1-1-pt_7142,1357.399999999861,6300.0,1.0
P_1-1-pt_6538,P_1-1-pt_7760,41.40000000000032,6300.0,1.0
P_1-1-pt_6538,P_1-3_2053,44.90000000000037,6300.0,1.0
P_1-1-pt_6538,P_1-1-pt_776,209.3999999999924,6300.0,1.0
P_1-1-pt_6538,P_1-2_5951,45.400000000000375,6300.0,1.0
P_1-1-pt_6538,P_1-1-pt_5078,52.60000000000048,6300.0,1.0
P_1-1-pt_6538,P_1-3_4690,45.400000000000375,6300.0,1.0
P_1-1-pt_6538,P_1-1-pt_761,60.200000000000585,6300.0,1.0
P_1-1-pt_6538,P_1-2_1255,80.69999999999969,6300.0,1.0
P_1-1-pt_6538,P_1-1-pt_2503,108.49999999999811,6300.0,1.0
P_1-1-pt_5193,P_1-1-pt_7325,170.6999999999946,6293.0,0.5388526934689337
P_1-1-pt_5193,P_1-1-pt_8137,100.49999999999856,6293.0,0.5388526934689337
P_1-1-pt_5193,P_1-1-pt_7863,31.70000000000018,6293.0,0.5388526934689337
P_1-1-pt_5193,P_1-1-pt_8762,29.300000000000146,6293.0,0.5388526934689337
P_1-1-pt_5193,P_1-2_1313,56.40000000000053,6293.0,0.5388526934689337
P_1-1-pt_5193,P_1-1-pt_3275,56.000000000000526,6293.0,0.5388526934689337
P_1-1-pt_5193,P_1-1-pt_1560,55.900000000000524,6293.0,0.5388526934689337
P_1-1-pt_5193,P_1-1-pt_1966,55.300000000000516,6293.0,0.5388526934689337
P_1-1-pt_5193,P_1-1-pt_4595,80.19999999999972,6293.0,0.5388526934689337
P_1-1-pt_5193,P_1-1-pt_5906,56.000000000000526,6293.0,0.5388526934689337
P_1-1-pt_5193,P_1-1-pt_1226,55.300000000000516,6293.0,0.5388526934689337
P_1-1-pt_5193,P_1-1-pt_3624,51.800000000000466,6293.0,0.5388526934689337
P_1-1-pt_5193,P_1-1-pt_1304,50.00000000000044,6293.0,0.5388526934689337
P_1-1-pt_5193,P_1-1-veh_105,91.99999999999905,6293.0,0.5388526934689337
P_1-1-pt_5193,P_2-1_3764,50.300000000000445,6293.0,0.5388526934689337
P_1-1-pt_5193,P_2-1_2925,50.80000000000045,6293.0,0.5388526934689337
P_1-1-pt_5193,P_1-1-veh_792,100.49999999999856,6293.0,0.5388526934689337
P_1-1-pt_5193,P_2-1_63,81.49999999999964,6293.0,0.5388526934689337
P_1-1-pt_5193,P_1-2_1612,79.99999999999973,6293.0,0.5388526934689337
P_1-1-pt_5193,P_1-1-pt_6453,51.50000000000046,6293.0,0.5388526934689337
P_1-1-pt_5193,P_1-3_3245,45.20000000000037,6293.0,0.5388526934689337
P_1-1-pt_5193,P_2-1_5419,44.000000000000355,6293.0,0.5388526934689337
P_1-1-pt_5193,P_1-1-pt_8728,47.2000000000004,6293.0,0.5388526934689337
P_1-1-pt_5193,P_1-1-pt_8545,1882.3999999993835,6293.0,0.5388526934689337
P_1-1-pt_5193,P_1-2_4483,37.10000000000026,6293.0,0.5388526934689337
P_1-2_5252,P_1-1-pt_2718,45.400000000000375,6293.0,0.8779596376926744
P_1-2_5252,P_1-3_2881,48.00000000000041,6293.0,0.8779596376926744
P_1-2_5252,P_1-1-veh_603,48.00000000000041,6293.0,0.8779596376926744
P_1-2_5252,P_1-2_1600,47.90000000000041,6293.0,0.8779596376926744
P_1-2_5252,P_1-1-pt_6309,45.300000000000374,6293.0,0.8779596376926744
P_1-2_5252,P_1-1-pt_8692,45.300000000000374,6293.0,0.8779596376926744
P_1-2_5252,P_1-1-veh_459,47.90000000000041,6293.0,0.8779596376926744
P_1-2_5252,P_1-1-pt_8611,45.20000000000037,6293.0,0.8779596376926744
P_1-2_5252,P_1-1-pt_5997,45.300000000000374,6293.0,0.8779596376926744
P_1-2_5252,P_1-1-pt_394,45.20000000000037,6293.0,0.8779596376926744
P_1-2_5252,P_1-1-pt_4541,45.20000000000037,6293.0,0.8779596376926744
P_1-2_5252,P_1-3_4124,47.90000000000041,6293.0,0.8779596376926744
P_1-2_5252,P_1-3_2421,48.00000000000041,6293.0,0.8779596376926744
P_1-2_5252,P_1-1-pt_725,45.300000000000374,6293.0,0.8779596376926744
P_1-2_5252,P_1-1-pt_3067,20.900000000000027,6293.0,0.8779596376926744
P_1-2_5252,P_1-1-veh_792,53.800000000000495,6293.0,0.8779596376926744
P_1-3_4666,P_1-2_505,38.20000000000027,6291.0,1.0
P_1-3_4666,P_1-2_2715,42.20000000000033,6291.0,1.0
P_1-3_4666,P_1-1-pt_0,31.60000000000018,6291.0,1.0
P_1-3_4666,P_1-2_4791,99.19999999999864,6291.0,1.0
P_1-3_4666,P_1-2_1533,100.09999999999859,6291.0,1.0
P_1-3_4666,P_1-3_5578,96.19999999999881,6291.0,1.0
P_1-3_4666,P_1-3_635,47.90000000000041,6291.0,1.0
P_1-1-veh_407,P_2-1_4232,48.00000000000041,6288.0,1.0
P_1-1-veh_407,P_1-1-pt_6358,45.400000000000375,6288.0,1.0
P_1-1-veh_407,P_1-1-pt_6516,50.20000000000044,6288.0,1.0
P_1-3_3793,P_1-3_870,111.39999999999795,6285.0,1.0
P_1-3_3793,P_1-3_2278,52.20000000000047,6285.0,1.0
P_1-3_3793,P_1-1-pt_560,406.800000000024,6285.0,1.0
P_1-2_4098,P_1-3_5117,48.00000000000041,6284.0,1.0
P_1-2_4098,P_1-2_2183,48.10000000000041,6284.0,1.0
P_1-2_4098,P_1-3_4822,191.7999999999934,6284.0,1.0
P_1-2_4098,P_1-2_4327,516.5000000000489,6284.0,1.0
P_1-2_4098,P_1-2_5943,49.000000000000426,6284.0,1.0
P_1-2_4098,P_1-1-pt_4645,86.69999999999935,6284.0,1.0
P_1-2_4098,P_1-2_3752,58.30000000000056,6284.0,1.0
P_1-2_4098,P_1-3_2482,3096.3999999982793,6284.0,1.0
P_1-2_4098,P_1-2_3716,3373.2999999980275,6284.0,1.0
P_1-2_5288,P_1-2_1805,48.00000000000041,6284.0,1.0
P_1-2_5288,P_1-2_5369,38.70000000000028,6284.0,1.0
P_1-2_5288,P_2-1_4267,48.00000000000041,6284.0,1.0
P_1-2_5288,P_2-1_3390,48.10000000000041,6284.0,1.0
P_1-2_5288,P_2-1_1463,48.10000000000041,6284.0,1.0
P_1-2_5288,P_2-1_499,48.00000000000041,6284.0,1.0
P_1-2_5288,P_2-1_213,48.00000000000041,6284.0,1.0
P_1-2_5288,P_1-3_3132,47.90000000000041,6284.0,1.0
P_1-2_5288,P_1-3_2187,35.20000000000023,6284.0,1.0
P_1-1-pt_6292,P_1-1-pt_498,112.0999999999979,6282.0,0.5269022604266157
P_1-1-pt_6292,P_1-1-pt_1723,6.499999999999993,6282.0,0.5269022604266157
P_1-1-pt_6292,P_1-3_743,45.10000000000037,6282.0,0.5269022604266157
P_1-1-pt_6292,P_1-2_5428,3849.5999999975943,6282.0,0.5269022604266157
P_1-3_1027,P_1-2_4329,31.300000000000175,6279.0,0.7300525561395127
P_1-3_1027,P_1-2_3590,48.200000000000415,6279.0,0.7300525561395127
P_1-3_1027,P_1-3_2424,42.70000000000034,6279.0,0.7300525561395127
P_1-3_1027,P_1-3_1571,51.30000000000046,6279.0,0.7300525561395127
P_1-3_1027,P_1-1-pt_5139,80.29999999999971,6279.0,0.7300525561395127
P_1-3_1027,P_1-1-pt_2920,45.50000000000038,6279.0,0.7300525561395127
P_1-3_1027,P_1-1-pt_6673,53.900000000000496,6279.0,0.7300525561395127
P_1-2_1533,P_1-1-pt_1238,375.2000000000168,6275.0,1.0
P_1-2_1533,P_1-2_505,14.099999999999966,6275.0,1.0
P_1-2_1533,P_1-2_2715,26.0000000000001,6275.0,1.0
P_1-2_1533,P_1-3_4666,100.09999999999859,6275.0,1.0
P_1-2_1533,P_1-2_4791,50.20000000000044,6275.0,1.0
P_1-2_1533,P_1-3_5578,51.30000000000046,6275.0,1.0
P_1-2_1533,P_1-3_635,50.70000000000045,6275.0,1.0
P_1-2_1533,P_1-1-pt_1039,122.19999999999733,6275.0,1.0
P_1-2_1533,P_1-1-pt_2129,117.69999999999759,6275.0,1.0
P_1-2_1533,P_1-1-pt_1700,49.600000000000435,6275.0,1.0
P_1-3_228,P_1-2_4734,203.49999999999272,6268.0,0.6612954690491385
P_1-3_228,P_1-2_4206,203.59999999999272,6268.0,0.6612954690491385
P_1-3_228,P_1-3_1500,202.99999999999275,6268.0,0.6612954690491385
P_1-3_228,P_1-3_3901,204.19999999999268,6268.0,0.6612954690491385
P_1-3_228,P_1-2_1420,3495.0999999979167,6268.0,0.6612954690491385
P_1-3_228,P_1-3_3776,203.7999999999927,6268.0,0.6612954690491385
P_1-3_228,P_2-1_2161,203.39999999999273,6268.0,0.6612954690491385
P_1-3_228,P_1-3_874,101.29999999999852,6268.0,0.6612954690491385
P_1-3_228,P_1-3_2454,101.29999999999852,6268.0,0.6612954690491385
P_1-3_228,P_1-3_3834,101.49999999999851,6268.0,0.6612954690491385
P_1-3_228,P_1-2_3280,56.40000000000053,6268.0,0.6612954690491385
P_1-3_228,P_1-3_3046,51.000000000000455,6268.0,0.6612954690491385
P_1-3_228,P_1-3_3457,50.70000000000045,6268.0,0.6612954690491385
P_1-3_228,P_1-3_4168,50.80000000000045,6268.0,0.6612954690491385
P_1-3_228,P_1-3_2053,50.80000000000045,6268.0,0.6612954690491385
P_1-2_5752,P_1-2_3821,616.2000000000716,6265.0,0.2761372705506784
P_1-2_5752,P_1-2_2580,618.000000000072,6265.0,0.2761372705506784
P_1-2_5752,P_1-3_4738,618.5000000000721,6265.0,0.2761372705506784
P_1-2_5752,P_1-2_3464,568.9000000000608,6265.0,0.2761372705506784
P_1-2_5752,P_1-2_2797,565.50000000006,6265.0,0.2761372705506784
P_1-2_5752,P_1-1-veh_837,568.0000000000606,6265.0,0.2761372705506784
P_1-2_5752,P_2-1_2028,1362.0999999998567,6265.0,0.2761372705506784
P_1-1-pt_2425,P_1-1-pt_6516,41.40000000000032,6264.0,1.0
P_1-1-pt_2425,P_1-1-pt_2342,112.69999999999787,6264.0,1.0
P_1-1-pt_2425,P_2-1_2987,45.50000000000038,6264.0,1.0
P_1-1-pt_2425,P_1-2_5927,36.900000000000254,6264.0,1.0
P_1-1-pt_2425,P_1-2_3214,31.800000000000182,6264.0,1.0
P_1-1-pt_2425,P_1-1-pt_841,94.4999999999989,6264.0,1.0
P_1-1-pt_2425,P_1-2_4715,30.500000000000163,6264.0,1.0
P_1-1-pt_2425,P_1-2_2653,37.90000000000027,6264.0,1.0
P_1-1-pt_2425,P_1-1-pt_2770,20.900000000000027,6264.0,1.0
P_1-1-pt_2425,P_1-1-pt_6355,21.300000000000033,6264.0,1.0
P_1-1-pt_2425,P_1-2_4454,41.30000000000032,6264.0,1.0
P_1-1-pt_2425,P_1-2_3590,29.700000000000152,6264.0,1.0
P_1-1-pt_2425,P_1-1-pt_8982,13.399999999999968,6264.0,1.0
P_1-1-pt_2425,P_1-1-pt_8969,12.499999999999972,6264.0,1.0
P_1-1-pt_2425,P_1-2_1658,11.899999999999974,6264.0,1.0
P_1-1-pt_2425,P_1-1-pt_1601,50.70000000000045,6264.0,1.0
P_1-1-pt_2425,P_1-2_1285,3718.6999999977133,6264.0,1.0
P_1-1-pt_2425,P_2-1_2911,1484.5999999997453,6264.0,1.0
P_1-3_990,P_1-2_1017,75.89999999999996,6262.0,0.6271159374001917
P_1-3_990,P_1-1-veh_152,116.19999999999767,6262.0,0.6271159374001917
P_1-3_990,P_1-1-pt_5357,156.1999999999954,6262.0,0.6271159374001917
P_1-3_990,P_1-2_2543,106.29999999999824,6262.0,0.6271159374001917
P_1-3_990,P_1-2_1313,47.3000000000004,6262.0,0.6271159374001917
P_1-3_990,P_1-2_2034,13.599999999999968,6262.0,0.6271159374001917
P_1-3_990,P_1-2_3413,25.200000000000088,6262.0,0.6271159374001917
P_1-3_990,P_2-1_2045,31.100000000000172,6262.0,0.6271159374001917
P_1-3_990,P_1-2_3693,55.10000000000051,6262.0,0.6271159374001917
P_1-1-pt_1167,P_1-1-pt_6358,33.0000000000002,6258.0,1.0
P_1-1-pt_1167,P_1-2_4329,132.19999999999678,6258.0,1.0
P_1-1-pt_1167,P_1-1-pt_2431,52.70000000000048,6258.0,1.0
P_1-1-pt_1167,P_1-1-pt_3931,8.999999999999984,6258.0,1.0
P_1-1-pt_5241,P_1-3_2018,45.20000000000037,6257.0,1.0
P_1-1-pt_5241,P_1-2_5210,45.10000000000037,6257.0,1.0
P_1-1-pt_5241,P_1-2_573,45.20000000000037,6257.0,1.0
P_1-1-pt_5241,P_1-3_4954,45.10000000000037,6257.0,1.0
P_1-1-pt_5241,P_1-3_4875,45.300000000000374,6257.0,1.0
P_1-1-pt_5241,P_1-3_3410,865.9000000001283,6257.0,1.0
P_1-1-pt_5241,P_1-2_5640,118.99999999999751,6257.0,1.0
P_1-1-pt_5241,P_1-2_3693,55.200000000000514,6257.0,1.0
P_1-1-pt_5241,P_1-2_568,2150.29999999914,6257.0,1.0
P_1-1-veh_152,P_1-3_990,116.19999999999767,6257.0,1.0
P_1-1-veh_152,P_1-1-pt_4262,52.400000000000475,6257.0,1.0
P_1-1-veh_152,P_1-1-pt_3386,96.19999999999881,6257.0,1.0
P_1-3_874,P_1-1-pt_560,946.1000000001466,6253.0,1.0
P_1-3_874,P_1-2_4771,144.0999999999961,6253.0,1.0
P_1-3_874,P_1-2_4734,101.6999999999985,6253.0,1.0
P_1-3_874,P_1-2_4206,101.6999999999985,6253.0,1.0
P_1-3_874,P_1-3_1500,101.09999999999853,6253.0,1.0
P_1-3_874,P_1-3_3901,101.6999999999985,6253.0,1.0
P_1-3_874,P_1-2_1420,633.5000000000755,6253.0,1.0
P_1-3_874,P_1-3_228,101.29999999999852,6253.0,1.0
P_1-3_874,P_1-3_3776,152.59999999999562,6253.0,1.0
P_1-3_874,P_2-1_2161,152.8999999999956,6253.0,1.0
P_1-3_874,P_1-3_2454,50.70000000000045,6253.0,1.0
P_1-3_874,P_1-3_3834,101.6999999999985,6253.0,1.0
P_1-3_874,P_1-2_3280,54.70000000000051,6253.0,1.0
P_1-3_874,P_1-1-pt_1714,45.10000000000037,6253.0,1.0
P_1-3_874,P_1-2_2287,48.00000000000041,6253.0,1.0
P_1-3_874,P_1-2_3081,48.10000000000041,6253.0,1.0
P_1-3_874,P_1-2_5951,48.00000000000041,6253.0,1.0
P_1-1-pt_5897,P_1-2_3692,39.20000000000029,6252.0,0.8085412667946257
P_1-1-pt_5897,P_1-1-pt_3571,3.3000000000000016,6252.0,0.8085412667946257
P_1-1-pt_5897,P_1-1-pt_4671,73.70000000000009,6252.0,0.8085412667946257
P_1-1-pt_5897,P_1-1-pt_1270,39.100000000000286,6252.0,0.8085412667946257
P_1-1-pt_5897,P_1-1-pt_4919,32.9000000000002,6252.0,0.8085412667946257
P_1-1-pt_5897,P_1-1-pt_1304,20.800000000000026,6252.0,0.8085412667946257
P_1-1-pt_5897,P_1-1-pt_3275,55.70000000000052,6252.0,0.8085412667946257
P_1-1-pt_5897,P_1-1-pt_1560,56.10000000000053,6252.0,0.8085412667946257
P_1-1-pt_5897,P_1-1-pt_1966,55.200000000000514,6252.0,0.8085412667946257
P_1-1-pt_5897,P_1-1-pt_5906,55.300000000000516,6252.0,0.8085412667946257
P_1-1-pt_5897,P_1-1-pt_1238,56.10000000000053,6252.0,0.8085412667946257
P_1-1-pt_5897,P_1-1-pt_3916,56.700000000000536,6252.0,0.8085412667946257
P_1-1-pt_5897,P_1-1-pt_1108,48.900000000000425,6252.0,0.8085412667946257
P_1-1-pt_5897,P_1-1-pt_1226,55.900000000000524,6252.0,0.8085412667946257
P_1-1-pt_5897,P_1-1-pt_3409,53.30000000000049,6252.0,0.8085412667946257
P_1-1-pt_5897,P_1-1-pt_3624,53.200000000000486,6252.0,0.8085412667946257
P_1-1-pt_5897,P_1-1-veh_792,215.999999999992,6252.0,0.8085412667946257
P_1-1-pt_5897,P_2-1_3764,49.700000000000436,6252.0,0.8085412667946257
P_1-1-pt_5897,P_2-1_2925,48.900000000000425,6252.0,0.8085412667946257
P_1-1-pt_5897,P_1-1-pt_1473,70.90000000000025,6252.0,0.8085412667946257
P_1-1-pt_5897,P_1-1-pt_6297,80.69999999999969,6252.0,0.8085412667946257
P_1-1-pt_5897,P_1-1-pt_3769,2282.7999999990193,6252.0,0.8085412667946257
P_1-1-pt_5897,P_1-1-veh_234,44.000000000000355,6252.0,0.8085412667946257
P_1-1-pt_5897,P_1-1-pt_7760,181.89999999999395,6252.0,0.8085412667946257
P_1-3_5451,P_1-1-veh_824,48.70000000000042,6252.0,0.79638515674984
P_1-3_5451,P_1-2_5092,988.0000000001561,6252.0,0.79638515674984
P_1-3_5451,P_1-3_1140,1296.1999999999166,6252.0,0.79638515674984
P_1-3_5451,P_2-1_4930,49.000000000000426,6252.0,0.79638515674984
P_1-3_5451,P_1-1-pt_8085,985.6000000001555,6252.0,0.79638515674984
P_1-3_5451,P_1-3_5354,253.69999999998987,6252.0,0.79638515674984
P_1-3_5451,P_1-2_5927,27.50000000000012,6252.0,0.79638515674984
P_1-3_5451,P_1-2_3214,13.999999999999966,6252.0,0.79638515674984
P_1-3_5451,P_1-1-pt_841,87.69999999999929,6252.0,0.79638515674984
P_1-3_5451,P_1-2_4715,38.50000000000028,6252.0,0.79638515674984
P_1-3_5451,P_1-2_2653,42.00000000000033,6252.0,0.79638515674984
P_1-3_5451,P_1-1-pt_2770,32.40000000000019,6252.0,0.79638515674984
P_1-3_5451,P_1-1-pt_6355,32.9000000000002,6252.0,0.79638515674984
P_1-3_5451,P_1-2_4454,38.80000000000028,6252.0,0.79638515674984
P_1-3_5451,P_1-2_3590,38.90000000000028,6252.0,0.79638515674984
P_1-3_5451,P_1-1-pt_8982,32.9000000000002,6252.0,0.79638515674984
P_1-3_5451,P_1-1-pt_8969,8.099999999999987,6252.0,0.79638515674984
P_1-3_5451,P_1-2_1658,27.200000000000117,6252.0,0.79638515674984
P_1-3_5451,P_1-1-pt_1601,51.60000000000046,6252.0,0.79638515674984
P_2-1_3664,P_1-3_1213,49.40000000000043,6250.0,1.0
P_2-1_3664,P_2-1_3058,1537.9999999996967,6250.0,1.0
P_2-1_3664,P_1-2_2215,70.90000000000025,6250.0,1.0
P_2-1_3664,P_1-3_2180,53.100000000000485,6250.0,1.0
P_2-1_3664,P_1-2_2422,46.000000000000384,6250.0,1.0
P_2-1_3664,P_1-3_4587,39.30000000000029,6250.0,1.0
P_2-1_3664,P_1-3_2076,39.30000000000029,6250.0,1.0
P_2-1_3664,P_1-2_5927,33.70000000000021,6250.0,1.0
P_2-1_3664,P_1-1-pt_2961,49.90000000000044,6250.0,1.0
P_2-1_3664,P_1-1-pt_8968,49.80000000000044,6250.0,1.0
P_2-1_2925,P_1-1-pt_1329,54.4000000000005,6246.0,0.8528658341338456
P_2-1_2925,P_1-1-pt_4879,51.800000000000466,6246.0,0.8528658341338456
P_2-1_2925,P_2-1_3764,367.80000000001513,6246.0,0.8528658341338456
P_2-1_2925,P_1-1-pt_2920,24.100000000000072,6246.0,0.8528658341338456
P_2-1_2925,P_1-1-pt_6453,53.40000000000049,6246.0,0.8528658341338456
P_2-1_2925,P_1-2_4940,51.60000000000046,6246.0,0.8528658341338456
P_2-1_2925,P_1-2_303,15.099999999999962,6246.0,0.8528658341338456
P_2-1_2925,P_1-1-pt_255,30.400000000000162,6246.0,0.8528658341338456
P_2-1_2925,P_1-1-pt_3097,288.099999999997,6246.0,0.8528658341338456
P_2-1_2925,P_1-1-pt_494,52.500000000000476,6246.0,0.8528658341338456
P_2-1_2925,P_1-1-pt_2162,52.10000000000047,6246.0,0.8528658341338456
P_2-1_2925,P_1-1-pt_5897,48.900000000000425,6246.0,0.8528658341338456
P_2-1_2925,P_1-1-pt_3769,48.60000000000042,6246.0,0.8528658341338456
P_2-1_2925,P_1-1-pt_4671,48.80000000000042,6246.0,0.8528658341338456
P_2-1_2925,P_1-1-pt_3409,48.300000000000416,6246.0,0.8528658341338456
P_2-1_2925,P_1-1-pt_1270,54.1000000000005,6246.0,0.8528658341338456
P_2-1_2925,P_1-1-pt_4919,63.700000000000635,6246.0,0.8528658341338456
P_2-1_2925,P_1-1-pt_7863,41.00000000000031,6246.0,0.8528658341338456
P_2-1_2925,P_1-1-veh_792,71.7000000000002,6246.0,0.8528658341338456
P_2-1_2925,P_1-1-pt_8545,51.000000000000455,6246.0,0.8528658341338456
P_2-1_2925,P_1-1-pt_5193,50.80000000000045,6246.0,0.8528658341338456
P_2-1_2925,P_1-1-pt_7325,50.80000000000045,6246.0,0.8528658341338456
P_2-1_2925,P_1-1-pt_8137,50.60000000000045,6246.0,0.8528658341338456
P_2-1_2925,P_1-1-pt_1108,37.30000000000026,6246.0,0.8528658341338456
P_2-1_2925,P_1-1-veh_105,43.00000000000034,6246.0,0.8528658341338456
P_2-1_2925,P_1-2_1203,35.70000000000024,6246.0,0.8528658341338456
P_2-1_2925,P_1-2_2554,49.20000000000043,6246.0,0.8528658341338456
P_2-1_2925,P_1-1-pt_6389,51.700000000000465,6246.0,0.8528658341338456
P_1-1-pt_3671,P_1-1-pt_5167,1162.0000000000387,6243.0,0.6785199423354157
P_1-1-pt_3671,P_1-1-pt_1747,1165.900000000035,6243.0,0.6785199423354157
P_1-1-pt_3671,P_1-1-pt_4262,317.9000000000038,6243.0,0.6785199423354157
P_1-1-pt_3671,P_1-1-pt_6974,1031.800000000157,6243.0,0.6785199423354157
P_1-1-pt_3671,P_1-1-pt_98,1575.4999999996626,6243.0,0.6785199423354157
P_1-1-pt_3671,P_1-1-pt_3207,843.7000000001233,6243.0,0.6785199423354157
P_1-1-pt_3671,P_1-1-pt_4879,300.6999999999999,6243.0,0.6785199423354157
P_1-1-pt_3671,P_1-1-pt_1497,447.3000000000332,6243.0,0.6785199423354157
P_1-1-pt_3671,P_1-1-pt_6743,111.79999999999792,6243.0,0.6785199423354157
P_1-1-pt_3671,P_1-1-pt_3858,380.9000000000181,6243.0,0.6785199423354157
P_1-1-pt_3671,P_1-1-pt_4736,420.60000000002714,6243.0,0.6785199423354157
P_1-1-pt_3671,P_1-1-pt_521,783.7000000001096,6243.0,0.6785199423354157
P_1-1-pt_3671,P_1-3_3245,18.099999999999987,6243.0,0.6785199423354157
P_1-1-pt_3671,P_1-1-pt_5666,5.799999999999995,6243.0,0.6785199423354157
P_1-1-pt_3671,P_1-2_4483,16.89999999999997,6243.0,0.6785199423354157
P_1-1-pt_3671,P_1-1-pt_2920,56.600000000000534,6243.0,0.6785199423354157
P_1-1-pt_3671,P_1-2_4940,51.50000000000046,6243.0,0.6785199423354157
P_1-1-pt_3671,P_1-1-pt_2880,117.79999999999758,6243.0,0.6785199423354157
P_1-1-pt_3671,P_1-1-veh_610,52.30000000000047,6243.0,0.6785199423354157
P_1-1-pt_3671,P_1-1-pt_7915,61.70000000000061,6243.0,0.6785199423354157
P_1-1-pt_3671,P_1-2_5543,55.50000000000052,6243.0,0.6785199423354157
P_1-1-pt_3671,P_1-1-pt_7573,368.2000000000152,6243.0,0.6785199423354157
P_1-1-pt_3671,P_1-1-veh_767,50.20000000000044,6243.0,0.6785199423354157
P_1-1-pt_3671,P_1-1-pt_2013,56.000000000000526,6243.0,0.6785199423354157
P_1-1-pt_3671,P_1-2_303,274.99999999999403,6243.0,0.6785199423354157
P_1-1-pt_8611,P_1-1-pt_530,41.70000000000032,6238.0,0.8917922411029175
P_1-1-pt_8611,P_1-2_5252,45.20000000000037,6238.0,0.8917922411029175
P_1-1-pt_8611,P_1-2_2473,49.40000000000043,6238.0,0.8917922411029175
P_1-1-pt_8611,P_1-2_4249,51.800000000000466,6238.0,0.8917922411029175
P_1-1-pt_8611,P_1-3_2424,51.50000000000046,6238.0,0.8917922411029175
P_1-1-pt_8611,P_1-3_5117,44.90000000000037,6238.0,0.8917922411029175
P_1-1-pt_8611,P_1-2_2183,45.20000000000037,6238.0,0.8917922411029175
P_1-1-pt_8611,P_1-3_5537,45.20000000000037,6238.0,0.8917922411029175
P_1-1-pt_8611,P_1-1-pt_5997,1429.999999999795,6238.0,0.8917922411029175
P_1-1-pt_8611,P_1-1-pt_394,1233.199999999974,6238.0,0.8917922411029175
P_1-1-pt_8611,P_1-1-pt_4541,1175.5000000000264,6238.0,0.8917922411029175
P_1-3_3076,P_1-1-pt_8735,66.20000000000051,6237.0,1.0
P_1-3_3076,P_1-3_743,100.89999999999854,6237.0,1.0
P_1-3_3076,P_1-1-pt_1723,558.0000000000583,6237.0,1.0
P_1-3_3076,P_1-1-pt_8184,91.0999999999991,6237.0,1.0
P_1-3_3076,P_1-3_2599,50.60000000000045,6237.0,1.0
P_1-3_3076,P_1-2_5745,50.60000000000045,6237.0,1.0
P_1-3_3076,P_1-1-pt_8289,50.20000000000044,6237.0,1.0
P_1-3_3076,P_1-1-pt_182,50.10000000000044,6237.0,1.0
P_1-3_3076,P_1-3_4289,50.50000000000045,6237.0,1.0
P_1-3_3076,P_1-1-veh_834,32.000000000000185,6237.0,1.0
P_1-3_3076,P_1-2_5753,91.1999999999991,6237.0,1.0
P_1-3_3076,P_1-2_4266,75.10000000000001,6237.0,1.0
P_1-1-pt_8068,P_1-3_5578,45.60000000000038,6233.0,1.0
P_1-1-pt_8068,P_1-1-pt_8728,47.400000000000404,6233.0,1.0
P_1-1-pt_8068,P_1-3_4690,44.30000000000036,6233.0,1.0
P_1-1-pt_8068,P_1-2_505,49.700000000000436,6233.0,1.0
P_1-1-pt_8068,P_2-1_2384,49.80000000000044,6233.0,1.0
P_1-1-pt_8068,P_1-1-pt_6031,171.89999999999452,6233.0,1.0
P_1-1-pt_8068,P_2-1_2136,49.40000000000043,6233.0,1.0
P_1-1-pt_8068,P_1-1-veh_65,49.50000000000043,6233.0,1.0
P_1-1-pt_8068,P_1-1-pt_4901,44.000000000000355,6233.0,1.0
P_2-1_3058,P_1-2_2061,48.300000000000416,6226.0,1.0
P_2-1_3058,P_1-2_3224,48.70000000000042,6226.0,1.0
P_2-1_3058,P_1-1-pt_2961,101.39999999999851,6226.0,1.0
P_2-1_3058,P_2-1_3664,1537.9999999996967,6226.0,1.0
P_2-1_3058,P_1-2_2215,32.800000000000196,6226.0,1.0
P_2-1_3058,P_1-3_2180,52.400000000000475,6226.0,1.0
P_2-1_3058,P_1-2_2422,45.60000000000038,6226.0,1.0
P_2-1_3058,P_1-3_4587,38.90000000000028,6226.0,1.0
P_2-1_3058,P_1-3_2076,39.30000000000029,6226.0,1.0
P_2-1_3058,P_1-2_5927,35.30000000000023,6226.0,1.0
P_2-1_3058,P_1-1-pt_8968,87.19999999999932,6226.0,1.0
P_2-1_1463,P_1-2_5288,48.10000000000041,6223.0,0.6776474369275269
P_2-1_1463,P_1-3_268,47.90000000000041,6223.0,0.6776474369275269
P_2-1_1463,P_1-3_28,49.90000000000044,6223.0,0.6776474369275269
P_2-1_1463,P_1-2_3879,84.49999999999947,6223.0,0.6776474369275269
P_2-1_1463,P_1-3_234,81.49999999999964,6223.0,0.6776474369275269
P_2-1_1463,P_1-3_2773,54.70000000000051,6223.0,0.6776474369275269
P_2-1_1463,P_1-3_4262,75.59999999999998,6223.0,0.6776474369275269
P_2-1_1463,P_1-2_4376,48.10000000000041,6223.0,0.6776474369275269
P_2-1_1463,P_1-3_1676,48.00000000000041,6223.0,0.6776474369275269
P_2-1_1463,P_1-3_5144,48.10000000000041,6223.0,0.6776474369275269
P_2-1_1463,P_1-3_2786,48.10000000000041,6223.0,0.6776474369275269
P_2-1_1463,P_1-3_5475,47.90000000000041,6223.0,0.6776474369275269
P_2-1_1463,P_1-2_4853,51.90000000000047,6223.0,0.6776474369275269
P_2-1_1463,P_2-1_6130,62.10000000000061,6223.0,0.6776474369275269
P_2-1_1463,P_1-1-veh_610,71.00000000000024,6223.0,0.6776474369275269
P_1-3_2076,P_1-3_5354,145.699999999996,6219.0,1.0
P_1-3_2076,P_1-3_4587,88.89999999999922,6219.0,1.0
P_1-3_2076,P_1-2_3378,98.59999999999867,6219.0,1.0
P_1-3_2076,P_1-2_3077,98.99999999999865,6219.0,1.0
P_1-3_2076,P_1-3_2180,390.2000000000202,6219.0,1.0
P_1-3_2076,P_1-2_5020,97.9999999999987,6219.0,1.0
P_1-3_2076,P_1-2_2422,50.70000000000045,6219.0,1.0
P_1-3_2076,P_1-2_5092,98.89999999999866,6219.0,1.0
P_1-3_2076,P_1-1-pt_4785,33.0000000000002,6219.0,1.0
P_1-3_2076,P_1-1-pt_2961,29.200000000000145,6219.0,1.0
P_1-3_2076,P_2-1_3664,39.30000000000029,6219.0,1.0
P_1-3_2076,P_2-1_3058,39.30000000000029,6219.0,1.0
P_1-3_5020,P_1-1-pt_2342,51.90000000000047,6218.0,0.5324863300096494
P_1-3_5020,P_1-3_4253,47.90000000000041,6218.0,0.5324863300096494
P_1-3_5020,P_1-1-pt_7959,45.300000000000374,6218.0,0.5324863300096494
P_1-3_5020,P_2-1_5552,48.00000000000041,6218.0,0.5324863300096494
P_1-3_5020,P_1-1-veh_824,48.00000000000041,6218.0,0.5324863300096494
P_1-3_5020,P_1-1-pt_3176,45.00000000000037,6218.0,0.5324863300096494
P_1-3_5020,P_1-3_4291,101.79999999999849,6218.0,0.5324863300096494
P_1-3_5020,P_1-2_2215,101.79999999999849,6218.0,0.5324863300096494
P_1-3_5020,P_1-2_2335,26.300000000000104,6218.0,0.5324863300096494
P_1-3_5020,P_1-3_283,43.900000000000354,6218.0,0.5324863300096494
P_1-3_5020,P_1-3_2180,36.80000000000025,6218.0,0.5324863300096494
P_1-2_1658,P_1-3_234,47.90000000000041,6216.0,1.0
P_1-2_1658,P_1-3_268,48.10000000000041,6216.0,1.0
P_1-2_1658,P_1-2_2180,48.00000000000041,6216.0,1.0
P_1-2_1658,P_1-2_3879,48.00000000000041,6216.0,1.0
P_1-2_1658,P_1-3_4262,54.500000000000504,6216.0,1.0
P_1-2_1658,P_1-3_5144,59.30000000000057,6216.0,1.0
P_1-2_1658,P_1-3_2786,48.00000000000041,6216.0,1.0
P_1-2_1658,P_1-3_5475,72.70000000000014,6216.0,1.0
P_1-2_1658,P_1-1-pt_7915,45.300000000000374,6216.0,1.0
P_1-2_1658,P_1-2_752,44.700000000000365,6216.0,1.0
P_1-2_1658,P_1-3_3339,48.10000000000041,6216.0,1.0
P_1-2_1658,P_1-1-pt_2844,58.90000000000057,6216.0,1.0
P_1-2_1658,P_1-1-pt_2863,49.10000000000043,6216.0,1.0
P_1-2_1658,P_1-3_5550,27.100000000000115,6216.0,1.0
P_1-2_1658,P_2-1_5799,29.000000000000142,6216.0,1.0
P_1-2_1658,P_1-3_4492,27.100000000000115,6216.0,1.0
P_1-2_1658,P_1-3_2528,27.100000000000115,6216.0,1.0
P_1-2_1658,P_1-1-pt_3353,50.70000000000045,6216.0,1.0
P_1-2_1658,P_1-1-pt_2425,11.899999999999974,6216.0,1.0
P_1-2_1658,P_2-1_2911,30.100000000000158,6216.0,1.0
P_1-2_1658,P_1-2_1285,36.80000000000025,6216.0,1.0
P_1-2_1658,P_2-1_842,34.70000000000022,6216.0,1.0
P_1-2_1658,P_1-3_5451,27.200000000000117,6216.0,1.0
P_1-2_1658,P_1-3_1140,27.000000000000114,6216.0,1.0
P_1-2_1658,P_2-1_5552,28.90000000000014,6216.0,1.0
P_1-1-pt_6516,P_1-1-pt_2425,41.40000000000032,6210.0,1.0
P_1-1-pt_6516,P_1-2_638,22.100000000000044,6210.0,1.0
P_1-1-pt_6516,P_1-2_4955,47.400000000000404,6210.0,1.0
P_1-1-pt_6516,P_1-2_2061,47.1000000000004,6210.0,1.0
P_1-1-pt_6516,P_1-3_5354,89.09999999999921,6210.0,1.0
P_1-1-pt_6516,P_1-1-pt_8968,88.99999999999922,6210.0,1.0
P_1-1-pt_6516,P_2-1_2987,383.6000000000187,6210.0,1.0
P_1-1-pt_6516,P_1-2_829,50.20000000000044,6210.0,1.0
P_1-1-pt_6516,P_1-1-veh_407,50.20000000000044,6210.0,1.0
P_1-2_2061,P_2-1_3058,48.300000000000416,6199.0,0.9224068398128731
P_1-2_2061,P_1-2_3224,48.00000000000041,6199.0,0.9224068398128731
P_1-2_2061,P_1-2_4955,5.099999999999998,6199.0,0.9224068398128731
P_1-2_2061,P_1-2_5020,27.50000000000012,6199.0,0.9224068398128731
P_1-2_2061,P_1-2_2422,34.00000000000021,6199.0,0.9224068398128731
P_1-2_2061,P_1-2_5092,39.000000000000284,6199.0,0.9224068398128731
P_1-2_2061,P_1-3_5354,45.400000000000375,6199.0,0.9224068398128731
P_1-2_2061,P_1-1-pt_6516,47.1000000000004,6199.0,0.9224068398128731
P_1-2_2061,P_1-3_4587,45.60000000000038,6199.0,0.9224068398128731
P_1-2_2061,P_1-2_5927,35.00000000000023,6199.0,0.9224068398128731
P_1-2_2061,P_1-2_3214,27.100000000000115,6199.0,0.9224068398128731
P_1-2_2061,P_1-2_4715,25.900000000000098,6199.0,0.9224068398128731
P_1-2_2061,P_1-2_2653,32.000000000000185,6199.0,0.9224068398128731
P_1-2_2061,P_1-1-pt_2770,11.799999999999974,6199.0,0.9224068398128731
P_1-2_2061,P_1-1-pt_6355,11.799999999999974,6199.0,0.9224068398128731
P_1-2_2061,P_1-2_4454,27.200000000000117,6199.0,0.9224068398128731
P_1-2_2061,P_1-2_3590,35.40000000000023,6199.0,0.9224068398128731
P_1-2_2061,P_1-1-pt_841,97.09999999999876,6199.0,0.9224068398128731
P_1-2_2061,P_1-1-pt_8085,96.99999999999876,6199.0,0.9224068398128731
P_1-2_505,P_1-3_4666,38.20000000000027,6196.0,1.0
P_1-2_505,P_1-2_4791,14.499999999999964,6196.0,1.0
P_1-2_505,P_1-2_1533,14.099999999999966,6196.0,1.0
P_1-2_505,P_1-3_5578,13.999999999999966,6196.0,1.0
P_1-2_505,P_1-3_635,13.999999999999966,6196.0,1.0
P_1-2_505,P_1-1-pt_2529,49.50000000000043,6196.0,1.0
P_1-2_505,P_2-1_2384,1221.7999999999843,6196.0,1.0
P_1-2_505,P_1-1-pt_4901,162.19999999999507,6196.0,1.0
P_1-2_505,P_1-1-pt_8068,49.700000000000436,6196.0,1.0
P_1-2_505,P_1-1-pt_4966,150.79999999999572,6196.0,1.0
P_1-2_505,P_1-2_250,71.20000000000023,6196.0,1.0
P_1-3_2985,P_1-1-veh_602,48.80000000000042,6191.0,0.7640122758843483
P_1-3_2985,P_1-1-pt_8762,44.40000000000036,6191.0,0.7640122758843483
P_1-3_2985,P_1-3_5334,47.70000000000041,6191.0,0.7640122758843483
P_1-3_2985,P_1-1-pt_7732,52.00000000000047,6191.0,0.7640122758843483
P_1-3_2985,P_1-1-pt_5115,51.40000000000046,6191.0,0.7640122758843483
P_1-3_2985,P_1-2_3386,50.20000000000044,6191.0,0.7640122758843483
P_1-3_2985,P_1-2_2512,59.00000000000057,6191.0,0.7640122758843483
P_1-3_2985,P_1-2_3575,65.10000000000058,6191.0,0.7640122758843483
P_1-3_2985,P_1-1-pt_1226,37.80000000000027,6191.0,0.7640122758843483
P_1-3_2985,P_1-1-pt_5392,67.90000000000042,6191.0,0.7640122758843483
P_1-2_2613,P_1-2_3693,48.50000000000042,6190.0,0.5397415185783522
P_1-2_2613,P_1-3_2643,48.00000000000041,6190.0,0.5397415185783522
P_1-2_2613,P_1-2_3575,2087.0999999991973,6190.0,0.5397415185783522
P_1-2_2613,P_1-2_2512,105.99999999999825,6190.0,0.5397415185783522
P_2-1_3944,P_1-2_2237,32.30000000000019,6190.0,1.0
P_2-1_3944,P_1-1-pt_1700,44.80000000000037,6190.0,1.0
P_2-1_3944,P_1-2_4388,95.69999999999884,6190.0,1.0
P_2-1_5841,P_1-1-pt_3353,57.300000000000544,6190.0,0.8846526655896607
P_2-1_5841,P_2-1_5552,664.1000000000824,6190.0,0.8846526655896607
P_2-1_5841,P_1-1-pt_6381,46.40000000000039,6190.0,0.8846526655896607
P_2-1_5841,P_1-1-pt_7277,35.40000000000023,6190.0,0.8846526655896607
P_2-1_5841,P_2-1_2293,48.50000000000042,6190.0,0.8846526655896607
P_2-1_5841,P_1-1-pt_1669,44.700000000000365,6190.0,0.8846526655896607
P_2-1_5841,P_1-2_163,48.80000000000042,6190.0,0.8846526655896607
P_1-3_4663,P_1-3_234,47.70000000000041,6189.0,0.7435773145904023
P_1-3_4663,P_1-3_268,47.90000000000041,6189.0,0.7435773145904023
P_1-3_4663,P_1-2_2180,49.000000000000426,6189.0,0.7435773145904023
P_1-3_4663,P_1-2_3879,48.80000000000042,6189.0,0.7435773145904023
P_1-3_4663,P_1-3_4262,48.900000000000425,6189.0,0.7435773145904023
P_1-3_4663,P_1-3_5144,50.80000000000045,6189.0,0.7435773145904023
P_1-3_4663,P_1-3_2786,48.00000000000041,6189.0,0.7435773145904023
P_1-3_4663,P_1-1-pt_6743,39.20000000000029,6189.0,0.7435773145904023
P_1-3_4663,P_1-1-pt_3489,51.50000000000046,6189.0,0.7435773145904023
P_1-1-pt_8280,P_1-1-pt_521,218.49999999999187,6185.0,0.7264349232012934
P_1-1-pt_8280,P_1-1-pt_2369,67.30000000000045,6185.0,0.7264349232012934
P_1-1-pt_8280,P_1-1-pt_6743,174.29999999999438,6185.0,0.7264349232012934
P_1-1-pt_8280,P_1-1-pt_2880,164.39999999999495,6185.0,0.7264349232012934
P_1-1-pt_8280,P_1-1-pt_3207,216.79999999999197,6185.0,0.7264349232012934
P_1-1-pt_8280,P_1-1-pt_571,109.59999999999805,6185.0,0.7264349232012934
P_1-1-pt_8280,P_1-1-pt_3230,109.39999999999806,6185.0,0.7264349232012934
P_1-1-pt_8280,P_1-1-pt_5666,104.09999999999836,6185.0,0.7264349232012934
P_1-1-pt_8280,P_1-1-veh_610,208.09999999999246,6185.0,0.7264349232012934
P_1-1-pt_8280,P_1-1-veh_767,50.80000000000045,6185.0,0.7264349232012934
P_1-1-pt_8280,P_1-2_303,50.70000000000045,6185.0,0.7264349232012934
P_1-1-pt_8280,P_1-1-pt_4879,60.900000000000595,6185.0,0.7264349232012934
P_1-1-pt_8280,P_1-1-pt_4736,60.200000000000585,6185.0,0.7264349232012934
P_1-2_5020,P_1-3_2528,42.90000000000034,6183.0,0.9665211062590975
P_1-2_5020,P_1-3_5354,94.99999999999888,6183.0,0.9665211062590975
P_1-2_5020,P_1-3_4587,76.8999999999999,6183.0,0.9665211062590975
P_1-2_5020,P_1-2_4955,27.40000000000012,6183.0,0.9665211062590975
P_1-2_5020,P_1-2_2061,27.50000000000012,6183.0,0.9665211062590975
P_1-2_5020,P_1-3_2180,49.80000000000044,6183.0,0.9665211062590975
P_1-2_5020,P_1-3_2076,97.9999999999987,6183.0,0.9665211062590975
P_1-2_5020,P_1-2_3378,101.19999999999852,6183.0,0.9665211062590975
P_1-2_5020,P_1-2_3077,100.29999999999858,6183.0,0.9665211062590975
P_1-2_5020,P_1-2_5092,50.60000000000045,6183.0,0.9665211062590975
P_1-2_5020,P_1-2_5927,50.50000000000045,6183.0,0.9665211062590975
P_1-2_5020,P_1-2_3214,50.300000000000445,6183.0,0.9665211062590975
P_1-1-pt_6381,P_2-1_6236,45.60000000000038,6181.0,1.0
P_1-1-pt_6381,P_2-1_2911,52.80000000000048,6181.0,1.0
P_1-1-pt_6381,P_1-3_4253,45.300000000000374,6181.0,1.0
P_1-1-pt_6381,P_1-1-pt_7959,41.50000000000032,6181.0,1.0
P_1-1-pt_6381,P_2-1_5552,46.50000000000039,6181.0,1.0
P_1-1-pt_6381,P_2-1_5841,46.40000000000039,6181.0,1.0
P_1-1-pt_6381,P_1-1-veh_824,138.09999999999644,6181.0,1.0
P_1-1-pt_6381,P_1-1-pt_7277,51.20000000000046,6181.0,1.0
P_1-1-pt_6381,P_2-1_2293,69.70000000000032,6181.0,1.0
P_1-1-pt_6381,P_1-1-pt_1669,53.00000000000048,6181.0,1.0
P_1-2_3464,P_1-2_3821,622.2000000000729,6174.0,0.6930677032717849
P_1-2_3464,P_1-2_2580,617.4000000000718,6174.0,0.6930677032717849
P_1-2_3464,P_1-3_4738,618.300000000072,6174.0,0.6930677032717849
P_1-2_3464,P_1-2_5752,568.9000000000608,6174.0,0.6930677032717849
P_1-2_3464,P_1-2_2797,565.40000000006,6174.0,0.6930677032717849
P_1-2_3464,P_1-1-veh_837,565.7000000000601,6174.0,0.6930677032717849
P_1-2_3464,P_2-1_2028,366.0000000000147,6174.0,0.6930677032717849
P_1-1-pt_3097,P_1-1-pt_4996,114.29999999999778,6173.0,0.903612506074842
P_1-1-pt_3097,P_1-1-pt_3386,62.70000000000062,6173.0,0.903612506074842
P_1-1-pt_3097,P_1-1-pt_3067,112.39999999999789,6173.0,0.903612506074842
P_1-1-pt_3097,P_1-1-pt_3916,61.70000000000061,6173.0,0.903612506074842
P_1-1-pt_3097,P_1-1-pt_297,392.90000000002084,6173.0,0.903612506074842
P_1-1-pt_3097,P_1-1-pt_255,56.40000000000053,6173.0,0.903612506074842
P_1-1-pt_3097,P_2-1_2925,288.099999999997,6173.0,0.903612506074842
P_1-1-pt_3097,P_1-1-pt_6413,67.60000000000043,6173.0,0.903612506074842
P_1-1-pt_3097,P_1-1-pt_1296,57.90000000000055,6173.0,0.903612506074842
P_1-1-pt_3097,P_1-1-pt_2834,63.20000000000063,6173.0,0.903612506074842
P_1-1-pt_3097,P_1-1-pt_2820,57.60000000000055,6173.0,0.903612506074842
P_1-1-pt_3097,P_1-3_2221,79.79999999999974,6173.0,0.903612506074842
P_1-1-pt_1306,P_1-2_3413,2258.4999999990414,6172.0,1.0
P_1-1-pt_1306,P_1-2_1017,26.600000000000108,6172.0,1.0
P_1-1-pt_1306,P_1-1-pt_6368,1983.4999999992915,6172.0,1.0
P_1-1-pt_1306,P_1-2_3052,173.29999999999444,6172.0,1.0
P_1-1-pt_1306,P_1-2_4208,94.89999999999888,6172.0,1.0
P_1-1-pt_1306,P_1-3_3755,101.49999999999851,6172.0,1.0
P_1-1-pt_1306,P_1-3_5334,70.70000000000026,6172.0,1.0
P_1-1-pt_1306,P_1-1-pt_3927,54.0000000000005,6172.0,1.0
P_1-1-pt_1306,P_1-2_2345,28.90000000000014,6172.0,1.0
P_2-1_1609,P_1-2_5369,203.19999999999274,6168.0,0.8544098573281452
P_2-1_1609,P_2-1_4788,48.10000000000041,6168.0,0.8544098573281452
P_1-1-pt_8968,P_1-2_5092,49.30000000000043,6159.0,0.9212534502354278
P_1-1-pt_8968,P_1-3_5354,45.300000000000374,6159.0,0.9212534502354278
P_1-1-pt_8968,P_1-1-pt_6516,88.99999999999922,6159.0,0.9212534502354278
P_1-1-pt_8968,P_2-1_3058,87.19999999999932,6159.0,0.9212534502354278
P_1-1-pt_8968,P_2-1_3664,49.80000000000044,6159.0,0.9212534502354278
P_1-1-pt_8968,P_1-1-pt_2961,463.5000000000369,6159.0,0.9212534502354278
P_1-2_3590,P_1-3_2221,47.3000000000004,6158.0,1.0
P_1-2_3590,P_1-3_1027,48.200000000000415,6158.0,1.0
P_1-2_3590,P_1-1-pt_2431,46.100000000000385,6158.0,1.0
P_1-2_3590,P_1-1-pt_6355,70.70000000000026,6158.0,1.0
P_1-2_3590,P_1-2_4454,56.30000000000053,6158.0,1.0
P_1-2_3590,P_1-1-pt_3931,51.60000000000046,6158.0,1.0
P_1-2_3590,P_2-1_6236,31.800000000000182,6158.0,1.0
P_1-2_3590,P_1-2_1948,11.199999999999976,6158.0,1.0
P_1-2_3590,P_1-3_5550,11.099999999999977,6158.0,1.0
P_1-2_3590,P_1-3_4492,11.399999999999975,6158.0,1.0
P_1-2_3590,P_1-3_2528,11.299999999999976,6158.0,1.0
P_1-2_3590,P_1-1-pt_3353,52.400000000000475,6158.0,1.0
P_1-2_3590,P_2-1_2911,9.299999999999983,6158.0,1.0
P_1-2_3590,P_1-1-pt_2425,29.700000000000152,6158.0,1.0
P_1-2_3590,P_1-2_1285,18.699999999999996,6158.0,1.0
P_1-2_3590,P_2-1_842,26.400000000000105,6158.0,1.0
P_1-2_3590,P_1-3_5451,38.90000000000028,6158.0,1.0
P_1-2_3590,P_2-1_5552,15.79999999999996,6158.0,1.0
P_1-2_3590,P_1-2_4955,27.200000000000117,6158.0,1.0
P_1-2_3590,P_1-2_2061,35.40000000000023,6158.0,1.0
P_1-1-pt_1420,P_1-1-pt_4262,53.70000000000049,6156.0,1.0
P_1-1-pt_1420,P_1-1-pt_3386,96.49999999999879,6156.0,1.0
P_1-1-pt_1420,P_1-1-pt_8247,3469.69999999794,6156.0,1.0
P_1-1-pt_1420,P_1-2_2795,3684.099999997745,6156.0,1.0
P_1-1-pt_4645,P_1-3_5537,46.40000000000039,6155.0,1.0
P_1-1-pt_4645,P_1-2_4724,304.20000000000067,6155.0,1.0
P_1-1-pt_4645,P_1-2_593,196.39999999999313,6155.0,1.0
P_1-1-pt_4645,P_1-2_5943,910.1000000001384,6155.0,1.0
P_1-1-pt_4645,P_1-3_4822,11.699999999999974,6155.0,1.0
P_1-1-pt_4645,P_1-2_3716,30.700000000000166,6155.0,1.0
P_1-1-pt_4645,P_1-2_4098,86.69999999999935,6155.0,1.0
P_1-1-pt_4645,P_1-3_2482,29.000000000000142,6155.0,1.0
P_1-1-pt_4645,P_1-2_1025,19.300000000000004,6155.0,1.0
P_1-2_4962,P_1-1-pt_527,4294.799999998093,6155.0,1.0
P_1-2_4962,P_1-1-pt_1296,44.000000000000355,6155.0,1.0
P_1-2_4962,P_1-1-pt_7664,43.10000000000034,6155.0,1.0
P_1-2_4962,P_1-1-pt_4262,43.60000000000035,6155.0,1.0
P_1-2_4962,P_1-3_2280,17.099999999999973,6155.0,1.0
P_1-2_4962,P_1-2_2473,16.99999999999997,6155.0,1.0
P_1-2_4962,P_1-2_4249,19.60000000000001,6155.0,1.0
P_1-2_4962,P_1-3_2424,39.60000000000029,6155.0,1.0
P_1-2_4962,P_1-3_1571,17.299999999999976,6155.0,1.0
P_1-2_4962,P_1-2_171,31.300000000000175,6155.0,1.0
P_1-2_4962,P_1-2_4285,19.200000000000003,6155.0,1.0
P_1-2_315,P_1-2_1640,48.00000000000041,6153.0,1.0
P_1-2_315,P_1-2_5641,48.00000000000041,6153.0,1.0
P_1-2_315,P_1-2_1219,154.8999999999955,6153.0,1.0
P_1-2_315,P_1-2_4270,48.00000000000041,6153.0,1.0
P_1-2_3708,P_1-1-pt_7573,18.099999999999987,6144.0,1.0
P_1-2_3708,P_1-3_635,47.90000000000041,6144.0,1.0
P_1-2_3708,P_2-1_2136,48.00000000000041,6144.0,1.0
P_1-2_3708,P_1-1-veh_65,48.10000000000041,6144.0,1.0
P_1-2_3708,P_1-1-pt_1473,43.200000000000344,6144.0,1.0
P_1-2_3708,P_1-2_168,50.50000000000045,6144.0,1.0
P_1-2_3708,P_2-1_4127,48.70000000000042,6144.0,1.0
P_1-2_3708,P_1-3_4644,39.40000000000029,6144.0,1.0
P_1-1-pt_6358,P_1-1-pt_1167,33.0000000000002,6143.0,1.0
P_1-1-pt_6358,P_1-3_1604,113.8999999999978,6143.0,1.0
P_1-1-pt_6358,P_1-3_2171,32.20000000000019,6143.0,1.0
P_1-1-pt_6358,P_1-2_829,918.6000000001403,6143.0,1.0
P_1-1-pt_6358,P_1-1-veh_407,45.400000000000375,6143.0,1.0
P_1-1-pt_6358,P_2-1_4232,795.3000000001123,6143.0,1.0
P_1-1-pt_5666,P_1-1-pt_571,104.49999999999834,6142.0,0.9679257570823836
P_1-1-pt_5666,P_1-1-pt_3230,103.89999999999837,6142.0,0.9679257570823836
P_1-1-pt_5666,P_1-1-pt_8280,104.09999999999836,6142.0,0.9679257570823836
P_1-1-pt_5666,P_1-1-pt_521,114.09999999999779,6142.0,0.9679257570823836
P_1-1-pt_5666,P_1-1-pt_4879,145.59999999999602,6142.0,0.9679257570823836
P_1-1-pt_5666,P_1-1-pt_1497,126.39999999999709,6142.0,0.9679257570823836
P_1-1-pt_5666,P_1-1-pt_3207,1019.1000000001632,6142.0,0.9679257570823836
P_1-1-pt_5666,P_1-1-pt_3671,5.799999999999995,6142.0,0.9679257570823836
P_1-1-pt_5666,P_1-1-pt_2920,57.300000000000544,6142.0,0.9679257570823836
P_1-1-pt_5666,P_1-2_4940,52.70000000000048,6142.0,0.9679257570823836
P_1-1-pt_5666,P_1-1-veh_610,51.30000000000046,6142.0,0.9679257570823836
P_1-1-pt_5666,P_1-1-veh_767,50.400000000000446,6142.0,0.9679257570823836
P_1-1-pt_5666,P_1-2_303,49.10000000000043,6142.0,0.9679257570823836
P_1-1-pt_5666,P_1-1-pt_1296,105.29999999999829,6142.0,0.9679257570823836
P_1-1-pt_182,P_1-3_743,99.9999999999986,6141.0,1.0
P_1-1-pt_182,P_1-1-pt_1723,105.99999999999825,6141.0,1.0
P_1-1-pt_182,P_1-1-pt_8184,109.69999999999804,6141.0,1.0
P_1-1-pt_182,P_1-3_2599,49.80000000000044,6141.0,1.0
P_1-1-pt_182,P_1-2_5745,50.50000000000045,6141.0,1.0
P_1-1-pt_182,P_1-1-pt_8289,50.400000000000446,6141.0,1.0
P_1-1-pt_182,P_1-1-pt_8735,50.60000000000045,6141.0,1.0
P_1-1-pt_182,P_1-2_4266,50.00000000000044,6141.0,1.0
P_1-1-pt_182,P_1-3_3076,50.10000000000044,6141.0,1.0
P_1-1-pt_182,P_1-2_5753,50.20000000000044,6141.0,1.0
P_1-1-pt_182,P_1-3_4289,50.300000000000445,6141.0,1.0
P_1-1-pt_182,P_1-1-veh_834,50.20000000000044,6141.0,1.0
P_1-2_1025,P_1-3_5117,48.00000000000041,6139.0,0.5556279524352501
P_1-2_1025,P_1-2_2183,48.10000000000041,6139.0,0.5556279524352501
P_1-2_1025,P_1-3_5537,32.9000000000002,6139.0,0.5556279524352501
P_1-2_1025,P_1-3_2482,2543.899999998782,6139.0,0.5556279524352501
P_1-2_1025,P_1-2_5943,16.399999999999963,6139.0,0.5556279524352501
P_1-2_1025,P_1-1-pt_4645,19.300000000000004,6139.0,0.5556279524352501
P_1-2_1025,P_1-2_3752,16.79999999999997,6139.0,0.5556279524352501
P_1-2_1025,P_1-2_4730,33.90000000000021,6139.0,0.5556279524352501
P_1-1-veh_824,P_1-2_1285,61.1000000000006,6130.0,1.0
P_1-1-veh_824,P_1-2_5092,48.00000000000041,6130.0,1.0
P_1-1-veh_824,P_1-3_5451,48.70000000000042,6130.0,1.0
P_1-1-veh_824,P_1-3_1140,50.50000000000045,6130.0,1.0
P_1-1-veh_824,P_1-3_5020,48.00000000000041,6130.0,1.0
P_1-1-veh_824,P_1-1-pt_2342,43.60000000000035,6130.0,1.0
P_1-1-veh_824,P_1-1-pt_6381,138.09999999999644,6130.0,1.0
P_1-1-veh_824,P_1-1-pt_7277,68.2000000000004,6130.0,1.0
P_1-1-veh_824,P_2-1_2293,55.00000000000051,6130.0,1.0
P_1-1-veh_824,P_1-1-pt_1669,45.10000000000037,6130.0,1.0
P_1-1-pt_2920,P_1-1-pt_5078,40.90000000000031,6124.0,0.557805355976486
P_1-1-pt_2920,P_1-3_2053,45.20000000000037,6124.0,0.557805355976486
P_1-1-pt_2920,P_1-1-pt_5906,63.700000000000635,6124.0,0.557805355976486
P_1-1-pt_2920,P_1-1-pt_2503,41.40000000000032,6124.0,0.557805355976486
P_1-1-pt_2920,P_1-1-pt_2013,21.70000000000004,6124.0,0.557805355976486
P_1-1-pt_2920,P_1-1-pt_3409,16.29999999999996,6124.0,0.557805355976486
P_1-1-pt_2920,P_1-1-pt_3624,22.000000000000043,6124.0,0.557805355976486
P_1-1-pt_2920,P_2-1_3764,49.000000000000426,6124.0,0.557805355976486
P_1-1-pt_2920,P_2-1_2925,24.100000000000072,6124.0,0.557805355976486
P_1-1-pt_2920,P_1-1-pt_521,62.70000000000062,6124.0,0.557805355976486
P_1-1-pt_2920,P_1-1-pt_5666,57.300000000000544,6124.0,0.557805355976486
P_1-1-pt_2920,P_1-1-pt_4879,46.100000000000385,6124.0,0.557805355976486
P_1-1-pt_2920,P_1-2_250,11.899999999999974,6124.0,0.557805355976486
P_1-1-pt_2920,P_1-1-pt_4736,59.90000000000058,6124.0,0.557805355976486
P_1-1-pt_2920,P_1-1-pt_6974,139.99999999999633,6124.0,0.557805355976486
P_1-1-pt_2920,P_1-2_4483,23.800000000000068,6124.0,0.557805355976486
P_1-1-pt_2920,P_1-1-pt_5167,55.900000000000524,6124.0,0.557805355976486
P_1-1-pt_2920,P_1-1-pt_3671,56.600000000000534,6124.0,0.557805355976486
P_1-1-pt_2920,P_1-1-pt_1747,55.50000000000052,6124.0,0.557805355976486
P_1-1-pt_2920,P_1-1-pt_3207,55.300000000000516,6124.0,0.557805355976486
P_1-1-pt_2920,P_1-1-pt_98,55.70000000000052,6124.0,0.557805355976486
P_1-1-pt_2920,P_1-1-pt_1497,51.30000000000046,6124.0,0.557805355976486
P_1-1-pt_2920,P_1-1-pt_6673,50.80000000000045,6124.0,0.557805355976486
P_1-1-pt_2920,P_1-3_1945,45.20000000000037,6124.0,0.557805355976486
P_1-1-pt_2920,P_1-1-pt_4380,41.40000000000032,6124.0,0.557805355976486
P_1-1-pt_2920,P_1-3_1027,45.50000000000038,6124.0,0.557805355976486
P_1-1-pt_2920,P_2-1_1724,45.00000000000037,6124.0,0.557805355976486
P_1-1-pt_2920,P_1-1-pt_5139,41.70000000000032,6124.0,0.557805355976486
P_1-2_2335,P_1-3_283,515.2000000000486,6121.0,1.0
P_1-2_2335,P_1-3_4291,381.3000000000182,6121.0,1.0
P_1-2_2335,P_1-2_2215,24.70000000000008,6121.0,1.0
P_1-2_2335,P_1-3_5020,26.300000000000104,6121.0,1.0
P_1-2_2335,P_1-2_2422,18.699999999999996,6121.0,1.0
P_1-2_4607,P_2-1_5435,700.9000000000908,6110.0,0.7471358428805237
P_1-2_4607,P_1-2_2229,697.9000000000901,6110.0,0.7471358428805237
P_1-2_4607,P_1-2_2030,697.6000000000901,6110.0,0.7471358428805237
P_1-2_4607,P_2-1_3376,697.7000000000901,6110.0,0.7471358428805237
P_1-2_4607,P_2-1_6256,697.30000000009,6110.0,0.7471358428805237
P_1-2_4607,P_1-2_3908,697.9000000000901,6110.0,0.7471358428805237
P_1-2_4607,P_1-1-pt_7104,643.1000000000777,6110.0,0.7471358428805237
P_1-2_4607,P_1-2_4886,648.6000000000789,6110.0,0.7471358428805237
P_1-2_4607,P_2-1_4331,3031.1999999983386,6110.0,0.7471358428805237
P_1-1-pt_2834,P_1-1-pt_4996,148.89999999999583,6107.0,0.42721467168822663
P_1-1-pt_2834,P_1-1-pt_3386,57.00000000000054,6107.0,0.42721467168822663
P_1-1-pt_2834,P_1-1-pt_3067,87.79999999999929,6107.0,0.42721467168822663
P_1-1-pt_2834,P_1-2_303,44.50000000000036,6107.0,0.42721467168822663
P_1-1-pt_2834,P_1-1-pt_6031,28.90000000000014,6107.0,0.42721467168822663
P_1-1-pt_2834,P_1-1-pt_5906,33.90000000000021,6107.0,0.42721467168822663
P_1-1-pt_2834,P_1-1-pt_1238,35.00000000000023,6107.0,0.42721467168822663
P_1-1-pt_2834,P_1-1-pt_1108,37.000000000000256,6107.0,0.42721467168822663
P_1-1-pt_2834,P_1-1-pt_3409,77.0999999999999,6107.0,0.42721467168822663
P_1-1-pt_2834,P_1-1-pt_3624,0.6,6107.0,0.42721467168822663
P_1-1-pt_2834,P_1-1-pt_1296,85.99999999999939,6107.0,0.42721467168822663
P_1-1-pt_2834,P_1-1-pt_5199,32.800000000000196,6107.0,0.42721467168822663
P_1-1-pt_2834,P_1-1-pt_530,40.0000000000003,6107.0,0.42721467168822663
P_1-1-pt_2834,P_1-1-pt_2820,38.10000000000027,6107.0,0.42721467168822663
P_1-1-pt_2834,P_1-3_2221,42.10000000000033,6107.0,0.42721467168822663
P_1-1-pt_2834,P_1-1-pt_3097,63.20000000000063,6107.0,0.42721467168822663
P_1-2_1805,P_1-2_5288,48.00000000000041,6105.0,0.9708435708435709
P_1-2_1805,P_2-1_4788,48.200000000000415,6105.0,0.9708435708435709
P_1-2_1805,P_1-3_3132,50.20000000000044,6105.0,0.9708435708435709
P_1-3_4881,P_1-3_234,47.70000000000041,6104.0,1.0
P_1-3_4881,P_1-3_268,48.200000000000415,6104.0,1.0
P_1-3_4881,P_1-2_2180,48.00000000000041,6104.0,1.0
P_1-3_4881,P_1-2_3879,47.90000000000041,6104.0,1.0
P_1-3_4881,P_1-3_4262,48.00000000000041,6104.0,1.0
P_1-3_4881,P_1-3_5144,84.99999999999945,6104.0,1.0
P_1-3_4881,P_1-3_2786,47.80000000000041,6104.0,1.0
P_1-3_4881,P_1-3_5475,64.7000000000006,6104.0,1.0
P_1-3_4881,P_1-1-pt_3489,33.1000000000002,6104.0,1.0
P_1-3_3776,P_1-2_4734,204.0999999999927,6101.0,0.9704966398950992
P_1-3_3776,P_1-2_4206,204.0999999999927,6101.0,0.9704966398950992
P_1-3_3776,P_1-3_1500,203.29999999999274,6101.0,0.9704966398950992
P_1-3_3776,P_1-3_3901,203.19999999999274,6101.0,0.9704966398950992
P_1-3_3776,P_1-2_1420,204.29999999999268,6101.0,0.9704966398950992
P_1-3_3776,P_1-3_228,203.7999999999927,6101.0,0.9704966398950992
P_1-3_3776,P_2-1_2161,153.29999999999558,6101.0,0.9704966398950992
P_1-3_3776,P_1-3_874,152.59999999999562,6101.0,0.9704966398950992
P_1-3_3776,P_1-3_2454,101.5999999999985,6101.0,0.9704966398950992
P_1-3_3776,P_1-2_3280,51.100000000000456,6101.0,0.9704966398950992
P_1-3_3776,P_1-3_3046,51.000000000000455,6101.0,0.9704966398950992
P_1-3_3776,P_1-3_3457,51.000000000000455,6101.0,0.9704966398950992
P_1-3_3776,P_1-3_4168,51.000000000000455,6101.0,0.9704966398950992
P_1-3_3776,P_1-3_2053,50.80000000000045,6101.0,0.9704966398950992
P_1-3_3776,P_1-3_3834,837.0000000001218,6101.0,0.9704966398950992
P_1-3_4124,P_1-1-pt_530,41.50000000000032,6101.0,0.553351909523029
P_1-3_4124,P_1-2_5252,47.90000000000041,6101.0,0.553351909523029
P_1-3_4124,P_1-3_5117,47.80000000000041,6101.0,0.553351909523029
P_1-3_4124,P_1-2_171,49.90000000000044,6101.0,0.553351909523029
P_1-3_4124,P_1-2_4285,51.90000000000047,6101.0,0.553351909523029
P_1-3_4124,P_1-3_2421,1276.4999999999345,6101.0,0.553351909523029
P_1-3_4124,P_1-2_2183,47.80000000000041,6101.0,0.553351909523029
P_1-3_4124,P_1-3_5537,47.80000000000041,6101.0,0.553351909523029
P_1-3_4124,P_1-2_1640,28.000000000000128,6101.0,0.553351909523029
P_1-3_4124,P_1-2_5641,28.90000000000014,6101.0,0.553351909523029
P_1-3_2599,P_1-2_4753,9.299999999999983,6099.0,0.8496474831939662
P_1-3_2599,P_1-3_2043,9.599999999999982,6099.0,0.8496474831939662
P_1-3_2599,P_1-2_638,15.399999999999961,6099.0,0.8496474831939662
P_1-3_2599,P_1-2_3608,12.299999999999972,6099.0,0.8496474831939662
P_1-3_2599,P_1-1-veh_246,12.199999999999973,6099.0,0.8496474831939662
P_1-3_2599,P_1-2_5428,12.199999999999973,6099.0,0.8496474831939662
P_1-3_2599,P_1-1-pt_498,52.10000000000047,6099.0,0.8496474831939662
P_1-3_2599,P_1-1-pt_1723,99.49999999999862,6099.0,0.8496474831939662
P_1-3_2599,P_1-1-veh_530,48.00000000000041,6099.0,0.8496474831939662
P_1-3_2599,P_1-1-veh_834,50.70000000000045,6099.0,0.8496474831939662
P_1-3_2599,P_1-3_743,101.39999999999851,6099.0,0.8496474831939662
P_1-3_2599,P_1-1-pt_8184,91.89999999999905,6099.0,0.8496474831939662
P_1-3_2599,P_1-1-pt_8289,50.300000000000445,6099.0,0.8496474831939662
P_1-3_2599,P_1-1-pt_8735,100.19999999999858,6099.0,0.8496474831939662
P_1-3_2599,P_1-2_4266,101.19999999999852,6099.0,0.8496474831939662
P_1-3_2599,P_1-3_3076,50.60000000000045,6099.0,0.8496474831939662
P_1-3_2599,P_1-2_5753,50.60000000000045,6099.0,0.8496474831939662
P_1-3_2599,P_1-1-pt_182,49.80000000000044,6099.0,0.8496474831939662
P_1-3_2599,P_1-3_4289,50.70000000000045,6099.0,0.8496474831939662
P_1-3_2599,P_1-2_5745,2706.7999999986337,6099.0,0.8496474831939662
P_1-2_5745,P_1-2_4753,8.999999999999984,6087.0,0.5243962543124692
P_1-2_5745,P_1-3_2043,9.399999999999983,6087.0,0.5243962543124692
P_1-2_5745,P_1-2_638,15.099999999999962,6087.0,0.5243962543124692
P_1-2_5745,P_1-2_3608,12.399999999999972,6087.0,0.5243962543124692
P_1-2_5745,P_1-1-veh_246,12.199999999999973,6087.0,0.5243962543124692
P_1-2_5745,P_1-2_5428,12.199999999999973,6087.0,0.5243962543124692
P_1-2_5745,P_1-1-pt_498,51.800000000000466,6087.0,0.5243962543124692
P_1-2_5745,P_1-1-pt_1723,51.90000000000047,6087.0,0.5243962543124692
P_1-2_5745,P_1-1-veh_530,48.00000000000041,6087.0,0.5243962543124692
P_1-2_5745,P_1-1-veh_834,50.70000000000045,6087.0,0.5243962543124692
P_1-2_5745,P_1-3_743,101.19999999999852,6087.0,0.5243962543124692
P_1-2_5745,P_1-1-pt_8184,90.9999999999991,6087.0,0.5243962543124692
P_1-2_5745,P_1-1-pt_8289,50.20000000000044,6087.0,0.5243962543124692
P_1-2_5745,P_1-1-pt_8735,99.9999999999986,6087.0,0.5243962543124692
P_1-2_5745,P_1-2_4266,101.39999999999851,6087.0,0.5243962543124692
P_1-2_5745,P_1-3_3076,50.60000000000045,6087.0,0.5243962543124692
P_1-2_5745,P_1-2_5753,50.70000000000045,6087.0,0.5243962543124692
P_1-2_5745,P_1-1-pt_182,50.50000000000045,6087.0,0.5243962543124692
P_1-2_5745,P_1-3_4289,50.80000000000045,6087.0,0.5243962543124692
P_1-2_5745,P_1-3_2599,2706.7999999986337,6087.0,0.5243962543124692
P_1-2_5745,P_1-2_609,83.9999999999995,6087.0,0.5243962543124692
P_1-1-pt_2961,P_1-3_5354,45.80000000000038,6086.0,1.0
P_1-1-pt_2961,P_1-1-pt_3176,83.29999999999954,6086.0,1.0
P_1-1-pt_2961,P_1-2_3224,95.19999999999887,6086.0,1.0
P_1-1-pt_2961,P_2-1_3058,101.39999999999851,6086.0,1.0
P_1-1-pt_2961,P_1-3_2076,29.200000000000145,6086.0,1.0
P_1-1-pt_2961,P_2-1_3664,49.90000000000044,6086.0,1.0
P_1-1-pt_2961,P_1-1-pt_8968,463.5000000000369,6086.0,1.0
P_1-2_2702,P_1-3_4944,739.3000000000995,6084.0,0.9929322813938198
P_1-2_2702,P_1-3_403,33.2000000000002,6084.0,0.9929322813938198
P_1-2_2702,P_1-3_2955,31.400000000000176,6084.0,0.9929322813938198
P_1-2_2702,P_1-3_3759,34.50000000000022,6084.0,0.9929322813938198
P_1-2_2702,P_1-3_1737,39.800000000000296,6084.0,0.9929322813938198
P_1-2_2702,P_1-1-pt_5392,703.0000000000913,6084.0,0.9929322813938198
P_1-2_2702,P_1-1-pt_1238,111.29999999999795,6084.0,0.9929322813938198
P_1-2_2702,P_1-1-pt_1138,94.29999999999892,6084.0,0.9929322813938198
P_1-2_2702,P_1-1-pt_8762,93.59999999999896,6084.0,0.9929322813938198
P_2-1_2384,P_1-1-pt_7040,45.20000000000037,6084.0,1.0
P_2-1_2384,P_1-1-pt_7123,48.70000000000042,6084.0,1.0
P_2-1_2384,P_1-3_4644,48.10000000000041,6084.0,1.0
P_2-1_2384,P_1-1-pt_7573,52.10000000000047,6084.0,1.0
P_2-1_2384,P_1-1-pt_150,45.00000000000037,6084.0,1.0
P_2-1_2384,P_1-1-pt_4901,151.59999999999567,6084.0,1.0
P_2-1_2384,P_1-1-pt_2529,49.50000000000043,6084.0,1.0
P_2-1_2384,P_1-2_505,1221.7999999999843,6084.0,1.0
P_2-1_2384,P_1-1-pt_8068,49.80000000000044,6084.0,1.0
P_2-1_2384,P_1-1-pt_4966,173.69999999999442,6084.0,1.0
P_2-1_2384,P_1-2_250,69.60000000000032,6084.0,1.0
P_1-1-pt_2013,P_1-1-pt_4879,379.30000000001775,6083.0,0.3182640144665461
P_1-1-pt_2013,P_1-1-pt_3858,52.500000000000476,6083.0,0.3182640144665461
P_1-1-pt_2013,P_1-1-pt_3409,260.59999999999076,6083.0,0.3182640144665461
P_1-1-pt_2013,P_1-1-pt_2920,21.70000000000004,6083.0,0.3182640144665461
P_1-1-pt_2013,P_1-1-pt_6453,21.500000000000036,6083.0,0.3182640144665461
P_1-1-pt_2013,P_1-2_4940,38.20000000000027,6083.0,0.3182640144665461
P_1-1-pt_2013,P_1-1-pt_297,66.10000000000052,6083.0,0.3182640144665461
P_1-1-pt_2013,P_1-1-pt_7573,292.399999999998,6083.0,0.3182640144665461
P_1-1-pt_2013,P_1-2_1255,35.80000000000024,6083.0,0.3182640144665461
P_1-1-pt_2013,P_1-2_250,7.499999999999989,6083.0,0.3182640144665461
P_1-1-pt_2013,P_2-1_5419,37.10000000000026,6083.0,0.3182640144665461
P_1-1-pt_2013,P_1-1-pt_8728,51.60000000000046,6083.0,0.3182640144665461
P_1-1-pt_2013,P_1-2_4483,76.59999999999992,6083.0,0.3182640144665461
P_1-1-pt_2013,P_1-1-pt_2369,50.400000000000446,6083.0,0.3182640144665461
P_1-1-pt_2013,P_1-1-pt_521,61.90000000000061,6083.0,0.3182640144665461
P_1-1-pt_2013,P_1-1-pt_1747,170.89999999999458,6083.0,0.3182640144665461
P_1-1-pt_2013,P_1-1-pt_6974,61.70000000000061,6083.0,0.3182640144665461
P_1-1-pt_2013,P_1-1-pt_3671,56.000000000000526,6083.0,0.3182640144665461
P_1-1-pt_2013,P_1-2_5543,38.50000000000028,6083.0,0.3182640144665461
P_1-1-pt_2013,P_1-1-pt_3207,58.60000000000056,6083.0,0.3182640144665461
P_1-1-pt_2013,P_1-1-pt_1497,56.80000000000054,6083.0,0.3182640144665461
P_1-1-pt_2013,P_1-1-pt_98,315.10000000000315,6083.0,0.3182640144665461
P_1-1-pt_2013,P_1-1-pt_5167,193.2999999999933,6083.0,0.3182640144665461
P_1-1-pt_2013,P_1-3_1945,80.4999999999997,6083.0,0.3182640144665461
P_1-1-pt_2013,P_1-1-pt_4380,73.70000000000009,6083.0,0.3182640144665461
P_1-3_4875,P_1-1-pt_5241,45.300000000000374,6082.0,0.6109832292009207
P_1-3_4875,P_1-2_5640,50.60000000000045,6082.0,0.6109832292009207
P_1-3_4875,P_1-2_4634,1069.0000000001232,6082.0,0.6109832292009207
P_1-3_4875,P_1-3_4775,352.40000000001163,6082.0,0.6109832292009207
P_1-3_4875,P_1-3_2410,101.09999999999853,6082.0,0.6109832292009207
P_1-3_4875,P_1-3_3253,118.89999999999752,6082.0,0.6109832292009207
P_1-3_4875,P_1-3_2018,154.8999999999955,6082.0,0.6109832292009207
P_1-3_4875,P_1-3_2633,133.5999999999967,6082.0,0.6109832292009207
P_1-3_4875,P_1-2_5210,81.89999999999962,6082.0,0.6109832292009207
P_1-3_4875,P_1-2_573,69.40000000000033,6082.0,0.6109832292009207
P_1-3_4875,P_1-3_4954,60.50000000000059,6082.0,0.6109832292009207
P_1-3_4875,P_1-3_3410,210.19999999999234,6082.0,0.6109832292009207
P_1-1-pt_98,P_1-1-pt_5167,1116.4000000000801,6077.0,0.5925621194668422
P_1-1-pt_98,P_1-1-pt_1747,1158.200000000042,6077.0,0.5925621194668422
P_1-1-pt_98,P_1-1-pt_6974,1795.0999999994629,6077.0,0.5925621194668422
P_1-1-pt_98,P_1-1-pt_3671,1575.4999999996626,6077.0,0.5925621194668422
P_1-1-pt_98,P_1-1-pt_4879,166.9999999999948,6077.0,0.5925621194668422
P_1-1-pt_98,P_1-1-pt_1497,919.3000000001405,6077.0,0.5925621194668422
P_1-1-pt_98,P_1-1-pt_6743,55.80000000000052,6077.0,0.5925621194668422
P_1-1-pt_98,P_1-1-pt_3858,289.6999999999974,6077.0,0.5925621194668422
P_1-1-pt_98,P_2-1_3764,47.1000000000004,6077.0,0.5925621194668422
P_1-1-pt_98,P_2-1_63,18.099999999999987,6077.0,0.5925621194668422
P_1-1-pt_98,P_1-2_1612,17.899999999999984,6077.0,0.5925621194668422
P_1-1-pt_98,P_1-1-pt_2880,136.79999999999652,6077.0,0.5925621194668422
P_1-1-pt_98,P_1-1-pt_521,576.7000000000626,6077.0,0.5925621194668422
P_1-1-pt_98,P_1-3_3245,16.99999999999997,6077.0,0.5925621194668422
P_1-1-pt_98,P_1-1-pt_4736,58.700000000000564,6077.0,0.5925621194668422
P_1-1-pt_98,P_1-2_4483,16.699999999999967,6077.0,0.5925621194668422
P_1-1-pt_98,P_1-1-pt_2920,55.70000000000052,6077.0,0.5925621194668422
P_1-1-pt_98,P_1-2_4940,51.40000000000046,6077.0,0.5925621194668422
P_1-1-pt_98,P_1-1-pt_3207,577.0000000000626,6077.0,0.5925621194668422
P_1-1-pt_98,P_1-1-veh_610,49.10000000000043,6077.0,0.5925621194668422
P_1-1-pt_98,P_1-1-pt_7915,437.1000000000309,6077.0,0.5925621194668422
P_1-1-pt_98,P_1-1-pt_5999,70.10000000000029,6077.0,0.5925621194668422
P_1-1-pt_98,P_1-2_5543,119.69999999999747,6077.0,0.5925621194668422
P_1-1-pt_98,P_1-1-pt_2013,315.10000000000315,6077.0,0.5925621194668422
P_1-1-pt_98,P_1-2_303,49.20000000000043,6077.0,0.5925621194668422
P_1-3_3579,P_1-2_3081,21.00000000000003,6076.0,1.0
P_1-3_3579,P_1-1-pt_7080,68.70000000000037,6076.0,1.0
P_1-3_3579,P_1-2_4464,122.89999999999729,6076.0,1.0
P_1-3_3579,P_1-2_2554,55.70000000000052,6076.0,1.0
P_1-3_3579,P_1-2_3280,49.000000000000426,6076.0,1.0
P_1-3_3579,P_1-1-pt_0,117.69999999999759,6076.0,1.0
P_1-3_3579,P_1-3_17,50.10000000000044,6076.0,1.0
P_1-1-pt_527,P_1-1-pt_6368,41.50000000000032,6069.0,1.0
P_1-1-pt_527,P_1-2_3052,51.700000000000465,6069.0,1.0
P_1-1-pt_527,P_1-2_4962,4294.799999998093,6069.0,1.0
P_1-1-pt_527,P_1-1-pt_7664,37.90000000000027,6069.0,1.0
P_1-1-pt_527,P_1-1-pt_4262,38.300000000000274,6069.0,1.0
P_1-1-pt_527,P_1-3_2424,32.40000000000019,6069.0,1.0
P_1-1-pt_527,P_1-2_171,17.999999999999986,6069.0,1.0
P_1-2_5428,P_1-3_743,47.80000000000041,6066.0,0.6055060995713815
P_1-2_5428,P_1-1-pt_1723,391.5000000000205,6066.0,0.6055060995713815
P_1-2_5428,P_1-1-pt_498,295.0999999999986,6066.0,0.6055060995713815
P_1-2_5428,P_1-3_2599,12.199999999999973,6066.0,0.6055060995713815
P_1-2_5428,P_1-2_5745,12.199999999999973,6066.0,0.6055060995713815
P_1-2_5428,P_1-2_4266,11.999999999999973,6066.0,0.6055060995713815
P_1-2_5428,P_1-3_1535,11.899999999999974,6066.0,0.6055060995713815
P_1-2_5428,P_1-2_609,15.099999999999962,6066.0,0.6055060995713815
P_1-2_5428,P_1-2_2598,16.99999999999997,6066.0,0.6055060995713815
P_1-2_5428,P_1-1-pt_6292,3849.5999999975943,6066.0,0.6055060995713815
P_1-1-pt_297,P_1-1-pt_3916,59.30000000000057,6055.0,1.0
P_1-1-pt_297,P_1-3_4690,44.40000000000036,6055.0,1.0
P_1-1-pt_297,P_1-1-pt_2013,66.10000000000052,6055.0,1.0
P_1-1-pt_297,P_1-1-pt_7573,143.69999999999612,6055.0,1.0
P_1-1-pt_297,P_1-1-pt_3097,392.90000000002084,6055.0,1.0
P_1-1-pt_297,P_1-1-pt_8728,64.20000000000063,6055.0,1.0
P_1-1-pt_297,P_1-2_4483,105.59999999999827,6055.0,1.0
P_1-1-pt_297,P_1-1-pt_6176,64.90000000000059,6055.0,1.0
P_1-1-pt_297,P_1-1-pt_494,131.5999999999968,6055.0,1.0
P_1-1-pt_297,P_1-1-pt_4996,313.80000000000285,6055.0,1.0
P_1-3_2643,P_1-3_3759,47.80000000000041,6047.0,1.0
P_1-3_2643,P_1-3_1737,47.90000000000041,6047.0,1.0
P_1-3_2643,P_1-1-pt_4595,35.600000000000236,6047.0,1.0
P_1-3_2643,P_1-2_2512,47.2000000000004,6047.0,1.0
P_1-3_2643,P_1-2_2613,48.00000000000041,6047.0,1.0
P_1-3_2643,P_1-1-pt_1121,7.799999999999988,6047.0,1.0
P_1-3_2643,P_1-1-pt_2808,45.50000000000038,6047.0,1.0
P_1-3_2643,P_1-1-pt_3916,50.10000000000044,6047.0,1.0
P_1-3_2643,P_1-3_1324,185.79999999999373,6047.0,1.0
P_1-2_2797,P_1-3_4738,616.0000000000715,6046.0,0.7042672841548131
P_1-2_2797,P_1-2_5752,565.50000000006,6046.0,0.7042672841548131
P_1-2_2797,P_1-2_3464,565.40000000006,6046.0,0.7042672841548131
P_1-2_2797,P_1-1-veh_837,565.8000000000601,6046.0,0.7042672841548131
P_1-2_2797,P_2-1_2028,316.00000000000335,6046.0,0.7042672841548131
P_1-2_2797,P_1-2_2580,6045.00000000446,6046.0,0.7042672841548131
P_1-2_2797,P_1-2_3821,6045.00000000446,6046.0,0.7042672841548131
P_1-2_2715,P_1-3_4666,42.20000000000033,6045.0,1.0
P_1-2_2715,P_1-2_4791,27.600000000000122,6045.0,1.0
P_1-2_2715,P_1-2_1533,26.0000000000001,6045.0,1.0
P_1-2_2715,P_1-3_5578,32.700000000000195,6045.0,1.0
P_1-2_2715,P_1-3_635,32.700000000000195,6045.0,1.0
P_1-2_2715,P_2-1_2136,45.80000000000038,6045.0,1.0
P_1-2_2715,P_1-1-veh_65,45.50000000000038,6045.0,1.0
P_1-2_2715,P_1-1-pt_8830,41.70000000000032,6045.0,1.0
P_1-2_2715,P_1-1-pt_7142,51.700000000000465,6045.0,1.0
P_1-2_2715,P_1-1-pt_150,52.60000000000048,6045.0,1.0
P_1-2_2715,P_2-1_3119,49.90000000000044,6045.0,1.0
P_1-3_1140,P_1-2_1285,17.899999999999984,6039.0,0.7901970524921345
P_1-3_1140,P_1-1-pt_8085,596.6000000000671,6039.0,0.7901970524921345
P_1-3_1140,P_1-1-veh_824,50.50000000000045,6039.0,0.7901970524921345
P_1-3_1140,P_1-3_5451,1296.1999999999166,6039.0,0.7901970524921345
P_1-3_1140,P_2-1_4930,51.50000000000046,6039.0,0.7901970524921345
P_1-3_1140,P_1-2_5927,24.100000000000072,6039.0,0.7901970524921345
P_1-3_1140,P_1-1-pt_841,99.29999999999863,6039.0,0.7901970524921345
P_1-3_1140,P_1-2_2653,18.599999999999994,6039.0,0.7901970524921345
P_1-3_1140,P_1-2_1658,27.000000000000114,6039.0,0.7901970524921345
P_1-3_1140,P_1-1-pt_1601,27.50000000000012,6039.0,0.7901970524921345
P_1-1-pt_6413,P_1-1-pt_977,43.200000000000344,6037.0,1.0
P_1-1-pt_6413,P_1-1-pt_3409,54.90000000000051,6037.0,1.0
P_1-1-pt_6413,P_1-1-pt_5199,55.50000000000052,6037.0,1.0
P_1-1-pt_6413,P_1-1-pt_3097,67.60000000000043,6037.0,1.0
P_1-1-pt_6413,P_2-1_63,52.90000000000048,6037.0,1.0
P_1-1-pt_6413,P_1-2_1612,53.100000000000485,6037.0,1.0
P_1-1-pt_6413,P_1-1-pt_761,36.00000000000024,6037.0,1.0
P_1-1-pt_6413,P_1-1-pt_6453,52.400000000000475,6037.0,1.0
P_1-1-pt_6413,P_1-3_3245,52.80000000000048,6037.0,1.0
P_1-1-pt_6413,P_1-1-pt_494,25.100000000000087,6037.0,1.0
P_1-1-pt_6413,P_1-1-pt_2162,55.900000000000524,6037.0,1.0
P_1-1-pt_6413,P_1-1-pt_4996,24.800000000000082,6037.0,1.0
P_1-1-pt_6413,P_2-1_5419,611.5000000000705,6037.0,1.0
P_1-1-pt_6413,P_1-1-pt_1270,35.80000000000024,6037.0,1.0
P_1-1-pt_6413,P_1-1-pt_1473,83.29999999999954,6037.0,1.0
P_1-2_6013,P_1-1-pt_7573,52.20000000000047,6037.0,1.0
P_1-2_6013,P_1-1-pt_4901,32.700000000000195,6037.0,1.0
P_1-2_6013,P_1-1-pt_1226,86.39999999999937,6037.0,1.0
P_1-2_6013,P_1-1-pt_2529,49.50000000000043,6037.0,1.0
P_1-2_6013,P_1-2_250,32.100000000000186,6037.0,1.0
P_1-2_6013,P_1-1-pt_255,60.30000000000059,6037.0,1.0
P_1-3_4944,P_1-2_2702,739.3000000000995,6028.0,1.0
P_1-3_4944,P_2-1_6274,442.70000000003216,6028.0,1.0
P_1-3_809,P_1-2_960,47.90000000000041,6025.0,1.0
P_1-3_809,P_1-2_1265,47.90000000000041,6025.0,1.0
P_1-3_809,P_1-2_4065,386.00000000001927,6025.0,1.0
P_1-3_809,P_1-2_1953,1927.5999999993423,6025.0,1.0
P_1-1-pt_8682,P_1-1-pt_1714,83.09999999999955,6024.0,1.0
P_1-1-pt_8682,P_1-3_2454,45.80000000000038,6024.0,1.0
P_1-1-pt_8682,P_1-2_2287,44.90000000000037,6024.0,1.0
P_1-1-pt_8682,P_1-3_3834,45.20000000000037,6024.0,1.0
P_1-1-pt_8682,P_1-3_1785,45.300000000000374,6024.0,1.0
P_1-1-pt_8682,P_1-2_2554,45.400000000000375,6024.0,1.0
P_1-1-pt_8682,P_1-2_3280,45.300000000000374,6024.0,1.0
P_1-1-pt_8682,P_1-3_3046,45.300000000000374,6024.0,1.0
P_1-1-pt_8682,P_1-3_3457,45.400000000000375,6024.0,1.0
P_1-1-pt_8682,P_1-1-veh_234,100.59999999999856,6024.0,1.0
P_1-1-pt_8682,P_1-3_2053,45.00000000000037,6024.0,1.0
P_1-1-pt_8682,P_1-2_5951,45.00000000000037,6024.0,1.0
P_1-1-pt_8682,P_1-1-pt_5078,85.49999999999942,6024.0,1.0
P_1-1-pt_8682,P_1-3_4690,45.300000000000374,6024.0,1.0
P_1-1-pt_8682,P_1-1-pt_4901,59.400000000000574,6024.0,1.0
P_1-1-pt_8682,P_1-1-pt_4966,188.99999999999355,6024.0,1.0
P_1-1-pt_8682,P_1-2_1596,56.20000000000053,6024.0,1.0
P_1-1-pt_8682,P_1-1-pt_7080,52.500000000000476,6024.0,1.0
P_1-1-pt_8682,P_1-2_3389,50.20000000000044,6024.0,1.0
P_1-1-pt_8682,P_1-1-pt_1473,41.30000000000032,6024.0,1.0
P_1-1-pt_8682,P_1-1-pt_6297,36.80000000000025,6024.0,1.0
P_1-1-pt_8682,P_1-1-pt_7763,74.00000000000007,6024.0,1.0
P_1-2_4065,P_1-2_960,48.00000000000041,6023.0,1.0
P_1-2_4065,P_1-2_1265,48.10000000000041,6023.0,1.0
P_1-2_4065,P_1-3_809,386.00000000001927,6023.0,1.0
P_1-2_4065,P_1-2_2180,48.10000000000041,6023.0,1.0
P_1-2_4065,P_1-2_4853,31.800000000000182,6023.0,1.0
P_1-2_4065,P_2-1_6130,16.29999999999996,6023.0,1.0
P_2-1_4232,P_2-1_4930,97.29999999999875,6017.0,1.0
P_2-1_4232,P_1-1-pt_8085,167.39999999999478,6017.0,1.0
P_2-1_4232,P_1-2_829,48.00000000000041,6017.0,1.0
P_2-1_4232,P_1-1-veh_407,48.00000000000041,6017.0,1.0
P_2-1_4232,P_1-1-pt_6358,795.3000000001123,6017.0,1.0
P_2-1_4811,P_1-3_2187,133.3999999999967,6017.0,1.0
P_2-1_5799,P_2-1_6236,48.10000000000041,6017.0,0.6134286189130796
P_2-1_5799,P_1-3_5550,52.10000000000047,6017.0,0.6134286189130796
P_2-1_5799,P_1-2_2653,17.299999999999976,6017.0,0.6134286189130796
P_2-1_5799,P_1-1-pt_8982,23.800000000000068,6017.0,0.6134286189130796
P_2-1_5799,P_1-1-pt_5481,67.50000000000044,6017.0,0.6134286189130796
P_2-1_5799,P_1-2_1658,29.000000000000142,6017.0,0.6134286189130796
P_2-1_5799,P_1-1-pt_1601,49.80000000000044,6017.0,0.6134286189130796
P_2-1_5799,P_1-3_4492,522.1000000000502,6017.0,0.6134286189130796
P_1-1-pt_4966,P_1-3_3046,48.900000000000425,6016.0,1.0
P_1-1-pt_4966,P_1-3_3457,53.900000000000496,6016.0,1.0
P_1-1-pt_4966,P_1-2_5951,53.100000000000485,6016.0,1.0
P_1-1-pt_4966,P_1-1-pt_8728,51.20000000000046,6016.0,1.0
P_1-1-pt_4966,P_1-3_4690,63.40000000000063,6016.0,1.0
P_1-1-pt_4966,P_1-1-pt_5078,43.50000000000035,6016.0,1.0
P_1-1-pt_4966,P_1-1-pt_8682,188.99999999999355,6016.0,1.0
P_1-1-pt_4966,P_1-2_505,150.79999999999572,6016.0,1.0
P_1-1-pt_4966,P_2-1_2384,173.69999999999442,6016.0,1.0
P_1-1-pt_4966,P_1-2_3389,45.70000000000038,6016.0,1.0
P_1-1-pt_1601,P_1-2_4715,11.699999999999974,6011.0,0.622192646814174
P_1-1-pt_1601,P_1-2_2653,12.99999999999997,6011.0,0.622192646814174
P_1-1-pt_1601,P_1-1-pt_6355,68.80000000000037,6011.0,0.622192646814174
P_1-1-pt_1601,P_1-2_4454,59.500000000000576,6011.0,0.622192646814174
P_1-1-pt_1601,P_1-1-pt_2431,42.90000000000034,6011.0,0.622192646814174
P_1-1-pt_1601,P_1-1-pt_7938,81.39999999999965,6011.0,0.622192646814174
P_1-1-pt_1601,P_1-1-pt_2844,52.70000000000048,6011.0,0.622192646814174
P_1-1-pt_1601,P_1-3_5550,62.00000000000061,6011.0,0.622192646814174
P_1-1-pt_1601,P_2-1_5799,49.80000000000044,6011.0,0.622192646814174
P_1-1-pt_1601,P_1-3_4492,50.20000000000044,6011.0,0.622192646814174
P_1-1-pt_1601,P_1-3_2528,50.70000000000045,6011.0,0.622192646814174
P_1-1-pt_1601,P_1-1-pt_2425,50.70000000000045,6011.0,0.622192646814174
P_1-1-pt_1601,P_2-1_2911,50.20000000000044,6011.0,0.622192646814174
P_1-1-pt_1601,P_1-2_1285,50.00000000000044,6011.0,0.622192646814174
P_1-1-pt_1601,P_2-1_842,49.20000000000043,6011.0,0.622192646814174
P_1-1-pt_1601,P_1-3_5451,51.60000000000046,6011.0,0.622192646814174
P_1-1-pt_1601,P_1-3_1140,27.50000000000012,6011.0,0.622192646814174
P_1-1-pt_2718,P_1-2_5252,45.400000000000375,6006.0,1.0
P_1-1-pt_2718,P_1-3_5117,45.80000000000038,6006.0,1.0
P_1-1-pt_2718,P_1-2_2183,45.300000000000374,6006.0,1.0
P_1-1-pt_2718,P_1-3_5537,45.10000000000037,6006.0,1.0
P_1-2_1596,P_1-3_4168,232.1999999999911,5995.0,1.0
P_1-2_1596,P_1-1-veh_105,48.00000000000041,5995.0,1.0
P_1-2_1596,P_1-2_2554,48.00000000000041,5995.0,1.0
P_1-2_1596,P_1-1-veh_234,50.70000000000045,5995.0,1.0
P_1-2_1596,P_1-3_2053,48.10000000000041,5995.0,1.0
P_1-2_1596,P_1-2_5951,48.40000000000042,5995.0,1.0
P_1-2_1596,P_1-1-pt_6297,45.20000000000037,5995.0,1.0
P_1-2_1596,P_1-1-pt_5199,44.80000000000037,5995.0,1.0
P_1-2_1596,P_1-3_4690,49.90000000000044,5995.0,1.0
P_1-2_1596,P_1-1-pt_4901,52.20000000000047,5995.0,1.0
P_1-2_1596,P_1-1-pt_8682,56.20000000000053,5995.0,1.0
P_1-2_1596,P_1-2_1255,45.90000000000038,5995.0,1.0
P_1-2_1596,P_1-1-pt_2503,76.29999999999994,5995.0,1.0
P_1-1-pt_5997,P_1-1-pt_530,38.80000000000028,5988.0,0.6068804275217101
P_1-1-pt_5997,P_1-2_5252,45.300000000000374,5988.0,0.6068804275217101
P_1-1-pt_5997,P_1-2_4249,23.30000000000006,5988.0,0.6068804275217101
P_1-1-pt_5997,P_1-3_1571,51.800000000000466,5988.0,0.6068804275217101
P_1-1-pt_5997,P_1-3_5117,58.700000000000564,5988.0,0.6068804275217101
P_1-1-pt_5997,P_1-2_2183,45.20000000000037,5988.0,0.6068804275217101
P_1-1-pt_5997,P_1-1-pt_5913,24.900000000000084,5988.0,0.6068804275217101
P_1-1-pt_5997,P_1-3_5537,45.50000000000038,5988.0,0.6068804275217101
P_1-1-pt_5997,P_1-2_1640,26.500000000000107,5988.0,0.6068804275217101
P_1-1-pt_5997,P_1-2_5641,19.80000000000001,5988.0,0.6068804275217101
P_1-1-pt_5997,P_1-1-pt_8611,1429.999999999795,5988.0,0.6068804275217101
P_1-1-pt_5997,P_1-1-pt_394,1250.3999999999583,5988.0,0.6068804275217101
P_1-1-pt_5997,P_1-1-pt_4541,1212.8999999999924,5988.0,0.6068804275217101
P_2-1_5450,P_2-1_3136,254.09999999998985,5987.0,1.0
P_1-3_4025,P_1-2_1494,47.80000000000041,5986.0,1.0
P_1-3_4025,P_2-1_600,48.00000000000041,5986.0,1.0
P_1-3_4025,P_1-2_2180,48.00000000000041,5986.0,1.0
P_1-3_4025,P_1-2_3879,24.500000000000078,5986.0,1.0
P_1-3_4025,P_1-3_2773,30.400000000000162,5986.0,1.0
P_1-3_4025,P_1-3_4262,48.00000000000041,5986.0,1.0
P_1-3_4025,P_1-3_5144,52.80000000000048,5986.0,1.0
P_1-3_4025,P_1-3_2786,60.40000000000059,5986.0,1.0
P_1-3_4025,P_1-3_5475,51.700000000000465,5986.0,1.0
P_1-1-pt_6453,P_1-1-pt_3489,50.00000000000044,5976.0,0.536813922356091
P_1-1-pt_6453,P_1-1-pt_2013,21.500000000000036,5976.0,0.536813922356091
P_1-1-pt_6453,P_1-1-pt_3409,49.000000000000426,5976.0,0.536813922356091
P_1-1-pt_6453,P_1-1-pt_3624,22.000000000000043,5976.0,0.536813922356091
P_1-1-pt_6453,P_2-1_3764,53.30000000000049,5976.0,0.536813922356091
P_1-1-pt_6453,P_2-1_2925,53.40000000000049,5976.0,0.536813922356091
P_1-1-pt_6453,P_1-2_4940,2468.99999999885,5976.0,0.536813922356091
P_1-1-pt_6453,P_1-1-pt_8728,53.50000000000049,5976.0,0.536813922356091
P_1-1-pt_6453,P_1-2_303,12.99999999999997,5976.0,0.536813922356091
P_1-1-pt_6453,P_1-1-pt_6413,52.400000000000475,5976.0,0.536813922356091
P_1-1-pt_6453,P_1-1-pt_494,29.400000000000148,5976.0,0.536813922356091
P_1-1-pt_6453,P_1-1-pt_2162,53.40000000000049,5976.0,0.536813922356091
P_1-1-pt_6453,P_1-1-pt_4996,17.49999999999998,5976.0,0.536813922356091
P_1-1-pt_6453,P_1-1-pt_1270,52.400000000000475,5976.0,0.536813922356091
P_1-1-pt_6453,P_1-1-pt_7863,53.00000000000048,5976.0,0.536813922356091
P_1-1-pt_6453,P_1-1-pt_8545,51.40000000000046,5976.0,0.536813922356091
P_1-1-pt_6453,P_1-1-pt_5193,51.50000000000046,5976.0,0.536813922356091
P_1-1-pt_6453,P_1-1-pt_7325,52.80000000000048,5976.0,0.536813922356091
P_1-1-pt_6453,P_2-1_63,77.69999999999986,5976.0,0.536813922356091
P_1-1-pt_6453,P_1-2_1612,147.4999999999959,5976.0,0.536813922356091
P_1-1-pt_6453,P_1-1-veh_105,70.10000000000029,5976.0,0.536813922356091
P_1-1-pt_6453,P_1-2_2554,43.60000000000035,5976.0,0.536813922356091
P_1-1-pt_6453,P_1-2_1203,86.19999999999938,5976.0,0.536813922356091
P_1-1-pt_8085,P_1-3_1140,596.6000000000671,5972.0,1.0
P_1-1-pt_8085,P_1-2_1285,19.80000000000001,5972.0,1.0
P_1-1-pt_8085,P_1-3_5451,985.6000000001555,5972.0,1.0
P_1-1-pt_8085,P_2-1_4930,53.70000000000049,5972.0,1.0
P_1-1-pt_8085,P_2-1_4232,167.39999999999478,5972.0,1.0
P_1-1-pt_8085,P_2-1_5552,47.500000000000405,5972.0,1.0
P_1-1-pt_8085,P_1-2_4955,99.49999999999862,5972.0,1.0
P_1-1-pt_8085,P_1-2_2061,96.99999999999876,5972.0,1.0
P_1-1-pt_8085,P_1-1-pt_841,1721.7999999995295,5972.0,1.0
P_1-3_403,P_1-1-pt_1121,80.4999999999997,5970.0,0.7333333333333333
P_1-3_403,P_1-2_2702,33.2000000000002,5970.0,0.7333333333333333
P_1-3_403,P_1-2_1203,43.80000000000035,5970.0,0.7333333333333333
P_1-3_403,P_1-2_2554,47.70000000000041,5970.0,0.7333333333333333
P_1-3_403,P_1-3_2323,74.00000000000007,5970.0,0.7333333333333333
P_1-3_403,P_1-3_528,76.29999999999994,5970.0,0.7333333333333333
P_1-1-pt_571,P_1-1-pt_2503,48.50000000000042,5967.0,0.5709736886207475
P_1-1-pt_571,P_1-1-pt_3207,54.600000000000506,5967.0,0.5709736886207475
P_1-1-pt_571,P_1-1-pt_3409,52.70000000000048,5967.0,0.5709736886207475
P_1-1-pt_571,P_1-1-pt_2369,201.19999999999285,5967.0,0.5709736886207475
P_1-1-pt_571,P_1-1-pt_521,108.89999999999809,5967.0,0.5709736886207475
P_1-1-pt_571,P_1-1-pt_8280,109.59999999999805,5967.0,0.5709736886207475
P_1-1-pt_571,P_1-1-pt_5666,104.49999999999834,5967.0,0.5709736886207475
P_1-1-pt_571,P_1-1-pt_8728,56.50000000000053,5967.0,0.5709736886207475
P_1-1-pt_571,P_1-1-veh_610,25.800000000000097,5967.0,0.5709736886207475
P_1-1-pt_571,P_1-3_3245,77.29999999999988,5967.0,0.5709736886207475
P_1-1-pt_571,P_1-1-pt_4736,127.999999999997,5967.0,0.5709736886207475
P_1-1-pt_571,P_1-1-pt_7208,60.900000000000595,5967.0,0.5709736886207475
P_1-1-pt_571,P_1-2_250,55.50000000000052,5967.0,0.5709736886207475
P_1-1-pt_571,P_1-1-pt_2880,51.60000000000046,5967.0,0.5709736886207475
P_1-1-pt_571,P_1-1-pt_6743,52.00000000000047,5967.0,0.5709736886207475
P_1-1-pt_571,P_1-1-pt_3230,5942.000000004085,5967.0,0.5709736886207475
P_1-2_3692,P_1-1-pt_5897,39.20000000000029,5961.0,1.0
P_1-2_3692,P_1-1-pt_1304,43.70000000000035,5961.0,1.0
P_1-2_3692,P_1-1-pt_3571,41.200000000000315,5961.0,1.0
P_1-2_3692,P_1-1-pt_5115,51.50000000000046,5961.0,1.0
P_1-1-pt_7863,P_1-1-pt_1304,79.49999999999976,5960.0,0.7753355704697986
P_1-1-pt_7863,P_1-1-pt_5193,31.70000000000018,5960.0,0.7753355704697986
P_1-1-pt_7863,P_1-1-pt_3275,55.300000000000516,5960.0,0.7753355704697986
P_1-1-pt_7863,P_1-1-pt_1560,55.50000000000052,5960.0,0.7753355704697986
P_1-1-pt_7863,P_1-1-pt_1966,56.000000000000526,5960.0,0.7753355704697986
P_1-1-pt_7863,P_1-1-pt_5906,56.40000000000053,5960.0,0.7753355704697986
P_1-1-pt_7863,P_1-1-pt_3916,62.00000000000061,5960.0,0.7753355704697986
P_1-1-pt_7863,P_1-1-pt_1226,57.80000000000055,5960.0,0.7753355704697986
P_1-1-pt_7863,P_1-1-pt_3624,53.40000000000049,5960.0,0.7753355704697986
P_1-1-pt_7863,P_1-1-veh_105,92.29999999999903,5960.0,0.7753355704697986
P_1-1-pt_7863,P_2-1_3764,54.90000000000051,5960.0,0.7753355704697986
P_1-1-pt_7863,P_2-1_2925,41.00000000000031,5960.0,0.7753355704697986
P_1-1-pt_7863,P_1-1-veh_792,165.0999999999949,5960.0,0.7753355704697986
P_1-1-pt_7863,P_2-1_63,69.10000000000035,5960.0,0.7753355704697986
P_1-1-pt_7863,P_1-2_1612,49.30000000000043,5960.0,0.7753355704697986
P_1-1-pt_7863,P_1-1-pt_6453,53.00000000000048,5960.0,0.7753355704697986
P_1-1-pt_7863,P_1-3_3245,46.20000000000039,5960.0,0.7753355704697986
P_1-1-pt_7863,P_2-1_5419,46.20000000000039,5960.0,0.7753355704697986
P_1-1-pt_7863,P_1-1-pt_8728,49.10000000000043,5960.0,0.7753355704697986
P_1-1-pt_7863,P_1-2_4483,49.20000000000043,5960.0,0.7753355704697986
P_1-1-pt_7863,P_1-1-pt_2162,12.099999999999973,5960.0,0.7753355704697986
P_1-2_2034,P_1-2_3693,48.40000000000042,5960.0,1.0
P_1-2_2034,P_1-3_990,13.599999999999968,5960.0,1.0
P_1-2_2034,P_1-1-pt_654,56.90000000000054,5960.0,1.0
P_2-1_2045,P_1-3_2018,65.80000000000054,5957.0,0.9914386436125566
P_2-1_2045,P_1-2_5640,48.10000000000041,5957.0,0.9914386436125566
P_2-1_2045,P_1-2_568,49.40000000000043,5957.0,0.9914386436125566
P_2-1_2045,P_1-1-pt_1037,7.799999999999988,5957.0,0.9914386436125566
P_2-1_2045,P_1-1-pt_5324,78.09999999999984,5957.0,0.9914386436125566
P_2-1_2045,P_1-3_990,31.100000000000172,5957.0,0.9914386436125566
P_2-1_2045,P_1-3_5334,17.099999999999973,5957.0,0.9914386436125566
P_2-1_2045,P_1-1-pt_3927,22.300000000000047,5957.0,0.9914386436125566
P_2-1_2045,P_1-2_2345,95.99999999999882,5957.0,0.9914386436125566
P_2-1_2045,P_1-1-pt_1298,44.700000000000365,5957.0,0.9914386436125566
P_2-1_2045,P_1-2_4019,13.599999999999968,5957.0,0.9914386436125566
P_1-3_234,P_1-3_4663,47.70000000000041,5948.0,1.0
P_1-3_234,P_1-2_1658,47.90000000000041,5948.0,1.0
P_1-3_234,P_1-3_4881,47.70000000000041,5948.0,1.0
P_1-3_234,P_1-3_28,82.09999999999961,5948.0,1.0
P_1-3_234,P_2-1_4267,47.90000000000041,5948.0,1.0
P_1-3_234,P_2-1_3390,47.90000000000041,5948.0,1.0
P_1-3_234,P_1-2_3879,34.30000000000022,5948.0,1.0
P_1-3_234,P_2-1_1463,81.49999999999964,5948.0,1.0
P_1-3_234,P_1-3_2773,39.9000000000003,5948.0,1.0
P_1-3_234,P_2-1_499,58.90000000000057,5948.0,1.0
P_1-3_234,P_2-1_804,51.30000000000046,5948.0,1.0
P_1-3_234,P_2-1_213,47.80000000000041,5948.0,1.0
P_1-1-pt_3230,P_1-1-pt_2503,48.80000000000042,5943.0,0.7933703516742386
P_1-1-pt_3230,P_1-1-pt_3409,54.600000000000506,5943.0,0.7933703516742386
P_1-1-pt_3230,P_1-1-pt_2369,202.1999999999928,5943.0,0.7933703516742386
P_1-1-pt_3230,P_1-1-pt_521,111.59999999999793,5943.0,0.7933703516742386
P_1-1-pt_3230,P_1-1-pt_8280,109.39999999999806,5943.0,0.7933703516742386
P_1-1-pt_3230,P_1-1-pt_3207,54.70000000000051,5943.0,0.7933703516742386
P_1-1-pt_3230,P_1-1-pt_5666,103.89999999999837,5943.0,0.7933703516742386
P_1-1-pt_3230,P_1-1-pt_8728,50.400000000000446,5943.0,0.7933703516742386
P_1-1-pt_3230,P_1-1-veh_610,25.30000000000009,5943.0,0.7933703516742386
P_1-1-pt_3230,P_1-3_3245,114.59999999999776,5943.0,0.7933703516742386
P_1-1-pt_3230,P_1-1-pt_4736,133.4999999999967,5943.0,0.7933703516742386
P_1-1-pt_3230,P_1-1-pt_7208,60.100000000000584,5943.0,0.7933703516742386
P_1-1-pt_3230,P_1-2_250,53.00000000000048,5943.0,0.7933703516742386
P_1-1-pt_3230,P_1-1-pt_2880,51.800000000000466,5943.0,0.7933703516742386
P_1-1-pt_3230,P_1-1-pt_6743,51.60000000000046,5943.0,0.7933703516742386
P_1-1-pt_3230,P_1-1-pt_571,5942.000000004085,5943.0,0.7933703516742386
P_1-3_3253,P_1-2_4634,200.79999999999288,5941.0,0.6392863154351119
P_1-3_3253,P_1-3_4775,158.99999999999525,5941.0,0.6392863154351119
P_1-3_3253,P_1-3_2410,101.5999999999985,5941.0,0.6392863154351119
P_1-3_3253,P_1-3_2018,104.19999999999835,5941.0,0.6392863154351119
P_1-3_3253,P_1-3_2633,180.69999999999402,5941.0,0.6392863154351119
P_1-3_3253,P_1-2_5210,110.499999999998,5941.0,0.6392863154351119
P_1-3_3253,P_1-2_573,102.69999999999844,5941.0,0.6392863154351119
P_1-3_3253,P_1-3_4954,103.09999999999842,5941.0,0.6392863154351119
P_1-3_3253,P_1-3_4875,118.89999999999752,5941.0,0.6392863154351119
P_1-3_3253,P_1-3_3410,306.2000000000011,5941.0,0.6392863154351119
P_1-3_4253,P_1-1-pt_7959,4554.199999999037,5941.0,0.8789766032654436
P_1-3_4253,P_1-3_5020,47.90000000000041,5941.0,0.8789766032654436
P_1-3_4253,P_1-1-pt_6381,45.300000000000374,5941.0,0.8789766032654436
P_1-3_4253,P_1-1-pt_7277,44.80000000000037,5941.0,0.8789766032654436
P_1-3_4253,P_2-1_2293,47.90000000000041,5941.0,0.8789766032654436
P_1-3_4253,P_1-1-pt_1669,33.90000000000021,5941.0,0.8789766032654436
P_1-3_4253,P_1-2_163,48.50000000000042,5941.0,0.8789766032654436
P_1-2_1219,P_1-2_1640,48.00000000000041,5938.0,0.6732906702593466
P_1-2_1219,P_1-2_5641,48.00000000000041,5938.0,0.6732906702593466
P_1-2_1219,P_1-3_547,48.200000000000415,5938.0,0.6732906702593466
P_1-2_1219,P_1-2_315,154.8999999999955,5938.0,0.6732906702593466
P_1-2_1219,P_1-2_593,20.000000000000014,5938.0,0.6732906702593466
P_1-3_5144,P_2-1_3764,38.90000000000028,5937.0,0.5662792656223682
P_1-3_5144,P_2-1_63,38.90000000000028,5937.0,0.5662792656223682
P_1-3_5144,P_1-2_1612,38.80000000000028,5937.0,0.5662792656223682
P_1-3_5144,P_1-2_1255,38.90000000000028,5937.0,0.5662792656223682
P_1-3_5144,P_1-3_3245,62.10000000000061,5937.0,0.5662792656223682
P_1-3_5144,P_2-1_5067,48.200000000000415,5937.0,0.5662792656223682
P_1-3_5144,P_1-3_4663,50.80000000000045,5937.0,0.5662792656223682
P_1-3_5144,P_1-2_1658,59.30000000000057,5937.0,0.5662792656223682
P_1-3_5144,P_1-3_4881,84.99999999999945,5937.0,0.5662792656223682
P_1-3_5144,P_1-2_5543,83.69999999999952,5937.0,0.5662792656223682
P_1-3_5144,P_1-3_4025,52.80000000000048,5937.0,0.5662792656223682
P_1-3_5144,P_2-1_4267,48.200000000000415,5937.0,0.5662792656223682
P_1-3_5144,P_2-1_3390,48.10000000000041,5937.0,0.5662792656223682
P_1-3_5144,P_2-1_600,26.70000000000011,5937.0,0.5662792656223682
P_1-3_5144,P_1-2_5765,31.00000000000017,5937.0,0.5662792656223682
P_1-3_5144,P_2-1_1463,48.10000000000041,5937.0,0.5662792656223682
P_1-3_5144,P_2-1_4788,47.90000000000041,5937.0,0.5662792656223682
P_1-3_5144,P_2-1_499,48.00000000000041,5937.0,0.5662792656223682
P_1-3_5144,P_2-1_804,48.00000000000041,5937.0,0.5662792656223682
P_1-3_5144,P_1-2_4376,35.10000000000023,5937.0,0.5662792656223682
P_1-3_5144,P_1-3_1676,34.200000000000216,5937.0,0.5662792656223682
P_1-3_5144,P_2-1_213,48.00000000000041,5937.0,0.5662792656223682
P_1-3_2280,P_1-2_4249,31.400000000000176,5935.0,1.0
P_1-3_2280,P_1-2_2473,47.90000000000041,5935.0,1.0
P_1-3_2280,P_1-3_1945,47.80000000000041,5935.0,1.0
P_1-3_2280,P_1-2_3702,48.00000000000041,5935.0,1.0
P_1-3_2280,P_1-2_848,47.600000000000406,5935.0,1.0
P_1-3_2280,P_1-1-pt_8692,46.30000000000039,5935.0,1.0
P_1-3_2280,P_1-1-veh_459,51.20000000000046,5935.0,1.0
P_1-3_2280,P_1-2_104,27.200000000000117,5935.0,1.0
P_1-3_2280,P_1-2_4962,17.099999999999973,5935.0,1.0
P_1-1-pt_6273,P_1-3_3494,43.60000000000035,5933.0,1.0
P_1-1-pt_6273,P_1-1-pt_7080,38.400000000000276,5933.0,1.0
P_1-1-pt_6273,P_1-1-veh_792,43.80000000000035,5933.0,1.0
P_1-1-pt_6273,P_1-1-pt_7763,52.90000000000048,5933.0,1.0
P_1-1-pt_6273,P_1-3_528,93.39999999999897,5933.0,1.0
P_1-1-pt_6273,P_1-2_2554,40.60000000000031,5933.0,1.0
P_1-1-pt_6273,P_1-1-pt_7760,91.99999999999905,5933.0,1.0
P_1-1-pt_6273,P_1-3_2323,171.29999999999455,5933.0,1.0
P_1-3_2528,P_1-2_5020,42.90000000000034,5932.0,0.6732973701955496
P_1-3_2528,P_2-1_842,32.60000000000019,5932.0,0.6732973701955496
P_1-3_2528,P_2-1_2987,14.099999999999966,5932.0,0.6732973701955496
P_1-3_2528,P_1-2_5927,27.600000000000122,5932.0,0.6732973701955496
P_1-3_2528,P_1-2_3214,14.099999999999966,5932.0,0.6732973701955496
P_1-3_2528,P_1-1-pt_3353,107.19999999999818,5932.0,0.6732973701955496
P_1-3_2528,P_1-2_4715,11.399999999999975,5932.0,0.6732973701955496
P_1-3_2528,P_1-2_2653,40.500000000000306,5932.0,0.6732973701955496
P_1-3_2528,P_1-2_4454,11.199999999999976,5932.0,0.6732973701955496
P_1-3_2528,P_1-2_3590,11.299999999999976,5932.0,0.6732973701955496
P_1-3_2528,P_1-2_1658,27.100000000000115,5932.0,0.6732973701955496
P_1-3_2528,P_1-1-pt_1601,50.70000000000045,5932.0,0.6732973701955496
P_2-1_2028,P_1-2_5752,1362.0999999998567,5930.0,0.6632377740303541
P_2-1_2028,P_1-2_3464,366.0000000000147,5930.0,0.6632377740303541
P_2-1_2028,P_1-2_3821,329.5000000000064,5930.0,0.6632377740303541
P_2-1_2028,P_1-2_2797,316.00000000000335,5930.0,0.6632377740303541
P_2-1_2028,P_1-2_2580,309.80000000000194,5930.0,0.6632377740303541
P_2-1_2028,P_1-1-veh_837,308.50000000000165,5930.0,0.6632377740303541
P_2-1_2028,P_1-3_4738,307.9000000000015,5930.0,0.6632377740303541
P_1-1-pt_7104,P_1-2_2030,741.0000000000999,5929.0,0.922077922077922
P_1-1-pt_7104,P_2-1_3376,2766.4999999985794,5929.0,0.922077922077922
P_1-1-pt_7104,P_2-1_6256,642.5000000000775,5929.0,0.922077922077922
P_1-1-pt_7104,P_1-2_3908,668.6000000000835,5929.0,0.922077922077922
P_1-1-pt_7104,P_2-1_5435,642.7000000000776,5929.0,0.922077922077922
P_1-1-pt_7104,P_1-2_4607,643.1000000000777,5929.0,0.922077922077922
P_1-1-pt_7104,P_2-1_4331,643.9000000000779,5929.0,0.922077922077922
P_1-1-pt_7104,P_1-2_4886,2646.7999999986882,5929.0,0.922077922077922
P_1-1-pt_7104,P_1-2_2229,3842.6999999976006,5929.0,0.922077922077922
P_1-1-pt_3595,P_1-1-pt_5913,161.99999999999508,5921.0,1.0
P_1-1-pt_3595,P_1-1-pt_8692,28.700000000000138,5921.0,1.0
P_1-1-pt_3595,P_1-1-veh_459,9.499999999999982,5921.0,1.0
P_1-1-pt_3595,P_1-1-pt_8247,39.100000000000286,5921.0,1.0
P_1-2_4886,P_1-2_2030,705.2000000000918,5921.0,0.7899003546698193
P_1-2_4886,P_2-1_3376,697.6000000000901,5921.0,0.7899003546698193
P_1-2_4886,P_2-1_6256,696.1000000000897,5921.0,0.7899003546698193
P_1-2_4886,P_1-2_3908,697.8000000000901,5921.0,0.7899003546698193
P_1-2_4886,P_2-1_5435,698.3000000000902,5921.0,0.7899003546698193
P_1-2_4886,P_1-2_4607,648.6000000000789,5921.0,0.7899003546698193
P_1-2_4886,P_2-1_4331,666.600000000083,5921.0,0.7899003546698193
P_1-2_4886,P_1-1-pt_7104,2646.7999999986882,5921.0,0.7899003546698193
P_1-2_4886,P_1-2_2229,5920.000000004005,5921.0,0.7899003546698193
P_1-2_2653,P_1-2_171,30.800000000000168,5917.0,1.0
P_1-2_2653,P_1-2_4285,27.600000000000122,5917.0,1.0
P_1-2_2653,P_1-1-pt_4380,12.99999999999997,5917.0,1.0
P_1-2_2653,P_1-1-pt_1601,12.99999999999997,5917.0,1.0
P_1-2_2653,P_1-1-pt_3931,50.60000000000045,5917.0,1.0
P_1-2_2653,P_2-1_6236,22.000000000000043,5917.0,1.0
P_1-2_2653,P_1-2_1948,22.100000000000044,5917.0,1.0
P_1-2_2653,P_1-3_5550,18.499999999999993,5917.0,1.0
P_1-2_2653,P_2-1_5799,17.299999999999976,5917.0,1.0
P_1-2_2653,P_1-3_4492,22.40000000000005,5917.0,1.0
P_1-2_2653,P_1-3_2528,40.500000000000306,5917.0,1.0
P_1-2_2653,P_1-1-pt_3353,51.60000000000046,5917.0,1.0
P_1-2_2653,P_2-1_2911,27.600000000000122,5917.0,1.0
P_1-2_2653,P_1-1-pt_2425,37.90000000000027,5917.0,1.0
P_1-2_2653,P_1-2_1285,30.800000000000168,5917.0,1.0
P_1-2_2653,P_2-1_842,32.000000000000185,5917.0,1.0
P_1-2_2653,P_1-3_5451,42.00000000000033,5917.0,1.0
P_1-2_2653,P_1-3_1140,18.599999999999994,5917.0,1.0
P_1-2_2653,P_1-2_4955,32.50000000000019,5917.0,1.0
P_1-2_2653,P_1-2_2061,32.000000000000185,5917.0,1.0
P_1-2_2653,P_1-1-pt_2342,14.899999999999963,5917.0,1.0
P_1-2_2653,P_1-1-pt_3800,54.90000000000051,5917.0,1.0
P_1-1-pt_1121,P_1-1-pt_6031,55.900000000000524,5916.0,1.0
P_1-1-pt_1121,P_1-1-pt_3275,66.90000000000047,5916.0,1.0
P_1-1-pt_1121,P_1-3_403,80.4999999999997,5916.0,1.0
P_1-1-pt_1121,P_1-3_2643,7.799999999999988,5916.0,1.0
P_1-1-pt_1121,P_1-3_1324,6.399999999999993,5916.0,1.0
P_1-1-pt_1121,P_1-1-pt_2808,38.50000000000028,5916.0,1.0
P_1-1-pt_1121,P_1-3_3536,51.000000000000455,5916.0,1.0
P_1-1-pt_1121,P_1-3_5123,51.000000000000455,5916.0,1.0
P_1-1-pt_1121,P_1-1-pt_977,45.80000000000038,5916.0,1.0
P_1-1-pt_1121,P_1-1-pt_2606,55.60000000000052,5916.0,1.0
P_1-1-pt_1121,P_1-2_2875,34.900000000000226,5916.0,1.0
P_2-1_804,P_2-1_499,3053.999999998318,5915.0,0.5923922231614539
P_2-1_804,P_1-3_268,48.10000000000041,5915.0,0.5923922231614539
P_2-1_804,P_1-3_28,49.000000000000426,5915.0,0.5923922231614539
P_2-1_804,P_1-3_234,51.30000000000046,5915.0,0.5923922231614539
P_2-1_804,P_1-2_3879,85.7999999999994,5915.0,0.5923922231614539
P_2-1_804,P_1-3_2773,62.70000000000062,5915.0,0.5923922231614539
P_2-1_804,P_1-3_4262,47.600000000000406,5915.0,0.5923922231614539
P_2-1_804,P_1-2_5369,30.500000000000163,5915.0,0.5923922231614539
P_2-1_804,P_1-2_4376,48.10000000000041,5915.0,0.5923922231614539
P_2-1_804,P_1-3_1676,48.10000000000041,5915.0,0.5923922231614539
P_2-1_804,P_1-3_5144,48.00000000000041,5915.0,0.5923922231614539
P_2-1_804,P_1-3_2786,49.000000000000426,5915.0,0.5923922231614539
P_2-1_804,P_1-3_5475,48.10000000000041,5915.0,0.5923922231614539
P_2-1_804,P_1-2_4853,52.20000000000047,5915.0,0.5923922231614539
P_2-1_804,P_2-1_6130,50.90000000000045,5915.0,0.5923922231614539
P_2-1_842,P_1-2_1948,33.400000000000205,5914.0,1.0
P_2-1_842,P_1-3_4492,32.40000000000019,5914.0,1.0
P_2-1_842,P_1-3_2528,32.60000000000019,5914.0,1.0
P_2-1_842,P_1-1-pt_841,96.59999999999879,5914.0,1.0
P_2-1_842,P_1-2_5927,34.900000000000226,5914.0,1.0
P_2-1_842,P_1-2_3214,27.100000000000115,5914.0,1.0
P_2-1_842,P_1-2_4715,25.800000000000097,5914.0,1.0
P_2-1_842,P_1-2_2653,32.000000000000185,5914.0,1.0
P_2-1_842,P_1-1-pt_2770,11.699999999999974,5914.0,1.0
P_2-1_842,P_1-1-pt_6355,11.999999999999973,5914.0,1.0
P_2-1_842,P_1-2_4454,26.300000000000104,5914.0,1.0
P_2-1_842,P_1-2_3590,26.400000000000105,5914.0,1.0
P_2-1_842,P_1-1-pt_8982,27.200000000000117,5914.0,1.0
P_2-1_842,P_1-1-pt_8969,11.699999999999974,5914.0,1.0
P_2-1_842,P_1-2_1658,34.70000000000022,5914.0,1.0
P_2-1_842,P_1-1-pt_1601,49.20000000000043,5914.0,1.0
P_1-1-pt_3067,P_1-1-veh_234,26.80000000000011,5913.0,1.0
P_1-1-pt_3067,P_1-3_1785,42.30000000000033,5913.0,1.0
P_1-1-pt_3067,P_1-1-pt_3386,55.40000000000052,5913.0,1.0
P_1-1-pt_3067,P_1-1-pt_2606,686.8000000000876,5913.0,1.0
P_1-1-pt_3067,P_1-3_528,70.70000000000026,5913.0,1.0
P_1-1-pt_3067,P_1-1-pt_761,128.199999999997,5913.0,1.0
P_1-1-pt_3067,P_1-1-pt_3097,112.39999999999789,5913.0,1.0
P_1-1-pt_3067,P_1-1-pt_2834,87.79999999999929,5913.0,1.0
P_1-1-pt_3067,P_1-1-pt_6297,145.999999999996,5913.0,1.0
P_1-1-pt_3067,P_1-1-pt_5199,114.09999999999779,5913.0,1.0
P_1-1-pt_3067,P_1-3_2955,100.09999999999859,5913.0,1.0
P_1-1-pt_3067,P_1-1-pt_6931,92.09999999999904,5913.0,1.0
P_1-1-pt_3067,P_1-1-pt_4996,56.20000000000053,5913.0,1.0
P_1-1-pt_3067,P_1-2_5252,20.900000000000027,5913.0,1.0
P_1-1-pt_3067,P_1-3_3245,30.800000000000168,5913.0,1.0
P_1-1-pt_3571,P_1-1-pt_5897,3.3000000000000016,5912.0,1.0
P_1-1-pt_3571,P_1-1-pt_1304,38.80000000000028,5912.0,1.0
P_1-1-pt_3571,P_1-2_3692,41.200000000000315,5912.0,1.0
P_1-1-pt_3571,P_1-1-pt_8762,52.60000000000048,5912.0,1.0
P_1-1-pt_3571,P_1-1-pt_1798,53.30000000000049,5912.0,1.0
P_1-1-pt_3571,P_1-1-pt_5298,50.20000000000044,5912.0,1.0
P_1-3_2171,P_1-3_1604,47.90000000000041,5908.0,1.0
P_1-3_2171,P_1-1-pt_6358,32.20000000000019,5908.0,1.0
P_1-3_2171,P_2-1_5067,49.50000000000043,5908.0,1.0
P_1-3_2424,P_1-3_1027,42.70000000000034,5902.0,0.5599796679091833
P_1-3_2424,P_1-1-pt_8611,51.50000000000046,5902.0,0.5599796679091833
P_1-3_2424,P_1-2_104,44.10000000000036,5902.0,0.5599796679091833
P_1-3_2424,P_1-1-pt_527,32.40000000000019,5902.0,0.5599796679091833
P_1-3_2424,P_1-2_4962,39.60000000000029,5902.0,0.5599796679091833
P_1-3_2424,P_1-2_4249,626.3000000000739,5902.0,0.5599796679091833
P_1-3_2424,P_1-2_2473,84.19999999999949,5902.0,0.5599796679091833
P_1-3_3245,P_1-3_5144,62.10000000000061,5902.0,0.39986445272788884
P_1-3_3245,P_1-1-pt_3671,18.099999999999987,5902.0,0.39986445272788884
P_1-3_3245,P_1-1-pt_5167,34.60000000000022,5902.0,0.39986445272788884
P_1-3_3245,P_1-1-pt_1747,13.799999999999967,5902.0,0.39986445272788884
P_1-3_3245,P_1-1-pt_98,16.99999999999997,5902.0,0.39986445272788884
P_1-3_3245,P_1-1-pt_6974,37.30000000000026,5902.0,0.39986445272788884
P_1-3_3245,P_1-1-pt_2880,74.30000000000005,5902.0,0.39986445272788884
P_1-3_3245,P_1-1-pt_3858,44.000000000000355,5902.0,0.39986445272788884
P_1-3_3245,P_1-1-pt_571,77.29999999999988,5902.0,0.39986445272788884
P_1-3_3245,P_1-1-pt_3230,114.59999999999776,5902.0,0.39986445272788884
P_1-3_3245,P_1-1-pt_7573,23.700000000000067,5902.0,0.39986445272788884
P_1-3_3245,P_1-1-veh_767,14.099999999999966,5902.0,0.39986445272788884
P_1-3_3245,P_1-2_303,27.600000000000122,5902.0,0.39986445272788884
P_1-3_3245,P_1-1-pt_6413,52.80000000000048,5902.0,0.39986445272788884
P_1-3_3245,P_1-1-pt_494,28.90000000000014,5902.0,0.39986445272788884
P_1-3_3245,P_1-1-pt_2162,51.50000000000046,5902.0,0.39986445272788884
P_1-3_3245,P_1-1-pt_4996,10.899999999999977,5902.0,0.39986445272788884
P_1-3_3245,P_1-1-pt_3409,50.10000000000044,5902.0,0.39986445272788884
P_1-3_3245,P_1-1-pt_1270,52.00000000000047,5902.0,0.39986445272788884
P_1-3_3245,P_1-1-pt_1473,25.30000000000009,5902.0,0.39986445272788884
P_1-3_3245,P_1-1-pt_7863,46.20000000000039,5902.0,0.39986445272788884
P_1-3_3245,P_1-1-pt_8545,45.300000000000374,5902.0,0.39986445272788884
P_1-3_3245,P_1-1-pt_5193,45.20000000000037,5902.0,0.39986445272788884
P_1-3_3245,P_1-1-pt_7325,65.30000000000057,5902.0,0.39986445272788884
P_1-3_3245,P_1-1-pt_3067,30.800000000000168,5902.0,0.39986445272788884
P_1-3_3245,P_1-1-pt_6297,173.9999999999944,5902.0,0.39986445272788884
P_1-1-pt_0,P_1-3_4666,31.60000000000018,5898.0,1.0
P_1-1-pt_0,P_1-3_3579,117.69999999999759,5898.0,1.0
P_1-1-pt_0,P_1-1-pt_1473,72.50000000000016,5898.0,1.0
P_1-1-pt_0,P_1-1-pt_6031,90.19999999999915,5898.0,1.0
P_1-1-pt_2880,P_1-1-pt_521,208.39999999999245,5898.0,0.7739911834520177
P_1-1-pt_2880,P_1-1-pt_8280,164.39999999999495,5898.0,0.7739911834520177
P_1-1-pt_2880,P_1-1-pt_4262,45.80000000000038,5898.0,0.7739911834520177
P_1-1-pt_2880,P_1-1-pt_3207,236.09999999999087,5898.0,0.7739911834520177
P_1-1-pt_2880,P_1-1-pt_2369,54.3000000000005,5898.0,0.7739911834520177
P_1-1-pt_2880,P_1-1-pt_4879,71.10000000000024,5898.0,0.7739911834520177
P_1-1-pt_2880,P_1-1-pt_6974,562.5000000000593,5898.0,0.7739911834520177
P_1-1-pt_2880,P_1-1-pt_5167,353.00000000001177,5898.0,0.7739911834520177
P_1-1-pt_2880,P_1-2_1612,90.9999999999991,5898.0,0.7739911834520177
P_1-1-pt_2880,P_1-1-pt_98,136.79999999999652,5898.0,0.7739911834520177
P_1-1-pt_2880,P_1-1-pt_1747,300.49999999999983,5898.0,0.7739911834520177
P_1-1-pt_2880,P_1-1-pt_3858,421.10000000002725,5898.0,0.7739911834520177
P_1-1-pt_2880,P_1-3_3245,74.30000000000005,5898.0,0.7739911834520177
P_1-1-pt_2880,P_1-2_250,49.80000000000044,5898.0,0.7739911834520177
P_1-1-pt_2880,P_1-2_4483,72.20000000000017,5898.0,0.7739911834520177
P_1-1-pt_2880,P_1-1-pt_3671,117.79999999999758,5898.0,0.7739911834520177
P_1-1-pt_2880,P_1-1-veh_610,56.40000000000053,5898.0,0.7739911834520177
P_1-1-pt_2880,P_1-1-veh_767,49.30000000000043,5898.0,0.7739911834520177
P_1-1-pt_2880,P_1-2_303,48.900000000000425,5898.0,0.7739911834520177
P_1-1-pt_2880,P_1-1-pt_6743,50.60000000000045,5898.0,0.7739911834520177
P_1-1-pt_2880,P_1-1-pt_571,51.60000000000046,5898.0,0.7739911834520177
P_1-1-pt_2880,P_1-1-pt_3230,51.800000000000466,5898.0,0.7739911834520177
P_1-1-pt_2880,P_1-1-pt_1497,49.80000000000044,5898.0,0.7739911834520177
P_1-1-pt_2880,P_1-1-pt_4736,413.20000000002545,5898.0,0.7739911834520177
P_1-1-pt_8735,P_1-1-pt_498,53.100000000000485,5896.0,0.5965061058344641
P_1-1-pt_8735,P_1-1-pt_1723,745.900000000101,5896.0,0.5965061058344641
P_1-1-pt_8735,P_1-3_3076,66.20000000000051,5896.0,0.5965061058344641
P_1-1-pt_8735,P_1-3_743,100.29999999999858,5896.0,0.5965061058344641
P_1-1-pt_8735,P_1-1-pt_8184,82.3999999999996,5896.0,0.5965061058344641
P_1-1-pt_8735,P_1-3_2599,100.19999999999858,5896.0,0.5965061058344641
P_1-1-pt_8735,P_1-2_5745,99.9999999999986,5896.0,0.5965061058344641
P_1-1-pt_8735,P_1-1-pt_8289,50.60000000000045,5896.0,0.5965061058344641
P_1-1-pt_8735,P_1-2_5753,50.20000000000044,5896.0,0.5965061058344641
P_1-1-pt_8735,P_1-1-pt_182,50.60000000000045,5896.0,0.5965061058344641
P_1-1-pt_8735,P_1-3_4289,49.80000000000044,5896.0,0.5965061058344641
P_1-1-pt_8735,P_1-2_609,50.10000000000044,5896.0,0.5965061058344641
P_1-1-pt_8735,P_1-2_4266,5853.000000003762,5896.0,0.5965061058344641
P_1-1-pt_7959,P_1-3_4253,4554.199999999037,5894.0,1.0
P_1-1-pt_7959,P_1-3_5020,45.300000000000374,5894.0,1.0
P_1-1-pt_7959,P_1-1-pt_6381,41.50000000000032,5894.0,1.0
P_1-1-pt_7959,P_1-1-pt_7277,41.50000000000032,5894.0,1.0
P_1-1-pt_7959,P_2-1_2293,45.400000000000375,5894.0,1.0
P_1-1-pt_7959,P_1-1-pt_1669,59.90000000000058,5894.0,1.0
P_1-1-pt_7959,P_1-2_163,46.50000000000039,5894.0,1.0
P_1-1-pt_150,P_1-1-pt_7573,40.3000000000003,5891.0,1.0
P_1-1-pt_150,P_2-1_2384,45.00000000000037,5891.0,1.0
P_1-1-pt_150,P_1-1-pt_4901,627.6000000000741,5891.0,1.0
P_1-1-pt_150,P_1-1-pt_2297,36.70000000000025,5891.0,1.0
P_1-1-pt_150,P_1-2_2715,52.60000000000048,5891.0,1.0
P_1-3_547,P_1-3_5117,48.00000000000041,5883.0,1.0
P_1-3_547,P_1-2_2183,48.10000000000041,5883.0,1.0
P_1-3_547,P_1-3_5537,47.600000000000406,5883.0,1.0
P_1-3_547,P_1-2_1219,48.200000000000415,5883.0,1.0
P_1-3_547,P_1-2_5437,48.10000000000041,5883.0,1.0
P_1-3_547,P_1-2_3752,48.00000000000041,5883.0,1.0
P_1-3_547,P_1-2_4270,48.00000000000041,5883.0,1.0
P_1-3_547,P_1-1-pt_725,15.199999999999962,5883.0,1.0
P_1-1-pt_3207,P_1-1-pt_1747,285.7999999999965,5882.0,0.6166269976198572
P_1-1-pt_3207,P_1-1-pt_3671,843.7000000001233,5882.0,0.6166269976198572
P_1-1-pt_3207,P_1-1-pt_6974,201.89999999999281,5882.0,0.6166269976198572
P_1-1-pt_3207,P_1-1-pt_5167,593.5000000000664,5882.0,0.6166269976198572
P_1-1-pt_3207,P_1-1-pt_4879,118.79999999999752,5882.0,0.6166269976198572
P_1-1-pt_3207,P_1-1-pt_1497,440.40000000003164,5882.0,0.6166269976198572
P_1-1-pt_3207,P_1-1-pt_2369,57.90000000000055,5882.0,0.6166269976198572
P_1-1-pt_3207,P_1-1-pt_6743,167.39999999999478,5882.0,0.6166269976198572
P_1-1-pt_3207,P_1-1-pt_4736,132.99999999999673,5882.0,0.6166269976198572
P_1-1-pt_3207,P_1-1-pt_2880,236.09999999999087,5882.0,0.6166269976198572
P_1-1-pt_3207,P_1-1-pt_571,54.600000000000506,5882.0,0.6166269976198572
P_1-1-pt_3207,P_1-1-pt_521,252.39999999998994,5882.0,0.6166269976198572
P_1-1-pt_3207,P_1-1-pt_8280,216.79999999999197,5882.0,0.6166269976198572
P_1-1-pt_3207,P_1-1-pt_3230,54.70000000000051,5882.0,0.6166269976198572
P_1-1-pt_3207,P_1-1-pt_5666,1019.1000000001632,5882.0,0.6166269976198572
P_1-1-pt_3207,P_1-2_4483,16.89999999999997,5882.0,0.6166269976198572
P_1-1-pt_3207,P_1-1-pt_2920,55.300000000000516,5882.0,0.6166269976198572
P_1-1-pt_3207,P_1-2_4940,51.700000000000465,5882.0,0.6166269976198572
P_1-1-pt_3207,P_1-1-pt_98,577.0000000000626,5882.0,0.6166269976198572
P_1-1-pt_3207,P_1-1-veh_610,52.60000000000048,5882.0,0.6166269976198572
P_1-1-pt_3207,P_1-1-veh_767,700.5000000000907,5882.0,0.6166269976198572
P_1-1-pt_3207,P_1-2_5543,51.000000000000455,5882.0,0.6166269976198572
P_1-1-pt_3207,P_1-1-pt_2013,58.60000000000056,5882.0,0.6166269976198572
P_1-1-pt_3207,P_1-1-pt_3858,58.700000000000564,5882.0,0.6166269976198572
P_1-1-pt_3207,P_1-2_303,83.79999999999951,5882.0,0.6166269976198572
P_1-1-pt_8247,P_1-3_2278,32.50000000000019,5882.0,1.0
P_1-1-pt_8247,P_1-1-pt_494,54.0000000000005,5882.0,1.0
P_1-1-pt_8247,P_1-1-pt_2162,53.70000000000049,5882.0,1.0
P_1-1-pt_8247,P_1-1-pt_1296,49.20000000000043,5882.0,1.0
P_1-1-pt_8247,P_1-2_1017,36.40000000000025,5882.0,1.0
P_1-1-pt_8247,P_1-1-pt_4262,53.70000000000049,5882.0,1.0
P_1-1-pt_8247,P_1-1-pt_3386,96.59999999999879,5882.0,1.0
P_1-1-pt_8247,P_1-2_2795,4040.099999997421,5882.0,1.0
P_1-1-pt_8247,P_1-1-pt_3595,39.100000000000286,5882.0,1.0
P_1-1-pt_8247,P_1-1-pt_1420,3469.69999999794,5882.0,1.0
P_1-2_4249,P_1-3_2280,31.400000000000176,5877.0,1.0
P_1-2_4249,P_1-1-pt_7440,695.9000000000897,5877.0,1.0
P_1-2_4249,P_1-2_2473,712.6000000000935,5877.0,1.0
P_1-2_4249,P_1-3_1945,47.70000000000041,5877.0,1.0
P_1-2_4249,P_1-2_3702,48.300000000000416,5877.0,1.0
P_1-2_4249,P_1-2_848,50.60000000000045,5877.0,1.0
P_1-2_4249,P_1-1-pt_8611,51.800000000000466,5877.0,1.0
P_1-2_4249,P_1-1-pt_5997,23.30000000000006,5877.0,1.0
P_1-2_4249,P_1-2_104,29.200000000000145,5877.0,1.0
P_1-2_4249,P_1-2_4962,19.60000000000001,5877.0,1.0
P_1-2_4249,P_1-3_2424,626.3000000000739,5877.0,1.0
P_1-1-pt_5481,P_1-2_4724,1155.100000000045,5875.0,1.0
P_1-1-pt_5481,P_1-2_593,109.59999999999805,5875.0,1.0
P_1-1-pt_5481,P_2-1_5799,67.50000000000044,5875.0,1.0
P_1-2_5369,P_1-2_5288,38.70000000000028,5874.0,0.846441947565543
P_1-2_5369,P_2-1_1609,203.19999999999274,5874.0,0.846441947565543
P_1-2_5369,P_2-1_499,34.100000000000215,5874.0,0.846441947565543
P_1-2_5369,P_2-1_804,30.500000000000163,5874.0,0.846441947565543
P_1-1-pt_4785,P_1-3_1213,47.80000000000041,5870.0,0.9536626916524702
P_1-1-pt_4785,P_1-3_2180,50.20000000000044,5870.0,0.9536626916524702
P_1-1-pt_4785,P_1-2_2422,48.200000000000415,5870.0,0.9536626916524702
P_1-1-pt_4785,P_1-2_5092,13.09999999999997,5870.0,0.9536626916524702
P_1-1-pt_4785,P_1-3_5354,33.400000000000205,5870.0,0.9536626916524702
P_1-1-pt_4785,P_1-3_4587,42.500000000000334,5870.0,0.9536626916524702
P_1-1-pt_4785,P_1-3_2076,33.0000000000002,5870.0,0.9536626916524702
P_1-1-pt_4785,P_1-2_5927,34.200000000000216,5870.0,0.9536626916524702
P_1-1-pt_4785,P_1-2_3214,31.70000000000018,5870.0,0.9536626916524702
P_1-1-pt_4785,P_2-1_4930,58.40000000000056,5870.0,0.9536626916524702
P_1-1-pt_3624,P_1-1-pt_3858,47.3000000000004,5861.0,1.0
P_1-1-pt_3624,P_1-1-pt_2920,22.000000000000043,5861.0,1.0
P_1-1-pt_3624,P_1-1-pt_6453,22.000000000000043,5861.0,1.0
P_1-1-pt_3624,P_1-2_303,13.09999999999997,5861.0,1.0
P_1-1-pt_3624,P_1-1-pt_255,52.70000000000048,5861.0,1.0
P_1-1-pt_3624,P_1-1-pt_5199,59.70000000000058,5861.0,1.0
P_1-1-pt_3624,P_1-1-pt_2834,0.6,5861.0,1.0
P_1-1-pt_3624,P_1-1-pt_494,71.10000000000024,5861.0,1.0
P_1-1-pt_3624,P_1-1-pt_2162,84.0999999999995,5861.0,1.0
P_1-1-pt_3624,P_1-1-veh_792,41.00000000000031,5861.0,1.0
P_1-1-pt_3624,P_1-1-pt_5897,53.200000000000486,5861.0,1.0
P_1-1-pt_3624,P_1-1-pt_3769,53.800000000000495,5861.0,1.0
P_1-1-pt_3624,P_1-1-pt_4671,52.90000000000048,5861.0,1.0
P_1-1-pt_3624,P_1-1-pt_1270,53.00000000000048,5861.0,1.0
P_1-1-pt_3624,P_1-1-pt_3409,50.80000000000045,5861.0,1.0
P_1-1-pt_3624,P_1-1-pt_4919,54.1000000000005,5861.0,1.0
P_1-1-pt_3624,P_1-1-pt_1304,54.0000000000005,5861.0,1.0
P_1-1-pt_3624,P_1-1-veh_105,33.0000000000002,5861.0,1.0
P_1-1-pt_3624,P_1-1-pt_7863,53.40000000000049,5861.0,1.0
P_1-1-pt_3624,P_1-1-pt_8545,52.400000000000475,5861.0,1.0
P_1-1-pt_3624,P_1-1-pt_5193,51.800000000000466,5861.0,1.0
P_1-1-pt_3624,P_1-1-pt_7325,52.20000000000047,5861.0,1.0
P_1-1-pt_3624,P_1-1-pt_8137,52.70000000000048,5861.0,1.0
P_1-1-pt_1304,P_1-2_3692,43.70000000000035,5854.0,0.5042705842159207
P_1-1-pt_1304,P_1-1-pt_3571,38.80000000000028,5854.0,0.5042705842159207
P_1-1-pt_1304,P_1-1-pt_1270,142.09999999999621,5854.0,0.5042705842159207
P_1-1-pt_1304,P_1-1-pt_5897,20.800000000000026,5854.0,0.5042705842159207
P_1-1-pt_1304,P_1-1-pt_4671,39.100000000000286,5854.0,0.5042705842159207
P_1-1-pt_1304,P_1-1-pt_7863,79.49999999999976,5854.0,0.5042705842159207
P_1-1-pt_1304,P_1-1-pt_3275,56.600000000000534,5854.0,0.5042705842159207
P_1-1-pt_1304,P_1-1-pt_1560,56.80000000000054,5854.0,0.5042705842159207
P_1-1-pt_1304,P_1-1-pt_1966,72.80000000000014,5854.0,0.5042705842159207
P_1-1-pt_1304,P_1-1-pt_5906,55.80000000000052,5854.0,0.5042705842159207
P_1-1-pt_1304,P_1-1-pt_1238,55.300000000000516,5854.0,0.5042705842159207
P_1-1-pt_1304,P_1-1-pt_3916,55.70000000000052,5854.0,0.5042705842159207
P_1-1-pt_1304,P_1-1-pt_1108,109.89999999999803,5854.0,0.5042705842159207
P_1-1-pt_1304,P_1-1-pt_1226,55.60000000000052,5854.0,0.5042705842159207
P_1-1-pt_1304,P_1-1-pt_3624,54.0000000000005,5854.0,0.5042705842159207
P_1-1-pt_1304,P_1-1-pt_4919,3100.999999998275,5854.0,0.5042705842159207
P_1-1-pt_1304,P_1-1-veh_792,141.59999999999624,5854.0,0.5042705842159207
P_1-1-pt_1304,P_1-1-pt_8545,50.10000000000044,5854.0,0.5042705842159207
P_1-1-pt_1304,P_1-1-pt_5193,50.00000000000044,5854.0,0.5042705842159207
P_1-1-pt_1304,P_1-1-veh_105,110.59999999999799,5854.0,0.5042705842159207
P_1-1-pt_1304,P_1-1-pt_7325,48.00000000000041,5854.0,0.5042705842159207
P_1-1-pt_1304,P_1-1-pt_8137,48.200000000000415,5854.0,0.5042705842159207
P_1-1-pt_1304,P_1-2_1203,112.39999999999789,5854.0,0.5042705842159207
P_1-1-pt_1304,P_1-2_2554,108.7999999999981,5854.0,0.5042705842159207
P_1-2_4266,P_1-2_4753,11.399999999999975,5854.0,0.285616672360779
P_1-2_4266,P_1-3_2043,10.19999999999998,5854.0,0.285616672360779
P_1-2_4266,P_1-2_638,14.599999999999964,5854.0,0.285616672360779
P_1-2_4266,P_1-2_3608,11.899999999999974,5854.0,0.285616672360779
P_1-2_4266,P_1-1-veh_246,12.599999999999971,5854.0,0.285616672360779
P_1-2_4266,P_1-2_5428,11.999999999999973,5854.0,0.285616672360779
P_1-2_4266,P_1-1-pt_498,52.00000000000047,5854.0,0.285616672360779
P_1-2_4266,P_1-1-pt_1723,751.8000000001024,5854.0,0.285616672360779
P_1-2_4266,P_1-1-veh_530,18.9,5854.0,0.285616672360779
P_1-2_4266,P_1-3_743,100.89999999999854,5854.0,0.285616672360779
P_1-2_4266,P_1-1-pt_8184,93.29999999999897,5854.0,0.285616672360779
P_1-2_4266,P_1-3_2599,101.19999999999852,5854.0,0.285616672360779
P_1-2_4266,P_1-2_5745,101.39999999999851,5854.0,0.285616672360779
P_1-2_4266,P_1-1-pt_8289,50.10000000000044,5854.0,0.285616672360779
P_1-2_4266,P_1-2_5753,50.60000000000045,5854.0,0.285616672360779
P_1-2_4266,P_1-1-pt_182,50.00000000000044,5854.0,0.285616672360779
P_1-2_4266,P_1-3_4289,50.60000000000045,5854.0,0.285616672360779
P_1-2_4266,P_1-3_3076,75.10000000000001,5854.0,0.285616672360779
P_1-2_4266,P_1-2_609,50.60000000000045,5854.0,0.285616672360779
P_1-2_4266,P_1-1-pt_8735,5853.000000003762,5854.0,0.285616672360779
P_1-2_4724,P_1-1-pt_5481,1155.100000000045,5843.0,1.0
P_1-2_4724,P_1-1-pt_4645,304.20000000000067,5843.0,1.0
P_1-2_4724,P_1-3_4822,767.0000000001058,5843.0,1.0
P_1-1-pt_1037,P_2-1_2045,7.799999999999988,5840.0,0.9825342465753425
P_1-1-pt_1037,P_1-2_3413,36.300000000000246,5840.0,0.9825342465753425
P_1-1-pt_1037,P_1-3_3755,42.40000000000033,5840.0,0.9825342465753425
P_1-1-pt_1037,P_1-3_5334,69.70000000000032,5840.0,0.9825342465753425
P_1-1-pt_1037,P_1-1-pt_3927,55.60000000000052,5840.0,0.9825342465753425
P_1-1-pt_1037,P_1-2_2345,51.000000000000455,5840.0,0.9825342465753425
P_1-1-pt_1037,P_1-1-pt_1298,59.10000000000057,5840.0,0.9825342465753425
P_1-1-pt_1037,P_1-1-pt_5324,5830.000000003678,5840.0,0.9825342465753425
P_1-3_4289,P_1-3_743,100.89999999999854,5838.0,1.0
P_1-3_4289,P_1-1-pt_1723,102.39999999999846,5838.0,1.0
P_1-3_4289,P_1-3_2599,50.70000000000045,5838.0,1.0
P_1-3_4289,P_1-2_5745,50.80000000000045,5838.0,1.0
P_1-3_4289,P_1-1-pt_8289,49.90000000000044,5838.0,1.0
P_1-3_4289,P_1-1-pt_8735,49.80000000000044,5838.0,1.0
P_1-3_4289,P_1-2_4266,50.60000000000045,5838.0,1.0
P_1-3_4289,P_1-3_3076,50.50000000000045,5838.0,1.0
P_1-3_4289,P_1-2_5753,50.60000000000045,5838.0,1.0
P_1-3_4289,P_1-1-pt_182,50.300000000000445,5838.0,1.0
P_1-3_4289,P_1-1-veh_834,50.80000000000045,5838.0,1.0
P_1-3_4289,P_1-1-pt_8184,981.0000000001545,5838.0,1.0
P_1-3_743,P_1-2_4753,12.399999999999972,5835.0,0.9912596401028277
P_1-3_743,P_1-3_2043,12.299999999999972,5835.0,0.9912596401028277
P_1-3_743,P_1-2_638,16.29999999999996,5835.0,0.9912596401028277
P_1-3_743,P_1-2_3608,509.50000000004735,5835.0,0.9912596401028277
P_1-3_743,P_1-1-veh_246,47.70000000000041,5835.0,0.9912596401028277
P_1-3_743,P_1-1-pt_1173,45.300000000000374,5835.0,0.9912596401028277
P_1-3_743,P_1-1-pt_6292,45.10000000000037,5835.0,0.9912596401028277
P_1-3_743,P_1-1-pt_498,51.60000000000046,5835.0,0.9912596401028277
P_1-3_743,P_1-1-pt_1723,569.800000000061,5835.0,0.9912596401028277
P_1-3_743,P_1-2_5428,47.80000000000041,5835.0,0.9912596401028277
P_1-3_743,P_1-1-pt_8184,186.89999999999367,5835.0,0.9912596401028277
P_1-3_743,P_1-1-veh_834,101.09999999999853,5835.0,0.9912596401028277
P_1-3_743,P_1-3_2599,101.39999999999851,5835.0,0.9912596401028277
P_1-3_743,P_1-2_5745,101.19999999999852,5835.0,0.9912596401028277
P_1-3_743,P_1-1-pt_8289,100.59999999999856,5835.0,0.9912596401028277
P_1-3_743,P_1-1-pt_8735,100.29999999999858,5835.0,0.9912596401028277
P_1-3_743,P_1-2_4266,100.89999999999854,5835.0,0.9912596401028277
P_1-3_743,P_1-3_3076,100.89999999999854,5835.0,0.9912596401028277
P_1-3_743,P_1-1-pt_182,99.9999999999986,5835.0,0.9912596401028277
P_1-3_743,P_1-3_4289,100.89999999999854,5835.0,0.9912596401028277
P_1-3_743,P_1-2_5753,50.60000000000045,5835.0,0.9912596401028277
P_1-1-pt_1473,P_1-2_168,43.00000000000034,5832.0,1.0
P_1-1-pt_1473,P_1-1-pt_4875,32.800000000000196,5832.0,1.0
P_1-1-pt_1473,P_1-2_3708,43.200000000000344,5832.0,1.0
P_1-1-pt_1473,P_1-1-pt_8830,20.50000000000002,5832.0,1.0
P_1-1-pt_1473,P_1-1-pt_0,72.50000000000016,5832.0,1.0
P_1-1-pt_1473,P_1-1-pt_6931,56.40000000000053,5832.0,1.0
P_1-1-pt_1473,P_1-1-veh_234,43.900000000000354,5832.0,1.0
P_1-1-pt_1473,P_1-1-pt_8682,41.30000000000032,5832.0,1.0
P_1-1-pt_1473,P_1-2_3389,30.700000000000166,5832.0,1.0
P_1-1-pt_1473,P_1-1-pt_5897,70.90000000000025,5832.0,1.0
P_1-1-pt_1473,P_1-1-pt_3769,65.30000000000057,5832.0,1.0
P_1-1-pt_1473,P_1-1-pt_4671,65.10000000000058,5832.0,1.0
P_1-1-pt_1473,P_1-1-pt_4919,64.6000000000006,5832.0,1.0
P_1-1-pt_1473,P_2-1_63,90.59999999999913,5832.0,1.0
P_1-1-pt_1473,P_1-2_1612,103.59999999999839,5832.0,1.0
P_1-1-pt_1473,P_1-3_3245,25.30000000000009,5832.0,1.0
P_1-1-pt_1473,P_2-1_5419,25.800000000000097,5832.0,1.0
P_1-1-pt_1473,P_1-1-pt_6413,83.29999999999954,5832.0,1.0
P_1-1-pt_1473,P_1-1-pt_1296,55.70000000000052,5832.0,1.0
P_1-1-pt_394,P_1-1-pt_530,37.80000000000027,5831.0,0.5189504373177842
P_1-1-pt_394,P_1-1-pt_4262,85.19999999999943,5831.0,0.5189504373177842
P_1-1-pt_394,P_1-2_5252,45.20000000000037,5831.0,0.5189504373177842
P_1-1-pt_394,P_1-3_1571,42.20000000000033,5831.0,0.5189504373177842
P_1-1-pt_394,P_1-2_171,34.40000000000022,5831.0,0.5189504373177842
P_1-1-pt_394,P_1-3_5117,45.300000000000374,5831.0,0.5189504373177842
P_1-1-pt_394,P_1-2_2183,45.300000000000374,5831.0,0.5189504373177842
P_1-1-pt_394,P_1-1-pt_5913,12.399999999999972,5831.0,0.5189504373177842
P_1-1-pt_394,P_1-3_5537,45.00000000000037,5831.0,0.5189504373177842
P_1-1-pt_394,P_1-2_1640,36.200000000000244,5831.0,0.5189504373177842
P_1-1-pt_394,P_1-2_5641,34.00000000000021,5831.0,0.5189504373177842
P_1-1-pt_394,P_1-1-pt_5997,1250.3999999999583,5831.0,0.5189504373177842
P_1-1-pt_394,P_1-1-pt_8611,1233.199999999974,5831.0,0.5189504373177842
P_1-1-pt_394,P_1-1-pt_4541,5792.00000000354,5831.0,0.5189504373177842
P_1-1-pt_5324,P_1-2_3413,2.500000000000001,5831.0,0.9459783913565426
P_1-1-pt_5324,P_2-1_2045,78.09999999999984,5831.0,0.9459783913565426
P_1-1-pt_5324,P_1-3_3755,49.30000000000043,5831.0,0.9459783913565426
P_1-1-pt_5324,P_1-3_5334,65.20000000000057,5831.0,0.9459783913565426
P_1-1-pt_5324,P_1-1-pt_3927,52.10000000000047,5831.0,0.9459783913565426
P_1-1-pt_5324,P_1-2_2345,51.100000000000456,5831.0,0.9459783913565426
P_1-1-pt_5324,P_1-1-pt_1298,51.800000000000466,5831.0,0.9459783913565426
P_1-1-pt_5324,P_1-1-pt_1037,5830.000000003678,5831.0,0.9459783913565426
P_1-2_960,P_1-2_5765,48.00000000000041,5821.0,0.7277100154612609
P_1-2_960,P_1-1-pt_1669,17.49999999999998,5821.0,0.7277100154612609
P_1-2_960,P_1-3_809,47.90000000000041,5821.0,0.7277100154612609
P_1-2_960,P_1-2_4065,48.00000000000041,5821.0,0.7277100154612609
P_1-2_960,P_1-3_2745,50.50000000000045,5821.0,0.7277100154612609
P_1-2_960,P_1-2_1265,51.100000000000456,5821.0,0.7277100154612609
P_1-2_2473,P_1-1-pt_2820,33.80000000000021,5816.0,0.5529573590096286
P_1-2_2473,P_1-3_2221,47.70000000000041,5816.0,0.5529573590096286
P_1-2_2473,P_1-3_2280,47.90000000000041,5816.0,0.5529573590096286
P_1-2_2473,P_1-2_4249,712.6000000000935,5816.0,0.5529573590096286
P_1-2_2473,P_1-1-pt_8611,49.40000000000043,5816.0,0.5529573590096286
P_1-2_2473,P_1-2_104,27.800000000000125,5816.0,0.5529573590096286
P_1-2_2473,P_1-2_4962,16.99999999999997,5816.0,0.5529573590096286
P_1-2_2473,P_1-3_2424,84.19999999999949,5816.0,0.5529573590096286
P_1-1-pt_8728,P_1-1-pt_8068,47.400000000000404,5814.0,0.4389404884760922
P_1-1-pt_8728,P_1-1-pt_4966,51.20000000000046,5814.0,0.4389404884760922
P_1-1-pt_8728,P_1-1-pt_6176,39.800000000000296,5814.0,0.4389404884760922
P_1-1-pt_8728,P_2-1_63,47.0000000000004,5814.0,0.4389404884760922
P_1-1-pt_8728,P_1-2_1612,46.40000000000039,5814.0,0.4389404884760922
P_1-1-pt_8728,P_1-1-pt_6453,53.50000000000049,5814.0,0.4389404884760922
P_1-1-pt_8728,P_1-1-pt_571,56.50000000000053,5814.0,0.4389404884760922
P_1-1-pt_8728,P_1-1-pt_3230,50.400000000000446,5814.0,0.4389404884760922
P_1-1-pt_8728,P_1-1-pt_4736,63.40000000000063,5814.0,0.4389404884760922
P_1-1-pt_8728,P_1-1-pt_2013,51.60000000000046,5814.0,0.4389404884760922
P_1-1-pt_8728,P_1-1-pt_7573,45.20000000000037,5814.0,0.4389404884760922
P_1-1-pt_8728,P_1-2_303,12.99999999999997,5814.0,0.4389404884760922
P_1-1-pt_8728,P_1-1-pt_297,64.20000000000063,5814.0,0.4389404884760922
P_1-1-pt_8728,P_1-1-pt_2162,52.90000000000048,5814.0,0.4389404884760922
P_1-1-pt_8728,P_1-1-pt_3409,50.70000000000045,5814.0,0.4389404884760922
P_1-1-pt_8728,P_1-1-pt_1270,32.50000000000019,5814.0,0.4389404884760922
P_1-1-pt_8728,P_1-1-pt_7863,49.10000000000043,5814.0,0.4389404884760922
P_1-1-pt_8728,P_1-1-pt_8545,47.400000000000404,5814.0,0.4389404884760922
P_1-1-pt_8728,P_1-1-pt_5193,47.2000000000004,5814.0,0.4389404884760922
P_1-1-pt_8728,P_1-2_4483,739.6000000000996,5814.0,0.4389404884760922
P_1-1-pt_8728,P_1-1-pt_7325,30.800000000000168,5814.0,0.4389404884760922
P_1-1-pt_7080,P_1-3_2323,45.10000000000037,5813.0,1.0
P_1-1-pt_7080,P_1-1-pt_7760,52.80000000000048,5813.0,1.0
P_1-1-pt_7080,P_1-1-pt_6273,38.400000000000276,5813.0,1.0
P_1-1-pt_7080,P_1-2_4464,87.69999999999929,5813.0,1.0
P_1-1-pt_7080,P_1-3_3579,68.70000000000037,5813.0,1.0
P_1-1-pt_7080,P_1-1-veh_105,47.90000000000041,5813.0,1.0
P_1-1-pt_7080,P_1-2_2554,45.300000000000374,5813.0,1.0
P_1-1-pt_7080,P_1-2_5951,45.300000000000374,5813.0,1.0
P_1-1-pt_7080,P_1-3_4690,44.90000000000037,5813.0,1.0
P_1-1-pt_7080,P_1-1-pt_6931,38.60000000000028,5813.0,1.0
P_1-1-pt_7080,P_1-1-veh_234,106.09999999999825,5813.0,1.0
P_1-1-pt_7080,P_1-1-pt_8682,52.500000000000476,5813.0,1.0
P_1-1-pt_7080,P_1-1-pt_5078,103.69999999999838,5813.0,1.0
P_1-1-pt_7080,P_1-2_3389,52.80000000000048,5813.0,1.0
P_1-1-pt_7080,P_1-1-pt_4671,24.800000000000082,5813.0,1.0
P_1-1-pt_7080,P_1-1-pt_4919,45.10000000000037,5813.0,1.0
P_2-1_5552,P_1-3_5020,48.00000000000041,5798.0,1.0
P_2-1_5552,P_2-1_5841,664.1000000000824,5798.0,1.0
P_2-1_5552,P_1-1-pt_6381,46.50000000000039,5798.0,1.0
P_2-1_5552,P_1-1-pt_7277,127.19999999999705,5798.0,1.0
P_2-1_5552,P_1-1-pt_8085,47.500000000000405,5798.0,1.0
P_2-1_5552,P_1-2_4454,15.79999999999996,5798.0,1.0
P_2-1_5552,P_1-2_3590,15.79999999999996,5798.0,1.0
P_2-1_5552,P_1-2_1658,28.90000000000014,5798.0,1.0
P_1-1-pt_4541,P_1-1-pt_530,37.40000000000026,5793.0,0.5135508372173313
P_1-1-pt_4541,P_1-1-pt_4262,32.20000000000019,5793.0,0.5135508372173313
P_1-1-pt_4541,P_1-2_5252,45.20000000000037,5793.0,0.5135508372173313
P_1-1-pt_4541,P_1-3_1571,36.80000000000025,5793.0,0.5135508372173313
P_1-1-pt_4541,P_1-3_5117,45.300000000000374,5793.0,0.5135508372173313
P_1-1-pt_4541,P_1-2_171,42.500000000000334,5793.0,0.5135508372173313
P_1-1-pt_4541,P_1-2_4285,30.30000000000016,5793.0,0.5135508372173313
P_1-1-pt_4541,P_1-2_2183,45.300000000000374,5793.0,0.5135508372173313
P_1-1-pt_4541,P_1-1-pt_5913,3.900000000000002,5793.0,0.5135508372173313
P_1-1-pt_4541,P_1-3_5537,45.20000000000037,5793.0,0.5135508372173313
P_1-1-pt_4541,P_1-2_1640,36.50000000000025,5793.0,0.5135508372173313
P_1-1-pt_4541,P_1-2_5641,36.40000000000025,5793.0,0.5135508372173313
P_1-1-pt_4541,P_1-1-pt_394,5792.00000000354,5793.0,0.5135508372173313
P_1-1-pt_4541,P_1-1-pt_5997,1212.8999999999924,5793.0,0.5135508372173313
P_1-1-pt_4541,P_1-1-pt_8611,1175.5000000000264,5793.0,0.5135508372173313
P_1-2_250,P_1-3_4262,49.10000000000043,5782.0,0.5572466274645451
P_1-2_250,P_1-1-pt_1006,45.10000000000037,5782.0,0.5572466274645451
P_1-2_250,P_1-1-pt_2863,16.499999999999964,5782.0,0.5572466274645451
P_1-2_250,P_1-1-pt_5139,62.10000000000061,5782.0,0.5572466274645451
P_1-2_250,P_1-3_2786,48.40000000000042,5782.0,0.5572466274645451
P_1-2_250,P_1-1-pt_4736,515.7000000000487,5782.0,0.5572466274645451
P_1-2_250,P_1-1-pt_1497,13.199999999999969,5782.0,0.5572466274645451
P_1-2_250,P_1-1-pt_2920,11.899999999999974,5782.0,0.5572466274645451
P_1-2_250,P_1-1-pt_6974,48.10000000000041,5782.0,0.5572466274645451
P_1-2_250,P_1-1-pt_2880,49.80000000000044,5782.0,0.5572466274645451
P_1-2_250,P_1-1-pt_4879,44.30000000000036,5782.0,0.5572466274645451
P_1-2_250,P_1-1-pt_3858,49.30000000000043,5782.0,0.5572466274645451
P_1-2_250,P_2-1_5419,313.1000000000027,5782.0,0.5572466274645451
P_1-2_250,P_1-1-pt_2013,7.499999999999989,5782.0,0.5572466274645451
P_1-2_250,P_1-1-pt_7208,51.50000000000046,5782.0,0.5572466274645451
P_1-2_250,P_1-1-pt_571,55.50000000000052,5782.0,0.5572466274645451
P_1-2_250,P_1-1-pt_3230,53.00000000000048,5782.0,0.5572466274645451
P_1-2_250,P_1-1-pt_2297,50.90000000000045,5782.0,0.5572466274645451
P_1-2_250,P_1-2_6013,32.100000000000186,5782.0,0.5572466274645451
P_1-2_250,P_1-2_505,71.20000000000023,5782.0,0.5572466274645451
P_1-2_250,P_2-1_2384,69.60000000000032,5782.0,0.5572466274645451
P_1-1-pt_1700,P_1-2_3488,99.59999999999862,5771.0,1.0
P_1-1-pt_1700,P_1-2_2237,99.19999999999864,5771.0,1.0
P_1-1-pt_1700,P_1-1-pt_2129,100.79999999999855,5771.0,1.0
P_1-1-pt_1700,P_1-1-pt_1039,100.69999999999855,5771.0,1.0
P_1-1-pt_1700,P_1-1-pt_5275,100.59999999999856,5771.0,1.0
P_1-1-pt_1700,P_2-1_3944,44.80000000000037,5771.0,1.0
P_1-1-pt_1700,P_1-2_4464,54.70000000000051,5771.0,1.0
P_1-1-pt_1700,P_1-2_1533,49.600000000000435,5771.0,1.0
P_1-1-pt_1700,P_1-3_635,26.80000000000011,5771.0,1.0
P_1-1-pt_761,P_1-1-pt_4996,110.499999999998,5770.0,0.759792027729636
P_1-1-pt_761,P_1-1-pt_3386,56.000000000000526,5770.0,0.759792027729636
P_1-1-pt_761,P_1-1-pt_3067,128.199999999997,5770.0,0.759792027729636
P_1-1-pt_761,P_1-1-pt_5906,60.200000000000585,5770.0,0.759792027729636
P_1-1-pt_761,P_1-1-pt_3916,56.40000000000053,5770.0,0.759792027729636
P_1-1-pt_761,P_1-1-pt_7208,55.70000000000052,5770.0,0.759792027729636
P_1-1-pt_761,P_1-1-pt_6538,60.200000000000585,5770.0,0.759792027729636
P_1-1-pt_761,P_1-1-pt_2503,53.30000000000049,5770.0,0.759792027729636
P_1-1-pt_761,P_1-1-pt_255,55.300000000000516,5770.0,0.759792027729636
P_1-1-pt_761,P_2-1_63,28.90000000000014,5770.0,0.759792027729636
P_1-1-pt_761,P_1-1-pt_6413,36.00000000000024,5770.0,0.759792027729636
P_1-1-pt_761,P_1-2_1612,302.1000000000002,5770.0,0.759792027729636
P_1-1-pt_761,P_1-1-pt_494,15.99999999999996,5770.0,0.759792027729636
P_1-1-pt_761,P_1-1-pt_1296,56.40000000000053,5770.0,0.759792027729636
P_1-1-pt_761,P_1-1-pt_530,66.00000000000053,5770.0,0.759792027729636
P_1-1-pt_761,P_1-1-pt_6297,17.69999999999998,5770.0,0.759792027729636
P_1-1-pt_7938,P_1-2_2183,7.499999999999989,5768.0,1.0
P_1-1-pt_7938,P_1-1-pt_2032,53.200000000000486,5768.0,1.0
P_1-1-pt_7938,P_1-1-pt_2770,52.70000000000048,5768.0,1.0
P_1-1-pt_7938,P_1-1-pt_6355,52.20000000000047,5768.0,1.0
P_1-1-pt_7938,P_1-2_4454,51.20000000000046,5768.0,1.0
P_1-1-pt_7938,P_1-1-pt_2863,53.100000000000485,5768.0,1.0
P_1-1-pt_7938,P_1-1-pt_8969,53.40000000000049,5768.0,1.0
P_1-1-pt_7938,P_2-1_5067,11.999999999999973,5768.0,1.0
P_1-1-pt_7938,P_1-1-pt_1601,81.39999999999965,5768.0,1.0
P_1-1-pt_7938,P_1-1-pt_2844,1613.8999999996277,5768.0,1.0
P_1-3_2773,P_1-2_1494,12.399999999999972,5761.0,0.48810970317653185
P_1-3_2773,P_2-1_600,47.90000000000041,5761.0,0.48810970317653185
P_1-3_2773,P_1-2_2180,48.10000000000041,5761.0,0.48810970317653185
P_1-3_2773,P_1-2_3879,56.40000000000053,5761.0,0.48810970317653185
P_1-3_2773,P_1-3_4025,30.400000000000162,5761.0,0.48810970317653185
P_1-3_2773,P_2-1_4267,48.40000000000042,5761.0,0.48810970317653185
P_1-3_2773,P_2-1_3390,52.00000000000047,5761.0,0.48810970317653185
P_1-3_2773,P_2-1_499,52.10000000000047,5761.0,0.48810970317653185
P_1-3_2773,P_1-3_234,39.9000000000003,5761.0,0.48810970317653185
P_1-3_2773,P_2-1_1463,54.70000000000051,5761.0,0.48810970317653185
P_1-3_2773,P_1-3_4262,35.00000000000023,5761.0,0.48810970317653185
P_1-3_2773,P_2-1_804,62.70000000000062,5761.0,0.48810970317653185
P_1-3_2773,P_2-1_213,48.00000000000041,5761.0,0.48810970317653185
P_1-2_2543,P_1-3_990,106.29999999999824,5759.0,0.6811946518492794
P_1-2_2543,P_1-1-pt_654,312.2000000000025,5759.0,0.6811946518492794
P_1-2_2543,P_1-1-pt_4262,48.900000000000425,5759.0,0.6811946518492794
P_1-2_2543,P_1-2_671,66.20000000000051,5759.0,0.6811946518492794
P_1-2_2543,P_1-1-pt_7664,52.90000000000048,5759.0,0.6811946518492794
P_1-2_2543,P_1-1-pt_776,52.20000000000047,5759.0,0.6811946518492794
P_1-3_1676,P_1-2_1494,47.80000000000041,5749.0,0.41207166463732825
P_1-3_1676,P_1-2_1953,47.80000000000041,5749.0,0.41207166463732825
P_1-3_1676,P_1-2_2180,48.10000000000041,5749.0,0.41207166463732825
P_1-3_1676,P_1-3_4262,45.00000000000037,5749.0,0.41207166463732825
P_1-3_1676,P_1-2_4376,79.29999999999977,5749.0,0.41207166463732825
P_1-3_1676,P_2-1_600,37.700000000000266,5749.0,0.41207166463732825
P_1-3_1676,P_2-1_1463,48.00000000000041,5749.0,0.41207166463732825
P_1-3_1676,P_2-1_4788,47.90000000000041,5749.0,0.41207166463732825
P_1-3_1676,P_2-1_499,48.00000000000041,5749.0,0.41207166463732825
P_1-3_1676,P_2-1_804,48.10000000000041,5749.0,0.41207166463732825
P_1-3_1676,P_1-3_5144,34.200000000000216,5749.0,0.41207166463732825
P_1-3_1676,P_2-1_213,47.90000000000041,5749.0,0.41207166463732825
P_1-3_458,P_1-1-pt_5942,303.70000000000056,5749.0,1.0
P_1-3_458,P_1-2_149,514.3000000000484,5749.0,1.0
P_1-3_458,P_1-2_3693,44.30000000000036,5749.0,1.0
P_1-3_458,P_1-1-pt_2808,85.59999999999941,5749.0,1.0
P_1-3_458,P_1-1-pt_977,85.59999999999941,5749.0,1.0
P_1-3_458,P_1-2_2875,49.10000000000043,5749.0,1.0
P_1-3_870,P_1-3_3793,111.39999999999795,5749.0,1.0
P_1-3_870,P_1-1-pt_560,45.60000000000038,5749.0,1.0
P_1-1-pt_3409,P_1-1-pt_4879,69.9000000000003,5743.0,0.7595333449416681
P_1-1-pt_3409,P_1-1-pt_3858,43.300000000000345,5743.0,0.7595333449416681
P_1-1-pt_3409,P_1-1-pt_2013,260.59999999999076,5743.0,0.7595333449416681
P_1-1-pt_3409,P_1-1-pt_571,52.70000000000048,5743.0,0.7595333449416681
P_1-1-pt_3409,P_1-1-pt_3230,54.600000000000506,5743.0,0.7595333449416681
P_1-1-pt_3409,P_1-1-pt_2920,16.29999999999996,5743.0,0.7595333449416681
P_1-1-pt_3409,P_1-1-pt_6453,49.000000000000426,5743.0,0.7595333449416681
P_1-1-pt_3409,P_1-2_303,13.09999999999997,5743.0,0.7595333449416681
P_1-1-pt_3409,P_1-1-pt_255,52.80000000000048,5743.0,0.7595333449416681
P_1-1-pt_3409,P_1-1-pt_6413,54.90000000000051,5743.0,0.7595333449416681
P_1-1-pt_3409,P_1-1-pt_2834,77.0999999999999,5743.0,0.7595333449416681
P_1-1-pt_3409,P_1-1-pt_494,53.900000000000496,5743.0,0.7595333449416681
P_1-1-pt_3409,P_1-1-pt_2162,105.79999999999826,5743.0,0.7595333449416681
P_1-1-pt_3409,P_1-1-veh_792,120.59999999999742,5743.0,0.7595333449416681
P_1-1-pt_3409,P_1-1-pt_5897,53.30000000000049,5743.0,0.7595333449416681
P_1-1-pt_3409,P_1-1-pt_3769,53.50000000000049,5743.0,0.7595333449416681
P_1-1-pt_3409,P_1-1-pt_4671,352.6000000000117,5743.0,0.7595333449416681
P_1-1-pt_3409,P_1-1-pt_3624,50.80000000000045,5743.0,0.7595333449416681
P_1-1-pt_3409,P_1-1-pt_4919,266.19999999999203,5743.0,0.7595333449416681
P_1-1-pt_3409,P_1-1-pt_1270,462.3000000000366,5743.0,0.7595333449416681
P_1-1-pt_3409,P_2-1_3764,49.600000000000435,5743.0,0.7595333449416681
P_1-1-pt_3409,P_2-1_2925,48.300000000000416,5743.0,0.7595333449416681
P_1-1-pt_3409,P_2-1_63,85.19999999999943,5743.0,0.7595333449416681
P_1-1-pt_3409,P_1-2_1612,73.10000000000012,5743.0,0.7595333449416681
P_1-1-pt_3409,P_1-3_3245,50.10000000000044,5743.0,0.7595333449416681
P_1-1-pt_3409,P_2-1_5419,70.50000000000027,5743.0,0.7595333449416681
P_1-1-pt_3409,P_1-1-pt_8728,50.70000000000045,5743.0,0.7595333449416681
P_1-1-pt_3409,P_1-2_4483,50.10000000000044,5743.0,0.7595333449416681
P_1-1-pt_5906,P_1-1-pt_2920,63.700000000000635,5741.0,0.7469082041456192
P_1-1-pt_5906,P_1-1-pt_6176,58.90000000000057,5741.0,0.7469082041456192
P_1-1-pt_5906,P_1-1-pt_761,60.200000000000585,5741.0,0.7469082041456192
P_1-1-pt_5906,P_1-1-pt_6297,86.69999999999935,5741.0,0.7469082041456192
P_1-1-pt_5906,P_1-2_303,32.700000000000195,5741.0,0.7469082041456192
P_1-1-pt_5906,P_1-1-pt_6031,56.20000000000053,5741.0,0.7469082041456192
P_1-1-pt_5906,P_1-1-pt_255,56.10000000000053,5741.0,0.7469082041456192
P_1-1-pt_5906,P_1-1-pt_1108,55.900000000000524,5741.0,0.7469082041456192
P_1-1-pt_5906,P_1-1-pt_2834,33.90000000000021,5741.0,0.7469082041456192
P_1-1-pt_5906,P_1-1-veh_792,50.90000000000045,5741.0,0.7469082041456192
P_1-1-pt_5906,P_1-1-pt_494,56.80000000000054,5741.0,0.7469082041456192
P_1-1-pt_5906,P_1-1-pt_2162,56.80000000000054,5741.0,0.7469082041456192
P_1-1-pt_5906,P_1-1-pt_5897,55.300000000000516,5741.0,0.7469082041456192
P_1-1-pt_5906,P_1-1-pt_3769,55.50000000000052,5741.0,0.7469082041456192
P_1-1-pt_5906,P_1-1-pt_4671,56.10000000000053,5741.0,0.7469082041456192
P_1-1-pt_5906,P_1-1-pt_1270,55.50000000000052,5741.0,0.7469082041456192
P_1-1-pt_5906,P_1-1-pt_4919,56.10000000000053,5741.0,0.7469082041456192
P_1-1-pt_5906,P_1-1-pt_1304,55.80000000000052,5741.0,0.7469082041456192
P_1-1-pt_5906,P_1-1-pt_1238,1648.2999999995964,5741.0,0.7469082041456192
P_1-1-pt_5906,P_1-1-pt_7863,56.40000000000053,5741.0,0.7469082041456192
P_1-1-pt_5906,P_1-1-pt_5193,56.000000000000526,5741.0,0.7469082041456192
P_1-1-pt_5906,P_1-1-pt_7325,55.60000000000052,5741.0,0.7469082041456192
P_1-1-pt_5906,P_1-1-pt_8137,54.90000000000051,5741.0,0.7469082041456192
P_1-1-pt_5906,P_1-2_3052,104.09999999999836,5741.0,0.7469082041456192
P_1-1-pt_5906,P_1-1-pt_3275,57.300000000000544,5741.0,0.7469082041456192
P_1-1-veh_837,P_1-2_5752,568.0000000000606,5740.0,1.0
P_1-1-veh_837,P_1-2_3464,565.7000000000601,5740.0,1.0
P_1-1-veh_837,P_1-2_3821,566.0000000000601,5740.0,1.0
P_1-1-veh_837,P_1-2_2797,565.8000000000601,5740.0,1.0
P_1-1-veh_837,P_1-2_2580,566.1000000000602,5740.0,1.0
P_1-1-veh_837,P_2-1_2028,308.50000000000165,5740.0,1.0
P_1-1-veh_837,P_1-3_4738,5739.000000003347,5740.0,1.0
P_1-2_3224,P_1-2_2061,48.00000000000041,5736.0,1.0
P_1-2_3224,P_1-1-pt_2961,95.19999999999887,5736.0,1.0
P_1-2_3224,P_2-1_3058,48.70000000000042,5736.0,1.0
P_1-1-veh_834,P_1-1-pt_8289,244.99999999999037,5735.0,1.0
P_1-1-veh_834,P_1-1-pt_8184,149.3999999999958,5735.0,1.0
P_1-1-veh_834,P_1-2_5753,235.5999999999909,5735.0,1.0
P_1-1-veh_834,P_1-3_743,101.09999999999853,5735.0,1.0
P_1-1-veh_834,P_1-3_2599,50.70000000000045,5735.0,1.0
P_1-1-veh_834,P_1-2_5745,50.70000000000045,5735.0,1.0
P_1-1-veh_834,P_1-3_3076,32.000000000000185,5735.0,1.0
P_1-1-veh_834,P_1-1-pt_182,50.20000000000044,5735.0,1.0
P_1-1-veh_834,P_1-3_4289,50.80000000000045,5735.0,1.0
P_1-1-pt_5999,P_1-2_752,71.30000000000022,5726.0,0.45162417045057635
P_1-1-pt_5999,P_2-1_1878,414.7000000000258,5726.0,0.45162417045057635
P_1-1-pt_5999,P_2-1_6130,43.300000000000345,5726.0,0.45162417045057635
P_1-1-pt_5999,P_2-1_4267,51.30000000000046,5726.0,0.45162417045057635
P_1-1-pt_5999,P_2-1_3390,51.30000000000046,5726.0,0.45162417045057635
P_1-1-pt_5999,P_2-1_600,204.89999999999264,5726.0,0.45162417045057635
P_1-1-pt_5999,P_1-1-pt_6974,58.90000000000057,5726.0,0.45162417045057635
P_1-1-pt_5999,P_1-1-pt_98,70.10000000000029,5726.0,0.45162417045057635
P_1-1-pt_5999,P_1-1-pt_7915,62.200000000000614,5726.0,0.45162417045057635
P_1-1-pt_5999,P_1-1-pt_4879,139.99999999999633,5726.0,0.45162417045057635
P_1-1-pt_5999,P_1-1-pt_3858,104.89999999999831,5726.0,0.45162417045057635
P_1-1-pt_5999,P_1-2_5543,18.499999999999993,5726.0,0.45162417045057635
P_1-2_263,P_1-1-pt_1138,585.6000000000646,5721.0,0.723649711588883
P_1-2_263,P_1-1-pt_5115,49.50000000000043,5721.0,0.723649711588883
P_1-2_263,P_1-1-pt_7732,52.10000000000047,5721.0,0.723649711588883
P_1-1-pt_2424,P_1-1-pt_3931,55.40000000000052,5720.0,1.0
P_1-1-pt_2297,P_1-1-pt_150,36.70000000000025,5715.0,0.5455818022747156
P_1-1-pt_2297,P_1-1-pt_3489,17.199999999999974,5715.0,0.5455818022747156
P_1-1-pt_2297,P_1-2_250,50.90000000000045,5715.0,0.5455818022747156
P_1-1-pt_2297,P_1-1-pt_2503,25.700000000000095,5715.0,0.5455818022747156
P_1-1-pt_2297,P_1-1-pt_2369,95.69999999999884,5715.0,0.5455818022747156
P_1-1-pt_3176,P_1-1-pt_2961,83.29999999999954,5712.0,0.6726190476190477
P_1-1-pt_3176,P_1-3_5020,45.00000000000037,5712.0,0.6726190476190477
P_1-1-pt_7732,P_1-3_2985,52.00000000000047,5704.0,1.0
P_1-1-pt_7732,P_1-2_1990,51.800000000000466,5704.0,1.0
P_1-1-pt_7732,P_1-1-veh_602,51.800000000000466,5704.0,1.0
P_1-1-pt_7732,P_1-2_4208,52.10000000000047,5704.0,1.0
P_1-1-pt_7732,P_1-3_3755,52.400000000000475,5704.0,1.0
P_1-1-pt_7732,P_1-3_5334,44.600000000000364,5704.0,1.0
P_1-1-pt_7732,P_1-2_2345,53.30000000000049,5704.0,1.0
P_1-1-pt_7732,P_1-2_263,52.10000000000047,5704.0,1.0
P_1-1-pt_7732,P_1-1-pt_5298,51.20000000000046,5704.0,1.0
P_1-1-pt_7732,P_1-1-pt_1560,81.99999999999962,5704.0,1.0
P_1-1-pt_7573,P_1-2_3708,18.099999999999987,5703.0,0.6086270384008416
P_1-1-pt_7573,P_1-2_6013,52.20000000000047,5703.0,0.6086270384008416
P_1-1-pt_7573,P_1-1-pt_150,40.3000000000003,5703.0,0.6086270384008416
P_1-1-pt_7573,P_2-1_2384,52.10000000000047,5703.0,0.6086270384008416
P_1-1-pt_7573,P_1-1-pt_6176,55.200000000000514,5703.0,0.6086270384008416
P_1-1-pt_7573,P_1-1-pt_2013,292.399999999998,5703.0,0.6086270384008416
P_1-1-pt_7573,P_1-1-pt_297,143.69999999999612,5703.0,0.6086270384008416
P_1-1-pt_7573,P_1-3_3245,23.700000000000067,5703.0,0.6086270384008416
P_1-1-pt_7573,P_1-1-pt_8728,45.20000000000037,5703.0,0.6086270384008416
P_1-1-pt_7573,P_1-2_4483,49.80000000000044,5703.0,0.6086270384008416
P_1-1-pt_7573,P_1-1-pt_2369,52.20000000000047,5703.0,0.6086270384008416
P_1-1-pt_7573,P_1-1-pt_521,55.10000000000051,5703.0,0.6086270384008416
P_1-1-pt_7573,P_1-1-veh_767,475.10000000003953,5703.0,0.6086270384008416
P_1-1-pt_7573,P_1-1-pt_6974,137.0999999999965,5703.0,0.6086270384008416
P_1-1-pt_7573,P_1-1-pt_5167,59.00000000000057,5703.0,0.6086270384008416
P_1-1-pt_7573,P_1-1-pt_1747,58.60000000000056,5703.0,0.6086270384008416
P_1-1-pt_7573,P_1-2_5543,3.0000000000000013,5703.0,0.6086270384008416
P_1-1-pt_7573,P_1-1-pt_3671,368.2000000000152,5703.0,0.6086270384008416
P_1-1-pt_7573,P_1-3_3339,24.900000000000084,5703.0,0.6086270384008416
P_1-2_3378,P_1-2_3077,456.20000000003523,5691.0,1.0
P_1-2_3378,P_1-3_2180,99.19999999999864,5691.0,1.0
P_1-2_3378,P_1-3_2076,98.59999999999867,5691.0,1.0
P_1-2_3378,P_1-2_5020,101.19999999999852,5691.0,1.0
P_1-2_3378,P_1-2_5092,101.39999999999851,5691.0,1.0
P_1-2_3378,P_1-3_5354,98.99999999999865,5691.0,1.0
P_1-2_1203,P_1-1-pt_6779,73.20000000000012,5688.0,0.5833333333333334
P_1-2_1203,P_1-3_2323,96.09999999999881,5688.0,0.5833333333333334
P_1-2_1203,P_1-2_2554,1115.400000000081,5688.0,0.5833333333333334
P_1-2_1203,P_1-3_528,48.40000000000042,5688.0,0.5833333333333334
P_1-2_1203,P_1-3_403,43.80000000000035,5688.0,0.5833333333333334
P_1-2_1203,P_1-1-pt_1108,331.80000000000695,5688.0,0.5833333333333334
P_1-2_1203,P_1-1-pt_1304,112.39999999999789,5688.0,0.5833333333333334
P_1-2_1203,P_2-1_3764,42.80000000000034,5688.0,0.5833333333333334
P_1-2_1203,P_2-1_2925,35.70000000000024,5688.0,0.5833333333333334
P_1-2_1203,P_1-1-pt_8137,100.09999999999859,5688.0,0.5833333333333334
P_1-2_1203,P_1-1-pt_6453,86.19999999999938,5688.0,0.5833333333333334
P_1-2_1203,P_1-2_1612,33.80000000000021,5688.0,0.5833333333333334
P_1-2_1203,P_2-1_63,38.300000000000274,5688.0,0.5833333333333334
P_1-3_1945,P_1-1-pt_2820,34.60000000000022,5687.0,1.0
P_1-3_1945,P_1-3_2221,47.500000000000405,5687.0,1.0
P_1-3_1945,P_1-3_2280,47.80000000000041,5687.0,1.0
P_1-3_1945,P_1-2_4249,47.70000000000041,5687.0,1.0
P_1-3_1945,P_1-1-pt_5139,108.39999999999812,5687.0,1.0
P_1-3_1945,P_1-1-pt_1006,45.50000000000038,5687.0,1.0
P_1-3_1945,P_1-2_3702,1667.1999999995792,5687.0,1.0
P_1-3_1945,P_1-1-pt_6673,174.49999999999437,5687.0,1.0
P_1-3_1945,P_1-1-pt_2920,45.20000000000037,5687.0,1.0
P_1-3_1945,P_1-1-pt_1497,175.8999999999943,5687.0,1.0
P_1-3_1945,P_1-1-pt_2013,80.4999999999997,5687.0,1.0
P_1-2_4771,P_1-3_874,144.0999999999961,5684.0,0.8759676284306827
P_1-2_4771,P_1-2_3389,48.10000000000041,5684.0,0.8759676284306827
P_1-2_4771,P_1-1-pt_560,91.89999999999905,5684.0,0.8759676284306827
P_1-2_4771,P_1-1-pt_3629,205.09999999999263,5684.0,0.8759676284306827
P_1-2_4771,P_1-1-pt_1714,100.59999999999856,5684.0,0.8759676284306827
P_1-2_4771,P_1-2_2287,102.39999999999846,5684.0,0.8759676284306827
P_1-2_4771,P_1-3_1785,101.6999999999985,5684.0,0.8759676284306827
P_1-2_4771,P_1-2_3081,101.39999999999851,5684.0,0.8759676284306827
P_1-2_4771,P_1-2_5951,897.6000000001355,5684.0,0.8759676284306827
P_1-2_3702,P_1-1-pt_2820,35.80000000000024,5679.0,1.0
P_1-2_3702,P_1-3_2221,47.80000000000041,5679.0,1.0
P_1-2_3702,P_1-3_2280,48.00000000000041,5679.0,1.0
P_1-2_3702,P_1-2_4249,48.300000000000416,5679.0,1.0
P_1-2_3702,P_1-1-pt_5139,85.8999999999994,5679.0,1.0
P_1-2_3702,P_1-1-pt_1006,102.49999999999845,5679.0,1.0
P_1-2_3702,P_1-3_1945,1667.1999999995792,5679.0,1.0
P_1-2_3702,P_1-1-pt_6673,96.49999999999879,5679.0,1.0
P_1-2_3702,P_1-1-pt_4380,734.4000000000984,5679.0,1.0
P_1-2_3702,P_2-1_1724,82.99999999999956,5679.0,1.0
P_1-2_3702,P_1-2_848,2313.5999999989913,5679.0,1.0
P_1-2_2875,P_1-1-pt_4996,47.70000000000041,5673.0,1.0
P_1-2_2875,P_1-1-pt_3386,27.100000000000115,5673.0,1.0
P_1-2_2875,P_1-3_2955,65.50000000000055,5673.0,1.0
P_1-2_2875,P_1-1-pt_977,187.49999999999363,5673.0,1.0
P_1-2_2875,P_1-1-pt_494,64.90000000000059,5673.0,1.0
P_1-2_2875,P_1-1-pt_2162,65.50000000000055,5673.0,1.0
P_1-2_2875,P_1-3_3536,83.29999999999954,5673.0,1.0
P_1-2_2875,P_1-3_5123,96.19999999999881,5673.0,1.0
P_1-2_2875,P_1-1-pt_1121,34.900000000000226,5673.0,1.0
P_1-2_2875,P_1-1-pt_2606,70.90000000000025,5673.0,1.0
P_1-2_2875,P_1-3_458,49.10000000000043,5673.0,1.0
P_1-3_3494,P_1-1-pt_6273,43.60000000000035,5672.0,0.7702750352609309
P_1-3_3494,P_1-3_4168,144.0999999999961,5672.0,0.7702750352609309
P_1-3_3494,P_1-1-pt_7763,46.50000000000039,5672.0,0.7702750352609309
P_1-3_3494,P_1-1-pt_6779,45.50000000000038,5672.0,0.7702750352609309
P_1-3_3494,P_1-3_2323,47.90000000000041,5672.0,0.7702750352609309
P_1-3_3494,P_1-1-pt_7760,101.89999999999849,5672.0,0.7702750352609309
P_1-3_3494,P_1-3_2955,82.79999999999957,5672.0,0.7702750352609309
P_1-3_3494,P_1-3_3759,68.60000000000038,5672.0,0.7702750352609309
P_1-2_2795,P_1-1-pt_1296,45.80000000000038,5670.0,1.0
P_1-2_2795,P_1-2_1017,25.800000000000097,5670.0,1.0
P_1-2_2795,P_1-1-pt_4262,50.90000000000045,5670.0,1.0
P_1-2_2795,P_1-1-pt_3386,97.9999999999987,5670.0,1.0
P_1-2_2795,P_1-1-pt_8247,4040.099999997421,5670.0,1.0
P_1-2_2795,P_1-1-pt_1420,3684.099999997745,5670.0,1.0
P_1-3_1324,P_1-3_1737,47.80000000000041,5667.0,1.0
P_1-3_1324,P_1-1-pt_1121,6.399999999999993,5667.0,1.0
P_1-3_1324,P_1-1-pt_2808,55.40000000000052,5667.0,1.0
P_1-3_1324,P_1-1-pt_977,12.599999999999971,5667.0,1.0
P_1-3_1324,P_1-3_2643,185.79999999999373,5667.0,1.0
P_1-3_283,P_1-2_2335,515.2000000000486,5666.0,1.0
P_1-3_283,P_1-3_4291,49.30000000000043,5666.0,1.0
P_1-3_283,P_1-2_2215,63.700000000000635,5666.0,1.0
P_1-3_283,P_1-3_5020,43.900000000000354,5666.0,1.0
P_1-3_4291,P_1-2_2335,381.3000000000182,5665.0,1.0
P_1-3_4291,P_1-3_283,49.30000000000043,5665.0,1.0
P_1-3_4291,P_1-2_2215,100.89999999999854,5665.0,1.0
P_1-3_4291,P_1-3_5020,101.79999999999849,5665.0,1.0
P_1-2_4329,P_1-3_1027,31.300000000000175,5659.0,0.5532779643046475
P_1-2_4329,P_1-1-pt_2431,114.69999999999776,5659.0,0.5532779643046475
P_1-2_4329,P_1-2_4609,303.8000000000006,5659.0,0.5532779643046475
P_1-2_4329,P_1-2_2338,87.09999999999933,5659.0,0.5532779643046475
P_1-2_4329,P_1-1-pt_1167,132.19999999999678,5659.0,0.5532779643046475
P_1-2_4329,P_1-1-pt_3931,142.2999999999962,5659.0,0.5532779643046475
P_1-2_5437,P_1-2_1640,47.90000000000041,5655.0,0.9405835543766579
P_1-2_5437,P_1-2_5641,47.90000000000041,5655.0,0.9405835543766579
P_1-2_5437,P_1-3_547,48.10000000000041,5655.0,0.9405835543766579
P_1-2_5437,P_1-2_3752,532.7000000000526,5655.0,0.9405835543766579
P_1-2_5437,P_1-1-pt_498,52.20000000000047,5655.0,0.9405835543766579
P_1-2_5437,P_1-3_1535,17.099999999999973,5655.0,0.9405835543766579
P_1-1-pt_8969,P_1-1-pt_1006,51.000000000000455,5637.0,1.0
P_1-1-pt_8969,P_1-1-pt_7938,53.40000000000049,5637.0,1.0
P_1-1-pt_8969,P_1-1-pt_3931,51.100000000000456,5637.0,1.0
P_1-1-pt_8969,P_2-1_6236,23.400000000000063,5637.0,1.0
P_1-1-pt_8969,P_1-1-pt_2863,50.70000000000045,5637.0,1.0
P_1-1-pt_8969,P_1-1-pt_3353,53.00000000000048,5637.0,1.0
P_1-1-pt_8969,P_1-1-pt_2425,12.499999999999972,5637.0,1.0
P_1-1-pt_8969,P_2-1_842,11.699999999999974,5637.0,1.0
P_1-1-pt_8969,P_1-3_5451,8.099999999999987,5637.0,1.0
P_2-1_1878,P_1-1-pt_5999,414.7000000000258,5633.0,1.0
P_2-1_1878,P_2-1_6130,48.10000000000041,5633.0,1.0
P_2-1_1878,P_2-1_4267,80.39999999999971,5633.0,1.0
P_2-1_1878,P_2-1_1724,72.70000000000014,5633.0,1.0
P_2-1_1878,P_1-2_4940,109.29999999999806,5633.0,1.0
P_2-1_1878,P_1-1-veh_610,70.30000000000028,5633.0,1.0
P_2-1_1878,P_1-1-pt_7915,87.19999999999932,5633.0,1.0
P_2-1_1878,P_1-1-veh_767,76.8999999999999,5633.0,1.0
P_1-1-pt_3386,P_1-1-veh_610,52.90000000000048,5632.0,1.0
P_1-1-pt_3386,P_1-1-pt_3067,55.40000000000052,5632.0,1.0
P_1-1-pt_3386,P_1-1-pt_761,56.000000000000526,5632.0,1.0
P_1-1-pt_3386,P_1-1-pt_3097,62.70000000000062,5632.0,1.0
P_1-1-pt_3386,P_1-1-pt_2834,57.00000000000054,5632.0,1.0
P_1-1-pt_3386,P_1-1-pt_6297,128.59999999999698,5632.0,1.0
P_1-1-pt_3386,P_1-1-pt_5199,56.90000000000054,5632.0,1.0
P_1-1-pt_3386,P_1-2_2875,27.100000000000115,5632.0,1.0
P_1-1-pt_3386,P_1-3_2955,9.299999999999983,5632.0,1.0
P_1-1-pt_3386,P_1-1-pt_6931,60.40000000000059,5632.0,1.0
P_1-1-pt_3386,P_1-1-pt_5357,102.09999999999847,5632.0,1.0
P_1-1-pt_3386,P_1-1-veh_152,96.19999999999881,5632.0,1.0
P_1-1-pt_3386,P_1-1-pt_1420,96.49999999999879,5632.0,1.0
P_1-1-pt_3386,P_1-1-pt_8247,96.59999999999879,5632.0,1.0
P_1-1-pt_3386,P_1-2_2795,97.9999999999987,5632.0,1.0
P_1-1-pt_3386,P_1-2_671,96.3999999999988,5632.0,1.0
P_1-1-pt_3386,P_1-1-pt_3512,96.79999999999878,5632.0,1.0
P_1-1-pt_3386,P_1-1-pt_7664,79.59999999999975,5632.0,1.0
P_1-1-veh_298,P_1-1-pt_8739,3620.999999997802,5630.0,1.0
P_1-2_1265,P_1-2_5765,48.00000000000041,5630.0,0.7238010657193605
P_1-2_1265,P_1-1-pt_1669,39.000000000000284,5630.0,0.7238010657193605
P_1-2_1265,P_1-3_809,47.90000000000041,5630.0,0.7238010657193605
P_1-2_1265,P_1-2_4065,48.10000000000041,5630.0,0.7238010657193605
P_1-2_1265,P_1-3_2745,50.50000000000045,5630.0,0.7238010657193605
P_1-2_1265,P_1-2_960,51.100000000000456,5630.0,0.7238010657193605
P_1-2_3716,P_1-3_2482,2097.299999999188,5629.0,1.0
P_1-2_3716,P_1-3_4822,2052.199999999229,5629.0,1.0
P_1-2_3716,P_1-2_4327,2852.3999999985012,5629.0,1.0
P_1-2_3716,P_1-2_5943,49.10000000000043,5629.0,1.0
P_1-2_3716,P_1-1-pt_4645,30.700000000000166,5629.0,1.0
P_1-2_3716,P_1-2_3752,126.39999999999709,5629.0,1.0
P_1-2_3716,P_1-2_4098,3373.2999999980275,5629.0,1.0
P_1-1-pt_1138,P_1-2_263,585.6000000000646,5624.0,0.3977596017069701
P_1-1-pt_1138,P_1-1-pt_7325,40.3000000000003,5624.0,0.3977596017069701
P_1-1-pt_1138,P_1-1-pt_8137,41.00000000000031,5624.0,0.3977596017069701
P_1-1-pt_1138,P_1-1-pt_1798,791.8000000001115,5624.0,0.3977596017069701
P_1-1-pt_1138,P_1-1-pt_3275,57.60000000000055,5624.0,0.3977596017069701
P_1-1-pt_1138,P_1-1-pt_1560,57.300000000000544,5624.0,0.3977596017069701
P_1-1-pt_1138,P_1-1-pt_1966,56.20000000000053,5624.0,0.3977596017069701
P_1-1-pt_1138,P_1-1-pt_8762,2316.199999998989,5624.0,0.3977596017069701
P_1-1-pt_1138,P_1-1-pt_4595,55.60000000000052,5624.0,0.3977596017069701
P_1-1-pt_1138,P_1-2_2702,94.29999999999892,5624.0,0.3977596017069701
P_1-1-pt_1138,P_1-1-pt_5392,100.89999999999854,5624.0,0.3977596017069701
P_1-1-pt_4595,P_1-2_2512,496.1000000000443,5624.0,1.0
P_1-1-pt_4595,P_1-2_3693,44.80000000000037,5624.0,1.0
P_1-1-pt_4595,P_1-3_2643,35.600000000000236,5624.0,1.0
P_1-1-pt_4595,P_1-1-pt_6368,52.60000000000048,5624.0,1.0
P_1-1-pt_4595,P_1-2_3052,51.800000000000466,5624.0,1.0
P_1-1-pt_4595,P_1-1-pt_5193,80.19999999999972,5624.0,1.0
P_1-1-pt_4595,P_1-1-pt_7325,45.60000000000038,5624.0,1.0
P_1-1-pt_4595,P_1-1-pt_8137,44.10000000000036,5624.0,1.0
P_1-1-pt_4595,P_1-1-pt_8762,54.80000000000051,5624.0,1.0
P_1-1-pt_4595,P_1-1-pt_1138,55.60000000000052,5624.0,1.0
P_1-1-pt_4595,P_1-1-pt_3275,64.8000000000006,5624.0,1.0
P_1-3_3536,P_1-1-pt_2808,45.300000000000374,5624.0,1.0
P_1-3_3536,P_1-1-pt_1121,51.000000000000455,5624.0,1.0
P_1-3_3536,P_1-1-pt_977,87.89999999999928,5624.0,1.0
P_1-3_3536,P_1-1-pt_2606,47.2000000000004,5624.0,1.0
P_1-3_3536,P_1-2_2875,83.29999999999954,5624.0,1.0
P_1-3_3536,P_1-3_5123,4932.800000000414,5624.0,1.0
P_1-1-pt_3353,P_2-1_5841,57.300000000000544,5621.0,0.7148194271481942
P_1-1-pt_3353,P_1-3_4492,43.60000000000035,5621.0,0.7148194271481942
P_1-1-pt_3353,P_1-3_2528,107.19999999999818,5621.0,0.7148194271481942
P_1-1-pt_3353,P_1-2_4715,52.80000000000048,5621.0,0.7148194271481942
P_1-1-pt_3353,P_1-2_2653,51.60000000000046,5621.0,0.7148194271481942
P_1-1-pt_3353,P_1-1-pt_2770,53.70000000000049,5621.0,0.7148194271481942
P_1-1-pt_3353,P_1-1-pt_6355,55.10000000000051,5621.0,0.7148194271481942
P_1-1-pt_3353,P_1-2_4454,53.200000000000486,5621.0,0.7148194271481942
P_1-1-pt_3353,P_1-2_3590,52.400000000000475,5621.0,0.7148194271481942
P_1-1-pt_3353,P_1-1-pt_8982,52.80000000000048,5621.0,0.7148194271481942
P_1-1-pt_3353,P_1-1-pt_8969,53.00000000000048,5621.0,0.7148194271481942
P_1-1-pt_3353,P_1-2_1658,50.70000000000045,5621.0,0.7148194271481942
P_1-1-pt_3353,P_1-2_4609,77.39999999999988,5621.0,0.7148194271481942
P_1-1-pt_3353,P_1-2_2338,104.59999999999833,5621.0,0.7148194271481942
P_1-1-veh_792,P_1-3_2323,103.59999999999839,5609.0,1.0
P_1-1-veh_792,P_1-1-pt_7760,52.30000000000047,5609.0,1.0
P_1-1-veh_792,P_1-1-pt_6273,43.80000000000035,5609.0,1.0
P_1-1-veh_792,P_1-1-veh_105,6.999999999999991,5609.0,1.0
P_1-1-veh_792,P_1-1-pt_7763,45.400000000000375,5609.0,1.0
P_1-1-veh_792,P_1-3_528,48.200000000000415,5609.0,1.0
P_1-1-veh_792,P_1-1-pt_5906,50.90000000000045,5609.0,1.0
P_1-1-veh_792,P_1-1-pt_1238,51.30000000000046,5609.0,1.0
P_1-1-veh_792,P_1-1-pt_3916,48.900000000000425,5609.0,1.0
P_1-1-veh_792,P_1-1-pt_1226,39.50000000000029,5609.0,1.0
P_1-1-veh_792,P_1-1-pt_1108,68.00000000000041,5609.0,1.0
P_1-1-veh_792,P_1-1-pt_494,59.20000000000057,5609.0,1.0
P_1-1-veh_792,P_1-1-pt_2162,59.00000000000057,5609.0,1.0
P_1-1-veh_792,P_1-1-pt_3409,120.59999999999742,5609.0,1.0
P_1-1-veh_792,P_1-1-pt_3624,41.00000000000031,5609.0,1.0
P_1-1-veh_792,P_1-1-pt_5897,215.999999999992,5609.0,1.0
P_1-1-veh_792,P_1-1-pt_3769,212.99999999999218,5609.0,1.0
P_1-1-veh_792,P_1-1-pt_4671,163.89999999999498,5609.0,1.0
P_1-1-veh_792,P_1-1-pt_1270,193.2999999999933,5609.0,1.0
P_1-1-veh_792,P_1-1-pt_4919,159.7999999999952,5609.0,1.0
P_1-1-veh_792,P_1-1-pt_1304,141.59999999999624,5609.0,1.0
P_1-1-veh_792,P_2-1_3764,31.900000000000183,5609.0,1.0
P_1-1-veh_792,P_1-1-pt_7863,165.0999999999949,5609.0,1.0
P_1-1-veh_792,P_2-1_2925,71.7000000000002,5609.0,1.0
P_1-1-veh_792,P_1-1-pt_7325,48.00000000000041,5609.0,1.0
P_1-1-veh_792,P_1-1-pt_5193,100.49999999999856,5609.0,1.0
P_1-1-veh_792,P_1-1-pt_8545,119.2999999999975,5609.0,1.0
P_1-1-veh_792,P_1-1-pt_8137,48.300000000000416,5609.0,1.0
P_1-1-veh_792,P_1-1-pt_6389,45.80000000000038,5609.0,1.0
P_1-1-veh_792,P_1-2_5252,53.800000000000495,5609.0,1.0
P_1-3_2421,P_1-1-pt_725,1078.7000000001144,5604.0,0.5214132762312634
P_1-3_2421,P_1-1-pt_530,41.40000000000032,5604.0,0.5214132762312634
P_1-3_2421,P_1-2_5252,48.00000000000041,5604.0,0.5214132762312634
P_1-3_2421,P_1-3_5117,47.90000000000041,5604.0,0.5214132762312634
P_1-3_2421,P_1-2_171,44.600000000000364,5604.0,0.5214132762312634
P_1-3_2421,P_1-2_4285,50.00000000000044,5604.0,0.5214132762312634
P_1-3_2421,P_1-3_4124,1276.4999999999345,5604.0,0.5214132762312634
P_1-3_2421,P_1-2_2183,48.00000000000041,5604.0,0.5214132762312634
P_1-3_2421,P_1-3_5537,47.80000000000041,5604.0,0.5214132762312634
P_1-3_2421,P_1-2_1640,24.900000000000084,5604.0,0.5214132762312634
P_1-3_2421,P_1-2_5641,27.50000000000012,5604.0,0.5214132762312634
P_1-2_3389,P_1-1-pt_560,11.299999999999976,5598.0,0.8061807788495892
P_1-2_3389,P_1-2_4771,48.10000000000041,5598.0,0.8061807788495892
P_1-2_3389,P_1-1-pt_1714,45.00000000000037,5598.0,0.8061807788495892
P_1-2_3389,P_1-3_2454,48.00000000000041,5598.0,0.8061807788495892
P_1-2_3389,P_1-2_2287,48.10000000000041,5598.0,0.8061807788495892
P_1-2_3389,P_1-3_3834,49.40000000000043,5598.0,0.8061807788495892
P_1-2_3389,P_1-3_1785,48.300000000000416,5598.0,0.8061807788495892
P_1-2_3389,P_1-2_3280,48.00000000000041,5598.0,0.8061807788495892
P_1-2_3389,P_1-3_3046,48.00000000000041,5598.0,0.8061807788495892
P_1-2_3389,P_1-3_3457,48.10000000000041,5598.0,0.8061807788495892
P_1-2_3389,P_1-3_4168,48.10000000000041,5598.0,0.8061807788495892
P_1-2_3389,P_1-2_3081,47.90000000000041,5598.0,0.8061807788495892
P_1-2_3389,P_1-3_2053,48.00000000000041,5598.0,0.8061807788495892
P_1-2_3389,P_1-2_5951,48.200000000000415,5598.0,0.8061807788495892
P_1-2_3389,P_1-3_4690,48.00000000000041,5598.0,0.8061807788495892
P_1-2_3389,P_1-1-veh_234,51.000000000000455,5598.0,0.8061807788495892
P_1-2_3389,P_1-1-pt_8682,50.20000000000044,5598.0,0.8061807788495892
P_1-2_3389,P_1-1-pt_1473,30.700000000000166,5598.0,0.8061807788495892
P_1-2_3389,P_1-1-pt_7080,52.80000000000048,5598.0,0.8061807788495892
P_1-2_3389,P_1-1-pt_4966,45.70000000000038,5598.0,0.8061807788495892
P_1-2_1017,P_1-1-pt_1296,52.00000000000047,5594.0,1.0
P_1-2_1017,P_1-3_990,75.89999999999996,5594.0,1.0
P_1-2_1017,P_1-2_2795,25.800000000000097,5594.0,1.0
P_1-2_1017,P_1-1-pt_8247,36.40000000000025,5594.0,1.0
P_1-2_1017,P_1-2_671,25.500000000000092,5594.0,1.0
P_1-2_1017,P_1-2_1559,52.10000000000047,5594.0,1.0
P_1-2_1017,P_1-2_2564,51.100000000000456,5594.0,1.0
P_1-2_1017,P_1-1-pt_3275,4.300000000000001,5594.0,1.0
P_1-2_1017,P_1-1-pt_6368,22.200000000000045,5594.0,1.0
P_1-2_1017,P_1-1-pt_1306,26.600000000000108,5594.0,1.0
P_1-2_1017,P_1-2_3052,34.60000000000022,5594.0,1.0
P_1-2_1017,P_1-2_3693,50.70000000000045,5594.0,1.0
P_1-2_3413,P_1-1-pt_1306,2258.4999999990414,5593.0,1.0
P_1-2_3413,P_1-1-pt_5324,2.500000000000001,5593.0,1.0
P_1-2_3413,P_1-3_990,25.200000000000088,5593.0,1.0
P_1-2_3413,P_1-1-pt_1037,36.300000000000246,5593.0,1.0
P_1-2_3413,P_1-2_4208,31.400000000000176,5593.0,1.0
P_1-2_3413,P_1-3_3755,50.50000000000045,5593.0,1.0
P_1-2_3413,P_1-3_5334,99.49999999999862,5593.0,1.0
P_1-2_3413,P_1-1-pt_3927,89.2999999999992,5593.0,1.0
P_1-2_3413,P_1-2_2345,45.70000000000038,5593.0,1.0
P_1-2_3413,P_1-1-pt_1298,30.20000000000016,5593.0,1.0
P_1-1-pt_654,P_1-2_2543,312.2000000000025,5592.0,0.6126609442060086
P_1-1-pt_654,P_1-2_2034,56.90000000000054,5592.0,0.6126609442060086
P_1-1-pt_654,P_1-2_2512,34.900000000000226,5592.0,0.6126609442060086
P_1-1-pt_654,P_1-1-pt_1966,54.500000000000504,5592.0,0.6126609442060086
P_1-1-pt_654,P_1-2_149,29.000000000000142,5592.0,0.6126609442060086
P_1-1-pt_654,P_1-1-pt_3916,302.70000000000033,5592.0,0.6126609442060086
P_1-2_3081,P_1-3_4168,2272.6999999990285,5591.0,1.0
P_1-2_3081,P_1-2_4464,146.69999999999595,5591.0,1.0
P_1-2_3081,P_1-3_3579,21.00000000000003,5591.0,1.0
P_1-2_3081,P_1-1-veh_105,47.90000000000041,5591.0,1.0
P_1-2_3081,P_1-2_2554,48.200000000000415,5591.0,1.0
P_1-2_3081,P_1-2_3389,47.90000000000041,5591.0,1.0
P_1-2_3081,P_1-1-pt_1714,49.50000000000043,5591.0,1.0
P_1-2_3081,P_1-2_2287,50.80000000000045,5591.0,1.0
P_1-2_3081,P_1-2_4771,101.39999999999851,5591.0,1.0
P_1-2_3081,P_1-1-pt_560,45.60000000000038,5591.0,1.0
P_1-2_3081,P_1-3_874,48.10000000000041,5591.0,1.0
P_1-2_3081,P_1-3_1785,50.90000000000045,5591.0,1.0
P_1-2_3081,P_1-1-pt_3629,101.89999999999849,5591.0,1.0
P_1-2_3081,P_1-2_5951,50.80000000000045,5591.0,1.0
P_2-1_600,P_1-3_2773,47.90000000000041,5583.0,0.5128067347304317
P_2-1_600,P_1-3_4025,48.00000000000041,5583.0,0.5128067347304317
P_2-1_600,P_1-2_1953,52.80000000000048,5583.0,0.5128067347304317
P_2-1_600,P_1-2_2180,48.10000000000041,5583.0,0.5128067347304317
P_2-1_600,P_1-2_4376,41.900000000000325,5583.0,0.5128067347304317
P_2-1_600,P_1-3_1676,37.700000000000266,5583.0,0.5128067347304317
P_2-1_600,P_1-3_5144,26.70000000000011,5583.0,0.5128067347304317
P_2-1_600,P_1-3_2786,48.00000000000041,5583.0,0.5128067347304317
P_2-1_600,P_1-3_5475,47.90000000000041,5583.0,0.5128067347304317
P_2-1_600,P_1-1-pt_5999,204.89999999999264,5583.0,0.5128067347304317
P_2-1_600,P_1-1-pt_7040,45.300000000000374,5583.0,0.5128067347304317
P_2-1_600,P_2-1_1248,48.10000000000041,5583.0,0.5128067347304317
P_2-1_600,P_1-2_5518,48.10000000000041,5583.0,0.5128067347304317
P_1-3_3410,P_1-2_5640,46.60000000000039,5581.0,1.0
P_1-3_3410,P_1-1-pt_5241,865.9000000001283,5581.0,1.0
P_1-3_3410,P_1-2_4634,319.00000000000404,5581.0,1.0
P_1-3_3410,P_1-3_4775,240.8999999999906,5581.0,1.0
P_1-3_3410,P_1-3_2410,49.90000000000044,5581.0,1.0
P_1-3_3410,P_1-3_3253,306.2000000000011,5581.0,1.0
P_1-3_3410,P_1-3_2018,66.10000000000052,5581.0,1.0
P_1-3_3410,P_1-3_2633,146.099999999996,5581.0,1.0
P_1-3_3410,P_1-2_5210,50.400000000000446,5581.0,1.0
P_1-3_3410,P_1-2_573,55.300000000000516,5581.0,1.0
P_1-3_3410,P_1-3_4954,52.20000000000047,5581.0,1.0
P_1-3_3410,P_1-3_4875,210.19999999999234,5581.0,1.0
P_1-1-pt_8739,P_1-1-veh_298,3620.999999997802,5576.0,1.0
P_1-1-pt_1798,P_1-1-pt_1298,53.00000000000048,5574.0,0.3661643344097596
P_1-1-pt_1798,P_1-1-pt_3571,53.30000000000049,5574.0,0.3661643344097596
P_1-1-pt_1798,P_1-1-pt_7325,40.500000000000306,5574.0,0.3661643344097596
P_1-1-pt_1798,P_1-1-pt_8137,41.200000000000315,5574.0,0.3661643344097596
P_1-1-pt_1798,P_1-1-pt_8762,1438.599999999787,5574.0,0.3661643344097596
P_1-1-pt_1798,P_1-1-pt_1138,791.8000000001115,5574.0,0.3661643344097596
P_1-1-pt_1798,P_1-1-pt_4262,55.900000000000524,5574.0,0.3661643344097596
P_1-1-pt_5298,P_1-1-pt_7325,76.59999999999992,5573.0,1.0
P_1-1-pt_5298,P_1-1-pt_8137,54.500000000000504,5573.0,1.0
P_1-1-pt_5298,P_1-1-pt_3927,50.50000000000045,5573.0,1.0
P_1-1-pt_5298,P_1-1-pt_3571,50.20000000000044,5573.0,1.0
P_1-1-pt_5298,P_1-1-pt_7732,51.20000000000046,5573.0,1.0
P_1-1-pt_5298,P_1-1-pt_1560,120.59999999999742,5573.0,1.0
P_2-1_3119,P_2-1_1248,48.10000000000041,5570.0,1.0
P_2-1_3119,P_1-2_5518,48.80000000000042,5570.0,1.0
P_2-1_3119,P_1-2_1063,48.200000000000415,5570.0,1.0
P_2-1_3119,P_1-2_2715,49.90000000000044,5570.0,1.0
P_1-3_1571,P_1-3_1027,51.30000000000046,5568.0,0.9723419540229885
P_1-3_1571,P_1-1-pt_5997,51.800000000000466,5568.0,0.9723419540229885
P_1-3_1571,P_1-1-pt_394,42.20000000000033,5568.0,0.9723419540229885
P_1-3_1571,P_1-1-pt_4541,36.80000000000025,5568.0,0.9723419540229885
P_1-3_1571,P_1-2_104,27.200000000000117,5568.0,0.9723419540229885
P_1-3_1571,P_1-2_4962,17.299999999999976,5568.0,0.9723419540229885
P_1-3_1571,P_1-2_1715,19.900000000000013,5568.0,0.9723419540229885
P_1-1-pt_2952,P_1-1-pt_4715,38.50000000000028,5567.0,0.9590443686006825
P_1-1-pt_2952,P_1-2_5640,62.10000000000061,5567.0,0.9590443686006825
P_1-1-pt_2952,P_1-1-veh_5,2897.49999999846,5567.0,0.9590443686006825
P_1-1-pt_2952,P_1-2_3693,75.89999999999996,5567.0,0.9590443686006825
P_1-1-pt_7948,P_1-1-pt_5258,135.59999999999658,5563.0,1.0
P_1-1-pt_7325,P_1-1-pt_5298,76.59999999999992,5555.0,0.5281728172817282
P_1-1-pt_7325,P_1-1-pt_5193,170.6999999999946,5555.0,0.5281728172817282
P_1-1-pt_7325,P_1-1-pt_8762,42.40000000000033,5555.0,0.5281728172817282
P_1-1-pt_7325,P_1-1-pt_1798,40.500000000000306,5555.0,0.5281728172817282
P_1-1-pt_7325,P_1-1-pt_1138,40.3000000000003,5555.0,0.5281728172817282
P_1-1-pt_7325,P_1-1-pt_3275,56.80000000000054,5555.0,0.5281728172817282
P_1-1-pt_7325,P_1-1-pt_1560,56.80000000000054,5555.0,0.5281728172817282
P_1-1-pt_7325,P_1-1-pt_1966,56.50000000000053,5555.0,0.5281728172817282
P_1-1-pt_7325,P_1-1-pt_4595,45.60000000000038,5555.0,0.5281728172817282
P_1-1-pt_7325,P_1-1-pt_5906,55.60000000000052,5555.0,0.5281728172817282
P_1-1-pt_7325,P_1-1-pt_1226,56.000000000000526,5555.0,0.5281728172817282
P_1-1-pt_7325,P_1-1-pt_3624,52.20000000000047,5555.0,0.5281728172817282
P_1-1-pt_7325,P_1-1-pt_1304,48.00000000000041,5555.0,0.5281728172817282
P_1-1-pt_7325,P_1-1-veh_105,90.19999999999915,5555.0,0.5281728172817282
P_1-1-pt_7325,P_2-1_3764,50.80000000000045,5555.0,0.5281728172817282
P_1-1-pt_7325,P_2-1_2925,50.80000000000045,5555.0,0.5281728172817282
P_1-1-pt_7325,P_1-1-veh_792,48.00000000000041,5555.0,0.5281728172817282
P_1-1-pt_7325,P_1-1-pt_8545,109.79999999999804,5555.0,0.5281728172817282
P_1-1-pt_7325,P_1-1-pt_8137,4977.600000000577,5555.0,0.5281728172817282
P_1-1-pt_7325,P_2-1_63,54.70000000000051,5555.0,0.5281728172817282
P_1-1-pt_7325,P_1-2_1612,48.40000000000042,5555.0,0.5281728172817282
P_1-1-pt_7325,P_1-1-pt_6453,52.80000000000048,5555.0,0.5281728172817282
P_1-1-pt_7325,P_1-3_3245,65.30000000000057,5555.0,0.5281728172817282
P_1-1-pt_7325,P_2-1_5419,46.40000000000039,5555.0,0.5281728172817282
P_1-1-pt_7325,P_1-1-pt_8728,30.800000000000168,5555.0,0.5281728172817282
P_1-1-pt_7325,P_1-2_4483,2.700000000000001,5555.0,0.5281728172817282
P_1-1-pt_4380,P_1-2_4715,11.899999999999974,5550.0,0.8104504504504505
P_1-1-pt_4380,P_1-2_2653,12.99999999999997,5550.0,0.8104504504504505
P_1-1-pt_4380,P_1-1-pt_2863,41.40000000000032,5550.0,0.8104504504504505
P_1-1-pt_4380,P_1-1-pt_7440,50.70000000000045,5550.0,0.8104504504504505
P_1-1-pt_4380,P_1-1-pt_6673,156.99999999999537,5550.0,0.8104504504504505
P_1-1-pt_4380,P_1-2_3702,734.4000000000984,5550.0,0.8104504504504505
P_1-1-pt_4380,P_1-1-pt_2920,41.40000000000032,5550.0,0.8104504504504505
P_1-1-pt_4380,P_1-1-pt_1497,203.29999999999274,5550.0,0.8104504504504505
P_1-1-pt_4380,P_1-1-pt_2013,73.70000000000009,5550.0,0.8104504504504505
P_1-2_303,P_1-1-pt_7763,48.00000000000041,5548.0,0.9744051910598414
P_1-2_303,P_1-3_528,47.90000000000041,5548.0,0.9744051910598414
P_1-2_303,P_1-1-pt_2606,47.1000000000004,5548.0,0.9744051910598414
P_1-2_303,P_1-1-pt_1966,42.10000000000033,5548.0,0.9744051910598414
P_1-2_303,P_1-1-pt_2834,44.50000000000036,5548.0,0.9744051910598414
P_1-2_303,P_1-1-pt_5906,32.700000000000195,5548.0,0.9744051910598414
P_1-2_303,P_1-1-pt_1238,26.500000000000107,5548.0,0.9744051910598414
P_1-2_303,P_1-1-pt_776,98.79999999999866,5548.0,0.9744051910598414
P_1-2_303,P_1-1-pt_6931,113.59999999999782,5548.0,0.9744051910598414
P_1-2_303,P_1-1-pt_3409,13.09999999999997,5548.0,0.9744051910598414
P_1-2_303,P_1-1-pt_3624,13.09999999999997,5548.0,0.9744051910598414
P_1-2_303,P_2-1_3764,15.099999999999962,5548.0,0.9744051910598414
P_1-2_303,P_2-1_2925,15.099999999999962,5548.0,0.9744051910598414
P_1-2_303,P_2-1_63,15.199999999999962,5548.0,0.9744051910598414
P_1-2_303,P_1-2_1612,15.59999999999996,5548.0,0.9744051910598414
P_1-2_303,P_1-1-pt_6453,12.99999999999997,5548.0,0.9744051910598414
P_1-2_303,P_1-1-pt_5666,49.10000000000043,5548.0,0.9744051910598414
P_1-2_303,P_1-3_3245,27.600000000000122,5548.0,0.9744051910598414
P_1-2_303,P_2-1_5419,27.700000000000124,5548.0,0.9744051910598414
P_1-2_303,P_1-1-pt_8728,12.99999999999997,5548.0,0.9744051910598414
P_1-2_303,P_1-2_4483,15.199999999999962,5548.0,0.9744051910598414
P_1-2_303,P_1-1-pt_2880,48.900000000000425,5548.0,0.9744051910598414
P_1-2_303,P_1-1-pt_6743,49.10000000000043,5548.0,0.9744051910598414
P_1-2_303,P_1-1-pt_8280,50.70000000000045,5548.0,0.9744051910598414
P_1-2_303,P_1-1-pt_521,51.20000000000046,5548.0,0.9744051910598414
P_1-2_303,P_1-1-pt_1747,49.40000000000043,5548.0,0.9744051910598414
P_1-2_303,P_1-1-pt_4879,261.79999999999103,5548.0,0.9744051910598414
P_1-2_303,P_1-1-pt_6974,173.7999999999944,5548.0,0.9744051910598414
P_1-2_303,P_1-1-pt_3207,83.79999999999951,5548.0,0.9744051910598414
P_1-2_303,P_1-2_5543,75.79999999999997,5548.0,0.9744051910598414
P_1-2_303,P_1-1-pt_1497,48.60000000000042,5548.0,0.9744051910598414
P_1-2_303,P_1-1-pt_98,49.20000000000043,5548.0,0.9744051910598414
P_1-2_303,P_1-1-pt_5167,50.00000000000044,5548.0,0.9744051910598414
P_1-2_303,P_1-1-pt_3858,48.70000000000042,5548.0,0.9744051910598414
P_1-2_303,P_1-1-pt_3671,274.99999999999403,5548.0,0.9744051910598414
P_1-2_2215,P_1-2_2335,24.70000000000008,5539.0,0.5152554612745983
P_1-2_2215,P_1-3_283,63.700000000000635,5539.0,0.5152554612745983
P_1-2_2215,P_1-3_4291,100.89999999999854,5539.0,0.5152554612745983
P_1-2_2215,P_1-3_5020,101.79999999999849,5539.0,0.5152554612745983
P_1-2_2215,P_2-1_3664,70.90000000000025,5539.0,0.5152554612745983
P_1-2_2215,P_2-1_3058,32.800000000000196,5539.0,0.5152554612745983
P_1-1-veh_610,P_1-1-pt_4996,57.10000000000054,5536.0,1.0
P_1-1-veh_610,P_1-3_528,14.299999999999965,5536.0,1.0
P_1-1-veh_610,P_1-1-pt_3386,52.90000000000048,5536.0,1.0
P_1-1-veh_610,P_1-1-pt_521,51.90000000000047,5536.0,1.0
P_1-1-veh_610,P_1-1-pt_5666,51.30000000000046,5536.0,1.0
P_1-1-veh_610,P_1-1-pt_8280,208.09999999999246,5536.0,1.0
P_1-1-veh_610,P_1-1-pt_571,25.800000000000097,5536.0,1.0
P_1-1-veh_610,P_1-1-pt_3230,25.30000000000009,5536.0,1.0
P_1-1-veh_610,P_1-1-pt_3207,52.60000000000048,5536.0,1.0
P_1-1-veh_610,P_1-1-pt_2880,56.40000000000053,5536.0,1.0
P_1-1-veh_610,P_1-1-pt_4879,78.59999999999981,5536.0,1.0
P_1-1-veh_610,P_1-1-pt_6743,71.7000000000002,5536.0,1.0
P_1-1-veh_610,P_1-1-pt_5167,43.10000000000034,5536.0,1.0
P_1-1-veh_610,P_1-1-pt_3671,52.30000000000047,5536.0,1.0
P_1-1-veh_610,P_1-1-pt_6974,153.29999999999558,5536.0,1.0
P_1-1-veh_610,P_1-1-pt_3858,49.40000000000043,5536.0,1.0
P_1-1-veh_610,P_1-1-pt_7915,22.000000000000043,5536.0,1.0
P_1-1-veh_610,P_1-1-pt_98,49.10000000000043,5536.0,1.0
P_1-1-veh_610,P_1-1-pt_1497,47.2000000000004,5536.0,1.0
P_1-1-veh_610,P_1-1-pt_1747,340.60000000000895,5536.0,1.0
P_1-1-veh_610,P_1-2_5543,49.90000000000044,5536.0,1.0
P_1-1-veh_610,P_2-1_1878,70.30000000000028,5536.0,1.0
P_1-1-veh_610,P_1-3_3339,73.4000000000001,5536.0,1.0
P_1-1-veh_610,P_2-1_1463,71.00000000000024,5536.0,1.0
P_1-2_5765,P_1-2_960,48.00000000000041,5532.0,1.0
P_1-2_5765,P_1-2_1265,48.00000000000041,5532.0,1.0
P_1-2_5765,P_1-2_1494,48.10000000000041,5532.0,1.0
P_1-2_5765,P_1-2_1953,47.90000000000041,5532.0,1.0
P_1-2_5765,P_1-2_2180,48.00000000000041,5532.0,1.0
P_1-2_5765,P_1-3_5144,31.00000000000017,5532.0,1.0
P_1-2_5765,P_1-3_2786,90.69999999999912,5532.0,1.0
P_1-2_5765,P_1-3_5475,48.200000000000415,5532.0,1.0
P_1-2_5765,P_1-1-pt_7040,17.799999999999983,5532.0,1.0
P_1-2_5765,P_2-1_1248,48.00000000000041,5532.0,1.0
P_1-2_5765,P_1-2_5518,48.00000000000041,5532.0,1.0
P_1-1-pt_7277,P_1-1-pt_5258,53.100000000000485,5531.0,1.0
P_1-1-pt_7277,P_1-1-pt_3931,52.80000000000048,5531.0,1.0
P_1-1-pt_7277,P_1-3_4253,44.80000000000037,5531.0,1.0
P_1-1-pt_7277,P_1-1-pt_7959,41.50000000000032,5531.0,1.0
P_1-1-pt_7277,P_2-1_5841,35.40000000000023,5531.0,1.0
P_1-1-pt_7277,P_2-1_5552,127.19999999999705,5531.0,1.0
P_1-1-pt_7277,P_1-1-pt_6381,51.20000000000046,5531.0,1.0
P_1-1-pt_7277,P_1-1-veh_824,68.2000000000004,5531.0,1.0
P_1-1-pt_8137,P_1-1-pt_5298,54.500000000000504,5526.0,0.4426348172276511
P_1-1-pt_8137,P_1-1-pt_5193,100.49999999999856,5526.0,0.4426348172276511
P_1-1-pt_8137,P_1-1-pt_8762,63.700000000000635,5526.0,0.4426348172276511
P_1-1-pt_8137,P_1-1-pt_1798,41.200000000000315,5526.0,0.4426348172276511
P_1-1-pt_8137,P_1-1-pt_1138,41.00000000000031,5526.0,0.4426348172276511
P_1-1-pt_8137,P_1-1-pt_3275,56.50000000000053,5526.0,0.4426348172276511
P_1-1-pt_8137,P_1-1-pt_1560,56.700000000000536,5526.0,0.4426348172276511
P_1-1-pt_8137,P_1-1-pt_1966,57.20000000000054,5526.0,0.4426348172276511
P_1-1-pt_8137,P_1-1-pt_4595,44.10000000000036,5526.0,0.4426348172276511
P_1-1-pt_8137,P_1-1-pt_5906,54.90000000000051,5526.0,0.4426348172276511
P_1-1-pt_8137,P_1-1-pt_1226,56.30000000000053,5526.0,0.4426348172276511
P_1-1-pt_8137,P_1-1-pt_3624,52.70000000000048,5526.0,0.4426348172276511
P_1-1-pt_8137,P_1-1-pt_1304,48.200000000000415,5526.0,0.4426348172276511
P_1-1-pt_8137,P_1-1-veh_105,195.2999999999932,5526.0,0.4426348172276511
P_1-1-pt_8137,P_2-1_3764,51.20000000000046,5526.0,0.4426348172276511
P_1-1-pt_8137,P_2-1_2925,50.60000000000045,5526.0,0.4426348172276511
P_1-1-pt_8137,P_1-1-veh_792,48.300000000000416,5526.0,0.4426348172276511
P_1-1-pt_8137,P_1-1-pt_8545,55.200000000000514,5526.0,0.4426348172276511
P_1-1-pt_8137,P_1-1-pt_7325,4977.600000000577,5526.0,0.4426348172276511
P_1-1-pt_8137,P_1-1-pt_1108,55.300000000000516,5526.0,0.4426348172276511
P_1-1-pt_8137,P_1-2_1203,100.09999999999859,5526.0,0.4426348172276511
P_1-1-pt_8137,P_1-2_2554,94.99999999999888,5526.0,0.4426348172276511
P_1-1-pt_8137,P_1-1-pt_6389,55.80000000000052,5526.0,0.4426348172276511
P_1-1-pt_6389,P_1-1-pt_3512,1071.9000000001206,5520.0,1.0
P_1-1-pt_6389,P_1-1-pt_1226,60.70000000000059,5520.0,1.0
P_1-1-pt_6389,P_2-1_3764,53.30000000000049,5520.0,1.0
P_1-1-pt_6389,P_2-1_2925,51.700000000000465,5520.0,1.0
P_1-1-pt_6389,P_1-1-veh_792,45.80000000000038,5520.0,1.0
P_1-1-pt_6389,P_1-1-pt_8137,55.80000000000052,5520.0,1.0
P_1-1-pt_6389,P_1-1-pt_1108,21.80000000000004,5520.0,1.0
P_1-3_2786,P_1-2_250,48.40000000000042,5518.0,0.6411743385284523
P_1-3_2786,P_1-1-pt_5139,412.5000000000253,5518.0,0.6411743385284523
P_1-3_2786,P_1-3_5475,152.09999999999565,5518.0,0.6411743385284523
P_1-3_2786,P_1-1-pt_1006,53.900000000000496,5518.0,0.6411743385284523
P_1-3_2786,P_2-1_5067,55.60000000000052,5518.0,0.6411743385284523
P_1-3_2786,P_1-3_4663,48.00000000000041,5518.0,0.6411743385284523
P_1-3_2786,P_1-2_1658,48.00000000000041,5518.0,0.6411743385284523
P_1-3_2786,P_1-3_4881,47.80000000000041,5518.0,0.6411743385284523
P_1-3_2786,P_1-2_5543,50.70000000000045,5518.0,0.6411743385284523
P_1-3_2786,P_1-3_4025,60.40000000000059,5518.0,0.6411743385284523
P_1-3_2786,P_2-1_4267,66.60000000000049,5518.0,0.6411743385284523
P_1-3_2786,P_2-1_3390,63.10000000000063,5518.0,0.6411743385284523
P_1-3_2786,P_2-1_600,48.00000000000041,5518.0,0.6411743385284523
P_1-3_2786,P_1-2_5765,90.69999999999912,5518.0,0.6411743385284523
P_1-3_2786,P_2-1_1463,48.10000000000041,5518.0,0.6411743385284523
P_1-3_2786,P_2-1_4788,48.50000000000042,5518.0,0.6411743385284523
P_1-3_2786,P_2-1_499,48.60000000000042,5518.0,0.6411743385284523
P_1-3_2786,P_2-1_804,49.000000000000426,5518.0,0.6411743385284523
P_1-3_2786,P_2-1_213,48.00000000000041,5518.0,0.6411743385284523
P_1-1-pt_5913,P_1-1-pt_3595,161.99999999999508,5514.0,1.0
P_1-1-pt_5913,P_1-1-pt_5997,24.900000000000084,5514.0,1.0
P_1-1-pt_5913,P_1-1-pt_394,12.399999999999972,5514.0,1.0
P_1-1-pt_5913,P_1-1-pt_4541,3.900000000000002,5514.0,1.0
P_1-1-pt_7208,P_1-3_3457,42.40000000000033,5511.0,0.8417710034476501
P_1-1-pt_7208,P_1-1-veh_234,51.700000000000465,5511.0,0.8417710034476501
P_1-1-pt_7208,P_1-1-pt_1238,267.7999999999924,5511.0,0.8417710034476501
P_1-1-pt_7208,P_1-3_2053,44.50000000000036,5511.0,0.8417710034476501
P_1-1-pt_7208,P_1-2_5951,45.20000000000037,5511.0,0.8417710034476501
P_1-1-pt_7208,P_1-1-pt_5078,59.20000000000057,5511.0,0.8417710034476501
P_1-1-pt_7208,P_1-1-pt_2503,34.00000000000021,5511.0,0.8417710034476501
P_1-1-pt_7208,P_1-1-pt_761,55.70000000000052,5511.0,0.8417710034476501
P_1-1-pt_7208,P_1-2_1255,141.99999999999622,5511.0,0.8417710034476501
P_1-1-pt_7208,P_1-1-pt_571,60.900000000000595,5511.0,0.8417710034476501
P_1-1-pt_7208,P_1-1-pt_3230,60.100000000000584,5511.0,0.8417710034476501
P_1-1-pt_7208,P_1-2_250,51.50000000000046,5511.0,0.8417710034476501
P_1-1-pt_7208,P_1-1-pt_4736,60.50000000000059,5511.0,0.8417710034476501
P_1-1-pt_7208,P_1-1-pt_3858,548.9000000000563,5511.0,0.8417710034476501
P_2-1_2987,P_1-2_1948,14.199999999999966,5511.0,1.0
P_2-1_2987,P_1-3_4492,14.299999999999965,5511.0,1.0
P_2-1_2987,P_1-3_2528,14.099999999999966,5511.0,1.0
P_2-1_2987,P_1-1-pt_2425,45.50000000000038,5511.0,1.0
P_2-1_2987,P_1-1-pt_2342,52.00000000000047,5511.0,1.0
P_2-1_2987,P_1-1-pt_6516,383.6000000000187,5511.0,1.0
P_2-1_2987,P_1-3_80,50.60000000000045,5511.0,1.0
P_2-1_2911,P_1-1-pt_6381,52.80000000000048,5508.0,1.0
P_2-1_2911,P_1-2_4715,11.199999999999976,5508.0,1.0
P_2-1_2911,P_1-2_2653,27.600000000000122,5508.0,1.0
P_2-1_2911,P_1-2_4454,24.400000000000077,5508.0,1.0
P_2-1_2911,P_1-2_3590,9.299999999999983,5508.0,1.0
P_2-1_2911,P_1-2_1658,30.100000000000158,5508.0,1.0
P_2-1_2911,P_1-1-pt_1601,50.20000000000044,5508.0,1.0
P_2-1_2911,P_1-1-pt_2425,1484.5999999997453,5508.0,1.0
P_2-1_2911,P_1-2_1285,1534.6999999996997,5508.0,1.0
P_1-1-veh_5,P_1-2_5640,52.20000000000047,5507.0,0.9682222625749046
P_1-1-veh_5,P_1-1-pt_2952,2897.49999999846,5507.0,0.9682222625749046
P_1-1-veh_5,P_1-2_3693,90.49999999999913,5507.0,0.9682222625749046
P_1-2_671,P_1-1-pt_1296,49.50000000000043,5507.0,1.0
P_1-2_671,P_1-2_1017,25.500000000000092,5507.0,1.0
P_1-2_671,P_1-2_1559,194.79999999999322,5507.0,1.0
P_1-2_671,P_1-1-pt_3512,3221.099999998166,5507.0,1.0
P_1-2_671,P_1-1-pt_4262,50.300000000000445,5507.0,1.0
P_1-2_671,P_1-2_2543,66.20000000000051,5507.0,1.0
P_1-2_671,P_1-1-pt_3386,96.3999999999988,5507.0,1.0
P_1-2_671,P_1-1-pt_7664,156.2999999999954,5507.0,1.0
P_1-1-pt_3916,P_1-1-pt_6176,59.10000000000057,5504.0,1.0
P_1-1-pt_3916,P_1-1-pt_297,59.30000000000057,5504.0,1.0
P_1-1-pt_3916,P_1-1-pt_761,56.40000000000053,5504.0,1.0
P_1-1-pt_3916,P_1-1-pt_3097,61.70000000000061,5504.0,1.0
P_1-1-pt_3916,P_1-1-pt_6031,74.60000000000004,5504.0,1.0
P_1-1-pt_3916,P_1-1-pt_255,56.10000000000053,5504.0,1.0
P_1-1-pt_3916,P_1-1-pt_1108,55.900000000000524,5504.0,1.0
P_1-1-pt_3916,P_1-1-veh_792,48.900000000000425,5504.0,1.0
P_1-1-pt_3916,P_1-1-pt_494,55.60000000000052,5504.0,1.0
P_1-1-pt_3916,P_1-1-pt_2162,56.000000000000526,5504.0,1.0
P_1-1-pt_3916,P_1-1-pt_5897,56.700000000000536,5504.0,1.0
P_1-1-pt_3916,P_1-1-pt_3769,57.80000000000055,5504.0,1.0
P_1-1-pt_3916,P_1-1-pt_4671,55.900000000000524,5504.0,1.0
P_1-1-pt_3916,P_1-1-pt_1270,56.10000000000053,5504.0,1.0
P_1-1-pt_3916,P_1-1-pt_4919,56.600000000000534,5504.0,1.0
P_1-1-pt_3916,P_1-1-pt_1304,55.70000000000052,5504.0,1.0
P_1-1-pt_3916,P_1-1-pt_7863,62.00000000000061,5504.0,1.0
P_1-1-pt_3916,P_1-1-pt_8545,55.50000000000052,5504.0,1.0
P_1-1-pt_3916,P_1-3_2643,50.10000000000044,5504.0,1.0
P_1-1-pt_3916,P_1-1-pt_654,302.70000000000033,5504.0,1.0
P_1-1-pt_725,P_1-3_2421,1078.7000000001144,5500.0,0.4690909090909091
P_1-1-pt_725,P_1-1-pt_530,36.200000000000244,5500.0,0.4690909090909091
P_1-1-pt_725,P_1-2_5252,45.300000000000374,5500.0,0.4690909090909091
P_1-1-pt_725,P_1-3_5117,45.400000000000375,5500.0,0.4690909090909091
P_1-1-pt_725,P_1-2_171,41.100000000000314,5500.0,0.4690909090909091
P_1-1-pt_725,P_1-2_4285,47.70000000000041,5500.0,0.4690909090909091
P_1-1-pt_725,P_1-2_2183,45.300000000000374,5500.0,0.4690909090909091
P_1-1-pt_725,P_1-3_5537,45.00000000000037,5500.0,0.4690909090909091
P_1-1-pt_725,P_1-2_1640,30.30000000000016,5500.0,0.4690909090909091
P_1-1-pt_725,P_1-2_5641,33.1000000000002,5500.0,0.4690909090909091
P_1-1-pt_725,P_1-3_547,15.199999999999962,5500.0,0.4690909090909091
P_1-3_2633,P_1-3_2018,50.80000000000045,5500.0,0.8130909090909091
P_1-3_2633,P_1-2_4634,150.49999999999574,5500.0,0.8130909090909091
P_1-3_2633,P_1-3_4775,150.29999999999575,5500.0,0.8130909090909091
P_1-3_2633,P_1-3_2410,50.300000000000445,5500.0,0.8130909090909091
P_1-3_2633,P_1-3_3253,180.69999999999402,5500.0,0.8130909090909091
P_1-3_2633,P_1-2_5210,115.89999999999769,5500.0,0.8130909090909091
P_1-3_2633,P_1-2_573,108.5999999999981,5500.0,0.8130909090909091
P_1-3_2633,P_1-2_3693,71.40000000000022,5500.0,0.8130909090909091
P_1-3_2633,P_1-3_4954,125.89999999999712,5500.0,0.8130909090909091
P_1-3_2633,P_1-3_4875,133.5999999999967,5500.0,0.8130909090909091
P_1-3_2633,P_1-3_3410,146.099999999996,5500.0,0.8130909090909091
P_1-2_2338,P_1-2_4329,87.09999999999933,5498.0,1.0
P_1-2_2338,P_1-1-pt_3931,101.6999999999985,5498.0,1.0
P_1-2_2338,P_2-1_6236,74.90000000000002,5498.0,1.0
P_1-2_2338,P_2-1_5067,104.99999999999831,5498.0,1.0
P_1-2_2338,P_1-1-pt_3353,104.59999999999833,5498.0,1.0
P_1-2_171,P_1-2_4715,27.50000000000012,5485.0,0.5938012762078395
P_1-2_171,P_1-2_2653,30.800000000000168,5485.0,0.5938012762078395
P_1-2_171,P_1-1-pt_394,34.40000000000022,5485.0,0.5938012762078395
P_1-2_171,P_1-1-pt_4541,42.500000000000334,5485.0,0.5938012762078395
P_1-2_171,P_1-3_4124,49.90000000000044,5485.0,0.5938012762078395
P_1-2_171,P_1-3_2421,44.600000000000364,5485.0,0.5938012762078395
P_1-2_171,P_1-1-pt_725,41.100000000000314,5485.0,0.5938012762078395
P_1-2_171,P_1-3_5117,223.79999999999157,5485.0,0.5938012762078395
P_1-2_171,P_1-2_104,34.100000000000215,5485.0,0.5938012762078395
P_1-2_171,P_1-1-pt_527,17.999999999999986,5485.0,0.5938012762078395
P_1-2_171,P_1-2_4962,31.300000000000175,5485.0,0.5938012762078395
P_1-2_171,P_1-2_1715,35.90000000000024,5485.0,0.5938012762078395
P_1-2_171,P_1-1-pt_5357,57.70000000000055,5485.0,0.5938012762078395
P_1-2_171,P_1-2_4285,5447.000000002285,5485.0,0.5938012762078395
P_1-2_3752,P_1-2_1640,48.00000000000041,5481.0,1.0
P_1-2_3752,P_1-2_5641,48.00000000000041,5481.0,1.0
P_1-2_3752,P_1-3_547,48.00000000000041,5481.0,1.0
P_1-2_3752,P_1-2_5437,532.7000000000526,5481.0,1.0
P_1-2_3752,P_1-3_4822,102.79999999999843,5481.0,1.0
P_1-2_3752,P_1-2_3716,126.39999999999709,5481.0,1.0
P_1-2_3752,P_1-2_4098,58.30000000000056,5481.0,1.0
P_1-2_3752,P_1-3_2482,38.50000000000028,5481.0,1.0
P_1-2_3752,P_1-2_1025,16.79999999999997,5481.0,1.0
P_1-1-pt_3800,P_1-1-pt_5258,40.400000000000304,5474.0,1.0
P_1-1-pt_3800,P_1-2_4715,60.40000000000059,5474.0,1.0
P_1-1-pt_3800,P_1-2_2653,54.90000000000051,5474.0,1.0
P_1-1-pt_3800,P_1-1-pt_2342,196.8999999999931,5474.0,1.0
P_1-3_5550,P_2-1_5799,52.10000000000047,5472.0,0.8826754385964912
P_1-3_5550,P_1-2_1948,82.3999999999996,5472.0,0.8826754385964912
P_1-3_5550,P_1-2_3214,14.199999999999966,5472.0,0.8826754385964912
P_1-3_5550,P_1-2_2653,18.499999999999993,5472.0,0.8826754385964912
P_1-3_5550,P_1-2_4454,11.199999999999976,5472.0,0.8826754385964912
P_1-3_5550,P_1-2_3590,11.099999999999977,5472.0,0.8826754385964912
P_1-3_5550,P_1-2_1658,27.100000000000115,5472.0,0.8826754385964912
P_1-3_5550,P_1-1-pt_1601,62.00000000000061,5472.0,0.8826754385964912
P_2-1_2161,P_1-2_4734,203.7999999999927,5470.0,1.0
P_2-1_2161,P_1-2_4206,203.59999999999272,5470.0,1.0
P_2-1_2161,P_1-3_1500,203.39999999999273,5470.0,1.0
P_2-1_2161,P_1-3_3901,203.6999999999927,5470.0,1.0
P_2-1_2161,P_1-2_1420,203.59999999999272,5470.0,1.0
P_2-1_2161,P_1-3_228,203.39999999999273,5470.0,1.0
P_2-1_2161,P_1-3_3776,153.29999999999558,5470.0,1.0
P_2-1_2161,P_1-3_874,152.8999999999956,5470.0,1.0
P_2-1_2161,P_1-3_2454,101.5999999999985,5470.0,1.0
P_2-1_2161,P_1-3_3834,101.5999999999985,5470.0,1.0
P_2-1_2161,P_1-2_3280,51.20000000000046,5470.0,1.0
P_2-1_2161,P_1-3_3046,50.90000000000045,5470.0,1.0
P_2-1_2161,P_1-3_3457,50.90000000000045,5470.0,1.0
P_2-1_2161,P_1-3_4168,50.90000000000045,5470.0,1.0
P_2-1_2161,P_1-3_2053,50.80000000000045,5470.0,1.0
P_2-1_4788,P_1-2_1805,48.200000000000415,5470.0,0.526508226691042
P_2-1_4788,P_2-1_1609,48.10000000000041,5470.0,0.526508226691042
P_2-1_4788,P_2-1_499,445.4000000000328,5470.0,0.526508226691042
P_2-1_4788,P_1-2_4376,48.10000000000041,5470.0,0.526508226691042
P_2-1_4788,P_1-3_1676,47.90000000000041,5470.0,0.526508226691042
P_2-1_4788,P_1-3_5144,47.90000000000041,5470.0,0.526508226691042
P_2-1_4788,P_1-3_2786,48.50000000000042,5470.0,0.526508226691042
P_2-1_4788,P_1-3_5475,48.10000000000041,5470.0,0.526508226691042
P_2-1_4788,P_1-2_4853,66.90000000000047,5470.0,0.526508226691042
P_2-1_4788,P_2-1_6130,51.60000000000046,5470.0,0.526508226691042
P_1-3_2482,P_1-2_3716,2097.299999999188,5462.0,1.0
P_1-3_2482,P_1-2_1025,2543.899999998782,5462.0,1.0
P_1-3_2482,P_1-2_5943,38.400000000000276,5462.0,1.0
P_1-3_2482,P_1-1-pt_4645,29.000000000000142,5462.0,1.0
P_1-3_2482,P_1-2_3752,38.50000000000028,5462.0,1.0
P_1-3_2482,P_1-2_4098,3096.3999999982793,5462.0,1.0
P_1-1-pt_2503,P_1-1-pt_571,48.50000000000042,5459.0,0.43890822494962445
P_1-1-pt_2503,P_1-1-pt_3230,48.80000000000042,5459.0,0.43890822494962445
P_1-1-pt_2503,P_1-1-pt_2920,41.40000000000032,5459.0,0.43890822494962445
P_1-1-pt_2503,P_1-1-pt_7208,34.00000000000021,5459.0,0.43890822494962445
P_1-1-pt_2503,P_1-1-pt_6176,11.399999999999975,5459.0,0.43890822494962445
P_1-1-pt_2503,P_1-1-pt_761,53.30000000000049,5459.0,0.43890822494962445
P_1-1-pt_2503,P_1-2_1255,52.20000000000047,5459.0,0.43890822494962445
P_1-1-pt_2503,P_1-1-pt_6538,108.49999999999811,5459.0,0.43890822494962445
P_1-1-pt_2503,P_1-1-pt_7123,152.09999999999565,5459.0,0.43890822494962445
P_1-1-pt_2503,P_1-1-pt_2297,25.700000000000095,5459.0,0.43890822494962445
P_1-1-pt_2503,P_1-2_1596,76.29999999999994,5459.0,0.43890822494962445
P_1-3_28,P_1-3_234,82.09999999999961,5457.0,1.0
P_1-3_28,P_2-1_4267,47.90000000000041,5457.0,1.0
P_1-3_28,P_2-1_3390,48.00000000000041,5457.0,1.0
P_1-3_28,P_1-3_268,35.00000000000023,5457.0,1.0
P_1-3_28,P_2-1_1463,49.90000000000044,5457.0,1.0
P_1-3_28,P_2-1_499,48.200000000000415,5457.0,1.0
P_1-3_28,P_2-1_804,49.000000000000426,5457.0,1.0
P_1-3_28,P_2-1_213,48.80000000000042,5457.0,1.0
P_1-1-veh_603,P_1-1-pt_6309,2450.199999998867,5455.0,0.4955087076076994
P_1-1-veh_603,P_1-2_5252,48.00000000000041,5455.0,0.4955087076076994
P_1-1-veh_603,P_1-3_5117,47.90000000000041,5455.0,0.4955087076076994
P_1-1-veh_603,P_1-2_2183,48.200000000000415,5455.0,0.4955087076076994
P_1-1-veh_603,P_1-3_5537,48.50000000000042,5455.0,0.4955087076076994
P_1-1-veh_603,P_1-2_1600,5454.00000000231,5455.0,0.4955087076076994
P_1-1-pt_1497,P_1-1-pt_1747,670.900000000084,5453.0,1.0
P_1-1-pt_1497,P_1-1-pt_3207,440.40000000003164,5453.0,1.0
P_1-1-pt_1497,P_1-1-pt_4879,165.2999999999949,5453.0,1.0
P_1-1-pt_1497,P_1-1-pt_6974,425.7000000000283,5453.0,1.0
P_1-1-pt_1497,P_1-1-pt_5167,946.4000000001466,5453.0,1.0
P_1-1-pt_1497,P_1-1-pt_98,919.3000000001405,5453.0,1.0
P_1-1-pt_1497,P_1-1-pt_3671,447.3000000000332,5453.0,1.0
P_1-1-pt_1497,P_1-1-pt_4736,160.39999999999517,5453.0,1.0
P_1-1-pt_1497,P_1-1-pt_521,434.6000000000303,5453.0,1.0
P_1-1-pt_1497,P_1-1-pt_5666,126.39999999999709,5453.0,1.0
P_1-1-pt_1497,P_1-2_250,13.199999999999969,5453.0,1.0
P_1-1-pt_1497,P_1-2_4483,23.500000000000064,5453.0,1.0
P_1-1-pt_1497,P_1-1-pt_2920,51.30000000000046,5453.0,1.0
P_1-1-pt_1497,P_1-1-veh_610,47.2000000000004,5453.0,1.0
P_1-1-pt_1497,P_1-1-pt_2369,123.39999999999726,5453.0,1.0
P_1-1-pt_1497,P_1-3_1945,175.8999999999943,5453.0,1.0
P_1-1-pt_1497,P_1-1-pt_6673,584.0000000000642,5453.0,1.0
P_1-1-pt_1497,P_1-1-pt_4380,203.29999999999274,5453.0,1.0
P_1-1-pt_1497,P_1-1-pt_2013,56.80000000000054,5453.0,1.0
P_1-1-pt_1497,P_1-1-pt_3858,54.2000000000005,5453.0,1.0
P_1-1-pt_1497,P_1-2_303,48.60000000000042,5453.0,1.0
P_1-1-pt_1497,P_1-2_5543,76.9999999999999,5453.0,1.0
P_1-1-pt_1497,P_1-1-pt_2880,49.80000000000044,5453.0,1.0
P_1-1-pt_1497,P_1-1-pt_6743,37.50000000000026,5453.0,1.0
P_1-2_4285,P_1-2_4715,39.50000000000029,5448.0,0.5135829662261381
P_1-2_4285,P_1-2_2653,27.600000000000122,5448.0,0.5135829662261381
P_1-2_4285,P_1-1-pt_4541,30.30000000000016,5448.0,0.5135829662261381
P_1-2_4285,P_1-3_4124,51.90000000000047,5448.0,0.5135829662261381
P_1-2_4285,P_1-3_2421,50.00000000000044,5448.0,0.5135829662261381
P_1-2_4285,P_1-1-pt_725,47.70000000000041,5448.0,0.5135829662261381
P_1-2_4285,P_1-3_5117,202.79999999999276,5448.0,0.5135829662261381
P_1-2_4285,P_1-2_104,21.500000000000036,5448.0,0.5135829662261381
P_1-2_4285,P_1-2_4962,19.200000000000003,5448.0,0.5135829662261381
P_1-2_4285,P_1-2_1715,27.800000000000125,5448.0,0.5135829662261381
P_1-2_4285,P_1-1-pt_5357,39.50000000000029,5448.0,0.5135829662261381
P_1-2_4285,P_1-2_171,5447.000000002285,5448.0,0.5135829662261381
P_1-1-pt_498,P_1-1-pt_6292,112.0999999999979,5446.0,1.0
P_1-1-pt_498,P_1-1-veh_530,7.999999999999988,5446.0,1.0
P_1-1-pt_498,P_1-3_743,51.60000000000046,5446.0,1.0
P_1-1-pt_498,P_1-2_5428,295.0999999999986,5446.0,1.0
P_1-1-pt_498,P_1-3_2599,52.10000000000047,5446.0,1.0
P_1-1-pt_498,P_1-2_5745,51.800000000000466,5446.0,1.0
P_1-1-pt_498,P_1-1-pt_8735,53.100000000000485,5446.0,1.0
P_1-1-pt_498,P_1-1-pt_1723,924.2000000001416,5446.0,1.0
P_1-1-pt_498,P_1-2_4266,52.00000000000047,5446.0,1.0
P_1-1-pt_498,P_1-3_1535,51.100000000000456,5446.0,1.0
P_1-1-pt_498,P_1-1-pt_2032,52.90000000000048,5446.0,1.0
P_1-1-pt_498,P_1-2_609,51.60000000000046,5446.0,1.0
P_1-1-pt_498,P_1-2_2598,51.700000000000465,5446.0,1.0
P_1-1-pt_498,P_1-2_5437,52.20000000000047,5446.0,1.0
P_1-1-pt_498,P_1-2_4270,52.20000000000047,5446.0,1.0
P_1-3_3755,P_1-3_5334,3853.399999997591,5442.0,0.9773980154355016
P_1-3_3755,P_1-2_4019,5.1999999999999975,5442.0,0.9773980154355016
P_1-3_3755,P_1-1-pt_7732,52.400000000000475,5442.0,0.9773980154355016
P_1-3_3755,P_1-1-pt_5115,51.20000000000046,5442.0,0.9773980154355016
P_1-3_3755,P_1-1-pt_6368,66.80000000000048,5442.0,0.9773980154355016
P_1-3_3755,P_1-1-pt_1306,101.49999999999851,5442.0,0.9773980154355016
P_1-3_3755,P_1-2_3052,51.40000000000046,5442.0,0.9773980154355016
P_1-3_3755,P_1-2_3413,50.50000000000045,5442.0,0.9773980154355016
P_1-3_3755,P_1-1-pt_1037,42.40000000000033,5442.0,0.9773980154355016
P_1-3_3755,P_1-1-pt_5324,49.30000000000043,5442.0,0.9773980154355016
P_1-3_3755,P_1-2_4208,5215.5000000014425,5442.0,0.9773980154355016
P_1-3_2745,P_1-2_960,50.50000000000045,5441.0,1.0
P_1-3_2745,P_1-2_1265,50.50000000000045,5441.0,1.0
P_1-1-pt_1723,P_1-1-veh_530,13.899999999999967,5437.0,0.8033842192385506
P_1-1-pt_1723,P_1-1-pt_6292,6.499999999999993,5437.0,0.8033842192385506
P_1-1-pt_1723,P_1-3_743,569.800000000061,5437.0,0.8033842192385506
P_1-1-pt_1723,P_1-2_5428,391.5000000000205,5437.0,0.8033842192385506
P_1-1-pt_1723,P_1-3_2599,99.49999999999862,5437.0,0.8033842192385506
P_1-1-pt_1723,P_1-2_5745,51.90000000000047,5437.0,0.8033842192385506
P_1-1-pt_1723,P_1-1-pt_498,924.2000000001416,5437.0,0.8033842192385506
P_1-1-pt_1723,P_1-2_4266,751.8000000001024,5437.0,0.8033842192385506
P_1-1-pt_1723,P_1-1-pt_8735,745.900000000101,5437.0,0.8033842192385506
P_1-1-pt_1723,P_1-3_3076,558.0000000000583,5437.0,0.8033842192385506
P_1-1-pt_1723,P_1-2_5753,74.30000000000005,5437.0,0.8033842192385506
P_1-1-pt_1723,P_1-1-pt_182,105.99999999999825,5437.0,0.8033842192385506
P_1-1-pt_1723,P_1-3_4289,102.39999999999846,5437.0,0.8033842192385506
P_1-1-pt_1723,P_1-1-pt_8289,86.19999999999938,5437.0,0.8033842192385506
P_1-1-pt_1723,P_1-1-pt_8184,127.09999999999705,5437.0,0.8033842192385506
P_1-1-pt_4901,P_1-2_6013,32.700000000000195,5436.0,1.0
P_1-1-pt_4901,P_2-1_2384,151.59999999999567,5436.0,1.0
P_1-1-pt_4901,P_1-1-pt_150,627.6000000000741,5436.0,1.0
P_1-1-pt_4901,P_1-1-pt_5078,112.89999999999786,5436.0,1.0
P_1-1-pt_4901,P_1-3_4690,43.80000000000035,5436.0,1.0
P_1-1-pt_4901,P_1-1-pt_8682,59.400000000000574,5436.0,1.0
P_1-1-pt_4901,P_1-2_1596,52.20000000000047,5436.0,1.0
P_1-1-pt_4901,P_1-1-veh_234,52.30000000000047,5436.0,1.0
P_1-1-pt_4901,P_1-2_505,162.19999999999507,5436.0,1.0
P_1-1-pt_4901,P_1-1-pt_8068,44.000000000000355,5436.0,1.0
P_1-1-pt_4919,P_1-1-pt_4671,37.50000000000026,5432.0,0.4653902798232695
P_1-1-pt_4919,P_1-1-pt_5897,32.9000000000002,5432.0,0.4653902798232695
P_1-1-pt_4919,P_1-1-pt_3275,55.40000000000052,5432.0,0.4653902798232695
P_1-1-pt_4919,P_1-1-pt_1560,55.70000000000052,5432.0,0.4653902798232695
P_1-1-pt_4919,P_1-1-pt_1270,2462.8999999988555,5432.0,0.4653902798232695
P_1-1-pt_4919,P_1-1-pt_1966,73.90000000000008,5432.0,0.4653902798232695
P_1-1-pt_4919,P_1-1-pt_5906,56.10000000000053,5432.0,0.4653902798232695
P_1-1-pt_4919,P_1-1-pt_1238,55.300000000000516,5432.0,0.4653902798232695
P_1-1-pt_4919,P_1-1-pt_3916,56.600000000000534,5432.0,0.4653902798232695
P_1-1-pt_4919,P_1-1-pt_1108,55.70000000000052,5432.0,0.4653902798232695
P_1-1-pt_4919,P_1-1-pt_1226,56.000000000000526,5432.0,0.4653902798232695
P_1-1-pt_4919,P_1-1-pt_3624,54.1000000000005,5432.0,0.4653902798232695
P_1-1-pt_4919,P_1-1-pt_3409,266.19999999999203,5432.0,0.4653902798232695
P_1-1-pt_4919,P_1-1-pt_1304,3100.999999998275,5432.0,0.4653902798232695
P_1-1-pt_4919,P_1-1-veh_792,159.7999999999952,5432.0,0.4653902798232695
P_1-1-pt_4919,P_2-1_3764,50.60000000000045,5432.0,0.4653902798232695
P_1-1-pt_4919,P_2-1_2925,63.700000000000635,5432.0,0.4653902798232695
P_1-1-pt_4919,P_1-1-pt_1473,64.6000000000006,5432.0,0.4653902798232695
P_1-1-pt_4919,P_1-1-pt_6297,64.90000000000059,5432.0,0.4653902798232695
P_1-1-pt_4919,P_1-1-pt_3769,60.30000000000059,5432.0,0.4653902798232695
P_1-1-pt_4919,P_1-1-pt_6031,56.40000000000053,5432.0,0.4653902798232695
P_1-1-pt_4919,P_1-1-pt_7080,45.10000000000037,5432.0,0.4653902798232695
P_1-1-pt_4919,P_1-2_1255,55.10000000000051,5432.0,0.4653902798232695
P_1-3_4587,P_1-3_2076,88.89999999999922,5425.0,1.0
P_1-3_4587,P_1-2_5020,76.8999999999999,5425.0,1.0
P_1-3_4587,P_1-2_2422,39.800000000000296,5425.0,1.0
P_1-3_4587,P_1-2_5092,92.59999999999901,5425.0,1.0
P_1-3_4587,P_1-3_5354,98.69999999999867,5425.0,1.0
P_1-3_4587,P_1-2_4955,46.000000000000384,5425.0,1.0
P_1-3_4587,P_1-2_2061,45.60000000000038,5425.0,1.0
P_1-3_4587,P_1-1-pt_4785,42.500000000000334,5425.0,1.0
P_1-3_4587,P_2-1_3664,39.30000000000029,5425.0,1.0
P_1-3_4587,P_2-1_3058,38.90000000000028,5425.0,1.0
P_1-3_4587,P_1-2_3077,392.4000000000207,5425.0,1.0
P_1-1-pt_3512,P_1-1-pt_6389,1071.9000000001206,5421.0,1.0
P_1-1-pt_3512,P_1-2_671,3221.099999998166,5421.0,1.0
P_1-1-pt_3512,P_1-1-pt_4262,52.80000000000048,5421.0,1.0
P_1-1-pt_3512,P_1-1-pt_3386,96.79999999999878,5421.0,1.0
P_1-1-pt_3512,P_1-1-pt_7664,168.4999999999947,5421.0,1.0
P_2-1_5067,P_2-1_6130,135.99999999999656,5421.0,1.0
P_2-1_5067,P_1-2_2180,48.60000000000042,5421.0,1.0
P_2-1_5067,P_1-2_3879,48.60000000000042,5421.0,1.0
P_2-1_5067,P_1-3_4262,51.50000000000046,5421.0,1.0
P_2-1_5067,P_1-3_5144,48.200000000000415,5421.0,1.0
P_2-1_5067,P_1-3_2786,55.60000000000052,5421.0,1.0
P_2-1_5067,P_1-3_5475,93.29999999999897,5421.0,1.0
P_2-1_5067,P_1-1-pt_7915,20.100000000000016,5421.0,1.0
P_2-1_5067,P_1-2_752,31.00000000000017,5421.0,1.0
P_2-1_5067,P_1-3_3339,31.70000000000018,5421.0,1.0
P_2-1_5067,P_1-1-pt_7938,11.999999999999973,5421.0,1.0
P_2-1_5067,P_1-1-pt_2863,23.20000000000006,5421.0,1.0
P_2-1_5067,P_1-2_4609,103.59999999999839,5421.0,1.0
P_2-1_5067,P_1-2_2338,104.99999999999831,5421.0,1.0
P_2-1_5067,P_1-3_2171,49.50000000000043,5421.0,1.0
P_2-1_2486,P_2-1_5001,607.1000000000695,5420.0,1.0
P_2-1_2486,P_2-1_3601,154.7999999999955,5420.0,1.0
P_2-1_2486,P_2-1_1248,48.00000000000041,5420.0,1.0
P_2-1_2486,P_1-2_5518,47.90000000000041,5420.0,1.0
P_2-1_2486,P_1-2_1063,45.60000000000038,5420.0,1.0
P_1-1-pt_2808,P_1-3_3759,44.90000000000037,5418.0,1.0
P_1-1-pt_2808,P_1-3_1737,45.300000000000374,5418.0,1.0
P_1-1-pt_2808,P_1-1-pt_5392,41.50000000000032,5418.0,1.0
P_1-1-pt_2808,P_1-3_2643,45.50000000000038,5418.0,1.0
P_1-1-pt_2808,P_1-3_1324,55.40000000000052,5418.0,1.0
P_1-1-pt_2808,P_1-1-pt_1121,38.50000000000028,5418.0,1.0
P_1-1-pt_2808,P_1-3_3536,45.300000000000374,5418.0,1.0
P_1-1-pt_2808,P_1-3_5123,45.300000000000374,5418.0,1.0
P_1-1-pt_2808,P_1-3_458,85.59999999999941,5418.0,1.0
P_1-2_4464,P_1-2_3081,146.69999999999595,5418.0,1.0
P_1-2_4464,P_1-1-pt_7080,87.69999999999929,5418.0,1.0
P_1-2_4464,P_1-3_3579,122.89999999999729,5418.0,1.0
P_1-2_4464,P_1-1-pt_1700,54.70000000000051,5418.0,1.0
P_1-2_4464,P_1-3_17,51.20000000000046,5418.0,1.0
P_1-3_1535,P_1-2_4753,9.599999999999982,5417.0,1.0
P_1-3_1535,P_1-3_2043,9.89999999999998,5417.0,1.0
P_1-3_1535,P_1-2_638,15.499999999999961,5417.0,1.0
P_1-3_1535,P_1-2_3608,10.19999999999998,5417.0,1.0
P_1-3_1535,P_1-1-veh_246,10.599999999999978,5417.0,1.0
P_1-3_1535,P_1-2_5428,11.899999999999974,5417.0,1.0
P_1-3_1535,P_1-1-pt_498,51.100000000000456,5417.0,1.0
P_1-3_1535,P_1-1-veh_530,12.199999999999973,5417.0,1.0
P_1-3_1535,P_1-2_2598,21.600000000000037,5417.0,1.0
P_1-3_1535,P_1-2_5437,17.099999999999973,5417.0,1.0
P_2-1_499,P_1-2_5288,48.00000000000041,5415.0,1.0
P_2-1_499,P_2-1_804,3053.999999998318,5415.0,1.0
P_2-1_499,P_1-3_268,48.00000000000041,5415.0,1.0
P_2-1_499,P_1-3_28,48.200000000000415,5415.0,1.0
P_2-1_499,P_1-3_2773,52.10000000000047,5415.0,1.0
P_2-1_499,P_1-3_234,58.90000000000057,5415.0,1.0
P_2-1_499,P_1-2_3879,92.899999999999,5415.0,1.0
P_2-1_499,P_1-3_4262,47.0000000000004,5415.0,1.0
P_2-1_499,P_2-1_4788,445.4000000000328,5415.0,1.0
P_2-1_499,P_1-2_5369,34.100000000000215,5415.0,1.0
P_2-1_499,P_1-2_4376,48.10000000000041,5415.0,1.0
P_2-1_499,P_1-3_1676,48.00000000000041,5415.0,1.0
P_2-1_499,P_1-3_5144,48.00000000000041,5415.0,1.0
P_2-1_499,P_1-3_2786,48.60000000000042,5415.0,1.0
P_2-1_499,P_1-3_5475,48.10000000000041,5415.0,1.0
P_2-1_499,P_1-2_4853,58.20000000000056,5415.0,1.0
P_2-1_499,P_2-1_6130,53.00000000000048,5415.0,1.0
P_2-1_1724,P_2-1_4267,395.9000000000215,5414.0,1.0
P_2-1_1724,P_2-1_1878,72.70000000000014,5414.0,1.0
P_2-1_1724,P_1-2_752,96.79999999999878,5414.0,1.0
P_2-1_1724,P_1-2_4940,43.40000000000035,5414.0,1.0
P_2-1_1724,P_1-2_3702,82.99999999999956,5414.0,1.0
P_2-1_1724,P_1-2_848,77.99999999999984,5414.0,1.0
P_2-1_1724,P_1-1-pt_2920,45.00000000000037,5414.0,1.0
P_2-1_1724,P_1-1-pt_6673,45.400000000000375,5414.0,1.0
P_1-1-pt_1226,P_1-2_6013,86.39999999999937,5413.0,0.6983188619988916
P_1-1-pt_1226,P_1-1-pt_7142,73.90000000000008,5413.0,0.6983188619988916
P_1-1-pt_1226,P_1-2_5951,52.10000000000047,5413.0,0.6983188619988916
P_1-1-pt_1226,P_1-1-pt_6297,56.30000000000053,5413.0,0.6983188619988916
P_1-1-pt_1226,P_1-1-pt_5199,55.70000000000052,5413.0,0.6983188619988916
P_1-1-pt_1226,P_1-1-pt_6931,65.70000000000054,5413.0,0.6983188619988916
P_1-1-pt_1226,P_1-1-pt_6031,56.10000000000053,5413.0,0.6983188619988916
P_1-1-pt_1226,P_1-1-pt_255,56.000000000000526,5413.0,0.6983188619988916
P_1-1-pt_1226,P_1-1-veh_792,39.50000000000029,5413.0,0.6983188619988916
P_1-1-pt_1226,P_1-1-pt_494,56.10000000000053,5413.0,0.6983188619988916
P_1-1-pt_1226,P_1-1-pt_2162,56.000000000000526,5413.0,0.6983188619988916
P_1-1-pt_1226,P_1-1-pt_5897,55.900000000000524,5413.0,0.6983188619988916
P_1-1-pt_1226,P_1-1-pt_3769,55.60000000000052,5413.0,0.6983188619988916
P_1-1-pt_1226,P_1-1-pt_4671,56.10000000000053,5413.0,0.6983188619988916
P_1-1-pt_1226,P_1-1-pt_1270,56.000000000000526,5413.0,0.6983188619988916
P_1-1-pt_1226,P_1-1-pt_4919,56.000000000000526,5413.0,0.6983188619988916
P_1-1-pt_1226,P_1-1-pt_1304,55.60000000000052,5413.0,0.6983188619988916
P_1-1-pt_1226,P_1-1-veh_105,50.90000000000045,5413.0,0.6983188619988916
P_1-1-pt_1226,P_1-1-pt_1108,756.8000000001035,5413.0,0.6983188619988916
P_1-1-pt_1226,P_1-1-pt_7863,57.80000000000055,5413.0,0.6983188619988916
P_1-1-pt_1226,P_1-1-pt_8545,55.900000000000524,5413.0,0.6983188619988916
P_1-1-pt_1226,P_1-1-pt_5193,55.300000000000516,5413.0,0.6983188619988916
P_1-1-pt_1226,P_1-1-pt_7325,56.000000000000526,5413.0,0.6983188619988916
P_1-1-pt_1226,P_1-1-pt_8137,56.30000000000053,5413.0,0.6983188619988916
P_1-1-pt_1226,P_1-1-pt_6389,60.70000000000059,5413.0,0.6983188619988916
P_1-1-pt_1226,P_1-3_2985,37.80000000000027,5413.0,0.6983188619988916
P_1-1-veh_530,P_1-1-pt_498,7.999999999999988,5410.0,0.9417744916820703
P_1-1-veh_530,P_1-1-pt_1723,13.899999999999967,5410.0,0.9417744916820703
P_1-1-veh_530,P_1-1-pt_8289,53.70000000000049,5410.0,0.9417744916820703
P_1-1-veh_530,P_1-2_5753,56.30000000000053,5410.0,0.9417744916820703
P_1-1-veh_530,P_1-3_2599,48.00000000000041,5410.0,0.9417744916820703
P_1-1-veh_530,P_1-2_5745,48.00000000000041,5410.0,0.9417744916820703
P_1-1-veh_530,P_1-2_4266,18.9,5410.0,0.9417744916820703
P_1-1-veh_530,P_1-3_1535,12.199999999999973,5410.0,0.9417744916820703
P_1-1-veh_530,P_1-2_2598,15.299999999999962,5410.0,0.9417744916820703
P_1-3_3135,P_1-2_4388,48.200000000000415,5406.0,1.0
P_1-3_3135,P_1-2_2237,60.50000000000059,5406.0,1.0
P_1-3_3135,P_1-1-pt_5275,52.00000000000047,5406.0,1.0
P_1-3_1213,P_1-1-pt_4785,47.80000000000041,5402.0,1.0
P_1-3_1213,P_2-1_3664,49.40000000000043,5402.0,1.0
P_1-3_1213,P_1-2_2422,45.300000000000374,5402.0,1.0
P_1-2_568,P_2-1_2045,49.40000000000043,5400.0,1.0
P_1-2_568,P_1-2_5640,64.7000000000006,5400.0,1.0
P_1-2_568,P_1-2_3693,78.39999999999982,5400.0,1.0
P_1-2_568,P_1-1-pt_1238,25.900000000000098,5400.0,1.0
P_1-2_568,P_1-1-pt_5241,2150.29999999914,5400.0,1.0
P_1-2_2345,P_1-2_4019,53.00000000000048,5395.0,0.7004633920296571
P_1-2_2345,P_1-1-pt_7732,53.30000000000049,5395.0,0.7004633920296571
P_1-2_2345,P_1-1-pt_5115,52.10000000000047,5395.0,0.7004633920296571
P_1-2_2345,P_1-1-pt_1306,28.90000000000014,5395.0,0.7004633920296571
P_1-2_2345,P_1-2_3052,10.29999999999998,5395.0,0.7004633920296571
P_1-2_2345,P_1-2_3413,45.70000000000038,5395.0,0.7004633920296571
P_1-2_2345,P_1-1-pt_1037,51.000000000000455,5395.0,0.7004633920296571
P_1-2_2345,P_1-1-pt_5324,51.100000000000456,5395.0,0.7004633920296571
P_1-2_2345,P_2-1_2045,95.99999999999882,5395.0,0.7004633920296571
P_1-2_149,P_1-3_458,514.3000000000484,5388.0,0.5330363771343727
P_1-2_149,P_1-1-pt_5942,3220.099999998167,5388.0,0.5330363771343727
P_1-2_149,P_1-1-pt_654,29.000000000000142,5388.0,0.5330363771343727
P_1-1-pt_5942,P_1-3_458,303.70000000000056,5385.0,0.5286908077994429
P_1-1-pt_5942,P_1-2_149,3220.099999998167,5385.0,0.5286908077994429
P_1-1-pt_5942,P_1-1-pt_3275,58.20000000000056,5385.0,0.5286908077994429
P_2-1_4267,P_1-2_5288,48.00000000000041,5382.0,0.8935340022296544
P_2-1_4267,P_2-1_3390,1351.799999999866,5382.0,0.8935340022296544
P_2-1_4267,P_1-3_268,48.10000000000041,5382.0,0.8935340022296544
P_2-1_4267,P_1-3_28,47.90000000000041,5382.0,0.8935340022296544
P_2-1_4267,P_1-3_234,47.90000000000041,5382.0,0.8935340022296544
P_2-1_4267,P_1-2_3879,49.40000000000043,5382.0,0.8935340022296544
P_2-1_4267,P_1-3_2773,48.40000000000042,5382.0,0.8935340022296544
P_2-1_4267,P_1-3_4262,48.10000000000041,5382.0,0.8935340022296544
P_2-1_4267,P_1-3_5144,48.200000000000415,5382.0,0.8935340022296544
P_2-1_4267,P_1-3_2786,66.60000000000049,5382.0,0.8935340022296544
P_2-1_4267,P_1-3_5475,83.09999999999955,5382.0,0.8935340022296544
P_2-1_4267,P_1-1-pt_5999,51.30000000000046,5382.0,0.8935340022296544
P_2-1_4267,P_2-1_1878,80.39999999999971,5382.0,0.8935340022296544
P_2-1_4267,P_2-1_1724,395.9000000000215,5382.0,0.8935340022296544
P_2-1_4267,P_1-2_752,82.69999999999958,5382.0,0.8935340022296544
P_2-1_4267,P_1-3_3339,60.900000000000595,5382.0,0.8935340022296544
P_2-1_4267,P_1-1-pt_5258,61.4000000000006,5382.0,0.8935340022296544
P_2-1_4267,P_1-2_4940,42.00000000000033,5382.0,0.8935340022296544
P_1-1-pt_3931,P_1-1-pt_7277,52.80000000000048,5378.0,1.0
P_1-1-pt_3931,P_1-1-pt_2424,55.40000000000052,5378.0,1.0
P_1-1-pt_3931,P_1-2_3214,79.49999999999976,5378.0,1.0
P_1-1-pt_3931,P_1-2_4715,49.20000000000043,5378.0,1.0
P_1-1-pt_3931,P_1-2_2653,50.60000000000045,5378.0,1.0
P_1-1-pt_3931,P_1-1-pt_2770,52.80000000000048,5378.0,1.0
P_1-1-pt_3931,P_1-1-pt_6355,52.90000000000048,5378.0,1.0
P_1-1-pt_3931,P_1-2_4454,52.20000000000047,5378.0,1.0
P_1-1-pt_3931,P_1-2_3590,51.60000000000046,5378.0,1.0
P_1-1-pt_3931,P_1-1-pt_8982,52.70000000000048,5378.0,1.0
P_1-1-pt_3931,P_1-1-pt_2863,52.90000000000048,5378.0,1.0
P_1-1-pt_3931,P_1-1-pt_8969,51.100000000000456,5378.0,1.0
P_1-1-pt_3931,P_1-2_4609,105.99999999999825,5378.0,1.0
P_1-1-pt_3931,P_1-2_2338,101.6999999999985,5378.0,1.0
P_1-1-pt_3931,P_2-1_6236,154.6999999999955,5378.0,1.0
P_1-1-pt_3931,P_1-3_1604,133.99999999999667,5378.0,1.0
P_1-1-pt_3931,P_1-1-pt_2431,79.29999999999977,5378.0,1.0
P_1-1-pt_3931,P_1-2_4329,142.2999999999962,5378.0,1.0
P_1-1-pt_3931,P_1-1-pt_1167,8.999999999999984,5378.0,1.0
P_1-2_5543,P_1-2_2180,48.200000000000415,5376.0,0.8311011904761905
P_1-2_5543,P_1-2_3879,33.1000000000002,5376.0,0.8311011904761905
P_1-2_5543,P_1-3_4262,47.90000000000041,5376.0,0.8311011904761905
P_1-2_5543,P_1-3_5144,83.69999999999952,5376.0,0.8311011904761905
P_1-2_5543,P_1-3_2786,50.70000000000045,5376.0,0.8311011904761905
P_1-2_5543,P_1-3_5475,57.20000000000054,5376.0,0.8311011904761905
P_1-2_5543,P_1-2_4940,39.50000000000029,5376.0,0.8311011904761905
P_1-2_5543,P_1-1-veh_610,49.90000000000044,5376.0,0.8311011904761905
P_1-2_5543,P_1-1-pt_3671,55.50000000000052,5376.0,0.8311011904761905
P_1-2_5543,P_1-1-pt_7573,3.0000000000000013,5376.0,0.8311011904761905
P_1-2_5543,P_1-1-veh_767,46.20000000000039,5376.0,0.8311011904761905
P_1-2_5543,P_1-1-pt_7915,63.80000000000064,5376.0,0.8311011904761905
P_1-2_5543,P_1-1-pt_3207,51.000000000000455,5376.0,0.8311011904761905
P_1-2_5543,P_1-1-pt_2013,38.50000000000028,5376.0,0.8311011904761905
P_1-2_5543,P_1-1-pt_98,119.69999999999747,5376.0,0.8311011904761905
P_1-2_5543,P_1-1-pt_5167,17.69999999999998,5376.0,0.8311011904761905
P_1-2_5543,P_1-1-pt_1747,19.80000000000001,5376.0,0.8311011904761905
P_1-2_5543,P_1-1-pt_3858,32.50000000000019,5376.0,0.8311011904761905
P_1-2_5543,P_1-1-pt_6974,96.49999999999879,5376.0,0.8311011904761905
P_1-2_5543,P_1-2_303,75.79999999999997,5376.0,0.8311011904761905
P_1-2_5543,P_1-1-pt_1497,76.9999999999999,5376.0,0.8311011904761905
P_1-2_5543,P_1-1-pt_5999,18.499999999999993,5376.0,0.8311011904761905
P_1-1-pt_8830,P_2-1_2136,45.300000000000374,5373.0,0.5819839940442956
P_1-1-pt_8830,P_1-1-veh_65,45.300000000000374,5373.0,0.5819839940442956
P_1-1-pt_8830,P_1-1-pt_7142,42.20000000000033,5373.0,0.5819839940442956
P_1-1-pt_8830,P_1-2_2715,41.70000000000032,5373.0,0.5819839940442956
P_1-1-pt_8830,P_1-1-pt_1473,20.50000000000002,5373.0,0.5819839940442956
P_1-1-pt_8830,P_1-1-pt_2529,429.10000000002907,5373.0,0.5819839940442956
P_1-1-pt_8830,P_1-1-pt_6931,51.30000000000046,5373.0,0.5819839940442956
P_1-2_4019,P_1-3_3755,5.1999999999999975,5373.0,0.7126372603759539
P_1-2_4019,P_1-2_2345,53.00000000000048,5373.0,0.7126372603759539
P_1-2_4019,P_1-1-pt_5115,52.10000000000047,5373.0,0.7126372603759539
P_1-2_4019,P_2-1_2045,13.599999999999968,5373.0,0.7126372603759539
