user_id,neighbor_id,duration_seconds
P_1-2_1990,P_1-1-pt_7732,12.399999999999972
P_1-2_1990,P_1-1-pt_5115,9.299999999999983
P_1-3_2410,P_1-2_4634,45.20000000000037
P_1-3_2410,P_1-3_4775,48.60000000000042
P_1-3_2410,P_1-3_3253,30.30000000000016
P_1-3_2410,P_1-3_2018,17.59999999999998
P_1-3_2410,P_1-3_2633,14.999999999999963
P_1-3_2410,P_1-2_5210,15.199999999999962
P_1-3_2410,P_1-2_573,15.099999999999962
P_1-3_2410,P_1-3_4954,30.100000000000158
P_1-3_2410,P_1-3_4875,30.30000000000016
P_1-3_2410,P_1-3_3410,14.899999999999963
P_1-1-veh_105,P_1-1-pt_1108,37.90000000000027
P_1-1-veh_105,P_1-1-pt_1226,5.1999999999999975
P_1-1-veh_105,P_1-1-pt_1304,23.20000000000006
P_1-1-veh_105,P_1-1-pt_8137,23.000000000000057
P_1-3_2221,P_1-1-pt_3097,40.2000000000003
P_1-3_2018,P_1-2_573,34.70000000000022
P_1-3_2018,P_1-3_4954,45.400000000000375
P_1-3_2018,P_1-2_4634,30.100000000000158
P_1-3_2018,P_1-3_4775,30.000000000000156
P_1-3_2018,P_1-3_2410,17.59999999999998
P_1-3_2018,P_1-3_3253,30.20000000000016
P_1-3_2018,P_1-3_2633,15.199999999999962
P_1-3_2018,P_1-2_5210,17.999999999999986
P_1-3_2018,P_1-3_4875,30.100000000000158
P_1-3_2018,P_1-3_3410,15.59999999999996
P_1-2_609,P_1-1-pt_498,12.399999999999972
P_1-2_609,P_1-1-pt_2032,13.899999999999967
P_1-2_609,P_1-2_5745,28.20000000000013
P_1-2_609,P_1-2_4266,15.199999999999962
P_1-2_609,P_1-1-pt_8735,13.699999999999967
P_1-1-pt_5078,P_1-2_3280,12.399999999999972
P_1-1-pt_5078,P_1-1-veh_234,19.1
P_1-1-pt_5078,P_1-1-pt_7208,16.599999999999966
P_1-1-pt_5078,P_1-1-pt_6538,14.699999999999964
P_1-1-pt_5078,P_1-1-pt_4901,33.80000000000021
P_1-1-pt_5078,P_1-1-pt_8682,14.799999999999963
P_1-1-pt_5078,P_1-1-pt_7080,28.400000000000134
P_1-2_4734,P_1-2_4206,61.3000000000006
P_1-2_4734,P_1-3_1500,61.0000000000006
P_1-2_4734,P_1-3_3901,61.0000000000006
P_1-2_4734,P_1-2_1420,61.2000000000006
P_1-2_4734,P_1-3_228,60.900000000000595
P_1-2_4734,P_1-3_3776,61.1000000000006
P_1-2_4734,P_2-1_2161,61.0000000000006
P_1-2_4734,P_1-3_874,30.500000000000163
P_1-2_4734,P_1-3_2454,30.600000000000165
P_1-2_4734,P_1-3_3834,30.500000000000163
P_1-2_4734,P_1-2_3280,30.600000000000165
P_1-2_4734,P_1-3_3046,30.800000000000168
P_1-2_4734,P_1-3_3457,30.600000000000165
P_1-2_4734,P_1-3_4168,30.600000000000165
P_1-2_4734,P_1-3_2053,30.800000000000168
P_1-1-pt_8289,P_1-2_638,706.4000000000921
P_1-1-pt_8289,P_1-2_5753,69.40000000000033
P_1-1-pt_8289,P_1-1-veh_834,61.1000000000006
P_1-1-pt_8289,P_1-1-veh_530,14.799999999999963
P_1-1-pt_8289,P_1-3_743,27.40000000000012
P_1-1-pt_8289,P_1-3_2599,13.799999999999967
P_1-1-pt_8289,P_1-2_5745,13.699999999999967
P_1-1-pt_8289,P_1-1-pt_8735,15.199999999999962
P_1-1-pt_8289,P_1-2_4266,12.99999999999997
P_1-1-pt_8289,P_1-3_3076,13.799999999999967
P_1-1-pt_8289,P_1-1-pt_182,15.099999999999962
P_1-1-pt_8289,P_1-3_4289,13.799999999999967
P_1-2_638,P_1-1-pt_8289,706.4000000000921
P_1-2_638,P_1-1-pt_8184,38.300000000000274
P_1-3_2454,P_1-2_4206,30.600000000000165
P_1-3_2454,P_1-3_1500,30.30000000000016
P_1-3_2454,P_1-3_3901,30.400000000000162
P_1-3_2454,P_1-2_1420,30.400000000000162
P_1-3_2454,P_1-3_228,30.400000000000162
P_1-3_2454,P_1-3_3776,30.500000000000163
P_1-3_2454,P_2-1_2161,30.400000000000162
P_1-3_2454,P_1-3_874,15.199999999999962
P_1-3_2454,P_1-2_4734,30.600000000000165
P_1-3_2454,P_1-3_3834,15.199999999999962
P_1-3_2454,P_1-2_3280,15.299999999999962
P_1-3_2454,P_1-3_3046,15.199999999999962
P_1-3_2454,P_1-3_3457,15.299999999999962
P_1-3_2454,P_1-3_4168,15.199999999999962
P_1-3_2454,P_1-3_2053,15.199999999999962
P_1-3_2454,P_1-2_5951,15.199999999999962
P_1-3_2454,P_1-3_4690,15.299999999999962
P_1-2_3821,P_1-2_2580,200.79999999999288
P_1-2_3821,P_1-3_4738,200.1999999999929
P_1-2_3821,P_1-2_5752,184.19999999999382
P_1-2_3821,P_1-2_3464,184.7999999999938
P_1-2_3821,P_1-2_2797,206.79999999999254
P_1-2_3821,P_1-1-veh_837,169.59999999999465
P_1-2_3821,P_2-1_2028,95.09999999999887
P_1-2_4454,P_1-1-pt_7938,12.79999999999997
P_1-2_4454,P_1-1-pt_3931,12.99999999999997
P_1-2_4454,P_1-1-pt_3353,13.999999999999966
P_1-1-pt_2770,P_1-1-pt_7938,15.499999999999961
P_1-1-pt_2770,P_1-1-pt_3931,14.999999999999963
P_1-1-pt_2770,P_1-1-pt_3353,15.69999999999996
P_1-1-pt_5139,P_1-2_250,11.399999999999975
P_1-1-pt_5139,P_1-3_2786,7.29999999999999
P_1-1-pt_5139,P_1-3_5475,12.299999999999972
P_1-1-pt_5139,P_1-1-pt_7440,19.60000000000001
P_1-1-pt_5139,P_1-3_1945,27.300000000000118
P_1-1-pt_5139,P_1-2_3702,20.50000000000002
P_1-1-pt_5139,P_1-2_848,12.399999999999972
P_1-1-pt_5139,P_1-3_1027,24.60000000000008
P_1-1-pt_5139,P_1-1-pt_2431,15.69999999999996
P_1-1-pt_255,P_1-1-pt_1560,16.499999999999964
P_1-1-pt_255,P_1-1-pt_2606,16.599999999999966
P_1-1-pt_255,P_1-1-pt_1966,16.399999999999963
P_1-1-pt_255,P_1-1-pt_5906,16.499999999999964
P_1-1-pt_255,P_1-1-pt_1238,16.79999999999997
P_1-1-pt_255,P_1-1-pt_3916,16.599999999999966
P_1-1-pt_255,P_1-1-pt_1226,16.79999999999997
P_1-1-pt_255,P_1-1-pt_3409,15.299999999999962
P_1-1-pt_255,P_1-1-pt_3624,15.59999999999996
P_1-1-pt_255,P_1-1-pt_3097,16.599999999999966
P_1-1-pt_255,P_1-1-pt_761,16.499999999999964
P_1-3_3834,P_1-3_3046,15.299999999999962
P_1-3_3834,P_1-3_3457,15.199999999999962
P_1-3_3834,P_1-1-pt_2606,12.299999999999972
P_1-3_3834,P_1-3_3776,45.70000000000038
P_1-3_3834,P_2-1_2161,30.400000000000162
P_1-3_3834,P_1-3_874,30.30000000000016
P_1-3_3834,P_1-2_4734,30.500000000000163
P_1-3_3834,P_1-3_2454,15.199999999999962
P_1-3_3834,P_1-2_4206,30.600000000000165
P_1-3_3834,P_1-3_1500,30.400000000000162
P_1-3_3834,P_1-3_3901,30.400000000000162
P_1-3_3834,P_1-2_1420,30.400000000000162
P_1-3_3834,P_1-3_228,30.400000000000162
P_1-3_3834,P_1-2_3280,15.199999999999962
P_1-3_3834,P_1-3_4168,15.299999999999962
P_1-3_3834,P_1-3_2053,15.199999999999962
P_1-2_4327,P_1-2_3716,30.400000000000162
P_1-2_1559,P_1-2_1017,15.59999999999996
P_1-2_1559,P_1-2_671,56.50000000000053
P_1-3_2180,P_1-2_3378,22.50000000000005
P_1-3_2180,P_1-2_3077,21.90000000000004
P_1-3_2180,P_1-3_2076,308.00000000000153
P_1-3_2180,P_1-2_5020,11.399999999999975
P_1-3_2180,P_1-1-pt_4785,13.799999999999967
P_1-3_2180,P_2-1_3664,15.79999999999996
P_1-3_2180,P_2-1_3058,15.69999999999996
P_1-3_2180,P_1-2_5092,11.299999999999976
P_1-3_2180,P_1-3_5354,15.199999999999962
P_1-2_3488,P_1-2_2237,27.700000000000124
P_1-2_3488,P_1-1-pt_2129,27.40000000000012
P_1-2_3488,P_1-1-pt_1039,27.300000000000118
P_1-2_3488,P_1-1-pt_5275,27.40000000000012
P_1-2_3488,P_1-1-pt_1700,27.300000000000118
P_1-2_3488,P_1-3_17,9.499999999999982
P_1-3_3046,P_1-3_3457,27.50000000000012
P_1-3_3046,P_1-3_3834,15.299999999999962
P_1-3_3046,P_1-1-pt_4966,12.599999999999971
P_1-3_3046,P_1-2_4734,30.800000000000168
P_1-3_3046,P_1-3_2454,15.199999999999962
P_1-3_3046,P_1-2_4206,30.600000000000165
P_1-3_3046,P_1-3_1500,30.500000000000163
P_1-3_3046,P_1-3_3901,30.400000000000162
P_1-3_3046,P_1-2_1420,15.299999999999962
P_1-3_3046,P_1-3_228,15.299999999999962
P_1-3_3046,P_1-3_3776,15.299999999999962
P_1-3_3046,P_2-1_2161,15.299999999999962
P_1-3_3046,P_1-2_3280,15.299999999999962
P_1-3_3046,P_1-3_4168,15.299999999999962
P_1-3_3046,P_1-3_2053,15.199999999999962
P_1-1-pt_530,P_1-1-pt_761,17.69999999999998
P_1-1-pt_530,P_1-1-pt_6297,20.30000000000002
P_1-1-pt_3629,P_1-2_4771,55.80000000000052
P_1-1-pt_3629,P_1-1-pt_1714,30.90000000000017
P_1-1-pt_3629,P_1-2_2287,27.900000000000126
P_1-1-pt_3629,P_1-3_1785,28.000000000000128
P_1-1-pt_3629,P_1-2_3081,28.20000000000013
P_1-2_4634,P_1-3_4775,63.20000000000063
P_1-2_4634,P_1-3_2410,45.20000000000037
P_1-2_4634,P_1-3_3253,60.100000000000584
P_1-2_4634,P_1-3_2018,30.100000000000158
P_1-2_4634,P_1-3_2633,45.10000000000037
P_1-2_4634,P_1-2_5210,30.100000000000158
P_1-2_4634,P_1-2_573,38.90000000000028
P_1-2_4634,P_1-3_4954,31.70000000000018
P_1-2_4634,P_1-3_4875,93.99999999999893
P_1-2_4634,P_1-3_3410,90.79999999999912
P_1-2_4609,P_1-1-pt_3931,24.300000000000075
P_1-2_4609,P_2-1_5067,27.100000000000115
P_1-2_4609,P_1-1-pt_3353,12.099999999999973
P_1-2_2580,P_1-2_3821,200.79999999999288
P_1-2_2580,P_1-3_4738,200.1999999999929
P_1-2_2580,P_1-2_5752,185.99999999999372
P_1-2_2580,P_1-2_3464,184.7999999999938
P_1-2_2580,P_1-2_2797,220.89999999999173
P_1-2_2580,P_1-1-veh_837,169.59999999999465
P_1-2_2580,P_2-1_2028,92.69999999999901
P_1-2_1285,P_1-1-pt_841,21.80000000000004
P_1-2_1285,P_1-1-pt_2425,2552.699999998774
P_1-2_1285,P_1-1-pt_1601,12.399999999999972
P_1-1-pt_6355,P_1-1-pt_5167,16.499999999999964
P_1-1-pt_6355,P_1-1-pt_1747,16.499999999999964
P_1-1-pt_6355,P_1-1-pt_1601,13.199999999999969
P_1-1-pt_6355,P_1-1-pt_7938,14.099999999999966
P_1-1-pt_6355,P_1-1-pt_3931,15.59999999999996
P_1-1-pt_6355,P_1-1-pt_3353,16.29999999999996
P_1-1-pt_1669,P_1-2_1494,12.299999999999972
P_1-1-pt_1669,P_1-1-pt_6381,14.799999999999963
P_1-1-pt_5167,P_1-1-pt_6355,16.499999999999964
P_1-1-pt_5167,P_1-1-pt_1747,377.50000000001734
P_1-1-pt_5167,P_1-1-pt_3858,85.6999999999994
P_1-1-pt_5167,P_1-1-pt_521,682.2000000000866
P_1-1-pt_5167,P_1-1-pt_6974,225.29999999999148
P_1-1-pt_5167,P_1-1-pt_3671,352.00000000001154
P_1-1-pt_5167,P_1-1-pt_4262,17.59999999999998
P_1-1-pt_5167,P_1-1-pt_98,175.19999999999433
P_1-1-pt_5167,P_1-1-pt_3207,85.19999999999943
P_1-1-pt_5167,P_1-1-pt_1497,173.8999999999944
P_1-1-pt_5167,P_1-1-pt_6743,46.700000000000394
P_1-1-pt_5167,P_1-1-pt_4736,50.90000000000045
P_1-1-pt_5167,P_1-1-pt_2880,48.80000000000042
P_1-1-pt_5167,P_1-1-pt_2920,16.29999999999996
P_1-1-pt_5167,P_1-2_4940,9.599999999999982
P_1-1-pt_5167,P_1-1-pt_7573,17.59999999999998
P_1-1-pt_5167,P_1-1-veh_767,12.599999999999971
P_1-1-pt_5167,P_1-1-pt_2013,92.29999999999903
P_1-3_4492,P_1-1-pt_1601,13.799999999999967
P_1-1-pt_1006,P_1-1-pt_8969,15.199999999999962
P_1-1-pt_1006,P_1-3_5475,19.80000000000001
P_1-1-pt_1006,P_1-1-pt_2431,15.199999999999962
P_1-1-pt_1006,P_1-2_848,26.600000000000108
P_1-1-pt_1006,P_1-2_3702,27.000000000000114
P_1-2_2287,P_1-2_4771,30.800000000000168
P_1-2_2287,P_1-1-pt_1714,14.699999999999964
P_1-2_2287,P_1-1-pt_3629,27.900000000000126
P_1-2_2287,P_1-3_1785,15.199999999999962
P_1-2_2287,P_1-2_3081,15.199999999999962
P_1-2_2287,P_1-2_5951,15.199999999999962
P_1-2_2287,P_1-3_4690,15.499999999999961
P_1-2_3214,P_1-1-pt_3931,27.40000000000012
P_1-2_3214,P_1-2_5020,14.099999999999966
P_1-2_4270,P_1-1-pt_498,12.599999999999971
P_1-2_1612,P_2-1_63,2.9000000000000012
P_1-2_1612,P_1-1-pt_6743,9.599999999999982
P_1-2_1612,P_1-1-pt_3858,19.400000000000006
P_1-2_1612,P_1-1-pt_4879,6.299999999999994
P_1-2_1612,P_1-1-pt_6413,15.499999999999961
P_1-2_1612,P_1-1-pt_494,15.199999999999962
P_1-2_1612,P_1-1-pt_2162,15.199999999999962
P_1-2_1612,P_1-1-pt_1473,14.599999999999964
P_1-2_3693,P_1-2_2034,2.700000000000001
P_1-2_3693,P_1-2_2512,2.9000000000000012
P_1-2_3693,P_1-2_2613,2.9000000000000012
P_1-2_3693,P_1-2_5210,15.099999999999962
P_1-2_3693,P_1-2_573,15.499999999999961
P_1-2_3693,P_1-3_4954,14.899999999999963
P_1-2_3693,P_1-2_1017,15.099999999999962
P_1-2_3693,P_1-1-pt_5241,11.699999999999974
P_1-2_3693,P_1-2_568,18.699999999999996
P_1-2_3693,P_1-1-pt_2952,25.30000000000009
P_1-2_3693,P_1-1-veh_5,26.900000000000112
P_1-3_5578,P_1-1-pt_8068,13.399999999999968
P_1-3_5578,P_1-2_4791,14.199999999999966
P_1-3_5578,P_1-2_1533,14.099999999999966
P_1-3_5578,P_1-3_635,15.59999999999996
P_2-1_63,P_1-2_1612,2.9000000000000012
P_2-1_63,P_1-1-pt_6743,9.599999999999982
P_2-1_63,P_1-1-pt_4879,21.20000000000003
P_2-1_63,P_1-1-pt_6413,15.59999999999996
P_2-1_63,P_1-1-pt_494,15.299999999999962
P_2-1_63,P_1-1-pt_2162,14.899999999999963
P_2-1_5435,P_2-1_4331,239.1999999999907
P_2-1_5435,P_1-2_2229,239.69999999999067
P_2-1_5435,P_1-2_2030,223.59999999999158
P_2-1_5435,P_2-1_3376,224.8999999999915
P_2-1_5435,P_2-1_6256,222.09999999999167
P_2-1_5435,P_1-2_3908,224.49999999999153
P_2-1_5435,P_1-2_4607,209.1999999999924
P_2-1_5435,P_1-1-pt_7104,175.7999999999943
P_2-1_5435,P_1-2_4886,208.59999999999243
P_1-1-pt_7040,P_1-1-pt_7123,1599.5999999996407
P_1-1-pt_7915,P_1-1-pt_6974,520.0000000000497
P_1-1-pt_7915,P_1-1-pt_3858,47.2000000000004
P_1-1-pt_7915,P_1-1-pt_3671,10.799999999999978
P_1-1-pt_7915,P_1-1-pt_521,19.300000000000004
P_1-1-pt_7915,P_1-1-pt_98,280.4999999999953
P_1-1-pt_7915,P_1-1-pt_5999,14.299999999999965
P_1-1-pt_7123,P_1-1-pt_7040,1599.5999999996407
P_1-2_5943,P_1-1-pt_4645,788.1000000001106
P_1-3_5334,P_1-1-pt_5115,9.399999999999983
P_1-3_5334,P_1-2_3413,26.1000000000001
P_1-1-pt_1747,P_1-1-pt_6355,16.499999999999964
P_1-1-pt_1747,P_1-1-pt_5167,377.50000000001734
P_1-1-pt_1747,P_1-1-pt_3858,540.2000000000543
P_1-1-pt_1747,P_1-1-pt_521,85.8999999999994
P_1-1-pt_1747,P_1-1-pt_3671,329.10000000000633
P_1-1-pt_1747,P_1-1-pt_4262,16.19999999999996
P_1-1-pt_1747,P_1-1-pt_98,173.29999999999444
P_1-1-pt_1747,P_1-1-pt_3207,82.3999999999996
P_1-1-pt_1747,P_1-1-pt_6974,387.30000000001957
P_1-1-pt_1747,P_1-1-pt_1497,95.79999999999883
P_1-1-pt_1747,P_1-1-pt_6743,34.30000000000022
P_1-1-pt_1747,P_1-1-pt_4736,51.40000000000046
P_1-1-pt_1747,P_1-1-pt_2880,49.30000000000043
P_1-1-pt_1747,P_1-1-pt_2920,16.29999999999996
P_1-1-pt_1747,P_1-2_4940,4.100000000000001
P_1-1-pt_1747,P_1-1-pt_7573,16.99999999999997
P_1-1-pt_1747,P_1-1-veh_767,12.89999999999997
P_1-1-pt_1747,P_1-1-pt_2013,15.69999999999996
P_2-1_5419,P_1-1-pt_1329,9.399999999999983
P_2-1_5419,P_1-1-pt_3489,9.399999999999983
P_2-1_5419,P_1-1-pt_4879,15.299999999999962
P_2-1_5419,P_1-1-pt_3858,15.199999999999962
P_2-1_5419,P_1-2_250,39.30000000000029
P_2-1_5419,P_1-1-pt_2162,12.79999999999997
P_2-1_5419,P_1-1-pt_6413,170.3999999999946
P_2-1_5419,P_1-1-pt_3409,24.400000000000077
P_1-2_3608,P_1-3_743,7.899999999999988
P_1-2_3608,P_1-1-pt_1173,27.700000000000124
P_1-2_5092,P_1-3_4587,11.399999999999975
P_1-2_5092,P_1-3_2076,22.60000000000005
P_1-2_5092,P_1-2_5020,15.199999999999962
P_1-2_5092,P_1-2_3378,30.500000000000163
P_1-2_5092,P_1-2_3077,30.30000000000016
P_1-2_5092,P_1-3_5354,11.399999999999975
P_1-2_5092,P_1-3_2180,11.299999999999976
P_1-1-pt_7440,P_1-2_4249,659.8000000000815
P_1-1-pt_7440,P_1-1-pt_6673,15.399999999999961
P_1-1-pt_7440,P_1-1-pt_5139,19.60000000000001
P_1-1-pt_7440,P_1-1-pt_4380,15.199999999999962
P_1-1-pt_841,P_1-2_1285,21.80000000000004
P_1-1-pt_841,P_2-1_842,12.299999999999972
P_1-1-pt_841,P_1-3_1140,27.100000000000115
P_1-1-pt_841,P_1-2_4955,7.499999999999989
P_1-1-pt_841,P_1-2_2061,15.89999999999996
P_1-1-pt_841,P_1-1-pt_8085,1682.799999999565
P_1-1-pt_8982,P_1-1-pt_3931,15.499999999999961
P_1-1-pt_8982,P_1-1-pt_3353,15.59999999999996
P_1-2_2512,P_1-2_3693,2.9000000000000012
P_1-2_2512,P_1-1-pt_4595,29.200000000000145
P_1-2_4206,P_1-2_4734,61.3000000000006
P_1-2_4206,P_1-3_1500,61.3000000000006
P_1-2_4206,P_1-3_3901,60.900000000000595
P_1-2_4206,P_1-2_1420,61.2000000000006
P_1-2_4206,P_1-3_228,61.0000000000006
P_1-2_4206,P_1-3_3776,61.2000000000006
P_1-2_4206,P_2-1_2161,61.2000000000006
P_1-2_4206,P_1-3_874,30.400000000000162
P_1-2_4206,P_1-3_2454,30.600000000000165
P_1-2_4206,P_1-3_3834,30.600000000000165
P_1-2_4206,P_1-2_3280,30.600000000000165
P_1-2_4206,P_1-3_3046,30.600000000000165
P_1-2_4206,P_1-3_3457,30.600000000000165
P_1-2_4206,P_1-3_4168,15.299999999999962
P_1-2_4206,P_1-3_2053,15.199999999999962
P_1-2_5640,P_1-3_4875,15.199999999999962
P_1-2_5640,P_1-2_568,22.60000000000005
P_1-2_5640,P_1-1-pt_2952,22.40000000000005
P_1-2_5640,P_1-1-veh_5,15.499999999999961
P_1-2_5640,P_1-2_1066,116.79999999999764
P_1-2_5640,P_1-2_3835,220.79999999999174
P_1-1-pt_5392,P_1-2_2702,22.200000000000045
P_1-1-pt_5392,P_1-1-pt_1138,29.50000000000015
P_1-1-pt_5392,P_1-1-pt_8762,29.50000000000015
P_1-2_2564,P_1-2_1017,11.299999999999976
P_1-1-pt_2342,P_1-3_5020,12.399999999999972
P_1-1-pt_2342,P_2-1_2987,9.499999999999982
P_1-1-pt_2342,P_1-2_4715,166.39999999999483
P_1-1-pt_8545,P_1-2_3575,379.9000000000179
P_1-1-pt_8545,P_1-2_3052,9.299999999999983
P_1-1-pt_8545,P_1-3_1737,8.299999999999986
P_1-1-pt_8545,P_1-1-pt_2606,15.399999999999961
P_1-1-pt_8545,P_1-1-pt_1238,16.599999999999966
P_1-1-pt_8545,P_1-1-pt_3916,16.499999999999964
P_1-1-pt_8545,P_1-1-pt_1226,16.29999999999996
P_1-1-pt_8545,P_1-1-pt_3624,15.59999999999996
P_1-1-pt_8545,P_1-1-veh_792,11.699999999999974
P_1-1-pt_8545,P_1-1-pt_6453,15.59999999999996
P_1-1-pt_8545,P_1-1-pt_5193,1854.299999999409
P_1-2_4955,P_2-1_4930,50.90000000000045
P_1-2_4955,P_1-1-pt_841,7.499999999999989
P_1-2_4955,P_1-1-pt_8085,6.799999999999992
P_2-1_5001,P_2-1_3601,62.200000000000614
P_2-1_5001,P_2-1_2486,62.200000000000614
P_2-1_4331,P_2-1_5435,239.1999999999907
P_2-1_4331,P_1-2_2229,224.59999999999152
P_2-1_4331,P_1-2_2030,223.99999999999156
P_2-1_4331,P_2-1_3376,224.39999999999154
P_2-1_4331,P_2-1_6256,223.99999999999156
P_2-1_4331,P_1-2_3908,224.49999999999153
P_2-1_4331,P_1-1-pt_7104,176.89999999999424
P_2-1_4331,P_1-2_4886,194.69999999999322
P_2-1_4331,P_1-2_4607,1051.5000000001392
P_1-2_5753,P_1-1-pt_8289,69.40000000000033
P_1-2_5753,P_1-1-pt_8184,1.7000000000000004
P_1-2_5753,P_1-1-veh_834,64.20000000000063
P_1-2_5753,P_1-1-veh_530,16.499999999999964
P_1-2_5753,P_1-3_2599,15.199999999999962
P_1-2_5753,P_1-2_5745,15.199999999999962
P_1-2_5753,P_1-1-pt_8735,13.699999999999967
P_1-2_5753,P_1-2_4266,15.099999999999962
P_1-2_5753,P_1-3_3076,15.099999999999962
P_1-2_5753,P_1-1-pt_182,13.799999999999967
P_1-2_5753,P_1-3_4289,15.099999999999962
P_1-2_5753,P_1-3_743,15.099999999999962
P_1-1-veh_767,P_1-1-pt_5199,21.80000000000004
P_1-1-veh_767,P_1-1-pt_5666,13.899999999999967
P_1-1-veh_767,P_1-1-pt_2880,13.699999999999967
P_1-1-veh_767,P_1-1-pt_6743,13.699999999999967
P_1-1-veh_767,P_1-1-pt_8280,12.099999999999973
P_1-1-veh_767,P_1-1-pt_3207,109.79999999999804
P_1-1-veh_767,P_1-1-pt_521,12.199999999999973
P_1-1-veh_767,P_1-1-pt_5167,12.599999999999971
P_1-1-veh_767,P_1-1-pt_1747,12.89999999999997
P_1-1-veh_767,P_1-1-pt_3671,9.89999999999998
P_1-2_4853,P_2-1_1463,15.499999999999961
P_1-2_4853,P_2-1_4788,21.90000000000004
P_1-2_4853,P_2-1_499,15.199999999999962
P_1-2_4853,P_2-1_804,15.199999999999962
P_1-2_4853,P_2-1_213,15.199999999999962
P_1-3_1785,P_1-1-pt_1714,13.799999999999967
P_1-3_1785,P_1-2_2287,15.199999999999962
P_1-3_1785,P_1-2_4771,30.600000000000165
P_1-3_1785,P_1-1-pt_3629,28.000000000000128
P_1-3_1785,P_1-2_3081,15.199999999999962
P_1-3_1785,P_1-2_5951,15.299999999999962
P_1-3_2323,P_1-1-pt_6779,14.099999999999966
P_1-3_2323,P_1-1-pt_7760,9.599999999999982
P_1-3_2323,P_1-1-pt_7142,18.799999999999997
P_2-1_4127,P_1-3_3759,22.300000000000047
P_1-2_3575,P_1-1-pt_8545,379.9000000000179
P_1-2_3575,P_1-3_2985,14.299999999999965
P_1-3_528,P_1-1-pt_2606,166.19999999999484
P_1-3_528,P_1-1-pt_6273,17.69999999999998
P_1-3_528,P_1-3_403,26.1000000000001
P_1-3_528,P_1-3_3759,27.100000000000115
P_1-3_528,P_1-1-pt_7142,18.9
P_1-3_3759,P_1-3_528,27.100000000000115
P_1-3_3759,P_2-1_4127,22.300000000000047
P_1-2_3386,P_1-3_2985,11.399999999999975
P_1-2_3280,P_1-1-pt_5078,12.399999999999972
P_1-2_3280,P_1-2_4734,30.600000000000165
P_1-2_3280,P_1-3_2454,15.299999999999962
P_1-2_3280,P_1-2_4206,30.600000000000165
P_1-2_3280,P_1-3_1500,30.400000000000162
P_1-2_3280,P_1-3_3901,30.500000000000163
P_1-2_3280,P_1-2_1420,15.299999999999962
P_1-2_3280,P_1-3_228,15.299999999999962
P_1-2_3280,P_1-3_3834,15.199999999999962
P_1-2_3280,P_1-3_3776,15.299999999999962
P_1-2_3280,P_2-1_2161,15.399999999999961
P_1-2_3280,P_1-3_3046,15.299999999999962
P_1-2_3280,P_1-3_3457,15.299999999999962
P_1-2_3280,P_1-3_4168,15.299999999999962
P_1-2_3280,P_1-3_2053,15.299999999999962
P_1-2_593,P_1-1-pt_4645,76.69999999999992
P_1-2_593,P_1-1-pt_5481,17.49999999999998
P_1-1-pt_4996,P_1-1-veh_610,12.399999999999972
P_1-1-pt_4996,P_1-1-pt_761,32.50000000000019
P_1-1-pt_4996,P_1-1-pt_3097,32.000000000000185
P_1-1-pt_4996,P_1-1-pt_2834,44.40000000000036
P_1-1-pt_4996,P_1-1-pt_6297,16.699999999999967
P_1-1-pt_4996,P_1-1-pt_5199,33.1000000000002
P_1-1-pt_4996,P_1-1-pt_6931,17.399999999999977
P_1-1-pt_4996,P_1-1-pt_3067,16.79999999999997
P_1-1-pt_4996,P_1-1-pt_776,16.599999999999966
P_1-1-pt_4996,P_1-1-pt_494,0.5
P_1-1-pt_4996,P_1-1-pt_2162,32.9000000000002
P_1-1-pt_4996,P_1-1-pt_297,244.79999999999038
P_1-1-pt_4996,P_1-1-pt_6176,17.099999999999973
P_1-2_1600,P_1-1-pt_6309,2451.8999999988655
P_1-1-pt_2162,P_1-1-pt_8247,9.99999999999998
P_1-1-pt_2162,P_1-1-pt_3275,11.699999999999974
P_1-1-pt_2162,P_1-1-pt_1560,11.599999999999975
P_1-1-pt_2162,P_1-1-pt_1966,16.79999999999997
P_1-1-pt_2162,P_1-2_2875,19.1
P_1-1-pt_2162,P_1-1-pt_5906,16.499999999999964
P_1-1-pt_2162,P_1-1-pt_1238,16.499999999999964
P_1-1-pt_2162,P_1-1-pt_3916,16.499999999999964
P_1-1-pt_2162,P_1-1-pt_1226,16.399999999999963
P_1-1-pt_2162,P_1-1-pt_3409,31.300000000000175
P_1-1-pt_2162,P_2-1_3764,15.299999999999962
P_1-1-pt_2162,P_2-1_2925,15.099999999999962
P_1-1-pt_2162,P_2-1_63,14.899999999999963
P_1-1-pt_2162,P_1-2_1612,15.199999999999962
P_1-1-pt_2162,P_1-1-pt_494,3905.999999997543
P_1-1-pt_2162,P_1-1-pt_4996,32.9000000000002
P_1-1-pt_2162,P_1-1-pt_6453,15.89999999999996
P_1-1-pt_2162,P_1-3_3245,12.399999999999972
P_1-1-pt_2162,P_1-1-pt_6413,16.99999999999997
P_1-1-pt_2162,P_2-1_5419,12.79999999999997
P_1-1-pt_2162,P_1-1-pt_8728,14.899999999999963
P_1-1-pt_2162,P_1-2_4483,15.499999999999961
P_1-1-pt_4671,P_1-1-pt_3927,15.59999999999996
P_1-1-pt_4671,P_1-1-pt_1298,15.299999999999962
P_1-1-pt_4671,P_1-1-pt_3275,16.699999999999967
P_1-1-pt_4671,P_1-1-pt_1560,16.499999999999964
P_1-1-pt_4671,P_1-1-pt_1966,16.699999999999967
P_1-1-pt_4671,P_1-1-pt_5906,16.599999999999966
P_1-1-pt_4671,P_1-1-pt_1238,16.499999999999964
P_1-1-pt_4671,P_1-1-pt_3916,16.699999999999967
P_1-1-pt_4671,P_1-1-pt_1226,16.699999999999967
P_1-1-pt_4671,P_1-1-pt_3409,19.1
P_1-1-pt_4671,P_1-1-pt_3624,15.499999999999961
P_1-1-pt_4671,P_1-1-veh_792,22.40000000000005
P_1-1-pt_4671,P_1-1-pt_1473,18.29999999999999
P_1-1-pt_4671,P_1-1-pt_6297,16.499999999999964
P_1-1-pt_4671,P_1-1-pt_3769,16.79999999999997
P_1-1-pt_4671,P_1-1-pt_6031,17.199999999999974
P_1-2_1066,P_1-1-pt_4715,12.199999999999973
P_1-2_1066,P_1-2_5640,116.79999999999764
P_1-1-pt_6931,P_1-3_2955,90.39999999999914
P_1-1-pt_6931,P_1-1-pt_4996,17.399999999999977
P_1-1-pt_6931,P_1-1-pt_3386,15.89999999999996
P_1-1-pt_6931,P_1-1-pt_3067,21.90000000000004
P_1-1-pt_6931,P_1-1-pt_776,16.499999999999964
P_1-1-pt_6931,P_1-1-pt_1226,19.70000000000001
P_1-1-pt_6931,P_1-1-pt_5199,16.399999999999963
P_1-1-pt_6931,P_1-3_4690,96.89999999999877
P_1-1-pt_6931,P_1-1-pt_1473,16.599999999999966
P_1-1-pt_6931,P_1-1-pt_2529,15.499999999999961
P_1-1-pt_6931,P_1-1-pt_8830,15.499999999999961
P_1-1-pt_2844,P_1-1-pt_1601,14.899999999999963
P_1-1-pt_2844,P_1-1-pt_7938,1574.2999999996637
P_1-1-pt_6309,P_1-2_1600,2451.8999999988655
P_1-3_2955,P_1-1-pt_6931,90.39999999999914
P_1-3_2955,P_1-3_3494,26.600000000000108
P_1-3_2955,P_1-3_4690,14.799999999999963
P_1-2_4388,P_2-1_3944,30.400000000000162
P_1-1-veh_234,P_1-1-pt_5078,19.1
P_1-1-veh_234,P_1-1-pt_7208,9.499999999999982
P_1-1-veh_234,P_1-1-pt_6538,13.699999999999967
P_1-1-veh_234,P_1-1-pt_7142,19.900000000000013
P_1-1-veh_234,P_1-1-pt_8682,27.40000000000012
P_1-1-veh_234,P_1-2_1596,15.199999999999962
P_1-1-veh_234,P_1-1-pt_4901,9.599999999999982
P_1-1-veh_234,P_1-1-pt_7080,31.500000000000178
P_1-1-veh_234,P_1-2_3389,15.399999999999961
P_1-1-pt_5258,P_1-1-pt_7277,15.79999999999996
P_1-1-pt_5258,P_2-1_2293,12.299999999999972
P_1-1-pt_5258,P_1-2_163,10.399999999999979
P_1-1-pt_5258,P_1-1-pt_7948,31.100000000000172
P_1-3_2278,P_1-3_3793,14.599999999999964
P_1-3_2278,P_2-1_6274,30.20000000000016
P_1-1-pt_6031,P_1-1-pt_1121,16.699999999999967
P_1-1-pt_6031,P_1-1-pt_2606,16.599999999999966
P_1-1-pt_6031,P_1-1-pt_1966,16.399999999999963
P_1-1-pt_6031,P_1-1-pt_5906,16.699999999999967
P_1-1-pt_6031,P_1-1-pt_1238,16.79999999999997
P_1-1-pt_6031,P_1-1-pt_3916,20.30000000000002
P_1-1-pt_6031,P_1-1-pt_1226,16.499999999999964
P_1-1-pt_6031,P_1-1-pt_5199,19.500000000000007
P_1-1-pt_6031,P_1-1-pt_0,27.700000000000124
P_1-1-pt_6031,P_1-1-pt_8068,36.200000000000244
P_1-1-pt_6031,P_2-1_2136,10.499999999999979
P_1-1-pt_6031,P_1-1-pt_4671,17.199999999999974
P_1-1-pt_6031,P_1-1-pt_4919,17.099999999999973
P_1-1-pt_776,P_1-1-pt_7142,12.199999999999973
P_1-1-pt_776,P_1-1-pt_7760,16.99999999999997
P_1-1-pt_776,P_1-3_2053,12.399999999999972
P_1-1-pt_776,P_1-1-pt_6297,32.700000000000195
P_1-1-pt_776,P_1-1-pt_5199,18.799999999999997
P_1-1-pt_776,P_1-2_303,37.80000000000027
P_1-1-pt_776,P_1-1-pt_6931,16.499999999999964
P_1-1-pt_776,P_1-1-pt_4996,16.599999999999966
P_1-1-pt_776,P_1-2_2543,14.199999999999966
P_1-1-pt_4262,P_1-1-pt_5167,17.59999999999998
P_1-1-pt_4262,P_1-1-pt_1747,16.19999999999996
P_1-1-pt_4262,P_1-1-pt_3671,194.69999999999322
P_1-1-pt_4262,P_1-1-pt_6743,15.299999999999962
P_1-1-pt_4262,P_1-2_1715,11.399999999999975
P_1-1-pt_4262,P_1-1-pt_5357,15.499999999999961
P_1-1-pt_4262,P_1-1-veh_152,12.499999999999972
P_1-1-pt_4262,P_1-2_2795,4.5
P_1-1-pt_4262,P_1-1-pt_1420,16.09999999999996
P_1-1-pt_4262,P_1-1-pt_8247,15.99999999999996
P_1-1-pt_4262,P_1-1-pt_3512,15.59999999999996
P_1-1-pt_4262,P_1-1-pt_1798,16.499999999999964
P_1-1-pt_6673,P_1-1-pt_7440,15.399999999999961
P_1-1-pt_6673,P_1-1-pt_2920,15.299999999999962
P_1-3_3457,P_1-3_3046,27.50000000000012
P_1-3_3457,P_1-3_3834,15.199999999999962
P_1-3_3457,P_1-1-pt_4966,12.89999999999997
P_1-3_3457,P_1-1-pt_1238,11.699999999999974
P_1-3_3457,P_1-2_4734,30.600000000000165
P_1-3_3457,P_1-3_2454,15.299999999999962
P_1-3_3457,P_1-2_4206,30.600000000000165
P_1-3_3457,P_1-3_1500,30.500000000000163
P_1-3_3457,P_1-3_3901,15.199999999999962
P_1-3_3457,P_1-2_1420,15.299999999999962
P_1-3_3457,P_1-3_228,15.299999999999962
P_1-3_3457,P_1-3_3776,15.299999999999962
P_1-3_3457,P_2-1_2161,15.299999999999962
P_1-3_3457,P_1-2_3280,15.299999999999962
P_1-3_3457,P_1-3_4168,15.299999999999962
P_1-3_3457,P_1-3_2053,15.199999999999962
P_1-2_2229,P_1-2_2030,228.7999999999913
P_1-2_2229,P_2-1_5435,239.69999999999067
P_1-2_2229,P_2-1_4331,224.59999999999152
P_1-2_2229,P_2-1_3376,223.99999999999156
P_1-2_2229,P_2-1_6256,224.39999999999154
P_1-2_2229,P_1-2_3908,224.09999999999155
P_1-2_2229,P_1-2_4607,208.59999999999243
P_1-2_2229,P_1-1-pt_7104,1500.9999999997303
P_1-2_2229,P_1-2_4886,272.9999999999936
P_1-3_635,P_1-2_4791,11.899999999999974
P_1-3_635,P_1-2_1533,14.199999999999966
P_1-3_635,P_1-3_5578,15.59999999999996
P_1-3_5475,P_1-1-pt_5139,12.299999999999972
P_1-3_5475,P_1-1-pt_1006,19.80000000000001
P_1-3_5475,P_2-1_5067,25.30000000000009
P_1-1-pt_560,P_1-3_874,290.7999999999976
P_1-1-pt_494,P_1-1-pt_3927,12.399999999999972
P_1-1-pt_494,P_1-1-pt_8247,11.499999999999975
P_1-1-pt_494,P_1-1-pt_3275,11.599999999999975
P_1-1-pt_494,P_1-1-pt_1560,12.299999999999972
P_1-1-pt_494,P_1-1-pt_1966,16.699999999999967
P_1-1-pt_494,P_1-2_2875,15.79999999999996
P_1-1-pt_494,P_1-1-pt_5906,16.399999999999963
P_1-1-pt_494,P_1-1-pt_1238,16.499999999999964
P_1-1-pt_494,P_1-1-pt_3916,16.499999999999964
P_1-1-pt_494,P_1-1-pt_1226,16.499999999999964
P_1-1-pt_494,P_1-1-pt_3409,15.79999999999996
P_1-1-pt_494,P_2-1_3764,15.299999999999962
P_1-1-pt_494,P_2-1_2925,15.199999999999962
P_1-1-pt_494,P_2-1_63,15.299999999999962
P_1-1-pt_494,P_1-2_1612,15.199999999999962
P_1-1-pt_494,P_1-1-pt_4996,0.5
P_1-1-pt_494,P_1-1-pt_2162,3905.999999997543
P_2-1_3136,P_2-1_5450,76.19999999999995
P_1-2_573,P_1-3_2018,34.70000000000022
P_1-2_573,P_1-2_5210,951.1000000001477
P_1-2_573,P_1-3_4954,16.29999999999996
P_1-2_573,P_1-2_4634,38.90000000000028
P_1-2_573,P_1-3_4775,30.20000000000016
P_1-2_573,P_1-3_2410,15.099999999999962
P_1-2_573,P_1-3_3253,30.000000000000156
P_1-2_573,P_1-3_2633,32.20000000000019
P_1-2_573,P_1-2_3693,15.499999999999961
P_1-2_573,P_1-3_4875,18.29999999999999
P_1-2_573,P_1-3_3410,15.199999999999962
P_1-2_163,P_1-1-pt_5258,10.399999999999979
P_1-2_163,P_2-1_5841,5.999999999999995
P_2-1_2293,P_1-1-pt_5258,12.299999999999972
P_2-1_2293,P_2-1_5841,2.1000000000000005
P_2-1_2293,P_1-1-pt_6381,15.499999999999961
P_1-2_2030,P_1-2_2229,228.7999999999913
P_1-2_2030,P_2-1_5435,223.59999999999158
P_1-2_2030,P_2-1_4331,223.99999999999156
P_1-2_2030,P_2-1_3376,2011.0999999992664
P_1-2_2030,P_2-1_6256,209.59999999999238
P_1-2_2030,P_1-2_3908,209.3999999999924
P_1-2_2030,P_1-2_4607,209.2999999999924
P_1-2_2030,P_1-1-pt_7104,188.89999999999355
P_1-2_2030,P_1-2_4886,208.39999999999245
P_1-1-veh_65,P_1-1-pt_7142,26.600000000000108
P_1-1-veh_65,P_1-1-pt_2529,24.300000000000075
P_1-3_4690,P_1-1-pt_4966,12.69999999999997
P_1-3_4690,P_1-1-pt_6176,12.99999999999997
P_1-3_4690,P_1-1-pt_6931,96.89999999999877
P_1-3_4690,P_1-3_2955,14.799999999999963
P_1-3_4690,P_1-1-pt_1714,13.799999999999967
P_1-3_4690,P_1-2_2287,15.499999999999961
P_1-3_4690,P_1-3_2454,15.299999999999962
P_1-3_4738,P_1-2_3821,200.1999999999929
P_1-3_4738,P_1-2_2580,200.1999999999929
P_1-3_4738,P_1-2_5752,185.09999999999377
P_1-3_4738,P_1-2_3464,184.89999999999378
P_1-3_4738,P_1-2_2797,184.7999999999938
P_1-3_4738,P_2-1_2028,92.39999999999903
P_1-3_4738,P_1-1-veh_837,3800.6999999976388
P_1-1-pt_1270,P_1-1-pt_4919,42.30000000000033
P_1-1-pt_1270,P_1-1-pt_3275,15.99999999999996
P_1-1-pt_1270,P_1-1-pt_1560,16.19999999999996
P_1-1-pt_1270,P_1-1-pt_1966,15.99999999999996
P_1-1-pt_1270,P_1-1-pt_5906,16.399999999999963
P_1-1-pt_1270,P_1-1-pt_1238,16.599999999999966
P_1-1-pt_1270,P_1-1-pt_3916,16.399999999999963
P_1-1-pt_1270,P_1-1-pt_1108,14.699999999999964
P_1-1-pt_1270,P_1-1-pt_1226,16.399999999999963
P_1-1-pt_1270,P_1-1-pt_3624,15.59999999999996
P_1-1-pt_1270,P_1-1-pt_3409,366.10000000001475
P_1-1-pt_1270,P_1-1-veh_792,51.800000000000466
P_1-1-pt_1270,P_1-1-pt_6453,15.499999999999961
P_1-1-pt_1270,P_1-3_3245,12.299999999999972
P_1-1-pt_3858,P_1-1-pt_5167,85.6999999999994
P_1-1-pt_3858,P_1-1-pt_1747,540.2000000000543
P_1-1-pt_3858,P_1-1-pt_6974,48.10000000000041
P_1-1-pt_3858,P_1-1-pt_4879,16.29999999999996
P_1-1-pt_3858,P_1-1-pt_2013,14.899999999999963
P_1-1-pt_3858,P_1-1-pt_98,85.29999999999943
P_1-1-pt_3858,P_1-1-pt_3671,93.89999999999894
P_1-1-pt_3858,P_1-1-pt_4736,30.90000000000017
P_1-1-pt_3858,P_1-1-pt_2880,32.700000000000195
P_1-1-pt_3858,P_1-2_1612,19.400000000000006
P_1-1-pt_3858,P_2-1_5419,15.199999999999962
P_1-1-pt_3858,P_1-1-pt_6743,23.000000000000057
P_1-1-pt_3858,P_1-1-pt_7915,47.2000000000004
P_1-1-pt_3858,P_1-1-pt_5999,30.90000000000017
P_1-1-pt_3858,P_1-1-pt_3207,17.49999999999998
P_1-1-pt_3858,P_1-1-pt_1497,16.09999999999996
P_1-2_4715,P_1-1-pt_3353,13.09999999999997
P_1-2_4715,P_1-1-pt_2342,166.39999999999483
P_1-3_5117,P_1-2_171,66.10000000000052
P_1-3_17,P_1-2_3488,9.499999999999982
P_1-3_17,P_1-2_4464,11.299999999999976
P_1-3_17,P_1-3_3579,12.299999999999972
P_1-1-pt_1108,P_1-1-pt_1560,36.80000000000025
P_1-1-pt_1108,P_1-1-pt_1966,16.29999999999996
P_1-1-pt_1108,P_1-1-pt_5906,16.19999999999996
P_1-1-pt_1108,P_1-1-pt_1238,16.79999999999997
P_1-1-pt_1108,P_1-1-pt_3916,16.399999999999963
P_1-1-pt_1108,P_1-1-pt_1226,55.00000000000051
P_1-1-pt_1108,P_1-1-veh_792,12.69999999999997
P_1-1-pt_1108,P_1-1-pt_1270,14.699999999999964
P_1-1-pt_1108,P_1-1-pt_4919,16.599999999999966
P_1-1-pt_1108,P_1-1-pt_1304,32.40000000000019
P_1-1-pt_1108,P_1-1-veh_105,37.90000000000027
P_1-1-pt_1108,P_1-2_1203,59.10000000000057
P_1-1-pt_1108,P_1-1-pt_8137,16.699999999999967
P_1-1-pt_1108,P_1-1-pt_6389,2.3000000000000007
P_1-1-pt_1560,P_1-1-pt_255,16.499999999999964
P_1-1-pt_1560,P_1-1-pt_1108,36.80000000000025
P_1-1-pt_1560,P_1-1-pt_494,12.299999999999972
P_1-1-pt_1560,P_1-1-pt_2162,11.599999999999975
P_1-1-pt_1560,P_1-1-pt_5897,16.79999999999997
P_1-1-pt_1560,P_1-1-pt_4671,16.499999999999964
P_1-1-pt_1560,P_1-1-pt_1270,16.19999999999996
P_1-1-pt_1560,P_1-1-pt_4919,16.599999999999966
P_1-1-pt_1560,P_1-1-pt_1304,17.099999999999973
P_1-1-pt_1560,P_1-1-pt_7863,16.499999999999964
P_1-1-pt_1560,P_1-1-pt_5193,15.59999999999996
P_1-1-pt_1560,P_1-1-pt_7325,16.599999999999966
P_1-1-pt_1560,P_1-1-pt_8137,16.89999999999997
P_1-1-pt_1560,P_1-1-pt_8762,15.89999999999996
P_1-1-pt_1560,P_1-1-pt_1138,16.09999999999996
P_1-1-pt_1560,P_1-1-pt_3275,2014.1999999992636
P_1-1-pt_1560,P_1-1-pt_5298,29.60000000000015
P_1-1-pt_1560,P_1-1-pt_7732,15.59999999999996
P_1-1-pt_2606,P_1-3_3834,12.299999999999972
P_1-1-pt_2606,P_1-1-pt_3067,622.0000000000729
P_1-1-pt_2606,P_1-3_528,166.19999999999484
P_1-1-pt_2606,P_1-1-pt_6031,16.599999999999966
P_1-1-pt_2606,P_1-1-pt_255,16.599999999999966
P_1-1-pt_2606,P_1-1-pt_3769,16.399999999999963
P_1-1-pt_2606,P_1-1-pt_8545,15.399999999999961
P_1-1-pt_2606,P_1-1-pt_1121,16.699999999999967
P_1-1-pt_3769,P_1-1-pt_2606,16.399999999999963
P_1-1-pt_3769,P_1-1-pt_5906,16.699999999999967
P_1-1-pt_3769,P_1-1-pt_1238,16.499999999999964
P_1-1-pt_3769,P_1-1-pt_3916,16.599999999999966
P_1-1-pt_3769,P_1-1-pt_1226,16.29999999999996
P_1-1-pt_3769,P_1-1-pt_3409,15.69999999999996
P_1-1-pt_3769,P_1-1-pt_3624,16.19999999999996
P_1-1-pt_3769,P_1-1-veh_792,49.90000000000044
P_1-1-pt_3769,P_1-1-pt_1473,18.099999999999987
P_1-1-pt_3769,P_1-1-pt_6297,16.599999999999966
P_1-1-pt_3769,P_1-1-pt_5897,2233.2999999990643
P_1-1-pt_3769,P_1-1-pt_4671,16.79999999999997
P_1-1-pt_3769,P_1-1-pt_4919,16.399999999999963
P_1-1-pt_8692,P_1-1-veh_459,30.20000000000016
P_1-3_2187,P_2-1_4811,15.79999999999996
P_1-2_2237,P_1-2_3488,27.700000000000124
P_1-2_2237,P_1-1-pt_2129,17.099999999999973
P_1-2_2237,P_1-1-pt_1039,16.99999999999997
P_1-2_2237,P_1-1-pt_5275,16.99999999999997
P_1-2_2237,P_1-1-pt_1700,16.99999999999997
P_1-2_2237,P_1-2_4791,17.799999999999983
P_2-1_3376,P_2-1_6256,229.09999999999127
P_2-1_3376,P_2-1_5435,224.8999999999915
P_2-1_3376,P_2-1_4331,224.39999999999154
P_2-1_3376,P_1-2_2229,223.99999999999156
P_2-1_3376,P_1-2_2030,2011.0999999992664
P_2-1_3376,P_1-2_3908,218.1999999999919
P_2-1_3376,P_1-2_4607,209.0999999999924
P_2-1_3376,P_1-1-pt_7104,746.2000000001011
P_2-1_3376,P_1-2_4886,208.59999999999243
P_1-1-pt_3927,P_1-1-pt_494,12.399999999999972
P_1-1-pt_3927,P_1-1-pt_4671,15.59999999999996
P_1-1-pt_3927,P_1-1-pt_5298,15.199999999999962
P_1-1-pt_3927,P_1-1-pt_5115,13.899999999999967
P_1-1-pt_3927,P_1-2_3413,29.60000000000015
P_1-1-veh_459,P_1-1-pt_8692,30.20000000000016
P_1-1-veh_459,P_1-1-pt_7664,28.80000000000014
P_1-1-veh_459,P_1-3_2280,12.399999999999972
P_2-1_4930,P_2-1_4232,15.89999999999996
P_2-1_4930,P_1-1-pt_8085,8.899999999999984
P_2-1_4930,P_1-3_5354,13.999999999999966
P_2-1_4930,P_1-2_4955,50.90000000000045
P_2-1_4930,P_1-1-pt_4785,15.199999999999962
P_1-3_5123,P_1-3_3536,14.699999999999964
P_1-3_5123,P_1-1-pt_1121,9.299999999999983
P_1-3_5123,P_1-2_2875,18.099999999999987
P_1-2_829,P_1-1-pt_6358,196.49999999999312
P_1-2_829,P_1-1-pt_6516,13.699999999999967
P_1-1-pt_1329,P_2-1_2925,10.499999999999979
P_1-1-pt_1329,P_1-1-pt_3489,49.10000000000043
P_1-1-pt_1329,P_2-1_5419,9.399999999999983
P_2-1_6274,P_1-3_2278,30.20000000000016
P_2-1_6256,P_2-1_3376,229.09999999999127
P_2-1_6256,P_2-1_5435,222.09999999999167
P_2-1_6256,P_2-1_4331,223.99999999999156
P_2-1_6256,P_1-2_2229,224.39999999999154
P_2-1_6256,P_1-2_2030,209.59999999999238
P_2-1_6256,P_1-2_3908,304.50000000000074
P_2-1_6256,P_1-2_4607,209.49999999999238
P_2-1_6256,P_1-1-pt_7104,175.5999999999943
P_2-1_6256,P_1-2_4886,208.59999999999243
P_1-1-pt_521,P_1-1-pt_5167,682.2000000000866
P_1-1-pt_521,P_1-1-pt_1747,85.8999999999994
P_1-1-pt_521,P_1-1-pt_6743,46.700000000000394
P_1-1-pt_521,P_1-1-pt_2880,45.00000000000037
P_1-1-pt_521,P_1-1-pt_8280,65.40000000000056
P_1-1-pt_521,P_1-1-pt_3207,80.29999999999971
P_1-1-pt_521,P_1-1-pt_571,32.50000000000019
P_1-1-pt_521,P_1-1-pt_3230,32.50000000000019
P_1-1-pt_521,P_1-1-pt_3671,82.49999999999959
P_1-1-pt_521,P_1-1-pt_98,495.2000000000441
P_1-1-pt_521,P_1-1-pt_6974,19.200000000000003
P_1-1-pt_521,P_1-1-pt_1497,90.69999999999912
P_1-1-pt_521,P_1-1-pt_5666,33.3000000000002
P_1-1-pt_521,P_1-1-pt_4879,43.70000000000035
P_1-1-pt_521,P_1-1-pt_2920,16.599999999999966
P_1-1-pt_521,P_1-1-veh_610,12.399999999999972
P_1-1-pt_521,P_1-1-pt_2369,19.0
P_1-1-pt_521,P_1-1-pt_7915,19.300000000000004
P_1-1-pt_521,P_1-1-pt_7573,16.29999999999996
P_1-1-pt_521,P_1-1-veh_767,12.199999999999973
P_1-1-pt_521,P_1-1-pt_2013,19.60000000000001
P_1-1-pt_521,P_1-2_303,3.800000000000002
P_1-1-pt_2369,P_1-1-pt_3207,15.79999999999996
P_1-1-pt_2369,P_1-1-pt_4879,45.10000000000037
P_1-1-pt_2369,P_1-1-pt_6743,220.09999999999178
P_1-1-pt_2369,P_1-1-pt_4736,64.40000000000062
P_1-1-pt_2369,P_1-1-pt_2880,14.899999999999963
P_1-1-pt_2369,P_1-1-pt_571,60.50000000000059
P_1-1-pt_2369,P_1-1-pt_3230,49.50000000000043
P_1-1-pt_2369,P_1-1-pt_8280,16.19999999999996
P_1-1-pt_2369,P_1-1-pt_1497,33.3000000000002
P_1-1-pt_2369,P_1-1-pt_521,19.0
P_1-1-pt_2369,P_1-1-pt_7573,15.59999999999996
P_1-1-pt_2369,P_1-1-pt_2013,14.299999999999965
P_1-1-pt_2369,P_1-1-pt_2297,33.500000000000206
P_1-1-pt_7664,P_1-1-pt_4879,25.800000000000097
P_1-1-pt_7664,P_1-1-veh_459,28.80000000000014
P_1-1-pt_7664,P_1-2_2543,14.599999999999964
P_1-3_4168,P_1-1-pt_7760,13.499999999999968
P_1-3_4168,P_1-1-pt_1714,12.89999999999997
P_1-3_4168,P_1-2_4734,30.600000000000165
P_1-3_4168,P_1-3_2454,15.199999999999962
P_1-3_4168,P_1-2_4206,15.299999999999962
P_1-3_4168,P_1-3_1500,15.299999999999962
P_1-3_4168,P_1-3_3901,15.299999999999962
P_1-3_4168,P_1-2_1420,15.299999999999962
P_1-3_4168,P_1-3_228,15.199999999999962
P_1-3_4168,P_1-3_3834,15.299999999999962
P_1-3_4168,P_1-3_3776,15.299999999999962
P_1-3_4168,P_2-1_2161,15.299999999999962
P_1-3_4168,P_1-2_3280,15.299999999999962
P_1-3_4168,P_1-3_3046,15.299999999999962
P_1-3_4168,P_1-3_3457,15.299999999999962
P_1-3_4168,P_1-3_2053,15.199999999999962
P_1-3_1500,P_1-2_4734,61.0000000000006
P_1-3_1500,P_1-2_4206,61.3000000000006
P_1-3_1500,P_1-3_3901,60.800000000000594
P_1-3_1500,P_1-2_1420,60.800000000000594
P_1-3_1500,P_1-3_228,60.800000000000594
P_1-3_1500,P_1-3_3776,60.800000000000594
P_1-3_1500,P_2-1_2161,61.0000000000006
P_1-3_1500,P_1-3_874,30.30000000000016
P_1-3_1500,P_1-3_2454,30.30000000000016
P_1-3_1500,P_1-3_3834,30.400000000000162
P_1-3_1500,P_1-2_3280,30.400000000000162
P_1-3_1500,P_1-3_3046,30.500000000000163
P_1-3_1500,P_1-3_3457,30.500000000000163
P_1-3_1500,P_1-3_4168,15.299999999999962
P_1-3_1500,P_1-3_2053,15.199999999999962
P_1-3_4954,P_1-3_2018,45.400000000000375
P_1-3_4954,P_1-2_573,16.29999999999996
P_1-3_4954,P_1-2_4634,31.70000000000018
P_1-3_4954,P_1-3_4775,30.20000000000016
P_1-3_4954,P_1-3_2410,30.100000000000158
P_1-3_4954,P_1-3_3253,30.700000000000166
P_1-3_4954,P_1-3_2633,34.800000000000225
P_1-3_4954,P_1-2_5210,18.39999999999999
P_1-3_4954,P_1-2_3693,14.899999999999963
P_1-3_4954,P_1-3_4875,15.199999999999962
P_1-3_4954,P_1-3_3410,15.199999999999962
P_1-1-pt_4879,P_1-1-pt_7664,25.800000000000097
P_1-1-pt_4879,P_1-1-pt_3858,16.29999999999996
P_1-1-pt_4879,P_1-1-pt_2013,241.0999999999906
P_1-1-pt_4879,P_1-1-pt_3409,7.29999999999999
P_1-1-pt_4879,P_1-1-pt_2369,45.10000000000037
P_1-1-pt_4879,P_1-1-pt_6743,24.900000000000084
P_1-1-pt_4879,P_2-1_2925,12.199999999999973
P_1-1-pt_4879,P_2-1_63,21.20000000000003
P_1-1-pt_4879,P_1-2_1612,6.299999999999994
P_1-1-pt_4879,P_1-1-pt_5666,39.20000000000029
P_1-1-pt_4879,P_1-1-pt_3207,40.500000000000306
P_1-1-pt_4879,P_1-1-pt_521,43.70000000000035
P_1-1-pt_4879,P_2-1_5419,15.299999999999962
P_1-1-pt_4879,P_1-2_303,36.50000000000025
P_1-3_1604,P_1-1-pt_3931,21.70000000000004
P_1-3_1604,P_1-1-pt_2431,30.500000000000163
P_1-1-pt_2529,P_1-2_6013,8.599999999999985
P_1-1-pt_2529,P_1-2_505,9.099999999999984
P_1-1-pt_2529,P_2-1_2384,8.999999999999984
P_1-1-pt_2529,P_2-1_2136,13.899999999999967
P_1-1-pt_2529,P_1-1-veh_65,24.300000000000075
P_1-1-pt_2529,P_1-1-pt_8830,47.400000000000404
P_1-1-pt_2529,P_1-1-pt_6931,15.499999999999961
P_2-1_6236,P_1-1-pt_2431,15.59999999999996
P_1-2_4791,P_1-3_4666,14.299999999999965
P_1-2_4791,P_1-2_1533,14.299999999999965
P_1-2_4791,P_1-3_5578,14.199999999999966
P_1-2_4791,P_1-3_635,11.899999999999974
P_1-2_4791,P_1-2_2237,17.799999999999983
P_1-2_1255,P_1-1-pt_6974,24.00000000000007
P_1-2_1255,P_1-1-pt_2503,16.79999999999997
P_1-2_1255,P_1-1-pt_4919,16.09999999999996
P_2-1_6130,P_2-1_1463,16.09999999999996
P_2-1_6130,P_2-1_4788,15.199999999999962
P_2-1_6130,P_2-1_499,15.199999999999962
P_2-1_6130,P_2-1_804,15.199999999999962
P_2-1_6130,P_2-1_213,15.199999999999962
P_1-2_1715,P_1-1-pt_4262,11.399999999999975
P_2-1_3601,P_2-1_5001,62.200000000000614
P_2-1_3601,P_2-1_2486,46.40000000000039
P_1-2_4208,P_1-1-pt_7732,12.79999999999997
P_1-2_4208,P_1-1-pt_5115,9.199999999999983
P_1-2_4208,P_1-1-pt_6368,15.399999999999961
P_1-2_4208,P_1-1-pt_1306,28.600000000000136
P_1-2_4208,P_1-2_3052,15.299999999999962
P_1-2_3835,P_1-2_3286,3.600000000000002
P_1-2_3835,P_1-2_5640,220.79999999999174
P_1-1-pt_977,P_1-2_2875,14.099999999999966
P_1-2_3286,P_1-2_3835,3.600000000000002
P_1-2_5210,P_1-2_573,951.1000000001477
P_1-2_5210,P_1-2_4634,30.100000000000158
P_1-2_5210,P_1-3_4775,30.20000000000016
P_1-2_5210,P_1-3_2410,15.199999999999962
P_1-2_5210,P_1-3_3253,30.600000000000165
P_1-2_5210,P_1-3_2018,17.999999999999986
P_1-2_5210,P_1-3_2633,35.10000000000023
P_1-2_5210,P_1-2_3693,15.099999999999962
P_1-2_5210,P_1-3_4954,18.39999999999999
P_1-2_5210,P_1-3_4875,26.900000000000112
P_1-2_5210,P_1-3_3410,15.199999999999962
P_1-3_2053,P_1-1-pt_776,12.399999999999972
P_1-3_2053,P_1-1-pt_1714,13.699999999999967
P_1-3_2053,P_1-3_2454,15.199999999999962
P_1-3_2053,P_1-2_4206,15.199999999999962
P_1-3_2053,P_1-3_1500,15.199999999999962
P_1-3_2053,P_1-3_3901,15.199999999999962
P_1-3_2053,P_1-2_1420,15.099999999999962
P_1-3_2053,P_1-3_228,15.199999999999962
P_1-3_2053,P_1-3_3834,15.199999999999962
P_1-3_2053,P_1-3_3776,15.199999999999962
P_1-3_2053,P_2-1_2161,15.299999999999962
P_1-3_2053,P_1-2_3280,15.299999999999962
P_1-3_2053,P_1-3_3046,15.199999999999962
P_1-3_2053,P_1-3_3457,15.199999999999962
P_1-3_2053,P_1-3_4168,15.199999999999962
P_1-3_2053,P_1-2_4734,30.800000000000168
P_1-1-pt_6297,P_1-1-pt_4996,16.699999999999967
P_1-1-pt_6297,P_1-1-pt_3386,18.799999999999997
P_1-1-pt_6297,P_1-1-pt_3067,39.700000000000294
P_1-1-pt_6297,P_1-1-pt_5906,22.100000000000044
P_1-1-pt_6297,P_1-1-pt_1238,19.300000000000004
P_1-1-pt_6297,P_1-1-pt_776,32.700000000000195
P_1-1-pt_6297,P_1-1-pt_1226,15.69999999999996
P_1-1-pt_6297,P_2-1_2136,26.70000000000011
P_1-1-pt_6297,P_1-1-pt_5897,16.699999999999967
P_1-1-pt_6297,P_1-1-pt_3769,16.599999999999966
P_1-1-pt_6297,P_1-1-pt_4671,16.499999999999964
P_1-1-pt_6297,P_1-1-pt_4919,18.9
P_1-1-pt_6297,P_1-3_3245,17.69999999999998
P_1-1-pt_6297,P_1-1-pt_530,20.30000000000002
P_1-1-pt_5357,P_1-1-pt_4262,15.499999999999961
P_1-1-pt_5357,P_1-1-pt_3386,30.90000000000017
P_1-1-pt_6779,P_1-2_1203,5.599999999999996
P_1-1-pt_6779,P_1-3_2323,14.099999999999966
P_1-2_3077,P_1-2_3378,136.79999999999652
P_1-2_3077,P_1-3_2180,21.90000000000004
P_1-2_3077,P_1-3_2076,22.60000000000005
P_1-2_3077,P_1-2_5020,29.60000000000015
P_1-2_3077,P_1-2_5092,30.30000000000016
P_1-2_3077,P_1-3_5354,22.60000000000005
P_1-2_3077,P_1-3_4587,12.299999999999972
P_1-1-pt_6974,P_1-1-pt_3858,48.10000000000041
P_1-1-pt_6974,P_1-1-pt_5167,225.29999999999148
P_1-1-pt_6974,P_1-1-pt_3671,283.0999999999959
P_1-1-pt_6974,P_1-1-pt_1747,387.30000000001957
P_1-1-pt_6974,P_1-1-pt_1497,71.60000000000021
P_1-1-pt_6974,P_1-1-pt_98,505.10000000004635
P_1-1-pt_6974,P_2-1_3764,5.299999999999997
P_1-1-pt_6974,P_1-1-pt_2880,220.59999999999175
P_1-1-pt_6974,P_1-2_1255,24.00000000000007
P_1-1-pt_6974,P_1-1-pt_521,19.200000000000003
P_1-1-pt_6974,P_1-1-pt_3207,111.99999999999791
P_1-1-pt_6974,P_1-1-pt_4736,31.60000000000018
P_1-1-pt_6974,P_1-1-pt_2920,93.49999999999896
P_1-1-pt_6974,P_1-1-veh_610,13.499999999999968
P_1-1-pt_6974,P_1-1-pt_7915,520.0000000000497
P_1-1-pt_6974,P_1-1-pt_7573,16.399999999999963
P_1-1-pt_6974,P_1-2_5543,15.399999999999961
P_1-2_5927,P_1-2_5020,14.699999999999964
P_1-3_3901,P_1-2_4734,61.0000000000006
P_1-3_3901,P_1-2_4206,60.900000000000595
P_1-3_3901,P_1-3_1500,60.800000000000594
P_1-3_3901,P_1-2_1420,61.2000000000006
P_1-3_3901,P_1-3_228,61.0000000000006
P_1-3_3901,P_1-3_3776,61.0000000000006
P_1-3_3901,P_2-1_2161,61.0000000000006
P_1-3_3901,P_1-3_874,30.500000000000163
P_1-3_3901,P_1-3_2454,30.400000000000162
P_1-3_3901,P_1-3_3834,30.400000000000162
P_1-3_3901,P_1-2_3280,30.500000000000163
P_1-3_3901,P_1-3_3046,30.400000000000162
P_1-3_3901,P_1-3_3457,15.199999999999962
P_1-3_3901,P_1-3_4168,15.299999999999962
P_1-3_3901,P_1-3_2053,15.199999999999962
P_1-1-pt_6368,P_1-1-pt_4595,14.599999999999964
P_1-1-pt_6368,P_1-1-pt_1306,37.80000000000027
P_1-1-pt_6368,P_1-2_4208,15.399999999999961
P_1-1-pt_6368,P_1-3_3755,14.699999999999964
P_1-1-pt_5115,P_1-3_2985,9.299999999999983
P_1-1-pt_5115,P_1-2_1990,9.299999999999983
P_1-1-pt_5115,P_1-1-veh_602,9.399999999999983
P_1-1-pt_5115,P_1-2_4208,9.199999999999983
P_1-1-pt_5115,P_1-3_3755,9.399999999999983
P_1-1-pt_5115,P_1-3_5334,9.399999999999983
P_1-1-pt_5115,P_1-1-pt_3927,13.899999999999967
P_1-1-pt_5115,P_1-2_2345,11.599999999999975
P_1-1-pt_5115,P_1-2_4019,12.299999999999972
P_1-1-pt_5115,P_1-2_3692,12.299999999999972
P_1-1-pt_1714,P_1-2_4771,27.600000000000122
P_1-1-pt_1714,P_1-1-pt_3629,30.90000000000017
P_1-1-pt_1714,P_1-2_2287,14.699999999999964
P_1-1-pt_1714,P_1-3_1785,13.799999999999967
P_1-1-pt_1714,P_1-3_4168,12.89999999999997
P_1-1-pt_1714,P_1-2_3081,13.799999999999967
P_1-1-pt_1714,P_1-3_2053,13.699999999999967
P_1-1-pt_1714,P_1-2_5951,13.799999999999967
P_1-1-pt_1714,P_1-3_4690,13.799999999999967
P_1-2_848,P_1-1-pt_5139,12.399999999999972
P_1-2_848,P_1-1-pt_1006,26.600000000000108
P_2-1_213,P_1-2_4853,15.199999999999962
P_2-1_213,P_2-1_6130,15.199999999999962
P_1-1-pt_8184,P_1-2_638,38.300000000000274
P_1-1-pt_8184,P_1-2_5753,1.7000000000000004
P_1-1-pt_8184,P_1-1-pt_1723,31.100000000000172
P_1-1-veh_602,P_1-1-pt_7732,12.299999999999972
P_1-1-veh_602,P_1-1-pt_5115,9.399999999999983
P_1-2_1494,P_1-1-pt_1669,12.299999999999972
P_1-2_168,P_1-1-pt_4875,227.09999999999138
P_1-2_168,P_1-2_3708,15.099999999999962
P_1-1-pt_3489,P_1-2_4940,9.199999999999983
P_1-1-pt_3489,P_1-1-pt_1329,49.10000000000043
P_1-1-pt_3489,P_2-1_5419,9.399999999999983
P_1-2_4483,P_1-1-pt_2880,19.60000000000001
P_1-2_4483,P_1-1-pt_297,53.100000000000485
P_1-2_4483,P_1-1-pt_2162,15.499999999999961
P_1-2_4483,P_1-1-pt_3409,15.199999999999962
P_1-2_5951,P_1-1-pt_4966,12.499999999999972
P_1-2_5951,P_1-1-pt_1226,12.399999999999972
P_1-2_5951,P_1-1-pt_1714,13.799999999999967
P_1-2_5951,P_1-2_2287,15.199999999999962
P_1-2_5951,P_1-3_2454,15.199999999999962
P_1-2_5951,P_1-2_4771,16.29999999999996
P_1-2_5951,P_1-3_1785,15.299999999999962
P_1-2_5951,P_1-2_3081,15.199999999999962
P_1-1-pt_2129,P_1-2_3488,27.40000000000012
P_1-1-pt_2129,P_1-2_2237,17.099999999999973
P_1-1-pt_2129,P_1-1-pt_5275,30.20000000000016
P_1-1-pt_2129,P_1-1-pt_1700,30.30000000000016
P_1-1-pt_2129,P_1-2_1533,28.700000000000138
P_1-1-pt_2129,P_1-1-pt_1039,6461.700000005976
P_1-3_4775,P_1-2_4634,63.20000000000063
P_1-3_4775,P_1-3_2410,48.60000000000042
P_1-3_4775,P_1-3_3253,47.1000000000004
P_1-3_4775,P_1-3_2018,30.000000000000156
P_1-3_4775,P_1-3_2633,45.00000000000037
P_1-3_4775,P_1-2_5210,30.20000000000016
P_1-3_4775,P_1-2_573,30.20000000000016
P_1-3_4775,P_1-3_4954,30.20000000000016
P_1-3_4775,P_1-3_4875,231.59999999999113
P_1-3_4775,P_1-3_3410,60.50000000000059
P_1-1-pt_7760,P_1-3_4168,13.499999999999968
P_1-1-pt_7760,P_1-1-pt_7080,15.59999999999996
P_1-1-pt_7760,P_1-1-veh_792,12.499999999999972
P_1-1-pt_7760,P_1-1-pt_776,16.99999999999997
P_1-1-pt_7760,P_1-1-pt_6273,15.69999999999996
P_1-1-pt_7760,P_1-3_2323,9.599999999999982
P_1-1-pt_7760,P_1-3_3494,45.70000000000038
P_1-1-pt_7760,P_1-1-pt_5897,16.699999999999967
P_1-1-pt_4715,P_1-2_1066,12.199999999999973
P_1-3_1737,P_1-1-pt_8545,8.299999999999986
P_1-1-pt_1039,P_1-2_3488,27.300000000000118
P_1-1-pt_1039,P_1-2_2237,16.99999999999997
P_1-1-pt_1039,P_1-1-pt_5275,30.400000000000162
P_1-1-pt_1039,P_1-1-pt_1700,30.20000000000016
P_1-1-pt_1039,P_1-2_1533,13.09999999999997
P_1-1-pt_1039,P_1-1-pt_2129,6461.700000005976
P_1-2_2598,P_1-1-pt_498,11.199999999999976
P_1-2_2598,P_1-1-pt_2032,13.09999999999997
P_2-1_3390,P_2-1_4267,21.90000000000004
P_2-1_3390,P_1-1-pt_5999,9.199999999999983
P_1-1-pt_3275,P_1-1-pt_494,11.599999999999975
P_1-1-pt_3275,P_1-1-pt_2162,11.699999999999974
P_1-1-pt_3275,P_1-1-pt_5897,16.89999999999997
P_1-1-pt_3275,P_1-1-pt_4671,16.699999999999967
P_1-1-pt_3275,P_1-1-pt_1270,15.99999999999996
P_1-1-pt_3275,P_1-1-pt_4919,16.29999999999996
P_1-1-pt_3275,P_1-1-pt_1304,16.599999999999966
P_1-1-pt_3275,P_1-1-pt_7863,15.59999999999996
P_1-1-pt_3275,P_1-1-pt_5193,15.79999999999996
P_1-1-pt_3275,P_1-1-pt_7325,16.599999999999966
P_1-1-pt_3275,P_1-1-pt_8137,16.699999999999967
P_1-1-pt_3275,P_1-1-pt_8762,15.99999999999996
P_1-1-pt_3275,P_1-1-pt_1138,15.99999999999996
P_1-1-pt_3275,P_1-1-pt_1560,2014.1999999992636
P_1-1-pt_3275,P_1-1-pt_1966,16.499999999999964
P_1-1-pt_3275,P_1-1-pt_4595,17.999999999999986
P_1-1-pt_3275,P_1-1-pt_5906,17.299999999999976
P_1-1-pt_3275,P_1-1-pt_5942,16.99999999999997
P_1-1-pt_4875,P_1-2_168,227.09999999999138
P_1-2_3908,P_2-1_5435,224.49999999999153
P_1-2_3908,P_2-1_4331,224.49999999999153
P_1-2_3908,P_1-2_2229,224.09999999999155
P_1-2_3908,P_1-2_2030,209.3999999999924
P_1-2_3908,P_2-1_3376,218.1999999999919
P_1-2_3908,P_2-1_6256,304.50000000000074
P_1-2_3908,P_1-2_4607,209.89999999999236
P_1-2_3908,P_1-1-pt_7104,184.6999999999938
P_1-2_3908,P_1-2_4886,208.59999999999243
P_1-2_4940,P_1-1-pt_3489,9.199999999999983
P_1-2_4940,P_2-1_2925,6.999999999999991
P_1-2_4940,P_1-1-pt_6453,34.40000000000022
P_1-2_4940,P_1-1-pt_5666,8.299999999999986
P_1-2_4940,P_1-1-pt_5167,9.599999999999982
P_1-2_4940,P_1-1-pt_1747,4.100000000000001
P_1-2_4940,P_1-1-pt_98,4.4
P_1-2_4940,P_1-1-pt_3207,4.5
P_1-2_4940,P_1-1-pt_3671,4.5
P_1-2_4940,P_2-1_4267,2.0000000000000004
P_1-1-pt_2032,P_1-1-pt_7938,15.79999999999996
P_1-1-pt_2032,P_1-1-pt_498,15.59999999999996
P_1-1-pt_2032,P_1-2_609,13.899999999999967
P_1-1-pt_2032,P_1-2_2598,13.09999999999997
P_2-1_3764,P_1-1-pt_6974,5.299999999999997
P_2-1_3764,P_1-1-pt_494,15.299999999999962
P_2-1_3764,P_1-1-pt_2162,15.299999999999962
P_2-1_3764,P_1-1-pt_3409,3.4000000000000017
P_1-1-pt_2431,P_1-2_4329,20.200000000000017
P_1-1-pt_2431,P_1-1-pt_5139,15.69999999999996
P_1-1-pt_2431,P_1-1-pt_1006,15.199999999999962
P_1-1-pt_2431,P_1-1-pt_1167,14.699999999999964
P_1-1-pt_2431,P_1-1-pt_3931,27.600000000000122
P_1-1-pt_2431,P_1-3_1604,30.500000000000163
P_1-1-pt_2431,P_2-1_6236,15.59999999999996
P_1-1-pt_7763,P_1-1-pt_6273,13.599999999999968
P_1-1-pt_7763,P_1-1-pt_7142,14.599999999999964
P_1-1-pt_2863,P_1-1-pt_7938,15.499999999999961
P_1-1-pt_2863,P_1-1-pt_3931,15.69999999999996
P_1-1-pt_2863,P_1-1-pt_8969,15.199999999999962
P_1-1-pt_2863,P_1-2_1658,8.999999999999984
P_1-3_80,P_2-1_2987,15.199999999999962
P_1-1-pt_1238,P_1-3_3457,11.699999999999974
P_1-1-pt_1238,P_1-1-pt_6297,19.300000000000004
P_1-1-pt_1238,P_1-1-pt_6031,16.79999999999997
P_1-1-pt_1238,P_1-1-pt_255,16.79999999999997
P_1-1-pt_1238,P_1-1-pt_1108,16.79999999999997
P_1-1-pt_1238,P_1-1-veh_792,7.29999999999999
P_1-1-pt_1238,P_1-1-pt_494,16.499999999999964
P_1-1-pt_1238,P_1-1-pt_2162,16.499999999999964
P_1-1-pt_1238,P_1-1-pt_5897,16.599999999999966
P_1-1-pt_1238,P_1-1-pt_3769,16.499999999999964
P_1-1-pt_1238,P_1-1-pt_4671,16.499999999999964
P_1-1-pt_1238,P_1-1-pt_1270,16.599999999999966
P_1-1-pt_1238,P_1-1-pt_4919,15.69999999999996
P_1-1-pt_1238,P_1-1-pt_1304,16.19999999999996
P_1-1-pt_1238,P_1-1-pt_8545,16.599999999999966
P_1-1-pt_1238,P_1-2_2702,30.500000000000163
P_1-1-veh_246,P_1-1-pt_1173,132.69999999999675
P_1-1-pt_7142,P_1-1-pt_6538,265.39999999999185
P_1-1-pt_7142,P_1-1-veh_234,19.900000000000013
P_1-1-pt_7142,P_1-1-pt_776,12.199999999999973
P_1-1-pt_7142,P_1-1-pt_1226,23.000000000000057
P_1-1-pt_7142,P_1-1-veh_65,26.600000000000108
P_1-1-pt_7142,P_1-2_2715,14.599999999999964
P_1-1-pt_7142,P_1-1-pt_7763,14.599999999999964
P_1-1-pt_7142,P_1-3_2323,18.799999999999997
P_1-1-pt_7142,P_1-3_528,18.9
P_1-1-pt_8762,P_1-1-pt_1298,16.599999999999966
P_1-1-pt_8762,P_1-1-pt_3571,15.099999999999962
P_1-1-pt_8762,P_1-1-pt_1138,2036.3999999992434
P_1-1-pt_8762,P_1-1-pt_3275,15.99999999999996
P_1-1-pt_8762,P_1-1-pt_1560,15.89999999999996
P_1-1-pt_8762,P_1-1-pt_1966,15.499999999999961
P_1-1-pt_8762,P_1-1-pt_4595,16.09999999999996
P_1-1-pt_8762,P_1-2_2702,2.2000000000000006
P_1-1-pt_8762,P_1-1-pt_5392,29.50000000000015
P_1-1-pt_5275,P_1-2_3488,27.40000000000012
P_1-1-pt_5275,P_1-2_2237,16.99999999999997
P_1-1-pt_5275,P_1-1-pt_2129,30.20000000000016
P_1-1-pt_5275,P_1-1-pt_1039,30.400000000000162
P_1-1-pt_5275,P_1-1-pt_1700,30.400000000000162
P_1-1-pt_1173,P_1-1-veh_246,132.69999999999675
P_1-1-pt_1173,P_1-2_3608,27.700000000000124
P_1-1-pt_6176,P_1-1-pt_6743,2.3000000000000007
P_1-1-pt_6176,P_1-1-pt_5906,17.59999999999998
P_1-1-pt_6176,P_1-1-pt_3916,18.39999999999999
P_1-1-pt_6176,P_1-3_4690,12.99999999999997
P_1-1-pt_6176,P_1-1-pt_7573,15.59999999999996
P_1-1-pt_6176,P_1-1-pt_297,16.89999999999997
P_1-1-pt_6176,P_1-1-pt_4996,17.099999999999973
P_1-2_2422,P_1-3_2076,14.299999999999965
P_1-2_3052,P_1-1-pt_527,15.59999999999996
P_1-2_3052,P_1-1-pt_4595,9.399999999999983
P_1-2_3052,P_1-1-pt_8545,9.299999999999983
P_1-2_3052,P_1-1-pt_1306,4.899999999999999
P_1-2_3052,P_1-2_4208,15.299999999999962
P_1-2_3052,P_1-3_3755,15.299999999999962
P_1-2_1420,P_1-2_4734,61.2000000000006
P_1-2_1420,P_1-2_4206,61.2000000000006
P_1-2_1420,P_1-3_1500,60.800000000000594
P_1-2_1420,P_1-3_3901,61.2000000000006
P_1-2_1420,P_1-3_228,76.9999999999999
P_1-2_1420,P_1-3_3776,61.1000000000006
P_1-2_1420,P_2-1_2161,61.2000000000006
P_1-2_1420,P_1-3_874,30.600000000000165
P_1-2_1420,P_1-3_2454,30.400000000000162
P_1-2_1420,P_1-3_3834,30.400000000000162
P_1-2_1420,P_1-2_3280,15.299999999999962
P_1-2_1420,P_1-3_3046,15.299999999999962
P_1-2_1420,P_1-3_3457,15.299999999999962
P_1-2_1420,P_1-3_4168,15.299999999999962
P_1-2_1420,P_1-3_2053,15.099999999999962
P_1-1-pt_6743,P_1-1-pt_6176,2.3000000000000007
P_1-1-pt_6743,P_1-1-pt_521,46.700000000000394
P_1-1-pt_6743,P_1-1-pt_8280,48.200000000000415
P_1-1-pt_6743,P_1-1-pt_4262,15.299999999999962
P_1-1-pt_6743,P_1-1-pt_3207,50.10000000000044
P_1-1-pt_6743,P_1-1-pt_4879,24.900000000000084
P_1-1-pt_6743,P_1-1-pt_2369,220.09999999999178
P_1-1-pt_6743,P_1-1-pt_5167,46.700000000000394
P_1-1-pt_6743,P_1-1-pt_1747,34.30000000000022
P_1-1-pt_6743,P_1-1-pt_98,16.09999999999996
P_1-1-pt_6743,P_1-1-pt_3671,32.60000000000019
P_1-1-pt_6743,P_2-1_63,9.599999999999982
P_1-1-pt_6743,P_1-2_1612,9.599999999999982
P_1-1-pt_6743,P_1-1-pt_3858,23.000000000000057
P_1-1-pt_6743,P_1-1-veh_610,19.500000000000007
P_1-1-pt_6743,P_1-1-veh_767,13.699999999999967
P_1-1-pt_6743,P_1-2_303,8.399999999999986
P_1-1-pt_6743,P_1-1-pt_2880,15.199999999999962
P_1-1-pt_6743,P_1-1-pt_571,15.299999999999962
P_1-1-pt_6743,P_1-1-pt_3230,15.399999999999961
P_1-1-pt_5199,P_1-1-pt_4996,33.1000000000002
P_1-1-pt_5199,P_1-1-pt_3386,16.399999999999963
P_1-1-pt_5199,P_1-1-pt_3067,32.20000000000019
P_1-1-pt_5199,P_1-1-veh_767,21.80000000000004
P_1-1-pt_5199,P_1-1-pt_776,18.799999999999997
P_1-1-pt_5199,P_1-1-pt_1226,16.699999999999967
P_1-1-pt_5199,P_1-1-pt_6931,16.399999999999963
P_1-1-pt_5199,P_1-1-pt_6031,19.500000000000007
P_1-1-pt_5199,P_1-1-pt_6413,16.89999999999997
P_1-1-pt_5199,P_1-1-pt_1296,17.199999999999974
P_1-1-pt_1296,P_1-2_1017,12.199999999999973
P_1-1-pt_1296,P_1-1-pt_2834,17.799999999999983
P_1-1-pt_1296,P_1-1-pt_5199,17.199999999999974
P_1-1-pt_1296,P_1-1-pt_3097,17.299999999999976
P_1-1-pt_1296,P_1-1-pt_761,16.89999999999997
P_1-1-pt_1296,P_1-1-pt_5666,29.400000000000148
P_1-1-pt_1296,P_1-1-pt_1473,16.89999999999997
P_1-2_2554,P_1-3_3579,14.399999999999965
P_1-2_2554,P_1-1-pt_1304,23.20000000000006
P_1-2_2554,P_1-1-pt_8137,23.20000000000006
P_1-1-pt_1298,P_1-1-pt_4671,15.299999999999962
P_1-1-pt_1298,P_1-1-pt_8762,16.599999999999966
P_1-1-pt_1298,P_1-1-pt_1798,15.199999999999962
P_1-3_3132,P_1-2_1805,15.099999999999962
P_1-1-pt_1966,P_1-1-pt_6031,16.399999999999963
P_1-1-pt_1966,P_1-1-pt_255,16.399999999999963
P_1-1-pt_1966,P_1-1-pt_1108,16.29999999999996
P_1-1-pt_1966,P_1-1-pt_494,16.699999999999967
P_1-1-pt_1966,P_1-1-pt_2162,16.79999999999997
P_1-1-pt_1966,P_1-1-pt_5897,16.499999999999964
P_1-1-pt_1966,P_1-1-pt_4671,16.699999999999967
P_1-1-pt_1966,P_1-1-pt_4919,15.399999999999961
P_1-1-pt_1966,P_1-1-pt_1270,15.99999999999996
P_1-1-pt_1966,P_1-1-pt_1304,21.600000000000037
P_1-1-pt_1966,P_1-1-pt_7863,16.599999999999966
P_1-1-pt_1966,P_1-1-pt_5193,16.599999999999966
P_1-1-pt_1966,P_1-1-pt_7325,16.699999999999967
P_1-1-pt_1966,P_1-1-pt_8137,16.599999999999966
P_1-1-pt_1966,P_1-1-pt_8762,15.499999999999961
P_1-1-pt_1966,P_1-1-pt_1138,15.89999999999996
P_1-1-pt_1966,P_1-1-pt_654,6.099999999999994
P_1-1-pt_1966,P_1-1-pt_3275,16.499999999999964
P_1-1-pt_4736,P_1-1-pt_2369,64.40000000000062
P_1-1-pt_4736,P_1-1-pt_5167,50.90000000000045
P_1-1-pt_4736,P_1-1-pt_3858,30.90000000000017
P_1-1-pt_4736,P_1-1-pt_1747,51.40000000000046
P_1-1-pt_4736,P_1-1-pt_3671,340.0000000000088
P_1-1-pt_4736,P_1-1-pt_1497,44.40000000000036
P_1-1-pt_4736,P_1-2_250,18.599999999999994
P_1-1-pt_4736,P_1-1-pt_3207,35.10000000000023
P_1-1-pt_4736,P_1-1-pt_98,17.299999999999976
P_1-1-pt_4736,P_1-1-pt_2920,16.699999999999967
P_1-1-pt_4736,P_1-1-pt_6974,31.60000000000018
P_1-1-pt_4736,P_1-1-pt_8728,15.99999999999996
P_1-1-pt_4736,P_1-1-pt_3230,18.29999999999999
P_1-1-pt_4736,P_1-1-pt_7208,18.39999999999999
P_1-1-pt_4736,P_1-1-pt_571,18.39999999999999
P_1-1-pt_4736,P_1-1-pt_8280,17.399999999999977
P_1-1-pt_4736,P_1-1-pt_2880,35.00000000000023
P_1-3_5354,P_1-2_5020,11.399999999999975
P_1-3_5354,P_2-1_4930,13.999999999999966
P_1-3_5354,P_1-3_4587,15.099999999999962
P_1-3_5354,P_1-3_2076,30.000000000000156
P_1-3_5354,P_1-2_3378,22.60000000000005
P_1-3_5354,P_1-2_3077,22.60000000000005
P_1-3_5354,P_1-2_5092,11.399999999999975
P_1-3_5354,P_1-3_2180,15.199999999999962
P_2-1_2136,P_1-1-pt_2529,13.899999999999967
P_2-1_2136,P_1-1-pt_6297,26.70000000000011
P_2-1_2136,P_1-1-pt_6031,10.499999999999979
P_1-1-pt_6538,P_1-1-pt_7142,265.39999999999185
P_1-1-pt_6538,P_1-1-veh_234,13.699999999999967
P_1-1-pt_6538,P_1-1-pt_5078,14.699999999999964
P_1-1-pt_6538,P_1-1-pt_761,14.699999999999964
P_1-1-pt_5193,P_1-1-pt_3275,15.79999999999996
P_1-1-pt_5193,P_1-1-pt_1560,15.59999999999996
P_1-1-pt_5193,P_1-1-pt_1966,16.599999999999966
P_1-1-pt_5193,P_1-1-pt_5906,16.399999999999963
P_1-1-pt_5193,P_1-1-pt_1226,16.29999999999996
P_1-1-pt_5193,P_1-1-pt_3624,15.59999999999996
P_1-1-pt_5193,P_1-1-veh_792,10.999999999999977
P_1-1-pt_5193,P_1-1-pt_6453,15.299999999999962
P_1-1-pt_5193,P_1-1-pt_8545,1854.299999999409
P_1-3_4666,P_1-2_4791,14.299999999999965
P_1-1-veh_407,P_1-1-pt_6516,13.799999999999967
P_1-3_3793,P_1-3_2278,14.599999999999964
P_1-3_3793,P_1-3_870,15.199999999999962
P_1-2_4098,P_1-2_3716,23.90000000000007
P_1-1-pt_6292,P_1-2_5428,3357.8999999980415
P_1-3_1027,P_1-1-pt_5139,24.60000000000008
P_1-2_1533,P_1-2_4791,14.299999999999965
P_1-2_1533,P_1-3_5578,14.099999999999966
P_1-2_1533,P_1-3_635,14.199999999999966
P_1-2_1533,P_1-1-pt_2129,28.700000000000138
P_1-2_1533,P_1-1-pt_1039,13.09999999999997
P_1-3_228,P_1-2_4734,60.900000000000595
P_1-3_228,P_1-2_4206,61.0000000000006
P_1-3_228,P_1-3_1500,60.800000000000594
P_1-3_228,P_1-3_3901,61.0000000000006
P_1-3_228,P_1-2_1420,76.9999999999999
P_1-3_228,P_1-3_3776,60.900000000000595
P_1-3_228,P_2-1_2161,60.900000000000595
P_1-3_228,P_1-3_874,30.500000000000163
P_1-3_228,P_1-3_2454,30.400000000000162
P_1-3_228,P_1-3_3834,30.400000000000162
P_1-3_228,P_1-2_3280,15.299999999999962
P_1-3_228,P_1-3_3046,15.299999999999962
P_1-3_228,P_1-3_3457,15.299999999999962
P_1-3_228,P_1-3_4168,15.199999999999962
P_1-3_228,P_1-3_2053,15.199999999999962
P_1-2_5752,P_1-2_3821,184.19999999999382
P_1-2_5752,P_1-2_2580,185.99999999999372
P_1-2_5752,P_1-3_4738,185.09999999999377
P_1-2_5752,P_1-2_3464,169.39999999999466
P_1-2_5752,P_1-2_2797,170.09999999999462
P_1-2_5752,P_1-1-veh_837,169.99999999999463
P_1-2_5752,P_2-1_2028,116.79999999999764
P_1-1-pt_2425,P_1-2_1285,2552.699999998774
P_1-1-pt_2425,P_2-1_2911,1065.6000000001263
P_1-1-pt_2425,P_1-1-pt_1601,15.299999999999962
P_1-3_990,P_1-1-veh_152,1.5000000000000002
P_1-3_990,P_1-2_1017,18.39999999999999
P_1-3_990,P_1-2_2543,31.60000000000018
P_1-1-pt_1167,P_1-2_4329,15.59999999999996
P_1-1-pt_1167,P_1-1-pt_2431,14.699999999999964
P_1-1-pt_5241,P_1-2_3693,11.699999999999974
P_1-1-pt_5241,P_1-2_568,1576.9999999996612
P_1-1-veh_152,P_1-3_990,1.5000000000000002
P_1-1-veh_152,P_1-1-pt_4262,12.499999999999972
P_1-3_874,P_1-1-pt_560,290.7999999999976
P_1-3_874,P_1-2_4734,30.500000000000163
P_1-3_874,P_1-2_4206,30.400000000000162
P_1-3_874,P_1-3_1500,30.30000000000016
P_1-3_874,P_1-3_3901,30.500000000000163
P_1-3_874,P_1-2_1420,30.600000000000165
P_1-3_874,P_1-3_228,30.500000000000163
P_1-3_874,P_1-3_3776,45.80000000000038
P_1-3_874,P_2-1_2161,45.80000000000038
P_1-3_874,P_1-3_2454,15.199999999999962
P_1-3_874,P_1-3_3834,30.30000000000016
P_1-1-pt_5897,P_1-1-pt_3275,16.89999999999997
P_1-1-pt_5897,P_1-1-pt_1560,16.79999999999997
P_1-1-pt_5897,P_1-1-pt_1966,16.499999999999964
P_1-1-pt_5897,P_1-1-pt_5906,16.19999999999996
P_1-1-pt_5897,P_1-1-pt_1238,16.599999999999966
P_1-1-pt_5897,P_1-1-pt_3916,16.499999999999964
P_1-1-pt_5897,P_1-1-pt_1226,16.399999999999963
P_1-1-pt_5897,P_1-1-pt_3409,15.59999999999996
P_1-1-pt_5897,P_1-1-pt_3624,15.79999999999996
P_1-1-pt_5897,P_1-1-veh_792,18.19999999999999
P_1-1-pt_5897,P_1-1-pt_1473,18.099999999999987
P_1-1-pt_5897,P_1-1-pt_6297,16.699999999999967
P_1-1-pt_5897,P_1-1-pt_3769,2233.2999999990643
P_1-1-pt_5897,P_1-1-pt_7760,16.699999999999967
P_1-3_5451,P_1-1-pt_8085,233.599999999991
P_1-3_5451,P_1-1-pt_1601,14.099999999999966
P_2-1_3664,P_1-2_2215,18.19999999999999
P_2-1_3664,P_1-3_2180,15.79999999999996
P_2-1_2925,P_1-1-pt_1329,10.499999999999979
P_2-1_2925,P_1-1-pt_4879,12.199999999999973
P_2-1_2925,P_1-1-pt_6453,15.499999999999961
P_2-1_2925,P_1-2_4940,6.999999999999991
P_2-1_2925,P_1-1-pt_494,15.199999999999962
P_2-1_2925,P_1-1-pt_2162,15.099999999999962
P_1-1-pt_3671,P_1-1-pt_5167,352.00000000001154
P_1-1-pt_3671,P_1-1-pt_1747,329.10000000000633
P_1-1-pt_3671,P_1-1-pt_4262,194.69999999999322
P_1-1-pt_3671,P_1-1-pt_6974,283.0999999999959
P_1-1-pt_3671,P_1-1-pt_98,189.19999999999354
P_1-1-pt_3671,P_1-1-pt_3207,83.39999999999954
P_1-1-pt_3671,P_1-1-pt_1497,95.29999999999886
P_1-1-pt_3671,P_1-1-pt_6743,32.60000000000019
P_1-1-pt_3671,P_1-1-pt_3858,93.89999999999894
P_1-1-pt_3671,P_1-1-pt_4736,340.0000000000088
P_1-1-pt_3671,P_1-1-pt_521,82.49999999999959
P_1-1-pt_3671,P_1-1-pt_2920,16.99999999999997
P_1-1-pt_3671,P_1-2_4940,4.5
P_1-1-pt_3671,P_1-1-pt_2880,35.20000000000023
P_1-1-pt_3671,P_1-1-pt_7915,10.799999999999978
P_1-1-pt_3671,P_1-1-pt_7573,18.39999999999999
P_1-1-pt_3671,P_1-1-veh_767,9.89999999999998
P_1-1-pt_3671,P_1-1-pt_2013,16.499999999999964
P_1-1-pt_8611,P_1-2_2473,4.999999999999998
P_1-1-pt_8611,P_1-2_4249,15.099999999999962
P_1-1-pt_8611,P_1-3_2424,14.099999999999966
P_1-3_3076,P_1-1-pt_1723,12.299999999999972
P_1-3_3076,P_1-3_743,30.500000000000163
P_1-3_3076,P_1-3_2599,15.199999999999962
P_1-3_3076,P_1-2_5745,15.099999999999962
P_1-3_3076,P_1-1-pt_8289,13.799999999999967
P_1-3_3076,P_1-1-pt_8735,13.799999999999967
P_1-3_3076,P_1-2_4266,15.099999999999962
P_1-3_3076,P_1-2_5753,15.099999999999962
P_1-3_3076,P_1-1-pt_182,13.799999999999967
P_1-3_3076,P_1-3_4289,15.199999999999962
P_1-1-pt_8068,P_1-3_5578,13.399999999999968
P_1-1-pt_8068,P_1-1-pt_6031,36.200000000000244
P_2-1_3058,P_1-1-pt_2961,9.499999999999982
P_2-1_3058,P_1-3_2180,15.69999999999996
P_2-1_1463,P_1-2_4853,15.499999999999961
P_2-1_1463,P_2-1_6130,16.09999999999996
P_1-3_2076,P_1-2_3378,21.70000000000004
P_1-3_2076,P_1-2_3077,22.60000000000005
P_1-3_2076,P_1-3_2180,308.00000000000153
P_1-3_2076,P_1-2_5020,22.40000000000005
P_1-3_2076,P_1-2_2422,14.299999999999965
P_1-3_2076,P_1-2_5092,22.60000000000005
P_1-3_2076,P_1-3_5354,30.000000000000156
P_1-3_2076,P_1-3_4587,14.999999999999963
P_1-3_5020,P_1-1-pt_2342,12.399999999999972
P_1-3_5020,P_1-3_4291,30.600000000000165
P_1-3_5020,P_1-2_2215,30.500000000000163
P_1-2_1658,P_1-1-pt_2863,8.999999999999984
P_1-1-pt_6516,P_1-1-pt_8968,10.29999999999998
P_1-1-pt_6516,P_1-2_829,13.699999999999967
P_1-1-pt_6516,P_1-1-veh_407,13.799999999999967
P_1-2_2061,P_1-1-pt_841,15.89999999999996
P_1-2_2061,P_1-1-pt_8085,15.299999999999962
P_1-2_505,P_1-1-pt_2529,9.099999999999984
P_1-2_505,P_1-1-pt_4901,58.40000000000056
P_1-3_2985,P_1-1-pt_7732,12.199999999999973
P_1-3_2985,P_1-1-pt_5115,9.299999999999983
P_1-3_2985,P_1-2_3386,11.399999999999975
P_1-3_2985,P_1-2_3575,14.299999999999965
P_1-2_2613,P_1-2_3693,2.9000000000000012
P_2-1_3944,P_1-2_4388,30.400000000000162
P_2-1_5841,P_2-1_2293,2.1000000000000005
P_2-1_5841,P_1-2_163,5.999999999999995
P_1-1-pt_8280,P_1-1-pt_6743,48.200000000000415
P_1-1-pt_8280,P_1-1-pt_2880,48.60000000000042
P_1-1-pt_8280,P_1-1-pt_521,65.40000000000056
P_1-1-pt_8280,P_1-1-pt_3207,64.7000000000006
P_1-1-pt_8280,P_1-1-pt_571,32.800000000000196
P_1-1-pt_8280,P_1-1-pt_3230,33.3000000000002
P_1-1-pt_8280,P_1-1-pt_5666,30.500000000000163
P_1-1-pt_8280,P_1-1-veh_610,12.099999999999973
P_1-1-pt_8280,P_1-1-pt_2369,16.19999999999996
P_1-1-pt_8280,P_1-1-veh_767,12.099999999999973
P_1-1-pt_8280,P_1-1-pt_4736,17.399999999999977
P_1-2_5020,P_1-3_5354,11.399999999999975
P_1-2_5020,P_1-3_2180,11.399999999999975
P_1-2_5020,P_1-3_2076,22.40000000000005
P_1-2_5020,P_1-2_3378,30.400000000000162
P_1-2_5020,P_1-2_3077,29.60000000000015
P_1-2_5020,P_1-2_5092,15.199999999999962
P_1-2_5020,P_1-3_4587,11.299999999999976
P_1-2_5020,P_1-2_5927,14.699999999999964
P_1-2_5020,P_1-2_3214,14.099999999999966
P_1-1-pt_6381,P_1-1-pt_7277,15.399999999999961
P_1-1-pt_6381,P_2-1_2293,15.499999999999961
P_1-1-pt_6381,P_1-1-pt_1669,14.799999999999963
P_1-2_3464,P_1-2_3821,184.7999999999938
P_1-2_3464,P_1-2_2580,184.7999999999938
P_1-2_3464,P_1-3_4738,184.89999999999378
P_1-2_3464,P_1-2_5752,169.39999999999466
P_1-2_3464,P_1-2_2797,169.39999999999466
P_1-2_3464,P_1-1-veh_837,169.59999999999465
P_1-2_3464,P_2-1_2028,108.09999999999813
P_1-1-pt_3097,P_1-1-pt_4996,32.000000000000185
P_1-1-pt_3097,P_1-1-pt_3386,17.69999999999998
P_1-1-pt_3097,P_1-1-pt_3067,32.50000000000019
P_1-1-pt_3097,P_1-1-pt_3916,16.99999999999997
P_1-1-pt_3097,P_1-1-pt_255,16.599999999999966
P_1-1-pt_3097,P_1-1-pt_6413,16.79999999999997
P_1-1-pt_3097,P_1-1-pt_1296,17.299999999999976
P_1-1-pt_3097,P_1-1-pt_2834,17.799999999999983
P_1-1-pt_3097,P_1-3_2221,40.2000000000003
P_1-1-pt_1306,P_1-2_3413,1953.4999999993188
P_1-1-pt_1306,P_1-1-pt_6368,37.80000000000027
P_1-1-pt_1306,P_1-2_3052,4.899999999999999
P_1-1-pt_1306,P_1-2_4208,28.600000000000136
P_1-1-pt_1306,P_1-3_3755,30.20000000000016
P_2-1_1609,P_1-2_5369,60.40000000000059
P_1-1-pt_8968,P_1-1-pt_6516,10.29999999999998
P_1-1-pt_8968,P_1-1-pt_2961,34.60000000000022
P_1-2_3590,P_1-1-pt_3931,12.89999999999997
P_1-2_3590,P_1-1-pt_3353,13.699999999999967
P_1-1-pt_1420,P_1-1-pt_4262,16.09999999999996
P_1-1-pt_1420,P_1-2_2795,1592.1999999996474
P_1-1-pt_1420,P_1-1-pt_8247,1018.0000000001629
P_1-1-pt_4645,P_1-2_593,76.69999999999992
P_1-1-pt_4645,P_1-2_5943,788.1000000001106
P_1-2_4962,P_1-1-pt_527,1941.8999999993293
P_1-2_3708,P_1-2_168,15.099999999999962
P_1-1-pt_6358,P_1-2_829,196.49999999999312
P_1-1-pt_6358,P_2-1_4232,70.70000000000026
P_1-1-pt_5666,P_1-1-pt_571,30.700000000000166
P_1-1-pt_5666,P_1-1-pt_3230,30.500000000000163
P_1-1-pt_5666,P_1-1-pt_8280,30.500000000000163
P_1-1-pt_5666,P_1-1-pt_521,33.3000000000002
P_1-1-pt_5666,P_1-1-pt_4879,39.20000000000029
P_1-1-pt_5666,P_1-1-pt_3207,576.6000000000626
P_1-1-pt_5666,P_1-1-pt_1497,68.40000000000039
P_1-1-pt_5666,P_1-1-pt_2920,15.69999999999996
P_1-1-pt_5666,P_1-2_4940,8.299999999999986
P_1-1-pt_5666,P_1-1-veh_610,13.999999999999966
P_1-1-pt_5666,P_1-1-veh_767,13.899999999999967
P_1-1-pt_5666,P_1-2_303,8.499999999999986
P_1-1-pt_5666,P_1-1-pt_1296,29.400000000000148
P_1-1-pt_182,P_1-3_743,27.40000000000012
P_1-1-pt_182,P_1-1-pt_1723,31.500000000000178
P_1-1-pt_182,P_1-3_2599,13.699999999999967
P_1-1-pt_182,P_1-2_5745,13.799999999999967
P_1-1-pt_182,P_1-1-pt_8289,15.099999999999962
P_1-1-pt_182,P_1-1-pt_8735,15.199999999999962
P_1-1-pt_182,P_1-2_4266,13.09999999999997
P_1-1-pt_182,P_1-3_3076,13.799999999999967
P_1-1-pt_182,P_1-2_5753,13.799999999999967
P_1-1-pt_182,P_1-3_4289,13.699999999999967
P_1-1-pt_182,P_1-1-veh_834,13.699999999999967
P_1-2_1025,P_1-3_2482,23.90000000000007
P_1-1-pt_2920,P_1-1-pt_521,16.599999999999966
P_1-1-pt_2920,P_1-1-pt_5666,15.69999999999996
P_1-1-pt_2920,P_1-1-pt_4736,16.699999999999967
P_1-1-pt_2920,P_1-1-pt_6974,93.49999999999896
P_1-1-pt_2920,P_1-1-pt_5167,16.29999999999996
P_1-1-pt_2920,P_1-1-pt_1747,16.29999999999996
P_1-1-pt_2920,P_1-1-pt_98,16.599999999999966
P_1-1-pt_2920,P_1-1-pt_3207,15.99999999999996
P_1-1-pt_2920,P_1-1-pt_3671,16.99999999999997
P_1-1-pt_2920,P_1-1-pt_1497,15.399999999999961
P_1-1-pt_2920,P_1-1-pt_6673,15.299999999999962
P_1-2_2335,P_1-3_283,154.19999999999553
P_1-2_4607,P_1-2_2229,208.59999999999243
P_1-2_4607,P_1-2_2030,209.2999999999924
P_1-2_4607,P_2-1_3376,209.0999999999924
P_1-2_4607,P_2-1_6256,209.49999999999238
P_1-2_4607,P_1-2_3908,209.89999999999236
P_1-2_4607,P_2-1_5435,209.1999999999924
P_1-2_4607,P_1-1-pt_7104,175.5999999999943
P_1-2_4607,P_1-2_4886,193.5999999999933
P_1-2_4607,P_2-1_4331,1051.5000000001392
P_1-1-pt_2834,P_1-1-pt_4996,44.40000000000036
P_1-1-pt_2834,P_1-1-pt_3386,16.29999999999996
P_1-1-pt_2834,P_1-1-pt_3067,15.299999999999962
P_1-1-pt_2834,P_1-1-pt_1296,17.799999999999983
P_1-1-pt_2834,P_1-1-pt_3097,17.799999999999983
P_1-2_1805,P_1-3_3132,15.099999999999962
P_1-3_3776,P_1-2_4734,61.1000000000006
P_1-3_3776,P_1-2_4206,61.2000000000006
P_1-3_3776,P_1-3_1500,60.800000000000594
P_1-3_3776,P_1-3_3901,61.0000000000006
P_1-3_3776,P_1-2_1420,61.1000000000006
P_1-3_3776,P_1-3_228,60.900000000000595
P_1-3_3776,P_2-1_2161,45.90000000000038
P_1-3_3776,P_1-3_874,45.80000000000038
P_1-3_3776,P_1-3_2454,30.500000000000163
P_1-3_3776,P_1-3_3834,45.70000000000038
P_1-3_3776,P_1-2_3280,15.299999999999962
P_1-3_3776,P_1-3_3046,15.299999999999962
P_1-3_3776,P_1-3_3457,15.299999999999962
P_1-3_3776,P_1-3_4168,15.299999999999962
P_1-3_3776,P_1-3_2053,15.199999999999962
P_1-3_4124,P_1-3_2421,27.200000000000117
P_1-3_4124,P_1-2_171,8.799999999999985
P_1-3_4124,P_1-2_4285,15.59999999999996
P_1-3_2599,P_1-2_5745,31.100000000000172
P_1-3_2599,P_1-1-pt_498,12.599999999999971
P_1-3_2599,P_1-1-pt_1723,12.399999999999972
P_1-3_2599,P_1-1-veh_834,15.299999999999962
P_1-3_2599,P_1-3_743,30.30000000000016
P_1-3_2599,P_1-1-pt_8289,13.799999999999967
P_1-3_2599,P_1-1-pt_8735,27.300000000000118
P_1-3_2599,P_1-2_4266,30.30000000000016
P_1-3_2599,P_1-3_3076,15.199999999999962
P_1-3_2599,P_1-2_5753,15.199999999999962
P_1-3_2599,P_1-1-pt_182,13.699999999999967
P_1-3_2599,P_1-3_4289,15.199999999999962
P_1-2_5745,P_1-3_2599,31.100000000000172
P_1-2_5745,P_1-1-pt_498,12.499999999999972
P_1-2_5745,P_1-1-pt_1723,12.199999999999973
P_1-2_5745,P_1-1-veh_834,15.099999999999962
P_1-2_5745,P_1-3_743,30.30000000000016
P_1-2_5745,P_1-1-pt_8289,13.699999999999967
P_1-2_5745,P_1-1-pt_8735,27.000000000000114
P_1-2_5745,P_1-2_4266,30.30000000000016
P_1-2_5745,P_1-3_3076,15.099999999999962
P_1-2_5745,P_1-2_5753,15.199999999999962
P_1-2_5745,P_1-1-pt_182,13.799999999999967
P_1-2_5745,P_1-3_4289,15.199999999999962
P_1-2_5745,P_1-2_609,28.20000000000013
P_1-1-pt_2961,P_1-1-pt_3176,19.400000000000006
P_1-1-pt_2961,P_1-2_3224,9.399999999999983
P_1-1-pt_2961,P_2-1_3058,9.499999999999982
P_1-1-pt_2961,P_1-1-pt_8968,34.60000000000022
P_1-2_2702,P_1-1-pt_5392,22.200000000000045
P_1-2_2702,P_1-1-pt_1238,30.500000000000163
P_1-2_2702,P_1-1-pt_1138,1.3
P_1-2_2702,P_1-1-pt_8762,2.2000000000000006
P_2-1_2384,P_1-1-pt_7573,12.99999999999997
P_2-1_2384,P_1-1-pt_4901,24.60000000000008
P_2-1_2384,P_1-1-pt_2529,8.999999999999984
P_1-1-pt_2013,P_1-1-pt_4879,241.0999999999906
P_1-1-pt_2013,P_1-1-pt_3858,14.899999999999963
P_1-1-pt_2013,P_1-1-pt_297,22.50000000000005
P_1-1-pt_2013,P_1-1-pt_7573,88.09999999999927
P_1-1-pt_2013,P_1-1-pt_2369,14.299999999999965
P_1-1-pt_2013,P_1-1-pt_521,19.60000000000001
P_1-1-pt_2013,P_1-1-pt_5167,92.29999999999903
P_1-1-pt_2013,P_1-1-pt_1747,15.69999999999996
P_1-1-pt_2013,P_1-1-pt_3671,16.499999999999964
P_1-1-pt_2013,P_1-1-pt_3207,16.19999999999996
P_1-1-pt_2013,P_1-1-pt_98,199.09999999999297
P_1-1-pt_2013,P_1-1-pt_1497,16.699999999999967
P_1-3_4875,P_1-2_5640,15.199999999999962
P_1-3_4875,P_1-2_4634,93.99999999999893
P_1-3_4875,P_1-3_4775,231.59999999999113
P_1-3_4875,P_1-3_2410,30.30000000000016
P_1-3_4875,P_1-3_3253,39.700000000000294
P_1-3_4875,P_1-3_2018,30.100000000000158
P_1-3_4875,P_1-3_2633,35.40000000000023
P_1-3_4875,P_1-2_5210,26.900000000000112
P_1-3_4875,P_1-2_573,18.29999999999999
P_1-3_4875,P_1-3_4954,15.199999999999962
P_1-3_4875,P_1-3_3410,132.59999999999675
P_1-1-pt_98,P_1-1-pt_5167,175.19999999999433
P_1-1-pt_98,P_1-1-pt_1747,173.29999999999444
P_1-1-pt_98,P_1-1-pt_3671,189.19999999999354
P_1-1-pt_98,P_1-1-pt_1497,159.6999999999952
P_1-1-pt_98,P_1-1-pt_6743,16.09999999999996
P_1-1-pt_98,P_1-1-pt_6974,505.10000000004635
P_1-1-pt_98,P_1-1-pt_3858,85.29999999999943
P_1-1-pt_98,P_1-1-pt_2880,36.50000000000025
P_1-1-pt_98,P_1-1-pt_521,495.2000000000441
P_1-1-pt_98,P_1-1-pt_4736,17.299999999999976
P_1-1-pt_98,P_1-1-pt_2920,16.599999999999966
P_1-1-pt_98,P_1-2_4940,4.4
P_1-1-pt_98,P_1-1-pt_3207,494.700000000044
P_1-1-pt_98,P_1-1-pt_7915,280.4999999999953
P_1-1-pt_98,P_1-1-pt_2013,199.09999999999297
P_1-3_3579,P_1-2_2554,14.399999999999965
P_1-3_3579,P_1-1-pt_0,33.60000000000021
P_1-3_3579,P_1-3_17,12.299999999999972
P_1-3_3579,P_1-2_4464,13.899999999999967
P_1-1-pt_527,P_1-2_3052,15.59999999999996
P_1-1-pt_527,P_1-2_4962,1941.8999999993293
P_1-2_5428,P_1-1-pt_6292,3357.8999999980415
P_1-1-pt_297,P_1-1-pt_3916,17.49999999999998
P_1-1-pt_297,P_1-1-pt_2013,22.50000000000005
P_1-1-pt_297,P_1-1-pt_7573,85.59999999999941
P_1-1-pt_297,P_1-2_4483,53.100000000000485
P_1-1-pt_297,P_1-1-pt_6176,16.89999999999997
P_1-1-pt_297,P_1-1-pt_4996,244.79999999999038
P_1-2_2797,P_1-2_3821,206.79999999999254
P_1-2_2797,P_1-2_2580,220.89999999999173
P_1-2_2797,P_1-3_4738,184.7999999999938
P_1-2_2797,P_1-2_5752,170.09999999999462
P_1-2_2797,P_1-2_3464,169.39999999999466
P_1-2_2797,P_1-1-veh_837,169.79999999999464
P_1-2_2797,P_2-1_2028,92.59999999999901
P_1-2_2715,P_1-1-pt_7142,14.599999999999964
P_1-2_2715,P_1-1-pt_150,15.399999999999961
P_1-2_2715,P_2-1_3119,13.799999999999967
P_1-3_1140,P_1-1-pt_8085,39.40000000000029
P_1-3_1140,P_1-1-pt_841,27.100000000000115
P_1-3_1140,P_1-1-pt_1601,9.299999999999983
P_1-1-pt_6413,P_1-1-pt_5199,16.89999999999997
P_1-1-pt_6413,P_1-1-pt_3097,16.79999999999997
P_1-1-pt_6413,P_2-1_63,15.59999999999996
P_1-1-pt_6413,P_1-2_1612,15.499999999999961
P_1-1-pt_6413,P_1-1-pt_6453,15.499999999999961
P_1-1-pt_6413,P_1-3_3245,12.299999999999972
P_1-1-pt_6413,P_1-1-pt_2162,16.99999999999997
P_1-1-pt_6413,P_1-1-pt_3409,15.69999999999996
P_1-1-pt_6413,P_2-1_5419,170.3999999999946
P_1-1-pt_6413,P_1-1-pt_1473,10.999999999999977
P_1-2_6013,P_1-1-pt_7573,12.399999999999972
P_1-2_6013,P_1-1-pt_2529,8.599999999999985
P_1-3_809,P_1-2_4065,5.099999999999998
P_1-1-pt_8682,P_1-1-veh_234,27.40000000000012
P_1-1-pt_8682,P_1-1-pt_5078,14.799999999999963
P_1-1-pt_8682,P_1-1-pt_4901,15.79999999999996
P_1-1-pt_8682,P_1-1-pt_4966,22.300000000000047
P_1-1-pt_8682,P_1-2_1596,15.099999999999962
P_1-1-pt_8682,P_1-1-pt_7080,16.499999999999964
P_1-1-pt_8682,P_1-2_3389,13.699999999999967
P_1-2_4065,P_1-3_809,5.099999999999998
P_2-1_4232,P_2-1_4930,15.89999999999996
P_2-1_4232,P_1-1-pt_6358,70.70000000000026
P_2-1_4811,P_1-3_2187,15.79999999999996
P_2-1_5799,P_1-1-pt_1601,13.399999999999968
P_1-1-pt_4966,P_1-3_3046,12.599999999999971
P_1-1-pt_4966,P_1-3_3457,12.89999999999997
P_1-1-pt_4966,P_1-2_5951,12.499999999999972
P_1-1-pt_4966,P_1-3_4690,12.69999999999997
P_1-1-pt_4966,P_1-1-pt_8682,22.300000000000047
P_1-1-pt_1601,P_1-1-pt_6355,13.199999999999969
P_1-1-pt_1601,P_1-1-pt_7938,26.80000000000011
P_1-1-pt_1601,P_1-1-pt_2844,14.899999999999963
P_1-1-pt_1601,P_1-3_5550,14.299999999999965
P_1-1-pt_1601,P_2-1_5799,13.399999999999968
P_1-1-pt_1601,P_1-3_4492,13.799999999999967
P_1-1-pt_1601,P_1-3_2528,13.799999999999967
P_1-1-pt_1601,P_1-1-pt_2425,15.299999999999962
P_1-1-pt_1601,P_2-1_2911,13.299999999999969
P_1-1-pt_1601,P_1-2_1285,12.399999999999972
P_1-1-pt_1601,P_2-1_842,8.899999999999984
P_1-1-pt_1601,P_1-3_5451,14.099999999999966
P_1-1-pt_1601,P_1-3_1140,9.299999999999983
P_1-2_1596,P_1-1-veh_234,15.199999999999962
P_1-2_1596,P_1-1-pt_4901,7.899999999999988
P_1-2_1596,P_1-1-pt_8682,15.099999999999962
P_1-1-pt_5997,P_1-3_1571,15.399999999999961
P_1-1-pt_5997,P_1-1-pt_394,1214.8999999999905
P_2-1_5450,P_2-1_3136,76.19999999999995
P_1-1-pt_6453,P_2-1_2925,15.499999999999961
P_1-1-pt_6453,P_1-2_4940,34.40000000000022
P_1-1-pt_6453,P_1-1-pt_8728,15.79999999999996
P_1-1-pt_6453,P_1-1-pt_6413,15.499999999999961
P_1-1-pt_6453,P_1-1-pt_2162,15.89999999999996
P_1-1-pt_6453,P_1-1-pt_3409,15.199999999999962
P_1-1-pt_6453,P_1-1-pt_1270,15.499999999999961
P_1-1-pt_6453,P_1-1-pt_7863,15.59999999999996
P_1-1-pt_6453,P_1-1-pt_8545,15.59999999999996
P_1-1-pt_6453,P_1-1-pt_5193,15.299999999999962
P_1-1-pt_6453,P_1-1-pt_7325,15.499999999999961
P_1-1-pt_8085,P_1-3_5451,233.599999999991
P_1-1-pt_8085,P_2-1_4930,8.899999999999984
P_1-1-pt_8085,P_1-3_1140,39.40000000000029
P_1-1-pt_8085,P_1-2_4955,6.799999999999992
P_1-1-pt_8085,P_1-2_2061,15.299999999999962
P_1-1-pt_8085,P_1-1-pt_841,1682.799999999565
P_1-3_403,P_1-1-pt_1121,28.20000000000013
P_1-3_403,P_1-3_528,26.1000000000001
P_1-1-pt_571,P_1-1-pt_2369,60.50000000000059
P_1-1-pt_571,P_1-1-pt_521,32.50000000000019
P_1-1-pt_571,P_1-1-pt_8280,32.800000000000196
P_1-1-pt_571,P_1-1-pt_3207,16.599999999999966
P_1-1-pt_571,P_1-1-pt_5666,30.700000000000166
P_1-1-pt_571,P_1-1-pt_8728,13.999999999999966
P_1-1-pt_571,P_1-1-pt_7208,18.499999999999993
P_1-1-pt_571,P_1-2_250,9.89999999999998
P_1-1-pt_571,P_1-1-pt_4736,18.39999999999999
P_1-1-pt_571,P_1-1-pt_2880,15.199999999999962
P_1-1-pt_571,P_1-1-pt_6743,15.299999999999962
P_1-1-pt_571,P_1-1-pt_3230,3439.799999997967
P_1-2_3692,P_1-1-pt_5115,12.299999999999972
P_1-1-pt_7863,P_1-1-pt_3275,15.59999999999996
P_1-1-pt_7863,P_1-1-pt_1560,16.499999999999964
P_1-1-pt_7863,P_1-1-pt_1966,16.599999999999966
P_1-1-pt_7863,P_1-1-pt_5906,16.599999999999966
P_1-1-pt_7863,P_1-1-pt_1226,16.599999999999966
P_1-1-pt_7863,P_1-1-pt_3624,15.89999999999996
P_1-1-pt_7863,P_1-1-veh_792,31.70000000000018
P_1-1-pt_7863,P_1-1-pt_6453,15.59999999999996
P_1-2_2034,P_1-2_3693,2.700000000000001
P_1-2_2034,P_1-1-pt_654,13.199999999999969
P_2-1_2045,P_1-2_2345,26.600000000000108
P_1-1-pt_3230,P_1-1-pt_3409,10.09999999999998
P_1-1-pt_3230,P_1-1-pt_2369,49.50000000000043
P_1-1-pt_3230,P_1-1-pt_521,32.50000000000019
P_1-1-pt_3230,P_1-1-pt_8280,33.3000000000002
P_1-1-pt_3230,P_1-1-pt_3207,16.499999999999964
P_1-1-pt_3230,P_1-1-pt_5666,30.500000000000163
P_1-1-pt_3230,P_1-1-pt_8728,13.999999999999966
P_1-1-pt_3230,P_1-1-pt_4736,18.29999999999999
P_1-1-pt_3230,P_1-1-pt_7208,18.29999999999999
P_1-1-pt_3230,P_1-2_250,10.19999999999998
P_1-1-pt_3230,P_1-1-pt_2880,15.099999999999962
P_1-1-pt_3230,P_1-1-pt_6743,15.399999999999961
P_1-1-pt_3230,P_1-1-pt_571,3439.799999997967
P_1-3_3253,P_1-2_4634,60.100000000000584
P_1-3_3253,P_1-3_4775,47.1000000000004
P_1-3_3253,P_1-3_2410,30.30000000000016
P_1-3_3253,P_1-3_2018,30.20000000000016
P_1-3_3253,P_1-3_2633,52.500000000000476
P_1-3_3253,P_1-2_5210,30.600000000000165
P_1-3_3253,P_1-2_573,30.000000000000156
P_1-3_3253,P_1-3_4954,30.700000000000166
P_1-3_3253,P_1-3_4875,39.700000000000294
P_1-3_3253,P_1-3_3410,67.50000000000044
P_1-3_2280,P_1-1-veh_459,12.399999999999972
P_1-1-pt_6273,P_1-1-pt_7763,13.599999999999968
P_1-1-pt_6273,P_1-3_528,17.69999999999998
P_1-1-pt_6273,P_1-1-pt_7760,15.69999999999996
P_1-3_2528,P_1-1-pt_3353,16.79999999999997
P_1-3_2528,P_1-1-pt_1601,13.799999999999967
P_2-1_2028,P_1-2_5752,116.79999999999764
P_2-1_2028,P_1-2_3464,108.09999999999813
P_2-1_2028,P_1-2_3821,95.09999999999887
P_2-1_2028,P_1-2_2797,92.59999999999901
P_2-1_2028,P_1-2_2580,92.69999999999901
P_2-1_2028,P_1-1-veh_837,92.39999999999903
P_2-1_2028,P_1-3_4738,92.39999999999903
P_1-1-pt_7104,P_1-2_2229,1500.9999999997303
P_1-1-pt_7104,P_1-2_2030,188.89999999999355
P_1-1-pt_7104,P_2-1_3376,746.2000000001011
P_1-1-pt_7104,P_2-1_6256,175.5999999999943
P_1-1-pt_7104,P_1-2_3908,184.6999999999938
P_1-1-pt_7104,P_2-1_5435,175.7999999999943
P_1-1-pt_7104,P_1-2_4607,175.5999999999943
P_1-1-pt_7104,P_2-1_4331,176.89999999999424
P_1-1-pt_7104,P_1-2_4886,1043.7000000001462
P_1-1-pt_3595,P_1-1-pt_5913,37.20000000000026
P_1-2_4886,P_1-2_2229,272.9999999999936
P_1-2_4886,P_1-2_2030,208.39999999999245
P_1-2_4886,P_2-1_3376,208.59999999999243
P_1-2_4886,P_2-1_6256,208.59999999999243
P_1-2_4886,P_1-2_3908,208.59999999999243
P_1-2_4886,P_2-1_5435,208.59999999999243
P_1-2_4886,P_1-2_4607,193.5999999999933
P_1-2_4886,P_2-1_4331,194.69999999999322
P_1-2_4886,P_1-1-pt_7104,1043.7000000001462
P_1-1-pt_1121,P_1-1-pt_6031,16.699999999999967
P_1-1-pt_1121,P_1-3_403,28.20000000000013
P_1-1-pt_1121,P_1-3_3536,9.199999999999983
P_1-1-pt_1121,P_1-3_5123,9.299999999999983
P_1-1-pt_1121,P_1-1-pt_2606,16.699999999999967
P_2-1_804,P_1-2_4853,15.199999999999962
P_2-1_804,P_2-1_6130,15.199999999999962
P_2-1_842,P_1-1-pt_841,12.299999999999972
P_2-1_842,P_1-1-pt_1601,8.899999999999984
P_1-1-pt_3067,P_1-1-pt_2606,622.0000000000729
P_1-1-pt_3067,P_1-1-pt_761,38.60000000000028
P_1-1-pt_3067,P_1-1-pt_3097,32.50000000000019
P_1-1-pt_3067,P_1-1-pt_2834,15.299999999999962
P_1-1-pt_3067,P_1-1-pt_6297,39.700000000000294
P_1-1-pt_3067,P_1-1-pt_5199,32.20000000000019
P_1-1-pt_3067,P_1-1-pt_6931,21.90000000000004
P_1-1-pt_3067,P_1-1-pt_4996,16.79999999999997
P_1-1-pt_3571,P_1-1-pt_8762,15.099999999999962
P_1-1-pt_3571,P_1-1-pt_1798,15.99999999999996
P_1-1-pt_3571,P_1-1-pt_5298,15.399999999999961
P_1-3_2171,P_2-1_5067,11.299999999999976
P_1-3_2424,P_1-1-pt_8611,14.099999999999966
P_1-3_2424,P_1-2_4249,38.20000000000027
P_1-3_3245,P_1-1-pt_6413,12.299999999999972
P_1-3_3245,P_1-1-pt_2162,12.399999999999972
P_1-3_3245,P_1-1-pt_3409,13.699999999999967
P_1-3_3245,P_1-1-pt_1270,12.299999999999972
P_1-3_3245,P_1-1-pt_6297,17.69999999999998
P_1-1-pt_0,P_1-3_3579,33.60000000000021
P_1-1-pt_0,P_1-1-pt_1473,2.700000000000001
P_1-1-pt_0,P_1-1-pt_6031,27.700000000000124
P_1-1-pt_2880,P_1-1-pt_521,45.00000000000037
P_1-1-pt_2880,P_1-1-pt_8280,48.60000000000042
P_1-1-pt_2880,P_1-1-pt_3207,60.70000000000059
P_1-1-pt_2880,P_1-1-pt_2369,14.899999999999963
P_1-1-pt_2880,P_1-1-pt_5167,48.80000000000042
P_1-1-pt_2880,P_1-1-pt_3858,32.700000000000195
P_1-1-pt_2880,P_1-1-pt_1747,49.30000000000043
P_1-1-pt_2880,P_1-1-pt_98,36.50000000000025
P_1-1-pt_2880,P_1-1-pt_6974,220.59999999999175
P_1-1-pt_2880,P_1-2_4483,19.60000000000001
P_1-1-pt_2880,P_1-1-pt_3671,35.20000000000023
P_1-1-pt_2880,P_1-1-veh_610,16.89999999999997
P_1-1-pt_2880,P_1-1-veh_767,13.699999999999967
P_1-1-pt_2880,P_1-2_303,8.499999999999986
P_1-1-pt_2880,P_1-1-pt_6743,15.199999999999962
P_1-1-pt_2880,P_1-1-pt_571,15.199999999999962
P_1-1-pt_2880,P_1-1-pt_3230,15.099999999999962
P_1-1-pt_2880,P_1-1-pt_4736,35.00000000000023
P_1-1-pt_2880,P_1-1-pt_1497,14.699999999999964
P_1-1-pt_8735,P_1-2_4266,1327.9999999998877
P_1-1-pt_8735,P_1-1-pt_498,15.499999999999961
P_1-1-pt_8735,P_1-1-pt_1723,198.699999999993
P_1-1-pt_8735,P_1-3_743,27.40000000000012
P_1-1-pt_8735,P_1-3_2599,27.300000000000118
P_1-1-pt_8735,P_1-2_5745,27.000000000000114
P_1-1-pt_8735,P_1-1-pt_8289,15.199999999999962
P_1-1-pt_8735,P_1-3_3076,13.799999999999967
P_1-1-pt_8735,P_1-2_5753,13.699999999999967
P_1-1-pt_8735,P_1-1-pt_182,15.199999999999962
P_1-1-pt_8735,P_1-3_4289,13.599999999999968
P_1-1-pt_8735,P_1-2_609,13.699999999999967
P_1-1-pt_150,P_1-2_2715,15.399999999999961
P_1-1-pt_150,P_1-1-pt_4901,40.90000000000031
P_1-1-pt_3207,P_1-1-pt_5167,85.19999999999943
P_1-1-pt_3207,P_1-1-pt_1747,82.3999999999996
P_1-1-pt_3207,P_1-1-pt_3671,83.39999999999954
P_1-1-pt_3207,P_1-1-pt_2369,15.79999999999996
P_1-1-pt_3207,P_1-1-pt_6743,50.10000000000044
P_1-1-pt_3207,P_1-1-pt_2880,60.70000000000059
P_1-1-pt_3207,P_1-1-pt_521,80.29999999999971
P_1-1-pt_3207,P_1-1-pt_8280,64.7000000000006
P_1-1-pt_3207,P_1-1-pt_571,16.599999999999966
P_1-1-pt_3207,P_1-1-pt_3230,16.499999999999964
P_1-1-pt_3207,P_1-1-pt_4879,40.500000000000306
P_1-1-pt_3207,P_1-1-pt_5666,576.6000000000626
P_1-1-pt_3207,P_1-1-pt_6974,111.99999999999791
P_1-1-pt_3207,P_1-1-pt_4736,35.10000000000023
P_1-1-pt_3207,P_1-1-pt_2920,15.99999999999996
P_1-1-pt_3207,P_1-2_4940,4.5
P_1-1-pt_3207,P_1-1-pt_98,494.700000000044
P_1-1-pt_3207,P_1-1-veh_610,12.89999999999997
P_1-1-pt_3207,P_1-1-veh_767,109.79999999999804
P_1-1-pt_3207,P_1-1-pt_2013,16.19999999999996
P_1-1-pt_3207,P_1-1-pt_3858,17.49999999999998
P_1-1-pt_8247,P_1-1-pt_494,11.499999999999975
P_1-1-pt_8247,P_1-1-pt_2162,9.99999999999998
P_1-1-pt_8247,P_1-1-pt_4262,15.99999999999996
P_1-1-pt_8247,P_1-2_2795,55.50000000000052
P_1-1-pt_8247,P_1-1-pt_1420,1018.0000000001629
P_1-2_4249,P_1-1-pt_7440,659.8000000000815
P_1-2_4249,P_1-1-pt_8611,15.099999999999962
P_1-2_4249,P_1-3_2424,38.20000000000027
P_1-1-pt_5481,P_1-2_4724,219.29999999999183
P_1-1-pt_5481,P_1-2_593,17.49999999999998
P_1-2_5369,P_2-1_1609,60.40000000000059
P_1-1-pt_4785,P_1-3_2180,13.799999999999967
P_1-1-pt_4785,P_2-1_4930,15.199999999999962
P_1-1-pt_3624,P_1-1-pt_255,15.59999999999996
P_1-1-pt_3624,P_1-1-pt_5897,15.79999999999996
P_1-1-pt_3624,P_1-1-pt_3769,16.19999999999996
P_1-1-pt_3624,P_1-1-pt_4671,15.499999999999961
P_1-1-pt_3624,P_1-1-pt_1270,15.59999999999996
P_1-1-pt_3624,P_1-1-pt_3409,15.199999999999962
P_1-1-pt_3624,P_1-1-pt_4919,15.79999999999996
P_1-1-pt_3624,P_1-1-pt_1304,15.79999999999996
P_1-1-pt_3624,P_1-1-pt_7863,15.89999999999996
P_1-1-pt_3624,P_1-1-pt_8545,15.59999999999996
P_1-1-pt_3624,P_1-1-pt_5193,15.59999999999996
P_1-1-pt_3624,P_1-1-pt_7325,15.499999999999961
P_1-1-pt_3624,P_1-1-pt_8137,14.799999999999963
P_1-1-pt_1304,P_1-1-pt_3275,16.599999999999966
P_1-1-pt_1304,P_1-1-pt_1560,17.099999999999973
P_1-1-pt_1304,P_1-1-pt_1966,21.600000000000037
P_1-1-pt_1304,P_1-1-pt_5906,16.699999999999967
P_1-1-pt_1304,P_1-1-pt_1238,16.19999999999996
P_1-1-pt_1304,P_1-1-pt_3916,16.599999999999966
P_1-1-pt_1304,P_1-1-pt_1108,32.40000000000019
P_1-1-pt_1304,P_1-1-pt_1226,16.499999999999964
P_1-1-pt_1304,P_1-1-pt_3624,15.79999999999996
P_1-1-pt_1304,P_1-1-veh_792,21.500000000000036
P_1-1-pt_1304,P_1-1-veh_105,23.20000000000006
P_1-1-pt_1304,P_1-2_1203,27.000000000000114
P_1-1-pt_1304,P_1-2_2554,23.20000000000006
P_1-2_4266,P_1-1-pt_8735,1327.9999999998877
P_1-2_4266,P_1-1-pt_498,12.399999999999972
P_1-2_4266,P_1-1-pt_1723,13.899999999999967
P_1-2_4266,P_1-3_743,30.100000000000158
P_1-2_4266,P_1-3_2599,30.30000000000016
P_1-2_4266,P_1-2_5745,30.30000000000016
P_1-2_4266,P_1-1-pt_8289,12.99999999999997
P_1-2_4266,P_1-3_3076,15.099999999999962
P_1-2_4266,P_1-2_5753,15.099999999999962
P_1-2_4266,P_1-1-pt_182,13.09999999999997
P_1-2_4266,P_1-3_4289,15.199999999999962
P_1-2_4266,P_1-2_609,15.199999999999962
P_1-2_4724,P_1-1-pt_5481,219.29999999999183
P_1-1-pt_1037,P_1-2_2345,14.099999999999966
P_1-1-pt_1037,P_1-1-pt_5324,5830.000000003678
P_1-3_4289,P_1-3_743,30.20000000000016
P_1-3_4289,P_1-1-pt_1723,12.499999999999972
P_1-3_4289,P_1-3_2599,15.199999999999962
P_1-3_4289,P_1-2_5745,15.199999999999962
P_1-3_4289,P_1-1-pt_8289,13.799999999999967
P_1-3_4289,P_1-1-pt_8735,13.599999999999968
P_1-3_4289,P_1-2_4266,15.199999999999962
P_1-3_4289,P_1-3_3076,15.199999999999962
P_1-3_4289,P_1-2_5753,15.099999999999962
P_1-3_4289,P_1-1-pt_182,13.699999999999967
P_1-3_4289,P_1-1-veh_834,15.099999999999962
P_1-3_743,P_1-2_3608,7.899999999999988
P_1-3_743,P_1-1-pt_498,12.499999999999972
P_1-3_743,P_1-1-pt_1723,229.99999999999122
P_1-3_743,P_1-1-veh_834,30.400000000000162
P_1-3_743,P_1-3_2599,30.30000000000016
P_1-3_743,P_1-2_5745,30.30000000000016
P_1-3_743,P_1-1-pt_8289,27.40000000000012
P_1-3_743,P_1-1-pt_8735,27.40000000000012
P_1-3_743,P_1-2_4266,30.100000000000158
P_1-3_743,P_1-3_3076,30.500000000000163
P_1-3_743,P_1-1-pt_182,27.40000000000012
P_1-3_743,P_1-3_4289,30.20000000000016
P_1-3_743,P_1-2_5753,15.099999999999962
P_1-1-pt_1473,P_1-1-pt_0,2.700000000000001
P_1-1-pt_1473,P_1-1-pt_6931,16.599999999999966
P_1-1-pt_1473,P_1-1-pt_5897,18.099999999999987
P_1-1-pt_1473,P_1-1-pt_3769,18.099999999999987
P_1-1-pt_1473,P_1-1-pt_4671,18.29999999999999
P_1-1-pt_1473,P_1-1-pt_4919,17.999999999999986
P_1-1-pt_1473,P_1-2_1612,14.599999999999964
P_1-1-pt_1473,P_1-1-pt_6413,10.999999999999977
P_1-1-pt_1473,P_1-1-pt_1296,16.89999999999997
P_1-1-pt_394,P_1-1-pt_4541,1149.50000000005
P_1-1-pt_394,P_1-1-pt_5997,1214.8999999999905
P_1-1-pt_5324,P_1-2_2345,14.099999999999966
P_1-1-pt_5324,P_1-1-pt_1037,5830.000000003678
P_1-2_960,P_1-3_2745,15.199999999999962
P_1-2_960,P_1-2_1265,15.299999999999962
P_1-2_2473,P_1-1-pt_8611,4.999999999999998
P_1-1-pt_8728,P_1-1-pt_6453,15.79999999999996
P_1-1-pt_8728,P_1-1-pt_571,13.999999999999966
P_1-1-pt_8728,P_1-1-pt_3230,13.999999999999966
P_1-1-pt_8728,P_1-1-pt_4736,15.99999999999996
P_1-1-pt_8728,P_1-1-pt_2162,14.899999999999963
P_1-1-pt_8728,P_1-1-pt_3409,15.099999999999962
P_1-1-pt_7080,P_1-1-pt_7760,15.59999999999996
P_1-1-pt_7080,P_1-2_4464,26.500000000000107
P_1-1-pt_7080,P_1-1-veh_234,31.500000000000178
P_1-1-pt_7080,P_1-1-pt_8682,16.499999999999964
P_1-1-pt_7080,P_1-1-pt_5078,28.400000000000134
P_1-1-pt_7080,P_1-2_3389,14.199999999999966
P_2-1_5552,P_1-1-pt_7277,37.10000000000026
P_1-1-pt_4541,P_1-1-pt_394,1149.50000000005
P_1-2_250,P_1-1-pt_5139,11.399999999999975
P_1-2_250,P_1-1-pt_4736,18.599999999999994
P_1-2_250,P_2-1_5419,39.30000000000029
P_1-2_250,P_1-1-pt_571,9.89999999999998
P_1-2_250,P_1-1-pt_3230,10.19999999999998
P_1-2_250,P_1-1-pt_2297,8.499999999999986
P_1-1-pt_1700,P_1-2_3488,27.300000000000118
P_1-1-pt_1700,P_1-2_2237,16.99999999999997
P_1-1-pt_1700,P_1-1-pt_2129,30.30000000000016
P_1-1-pt_1700,P_1-1-pt_1039,30.20000000000016
P_1-1-pt_1700,P_1-1-pt_5275,30.400000000000162
P_1-1-pt_761,P_1-1-pt_4996,32.50000000000019
P_1-1-pt_761,P_1-1-pt_3386,16.499999999999964
P_1-1-pt_761,P_1-1-pt_3067,38.60000000000028
P_1-1-pt_761,P_1-1-pt_5906,16.79999999999997
P_1-1-pt_761,P_1-1-pt_3916,16.79999999999997
P_1-1-pt_761,P_1-1-pt_7208,16.599999999999966
P_1-1-pt_761,P_1-1-pt_6538,14.699999999999964
P_1-1-pt_761,P_1-1-pt_255,16.499999999999964
P_1-1-pt_761,P_1-1-pt_1296,16.89999999999997
P_1-1-pt_761,P_1-1-pt_530,17.69999999999998
P_1-1-pt_7938,P_1-1-pt_2032,15.79999999999996
P_1-1-pt_7938,P_1-1-pt_2770,15.499999999999961
P_1-1-pt_7938,P_1-1-pt_6355,14.099999999999966
P_1-1-pt_7938,P_1-2_4454,12.79999999999997
P_1-1-pt_7938,P_1-1-pt_2863,15.499999999999961
P_1-1-pt_7938,P_1-1-pt_8969,15.79999999999996
P_1-1-pt_7938,P_1-1-pt_1601,26.80000000000011
P_1-1-pt_7938,P_1-1-pt_2844,1574.2999999996637
P_1-2_2543,P_1-3_990,31.60000000000018
P_1-2_2543,P_1-1-pt_654,214.89999999999208
P_1-2_2543,P_1-1-pt_7664,14.599999999999964
P_1-2_2543,P_1-1-pt_776,14.199999999999966
P_1-3_458,P_1-2_2875,9.099999999999984
P_1-3_870,P_1-3_3793,15.199999999999962
P_1-1-pt_3409,P_1-1-pt_4879,7.29999999999999
P_1-1-pt_3409,P_1-1-pt_3230,10.09999999999998
P_1-1-pt_3409,P_1-1-pt_255,15.299999999999962
P_1-1-pt_3409,P_1-1-pt_494,15.79999999999996
P_1-1-pt_3409,P_1-1-pt_2162,31.300000000000175
P_1-1-pt_3409,P_1-1-pt_5897,15.59999999999996
P_1-1-pt_3409,P_1-1-pt_3769,15.69999999999996
P_1-1-pt_3409,P_1-1-pt_4671,19.1
P_1-1-pt_3409,P_1-1-pt_3624,15.199999999999962
P_1-1-pt_3409,P_1-1-pt_1270,366.10000000001475
P_1-1-pt_3409,P_2-1_3764,3.4000000000000017
P_1-1-pt_3409,P_1-1-pt_6453,15.199999999999962
P_1-1-pt_3409,P_1-3_3245,13.699999999999967
P_1-1-pt_3409,P_1-1-pt_6413,15.69999999999996
P_1-1-pt_3409,P_2-1_5419,24.400000000000077
P_1-1-pt_3409,P_1-1-pt_8728,15.099999999999962
P_1-1-pt_3409,P_1-2_4483,15.199999999999962
P_1-1-pt_5906,P_1-1-pt_6176,17.59999999999998
P_1-1-pt_5906,P_1-1-pt_761,16.79999999999997
P_1-1-pt_5906,P_1-1-pt_6297,22.100000000000044
P_1-1-pt_5906,P_1-1-pt_6031,16.699999999999967
P_1-1-pt_5906,P_1-1-pt_255,16.499999999999964
P_1-1-pt_5906,P_1-1-pt_1108,16.19999999999996
P_1-1-pt_5906,P_1-1-veh_792,5.599999999999996
P_1-1-pt_5906,P_1-1-pt_494,16.399999999999963
P_1-1-pt_5906,P_1-1-pt_2162,16.499999999999964
P_1-1-pt_5906,P_1-1-pt_5897,16.19999999999996
P_1-1-pt_5906,P_1-1-pt_3769,16.699999999999967
P_1-1-pt_5906,P_1-1-pt_4671,16.599999999999966
P_1-1-pt_5906,P_1-1-pt_1270,16.399999999999963
P_1-1-pt_5906,P_1-1-pt_4919,16.499999999999964
P_1-1-pt_5906,P_1-1-pt_1304,16.699999999999967
P_1-1-pt_5906,P_1-1-pt_7863,16.599999999999966
P_1-1-pt_5906,P_1-1-pt_5193,16.399999999999963
P_1-1-pt_5906,P_1-1-pt_7325,16.599999999999966
P_1-1-pt_5906,P_1-1-pt_8137,16.499999999999964
P_1-1-pt_5906,P_1-1-pt_3275,17.299999999999976
P_1-1-veh_837,P_1-2_5752,169.99999999999463
P_1-1-veh_837,P_1-2_3464,169.59999999999465
P_1-1-veh_837,P_1-2_3821,169.59999999999465
P_1-1-veh_837,P_1-2_2797,169.79999999999464
P_1-1-veh_837,P_1-2_2580,169.59999999999465
P_1-1-veh_837,P_2-1_2028,92.39999999999903
P_1-1-veh_837,P_1-3_4738,3800.6999999976388
P_1-2_3224,P_1-1-pt_2961,9.399999999999983
P_1-1-veh_834,P_1-1-pt_8289,61.1000000000006
P_1-1-veh_834,P_1-2_5753,64.20000000000063
P_1-1-veh_834,P_1-3_743,30.400000000000162
P_1-1-veh_834,P_1-3_2599,15.299999999999962
P_1-1-veh_834,P_1-2_5745,15.099999999999962
P_1-1-veh_834,P_1-1-pt_182,13.699999999999967
P_1-1-veh_834,P_1-3_4289,15.099999999999962
P_1-1-pt_5999,P_2-1_4267,9.299999999999983
P_1-1-pt_5999,P_2-1_3390,9.199999999999983
P_1-1-pt_5999,P_1-1-pt_7915,14.299999999999965
P_1-1-pt_5999,P_1-1-pt_3858,30.90000000000017
P_1-2_263,P_1-1-pt_7732,12.499999999999972
P_1-1-pt_2297,P_1-2_250,8.499999999999986
P_1-1-pt_2297,P_1-1-pt_2369,33.500000000000206
P_1-1-pt_3176,P_1-1-pt_2961,19.400000000000006
P_1-1-pt_7732,P_1-3_2985,12.199999999999973
P_1-1-pt_7732,P_1-2_1990,12.399999999999972
P_1-1-pt_7732,P_1-1-veh_602,12.299999999999972
P_1-1-pt_7732,P_1-2_4208,12.79999999999997
P_1-1-pt_7732,P_1-2_2345,12.69999999999997
P_1-1-pt_7732,P_1-2_263,12.499999999999972
P_1-1-pt_7732,P_1-1-pt_5298,8.399999999999986
P_1-1-pt_7732,P_1-1-pt_1560,15.59999999999996
P_1-1-pt_7573,P_1-2_6013,12.399999999999972
P_1-1-pt_7573,P_2-1_2384,12.99999999999997
P_1-1-pt_7573,P_1-1-pt_6176,15.59999999999996
P_1-1-pt_7573,P_1-1-pt_297,85.59999999999941
P_1-1-pt_7573,P_1-1-pt_2013,88.09999999999927
P_1-1-pt_7573,P_1-1-pt_2369,15.59999999999996
P_1-1-pt_7573,P_1-1-pt_521,16.29999999999996
P_1-1-pt_7573,P_1-1-pt_6974,16.399999999999963
P_1-1-pt_7573,P_1-1-pt_5167,17.59999999999998
P_1-1-pt_7573,P_1-1-pt_1747,16.99999999999997
P_1-1-pt_7573,P_1-1-pt_3671,18.39999999999999
P_1-2_3378,P_1-2_3077,136.79999999999652
P_1-2_3378,P_1-3_2180,22.50000000000005
P_1-2_3378,P_1-3_2076,21.70000000000004
P_1-2_3378,P_1-2_5020,30.400000000000162
P_1-2_3378,P_1-2_5092,30.500000000000163
P_1-2_3378,P_1-3_5354,22.60000000000005
P_1-2_1203,P_1-1-pt_6779,5.599999999999996
P_1-2_1203,P_1-1-pt_1108,59.10000000000057
P_1-2_1203,P_1-1-pt_1304,27.000000000000114
P_1-2_1203,P_1-1-pt_8137,24.900000000000084
P_1-3_1945,P_1-2_3702,1.4000000000000001
P_1-3_1945,P_1-1-pt_5139,27.300000000000118
P_1-2_4771,P_1-1-pt_3629,55.80000000000052
P_1-2_4771,P_1-1-pt_1714,27.600000000000122
P_1-2_4771,P_1-2_2287,30.800000000000168
P_1-2_4771,P_1-3_1785,30.600000000000165
P_1-2_4771,P_1-2_3081,30.400000000000162
P_1-2_4771,P_1-2_5951,16.29999999999996
P_1-2_3702,P_1-3_1945,1.4000000000000001
P_1-2_3702,P_1-1-pt_5139,20.50000000000002
P_1-2_3702,P_1-1-pt_4380,655.5000000000805
P_1-2_3702,P_2-1_1724,4.6
P_1-2_3702,P_1-1-pt_1006,27.000000000000114
P_1-2_2875,P_1-1-pt_977,14.099999999999966
P_1-2_2875,P_1-1-pt_494,15.79999999999996
P_1-2_2875,P_1-1-pt_2162,19.1
P_1-2_2875,P_1-3_3536,17.999999999999986
P_1-2_2875,P_1-3_5123,18.099999999999987
P_1-2_2875,P_1-3_458,9.099999999999984
P_1-3_3494,P_1-1-pt_7760,45.70000000000038
P_1-3_3494,P_1-3_2955,26.600000000000108
P_1-2_2795,P_1-1-pt_4262,4.5
P_1-2_2795,P_1-1-pt_1420,1592.1999999996474
P_1-2_2795,P_1-1-pt_8247,55.50000000000052
P_1-2_2795,P_1-1-pt_3386,12.199999999999973
P_1-3_283,P_1-2_2335,154.19999999999553
P_1-3_4291,P_1-2_2215,30.000000000000156
P_1-3_4291,P_1-3_5020,30.600000000000165
P_1-2_4329,P_1-1-pt_2431,20.200000000000017
P_1-2_4329,P_1-1-pt_1167,15.59999999999996
P_1-2_4329,P_1-1-pt_3931,17.49999999999998
P_1-2_5437,P_1-1-pt_498,12.499999999999972
P_1-1-pt_8969,P_1-1-pt_1006,15.199999999999962
P_1-1-pt_8969,P_1-1-pt_7938,15.79999999999996
P_1-1-pt_8969,P_1-1-pt_3931,14.199999999999966
P_1-1-pt_8969,P_1-1-pt_2863,15.199999999999962
P_1-1-pt_8969,P_1-1-pt_3353,15.59999999999996
P_1-1-pt_3386,P_1-1-veh_610,12.599999999999971
P_1-1-pt_3386,P_1-1-pt_761,16.499999999999964
P_1-1-pt_3386,P_1-1-pt_3097,17.69999999999998
P_1-1-pt_3386,P_1-1-pt_2834,16.29999999999996
P_1-1-pt_3386,P_1-1-pt_6297,18.799999999999997
P_1-1-pt_3386,P_1-1-pt_5199,16.399999999999963
P_1-1-pt_3386,P_1-1-pt_6931,15.89999999999996
P_1-1-pt_3386,P_1-1-pt_5357,30.90000000000017
P_1-1-pt_3386,P_1-2_2795,12.199999999999973
P_1-2_1265,P_1-3_2745,15.099999999999962
P_1-2_1265,P_1-2_960,15.299999999999962
P_1-2_3716,P_1-2_4327,30.400000000000162
P_1-2_3716,P_1-2_4098,23.90000000000007
P_1-1-pt_1138,P_1-1-pt_8762,2036.3999999992434
P_1-1-pt_1138,P_1-1-pt_1798,741.9000000001001
P_1-1-pt_1138,P_1-1-pt_3275,15.99999999999996
P_1-1-pt_1138,P_1-1-pt_1560,16.09999999999996
P_1-1-pt_1138,P_1-1-pt_1966,15.89999999999996
P_1-1-pt_1138,P_1-1-pt_4595,16.29999999999996
P_1-1-pt_1138,P_1-2_2702,1.3
P_1-1-pt_1138,P_1-1-pt_5392,29.50000000000015
P_1-1-pt_4595,P_1-2_2512,29.200000000000145
P_1-1-pt_4595,P_1-1-pt_6368,14.599999999999964
P_1-1-pt_4595,P_1-2_3052,9.399999999999983
P_1-1-pt_4595,P_1-1-pt_7325,12.499999999999972
P_1-1-pt_4595,P_1-1-pt_8137,11.799999999999974
P_1-1-pt_4595,P_1-1-pt_8762,16.09999999999996
P_1-1-pt_4595,P_1-1-pt_1138,16.29999999999996
P_1-1-pt_4595,P_1-1-pt_3275,17.999999999999986
P_1-3_3536,P_1-3_5123,14.699999999999964
P_1-3_3536,P_1-1-pt_1121,9.199999999999983
P_1-3_3536,P_1-2_2875,17.999999999999986
P_1-1-pt_3353,P_1-3_2528,16.79999999999997
P_1-1-pt_3353,P_1-2_4715,13.09999999999997
P_1-1-pt_3353,P_1-1-pt_2770,15.69999999999996
P_1-1-pt_3353,P_1-1-pt_6355,16.29999999999996
P_1-1-pt_3353,P_1-2_4454,13.999999999999966
P_1-1-pt_3353,P_1-2_3590,13.699999999999967
P_1-1-pt_3353,P_1-1-pt_8982,15.59999999999996
P_1-1-pt_3353,P_1-1-pt_8969,15.59999999999996
P_1-1-pt_3353,P_1-2_4609,12.099999999999973
P_1-1-pt_3353,P_1-2_2338,22.800000000000054
P_1-1-veh_792,P_1-1-pt_7760,12.499999999999972
P_1-1-veh_792,P_1-1-pt_5906,5.599999999999996
P_1-1-veh_792,P_1-1-pt_1238,7.29999999999999
P_1-1-veh_792,P_1-1-pt_1108,12.69999999999997
P_1-1-veh_792,P_1-1-pt_5897,18.19999999999999
P_1-1-veh_792,P_1-1-pt_3769,49.90000000000044
P_1-1-veh_792,P_1-1-pt_4671,22.40000000000005
P_1-1-veh_792,P_1-1-pt_1270,51.800000000000466
P_1-1-veh_792,P_1-1-pt_4919,20.000000000000014
P_1-1-veh_792,P_1-1-pt_1304,21.500000000000036
P_1-1-veh_792,P_1-1-pt_7863,31.70000000000018
P_1-1-veh_792,P_1-1-pt_8545,11.699999999999974
P_1-1-veh_792,P_1-1-pt_5193,10.999999999999977
P_1-3_2421,P_1-3_4124,27.200000000000117
P_1-3_2421,P_1-2_4285,6.499999999999993
P_1-2_3389,P_1-1-veh_234,15.399999999999961
P_1-2_3389,P_1-1-pt_8682,13.699999999999967
P_1-2_3389,P_1-1-pt_7080,14.199999999999966
P_1-2_1017,P_1-1-pt_1296,12.199999999999973
P_1-2_1017,P_1-3_990,18.39999999999999
P_1-2_1017,P_1-2_1559,15.59999999999996
P_1-2_1017,P_1-2_2564,11.299999999999976
P_1-2_1017,P_1-2_3693,15.099999999999962
P_1-2_3413,P_1-1-pt_1306,1953.4999999993188
P_1-2_3413,P_1-3_5334,26.1000000000001
P_1-2_3413,P_1-1-pt_3927,29.60000000000015
P_1-1-pt_654,P_1-2_2543,214.89999999999208
P_1-1-pt_654,P_1-2_2034,13.199999999999969
P_1-1-pt_654,P_1-1-pt_1966,6.099999999999994
P_1-1-pt_654,P_1-1-pt_3916,30.500000000000163
P_1-2_3081,P_1-1-pt_1714,13.799999999999967
P_1-2_3081,P_1-2_2287,15.199999999999962
P_1-2_3081,P_1-2_4771,30.400000000000162
P_1-2_3081,P_1-3_1785,15.199999999999962
P_1-2_3081,P_1-1-pt_3629,28.20000000000013
P_1-2_3081,P_1-2_5951,15.199999999999962
P_1-3_3410,P_1-2_4634,90.79999999999912
P_1-3_3410,P_1-3_4775,60.50000000000059
P_1-3_3410,P_1-3_2410,14.899999999999963
P_1-3_3410,P_1-3_3253,67.50000000000044
P_1-3_3410,P_1-3_2018,15.59999999999996
P_1-3_3410,P_1-3_2633,45.10000000000037
P_1-3_3410,P_1-2_5210,15.199999999999962
P_1-3_3410,P_1-2_573,15.199999999999962
P_1-3_3410,P_1-3_4954,15.199999999999962
P_1-3_3410,P_1-3_4875,132.59999999999675
P_1-1-pt_1798,P_1-1-pt_1298,15.199999999999962
P_1-1-pt_1798,P_1-1-pt_3571,15.99999999999996
P_1-1-pt_1798,P_1-1-pt_1138,741.9000000001001
P_1-1-pt_1798,P_1-1-pt_4262,16.499999999999964
P_1-1-pt_5298,P_1-1-pt_3927,15.199999999999962
P_1-1-pt_5298,P_1-1-pt_3571,15.399999999999961
P_1-1-pt_5298,P_1-1-pt_7732,8.399999999999986
P_1-1-pt_5298,P_1-1-pt_1560,29.60000000000015
P_2-1_3119,P_1-2_2715,13.799999999999967
P_1-3_1571,P_1-1-pt_5997,15.399999999999961
P_1-1-pt_2952,P_1-2_5640,22.40000000000005
P_1-1-pt_2952,P_1-1-veh_5,739.4000000000996
P_1-1-pt_2952,P_1-2_3693,25.30000000000009
P_1-1-pt_7948,P_1-1-pt_5258,31.100000000000172
P_1-1-pt_7325,P_1-1-pt_3275,16.599999999999966
P_1-1-pt_7325,P_1-1-pt_1560,16.599999999999966
P_1-1-pt_7325,P_1-1-pt_1966,16.699999999999967
P_1-1-pt_7325,P_1-1-pt_4595,12.499999999999972
P_1-1-pt_7325,P_1-1-pt_5906,16.599999999999966
P_1-1-pt_7325,P_1-1-pt_1226,16.599999999999966
P_1-1-pt_7325,P_1-1-pt_3624,15.499999999999961
P_1-1-pt_7325,P_1-1-pt_8137,1345.199999999872
P_1-1-pt_7325,P_1-1-pt_6453,15.499999999999961
P_1-1-pt_4380,P_1-1-pt_7440,15.199999999999962
P_1-1-pt_4380,P_1-2_3702,655.5000000000805
P_1-2_303,P_1-1-pt_776,37.80000000000027
P_1-2_303,P_1-1-pt_5666,8.499999999999986
P_1-2_303,P_1-1-pt_2880,8.499999999999986
P_1-2_303,P_1-1-pt_6743,8.399999999999986
P_1-2_303,P_1-1-pt_521,3.800000000000002
P_1-2_303,P_1-1-pt_4879,36.50000000000025
P_1-2_2215,P_1-3_4291,30.000000000000156
P_1-2_2215,P_1-3_5020,30.500000000000163
P_1-2_2215,P_2-1_3664,18.19999999999999
P_1-1-veh_610,P_1-1-pt_4996,12.399999999999972
P_1-1-veh_610,P_1-1-pt_3386,12.599999999999971
P_1-1-veh_610,P_1-1-pt_8280,12.099999999999973
P_1-1-veh_610,P_1-1-pt_521,12.399999999999972
P_1-1-veh_610,P_1-1-pt_5666,13.999999999999966
P_1-1-veh_610,P_1-1-pt_3207,12.89999999999997
P_1-1-veh_610,P_1-1-pt_2880,16.89999999999997
P_1-1-veh_610,P_1-1-pt_6743,19.500000000000007
P_1-1-veh_610,P_1-1-pt_6974,13.499999999999968
P_1-2_5765,P_1-3_2786,25.30000000000009
P_1-1-pt_7277,P_1-1-pt_5258,15.79999999999996
P_1-1-pt_7277,P_1-1-pt_3931,14.599999999999964
P_1-1-pt_7277,P_2-1_5552,37.10000000000026
P_1-1-pt_7277,P_1-1-pt_6381,15.399999999999961
P_1-1-pt_8137,P_1-1-pt_3275,16.699999999999967
P_1-1-pt_8137,P_1-1-pt_1560,16.89999999999997
P_1-1-pt_8137,P_1-1-pt_1966,16.599999999999966
P_1-1-pt_8137,P_1-1-pt_4595,11.799999999999974
P_1-1-pt_8137,P_1-1-pt_5906,16.499999999999964
P_1-1-pt_8137,P_1-1-pt_1226,16.599999999999966
P_1-1-pt_8137,P_1-1-pt_3624,14.799999999999963
P_1-1-pt_8137,P_1-1-pt_7325,1345.199999999872
P_1-1-pt_8137,P_1-1-pt_1108,16.699999999999967
P_1-1-pt_8137,P_1-1-veh_105,23.000000000000057
P_1-1-pt_8137,P_1-2_1203,24.900000000000084
P_1-1-pt_8137,P_1-2_2554,23.20000000000006
P_1-1-pt_8137,P_1-1-pt_6389,16.699999999999967
P_1-1-pt_6389,P_1-1-pt_3512,287.79999999999694
P_1-1-pt_6389,P_1-1-pt_1226,20.900000000000027
P_1-1-pt_6389,P_1-1-pt_8137,16.699999999999967
P_1-1-pt_6389,P_1-1-pt_1108,2.3000000000000007
P_1-3_2786,P_1-1-pt_5139,7.29999999999999
P_1-3_2786,P_2-1_5067,6.499999999999993
P_1-3_2786,P_1-2_5765,25.30000000000009
P_1-1-pt_5913,P_1-1-pt_3595,37.20000000000026
P_1-1-pt_7208,P_1-1-veh_234,9.499999999999982
P_1-1-pt_7208,P_1-1-pt_5078,16.599999999999966
P_1-1-pt_7208,P_1-1-pt_761,16.599999999999966
P_1-1-pt_7208,P_1-1-pt_571,18.499999999999993
P_1-1-pt_7208,P_1-1-pt_3230,18.29999999999999
P_1-1-pt_7208,P_1-1-pt_4736,18.39999999999999
P_2-1_2987,P_1-1-pt_2342,9.499999999999982
P_2-1_2987,P_1-3_80,15.199999999999962
P_2-1_2911,P_1-1-pt_2425,1065.6000000001263
P_2-1_2911,P_1-1-pt_1601,13.299999999999969
P_1-1-veh_5,P_1-2_5640,15.499999999999961
P_1-1-veh_5,P_1-1-pt_2952,739.4000000000996
P_1-1-veh_5,P_1-2_3693,26.900000000000112
P_1-2_671,P_1-2_1559,56.50000000000053
P_1-2_671,P_1-1-pt_3512,2106.7999999991794
P_1-1-pt_3916,P_1-1-pt_6176,18.39999999999999
P_1-1-pt_3916,P_1-1-pt_297,17.49999999999998
P_1-1-pt_3916,P_1-1-pt_761,16.79999999999997
P_1-1-pt_3916,P_1-1-pt_3097,16.99999999999997
P_1-1-pt_3916,P_1-1-pt_6031,20.30000000000002
P_1-1-pt_3916,P_1-1-pt_255,16.599999999999966
P_1-1-pt_3916,P_1-1-pt_1108,16.399999999999963
P_1-1-pt_3916,P_1-1-pt_494,16.499999999999964
P_1-1-pt_3916,P_1-1-pt_2162,16.499999999999964
P_1-1-pt_3916,P_1-1-pt_5897,16.499999999999964
P_1-1-pt_3916,P_1-1-pt_3769,16.599999999999966
P_1-1-pt_3916,P_1-1-pt_4671,16.699999999999967
P_1-1-pt_3916,P_1-1-pt_1270,16.399999999999963
P_1-1-pt_3916,P_1-1-pt_4919,16.699999999999967
P_1-1-pt_3916,P_1-1-pt_1304,16.599999999999966
P_1-1-pt_3916,P_1-1-pt_8545,16.499999999999964
P_1-1-pt_3916,P_1-1-pt_654,30.500000000000163
P_1-3_2633,P_1-2_4634,45.10000000000037
P_1-3_2633,P_1-3_4775,45.00000000000037
P_1-3_2633,P_1-3_2410,14.999999999999963
P_1-3_2633,P_1-3_3253,52.500000000000476
P_1-3_2633,P_1-3_2018,15.199999999999962
P_1-3_2633,P_1-2_5210,35.10000000000023
P_1-3_2633,P_1-2_573,32.20000000000019
P_1-3_2633,P_1-3_4954,34.800000000000225
P_1-3_2633,P_1-3_4875,35.40000000000023
P_1-3_2633,P_1-3_3410,45.10000000000037
P_1-2_2338,P_1-1-pt_3931,22.50000000000005
P_1-2_2338,P_2-1_5067,26.600000000000108
P_1-2_2338,P_1-1-pt_3353,22.800000000000054
P_1-2_171,P_1-2_4285,369.5000000000155
P_1-2_171,P_1-3_5117,66.10000000000052
P_1-2_171,P_1-3_4124,8.799999999999985
P_1-3_5550,P_1-1-pt_1601,14.299999999999965
P_2-1_2161,P_1-2_4734,61.0000000000006
P_2-1_2161,P_1-2_4206,61.2000000000006
P_2-1_2161,P_1-3_1500,61.0000000000006
P_2-1_2161,P_1-3_3901,61.0000000000006
P_2-1_2161,P_1-2_1420,61.2000000000006
P_2-1_2161,P_1-3_228,60.900000000000595
P_2-1_2161,P_1-3_3776,45.90000000000038
P_2-1_2161,P_1-3_874,45.80000000000038
P_2-1_2161,P_1-3_2454,30.400000000000162
P_2-1_2161,P_1-3_3834,30.400000000000162
P_2-1_2161,P_1-2_3280,15.399999999999961
P_2-1_2161,P_1-3_3046,15.299999999999962
P_2-1_2161,P_1-3_3457,15.299999999999962
P_2-1_2161,P_1-3_4168,15.299999999999962
P_2-1_2161,P_1-3_2053,15.299999999999962
P_2-1_4788,P_1-2_4853,21.90000000000004
P_2-1_4788,P_2-1_6130,15.199999999999962
P_1-3_2482,P_1-2_1025,23.90000000000007
P_1-1-pt_2503,P_1-2_1255,16.79999999999997
P_1-1-pt_1497,P_1-1-pt_6974,71.60000000000021
P_1-1-pt_1497,P_1-1-pt_3671,95.29999999999886
P_1-1-pt_1497,P_1-1-pt_5167,173.8999999999944
P_1-1-pt_1497,P_1-1-pt_1747,95.79999999999883
P_1-1-pt_1497,P_1-1-pt_98,159.6999999999952
P_1-1-pt_1497,P_1-1-pt_4736,44.40000000000036
P_1-1-pt_1497,P_1-1-pt_521,90.69999999999912
P_1-1-pt_1497,P_1-1-pt_5666,68.40000000000039
P_1-1-pt_1497,P_1-1-pt_2920,15.399999999999961
P_1-1-pt_1497,P_1-1-pt_2369,33.3000000000002
P_1-1-pt_1497,P_1-1-pt_2013,16.699999999999967
P_1-1-pt_1497,P_1-1-pt_3858,16.09999999999996
P_1-1-pt_1497,P_1-1-pt_2880,14.699999999999964
P_1-2_4285,P_1-2_171,369.5000000000155
P_1-2_4285,P_1-3_4124,15.59999999999996
P_1-2_4285,P_1-3_2421,6.499999999999993
P_1-1-pt_498,P_1-3_743,12.499999999999972
P_1-1-pt_498,P_1-3_2599,12.599999999999971
P_1-1-pt_498,P_1-2_5745,12.499999999999972
P_1-1-pt_498,P_1-1-pt_8735,15.499999999999961
P_1-1-pt_498,P_1-1-pt_1723,904.4000000001371
P_1-1-pt_498,P_1-2_4266,12.399999999999972
P_1-1-pt_498,P_1-3_1535,12.399999999999972
P_1-1-pt_498,P_1-1-pt_2032,15.59999999999996
P_1-1-pt_498,P_1-2_609,12.399999999999972
P_1-1-pt_498,P_1-2_2598,11.199999999999976
P_1-1-pt_498,P_1-2_5437,12.499999999999972
P_1-1-pt_498,P_1-2_4270,12.599999999999971
P_1-3_3755,P_1-1-pt_5115,9.399999999999983
P_1-3_3755,P_1-1-pt_6368,14.699999999999964
P_1-3_3755,P_1-1-pt_1306,30.20000000000016
P_1-3_3755,P_1-2_3052,15.299999999999962
P_1-3_2745,P_1-2_960,15.199999999999962
P_1-3_2745,P_1-2_1265,15.099999999999962
P_1-1-pt_1723,P_1-3_743,229.99999999999122
P_1-1-pt_1723,P_1-3_2599,12.399999999999972
P_1-1-pt_1723,P_1-2_5745,12.199999999999973
P_1-1-pt_1723,P_1-1-pt_498,904.4000000001371
P_1-1-pt_1723,P_1-2_4266,13.899999999999967
P_1-1-pt_1723,P_1-1-pt_8735,198.699999999993
P_1-1-pt_1723,P_1-3_3076,12.299999999999972
P_1-1-pt_1723,P_1-1-pt_182,31.500000000000178
P_1-1-pt_1723,P_1-3_4289,12.499999999999972
P_1-1-pt_1723,P_1-1-pt_8184,31.100000000000172
P_1-1-pt_4901,P_2-1_2384,24.60000000000008
P_1-1-pt_4901,P_1-1-pt_5078,33.80000000000021
P_1-1-pt_4901,P_1-1-pt_8682,15.79999999999996
P_1-1-pt_4901,P_1-2_1596,7.899999999999988
P_1-1-pt_4901,P_1-1-veh_234,9.599999999999982
P_1-1-pt_4901,P_1-2_505,58.40000000000056
P_1-1-pt_4901,P_1-1-pt_150,40.90000000000031
P_1-1-pt_4919,P_1-1-pt_1270,42.30000000000033
P_1-1-pt_4919,P_1-1-pt_3275,16.29999999999996
P_1-1-pt_4919,P_1-1-pt_1560,16.599999999999966
P_1-1-pt_4919,P_1-1-pt_1966,15.399999999999961
P_1-1-pt_4919,P_1-1-pt_5906,16.499999999999964
P_1-1-pt_4919,P_1-1-pt_1238,15.69999999999996
P_1-1-pt_4919,P_1-1-pt_3916,16.699999999999967
P_1-1-pt_4919,P_1-1-pt_1108,16.599999999999966
P_1-1-pt_4919,P_1-1-pt_1226,16.599999999999966
P_1-1-pt_4919,P_1-1-pt_3624,15.79999999999996
P_1-1-pt_4919,P_1-1-veh_792,20.000000000000014
P_1-1-pt_4919,P_1-1-pt_1473,17.999999999999986
P_1-1-pt_4919,P_1-1-pt_6297,18.9
P_1-1-pt_4919,P_1-1-pt_3769,16.399999999999963
P_1-1-pt_4919,P_1-1-pt_6031,17.099999999999973
P_1-1-pt_4919,P_1-2_1255,16.09999999999996
P_1-3_4587,P_1-2_5092,11.399999999999975
P_1-3_4587,P_1-3_5354,15.099999999999962
P_1-3_4587,P_1-3_2076,14.999999999999963
P_1-3_4587,P_1-2_5020,11.299999999999976
P_1-3_4587,P_1-2_3077,12.299999999999972
P_1-1-pt_3512,P_1-1-pt_6389,287.79999999999694
P_1-1-pt_3512,P_1-1-pt_4262,15.59999999999996
P_1-1-pt_3512,P_1-2_671,2106.7999999991794
P_2-1_5067,P_1-3_2786,6.499999999999993
P_2-1_5067,P_1-3_5475,25.30000000000009
P_2-1_5067,P_1-2_4609,27.100000000000115
P_2-1_5067,P_1-2_2338,26.600000000000108
P_2-1_5067,P_1-3_2171,11.299999999999976
P_2-1_2486,P_2-1_5001,62.200000000000614
P_2-1_2486,P_2-1_3601,46.40000000000039
P_1-2_4464,P_1-1-pt_7080,26.500000000000107
P_1-2_4464,P_1-3_17,11.299999999999976
P_1-2_4464,P_1-3_3579,13.899999999999967
P_1-3_1535,P_1-1-pt_498,12.399999999999972
P_2-1_499,P_1-2_4853,15.199999999999962
P_2-1_499,P_2-1_6130,15.199999999999962
P_2-1_1724,P_1-2_3702,4.6
P_1-1-pt_1226,P_1-1-pt_7142,23.000000000000057
P_1-1-pt_1226,P_1-2_5951,12.399999999999972
P_1-1-pt_1226,P_1-1-pt_6297,15.69999999999996
P_1-1-pt_1226,P_1-1-pt_5199,16.699999999999967
P_1-1-pt_1226,P_1-1-pt_6931,19.70000000000001
P_1-1-pt_1226,P_1-1-pt_6031,16.499999999999964
P_1-1-pt_1226,P_1-1-pt_255,16.79999999999997
P_1-1-pt_1226,P_1-1-pt_1108,55.00000000000051
P_1-1-pt_1226,P_1-1-pt_494,16.499999999999964
P_1-1-pt_1226,P_1-1-pt_2162,16.399999999999963
P_1-1-pt_1226,P_1-1-pt_5897,16.399999999999963
P_1-1-pt_1226,P_1-1-pt_3769,16.29999999999996
P_1-1-pt_1226,P_1-1-pt_4671,16.699999999999967
P_1-1-pt_1226,P_1-1-pt_1270,16.399999999999963
P_1-1-pt_1226,P_1-1-pt_4919,16.599999999999966
P_1-1-pt_1226,P_1-1-pt_1304,16.499999999999964
P_1-1-pt_1226,P_1-1-veh_105,5.1999999999999975
P_1-1-pt_1226,P_1-1-pt_7863,16.599999999999966
P_1-1-pt_1226,P_1-1-pt_8545,16.29999999999996
P_1-1-pt_1226,P_1-1-pt_5193,16.29999999999996
P_1-1-pt_1226,P_1-1-pt_7325,16.599999999999966
P_1-1-pt_1226,P_1-1-pt_8137,16.599999999999966
P_1-1-pt_1226,P_1-1-pt_6389,20.900000000000027
P_1-1-veh_530,P_1-1-pt_8289,14.799999999999963
P_1-1-veh_530,P_1-2_5753,16.499999999999964
P_1-2_568,P_1-2_5640,22.60000000000005
P_1-2_568,P_1-2_3693,18.699999999999996
P_1-2_568,P_1-1-pt_5241,1576.9999999996612
P_1-2_2345,P_1-1-pt_7732,12.69999999999997
P_1-2_2345,P_1-1-pt_5115,11.599999999999975
P_1-2_2345,P_1-1-pt_1037,14.099999999999966
P_1-2_2345,P_1-1-pt_5324,14.099999999999966
P_1-2_2345,P_2-1_2045,26.600000000000108
P_1-2_149,P_1-1-pt_5942,1881.0999999993846
P_1-1-pt_5942,P_1-2_149,1881.0999999993846
P_1-1-pt_5942,P_1-1-pt_3275,16.99999999999997
P_2-1_4267,P_2-1_3390,21.90000000000004
P_2-1_4267,P_1-1-pt_5999,9.299999999999983
P_2-1_4267,P_1-2_4940,2.0000000000000004
P_1-1-pt_3931,P_1-1-pt_7277,14.599999999999964
P_1-1-pt_3931,P_1-2_3214,27.40000000000012
P_1-1-pt_3931,P_1-1-pt_2770,14.999999999999963
P_1-1-pt_3931,P_1-1-pt_6355,15.59999999999996
P_1-1-pt_3931,P_1-2_4454,12.99999999999997
P_1-1-pt_3931,P_1-2_3590,12.89999999999997
P_1-1-pt_3931,P_1-1-pt_8982,15.499999999999961
P_1-1-pt_3931,P_1-1-pt_2863,15.69999999999996
P_1-1-pt_3931,P_1-1-pt_8969,14.199999999999966
P_1-1-pt_3931,P_1-2_4609,24.300000000000075
P_1-1-pt_3931,P_1-2_2338,22.50000000000005
P_1-1-pt_3931,P_1-3_1604,21.70000000000004
P_1-1-pt_3931,P_1-1-pt_2431,27.600000000000122
P_1-1-pt_3931,P_1-2_4329,17.49999999999998
P_1-2_5543,P_1-1-pt_6974,15.399999999999961
P_1-1-pt_8830,P_1-1-pt_2529,47.400000000000404
P_1-1-pt_8830,P_1-1-pt_6931,15.499999999999961
P_1-2_4019,P_1-1-pt_5115,12.299999999999972
