user_id,neighbor_id,duration_seconds
P_1-2_1990,P_1-3_5334,53.40000000000049
P_1-2_1990,P_1-1-pt_7732,57.10000000000054
P_1-2_1990,P_1-1-pt_5115,57.00000000000054
P_1-2_1990,P_1-2_3386,51.800000000000466
P_1-2_1990,P_1-2_3575,101.29999999999852
P_1-2_1990,P_1-1-pt_1226,23.90000000000007
P_1-3_2374,P_1-3_2187,53.70000000000049
P_1-3_2374,P_2-1_213,57.300000000000544
P_1-3_2374,P_1-3_3132,53.70000000000049
P_1-3_2410,P_1-2_4634,165.89999999999486
P_1-3_2410,P_1-3_4775,175.8999999999943
P_1-3_2410,P_1-3_3253,111.79999999999792
P_1-3_2410,P_1-3_2018,63.700000000000635
P_1-3_2410,P_1-3_2633,55.50000000000052
P_1-3_2410,P_1-2_5210,62.50000000000062
P_1-3_2410,P_1-2_573,55.40000000000052
P_1-3_2410,P_1-3_4954,112.2999999999979
P_1-3_2410,P_1-3_4875,111.39999999999795
P_1-3_2410,P_1-3_3410,55.00000000000051
P_1-1-veh_105,P_1-1-pt_5078,51.40000000000046
P_1-1-veh_105,P_1-3_3046,53.900000000000496
P_1-1-veh_105,P_1-3_3457,20.000000000000014
P_1-1-veh_105,P_1-1-veh_234,53.50000000000049
P_1-1-veh_105,P_1-1-pt_2606,50.90000000000045
P_1-1-veh_105,P_1-1-pt_7142,48.40000000000042
P_1-1-veh_105,P_1-1-pt_6538,50.80000000000045
P_1-1-veh_105,P_1-2_1596,53.40000000000049
P_1-1-veh_105,P_1-3_4168,53.40000000000049
P_1-1-veh_105,P_1-2_3081,53.30000000000049
P_1-1-veh_105,P_1-1-pt_7080,55.10000000000051
P_1-1-veh_105,P_1-1-veh_792,28.400000000000134
P_1-1-veh_105,P_1-1-pt_7763,51.20000000000046
P_1-1-veh_105,P_1-2_2554,46.60000000000039
P_1-1-veh_105,P_1-3_2323,75.49999999999999
P_1-1-veh_105,P_1-3_528,53.30000000000049
P_1-1-veh_105,P_1-1-pt_1226,56.40000000000053
P_1-1-veh_105,P_1-1-pt_1108,305.00000000000085
P_1-1-veh_105,P_1-1-pt_3624,41.100000000000314
P_1-1-veh_105,P_1-1-pt_7863,107.19999999999818
P_1-1-veh_105,P_1-1-pt_1304,121.79999999999735
P_1-1-veh_105,P_1-1-pt_8545,106.09999999999825
P_1-1-veh_105,P_1-1-pt_5193,106.19999999999824
P_1-1-veh_105,P_1-1-pt_7325,104.39999999999834
P_1-1-veh_105,P_1-1-pt_8137,218.69999999999186
P_1-1-veh_105,P_2-1_3764,37.40000000000026
P_1-1-veh_105,P_2-1_2925,63.20000000000063
P_1-1-veh_105,P_2-1_63,34.50000000000022
P_1-1-veh_105,P_1-2_1612,20.50000000000002
P_1-1-veh_105,P_1-1-pt_6453,78.6999999999998
P_1-3_2221,P_1-2_3214,54.1000000000005
P_1-3_2221,P_1-2_3590,52.80000000000048
P_1-3_2221,P_1-2_2473,52.90000000000048
P_1-3_2221,P_1-3_1945,52.90000000000048
P_1-3_2221,P_1-2_3702,53.100000000000485
P_1-3_2221,P_1-2_848,53.200000000000486
P_1-3_2221,P_1-2_104,44.700000000000365
P_1-3_2221,P_1-1-pt_2834,48.60000000000042
P_1-3_2221,P_1-1-pt_2820,859.900000000127
P_1-3_2221,P_1-1-pt_3097,85.49999999999942
P_1-3_2018,P_1-2_573,242.7999999999905
P_1-3_2018,P_1-3_4954,205.19999999999263
P_1-3_2018,P_1-1-pt_5241,50.80000000000045
P_1-3_2018,P_2-1_2045,73.80000000000008
P_1-3_2018,P_1-3_2633,58.60000000000056
P_1-3_2018,P_1-2_4634,110.59999999999799
P_1-3_2018,P_1-3_4775,110.09999999999802
P_1-3_2018,P_1-3_2410,63.700000000000635
P_1-3_2018,P_1-3_3253,115.39999999999772
P_1-3_2018,P_1-2_5210,160.99999999999514
P_1-3_2018,P_1-3_4875,163.599999999995
P_1-3_2018,P_1-3_3410,74.80000000000003
P_1-2_609,P_1-2_3608,45.90000000000038
P_1-2_609,P_1-1-veh_246,28.600000000000136
P_1-2_609,P_1-2_5428,27.700000000000124
P_1-2_609,P_1-1-pt_498,56.90000000000054
P_1-2_609,P_1-1-veh_530,23.700000000000067
P_1-2_609,P_1-1-pt_2032,55.40000000000052
P_1-2_609,P_1-2_4266,55.60000000000052
P_1-2_609,P_1-1-pt_8735,55.300000000000516
P_1-2_609,P_1-2_5745,93.49999999999896
P_1-1-pt_5078,P_1-1-veh_105,51.40000000000046
P_1-1-pt_5078,P_1-3_3834,49.80000000000044
P_1-1-pt_5078,P_1-2_3280,64.30000000000062
P_1-1-pt_5078,P_1-1-pt_2920,51.60000000000046
P_1-1-pt_5078,P_1-1-veh_234,116.09999999999768
P_1-1-pt_5078,P_1-3_2053,49.80000000000044
P_1-1-pt_5078,P_1-2_5951,47.90000000000041
P_1-1-pt_5078,P_1-1-pt_7208,66.80000000000048
P_1-1-pt_5078,P_1-1-pt_6538,57.90000000000055
P_1-1-pt_5078,P_1-1-pt_4901,124.3999999999972
P_1-1-pt_5078,P_1-1-pt_8682,98.59999999999867
P_1-1-pt_5078,P_1-3_4690,50.90000000000045
P_1-1-pt_5078,P_1-1-pt_4966,52.00000000000047
P_1-1-pt_5078,P_1-1-pt_7080,114.89999999999775
P_1-2_4734,P_1-2_4206,225.29999999999148
P_1-2_4734,P_1-3_1500,223.99999999999156
P_1-2_4734,P_1-3_3901,223.79999999999157
P_1-2_4734,P_1-2_1420,224.09999999999155
P_1-2_4734,P_1-3_228,223.99999999999156
P_1-2_4734,P_1-3_3776,224.59999999999152
P_1-2_4734,P_2-1_2161,224.19999999999155
P_1-2_4734,P_1-3_874,111.79999999999792
P_1-2_4734,P_1-3_2454,111.99999999999791
P_1-2_4734,P_1-3_3834,111.89999999999792
P_1-2_4734,P_1-2_3280,112.1999999999979
P_1-2_4734,P_1-3_3046,112.2999999999979
P_1-2_4734,P_1-3_3457,111.89999999999792
P_1-2_4734,P_1-3_4168,112.49999999999788
P_1-2_4734,P_1-2_2287,24.800000000000082
P_1-2_4734,P_1-3_2053,1362.3999999998564
P_1-1-pt_8289,P_1-1-pt_8184,315.10000000000315
P_1-1-pt_8289,P_1-2_638,735.1000000000986
P_1-1-pt_8289,P_1-2_5753,281.8999999999956
P_1-1-pt_8289,P_1-1-veh_834,275.59999999999417
P_1-1-pt_8289,P_1-1-veh_530,59.70000000000058
P_1-1-pt_8289,P_1-3_743,110.69999999999798
P_1-1-pt_8289,P_1-3_2599,55.40000000000052
P_1-1-pt_8289,P_1-2_5745,55.40000000000052
P_1-1-pt_8289,P_1-1-pt_8735,55.70000000000052
P_1-1-pt_8289,P_1-2_4266,55.200000000000514
P_1-1-pt_8289,P_1-3_3076,55.200000000000514
P_1-1-pt_8289,P_1-1-pt_182,55.50000000000052
P_1-1-pt_8289,P_1-3_4289,55.00000000000051
P_1-1-pt_8289,P_1-1-pt_1723,101.09999999999853
P_1-2_638,P_1-1-pt_8289,735.1000000000986
P_1-2_638,P_1-1-pt_8184,160.89999999999515
P_1-2_638,P_1-3_80,15.89999999999996
P_1-2_638,P_1-2_3608,28.400000000000134
P_1-2_638,P_1-3_743,28.300000000000132
P_1-2_638,P_1-3_2599,27.800000000000125
P_1-2_638,P_1-2_5745,27.800000000000125
P_1-2_638,P_1-1-pt_8735,9.299999999999983
P_1-2_638,P_1-2_4266,27.50000000000012
P_1-2_638,P_1-1-pt_6516,31.60000000000018
P_1-2_638,P_1-3_1535,27.900000000000126
P_1-3_2454,P_1-1-veh_234,53.100000000000485
P_1-3_2454,P_1-1-pt_8682,51.40000000000046
P_1-3_2454,P_1-2_3389,53.40000000000049
P_1-3_2454,P_1-2_4206,111.99999999999791
P_1-3_2454,P_1-3_1500,111.79999999999792
P_1-3_2454,P_1-3_3901,111.79999999999792
P_1-3_2454,P_1-2_1420,111.79999999999792
P_1-3_2454,P_1-3_228,111.49999999999794
P_1-3_2454,P_1-3_3776,111.69999999999793
P_1-3_2454,P_2-1_2161,111.79999999999792
P_1-3_2454,P_1-3_874,55.80000000000052
P_1-3_2454,P_1-2_4734,111.99999999999791
P_1-3_2454,P_1-3_3834,55.70000000000052
P_1-3_2454,P_1-2_3280,56.10000000000053
P_1-3_2454,P_1-3_3046,55.80000000000052
P_1-3_2454,P_1-3_3457,56.10000000000053
P_1-3_2454,P_1-3_4168,55.900000000000524
P_1-3_2454,P_1-3_2053,55.80000000000052
P_1-3_2454,P_1-2_5951,55.60000000000052
P_1-3_2454,P_1-3_4690,56.30000000000053
P_1-2_3821,P_1-2_2580,794.100000000112
P_1-2_3821,P_1-3_4738,734.1000000000984
P_1-2_3821,P_1-2_5752,678.6000000000857
P_1-2_3821,P_1-2_3464,690.6000000000885
P_1-2_3821,P_1-1-veh_837,622.400000000073
P_1-2_3821,P_2-1_2028,362.800000000014
P_1-2_3821,P_1-2_2797,6045.00000000446
P_1-3_268,P_1-2_4853,250.79999999999004
P_1-3_268,P_1-3_4663,53.30000000000049
P_1-3_268,P_1-2_1658,53.50000000000049
P_1-3_268,P_1-3_4881,53.60000000000049
P_1-3_268,P_2-1_4267,53.40000000000049
P_1-3_268,P_2-1_3390,53.40000000000049
P_1-3_268,P_1-3_28,42.30000000000033
P_1-3_268,P_2-1_1463,53.50000000000049
P_1-3_268,P_2-1_499,53.40000000000049
P_1-3_268,P_2-1_804,53.40000000000049
P_1-3_268,P_2-1_213,53.200000000000486
P_1-3_268,P_1-3_3132,53.50000000000049
P_1-2_4454,P_1-2_2180,53.40000000000049
P_1-2_4454,P_1-2_3879,53.40000000000049
P_1-2_4454,P_2-1_63,66.90000000000047
P_1-2_4454,P_1-2_1612,81.09999999999967
P_1-2_4454,P_1-3_4262,46.20000000000039
P_1-2_4454,P_1-2_1255,41.60000000000032
P_1-2_4454,P_1-1-pt_1601,68.00000000000041
P_1-2_4454,P_1-1-pt_7938,56.600000000000534
P_1-2_4454,P_1-2_3590,1396.5999999998253
P_1-2_4454,P_1-1-pt_3931,57.50000000000055
P_1-2_4454,P_2-1_6236,39.9000000000003
P_1-2_4454,P_1-2_1948,25.800000000000097
P_1-2_4454,P_1-3_5550,25.700000000000095
P_1-2_4454,P_2-1_5799,20.800000000000026
P_1-2_4454,P_1-3_4492,25.900000000000098
P_1-2_4454,P_1-3_2528,25.800000000000097
P_1-2_4454,P_1-1-pt_3353,58.60000000000056
P_1-2_4454,P_1-1-pt_6355,2432.9999999988827
P_1-2_4454,P_2-1_2911,69.20000000000034
P_1-2_4454,P_1-1-pt_2425,52.30000000000047
P_1-2_4454,P_1-2_1285,48.80000000000042
P_1-2_4454,P_2-1_842,35.30000000000023
P_1-2_4454,P_1-3_5451,45.400000000000375
P_1-2_4454,P_1-3_1140,21.80000000000004
P_1-2_4454,P_2-1_5552,28.10000000000013
P_1-2_4454,P_1-2_4955,36.200000000000244
P_1-2_4454,P_1-2_2061,40.500000000000306
P_1-1-pt_2770,P_2-1_3764,8.399999999999986
P_1-1-pt_2770,P_2-1_63,8.499999999999986
P_1-1-pt_2770,P_1-2_1255,8.499999999999986
P_1-1-pt_2770,P_1-1-pt_4380,3.2000000000000015
P_1-1-pt_2770,P_1-1-pt_7938,57.90000000000055
P_1-1-pt_2770,P_1-1-pt_3931,58.100000000000556
P_1-1-pt_2770,P_2-1_6236,8.299999999999986
P_1-1-pt_2770,P_1-2_1948,8.599999999999985
P_1-1-pt_2770,P_1-3_5550,8.399999999999986
P_1-1-pt_2770,P_1-3_4492,9.099999999999984
P_1-1-pt_2770,P_1-3_2528,8.499999999999986
P_1-1-pt_2770,P_1-1-pt_3353,59.10000000000057
P_1-1-pt_2770,P_2-1_2911,8.599999999999985
P_1-1-pt_2770,P_1-1-pt_2425,31.300000000000175
P_1-1-pt_2770,P_1-2_1285,17.799999999999983
P_1-1-pt_2770,P_2-1_842,26.1000000000001
P_1-1-pt_2770,P_1-3_5451,39.800000000000296
P_1-1-pt_2770,P_1-2_4955,26.600000000000108
P_1-1-pt_2770,P_1-2_2061,26.0000000000001
P_1-1-pt_5139,P_1-1-pt_1747,43.60000000000035
P_1-1-pt_5139,P_1-1-pt_5167,49.10000000000043
P_1-1-pt_5139,P_1-1-pt_2863,894.6000000001349
P_1-1-pt_5139,P_1-2_250,70.20000000000029
P_1-1-pt_5139,P_1-3_2786,478.70000000004035
P_1-1-pt_5139,P_1-3_5475,57.90000000000055
P_1-1-pt_5139,P_1-1-pt_7440,102.79999999999843
P_1-1-pt_5139,P_1-3_1945,117.3999999999976
P_1-1-pt_5139,P_1-2_3702,94.99999999999888
P_1-1-pt_5139,P_1-2_848,61.0000000000006
P_1-1-pt_5139,P_1-3_1027,85.6999999999994
P_1-1-pt_5139,P_1-1-pt_2431,113.19999999999784
P_1-1-pt_5139,P_1-1-pt_2920,49.700000000000436
P_1-1-pt_5139,P_1-1-pt_6673,47.90000000000041
P_1-1-pt_255,P_1-1-pt_6368,147.5999999999959
P_1-1-pt_255,P_1-2_671,16.399999999999963
P_1-1-pt_255,P_1-1-pt_1560,61.1000000000006
P_1-1-pt_255,P_1-1-pt_2606,61.80000000000061
P_1-1-pt_255,P_1-1-pt_1966,63.10000000000063
P_1-1-pt_255,P_1-1-pt_5906,61.70000000000061
P_1-1-pt_255,P_1-1-pt_1238,61.90000000000061
P_1-1-pt_255,P_1-1-pt_3916,61.80000000000061
P_1-1-pt_255,P_1-1-pt_1226,61.500000000000604
P_1-1-pt_255,P_1-1-pt_3409,58.20000000000056
P_1-1-pt_255,P_1-1-pt_3624,58.000000000000554
P_1-1-pt_255,P_2-1_3764,38.20000000000027
P_1-1-pt_255,P_2-1_2925,39.100000000000286
P_1-1-pt_255,P_1-1-pt_3097,62.200000000000614
P_1-1-pt_255,P_2-1_63,42.40000000000033
P_1-1-pt_255,P_1-2_1612,38.80000000000028
P_1-1-pt_255,P_1-1-pt_761,61.0000000000006
P_1-1-pt_255,P_1-2_1255,17.59999999999998
P_1-1-pt_255,P_1-2_6013,125.09999999999717
P_1-3_3834,P_1-1-pt_5078,49.80000000000044
P_1-3_3834,P_1-3_3046,109.19999999999807
P_1-3_3834,P_1-3_3457,109.69999999999804
P_1-3_3834,P_1-1-veh_234,53.100000000000485
P_1-3_3834,P_1-1-pt_2606,57.20000000000054
P_1-3_3834,P_1-1-pt_7142,48.10000000000041
P_1-3_3834,P_1-1-pt_6538,45.70000000000038
P_1-3_3834,P_1-1-pt_8682,50.70000000000045
P_1-3_3834,P_1-2_3389,54.90000000000051
P_1-3_3834,P_2-1_2161,111.69999999999793
P_1-3_3834,P_1-3_874,111.79999999999792
P_1-3_3834,P_1-2_4734,111.89999999999792
P_1-3_3834,P_1-3_2454,55.70000000000052
P_1-3_3834,P_1-2_4206,111.79999999999792
P_1-3_3834,P_1-3_1500,111.59999999999793
P_1-3_3834,P_1-3_3901,111.39999999999795
P_1-3_3834,P_1-2_1420,111.89999999999792
P_1-3_3834,P_1-3_228,111.59999999999793
P_1-3_3834,P_1-2_3280,56.000000000000526
P_1-3_3834,P_1-3_4168,56.000000000000526
P_1-3_3834,P_1-3_2053,55.70000000000052
P_1-3_3834,P_1-3_3776,1689.7999999995586
P_1-2_4327,P_1-2_4098,553.9000000000574
P_1-2_4327,P_1-3_4822,744.5000000001007
P_1-2_4327,P_1-2_3716,2867.5999999984874
P_1-2_4327,P_1-2_4270,53.800000000000495
P_1-2_1559,P_1-2_2564,3121.5999999982564
P_1-2_1559,P_1-2_3693,198.399999999993
P_1-2_1559,P_1-1-pt_1304,28.20000000000013
P_1-2_1559,P_1-2_1017,57.50000000000055
P_1-2_1559,P_1-2_671,217.49999999999193
P_1-2_5518,P_2-1_4127,45.00000000000037
P_1-2_5518,P_2-1_3119,54.4000000000005
P_1-2_5518,P_1-3_4644,56.10000000000053
P_1-2_5518,P_2-1_2486,53.30000000000049
P_1-2_5518,P_2-1_3601,53.30000000000049
P_1-2_5518,P_2-1_600,53.40000000000049
P_1-2_5518,P_1-2_5765,53.30000000000049
P_1-2_5518,P_2-1_1248,6771.200000007102
P_1-2_1313,P_1-1-pt_6368,27.000000000000114
P_1-2_1313,P_1-2_3052,32.40000000000019
P_1-2_1313,P_1-2_1017,20.200000000000017
P_1-2_1313,P_1-1-pt_5193,63.10000000000063
P_1-2_1313,P_1-3_990,52.90000000000048
P_1-3_2180,P_1-2_3378,109.39999999999806
P_1-3_2180,P_1-2_3077,109.29999999999806
P_1-3_2180,P_1-3_2076,399.7000000000224
P_1-3_2180,P_1-2_5020,54.90000000000051
P_1-3_2180,P_1-1-pt_4785,55.300000000000516
P_1-3_2180,P_2-1_3664,58.50000000000056
P_1-3_2180,P_2-1_3058,57.60000000000055
P_1-3_2180,P_1-3_5020,43.50000000000035
P_1-3_2180,P_1-2_2422,50.70000000000045
P_1-3_2180,P_1-2_5092,55.00000000000051
P_1-3_2180,P_1-3_5354,46.800000000000395
P_1-2_3488,P_1-2_2237,113.39999999999783
P_1-2_3488,P_1-1-pt_2129,108.89999999999809
P_1-2_3488,P_1-1-pt_1039,110.19999999999801
P_1-2_3488,P_1-1-pt_5275,110.19999999999801
P_1-2_3488,P_1-1-pt_1700,109.79999999999804
P_1-2_3488,P_1-3_17,63.40000000000063
P_1-3_3046,P_1-1-veh_105,53.900000000000496
P_1-3_3046,P_1-3_3834,109.19999999999807
P_1-3_3046,P_1-3_1785,53.200000000000486
P_1-3_3046,P_1-2_2554,2.0000000000000004
P_1-3_3046,P_1-1-pt_4966,51.700000000000465
P_1-3_3046,P_1-1-veh_234,54.0000000000005
P_1-3_3046,P_1-3_3457,1624.9999999996176
P_1-3_3046,P_1-1-pt_1238,52.10000000000047
P_1-3_3046,P_1-1-pt_7142,50.50000000000045
P_1-3_3046,P_1-1-pt_6538,50.90000000000045
P_1-3_3046,P_1-1-pt_8682,50.90000000000045
P_1-3_3046,P_1-2_3389,53.40000000000049
P_1-3_3046,P_1-2_4734,112.2999999999979
P_1-3_3046,P_1-3_2454,55.80000000000052
P_1-3_3046,P_1-2_4206,112.39999999999789
P_1-3_3046,P_1-3_1500,111.79999999999792
P_1-3_3046,P_1-3_3901,108.49999999999811
P_1-3_3046,P_1-2_1420,56.10000000000053
P_1-3_3046,P_1-3_228,56.10000000000053
P_1-3_3046,P_1-3_3776,56.10000000000053
P_1-3_3046,P_2-1_2161,56.000000000000526
P_1-3_3046,P_1-2_3280,56.30000000000053
P_1-3_3046,P_1-3_4168,56.10000000000053
P_1-3_3046,P_1-3_2053,55.900000000000524
P_1-1-pt_530,P_1-3_2881,48.60000000000042
P_1-1-pt_530,P_1-2_1600,48.80000000000042
P_1-1-pt_530,P_1-1-pt_6309,44.80000000000037
P_1-1-pt_530,P_1-1-pt_8692,45.20000000000037
P_1-1-pt_530,P_1-1-veh_459,49.20000000000043
P_1-1-pt_530,P_1-1-pt_8611,47.80000000000041
P_1-1-pt_530,P_1-1-pt_5997,45.20000000000037
P_1-1-pt_530,P_1-1-pt_394,44.40000000000036
P_1-1-pt_530,P_1-1-pt_4541,44.000000000000355
P_1-1-pt_530,P_1-3_4124,47.500000000000405
P_1-1-pt_530,P_1-3_2421,47.500000000000405
P_1-1-pt_530,P_1-1-pt_725,43.00000000000034
P_1-1-pt_530,P_1-3_2955,75.2
P_1-1-pt_530,P_1-1-pt_6413,13.199999999999969
P_1-1-pt_530,P_1-1-pt_4996,64.6000000000006
P_1-1-pt_530,P_1-1-pt_2834,46.700000000000394
P_1-1-pt_530,P_1-1-pt_5199,49.000000000000426
P_1-1-pt_530,P_1-2_5252,7.599999999999989
P_1-1-pt_530,P_1-1-pt_761,71.90000000000019
P_1-1-pt_530,P_1-1-pt_6297,76.09999999999995
P_1-1-pt_3629,P_1-2_4771,226.5999999999914
P_1-1-pt_3629,P_1-1-pt_1714,113.09999999999785
P_1-1-pt_3629,P_1-2_2287,112.39999999999789
P_1-1-pt_3629,P_1-3_1785,112.39999999999789
P_1-1-pt_3629,P_1-1-pt_560,33.3000000000002
P_1-1-pt_3629,P_1-2_3081,112.2999999999979
P_1-2_4634,P_1-3_4775,233.39999999999102
P_1-2_4634,P_1-3_2410,165.89999999999486
P_1-2_4634,P_1-3_3253,220.79999999999174
P_1-2_4634,P_1-3_2018,110.59999999999799
P_1-2_4634,P_1-3_2633,165.49999999999488
P_1-2_4634,P_1-2_5210,110.69999999999798
P_1-2_4634,P_1-2_573,120.59999999999742
P_1-2_4634,P_1-3_4954,123.09999999999728
P_1-2_4634,P_1-3_4875,1092.0000000001023
P_1-2_4634,P_1-3_3410,344.7000000000099
P_1-2_4609,P_1-2_4329,348.00000000001063
P_1-2_4609,P_1-1-pt_3931,117.09999999999762
P_1-2_4609,P_2-1_6236,103.19999999999841
P_1-2_4609,P_2-1_5067,113.09999999999785
P_1-2_4609,P_1-1-pt_3353,90.09999999999916
P_1-2_2580,P_1-2_3821,794.100000000112
P_1-2_2580,P_1-3_4738,734.5000000000985
P_1-2_2580,P_1-2_5752,679.800000000086
P_1-2_2580,P_1-2_3464,679.800000000086
P_1-2_2580,P_1-1-veh_837,623.0000000000731
P_1-2_2580,P_2-1_2028,340.5000000000089
P_1-2_2580,P_1-2_2797,6045.00000000446
P_1-2_1285,P_1-3_1140,27.50000000000012
P_1-2_1285,P_1-1-pt_8085,37.600000000000264
P_1-2_1285,P_1-1-veh_824,67.60000000000043
P_1-2_1285,P_1-1-pt_2342,86.89999999999934
P_1-2_1285,P_1-2_5927,38.10000000000027
P_1-2_1285,P_1-2_3214,30.30000000000016
P_1-2_1285,P_1-1-pt_841,108.6999999999981
P_1-2_1285,P_1-2_4715,29.60000000000015
P_1-2_1285,P_1-2_2653,38.400000000000276
P_1-2_1285,P_1-1-pt_2770,17.799999999999983
P_1-2_1285,P_1-1-pt_6355,17.999999999999986
P_1-2_1285,P_1-2_4454,48.80000000000042
P_1-2_1285,P_1-2_3590,30.600000000000165
P_1-2_1285,P_1-1-pt_8982,19.200000000000003
P_1-2_1285,P_1-1-pt_8969,17.899999999999984
P_1-2_1285,P_1-2_1658,48.300000000000416
P_1-2_1285,P_1-1-pt_1601,55.10000000000051
P_1-2_1285,P_1-1-pt_2425,3729.6999999977033
P_1-2_1285,P_2-1_2911,1617.799999999624
P_1-1-pt_6355,P_1-1-pt_5167,61.1000000000006
P_1-1-pt_6355,P_1-1-pt_1747,61.70000000000061
P_1-1-pt_6355,P_1-1-pt_3858,34.70000000000022
P_1-1-pt_6355,P_2-1_3764,8.299999999999986
P_1-1-pt_6355,P_2-1_63,8.899999999999984
P_1-1-pt_6355,P_1-2_1612,8.699999999999985
P_1-1-pt_6355,P_1-2_1255,8.299999999999986
P_1-1-pt_6355,P_1-1-pt_1601,77.39999999999988
P_1-1-pt_6355,P_1-1-pt_7938,57.60000000000055
P_1-1-pt_6355,P_1-2_3590,84.59999999999947
P_1-1-pt_6355,P_1-1-pt_3931,58.20000000000056
P_1-1-pt_6355,P_2-1_6236,32.60000000000019
P_1-1-pt_6355,P_1-2_1948,8.499999999999986
P_1-1-pt_6355,P_1-3_5550,8.399999999999986
P_1-1-pt_6355,P_1-3_4492,8.699999999999985
P_1-1-pt_6355,P_1-3_2528,8.499999999999986
P_1-1-pt_6355,P_1-1-pt_3353,60.60000000000059
P_1-1-pt_6355,P_2-1_2911,8.699999999999985
P_1-1-pt_6355,P_1-2_4454,2432.9999999988827
P_1-1-pt_6355,P_1-1-pt_2425,31.800000000000182
P_1-1-pt_6355,P_1-2_1285,17.999999999999986
P_1-1-pt_6355,P_2-1_842,26.600000000000108
P_1-1-pt_6355,P_1-3_5451,40.400000000000304
P_1-1-pt_6355,P_2-1_5552,14.499999999999964
P_1-1-pt_6355,P_1-2_4955,28.300000000000132
P_1-1-pt_6355,P_1-2_2061,26.0000000000001
P_1-1-pt_1669,P_1-2_960,30.500000000000163
P_1-1-pt_1669,P_1-2_1265,45.60000000000038
P_1-1-pt_1669,P_1-2_1494,57.300000000000544
P_1-1-pt_1669,P_1-3_4253,43.60000000000035
P_1-1-pt_1669,P_1-1-pt_7959,67.90000000000042
P_1-1-pt_1669,P_2-1_5841,50.80000000000045
P_1-1-pt_1669,P_1-1-pt_6381,59.400000000000574
P_1-1-pt_1669,P_1-1-veh_824,51.40000000000046
P_1-1-pt_5167,P_1-1-pt_6355,61.1000000000006
P_1-1-pt_5167,P_1-1-pt_3858,814.4000000001166
P_1-1-pt_5167,P_1-1-pt_521,866.8000000001285
P_1-1-pt_5167,P_1-1-pt_5139,49.10000000000043
P_1-1-pt_5167,P_1-1-pt_2863,23.90000000000007
P_1-1-pt_5167,P_1-1-pt_6974,1044.9000000001452
P_1-1-pt_5167,P_1-1-pt_3671,1279.9999999999313
P_1-1-pt_5167,P_1-1-pt_4262,64.10000000000063
P_1-1-pt_5167,P_1-1-pt_98,1246.6999999999616
P_1-1-pt_5167,P_1-1-pt_3207,618.400000000072
P_1-1-pt_5167,P_1-1-pt_1497,1043.0000000001469
P_1-1-pt_5167,P_1-1-pt_6743,159.09999999999525
P_1-1-pt_5167,P_1-1-pt_4879,92.899999999999
P_1-1-pt_5167,P_1-1-pt_4736,190.79999999999345
P_1-1-pt_5167,P_1-1-pt_2880,379.0000000000177
P_1-1-pt_5167,P_2-1_63,27.000000000000114
P_1-1-pt_5167,P_1-3_3245,44.000000000000355
P_1-1-pt_5167,P_1-2_250,21.600000000000037
P_1-1-pt_5167,P_1-2_4483,56.40000000000053
P_1-1-pt_5167,P_1-1-pt_2920,61.500000000000604
P_1-1-pt_5167,P_1-2_4940,69.9000000000003
P_1-1-pt_5167,P_1-1-veh_610,48.80000000000042
P_1-1-pt_5167,P_1-1-pt_2369,58.700000000000564
P_1-1-pt_5167,P_1-1-pt_6673,10.699999999999978
P_1-1-pt_5167,P_1-1-pt_7573,64.90000000000059
P_1-1-pt_5167,P_1-1-veh_767,59.10000000000057
P_1-1-pt_5167,P_1-2_5543,38.10000000000027
P_1-1-pt_5167,P_1-1-pt_2013,235.29999999999092
P_1-1-pt_5167,P_1-2_303,55.60000000000052
P_1-1-pt_5167,P_1-1-pt_1747,6936.900000007705
P_1-3_4492,P_1-2_2422,27.900000000000126
P_1-3_4492,P_2-1_842,40.1000000000003
P_1-3_4492,P_2-1_2987,27.300000000000118
P_1-3_4492,P_1-1-pt_3353,132.79999999999674
P_1-3_4492,P_1-2_5927,35.20000000000023
P_1-3_4492,P_1-2_3214,27.100000000000115
P_1-3_4492,P_1-2_4715,26.300000000000104
P_1-3_4492,P_1-2_2653,32.60000000000019
P_1-3_4492,P_1-1-pt_2770,9.099999999999984
P_1-3_4492,P_1-1-pt_6355,8.699999999999985
P_1-3_4492,P_1-2_4454,25.900000000000098
P_1-3_4492,P_1-2_3590,25.800000000000097
P_1-3_4492,P_1-1-pt_8982,8.399999999999986
P_1-3_4492,P_1-1-pt_8969,8.599999999999985
P_1-3_4492,P_1-2_1658,35.70000000000024
P_1-3_4492,P_1-1-pt_1601,55.40000000000052
P_1-3_4492,P_2-1_5799,649.6000000000791
P_1-1-pt_1006,P_1-2_250,50.70000000000045
P_1-1-pt_1006,P_1-1-pt_8969,56.20000000000053
P_1-1-pt_1006,P_1-3_2786,62.70000000000062
P_1-1-pt_1006,P_1-3_5475,98.1999999999987
P_1-1-pt_1006,P_1-3_1945,52.00000000000047
P_1-1-pt_1006,P_1-2_3702,121.49999999999737
P_1-1-pt_1006,P_1-1-pt_6673,49.000000000000426
P_1-1-pt_1006,P_1-1-pt_2431,59.90000000000058
P_1-1-pt_1006,P_1-3_1027,129.09999999999695
P_1-1-pt_1006,P_1-1-pt_2920,3.5000000000000018
P_1-1-pt_1006,P_1-2_848,113.19999999999784
P_1-2_2287,P_1-1-pt_8682,51.100000000000456
P_1-2_2287,P_1-2_3389,53.50000000000049
P_1-2_2287,P_1-3_1500,12.79999999999997
P_1-2_2287,P_1-1-pt_560,52.20000000000047
P_1-2_2287,P_1-2_4771,112.49999999999788
P_1-2_2287,P_1-1-pt_1714,62.900000000000624
P_1-2_2287,P_1-1-pt_3629,112.39999999999789
P_1-2_2287,P_1-3_1785,55.900000000000524
P_1-2_2287,P_1-3_874,53.200000000000486
P_1-2_2287,P_1-2_3081,55.80000000000052
P_1-2_2287,P_1-2_4734,24.800000000000082
P_1-2_2287,P_1-2_5951,55.70000000000052
P_1-2_2287,P_1-3_4690,56.600000000000534
P_1-2_3214,P_1-3_2221,54.1000000000005
P_1-2_3214,P_1-1-pt_1601,8.399999999999986
P_1-2_3214,P_1-1-pt_7948,8.399999999999986
P_1-2_3214,P_1-1-pt_3931,86.39999999999937
P_1-2_3214,P_2-1_6236,27.700000000000124
P_1-2_3214,P_1-2_1948,27.700000000000124
P_1-2_3214,P_1-3_5550,27.200000000000117
P_1-2_3214,P_2-1_5799,22.60000000000005
P_1-2_3214,P_1-3_4492,27.100000000000115
P_1-2_3214,P_1-3_2528,27.100000000000115
P_1-2_3214,P_1-1-pt_2425,39.100000000000286
P_1-2_3214,P_1-2_1285,30.30000000000016
P_1-2_3214,P_2-1_842,35.70000000000024
P_1-2_3214,P_1-3_5451,27.100000000000115
P_1-2_3214,P_1-3_1140,23.20000000000006
P_1-2_3214,P_1-2_4955,36.00000000000024
P_1-2_3214,P_1-2_2061,35.70000000000024
P_1-2_3214,P_1-1-pt_4785,39.100000000000286
P_1-2_3214,P_1-2_5020,55.40000000000052
P_1-2_4270,P_1-2_1640,53.30000000000049
P_1-2_4270,P_1-2_5641,53.30000000000049
P_1-2_4270,P_1-3_547,53.30000000000049
P_1-2_4270,P_1-2_4327,53.800000000000495
P_1-2_4270,P_1-2_315,53.40000000000049
P_1-2_4270,P_1-1-pt_498,57.50000000000055
P_1-2_1612,P_1-1-pt_6355,8.699999999999985
P_1-2_1612,P_1-2_4454,81.09999999999967
P_1-2_1612,P_1-3_5144,45.20000000000037
P_1-2_1612,P_1-1-pt_8969,8.399999999999986
P_1-2_1612,P_1-1-pt_6743,58.40000000000056
P_1-2_1612,P_1-1-pt_2880,117.99999999999757
P_1-2_1612,P_1-1-pt_98,34.40000000000022
P_1-2_1612,P_1-1-pt_1747,69.40000000000033
P_1-2_1612,P_1-1-pt_6974,63.90000000000064
P_1-2_1612,P_1-1-pt_3858,267.99999999999244
P_1-2_1612,P_1-1-pt_4879,83.09999999999955
P_1-2_1612,P_1-1-pt_8728,51.800000000000466
P_1-2_1612,P_1-1-veh_610,12.399999999999972
P_1-2_1612,P_1-1-veh_767,11.899999999999974
P_1-2_1612,P_1-2_303,28.300000000000132
P_1-2_1612,P_1-1-pt_255,38.80000000000028
P_1-2_1612,P_1-1-pt_6413,58.50000000000056
P_1-2_1612,P_1-1-pt_761,427.5000000000287
P_1-2_1612,P_1-1-pt_494,57.50000000000055
P_1-2_1612,P_1-1-pt_2162,57.50000000000055
P_1-2_1612,P_1-1-pt_3409,80.89999999999968
P_1-2_1612,P_1-1-pt_1270,62.300000000000615
P_1-2_1612,P_2-1_63,5724.3000000032935
P_1-2_1612,P_1-1-pt_1473,122.49999999999731
P_1-2_1612,P_1-1-pt_7863,54.90000000000051
P_1-2_1612,P_1-1-pt_8545,85.6999999999994
P_1-2_1612,P_1-1-pt_5193,85.6999999999994
P_1-2_1612,P_1-1-pt_7325,54.90000000000051
P_1-2_1612,P_1-1-pt_6453,158.49999999999528
P_1-2_1612,P_1-1-veh_105,20.50000000000002
P_1-2_1612,P_1-2_1203,45.60000000000038
P_1-2_104,P_1-1-pt_7664,76.39999999999993
P_1-2_104,P_1-1-pt_4262,53.800000000000495
P_1-2_104,P_1-3_2221,44.700000000000365
P_1-2_104,P_1-3_2280,35.70000000000024
P_1-2_104,P_1-2_2473,36.50000000000025
P_1-2_104,P_1-2_4249,37.600000000000264
P_1-2_104,P_1-3_2424,50.00000000000044
P_1-2_104,P_1-3_1571,35.90000000000024
P_1-2_104,P_1-2_171,41.40000000000032
P_1-2_104,P_1-2_4285,31.800000000000182
P_1-2_104,P_1-3_5537,33.60000000000021
P_1-2_2180,P_1-2_4454,53.40000000000049
P_1-2_2180,P_2-1_6130,56.50000000000053
P_1-2_2180,P_2-1_5067,54.2000000000005
P_1-2_2180,P_1-2_4853,54.2000000000005
P_1-2_2180,P_1-3_4663,54.3000000000005
P_1-2_2180,P_1-2_1658,53.40000000000049
P_1-2_2180,P_1-3_4881,53.30000000000049
P_1-2_2180,P_1-2_3879,1956.8999999993157
P_1-2_2180,P_1-2_5543,53.60000000000049
P_1-2_2180,P_1-3_2773,53.40000000000049
P_1-2_2180,P_1-3_4025,53.40000000000049
P_1-2_2180,P_1-2_4376,53.60000000000049
P_1-2_2180,P_1-3_1676,53.50000000000049
P_1-2_2180,P_2-1_600,53.40000000000049
P_1-2_2180,P_1-2_5765,53.40000000000049
P_1-2_2180,P_1-2_4065,53.40000000000049
P_1-2_3693,P_1-2_1559,198.399999999993
P_1-2_3693,P_1-2_2564,195.39999999999318
P_1-2_3693,P_1-2_2034,53.70000000000049
P_1-2_3693,P_1-1-pt_4595,51.20000000000046
P_1-2_3693,P_1-2_2512,53.70000000000049
P_1-2_3693,P_1-2_2613,53.900000000000496
P_1-2_3693,P_1-1-pt_5392,159.09999999999525
P_1-2_3693,P_1-2_5210,72.60000000000015
P_1-2_3693,P_1-3_2633,80.79999999999968
P_1-2_3693,P_1-2_573,109.79999999999804
P_1-2_3693,P_1-3_4954,56.10000000000053
P_1-2_3693,P_1-3_458,53.60000000000049
P_1-2_3693,P_1-2_1017,55.80000000000052
P_1-2_3693,P_1-3_990,62.10000000000061
P_1-2_3693,P_1-1-pt_5241,60.70000000000059
P_1-2_3693,P_1-2_568,85.6999999999994
P_1-2_3693,P_1-1-pt_2952,83.59999999999953
P_1-2_3693,P_1-1-veh_5,96.3999999999988
P_1-3_5578,P_1-1-pt_8068,48.300000000000416
P_1-3_5578,P_1-3_4690,27.200000000000117
P_1-3_5578,P_1-1-pt_2529,8.499999999999986
P_1-3_5578,P_1-2_505,27.100000000000115
P_1-3_5578,P_1-2_2715,39.9000000000003
P_1-3_5578,P_1-1-pt_0,8.199999999999987
P_1-3_5578,P_1-3_4666,105.1999999999983
P_1-3_5578,P_1-2_4791,56.40000000000053
P_1-3_5578,P_1-2_1533,56.50000000000053
P_1-3_5578,P_1-3_635,57.00000000000054
P_2-1_63,P_1-1-pt_2770,8.499999999999986
P_2-1_63,P_1-1-pt_6355,8.899999999999984
P_2-1_63,P_1-2_4454,66.90000000000047
P_2-1_63,P_1-3_5144,45.300000000000374
P_2-1_63,P_1-1-pt_8969,8.399999999999986
P_2-1_63,P_1-1-pt_6743,58.40000000000056
P_2-1_63,P_1-1-pt_2880,8.399999999999986
P_2-1_63,P_1-1-pt_5167,27.000000000000114
P_2-1_63,P_1-1-pt_98,31.100000000000172
P_2-1_63,P_1-1-pt_1747,57.90000000000055
P_2-1_63,P_1-1-pt_3858,129.59999999999692
P_2-1_63,P_1-1-pt_6974,21.500000000000036
P_2-1_63,P_1-1-pt_4879,102.59999999999845
P_2-1_63,P_1-1-pt_8728,52.30000000000047
P_2-1_63,P_1-1-veh_610,11.799999999999974
P_2-1_63,P_1-1-veh_767,11.899999999999974
P_2-1_63,P_1-2_303,27.800000000000125
P_2-1_63,P_1-1-pt_255,42.40000000000033
P_2-1_63,P_1-1-pt_6413,58.100000000000556
P_2-1_63,P_1-1-pt_761,292.7999999999981
P_2-1_63,P_1-1-pt_494,57.20000000000054
P_2-1_63,P_1-1-pt_2162,65.20000000000057
P_2-1_63,P_1-1-pt_1296,1.2
P_2-1_63,P_1-1-pt_3409,93.19999999999898
P_2-1_63,P_1-1-pt_1270,54.70000000000051
P_2-1_63,P_1-2_1612,5724.3000000032935
P_2-1_63,P_1-1-pt_1473,98.1999999999987
P_2-1_63,P_1-1-pt_7863,77.29999999999988
P_2-1_63,P_1-1-pt_8545,86.89999999999934
P_2-1_63,P_1-1-pt_5193,87.09999999999933
P_2-1_63,P_1-1-pt_7325,63.80000000000064
P_2-1_63,P_1-1-pt_6453,93.29999999999897
P_2-1_63,P_1-1-veh_105,34.50000000000022
P_2-1_63,P_1-1-pt_1108,22.700000000000053
P_2-1_63,P_1-2_2554,11.299999999999976
P_2-1_63,P_1-2_1203,63.90000000000064
P_2-1_5435,P_2-1_4331,876.8000000001308
P_2-1_5435,P_1-2_2229,877.700000000131
P_2-1_5435,P_1-2_2030,822.7000000001185
P_2-1_5435,P_2-1_3376,823.8000000001188
P_2-1_5435,P_2-1_6256,1814.8999999994448
P_2-1_5435,P_1-2_3908,845.5000000001237
P_2-1_5435,P_1-2_4607,772.300000000107
P_2-1_5435,P_1-1-pt_7104,709.2000000000927
P_2-1_5435,P_1-2_4886,768.0000000001061
P_1-1-pt_7040,P_2-1_2384,50.80000000000045
P_1-1-pt_7040,P_1-1-pt_7123,1643.6999999996005
P_1-1-pt_7040,P_2-1_600,50.90000000000045
P_1-1-pt_7040,P_1-2_5765,30.000000000000156
P_1-1-pt_7915,P_2-1_2293,46.9000000000004
P_1-1-pt_7915,P_2-1_5067,30.800000000000168
P_1-1-pt_7915,P_1-2_1658,56.20000000000053
P_1-1-pt_7915,P_1-2_4940,24.60000000000008
P_1-1-pt_7915,P_1-1-veh_610,31.60000000000018
P_1-1-pt_7915,P_1-1-pt_3671,68.1000000000004
P_1-1-pt_7915,P_1-1-pt_6974,694.8000000000894
P_1-1-pt_7915,P_1-1-pt_4879,46.30000000000039
P_1-1-pt_7915,P_1-1-pt_3858,272.89999999999355
P_1-1-pt_7915,P_1-1-pt_521,68.3000000000004
P_1-1-pt_7915,P_1-1-pt_98,508.10000000004703
P_1-1-pt_7915,P_1-1-pt_5999,68.80000000000037
P_1-1-pt_7915,P_1-2_5543,69.00000000000036
P_1-1-pt_7915,P_2-1_1878,97.49999999999874
P_1-1-pt_7915,P_1-3_3339,60.00000000000058
P_1-1-pt_7915,P_1-1-veh_767,177.99999999999417
P_1-1-pt_7123,P_2-1_2384,54.1000000000005
P_1-1-pt_7123,P_1-1-pt_7040,1643.6999999996005
P_1-1-pt_7123,P_1-2_250,20.700000000000024
P_1-1-pt_7123,P_1-1-pt_2503,192.99999999999332
P_1-2_5943,P_1-2_593,1.9000000000000006
P_1-2_5943,P_1-1-pt_4645,1004.1000000001598
P_1-2_5943,P_1-2_4724,16.399999999999963
P_1-2_5943,P_1-3_4822,112.69999999999787
P_1-2_5943,P_1-2_3716,68.1000000000004
P_1-2_5943,P_1-2_4098,58.20000000000056
P_1-2_5943,P_1-3_2482,51.50000000000046
P_1-2_5943,P_1-2_1025,27.600000000000122
P_1-3_5334,P_1-3_2985,52.90000000000048
P_1-3_5334,P_1-2_1990,53.40000000000049
P_1-3_5334,P_1-1-veh_602,88.49999999999925
P_1-3_5334,P_1-3_3755,3866.499999997579
P_1-3_5334,P_1-1-pt_7732,53.900000000000496
P_1-3_5334,P_1-1-pt_3927,1828.1999999994327
P_1-3_5334,P_1-1-pt_5115,56.40000000000053
P_1-3_5334,P_1-1-pt_6368,99.29999999999863
P_1-3_5334,P_1-1-pt_1306,79.49999999999976
P_1-3_5334,P_1-2_3052,83.59999999999953
P_1-3_5334,P_1-2_3413,107.79999999999815
P_1-3_5334,P_1-1-pt_1037,77.79999999999986
P_1-3_5334,P_1-1-pt_5324,73.20000000000012
P_1-3_5334,P_2-1_2045,29.300000000000146
P_1-1-pt_1747,P_1-1-pt_6355,61.70000000000061
P_1-1-pt_1747,P_1-1-pt_5139,43.60000000000035
P_1-1-pt_1747,P_1-1-pt_3858,1238.7999999999688
P_1-1-pt_1747,P_1-1-pt_521,865.3000000001282
P_1-1-pt_1747,P_1-1-pt_2863,51.800000000000466
P_1-1-pt_1747,P_1-1-pt_4262,65.80000000000054
P_1-1-pt_1747,P_1-1-pt_6974,1027.400000000161
P_1-1-pt_1747,P_1-1-pt_3671,1284.8999999999269
P_1-1-pt_1747,P_1-1-pt_98,1250.699999999958
P_1-1-pt_1747,P_1-1-pt_3207,316.40000000000344
P_1-1-pt_1747,P_1-1-pt_1497,788.0000000001106
P_1-1-pt_1747,P_1-1-pt_6743,145.899999999996
P_1-1-pt_1747,P_1-1-pt_4879,77.69999999999986
P_1-1-pt_1747,P_1-1-pt_4736,186.69999999999368
P_1-1-pt_1747,P_1-2_1612,69.40000000000033
P_1-1-pt_1747,P_2-1_63,57.90000000000055
P_1-1-pt_1747,P_1-1-pt_2880,318.5000000000039
P_1-1-pt_1747,P_1-3_3245,25.500000000000092
P_1-1-pt_1747,P_1-2_250,21.300000000000033
P_1-1-pt_1747,P_1-2_4483,119.49999999999748
P_1-1-pt_1747,P_1-1-pt_2920,61.1000000000006
P_1-1-pt_1747,P_1-2_4940,58.700000000000564
P_1-1-pt_1747,P_1-1-veh_610,349.2000000000109
P_1-1-pt_1747,P_1-1-pt_6673,61.4000000000006
P_1-1-pt_1747,P_1-1-pt_7573,64.50000000000061
P_1-1-pt_1747,P_1-1-veh_767,59.30000000000057
P_1-1-pt_1747,P_1-1-pt_2013,188.0999999999936
P_1-1-pt_1747,P_1-2_303,55.10000000000051
P_1-1-pt_1747,P_1-2_5543,38.400000000000276
P_1-1-pt_1747,P_1-1-pt_5167,6936.900000007705
P_2-1_5419,P_1-1-pt_1329,57.90000000000055
P_2-1_5419,P_1-1-pt_3489,58.000000000000554
P_2-1_5419,P_1-1-pt_4879,71.50000000000021
P_2-1_5419,P_1-1-pt_3858,72.80000000000014
P_2-1_5419,P_1-2_250,325.70000000000556
P_2-1_5419,P_1-1-pt_2369,41.40000000000032
P_2-1_5419,P_1-1-pt_2013,43.10000000000034
P_2-1_5419,P_1-1-pt_7573,19.300000000000004
P_2-1_5419,P_1-1-veh_767,26.400000000000105
P_2-1_5419,P_1-2_303,36.10000000000024
P_2-1_5419,P_1-1-pt_2162,58.100000000000556
P_2-1_5419,P_1-1-pt_5666,8.499999999999986
P_2-1_5419,P_1-1-pt_3409,75.79999999999997
P_2-1_5419,P_1-1-pt_6413,907.2000000001377
P_2-1_5419,P_1-1-pt_1473,35.40000000000023
P_2-1_5419,P_1-1-pt_7863,52.30000000000047
P_2-1_5419,P_1-1-pt_8545,50.400000000000446
P_2-1_5419,P_1-1-pt_5193,50.400000000000446
P_2-1_5419,P_1-1-pt_8728,276.6999999999944
P_2-1_5419,P_1-1-pt_7325,52.500000000000476
P_1-2_3608,P_1-2_4753,26.300000000000104
P_1-2_3608,P_1-3_2043,26.200000000000102
P_1-2_3608,P_1-2_638,28.400000000000134
P_1-2_3608,P_1-3_743,512.800000000048
P_1-2_3608,P_1-3_2599,26.300000000000104
P_1-2_3608,P_1-2_5745,26.400000000000105
P_1-2_3608,P_1-1-pt_8735,4.000000000000002
P_1-2_3608,P_1-2_4266,26.200000000000102
P_1-2_3608,P_1-3_1535,25.40000000000009
P_1-2_3608,P_1-2_609,45.90000000000038
P_1-2_3608,P_1-1-veh_246,283.1999999999959
P_1-2_3608,P_1-2_2598,11.299999999999976
P_1-2_3608,P_1-1-pt_1173,2096.6999999991885
P_1-2_5092,P_1-1-pt_8968,55.50000000000052
P_1-2_5092,P_1-1-veh_824,53.40000000000049
P_1-2_5092,P_1-3_5451,1000.1000000001588
P_1-2_5092,P_1-3_5354,55.00000000000051
P_1-2_5092,P_1-3_4587,103.59999999999839
P_1-2_5092,P_1-1-pt_6516,10.899999999999977
P_1-2_5092,P_1-2_4955,44.40000000000036
P_1-2_5092,P_1-2_2061,45.300000000000374
P_1-2_5092,P_1-3_2076,109.39999999999806
P_1-2_5092,P_1-1-pt_4785,26.70000000000011
P_1-2_5092,P_1-2_5020,55.60000000000052
P_1-2_5092,P_1-2_3378,111.39999999999795
P_1-2_5092,P_1-2_3077,111.39999999999795
P_1-2_5092,P_1-3_2180,55.00000000000051
P_1-1-pt_7440,P_1-2_4249,698.5000000000903
P_1-1-pt_7440,P_1-1-pt_6673,56.600000000000534
P_1-1-pt_7440,P_1-1-pt_5139,102.79999999999843
P_1-1-pt_7440,P_1-1-pt_4380,55.70000000000052
P_1-1-pt_7440,P_1-1-pt_2431,50.300000000000445
P_1-1-pt_7440,P_1-1-pt_2863,53.900000000000496
P_1-1-pt_841,P_2-1_842,129.59999999999692
P_1-1-pt_841,P_1-2_5927,10.499999999999979
P_1-1-pt_841,P_1-1-pt_2425,105.29999999999829
P_1-1-pt_841,P_1-2_1285,108.6999999999981
P_1-1-pt_841,P_1-3_5451,99.09999999999864
P_1-1-pt_841,P_1-3_1140,109.39999999999806
P_1-1-pt_841,P_1-2_2653,29.400000000000148
P_1-1-pt_841,P_1-2_4955,112.2999999999979
P_1-1-pt_841,P_1-2_2061,107.59999999999816
P_1-1-pt_841,P_1-1-pt_8085,1727.0999999995247
P_1-3_2881,P_1-1-pt_530,48.60000000000042
P_1-3_2881,P_1-2_5252,53.200000000000486
P_1-3_2881,P_1-3_5117,53.900000000000496
P_1-3_2881,P_1-2_2183,53.60000000000049
P_1-3_2881,P_1-3_5537,53.900000000000496
P_1-1-pt_8982,P_1-1-pt_3931,58.100000000000556
P_1-1-pt_8982,P_2-1_6236,32.700000000000195
P_1-1-pt_8982,P_1-2_1948,8.499999999999986
P_1-1-pt_8982,P_1-3_5550,8.199999999999987
P_1-1-pt_8982,P_2-1_5799,33.3000000000002
P_1-1-pt_8982,P_1-3_4492,8.399999999999986
P_1-1-pt_8982,P_1-3_2528,8.399999999999986
P_1-1-pt_8982,P_1-1-pt_3353,58.20000000000056
P_1-1-pt_8982,P_2-1_2911,4.899999999999999
P_1-1-pt_8982,P_1-1-pt_2425,28.400000000000134
P_1-1-pt_8982,P_1-2_1285,19.200000000000003
P_1-1-pt_8982,P_2-1_842,63.30000000000063
P_1-1-pt_8982,P_1-3_5451,40.500000000000306
P_1-1-pt_8982,P_2-1_5552,14.699999999999964
P_1-2_2512,P_1-1-pt_4595,550.0000000000565
P_1-2_2512,P_1-2_3693,53.70000000000049
P_1-2_2512,P_1-3_2643,52.80000000000048
P_1-2_2512,P_1-1-pt_654,58.20000000000056
P_1-2_2512,P_1-2_2613,117.99999999999757
P_1-2_2512,P_1-2_3386,166.69999999999482
P_1-2_2512,P_1-3_2985,68.50000000000038
P_1-2_4206,P_1-2_4734,225.29999999999148
P_1-2_4206,P_1-3_1500,1141.800000000057
P_1-2_4206,P_1-3_3901,224.19999999999155
P_1-2_4206,P_1-2_1420,224.39999999999154
P_1-2_4206,P_1-3_228,224.09999999999155
P_1-2_4206,P_1-3_3776,224.49999999999153
P_1-2_4206,P_2-1_2161,223.89999999999156
P_1-2_4206,P_1-3_874,111.79999999999792
P_1-2_4206,P_1-3_2454,111.99999999999791
P_1-2_4206,P_1-3_3834,111.79999999999792
P_1-2_4206,P_1-2_3280,112.0999999999979
P_1-2_4206,P_1-3_3046,112.39999999999789
P_1-2_4206,P_1-3_3457,112.0999999999979
P_1-2_4206,P_1-3_4168,56.000000000000526
P_1-2_4206,P_1-3_2053,56.50000000000053
P_1-2_5640,P_1-1-pt_8545,482.5000000000412
P_1-2_5640,P_2-1_2045,53.40000000000049
P_1-2_5640,P_1-3_4875,55.60000000000052
P_1-2_5640,P_1-2_568,69.80000000000031
P_1-2_5640,P_1-3_3410,53.200000000000486
P_1-2_5640,P_1-1-pt_5241,481.600000000041
P_1-2_5640,P_1-1-pt_2952,67.30000000000045
P_1-2_5640,P_1-1-veh_5,57.50000000000055
P_1-2_5640,P_1-2_1066,242.5999999999905
P_1-2_5640,P_1-2_3286,218.0999999999919
P_1-2_5640,P_1-2_3835,283.89999999999606
P_1-1-pt_5392,P_1-2_3386,6.399999999999993
P_1-1-pt_5392,P_1-2_3693,159.09999999999525
P_1-1-pt_5392,P_1-1-pt_1121,21.10000000000003
P_1-1-pt_5392,P_1-1-pt_2808,47.600000000000406
P_1-1-pt_5392,P_1-2_2702,724.7000000000962
P_1-1-pt_5392,P_1-1-pt_1238,58.50000000000056
P_1-1-pt_5392,P_1-1-pt_1138,110.99999999999797
P_1-1-pt_5392,P_1-1-pt_8762,110.499999999998
P_1-1-pt_5392,P_1-3_2985,76.29999999999994
P_1-2_2564,P_1-2_1559,3121.5999999982564
P_1-2_2564,P_1-2_3693,195.39999999999318
P_1-2_2564,P_1-2_1017,56.40000000000053
P_1-1-pt_2342,P_1-3_5020,57.20000000000054
P_1-1-pt_2342,P_1-1-pt_2425,250.49999999999005
P_1-1-pt_2342,P_2-1_2987,57.50000000000055
P_1-1-pt_2342,P_1-2_1285,86.89999999999934
P_1-1-pt_2342,P_1-1-veh_824,49.50000000000043
P_1-1-pt_2342,P_2-1_2293,186.79999999999367
P_1-1-pt_2342,P_1-2_4715,230.99999999999116
P_1-1-pt_2342,P_1-2_2653,29.000000000000142
P_1-1-pt_2342,P_1-1-pt_3800,200.3999999999929
P_1-2_2183,P_1-1-pt_7938,11.599999999999975
P_1-2_2183,P_1-2_1640,52.90000000000048
P_1-2_2183,P_1-2_5641,53.40000000000049
P_1-2_2183,P_1-2_2598,53.40000000000049
P_1-2_2183,P_1-2_4098,53.50000000000049
P_1-2_2183,P_1-2_1025,53.40000000000049
P_1-2_2183,P_1-3_547,53.40000000000049
P_1-2_2183,P_1-1-pt_2718,50.90000000000045
P_1-2_2183,P_1-3_2881,53.60000000000049
P_1-2_2183,P_1-1-veh_603,53.50000000000049
P_1-2_2183,P_1-2_1600,53.60000000000049
P_1-2_2183,P_1-1-pt_6309,50.90000000000045
P_1-2_2183,P_1-1-pt_8692,51.100000000000456
P_1-2_2183,P_1-1-veh_459,53.900000000000496
P_1-2_2183,P_1-1-pt_8611,50.80000000000045
P_1-2_2183,P_1-1-pt_5997,50.80000000000045
P_1-2_2183,P_1-1-pt_394,50.90000000000045
P_1-2_2183,P_1-1-pt_4541,50.90000000000045
P_1-2_2183,P_1-3_4124,53.200000000000486
P_1-2_2183,P_1-3_2421,53.30000000000049
P_1-2_2183,P_1-1-pt_725,50.90000000000045
P_1-1-pt_8545,P_1-2_5640,482.5000000000412
P_1-1-pt_8545,P_1-2_3575,1666.5999999995797
P_1-1-pt_8545,P_1-1-pt_6368,54.600000000000506
P_1-1-pt_8545,P_1-2_3052,56.80000000000054
P_1-1-pt_8545,P_1-2_3386,666.1000000000829
P_1-1-pt_8545,P_1-1-pt_2606,60.200000000000585
P_1-1-pt_8545,P_1-3_1737,179.69999999999408
P_1-1-pt_8545,P_1-1-pt_1238,61.500000000000604
P_1-1-pt_8545,P_1-1-pt_3916,60.900000000000595
P_1-1-pt_8545,P_1-1-pt_7325,125.09999999999717
P_1-1-pt_8545,P_1-1-pt_1226,61.500000000000604
P_1-1-pt_8545,P_1-1-pt_3624,57.90000000000055
P_1-1-pt_8545,P_1-1-pt_1304,56.40000000000053
P_1-1-pt_8545,P_1-1-veh_105,106.09999999999825
P_1-1-pt_8545,P_2-1_3764,56.30000000000053
P_1-1-pt_8545,P_2-1_2925,56.700000000000536
P_1-1-pt_8545,P_1-1-veh_792,136.59999999999653
P_1-1-pt_8545,P_1-1-pt_8137,82.09999999999961
P_1-1-pt_8545,P_2-1_63,86.89999999999934
P_1-1-pt_8545,P_1-2_1612,85.6999999999994
P_1-1-pt_8545,P_1-1-pt_6453,56.600000000000534
P_1-1-pt_8545,P_1-3_3245,51.40000000000046
P_1-1-pt_8545,P_2-1_5419,50.400000000000446
P_1-1-pt_8545,P_1-1-pt_8728,53.30000000000049
P_1-1-pt_8545,P_1-2_4483,44.90000000000037
P_1-1-pt_8545,P_1-1-pt_5193,1888.6999999993777
P_1-2_4955,P_1-2_2061,23.500000000000064
P_1-2_4955,P_1-2_5020,36.00000000000024
P_1-2_4955,P_1-2_2422,40.60000000000031
P_1-2_4955,P_1-2_5092,44.40000000000036
P_1-2_4955,P_1-3_5354,51.20000000000046
P_1-2_4955,P_1-1-pt_6516,53.200000000000486
P_1-2_4955,P_1-3_4587,51.60000000000046
P_1-2_4955,P_2-1_4930,253.1999999999899
P_1-2_4955,P_1-2_5927,73.10000000000012
P_1-2_4955,P_1-1-pt_3800,10.899999999999977
P_1-2_4955,P_1-2_3214,36.00000000000024
P_1-2_4955,P_1-2_4715,35.10000000000023
P_1-2_4955,P_1-2_2653,40.0000000000003
P_1-2_4955,P_1-1-pt_2770,26.600000000000108
P_1-2_4955,P_1-1-pt_6355,28.300000000000132
P_1-2_4955,P_1-2_4454,36.200000000000244
P_1-2_4955,P_1-2_3590,35.70000000000024
P_1-2_4955,P_1-1-pt_841,112.2999999999979
P_1-2_4955,P_1-1-pt_8085,111.19999999999796
P_2-1_5001,P_2-1_3601,228.19999999999132
P_2-1_5001,P_2-1_2486,632.0000000000751
P_2-1_4331,P_2-1_5435,876.8000000001308
P_2-1_4331,P_1-2_2229,828.0000000001197
P_2-1_4331,P_1-2_2030,822.5000000001185
P_2-1_4331,P_2-1_3376,822.9000000001186
P_2-1_4331,P_2-1_6256,836.2000000001216
P_2-1_4331,P_1-2_3908,822.3000000001184
P_2-1_4331,P_1-1-pt_7104,709.0000000000927
P_2-1_4331,P_1-2_4886,733.8000000000983
P_2-1_4331,P_1-2_4607,3081.7999999982926
P_1-3_5537,P_1-1-pt_4645,52.00000000000047
P_1-3_5537,P_1-2_1025,40.3000000000003
P_1-3_5537,P_1-3_547,52.80000000000048
P_1-3_5537,P_1-1-pt_2718,50.70000000000045
P_1-3_5537,P_1-3_2881,53.900000000000496
P_1-3_5537,P_1-1-veh_603,53.900000000000496
P_1-3_5537,P_1-2_1600,53.900000000000496
P_1-3_5537,P_1-1-pt_6309,51.50000000000046
P_1-3_5537,P_1-1-pt_8692,51.40000000000046
P_1-3_5537,P_1-1-veh_459,53.900000000000496
P_1-3_5537,P_1-1-pt_8611,50.90000000000045
P_1-3_5537,P_1-1-pt_5997,51.100000000000456
P_1-3_5537,P_1-1-pt_394,51.20000000000046
P_1-3_5537,P_1-1-pt_4541,50.80000000000045
P_1-3_5537,P_1-3_4124,53.00000000000048
P_1-3_5537,P_1-3_2421,53.200000000000486
P_1-3_5537,P_1-1-pt_725,50.50000000000045
P_1-3_5537,P_1-2_104,33.60000000000021
P_1-2_5753,P_1-1-pt_8289,281.8999999999956
P_1-2_5753,P_1-1-pt_8184,362.800000000014
P_1-2_5753,P_1-1-veh_834,261.699999999991
P_1-2_5753,P_1-1-veh_530,62.50000000000062
P_1-2_5753,P_1-1-pt_1723,97.29999999999875
P_1-2_5753,P_1-3_2599,55.80000000000052
P_1-2_5753,P_1-2_5745,55.80000000000052
P_1-2_5753,P_1-1-pt_8735,55.40000000000052
P_1-2_5753,P_1-2_4266,55.80000000000052
P_1-2_5753,P_1-1-pt_182,55.300000000000516
P_1-2_5753,P_1-3_4289,55.70000000000052
P_1-2_5753,P_1-3_3076,754.0000000001029
P_1-2_5753,P_1-3_743,55.60000000000052
P_1-1-veh_767,P_1-1-pt_1560,29.900000000000155
P_1-1-veh_767,P_1-1-pt_1121,20.200000000000017
P_1-1-veh_767,P_1-1-pt_5199,375.40000000001686
P_1-1-veh_767,P_1-1-pt_3409,8.599999999999985
P_1-1-veh_767,P_1-1-pt_3624,8.499999999999986
P_1-1-veh_767,P_2-1_3764,11.699999999999974
P_1-1-veh_767,P_2-1_2925,11.399999999999975
P_1-1-veh_767,P_2-1_63,11.899999999999974
P_1-1-veh_767,P_1-2_1612,11.899999999999974
P_1-1-veh_767,P_1-1-pt_6453,14.099999999999966
P_1-1-veh_767,P_1-1-pt_5666,55.40000000000052
P_1-1-veh_767,P_1-3_3245,27.100000000000115
P_1-1-veh_767,P_2-1_5419,26.400000000000105
P_1-1-veh_767,P_1-1-pt_8728,4.999999999999998
P_1-1-veh_767,P_1-2_4483,11.899999999999974
P_1-1-veh_767,P_1-1-pt_2880,54.500000000000504
P_1-1-veh_767,P_1-1-pt_6743,54.90000000000051
P_1-1-veh_767,P_1-1-pt_8280,56.000000000000526
P_1-1-veh_767,P_1-1-pt_2369,10.19999999999998
P_1-1-veh_767,P_1-1-pt_2013,26.300000000000104
P_1-1-veh_767,P_1-1-pt_7573,582.6000000000639
P_1-1-veh_767,P_1-1-pt_3207,882.8000000001322
P_1-1-veh_767,P_1-1-pt_521,57.00000000000054
P_1-1-veh_767,P_1-1-pt_6974,156.3999999999954
P_1-1-veh_767,P_1-1-pt_5167,59.10000000000057
P_1-1-veh_767,P_1-1-pt_1747,59.30000000000057
P_1-1-veh_767,P_1-2_5543,55.10000000000051
P_1-1-veh_767,P_1-1-pt_3671,55.80000000000052
P_1-1-veh_767,P_2-1_1878,86.29999999999937
P_1-1-veh_767,P_1-3_3339,72.60000000000015
P_1-1-veh_767,P_1-1-pt_7915,177.99999999999417
P_1-2_4853,P_1-3_268,250.79999999999004
P_1-2_4853,P_1-2_2180,54.2000000000005
P_1-2_4853,P_1-2_3879,61.0000000000006
P_1-2_4853,P_1-3_4262,53.30000000000049
P_1-2_4853,P_2-1_1463,57.10000000000054
P_1-2_4853,P_2-1_4788,72.70000000000014
P_1-2_4853,P_2-1_499,66.60000000000049
P_1-2_4853,P_2-1_804,58.30000000000056
P_1-2_4853,P_2-1_213,63.000000000000625
P_1-2_4853,P_1-2_4065,39.100000000000286
P_1-3_1785,P_1-3_3046,53.200000000000486
P_1-3_1785,P_1-3_3457,53.30000000000049
P_1-3_1785,P_1-1-veh_234,53.30000000000049
P_1-3_1785,P_1-1-pt_2606,35.80000000000024
P_1-3_1785,P_1-1-pt_3067,55.40000000000052
P_1-3_1785,P_1-1-pt_7142,49.90000000000044
P_1-3_1785,P_1-1-pt_6538,50.90000000000045
P_1-3_1785,P_1-1-pt_8682,50.90000000000045
P_1-3_1785,P_1-2_4464,20.200000000000017
P_1-3_1785,P_1-2_3389,53.70000000000049
P_1-3_1785,P_1-1-pt_1714,55.50000000000052
P_1-3_1785,P_1-2_2287,55.900000000000524
P_1-3_1785,P_1-2_4771,112.0999999999979
P_1-3_1785,P_1-1-pt_3629,112.39999999999789
P_1-3_1785,P_1-2_3081,56.000000000000526
P_1-3_1785,P_1-2_5951,55.80000000000052
P_1-3_1785,P_1-1-pt_560,51.60000000000046
P_1-3_1785,P_1-3_4690,1.2
P_1-3_2323,P_1-3_4168,53.200000000000486
P_1-3_2323,P_1-1-pt_7080,50.70000000000045
P_1-3_2323,P_1-1-veh_792,111.59999999999793
P_1-3_2323,P_1-1-pt_7208,22.800000000000054
P_1-3_2323,P_1-2_1203,106.8999999999982
P_1-3_2323,P_1-3_3494,53.200000000000486
P_1-3_2323,P_1-1-pt_6779,60.40000000000059
P_1-3_2323,P_1-1-veh_105,75.49999999999999
P_1-3_2323,P_1-2_2554,52.60000000000048
P_1-3_2323,P_1-1-pt_7760,60.50000000000059
P_1-3_2323,P_1-1-pt_6273,184.6999999999938
P_1-3_2323,P_1-3_403,82.59999999999958
P_1-3_2323,P_1-3_2955,51.000000000000455
P_1-3_2323,P_1-3_528,4.100000000000001
P_1-3_2323,P_1-1-pt_7142,104.69999999999833
P_2-1_4127,P_2-1_1248,45.00000000000037
P_2-1_4127,P_1-2_5518,45.00000000000037
P_2-1_4127,P_1-2_1063,45.00000000000037
P_2-1_4127,P_1-2_168,45.20000000000037
P_2-1_4127,P_1-2_3708,54.3000000000005
P_2-1_4127,P_1-1-pt_4875,49.600000000000435
P_2-1_4127,P_1-3_3759,77.99999999999984
P_1-2_3575,P_1-1-pt_8545,1666.5999999995797
P_1-2_3575,P_1-2_2613,2096.6999999991885
P_1-2_3575,P_1-1-pt_1966,62.200000000000614
P_1-2_3575,P_1-2_3386,90.39999999999914
P_1-2_3575,P_1-3_2985,74.00000000000007
P_1-2_3575,P_1-2_1990,101.29999999999852
P_1-2_3575,P_1-1-veh_602,72.80000000000014
P_1-3_528,P_1-1-pt_5666,8.599999999999985
P_1-3_528,P_1-1-veh_610,27.40000000000012
P_1-3_528,P_1-1-pt_3067,80.29999999999971
P_1-3_528,P_1-1-pt_2606,437.80000000003105
P_1-3_528,P_1-2_303,53.30000000000049
P_1-3_528,P_1-1-veh_792,53.50000000000049
P_1-3_528,P_1-1-pt_6273,99.39999999999863
P_1-3_528,P_1-1-veh_105,53.30000000000049
P_1-3_528,P_1-2_1203,53.800000000000495
P_1-3_528,P_1-2_2554,53.70000000000049
P_1-3_528,P_1-1-pt_7760,5.999999999999995
P_1-3_528,P_1-3_403,83.59999999999953
P_1-3_528,P_1-3_2955,53.60000000000049
P_1-3_528,P_1-3_2323,4.100000000000001
P_1-3_528,P_1-3_3759,169.39999999999466
P_1-3_528,P_1-3_3494,19.500000000000007
P_1-3_528,P_1-1-pt_7142,95.29999999999886
P_1-3_3759,P_1-3_2643,53.100000000000485
P_1-3_3759,P_1-1-pt_2808,50.400000000000446
P_1-3_3759,P_1-2_2702,42.20000000000033
P_1-3_3759,P_1-3_528,169.39999999999466
P_1-3_3759,P_1-3_3494,75.69999999999997
P_1-3_3759,P_1-1-pt_6931,126.39999999999709
P_1-3_3759,P_2-1_4127,77.99999999999984
P_1-2_3386,P_1-1-pt_5392,6.399999999999993
P_1-2_3386,P_1-1-pt_8545,666.1000000000829
P_1-2_3386,P_1-1-pt_1966,51.60000000000046
P_1-2_3386,P_1-2_3575,90.39999999999914
P_1-2_3386,P_1-3_2985,55.50000000000052
P_1-2_3386,P_1-2_2512,166.69999999999482
P_1-2_3386,P_1-2_1990,51.800000000000466
P_1-2_3280,P_1-1-pt_5078,64.30000000000062
P_1-2_3280,P_1-1-veh_234,55.00000000000051
P_1-2_3280,P_1-1-pt_7142,50.50000000000045
P_1-2_3280,P_1-1-pt_6538,50.90000000000045
P_1-2_3280,P_1-1-pt_8682,50.90000000000045
P_1-2_3280,P_1-3_3579,55.60000000000052
P_1-2_3280,P_1-2_3389,53.40000000000049
P_1-2_3280,P_1-3_874,61.90000000000061
P_1-2_3280,P_1-2_4734,112.1999999999979
P_1-2_3280,P_1-3_2454,56.10000000000053
P_1-2_3280,P_1-2_4206,112.0999999999979
P_1-2_3280,P_1-3_1500,111.59999999999793
P_1-2_3280,P_1-3_3901,111.69999999999793
P_1-2_3280,P_1-2_1420,56.10000000000053
P_1-2_3280,P_1-3_228,64.00000000000064
P_1-2_3280,P_1-3_3834,56.000000000000526
P_1-2_3280,P_1-3_3776,56.30000000000053
P_1-2_3280,P_2-1_2161,56.20000000000053
P_1-2_3280,P_1-3_3046,56.30000000000053
P_1-2_3280,P_1-3_3457,56.10000000000053
P_1-2_3280,P_1-3_4168,56.20000000000053
P_1-2_3280,P_1-3_2053,55.900000000000524
P_1-2_593,P_1-2_5943,1.9000000000000006
P_1-2_593,P_1-1-pt_4645,206.89999999999253
P_1-2_593,P_1-1-pt_5481,148.39999999999586
P_1-2_593,P_1-2_1219,34.30000000000022
P_1-1-pt_4996,P_1-1-veh_610,64.90000000000059
P_1-1-pt_4996,P_1-1-pt_761,123.59999999999725
P_1-1-pt_4996,P_1-1-pt_3097,126.2999999999971
P_1-1-pt_4996,P_1-1-pt_2834,163.299999999995
P_1-1-pt_4996,P_1-1-pt_6297,63.600000000000634
P_1-1-pt_4996,P_1-1-pt_5199,127.89999999999701
P_1-1-pt_4996,P_1-2_2875,55.60000000000052
P_1-1-pt_4996,P_1-1-pt_6931,64.6000000000006
P_1-1-pt_4996,P_1-1-pt_3067,62.10000000000061
P_1-1-pt_4996,P_1-1-pt_530,64.6000000000006
P_1-1-pt_4996,P_1-1-pt_776,72.50000000000016
P_1-1-pt_4996,P_1-1-pt_1296,36.70000000000025
P_1-1-pt_4996,P_1-1-pt_494,1035.200000000154
P_1-1-pt_4996,P_1-1-pt_6453,29.700000000000152
P_1-1-pt_4996,P_1-3_3245,26.70000000000011
P_1-1-pt_4996,P_1-1-pt_2162,122.59999999999731
P_1-1-pt_4996,P_1-1-pt_6413,36.00000000000024
P_1-1-pt_4996,P_1-1-pt_297,321.9000000000047
P_1-1-pt_4996,P_1-1-pt_6176,64.20000000000063
P_1-1-pt_4996,P_1-1-pt_1270,18.39999999999999
P_1-2_1600,P_1-1-pt_530,48.80000000000042
P_1-2_1600,P_1-2_5252,53.200000000000486
P_1-2_1600,P_1-3_2280,9.099999999999984
P_1-2_1600,P_1-3_5117,53.200000000000486
P_1-2_1600,P_1-2_2183,53.60000000000049
P_1-2_1600,P_1-3_5537,53.900000000000496
P_1-2_1600,P_1-1-pt_6309,6819.000000007276
P_1-2_1600,P_1-1-veh_603,5454.00000000231
P_1-1-pt_2162,P_1-1-pt_1108,93.89999999999894
P_1-1-pt_2162,P_1-1-pt_8247,59.30000000000057
P_1-1-pt_2162,P_1-1-pt_3275,48.00000000000041
P_1-1-pt_2162,P_1-1-pt_1560,49.80000000000044
P_1-1-pt_2162,P_1-1-pt_1966,61.80000000000061
P_1-1-pt_2162,P_1-2_2875,72.00000000000018
P_1-1-pt_2162,P_1-1-pt_5906,62.60000000000062
P_1-1-pt_2162,P_1-1-pt_1238,62.80000000000062
P_1-1-pt_2162,P_1-1-pt_3916,61.70000000000061
P_1-1-pt_2162,P_1-1-pt_1226,61.70000000000061
P_1-1-pt_2162,P_1-1-pt_3409,115.89999999999769
P_1-1-pt_2162,P_1-1-veh_792,78.39999999999982
P_1-1-pt_2162,P_1-1-pt_3624,92.09999999999904
P_1-1-pt_2162,P_2-1_3764,57.80000000000055
P_1-1-pt_2162,P_2-1_2925,57.400000000000546
P_1-1-pt_2162,P_2-1_63,65.20000000000057
P_1-1-pt_2162,P_1-2_1612,57.50000000000055
P_1-1-pt_2162,P_1-1-pt_6453,58.800000000000566
P_1-1-pt_2162,P_1-3_3245,56.80000000000054
P_1-1-pt_2162,P_1-1-pt_4996,122.59999999999731
P_1-1-pt_2162,P_1-1-pt_6413,61.600000000000605
P_1-1-pt_2162,P_2-1_5419,58.100000000000556
P_1-1-pt_2162,P_1-1-pt_494,5234.700000001512
P_1-1-pt_2162,P_1-1-pt_8728,58.30000000000056
P_1-1-pt_2162,P_1-2_4483,57.90000000000055
P_1-1-pt_2162,P_1-1-pt_1270,50.10000000000044
P_1-1-pt_2162,P_1-1-pt_7863,16.19999999999996
P_1-1-pt_4671,P_1-1-pt_3927,58.100000000000556
P_1-1-pt_4671,P_1-1-pt_1298,57.80000000000055
P_1-1-pt_4671,P_1-1-pt_1270,116.49999999999766
P_1-1-pt_4671,P_1-1-pt_5897,120.9999999999974
P_1-1-pt_4671,P_1-1-pt_4919,45.60000000000038
P_1-1-pt_4671,P_1-1-pt_1304,46.800000000000395
P_1-1-pt_4671,P_1-1-pt_3275,64.10000000000063
P_1-1-pt_4671,P_1-1-pt_1560,63.700000000000635
P_1-1-pt_4671,P_1-1-pt_1966,61.3000000000006
P_1-1-pt_4671,P_1-1-pt_5906,61.70000000000061
P_1-1-pt_4671,P_1-1-pt_1238,61.4000000000006
P_1-1-pt_4671,P_1-1-pt_3916,61.80000000000061
P_1-1-pt_4671,P_1-1-pt_1108,56.40000000000053
P_1-1-pt_4671,P_1-1-pt_1226,61.80000000000061
P_1-1-pt_4671,P_1-1-pt_3409,382.2000000000184
P_1-1-pt_4671,P_1-1-pt_3624,58.30000000000056
P_1-1-pt_4671,P_1-1-pt_3769,177.4999999999942
P_1-1-pt_4671,P_1-1-veh_792,180.49999999999403
P_1-1-pt_4671,P_2-1_3764,54.80000000000051
P_1-1-pt_4671,P_2-1_2925,54.4000000000005
P_1-1-pt_4671,P_1-1-pt_1473,71.7000000000002
P_1-1-pt_4671,P_1-1-pt_6297,62.50000000000062
P_1-1-pt_4671,P_1-1-pt_6031,62.50000000000062
P_1-1-pt_4671,P_1-1-pt_7080,33.0000000000002
P_1-2_1066,P_1-1-pt_6031,4.5
P_1-2_1066,P_1-1-pt_4715,57.50000000000055
P_1-2_1066,P_1-2_5640,242.5999999999905
P_1-1-pt_6931,P_1-3_2955,683.3000000000868
P_1-1-pt_6931,P_1-1-pt_4996,64.6000000000006
P_1-1-pt_6931,P_1-1-pt_3386,66.30000000000051
P_1-1-pt_6931,P_1-1-pt_3067,101.5999999999985
P_1-1-pt_6931,P_1-1-pt_776,83.09999999999955
P_1-1-pt_6931,P_1-2_303,239.69999999999067
P_1-1-pt_6931,P_1-1-pt_1226,72.00000000000018
P_1-1-pt_6931,P_1-1-pt_5199,94.89999999999888
P_1-1-pt_6931,P_1-1-pt_7080,45.70000000000038
P_1-1-pt_6931,P_1-3_4690,357.30000000001274
P_1-1-pt_6931,P_1-1-pt_1473,62.00000000000061
P_1-1-pt_6931,P_2-1_2136,64.30000000000062
P_1-1-pt_6931,P_1-1-veh_65,57.300000000000544
P_1-1-pt_6931,P_1-1-pt_2529,58.30000000000056
P_1-1-pt_6931,P_1-1-pt_8830,55.00000000000051
P_1-1-pt_6931,P_1-3_3759,126.39999999999709
P_1-1-pt_2844,P_1-2_5927,16.29999999999996
P_1-1-pt_2844,P_1-2_4715,11.499999999999975
P_1-1-pt_2844,P_1-2_2653,10.799999999999978
P_1-1-pt_2844,P_2-1_5067,13.899999999999967
P_1-1-pt_2844,P_1-2_1658,70.30000000000028
P_1-1-pt_2844,P_1-1-pt_1601,58.100000000000556
P_1-1-pt_2844,P_1-1-pt_7938,1619.2999999996227
P_1-1-pt_6309,P_1-1-pt_530,44.80000000000037
P_1-1-pt_6309,P_1-2_5252,50.90000000000045
P_1-1-pt_6309,P_1-3_5117,50.80000000000045
P_1-1-pt_6309,P_1-2_2183,50.90000000000045
P_1-1-pt_6309,P_1-3_5537,51.50000000000046
P_1-1-pt_6309,P_1-2_1600,6819.000000007276
P_1-1-pt_6309,P_1-1-veh_603,2455.499999998862
P_1-3_2955,P_1-1-pt_6931,683.3000000000868
P_1-3_2955,P_1-1-pt_530,75.2
P_1-3_2955,P_1-2_2875,73.4000000000001
P_1-3_2955,P_1-1-pt_3386,60.200000000000585
P_1-3_2955,P_1-1-pt_3067,117.3999999999976
P_1-3_2955,P_1-2_2702,38.90000000000028
P_1-3_2955,P_1-3_2323,51.000000000000455
P_1-3_2955,P_1-3_528,53.60000000000049
P_1-3_2955,P_1-3_3494,89.79999999999917
P_1-3_2955,P_1-3_4690,62.200000000000614
P_1-2_4388,P_1-3_3135,53.50000000000049
P_1-2_4388,P_2-1_3944,103.2999999999984
P_1-1-veh_234,P_1-3_2454,53.100000000000485
P_1-1-veh_234,P_1-1-veh_105,53.50000000000049
P_1-1-veh_234,P_1-3_3834,53.100000000000485
P_1-1-veh_234,P_1-1-pt_2606,133.99999999999667
P_1-1-veh_234,P_1-1-pt_3067,31.100000000000172
P_1-1-veh_234,P_1-3_1785,53.30000000000049
P_1-1-veh_234,P_1-2_2554,54.90000000000051
P_1-1-veh_234,P_1-2_3280,55.00000000000051
P_1-1-veh_234,P_1-3_3046,54.0000000000005
P_1-1-veh_234,P_1-3_3457,54.1000000000005
P_1-1-veh_234,P_1-1-pt_5078,116.09999999999768
P_1-1-veh_234,P_1-1-pt_7208,57.10000000000054
P_1-1-veh_234,P_1-1-pt_1238,52.60000000000048
P_1-1-veh_234,P_1-1-pt_7760,108.5999999999981
P_1-1-veh_234,P_1-1-pt_6538,54.70000000000051
P_1-1-veh_234,P_1-1-pt_7142,114.59999999999776
P_1-1-veh_234,P_1-1-pt_776,26.0000000000001
P_1-1-veh_234,P_1-1-pt_8682,110.89999999999797
P_1-1-veh_234,P_1-2_1596,55.80000000000052
P_1-1-veh_234,P_1-3_2053,53.200000000000486
P_1-1-veh_234,P_1-2_5951,53.30000000000049
P_1-1-veh_234,P_1-1-pt_6297,50.400000000000446
P_1-1-veh_234,P_1-1-pt_5199,180.39999999999404
P_1-1-veh_234,P_1-3_4690,54.90000000000051
P_1-1-veh_234,P_1-1-pt_4901,57.80000000000055
P_1-1-veh_234,P_1-1-pt_7080,116.59999999999765
P_1-1-veh_234,P_1-1-pt_6031,103.89999999999837
P_1-1-veh_234,P_1-2_3389,56.10000000000053
P_1-1-veh_234,P_1-1-pt_1473,50.10000000000044
P_1-1-veh_234,P_1-1-pt_5897,50.20000000000044
P_1-1-veh_234,P_1-2_1255,52.500000000000476
P_1-1-pt_5258,P_1-1-pt_3800,48.00000000000041
P_1-1-pt_5258,P_1-1-pt_7277,58.50000000000056
P_1-1-pt_5258,P_2-1_2293,57.90000000000055
P_1-1-pt_5258,P_1-2_163,57.50000000000055
P_1-1-pt_5258,P_1-1-pt_7948,147.29999999999592
P_1-1-pt_5258,P_2-1_4267,77.29999999999988
P_1-1-pt_5258,P_2-1_3390,46.700000000000394
P_1-3_2278,P_1-1-pt_8247,40.0000000000003
P_1-3_2278,P_1-3_3793,57.50000000000055
P_1-3_2278,P_2-1_6274,111.09999999999796
P_1-1-pt_6031,P_1-2_1066,4.5
P_1-1-pt_6031,P_1-1-pt_1121,61.500000000000604
P_1-1-pt_6031,P_1-1-pt_2606,62.50000000000062
P_1-1-pt_6031,P_1-1-pt_1966,61.2000000000006
P_1-1-pt_6031,P_1-1-pt_2834,39.000000000000284
P_1-1-pt_6031,P_1-1-pt_5906,61.90000000000061
P_1-1-pt_6031,P_1-1-pt_1238,61.600000000000605
P_1-1-pt_6031,P_1-1-pt_3916,82.59999999999958
P_1-1-pt_6031,P_1-1-pt_1226,61.70000000000061
P_1-1-pt_6031,P_1-1-pt_5199,72.00000000000018
P_1-1-pt_6031,P_1-1-veh_234,103.89999999999837
P_1-1-pt_6031,P_1-1-pt_0,99.09999999999864
P_1-1-pt_6031,P_1-1-pt_8068,178.69999999999413
P_1-1-pt_6031,P_2-1_2136,105.59999999999827
P_1-1-pt_6031,P_1-1-veh_65,54.80000000000051
P_1-1-pt_6031,P_1-1-pt_4671,62.50000000000062
P_1-1-pt_6031,P_1-1-pt_4919,61.90000000000061
P_2-1_1248,P_2-1_4127,45.00000000000037
P_2-1_1248,P_2-1_3119,53.40000000000049
P_2-1_1248,P_1-3_4644,56.20000000000053
P_2-1_1248,P_2-1_2486,53.30000000000049
P_2-1_1248,P_2-1_3601,53.200000000000486
P_2-1_1248,P_2-1_600,53.50000000000049
P_2-1_1248,P_1-2_5765,53.30000000000049
P_2-1_1248,P_1-2_5518,6771.200000007102
P_1-1-pt_776,P_1-1-veh_234,26.0000000000001
P_1-1-pt_776,P_1-1-pt_7142,80.19999999999972
P_1-1-pt_776,P_1-1-pt_7760,61.80000000000061
P_1-1-pt_776,P_1-3_2053,57.20000000000054
P_1-1-pt_776,P_1-1-pt_6538,290.99999999999767
P_1-1-pt_776,P_1-1-pt_6297,106.19999999999824
P_1-1-pt_776,P_1-1-pt_5199,71.20000000000023
P_1-1-pt_776,P_1-2_303,105.39999999999829
P_1-1-pt_776,P_1-1-pt_6931,83.09999999999955
P_1-1-pt_776,P_1-1-pt_4996,72.50000000000016
P_1-1-pt_776,P_1-2_2543,57.400000000000546
P_1-1-pt_4262,P_1-1-pt_1747,65.80000000000054
P_1-1-pt_4262,P_1-1-pt_5167,64.10000000000063
P_1-1-pt_4262,P_1-1-pt_3671,323.90000000000515
P_1-1-pt_4262,P_1-1-pt_6743,57.10000000000054
P_1-1-pt_4262,P_1-1-pt_2880,51.800000000000466
P_1-1-pt_4262,P_1-1-pt_521,23.90000000000007
P_1-1-pt_4262,P_1-1-pt_394,94.4999999999989
P_1-1-pt_4262,P_1-1-pt_4541,51.800000000000466
P_1-1-pt_4262,P_1-2_104,53.800000000000495
P_1-1-pt_4262,P_1-1-pt_527,45.300000000000374
P_1-1-pt_4262,P_1-2_4962,49.80000000000044
P_1-1-pt_4262,P_1-2_1715,56.600000000000534
P_1-1-pt_4262,P_1-1-pt_5357,58.20000000000056
P_1-1-pt_4262,P_1-1-veh_152,57.90000000000055
P_1-1-pt_4262,P_1-1-pt_1420,59.30000000000057
P_1-1-pt_4262,P_1-2_2795,56.50000000000053
P_1-1-pt_4262,P_1-1-pt_8247,59.00000000000057
P_1-1-pt_4262,P_1-2_2543,54.500000000000504
P_1-1-pt_4262,P_1-2_671,56.000000000000526
P_1-1-pt_4262,P_1-1-pt_3512,58.20000000000056
P_1-1-pt_4262,P_1-1-pt_1798,61.600000000000605
P_1-1-pt_6673,P_1-1-pt_3858,8.699999999999985
P_1-1-pt_6673,P_1-1-pt_7440,56.600000000000534
P_1-1-pt_6673,P_1-1-pt_1006,49.000000000000426
P_1-1-pt_6673,P_1-2_3702,109.99999999999802
P_1-1-pt_6673,P_1-1-pt_4380,208.9999999999924
P_1-1-pt_6673,P_1-3_1945,198.599999999993
P_1-1-pt_6673,P_1-1-pt_2920,55.900000000000524
P_1-1-pt_6673,P_1-1-pt_5167,10.699999999999978
P_1-1-pt_6673,P_1-1-pt_1747,61.4000000000006
P_1-1-pt_6673,P_1-1-pt_1497,591.0000000000658
P_1-1-pt_6673,P_1-3_1027,64.50000000000061
P_1-1-pt_6673,P_2-1_1724,50.90000000000045
P_1-1-pt_6673,P_1-1-pt_5139,47.90000000000041
P_1-3_3457,P_1-1-veh_105,20.000000000000014
P_1-3_3457,P_1-3_3834,109.69999999999804
P_1-3_3457,P_1-3_1785,53.30000000000049
P_1-3_3457,P_1-2_2554,35.30000000000023
P_1-3_3457,P_1-1-pt_4966,59.90000000000058
P_1-3_3457,P_1-1-veh_234,54.1000000000005
P_1-3_3457,P_1-3_3046,1624.9999999996176
P_1-3_3457,P_1-1-pt_7208,51.60000000000046
P_1-3_3457,P_1-1-pt_1238,56.20000000000053
P_1-3_3457,P_1-1-pt_7142,50.20000000000044
P_1-3_3457,P_1-1-pt_6538,50.90000000000045
P_1-3_3457,P_1-1-pt_8682,51.000000000000455
P_1-3_3457,P_1-2_3389,53.40000000000049
P_1-3_3457,P_1-2_4734,111.89999999999792
P_1-3_3457,P_1-3_2454,56.10000000000053
P_1-3_3457,P_1-2_4206,112.0999999999979
P_1-3_3457,P_1-3_1500,111.99999999999791
P_1-3_3457,P_1-3_3901,62.40000000000062
P_1-3_3457,P_1-2_1420,56.000000000000526
P_1-3_3457,P_1-3_228,55.900000000000524
P_1-3_3457,P_1-3_3776,56.000000000000526
P_1-3_3457,P_2-1_2161,56.10000000000053
P_1-3_3457,P_1-2_3280,56.10000000000053
P_1-3_3457,P_1-3_4168,56.10000000000053
P_1-3_3457,P_1-3_2053,55.900000000000524
P_1-2_2229,P_2-1_3376,829.0000000001199
P_1-2_2229,P_2-1_5435,877.700000000131
P_1-2_2229,P_2-1_4331,828.0000000001197
P_1-2_2229,P_2-1_6256,802.6000000001139
P_1-2_2229,P_1-2_3908,822.1000000001184
P_1-2_2229,P_1-2_4607,767.800000000106
P_1-2_2229,P_1-2_2030,1657.1999999995883
P_1-2_2229,P_1-1-pt_7104,4246.399999997917
P_1-2_2229,P_1-2_4886,5920.000000004005
P_1-3_635,P_2-1_2136,53.200000000000486
P_1-3_635,P_1-1-veh_65,53.200000000000486
P_1-3_635,P_1-2_168,80.4999999999997
P_1-3_635,P_1-1-pt_4875,54.70000000000051
P_1-3_635,P_1-2_3708,53.100000000000485
P_1-3_635,P_1-2_505,27.100000000000115
P_1-3_635,P_1-2_2715,39.9000000000003
P_1-3_635,P_1-1-pt_0,8.099999999999987
P_1-3_635,P_1-3_4666,53.200000000000486
P_1-3_635,P_1-2_4791,57.60000000000055
P_1-3_635,P_1-2_1533,55.900000000000524
P_1-3_635,P_1-3_5578,57.00000000000054
P_1-3_635,P_1-1-pt_1700,53.40000000000049
P_1-2_4753,P_1-3_2043,4809.499999999965
P_1-2_4753,P_1-3_80,5.1999999999999975
P_1-2_4753,P_1-2_3608,26.300000000000104
P_1-2_4753,P_1-3_743,26.300000000000104
P_1-2_4753,P_1-3_2599,25.000000000000085
P_1-2_4753,P_1-2_5745,24.900000000000084
P_1-2_4753,P_1-2_4266,30.30000000000016
P_1-2_4753,P_1-3_1535,25.100000000000087
P_1-3_5475,P_1-1-pt_2863,50.10000000000044
P_1-3_5475,P_1-1-pt_5139,57.90000000000055
P_1-3_5475,P_1-3_2786,174.29999999999438
P_1-3_5475,P_1-1-pt_1006,98.1999999999987
P_1-3_5475,P_2-1_5067,100.29999999999858
P_1-3_5475,P_1-2_1658,78.19999999999983
P_1-3_5475,P_1-3_4881,73.5000000000001
P_1-3_5475,P_1-2_5543,63.000000000000625
P_1-3_5475,P_1-3_4025,57.20000000000054
P_1-3_5475,P_2-1_4267,91.99999999999905
P_1-3_5475,P_2-1_3390,109.69999999999804
P_1-3_5475,P_2-1_600,53.200000000000486
P_1-3_5475,P_1-2_5765,53.40000000000049
P_1-3_5475,P_2-1_1463,53.50000000000049
P_1-3_5475,P_2-1_4788,53.50000000000049
P_1-3_5475,P_2-1_499,53.40000000000049
P_1-3_5475,P_2-1_804,53.30000000000049
P_1-3_5475,P_2-1_213,53.30000000000049
P_1-1-pt_560,P_1-3_874,988.3000000001562
P_1-1-pt_560,P_1-2_3389,16.19999999999996
P_1-1-pt_560,P_1-2_4771,104.19999999999835
P_1-1-pt_560,P_1-1-pt_1714,94.5999999999989
P_1-1-pt_560,P_1-2_2287,52.20000000000047
P_1-1-pt_560,P_1-3_3793,476.60000000003987
P_1-1-pt_560,P_1-3_870,51.700000000000465
P_1-1-pt_560,P_1-1-pt_3629,33.3000000000002
P_1-1-pt_560,P_1-2_3081,51.800000000000466
P_1-1-pt_560,P_1-2_5951,52.00000000000047
P_1-1-pt_560,P_1-3_1785,51.60000000000046
P_1-3_4644,P_2-1_2384,53.50000000000049
P_1-3_4644,P_2-1_1248,56.20000000000053
P_1-3_4644,P_1-2_5518,56.10000000000053
P_1-3_4644,P_1-2_1063,53.50000000000049
P_1-3_4644,P_1-2_168,45.00000000000037
P_1-3_4644,P_1-2_3708,46.000000000000384
P_1-1-pt_494,P_1-2_4208,50.20000000000044
P_1-1-pt_494,P_1-1-pt_3927,295.69999999999874
P_1-1-pt_494,P_1-1-pt_1108,97.79999999999872
P_1-1-pt_494,P_1-1-pt_8247,59.70000000000058
P_1-1-pt_494,P_1-1-pt_3275,47.90000000000041
P_1-1-pt_494,P_1-1-pt_1560,50.20000000000044
P_1-1-pt_494,P_1-1-pt_1966,61.70000000000061
P_1-1-pt_494,P_1-2_2875,71.40000000000022
P_1-1-pt_494,P_1-1-pt_5906,62.60000000000062
P_1-1-pt_494,P_1-1-pt_1238,62.50000000000062
P_1-1-pt_494,P_1-1-pt_3916,61.4000000000006
P_1-1-pt_494,P_1-1-pt_1226,61.80000000000061
P_1-1-pt_494,P_1-1-veh_792,78.19999999999983
P_1-1-pt_494,P_1-1-pt_3409,59.400000000000574
P_1-1-pt_494,P_1-1-pt_3624,77.39999999999988
P_1-1-pt_494,P_1-1-pt_4996,1035.200000000154
P_1-1-pt_494,P_2-1_3764,57.70000000000055
P_1-1-pt_494,P_2-1_2925,57.70000000000055
P_1-1-pt_494,P_2-1_63,57.20000000000054
P_1-1-pt_494,P_1-2_1612,57.50000000000055
P_1-1-pt_494,P_1-1-pt_761,40.2000000000003
P_1-1-pt_494,P_1-1-pt_6453,38.10000000000027
P_1-1-pt_494,P_1-3_3245,37.90000000000027
P_1-1-pt_494,P_1-1-pt_6413,36.00000000000024
P_1-1-pt_494,P_1-1-pt_2162,5234.700000001512
P_1-1-pt_494,P_1-1-pt_297,297.09999999999906
P_2-1_3136,P_2-1_5450,279.5999999999951
P_1-2_573,P_1-3_4954,983.300000000155
P_1-2_573,P_1-3_2018,242.7999999999905
P_1-2_573,P_1-1-pt_5241,50.60000000000045
P_1-2_573,P_1-2_4634,120.59999999999742
P_1-2_573,P_1-3_4775,110.79999999999798
P_1-2_573,P_1-3_2410,55.40000000000052
P_1-2_573,P_1-3_3253,113.9999999999978
P_1-2_573,P_1-3_2633,119.69999999999747
P_1-2_573,P_1-2_3693,109.79999999999804
P_1-2_573,P_1-3_4875,76.9999999999999
P_1-2_573,P_1-3_3410,62.900000000000624
P_1-2_573,P_1-2_5210,5704.20000000322
P_1-2_163,P_1-2_5927,55.80000000000052
P_1-2_163,P_1-2_752,59.80000000000058
P_1-2_163,P_1-3_3339,66.5000000000005
P_1-2_163,P_1-1-pt_5258,57.50000000000055
P_1-2_163,P_1-3_4253,53.900000000000496
P_1-2_163,P_1-1-pt_7959,52.10000000000047
P_1-2_163,P_2-1_5841,54.0000000000005
P_2-1_2293,P_1-1-pt_7915,46.9000000000004
P_2-1_2293,P_1-1-pt_5258,57.90000000000055
P_2-1_2293,P_1-3_4253,53.30000000000049
P_2-1_2293,P_1-1-pt_7959,51.000000000000455
P_2-1_2293,P_2-1_5841,53.800000000000495
P_2-1_2293,P_1-1-pt_6381,75.2
P_2-1_2293,P_1-1-veh_824,62.900000000000624
P_2-1_2293,P_1-1-pt_2342,186.79999999999367
P_1-2_2030,P_2-1_6256,794.8000000001122
P_1-2_2030,P_2-1_5435,822.7000000001185
P_1-2_2030,P_2-1_4331,822.5000000001185
P_1-2_2030,P_1-2_3908,768.0000000001061
P_1-2_2030,P_1-2_4607,767.3000000001059
P_1-2_2030,P_1-1-pt_7104,835.1000000001213
P_1-2_2030,P_1-2_4886,779.3000000001086
P_1-2_2030,P_1-2_2229,1657.1999999995883
P_1-2_2030,P_2-1_3376,6255.400000005226
P_1-1-veh_65,P_1-3_635,53.200000000000486
P_1-1-veh_65,P_2-1_2136,184.99999999999378
P_1-1-veh_65,P_1-1-pt_4875,67.80000000000042
P_1-1-veh_65,P_1-2_168,62.900000000000624
P_1-1-veh_65,P_1-1-pt_8830,50.50000000000045
P_1-1-veh_65,P_1-2_3708,53.40000000000049
P_1-1-veh_65,P_1-1-pt_7142,184.6999999999938
P_1-1-veh_65,P_1-2_2715,51.000000000000455
P_1-1-veh_65,P_1-1-pt_2529,79.69999999999975
P_1-1-veh_65,P_1-1-pt_6931,57.300000000000544
P_1-1-veh_65,P_1-1-pt_6031,54.80000000000051
P_1-1-veh_65,P_1-1-pt_8068,55.200000000000514
P_1-3_4690,P_1-3_5578,27.200000000000117
P_1-3_4690,P_1-1-pt_8068,50.50000000000045
P_1-3_4690,P_1-1-pt_4966,70.90000000000025
P_1-3_4690,P_1-1-pt_6176,59.10000000000057
P_1-3_4690,P_1-1-pt_297,50.80000000000045
P_1-3_4690,P_1-1-pt_6538,51.50000000000046
P_1-3_4690,P_1-1-pt_4901,50.10000000000044
P_1-3_4690,P_1-1-pt_8682,50.90000000000045
P_1-3_4690,P_1-1-pt_5078,50.90000000000045
P_1-3_4690,P_1-2_1596,55.40000000000052
P_1-3_4690,P_1-1-veh_234,54.90000000000051
P_1-3_4690,P_1-1-pt_7080,50.60000000000045
P_1-3_4690,P_1-1-pt_6931,357.30000000001274
P_1-3_4690,P_1-2_3389,53.40000000000049
P_1-3_4690,P_1-3_2955,62.200000000000614
P_1-3_4690,P_1-1-pt_1714,56.600000000000534
P_1-3_4690,P_1-2_2287,56.600000000000534
P_1-3_4690,P_1-3_2454,56.30000000000053
P_1-3_4690,P_1-3_1785,1.2
P_1-3_4738,P_1-2_3821,734.1000000000984
P_1-3_4738,P_1-2_2580,734.5000000000985
P_1-3_4738,P_1-2_5752,680.2000000000861
P_1-3_4738,P_1-2_3464,680.5000000000862
P_1-3_4738,P_1-2_2797,677.9000000000856
P_1-3_4738,P_2-1_2028,338.90000000000856
P_1-3_4738,P_1-1-veh_837,5739.000000003347
P_1-1-pt_1270,P_1-1-pt_4671,116.49999999999766
P_1-1-pt_1270,P_1-1-pt_5897,47.0000000000004
P_1-1-pt_1270,P_1-1-pt_1304,185.49999999999375
P_1-1-pt_1270,P_1-1-pt_3275,61.2000000000006
P_1-1-pt_1270,P_1-1-pt_1560,61.80000000000061
P_1-1-pt_1270,P_1-1-pt_4919,2663.1999999986733
P_1-1-pt_1270,P_1-1-pt_1966,86.29999999999937
P_1-1-pt_1270,P_1-1-pt_5906,61.1000000000006
P_1-1-pt_1270,P_1-1-pt_1238,61.0000000000006
P_1-1-pt_1270,P_1-1-pt_3916,61.500000000000604
P_1-1-pt_1270,P_1-1-pt_1108,60.70000000000059
P_1-1-pt_1270,P_1-1-pt_1226,61.500000000000604
P_1-1-pt_1270,P_1-1-pt_3624,58.30000000000056
P_1-1-pt_1270,P_1-1-pt_3409,468.500000000038
P_1-1-pt_1270,P_1-1-veh_792,209.99999999999235
P_1-1-pt_1270,P_2-1_3764,56.000000000000526
P_1-1-pt_1270,P_2-1_2925,62.60000000000062
P_1-1-pt_1270,P_2-1_63,54.70000000000051
P_1-1-pt_1270,P_1-2_1612,62.300000000000615
P_1-1-pt_1270,P_1-1-pt_6453,57.60000000000055
P_1-1-pt_1270,P_1-3_3245,57.20000000000054
P_1-1-pt_1270,P_1-1-pt_6413,44.000000000000355
P_1-1-pt_1270,P_1-1-pt_8728,40.80000000000031
P_1-1-pt_1270,P_1-2_4483,41.70000000000032
P_1-1-pt_1270,P_1-1-pt_2162,50.10000000000044
P_1-1-pt_1270,P_1-1-pt_4996,18.39999999999999
P_1-1-pt_3858,P_1-1-pt_6673,8.699999999999985
P_1-1-pt_3858,P_1-1-pt_6355,34.70000000000022
P_1-1-pt_3858,P_1-1-pt_5167,814.4000000001166
P_1-1-pt_3858,P_1-1-pt_1747,1238.7999999999688
P_1-1-pt_3858,P_1-1-pt_521,55.40000000000052
P_1-1-pt_3858,P_1-1-pt_4879,116.29999999999767
P_1-1-pt_3858,P_1-1-pt_6974,587.600000000065
P_1-1-pt_3858,P_1-1-pt_3409,49.10000000000043
P_1-1-pt_3858,P_1-1-pt_2013,57.80000000000055
P_1-1-pt_3858,P_1-1-pt_3624,53.100000000000485
P_1-1-pt_3858,P_1-1-pt_98,321.5000000000046
P_1-1-pt_3858,P_1-1-pt_3671,417.9000000000265
P_1-1-pt_3858,P_1-1-pt_4736,104.29999999999835
P_1-1-pt_3858,P_2-1_63,129.59999999999692
P_1-1-pt_3858,P_1-2_1612,267.99999999999244
P_1-1-pt_3858,P_1-1-pt_2880,510.2000000000475
P_1-1-pt_3858,P_1-2_1255,52.70000000000048
P_1-1-pt_3858,P_1-3_3245,50.300000000000445
P_1-1-pt_3858,P_1-2_250,55.40000000000052
P_1-1-pt_3858,P_2-1_5419,72.80000000000014
P_1-1-pt_3858,P_1-2_4483,94.6999999999989
P_1-1-pt_3858,P_1-1-pt_6743,78.29999999999983
P_1-1-pt_3858,P_1-1-veh_610,55.10000000000051
P_1-1-pt_3858,P_1-1-pt_7915,272.89999999999355
P_1-1-pt_3858,P_1-1-pt_7208,556.500000000058
P_1-1-pt_3858,P_1-1-pt_5999,115.49999999999771
P_1-1-pt_3858,P_1-2_5543,58.40000000000056
P_1-1-pt_3858,P_1-1-pt_3207,64.6000000000006
P_1-1-pt_3858,P_1-1-pt_1497,60.60000000000059
P_1-1-pt_3858,P_1-2_303,54.500000000000504
P_1-2_1640,P_1-3_5117,53.30000000000049
P_1-2_1640,P_1-2_2183,52.90000000000048
P_1-2_1640,P_1-3_4822,53.50000000000049
P_1-2_1640,P_1-2_315,53.40000000000049
P_1-2_1640,P_1-2_1219,53.40000000000049
P_1-2_1640,P_1-2_5437,53.30000000000049
P_1-2_1640,P_1-2_3752,53.30000000000049
P_1-2_1640,P_1-2_4270,53.30000000000049
P_1-2_1640,P_1-1-pt_8611,14.299999999999965
P_1-2_1640,P_1-1-pt_5997,35.30000000000023
P_1-2_1640,P_1-1-pt_394,42.80000000000034
P_1-2_1640,P_1-1-pt_4541,42.90000000000034
P_1-2_1640,P_1-3_4124,36.40000000000025
P_1-2_1640,P_1-3_2421,33.90000000000021
P_1-2_1640,P_1-1-pt_725,38.10000000000027
P_1-2_1640,P_1-2_5641,2661.6999999986747
P_1-2_4715,P_1-2_171,40.400000000000304
P_1-2_4715,P_1-2_4285,51.60000000000046
P_1-2_4715,P_1-1-pt_4380,26.1000000000001
P_1-2_4715,P_1-1-pt_1601,26.1000000000001
P_1-2_4715,P_1-1-pt_2844,11.499999999999975
P_1-2_4715,P_1-1-pt_3931,54.90000000000051
P_1-2_4715,P_2-1_6236,35.80000000000024
P_1-2_4715,P_1-2_1948,35.70000000000024
P_1-2_4715,P_1-3_5550,23.20000000000006
P_1-2_4715,P_2-1_5799,21.20000000000003
P_1-2_4715,P_1-3_4492,26.300000000000104
P_1-2_4715,P_1-3_2528,26.200000000000102
P_1-2_4715,P_1-1-pt_3353,58.20000000000056
P_1-2_4715,P_2-1_2911,25.700000000000095
P_1-2_4715,P_1-1-pt_2425,38.300000000000274
P_1-2_4715,P_1-2_1285,29.60000000000015
P_1-2_4715,P_2-1_842,34.800000000000225
P_1-2_4715,P_1-3_5451,45.00000000000037
P_1-2_4715,P_1-3_1140,21.400000000000034
P_1-2_4715,P_1-2_4955,35.10000000000023
P_1-2_4715,P_1-2_2061,34.800000000000225
P_1-2_4715,P_1-1-pt_2342,230.99999999999116
P_1-2_4715,P_1-1-pt_3800,68.80000000000037
P_1-2_4715,P_2-1_4930,20.100000000000016
P_1-2_752,P_1-3_3339,2943.699999998418
P_1-2_752,P_1-1-pt_5999,105.69999999999827
P_1-2_752,P_1-2_163,59.80000000000058
P_1-2_752,P_2-1_5067,38.70000000000028
P_1-2_752,P_1-2_1658,58.30000000000056
P_1-2_752,P_2-1_1724,106.49999999999822
P_1-2_752,P_2-1_4267,95.29999999999886
P_1-2_752,P_2-1_3390,51.700000000000465
P_1-3_5117,P_1-2_1640,53.30000000000049
P_1-3_5117,P_1-2_5641,53.30000000000049
P_1-3_5117,P_1-2_2598,53.30000000000049
P_1-3_5117,P_1-2_4098,53.40000000000049
P_1-3_5117,P_1-2_1025,53.30000000000049
P_1-3_5117,P_1-3_547,53.30000000000049
P_1-3_5117,P_1-1-pt_2718,51.40000000000046
P_1-3_5117,P_1-3_2881,53.900000000000496
P_1-3_5117,P_1-1-veh_603,53.30000000000049
P_1-3_5117,P_1-2_1600,53.200000000000486
P_1-3_5117,P_1-1-pt_6309,50.80000000000045
P_1-3_5117,P_1-1-pt_8692,50.70000000000045
P_1-3_5117,P_1-1-veh_459,53.200000000000486
P_1-3_5117,P_1-1-pt_8611,50.50000000000045
P_1-3_5117,P_1-1-pt_5997,64.7000000000006
P_1-3_5117,P_1-1-pt_394,50.80000000000045
P_1-3_5117,P_1-1-pt_4541,50.90000000000045
P_1-3_5117,P_1-3_4124,53.100000000000485
P_1-3_5117,P_1-3_2421,53.100000000000485
P_1-3_5117,P_1-1-pt_725,51.000000000000455
P_1-3_5117,P_1-2_171,247.39999999999023
P_1-3_5117,P_1-2_4285,230.2999999999912
P_1-3_17,P_1-1-pt_7142,58.50000000000056
P_1-3_17,P_1-1-pt_6538,147.89999999999588
P_1-3_17,P_1-2_168,6.499999999999993
P_1-3_17,P_1-2_3488,63.40000000000063
P_1-3_17,P_1-2_4464,56.600000000000534
P_1-3_17,P_1-3_3579,55.10000000000051
P_1-1-pt_1108,P_1-1-pt_494,97.79999999999872
P_1-1-pt_1108,P_1-1-pt_2162,93.89999999999894
P_1-1-pt_1108,P_1-1-pt_1560,97.19999999999875
P_1-1-pt_1108,P_1-1-pt_2606,69.50000000000033
P_1-1-pt_1108,P_1-1-pt_1966,60.800000000000594
P_1-1-pt_1108,P_1-1-pt_5906,61.500000000000604
P_1-1-pt_1108,P_1-1-pt_1238,61.70000000000061
P_1-1-pt_1108,P_1-1-pt_3916,61.600000000000605
P_1-1-pt_1108,P_1-1-pt_2834,45.80000000000038
P_1-1-pt_1108,P_1-1-veh_792,76.39999999999993
P_1-1-pt_1108,P_1-1-pt_5897,55.200000000000514
P_1-1-pt_1108,P_1-1-pt_3769,54.600000000000506
P_1-1-pt_1108,P_1-1-pt_4671,56.40000000000053
P_1-1-pt_1108,P_1-1-pt_1270,60.70000000000059
P_1-1-pt_1108,P_1-1-pt_4919,61.3000000000006
P_1-1-pt_1108,P_1-1-pt_1304,121.29999999999738
P_1-1-pt_1108,P_1-1-veh_105,305.00000000000085
P_1-1-pt_1108,P_1-1-pt_1226,764.6000000001053
P_1-1-pt_1108,P_1-1-pt_6779,211.49999999999227
P_1-1-pt_1108,P_1-2_2554,259.4999999999905
P_1-1-pt_1108,P_1-2_1203,352.3000000000116
P_1-1-pt_1108,P_2-1_3764,44.40000000000036
P_1-1-pt_1108,P_2-1_2925,44.50000000000036
P_1-1-pt_1108,P_1-1-pt_8137,60.70000000000059
P_1-1-pt_1108,P_2-1_63,22.700000000000053
P_1-1-pt_1108,P_1-1-pt_6389,24.60000000000008
P_1-1-pt_1560,P_1-1-veh_767,29.900000000000155
P_1-1-pt_1560,P_1-1-pt_7763,356.3000000000125
P_1-1-pt_1560,P_1-1-pt_255,61.1000000000006
P_1-1-pt_1560,P_1-1-pt_1108,97.19999999999875
P_1-1-pt_1560,P_1-1-pt_494,50.20000000000044
P_1-1-pt_1560,P_1-1-pt_2162,49.80000000000044
P_1-1-pt_1560,P_1-1-pt_5897,61.70000000000061
P_1-1-pt_1560,P_1-1-pt_4671,63.700000000000635
P_1-1-pt_1560,P_1-1-pt_1270,61.80000000000061
P_1-1-pt_1560,P_1-1-pt_4919,61.2000000000006
P_1-1-pt_1560,P_1-1-pt_1304,62.40000000000062
P_1-1-pt_1560,P_1-1-pt_7863,61.1000000000006
P_1-1-pt_1560,P_1-2_1017,19.70000000000001
P_1-1-pt_1560,P_1-1-pt_5193,61.600000000000605
P_1-1-pt_1560,P_1-1-pt_7325,62.300000000000615
P_1-1-pt_1560,P_1-1-pt_8137,62.300000000000615
P_1-1-pt_1560,P_1-1-pt_8762,62.40000000000062
P_1-1-pt_1560,P_1-1-pt_1138,63.10000000000063
P_1-1-pt_1560,P_1-1-pt_3275,2077.599999999206
P_1-1-pt_1560,P_1-1-pt_5298,152.09999999999565
P_1-1-pt_1560,P_1-1-pt_7732,91.0999999999991
P_1-1-pt_2606,P_1-1-veh_105,50.90000000000045
P_1-1-pt_2606,P_1-3_3834,57.20000000000054
P_1-1-pt_2606,P_1-1-veh_234,133.99999999999667
P_1-1-pt_2606,P_1-3_1785,35.80000000000024
P_1-1-pt_2606,P_1-1-pt_3067,692.800000000089
P_1-1-pt_2606,P_1-3_528,437.80000000003105
P_1-1-pt_2606,P_1-2_303,53.200000000000486
P_1-1-pt_2606,P_1-1-pt_6031,62.50000000000062
P_1-1-pt_2606,P_1-1-pt_255,61.80000000000061
P_1-1-pt_2606,P_1-1-pt_1108,69.50000000000033
P_1-1-pt_2606,P_1-1-pt_3769,61.0000000000006
P_1-1-pt_2606,P_1-1-pt_8545,60.200000000000585
P_1-1-pt_2606,P_1-3_1737,58.100000000000556
P_1-1-pt_2606,P_1-3_3536,64.7000000000006
P_1-1-pt_2606,P_1-3_5123,45.00000000000037
P_1-1-pt_2606,P_1-1-pt_1121,61.3000000000006
P_1-1-pt_2606,P_1-1-pt_977,1090.100000000104
P_1-1-pt_2606,P_1-2_2875,80.29999999999971
P_1-1-pt_3769,P_1-1-pt_6368,83.59999999999953
P_1-1-pt_3769,P_1-1-pt_2606,61.0000000000006
P_1-1-pt_3769,P_1-1-pt_5906,61.2000000000006
P_1-1-pt_3769,P_1-1-pt_1238,61.80000000000061
P_1-1-pt_3769,P_1-1-pt_3916,63.600000000000634
P_1-1-pt_3769,P_1-1-pt_1108,54.600000000000506
P_1-1-pt_3769,P_1-1-pt_1226,61.3000000000006
P_1-1-pt_3769,P_1-1-pt_3409,58.800000000000566
P_1-1-pt_3769,P_1-1-pt_3624,59.10000000000057
P_1-1-pt_3769,P_1-1-veh_792,229.09999999999127
P_1-1-pt_3769,P_1-1-pt_4671,177.4999999999942
P_1-1-pt_3769,P_2-1_3764,55.40000000000052
P_1-1-pt_3769,P_2-1_2925,54.90000000000051
P_1-1-pt_3769,P_1-1-pt_1473,76.59999999999992
P_1-1-pt_3769,P_1-1-pt_6297,83.69999999999952
P_1-1-pt_3769,P_1-1-pt_5897,2289.699999999013
P_1-1-pt_3769,P_1-1-pt_4919,70.30000000000028
P_1-1-pt_8692,P_1-1-pt_530,45.20000000000037
P_1-1-pt_8692,P_1-1-pt_7664,89.09999999999921
P_1-1-pt_8692,P_1-2_5252,50.90000000000045
P_1-1-pt_8692,P_1-3_2280,52.00000000000047
P_1-1-pt_8692,P_1-3_5117,50.70000000000045
P_1-1-pt_8692,P_1-2_2183,51.100000000000456
P_1-1-pt_8692,P_1-1-pt_3595,37.600000000000264
P_1-1-pt_8692,P_1-3_5537,51.40000000000046
P_1-1-pt_8692,P_1-1-veh_459,6677.000000006759
P_1-3_2187,P_1-3_2374,53.70000000000049
P_1-3_2187,P_2-1_4811,203.8999999999927
P_1-3_2187,P_1-2_5288,42.20000000000033
P_1-2_2237,P_2-1_3944,40.1000000000003
P_1-2_2237,P_1-2_3488,113.39999999999783
P_1-2_2237,P_1-1-pt_2129,107.99999999999814
P_1-2_2237,P_1-1-pt_1039,107.99999999999814
P_1-2_2237,P_1-1-pt_5275,107.99999999999814
P_1-2_2237,P_1-1-pt_1700,109.79999999999804
P_1-2_2237,P_1-3_3135,67.70000000000043
P_1-2_2237,P_1-2_4791,65.00000000000058
P_2-1_3376,P_1-2_2229,829.0000000001199
P_2-1_3376,P_2-1_5435,823.8000000001188
P_2-1_3376,P_2-1_4331,822.9000000001186
P_2-1_3376,P_1-2_3908,796.7000000001126
P_2-1_3376,P_1-2_4607,766.8000000001058
P_2-1_3376,P_1-1-pt_7104,2858.299999998496
P_2-1_3376,P_1-2_4886,767.600000000106
P_2-1_3376,P_2-1_6256,1593.4999999996462
P_2-1_3376,P_1-2_2030,6255.400000005226
P_1-1-pt_3927,P_1-2_4208,50.20000000000044
P_1-1-pt_3927,P_1-1-pt_494,295.69999999999874
P_1-1-pt_3927,P_1-1-pt_4671,58.100000000000556
P_1-1-pt_3927,P_1-1-pt_8762,65.50000000000055
P_1-1-pt_3927,P_1-1-pt_5298,95.89999999999883
P_1-1-pt_3927,P_1-3_5334,1828.1999999994327
P_1-1-pt_3927,P_1-1-pt_5115,56.10000000000053
P_1-1-pt_3927,P_1-1-pt_6368,96.2999999999988
P_1-1-pt_3927,P_1-1-pt_1306,62.80000000000062
P_1-1-pt_3927,P_1-2_3052,97.39999999999874
P_1-1-pt_3927,P_1-2_3413,96.99999999999876
P_1-1-pt_3927,P_1-1-pt_1037,63.40000000000063
P_1-1-pt_3927,P_1-1-pt_5324,59.00000000000057
P_1-1-pt_3927,P_2-1_2045,38.300000000000274
P_1-1-veh_459,P_1-1-pt_530,49.20000000000043
P_1-1-veh_459,P_1-1-pt_7664,101.89999999999849
P_1-1-veh_459,P_1-2_5252,53.30000000000049
P_1-1-veh_459,P_1-3_2280,56.50000000000053
P_1-1-veh_459,P_1-3_5117,53.200000000000486
P_1-1-veh_459,P_1-2_2183,53.900000000000496
P_1-1-veh_459,P_1-1-pt_3595,26.200000000000102
P_1-1-veh_459,P_1-3_5537,53.900000000000496
P_1-1-veh_459,P_1-1-pt_8692,6677.000000006759
P_1-1-veh_459,P_1-1-pt_8611,1475.1999999997538
P_2-1_4930,P_2-1_4232,152.8999999999956
P_2-1_4930,P_1-3_5354,49.700000000000436
P_2-1_4930,P_1-3_5451,54.600000000000506
P_2-1_4930,P_1-1-pt_8085,61.4000000000006
P_2-1_4930,P_1-3_1140,57.00000000000054
P_2-1_4930,P_1-2_4955,253.1999999999899
P_2-1_4930,P_1-1-pt_4785,66.60000000000049
P_2-1_4930,P_1-2_4715,20.100000000000016
P_1-3_5123,P_1-1-pt_2808,50.90000000000045
P_1-3_5123,P_1-1-pt_1121,56.50000000000053
P_1-3_5123,P_1-1-pt_977,80.19999999999972
P_1-3_5123,P_1-1-pt_2606,45.00000000000037
P_1-3_5123,P_1-2_2875,104.69999999999833
P_1-3_5123,P_1-3_3536,4939.000000000437
P_1-2_829,P_1-1-pt_6358,925.6000000001419
P_1-2_829,P_2-1_4232,53.200000000000486
P_1-2_829,P_1-1-pt_6516,55.300000000000516
P_1-1-pt_1329,P_2-1_2925,61.4000000000006
P_1-1-pt_1329,P_1-1-pt_3489,180.59999999999403
P_1-1-pt_1329,P_2-1_5419,57.90000000000055
P_2-1_6274,P_1-3_4944,491.6000000000433
P_2-1_6274,P_1-3_2278,111.09999999999796
P_2-1_6256,P_1-2_2030,794.8000000001122
P_2-1_6256,P_2-1_5435,1814.8999999994448
P_2-1_6256,P_2-1_4331,836.2000000001216
P_2-1_6256,P_1-2_2229,802.6000000001139
P_2-1_6256,P_1-2_3908,2433.999999998882
P_2-1_6256,P_1-2_4607,767.2000000001059
P_2-1_6256,P_1-1-pt_7104,708.1000000000925
P_2-1_6256,P_1-2_4886,763.300000000105
P_2-1_6256,P_2-1_3376,1593.4999999996462
P_1-1-pt_521,P_1-1-pt_5167,866.8000000001285
P_1-1-pt_521,P_1-1-pt_1747,865.3000000001282
P_1-1-pt_521,P_1-1-pt_3858,55.40000000000052
P_1-1-pt_521,P_1-1-pt_4879,147.3999999999959
P_1-1-pt_521,P_1-1-pt_6974,462.00000000003655
P_1-1-pt_521,P_1-1-pt_8280,240.19999999999064
P_1-1-pt_521,P_1-1-pt_6743,176.89999999999424
P_1-1-pt_521,P_1-1-pt_2880,238.29999999999075
P_1-1-pt_521,P_1-1-pt_4262,23.90000000000007
P_1-1-pt_521,P_1-1-pt_3207,276.1999999999943
P_1-1-pt_521,P_1-1-pt_2369,71.8000000000002
P_1-1-pt_521,P_1-1-pt_571,119.79999999999747
P_1-1-pt_521,P_1-1-pt_3230,125.19999999999716
P_1-1-pt_521,P_1-1-pt_3671,800.5000000001135
P_1-1-pt_521,P_1-1-pt_98,588.7000000000653
P_1-1-pt_521,P_1-1-pt_1497,440.10000000003157
P_1-1-pt_521,P_1-1-pt_5666,124.29999999999721
P_1-1-pt_521,P_1-1-pt_2920,69.50000000000033
P_1-1-pt_521,P_1-2_4940,51.100000000000456
P_1-1-pt_521,P_1-1-veh_610,57.20000000000054
P_1-1-pt_521,P_1-1-pt_7915,68.3000000000004
P_1-1-pt_521,P_1-1-pt_7573,60.70000000000059
P_1-1-pt_521,P_1-1-veh_767,57.00000000000054
P_1-1-pt_521,P_1-1-pt_2013,67.30000000000045
P_1-1-pt_521,P_1-2_303,57.00000000000054
P_1-2_1063,P_2-1_4127,45.00000000000037
P_1-2_1063,P_2-1_3119,53.60000000000049
P_1-2_1063,P_1-3_4644,53.50000000000049
P_1-2_1063,P_2-1_2486,51.700000000000465
P_1-2_1063,P_2-1_3601,53.900000000000496
P_1-3_2043,P_1-2_4753,4809.499999999965
P_1-3_2043,P_1-3_80,13.199999999999969
P_1-3_2043,P_1-2_3608,26.200000000000102
P_1-3_2043,P_1-3_743,26.1000000000001
P_1-3_2043,P_1-3_2599,25.100000000000087
P_1-3_2043,P_1-2_5745,25.000000000000085
P_1-3_2043,P_1-2_4266,25.40000000000009
P_1-3_2043,P_1-1-pt_6516,19.500000000000007
P_1-3_2043,P_1-3_1535,25.200000000000088
P_1-1-pt_2369,P_1-1-pt_8280,74.00000000000007
P_1-1-pt_2369,P_1-1-pt_3207,67.10000000000046
P_1-1-pt_2369,P_1-1-pt_4879,219.09999999999184
P_1-1-pt_2369,P_1-1-pt_6743,365.20000000001454
P_1-1-pt_2369,P_1-1-pt_4736,228.3999999999913
P_1-1-pt_2369,P_1-1-pt_2880,60.00000000000058
P_1-1-pt_2369,P_1-1-pt_571,224.59999999999152
P_1-1-pt_2369,P_1-1-pt_3230,225.69999999999146
P_1-1-pt_2369,P_1-1-pt_521,71.8000000000002
P_1-1-pt_2369,P_1-2_4940,22.000000000000043
P_1-1-pt_2369,P_1-2_1255,59.90000000000058
P_1-1-pt_2369,P_2-1_5419,41.40000000000032
P_1-1-pt_2369,P_1-1-pt_5167,58.700000000000564
P_1-1-pt_2369,P_1-1-pt_1497,128.69999999999698
P_1-1-pt_2369,P_1-1-pt_7573,57.50000000000055
P_1-1-pt_2369,P_1-1-veh_767,10.19999999999998
P_1-1-pt_2369,P_1-1-pt_2013,55.50000000000052
P_1-1-pt_2369,P_1-1-pt_2297,104.69999999999833
P_1-1-pt_7664,P_1-1-pt_4879,62.200000000000614
P_1-1-pt_7664,P_1-1-pt_8692,89.09999999999921
P_1-1-pt_7664,P_1-1-veh_459,101.89999999999849
P_1-1-pt_7664,P_1-2_104,76.39999999999993
P_1-1-pt_7664,P_1-1-pt_527,44.90000000000037
P_1-1-pt_7664,P_1-2_4962,49.30000000000043
P_1-1-pt_7664,P_1-2_2543,58.30000000000056
P_1-1-pt_7664,P_1-1-pt_3386,94.89999999999888
P_1-1-pt_7664,P_1-2_671,161.99999999999508
P_1-1-pt_7664,P_1-1-pt_3512,174.39999999999438
P_1-3_4168,P_1-3_2323,53.200000000000486
P_1-3_4168,P_1-1-pt_7760,57.80000000000055
P_1-3_4168,P_1-2_1596,244.4999999999904
P_1-3_4168,P_1-3_3494,166.59999999999482
P_1-3_4168,P_1-2_3081,2285.499999999017
P_1-3_4168,P_1-1-veh_105,53.40000000000049
P_1-3_4168,P_1-2_2554,53.30000000000049
P_1-3_4168,P_1-2_3389,53.40000000000049
P_1-3_4168,P_1-1-pt_1714,54.80000000000051
P_1-3_4168,P_1-2_4734,112.49999999999788
P_1-3_4168,P_1-3_2454,55.900000000000524
P_1-3_4168,P_1-2_4206,56.000000000000526
P_1-3_4168,P_1-3_1500,56.10000000000053
P_1-3_4168,P_1-3_3901,55.900000000000524
P_1-3_4168,P_1-2_1420,56.10000000000053
P_1-3_4168,P_1-3_228,55.900000000000524
P_1-3_4168,P_1-3_3834,56.000000000000526
P_1-3_4168,P_1-3_3776,56.000000000000526
P_1-3_4168,P_2-1_2161,56.10000000000053
P_1-3_4168,P_1-2_3280,56.20000000000053
P_1-3_4168,P_1-3_3046,56.10000000000053
P_1-3_4168,P_1-3_3457,56.10000000000053
P_1-3_4168,P_1-3_2053,55.900000000000524
P_1-3_1500,P_1-2_4734,223.99999999999156
P_1-3_1500,P_1-2_4206,1141.800000000057
P_1-3_1500,P_1-3_3901,223.1999999999916
P_1-3_1500,P_1-2_1420,224.59999999999152
P_1-3_1500,P_1-3_228,223.4999999999916
P_1-3_1500,P_1-3_3776,223.59999999999158
P_1-3_1500,P_2-1_2161,223.59999999999158
P_1-3_1500,P_1-3_874,111.29999999999795
P_1-3_1500,P_1-3_2454,111.79999999999792
P_1-3_1500,P_1-2_2287,12.79999999999997
P_1-3_1500,P_1-3_3834,111.59999999999793
P_1-3_1500,P_1-2_3280,111.59999999999793
P_1-3_1500,P_1-3_3046,111.79999999999792
P_1-3_1500,P_1-3_3457,111.99999999999791
P_1-3_1500,P_1-3_4168,56.10000000000053
P_1-3_1500,P_1-3_2053,55.80000000000052
P_1-3_4954,P_1-2_573,983.300000000155
P_1-3_4954,P_1-3_2018,205.19999999999263
P_1-3_4954,P_1-1-pt_5241,50.70000000000045
P_1-3_4954,P_1-2_5210,683.5000000000869
P_1-3_4954,P_1-2_4634,123.09999999999728
P_1-3_4954,P_1-3_4775,110.99999999999797
P_1-3_4954,P_1-3_2410,112.2999999999979
P_1-3_4954,P_1-3_3253,113.09999999999785
P_1-3_4954,P_1-3_2633,139.29999999999637
P_1-3_4954,P_1-2_3693,56.10000000000053
P_1-3_4954,P_1-3_4875,70.0000000000003
P_1-3_4954,P_1-3_3410,58.50000000000056
P_1-1-pt_4879,P_1-1-pt_7664,62.200000000000614
P_1-1-pt_4879,P_1-1-pt_3858,116.29999999999767
P_1-1-pt_4879,P_1-1-pt_6974,387.0000000000195
P_1-1-pt_4879,P_1-1-pt_521,147.3999999999959
P_1-1-pt_4879,P_1-1-pt_2013,403.6000000000233
P_1-1-pt_4879,P_1-1-pt_3409,78.99999999999979
P_1-1-pt_4879,P_1-1-pt_3207,148.59999999999584
P_1-1-pt_4879,P_1-1-pt_98,207.1999999999925
P_1-1-pt_4879,P_1-1-pt_1497,207.69999999999249
P_1-1-pt_4879,P_1-1-pt_3671,341.90000000000924
P_1-1-pt_4879,P_1-1-pt_2369,219.09999999999184
P_1-1-pt_4879,P_1-1-pt_6743,121.99999999999734
P_1-1-pt_4879,P_1-1-pt_1747,77.69999999999986
P_1-1-pt_4879,P_1-1-pt_5167,92.899999999999
P_1-1-pt_4879,P_1-1-pt_2880,87.69999999999929
P_1-1-pt_4879,P_2-1_2925,57.20000000000054
P_1-1-pt_4879,P_2-1_63,102.59999999999845
P_1-1-pt_4879,P_1-2_1612,83.09999999999955
P_1-1-pt_4879,P_1-2_1255,51.800000000000466
P_1-1-pt_4879,P_1-1-pt_5666,164.79999999999492
P_1-1-pt_4879,P_1-3_3245,14.999999999999963
P_1-1-pt_4879,P_1-1-pt_2920,66.00000000000053
P_1-1-pt_4879,P_1-2_250,52.500000000000476
P_1-1-pt_4879,P_2-1_5419,71.50000000000021
P_1-1-pt_4879,P_1-1-veh_610,111.39999999999795
P_1-1-pt_4879,P_1-1-pt_7915,46.30000000000039
P_1-1-pt_4879,P_1-1-pt_5999,170.99999999999457
P_1-1-pt_4879,P_1-2_303,280.6999999999953
P_1-1-pt_4879,P_1-1-pt_8280,76.09999999999995
P_1-3_1604,P_1-1-pt_6358,188.59999999999357
P_1-3_1604,P_1-3_2171,53.200000000000486
P_1-3_1604,P_1-1-pt_3931,145.39999999999603
P_1-3_1604,P_1-1-pt_2431,96.69999999999878
P_1-1-pt_2529,P_1-2_4791,22.800000000000054
P_1-1-pt_2529,P_1-3_5578,8.499999999999986
P_1-1-pt_2529,P_1-2_6013,54.80000000000051
P_1-1-pt_2529,P_1-2_505,54.80000000000051
P_1-1-pt_2529,P_2-1_2384,54.70000000000051
P_1-1-pt_2529,P_1-1-pt_0,25.000000000000085
P_1-1-pt_2529,P_2-1_2136,64.8000000000006
P_1-1-pt_2529,P_1-1-veh_65,79.69999999999975
P_1-1-pt_2529,P_1-1-pt_8830,507.6000000000469
P_1-1-pt_2529,P_1-1-pt_6931,58.30000000000056
P_2-1_6236,P_1-1-pt_6381,51.20000000000046
P_2-1_6236,P_2-1_5799,53.50000000000049
P_2-1_6236,P_1-2_5927,35.90000000000024
P_2-1_6236,P_1-2_3214,27.700000000000124
P_2-1_6236,P_1-2_4715,35.80000000000024
P_2-1_6236,P_1-2_2653,32.000000000000185
P_2-1_6236,P_1-1-pt_2770,8.299999999999986
P_2-1_6236,P_1-1-pt_6355,32.60000000000019
P_2-1_6236,P_1-2_4454,39.9000000000003
P_2-1_6236,P_1-2_3590,39.20000000000029
P_2-1_6236,P_1-1-pt_8982,32.700000000000195
P_2-1_6236,P_1-1-pt_2863,32.800000000000196
P_2-1_6236,P_1-1-pt_8969,33.0000000000002
P_2-1_6236,P_1-2_4609,103.19999999999841
P_2-1_6236,P_1-2_2338,86.99999999999933
P_2-1_6236,P_1-1-pt_3931,180.39999999999404
P_2-1_6236,P_1-1-pt_2431,60.00000000000058
P_1-2_4791,P_1-1-pt_2529,22.800000000000054
P_1-2_4791,P_1-2_505,27.200000000000117
P_1-2_4791,P_1-2_2715,36.10000000000024
P_1-2_4791,P_1-1-pt_0,8.399999999999986
P_1-2_4791,P_1-3_4666,109.89999999999803
P_1-2_4791,P_1-2_1533,55.300000000000516
P_1-2_4791,P_1-3_5578,56.40000000000053
P_1-2_4791,P_1-3_635,57.60000000000055
P_1-2_4791,P_1-2_2237,65.00000000000058
P_1-2_1255,P_1-1-pt_2770,8.499999999999986
P_1-2_1255,P_1-1-pt_6355,8.299999999999986
P_1-2_1255,P_1-2_4454,41.60000000000032
P_1-2_1255,P_1-3_4262,74.60000000000004
P_1-2_1255,P_1-3_5144,45.300000000000374
P_1-2_1255,P_1-1-pt_8969,8.299999999999986
P_1-2_1255,P_1-1-pt_6974,78.09999999999984
P_1-2_1255,P_1-1-pt_4879,51.800000000000466
P_1-2_1255,P_1-1-pt_3858,52.70000000000048
P_1-2_1255,P_1-1-pt_2369,59.90000000000058
P_1-2_1255,P_1-1-pt_2013,50.70000000000045
P_1-2_1255,P_1-1-pt_7573,18.39999999999999
P_1-2_1255,P_1-1-pt_7208,151.39999999999569
P_1-2_1255,P_1-1-pt_2503,57.20000000000054
P_1-2_1255,P_1-1-pt_6538,90.9999999999991
P_1-2_1255,P_1-2_1596,51.40000000000046
P_1-2_1255,P_1-1-pt_255,17.59999999999998
P_1-2_1255,P_1-1-pt_4919,60.60000000000059
P_1-2_1255,P_1-1-veh_234,52.500000000000476
P_2-1_6130,P_2-1_5067,141.49999999999625
P_2-1_6130,P_1-2_2180,56.50000000000053
P_2-1_6130,P_1-2_3879,54.600000000000506
P_2-1_6130,P_1-1-pt_5999,49.700000000000436
P_2-1_6130,P_2-1_1878,53.40000000000049
P_2-1_6130,P_2-1_1463,67.90000000000042
P_2-1_6130,P_2-1_4788,56.80000000000054
P_2-1_6130,P_2-1_499,58.60000000000056
P_2-1_6130,P_2-1_804,56.000000000000526
P_2-1_6130,P_2-1_213,58.20000000000056
P_2-1_6130,P_1-2_4065,29.800000000000153
P_1-2_4376,P_1-3_1676,103.99999999999837
P_1-2_4376,P_1-2_1494,53.30000000000049
P_1-2_4376,P_1-2_1953,53.30000000000049
P_1-2_4376,P_1-2_2180,53.60000000000049
P_1-2_4376,P_1-3_4262,79.99999999999973
P_1-2_4376,P_2-1_600,48.00000000000041
P_1-2_4376,P_2-1_1463,53.40000000000049
P_1-2_4376,P_2-1_4788,53.50000000000049
P_1-2_4376,P_2-1_499,53.50000000000049
P_1-2_4376,P_2-1_804,53.50000000000049
P_1-2_4376,P_1-3_5144,43.10000000000034
P_1-2_4376,P_2-1_213,55.200000000000514
P_1-2_1715,P_1-1-pt_1296,54.70000000000051
P_1-2_1715,P_1-1-pt_4262,56.600000000000534
P_1-2_1715,P_1-3_2424,13.699999999999967
P_1-2_1715,P_1-3_1571,30.000000000000156
P_1-2_1715,P_1-2_171,47.3000000000004
P_1-2_1715,P_1-2_4285,44.000000000000355
P_2-1_3601,P_2-1_5001,228.19999999999132
P_2-1_3601,P_2-1_2486,170.3999999999946
P_2-1_3601,P_2-1_1248,53.200000000000486
P_2-1_3601,P_1-2_5518,53.30000000000049
P_2-1_3601,P_1-2_1063,53.900000000000496
P_1-2_4208,P_1-1-pt_494,50.20000000000044
P_1-2_4208,P_1-1-pt_3927,50.20000000000044
P_1-2_4208,P_1-1-pt_1298,37.10000000000026
P_1-2_4208,P_1-1-pt_7732,57.400000000000546
P_1-2_4208,P_1-1-pt_5115,56.90000000000054
P_1-2_4208,P_1-1-pt_6368,64.40000000000062
P_1-2_4208,P_1-1-pt_1306,102.59999999999845
P_1-2_4208,P_1-2_3052,58.000000000000554
P_1-2_4208,P_1-2_3413,39.60000000000029
P_1-2_4208,P_1-1-pt_5324,22.100000000000044
P_1-2_4208,P_1-3_3755,5223.2000000014705
P_1-2_3835,P_1-1-pt_4715,50.400000000000446
P_1-2_3835,P_1-2_5640,283.89999999999606
P_1-2_3835,P_1-2_3286,6364.400000005622
P_1-2_5641,P_1-3_5117,53.30000000000049
P_1-2_5641,P_1-2_2183,53.40000000000049
P_1-2_5641,P_1-2_2598,157.19999999999536
P_1-2_5641,P_1-3_4822,53.50000000000049
P_1-2_5641,P_1-2_315,53.40000000000049
P_1-2_5641,P_1-2_1219,53.40000000000049
P_1-2_5641,P_1-2_5437,53.30000000000049
P_1-2_5641,P_1-2_3752,53.30000000000049
P_1-2_5641,P_1-2_4270,53.30000000000049
P_1-2_5641,P_1-1-pt_8611,24.200000000000074
P_1-2_5641,P_1-1-pt_5997,30.600000000000165
P_1-2_5641,P_1-1-pt_394,41.30000000000032
P_1-2_5641,P_1-1-pt_4541,43.00000000000034
P_1-2_5641,P_1-3_4124,36.80000000000025
P_1-2_5641,P_1-3_2421,36.10000000000024
P_1-2_5641,P_1-1-pt_725,40.3000000000003
P_1-2_5641,P_1-2_1640,2661.6999999986747
P_1-1-pt_977,P_1-2_2875,196.9999999999931
P_1-1-pt_977,P_1-1-pt_6413,49.40000000000043
P_1-1-pt_977,P_1-3_1324,29.900000000000155
P_1-1-pt_977,P_1-3_3536,97.19999999999875
P_1-1-pt_977,P_1-3_5123,80.19999999999972
P_1-1-pt_977,P_1-1-pt_1121,51.90000000000047
P_1-1-pt_977,P_1-1-pt_2606,1090.100000000104
P_1-1-pt_977,P_1-3_458,94.19999999999892
P_1-3_3339,P_1-2_752,2943.699999998418
P_1-3_3339,P_1-2_163,66.5000000000005
P_1-3_3339,P_2-1_5067,39.60000000000029
P_1-3_3339,P_1-2_1658,57.60000000000055
P_1-3_3339,P_1-2_4940,47.500000000000405
P_1-3_3339,P_2-1_4267,70.0000000000003
P_1-3_3339,P_1-1-veh_610,81.69999999999963
P_1-3_3339,P_1-1-pt_7915,60.00000000000058
P_1-3_3339,P_1-1-pt_7573,35.70000000000024
P_1-3_3339,P_1-1-veh_767,72.60000000000015
P_1-2_3286,P_1-1-pt_4715,45.60000000000038
P_1-2_3286,P_1-2_5640,218.0999999999919
P_1-2_3286,P_1-2_3835,6364.400000005622
P_1-2_5210,P_1-1-pt_5241,50.70000000000045
P_1-2_5210,P_1-3_4954,683.5000000000869
P_1-2_5210,P_1-2_4634,110.69999999999798
P_1-2_5210,P_1-3_4775,110.89999999999797
P_1-2_5210,P_1-3_2410,62.50000000000062
P_1-2_5210,P_1-3_3253,120.59999999999742
P_1-2_5210,P_1-3_2018,160.99999999999514
P_1-2_5210,P_1-2_3693,72.60000000000015
P_1-2_5210,P_1-3_2633,129.19999999999695
P_1-2_5210,P_1-3_4875,89.59999999999918
P_1-2_5210,P_1-3_3410,55.50000000000052
P_1-2_5210,P_1-2_573,5704.20000000322
P_1-3_2053,P_1-1-pt_2920,50.70000000000045
P_1-3_2053,P_1-1-pt_5078,49.80000000000044
P_1-3_2053,P_1-1-pt_7208,50.90000000000045
P_1-3_2053,P_1-1-pt_6538,50.50000000000045
P_1-3_2053,P_1-1-pt_776,57.20000000000054
P_1-3_2053,P_1-1-pt_8682,50.50000000000045
P_1-3_2053,P_1-2_1596,53.40000000000049
P_1-3_2053,P_1-1-veh_234,53.200000000000486
P_1-3_2053,P_1-2_3389,53.40000000000049
P_1-3_2053,P_1-1-pt_1714,55.200000000000514
P_1-3_2053,P_1-3_2454,55.80000000000052
P_1-3_2053,P_1-2_4206,56.50000000000053
P_1-3_2053,P_1-3_1500,55.80000000000052
P_1-3_2053,P_1-3_3901,55.70000000000052
P_1-3_2053,P_1-2_1420,56.10000000000053
P_1-3_2053,P_1-3_228,55.900000000000524
P_1-3_2053,P_1-3_3834,55.70000000000052
P_1-3_2053,P_1-3_3776,55.900000000000524
P_1-3_2053,P_2-1_2161,55.900000000000524
P_1-3_2053,P_1-2_3280,55.900000000000524
P_1-3_2053,P_1-3_3046,55.900000000000524
P_1-3_2053,P_1-3_3457,55.900000000000524
P_1-3_2053,P_1-3_4168,55.900000000000524
P_1-3_2053,P_1-2_4734,1362.3999999998564
P_1-1-pt_6297,P_1-1-pt_4996,63.600000000000634
P_1-1-pt_6297,P_1-1-pt_3386,140.4999999999963
P_1-1-pt_6297,P_1-1-pt_3067,160.99999999999514
P_1-1-pt_6297,P_1-1-pt_5906,94.99999999999888
P_1-1-pt_6297,P_1-1-pt_1238,76.49999999999993
P_1-1-pt_6297,P_1-1-pt_776,106.19999999999824
P_1-1-pt_6297,P_1-1-pt_1226,61.90000000000061
P_1-1-pt_6297,P_1-2_1596,51.50000000000046
P_1-1-pt_6297,P_1-1-veh_234,50.400000000000446
P_1-1-pt_6297,P_2-1_2136,114.79999999999775
P_1-1-pt_6297,P_1-1-pt_8682,43.70000000000035
P_1-1-pt_6297,P_1-1-pt_5897,91.69999999999906
P_1-1-pt_6297,P_1-1-pt_3769,83.69999999999952
P_1-1-pt_6297,P_1-1-pt_4671,62.50000000000062
P_1-1-pt_6297,P_1-1-pt_4919,72.70000000000014
P_1-1-pt_6297,P_1-3_3245,233.599999999991
P_1-1-pt_6297,P_1-1-pt_530,76.09999999999995
P_1-1-pt_6297,P_1-1-pt_761,20.600000000000023
P_1-1-pt_5357,P_1-1-pt_5115,12.199999999999973
P_1-1-pt_5357,P_1-3_990,168.39999999999472
P_1-1-pt_5357,P_1-1-pt_4262,58.20000000000056
P_1-1-pt_5357,P_1-1-pt_3386,112.0999999999979
P_1-1-pt_5357,P_1-2_4285,49.000000000000426
P_1-1-pt_5357,P_1-2_171,67.10000000000046
P_1-2_1948,P_1-2_2422,26.1000000000001
P_1-2_1948,P_2-1_842,40.80000000000031
P_1-2_1948,P_2-1_2987,27.200000000000117
P_1-2_1948,P_1-2_5927,35.90000000000024
P_1-2_1948,P_1-3_5550,94.19999999999892
P_1-2_1948,P_1-2_3214,27.700000000000124
P_1-2_1948,P_1-2_4715,35.70000000000024
P_1-2_1948,P_1-2_2653,32.000000000000185
P_1-2_1948,P_1-1-pt_2770,8.599999999999985
P_1-2_1948,P_1-1-pt_6355,8.499999999999986
P_1-2_1948,P_1-2_4454,25.800000000000097
P_1-2_1948,P_1-2_3590,25.700000000000095
P_1-2_1948,P_1-1-pt_8982,8.499999999999986
P_1-2_1948,P_1-1-pt_2863,8.399999999999986
P_1-2_1948,P_1-1-pt_8969,8.399999999999986
P_1-3_4262,P_1-2_250,54.70000000000051
P_1-3_4262,P_1-2_4454,46.20000000000039
P_1-3_4262,P_1-2_1255,74.60000000000004
P_1-3_4262,P_2-1_5067,58.40000000000056
P_1-3_4262,P_1-2_4853,53.30000000000049
P_1-3_4262,P_1-3_4663,54.3000000000005
P_1-3_4262,P_1-2_1658,60.900000000000595
P_1-3_4262,P_1-3_4881,53.50000000000049
P_1-3_4262,P_1-2_5543,53.30000000000049
P_1-3_4262,P_1-3_4025,53.30000000000049
P_1-3_4262,P_2-1_4267,53.50000000000049
P_1-3_4262,P_2-1_3390,53.40000000000049
P_1-3_4262,P_1-2_4376,79.99999999999973
P_1-3_4262,P_1-3_1676,50.60000000000045
P_1-3_4262,P_1-2_3879,45.70000000000038
P_1-3_4262,P_1-3_2773,42.20000000000033
P_1-3_4262,P_2-1_804,133.19999999999672
P_1-3_4262,P_2-1_499,83.69999999999952
P_1-3_4262,P_2-1_1463,88.89999999999922
P_1-3_4262,P_2-1_213,53.40000000000049
P_1-1-pt_6779,P_1-2_1203,83.19999999999955
P_1-1-pt_6779,P_1-3_3494,51.50000000000046
P_1-1-pt_6779,P_1-3_2323,60.40000000000059
P_1-1-pt_6779,P_1-1-pt_2834,61.2000000000006
P_1-1-pt_6779,P_1-1-pt_1108,211.49999999999227
P_1-2_3077,P_1-2_3378,501.20000000004546
P_1-2_3077,P_1-3_2180,109.29999999999806
P_1-2_3077,P_1-3_2076,109.19999999999807
P_1-2_3077,P_1-2_5020,111.69999999999793
P_1-2_3077,P_1-2_5092,111.39999999999795
P_1-2_3077,P_1-3_5354,109.39999999999806
P_1-2_3077,P_1-3_4587,395.0000000000213
P_1-1-pt_6974,P_1-1-pt_3858,587.600000000065
P_1-1-pt_6974,P_1-1-pt_4879,387.0000000000195
P_1-1-pt_6974,P_1-1-pt_521,462.00000000003655
P_1-1-pt_6974,P_1-1-pt_5167,1044.9000000001452
P_1-1-pt_6974,P_1-1-pt_1747,1027.400000000161
P_1-1-pt_6974,P_1-1-pt_3671,1121.000000000076
P_1-1-pt_6974,P_1-1-pt_98,1880.599999999385
P_1-1-pt_6974,P_1-1-pt_3207,242.19999999999052
P_1-1-pt_6974,P_1-1-pt_1497,555.4000000000577
P_1-1-pt_6974,P_1-1-pt_6743,67.50000000000044
P_1-1-pt_6974,P_2-1_3764,142.79999999999617
P_1-1-pt_6974,P_1-1-pt_2880,595.1000000000668
P_1-1-pt_6974,P_2-1_63,21.500000000000036
P_1-1-pt_6974,P_1-2_1612,63.90000000000064
P_1-1-pt_6974,P_1-2_1255,78.09999999999984
P_1-1-pt_6974,P_1-3_3245,58.20000000000056
P_1-1-pt_6974,P_1-1-pt_4736,146.79999999999595
P_1-1-pt_6974,P_1-1-pt_2920,146.19999999999598
P_1-1-pt_6974,P_1-2_250,64.6000000000006
P_1-1-pt_6974,P_1-2_4483,70.70000000000026
P_1-1-pt_6974,P_1-1-veh_610,159.7999999999952
P_1-1-pt_6974,P_1-1-pt_7915,694.8000000000894
P_1-1-pt_6974,P_1-1-pt_5999,64.7000000000006
P_1-1-pt_6974,P_1-1-pt_7573,143.9999999999961
P_1-1-pt_6974,P_1-1-veh_767,156.3999999999954
P_1-1-pt_6974,P_1-1-pt_2013,68.00000000000041
P_1-1-pt_6974,P_1-2_5543,115.99999999999768
P_1-1-pt_6974,P_1-2_303,189.19999999999354
P_1-2_5927,P_1-2_163,55.80000000000052
P_1-2_5927,P_1-1-pt_2844,16.29999999999996
P_1-2_5927,P_1-1-pt_2424,10.29999999999998
P_1-2_5927,P_2-1_6236,35.90000000000024
P_1-2_5927,P_1-2_1948,35.90000000000024
P_1-2_5927,P_1-3_4492,35.20000000000023
P_1-2_5927,P_1-3_2528,36.10000000000024
P_1-2_5927,P_1-1-pt_841,10.499999999999979
P_1-2_5927,P_1-1-pt_2425,43.40000000000035
P_1-2_5927,P_1-2_1285,38.10000000000027
P_1-2_5927,P_2-1_842,42.00000000000033
P_1-2_5927,P_1-3_5451,35.90000000000024
P_1-2_5927,P_1-3_1140,33.500000000000206
P_1-2_5927,P_1-1-pt_8085,10.399999999999979
P_1-2_5927,P_1-2_4955,73.10000000000012
P_1-2_5927,P_1-2_2061,42.20000000000033
P_1-2_5927,P_1-1-pt_3176,23.500000000000064
P_1-2_5927,P_1-1-pt_4785,39.60000000000029
P_1-2_5927,P_1-2_5020,55.50000000000052
P_1-2_5927,P_2-1_3664,41.00000000000031
P_1-2_5927,P_2-1_3058,42.20000000000033
P_1-3_3901,P_1-2_4734,223.79999999999157
P_1-3_3901,P_1-2_4206,224.19999999999155
P_1-3_3901,P_1-3_1500,223.1999999999916
P_1-3_3901,P_1-2_1420,224.59999999999152
P_1-3_3901,P_1-3_228,224.59999999999152
P_1-3_3901,P_1-3_3776,223.69999999999158
P_1-3_3901,P_2-1_2161,224.09999999999155
P_1-3_3901,P_1-3_874,111.69999999999793
P_1-3_3901,P_1-3_2454,111.79999999999792
P_1-3_3901,P_1-3_3834,111.39999999999795
P_1-3_3901,P_1-2_3280,111.69999999999793
P_1-3_3901,P_1-3_3046,108.49999999999811
P_1-3_3901,P_1-3_3457,62.40000000000062
P_1-3_3901,P_1-3_4168,55.900000000000524
P_1-3_3901,P_1-3_2053,55.70000000000052
P_1-1-pt_6368,P_1-1-pt_527,48.00000000000041
P_1-1-pt_6368,P_1-1-pt_255,147.5999999999959
P_1-1-pt_6368,P_1-2_1313,27.000000000000114
P_1-1-pt_6368,P_1-1-pt_3769,83.59999999999953
P_1-1-pt_6368,P_1-1-pt_4595,57.90000000000055
P_1-1-pt_6368,P_1-1-pt_8545,54.600000000000506
P_1-1-pt_6368,P_1-2_1017,32.30000000000019
P_1-1-pt_6368,P_1-1-pt_1306,1992.3999999992834
P_1-1-pt_6368,P_1-2_4208,64.40000000000062
P_1-1-pt_6368,P_1-3_3755,74.40000000000005
P_1-1-pt_6368,P_1-3_5334,99.29999999999863
P_1-1-pt_6368,P_1-1-pt_3927,96.2999999999988
P_1-1-pt_6368,P_1-2_2345,21.300000000000033
P_1-1-pt_5115,P_1-1-pt_5357,12.199999999999973
P_1-1-pt_5115,P_1-3_2985,56.80000000000054
P_1-1-pt_5115,P_1-2_1990,57.00000000000054
P_1-1-pt_5115,P_1-1-veh_602,56.90000000000054
P_1-1-pt_5115,P_1-2_4208,56.90000000000054
P_1-1-pt_5115,P_1-3_3755,56.600000000000534
P_1-1-pt_5115,P_1-3_5334,56.40000000000053
P_1-1-pt_5115,P_1-1-pt_3927,56.10000000000053
P_1-1-pt_5115,P_1-2_2345,57.60000000000055
P_1-1-pt_5115,P_1-2_4019,57.400000000000546
P_1-1-pt_5115,P_1-2_3692,56.90000000000054
P_1-1-pt_5115,P_1-2_263,55.00000000000051
P_1-1-pt_1714,P_1-1-pt_8682,94.99999999999888
P_1-1-pt_1714,P_1-2_3389,50.70000000000045
P_1-1-pt_1714,P_1-1-pt_560,94.5999999999989
P_1-1-pt_1714,P_1-2_4771,110.79999999999798
P_1-1-pt_1714,P_1-1-pt_3629,113.09999999999785
P_1-1-pt_1714,P_1-2_2287,62.900000000000624
P_1-1-pt_1714,P_1-3_1785,55.50000000000052
P_1-1-pt_1714,P_1-3_874,50.90000000000045
P_1-1-pt_1714,P_1-3_4168,54.80000000000051
P_1-1-pt_1714,P_1-2_3081,54.4000000000005
P_1-1-pt_1714,P_1-3_2053,55.200000000000514
P_1-1-pt_1714,P_1-2_5951,55.300000000000516
P_1-1-pt_1714,P_1-3_4690,56.600000000000534
P_1-2_848,P_1-1-pt_2820,42.70000000000034
P_1-2_848,P_1-3_2221,53.200000000000486
P_1-2_848,P_1-3_2280,53.200000000000486
P_1-2_848,P_1-2_4249,56.10000000000053
P_1-2_848,P_1-1-pt_5139,61.0000000000006
P_1-2_848,P_2-1_1724,88.39999999999925
P_1-2_848,P_1-1-pt_1006,113.19999999999784
P_1-2_848,P_1-2_3702,2318.7999999989866
P_2-1_213,P_1-2_5288,53.30000000000049
P_2-1_213,P_1-3_2374,57.300000000000544
P_2-1_213,P_1-3_268,53.200000000000486
P_2-1_213,P_1-3_28,54.3000000000005
P_2-1_213,P_1-3_234,53.200000000000486
P_2-1_213,P_1-2_3879,53.30000000000049
P_2-1_213,P_1-3_2773,53.200000000000486
P_2-1_213,P_1-3_4262,53.40000000000049
P_2-1_213,P_1-2_4376,55.200000000000514
P_2-1_213,P_1-3_1676,53.30000000000049
P_2-1_213,P_1-3_5144,53.30000000000049
P_2-1_213,P_1-3_2786,53.30000000000049
P_2-1_213,P_1-3_5475,53.30000000000049
P_2-1_213,P_1-2_4853,63.000000000000625
P_2-1_213,P_2-1_6130,58.20000000000056
P_1-1-pt_8184,P_1-1-pt_8289,315.10000000000315
P_1-1-pt_8184,P_1-2_638,160.89999999999515
P_1-1-pt_8184,P_1-2_5753,362.800000000014
P_1-1-pt_8184,P_1-1-veh_834,179.69999999999408
P_1-1-pt_8184,P_1-3_743,218.29999999999188
P_1-1-pt_8184,P_1-3_2599,104.09999999999836
P_1-1-pt_8184,P_1-2_5745,103.3999999999984
P_1-1-pt_8184,P_1-1-pt_8735,95.59999999999884
P_1-1-pt_8184,P_1-2_4266,105.29999999999829
P_1-1-pt_8184,P_1-3_3076,103.19999999999841
P_1-1-pt_8184,P_1-1-pt_182,124.69999999999719
P_1-1-pt_8184,P_1-1-pt_1723,153.69999999999555
P_1-1-pt_8184,P_1-3_4289,1114.2000000000821
P_1-1-veh_602,P_1-3_2985,54.2000000000005
P_1-1-veh_602,P_1-1-pt_8762,50.60000000000045
P_1-1-veh_602,P_1-3_5334,88.49999999999925
P_1-1-veh_602,P_1-1-pt_7732,57.10000000000054
P_1-1-veh_602,P_1-1-pt_5115,56.90000000000054
P_1-1-veh_602,P_1-2_3575,72.80000000000014
P_1-1-veh_602,P_1-1-pt_1226,15.099999999999962
P_1-2_1494,P_1-2_1953,53.40000000000049
P_1-2_1494,P_1-3_2773,15.69999999999996
P_1-2_1494,P_1-3_4025,53.200000000000486
P_1-2_1494,P_1-2_4376,53.30000000000049
P_1-2_1494,P_1-3_1676,53.00000000000048
P_1-2_1494,P_1-2_5765,53.40000000000049
P_1-2_1494,P_1-1-pt_1669,57.300000000000544
P_1-2_168,P_1-3_635,80.4999999999997
P_1-2_168,P_1-1-pt_4875,1965.6999999993077
P_1-2_168,P_2-1_2136,59.20000000000057
P_1-2_168,P_1-1-veh_65,62.900000000000624
P_1-2_168,P_1-3_17,6.499999999999993
P_1-2_168,P_1-1-pt_1473,49.20000000000043
P_1-2_168,P_2-1_4127,45.20000000000037
P_1-2_168,P_1-2_3708,55.50000000000052
P_1-2_168,P_1-3_4644,45.00000000000037
P_1-1-pt_3489,P_1-2_4940,57.10000000000054
P_1-1-pt_3489,P_1-1-pt_6453,55.70000000000052
P_1-1-pt_3489,P_1-1-pt_1329,180.59999999999403
P_1-1-pt_3489,P_2-1_5419,58.000000000000554
P_1-1-pt_3489,P_1-1-pt_2297,24.100000000000072
P_1-1-pt_3489,P_1-3_4663,66.60000000000049
P_1-1-pt_3489,P_1-3_4881,40.400000000000304
P_1-2_4483,P_1-1-pt_8969,8.199999999999987
P_1-2_4483,P_1-1-pt_5167,56.40000000000053
P_1-2_4483,P_1-1-pt_1747,119.49999999999748
P_1-2_4483,P_1-1-pt_1497,33.500000000000206
P_1-2_4483,P_1-1-pt_98,29.400000000000148
P_1-2_4483,P_1-1-pt_3207,30.000000000000156
P_1-2_4483,P_1-1-pt_3671,29.50000000000015
P_1-2_4483,P_1-1-pt_2920,35.500000000000234
P_1-2_4483,P_1-1-pt_6974,70.70000000000026
P_1-2_4483,P_1-2_4940,44.30000000000036
P_1-2_4483,P_1-1-pt_2880,79.19999999999978
P_1-2_4483,P_1-1-pt_3858,94.6999999999989
P_1-2_4483,P_1-1-pt_2013,84.89999999999945
P_1-2_4483,P_1-1-pt_7573,55.60000000000052
P_1-2_4483,P_1-1-veh_767,11.899999999999974
P_1-2_4483,P_1-2_303,27.800000000000125
P_1-2_4483,P_1-1-pt_297,111.79999999999792
P_1-2_4483,P_1-1-pt_2162,57.90000000000055
P_1-2_4483,P_1-1-pt_3409,55.300000000000516
P_1-2_4483,P_1-1-pt_1270,41.70000000000032
P_1-2_4483,P_1-1-pt_1473,3.800000000000002
P_1-2_4483,P_1-1-pt_7863,54.80000000000051
P_1-2_4483,P_1-1-pt_8545,44.90000000000037
P_1-2_4483,P_1-1-pt_5193,40.0000000000003
P_1-2_4483,P_1-1-pt_8728,2625.999999998707
P_1-2_4483,P_1-1-pt_7325,5.4999999999999964
P_1-2_5951,P_1-1-pt_4966,58.700000000000564
P_1-2_5951,P_1-1-pt_5078,47.90000000000041
P_1-2_5951,P_1-1-pt_7208,51.50000000000046
P_1-2_5951,P_1-1-pt_6538,51.20000000000046
P_1-2_5951,P_1-1-pt_8682,50.60000000000045
P_1-2_5951,P_1-1-pt_1226,57.60000000000055
P_1-2_5951,P_1-2_1596,53.60000000000049
P_1-2_5951,P_1-1-veh_234,53.30000000000049
P_1-2_5951,P_1-1-pt_7080,50.90000000000045
P_1-2_5951,P_1-2_3389,53.50000000000049
P_1-2_5951,P_1-1-pt_1714,55.300000000000516
P_1-2_5951,P_1-2_2287,55.70000000000052
P_1-2_5951,P_1-3_2454,55.60000000000052
P_1-2_5951,P_1-3_874,53.30000000000049
P_1-2_5951,P_1-1-pt_560,52.00000000000047
P_1-2_5951,P_1-3_1785,55.80000000000052
P_1-2_5951,P_1-2_3081,56.000000000000526
P_1-2_5951,P_1-2_4771,900.1000000001361
P_1-1-pt_2129,P_1-2_3488,108.89999999999809
P_1-1-pt_2129,P_1-2_2237,107.99999999999814
P_1-1-pt_2129,P_1-1-pt_5275,110.99999999999797
P_1-1-pt_2129,P_1-1-pt_1700,110.89999999999797
P_1-1-pt_2129,P_1-2_1533,138.6999999999964
P_1-1-pt_2129,P_1-1-pt_1039,6473.000000006017
P_1-1-pt_2820,P_1-2_2473,41.60000000000032
P_1-1-pt_2820,P_1-3_1945,42.600000000000335
P_1-1-pt_2820,P_1-2_3702,42.80000000000034
P_1-1-pt_2820,P_1-2_848,42.70000000000034
P_1-1-pt_2820,P_1-1-pt_2834,45.300000000000374
P_1-1-pt_2820,P_1-3_2221,859.900000000127
P_1-1-pt_2820,P_1-1-pt_3097,63.10000000000063
P_1-3_4775,P_1-2_4634,233.39999999999102
P_1-3_4775,P_1-3_2410,175.8999999999943
P_1-3_4775,P_1-3_3253,175.19999999999433
P_1-3_4775,P_1-3_2018,110.09999999999802
P_1-3_4775,P_1-3_2633,165.2999999999949
P_1-3_4775,P_1-2_5210,110.89999999999797
P_1-3_4775,P_1-2_573,110.79999999999798
P_1-3_4775,P_1-3_4954,110.99999999999797
P_1-3_4775,P_1-3_4875,370.3000000000157
P_1-3_4775,P_1-3_3410,292.7999999999981
P_1-1-pt_7760,P_1-3_4168,57.80000000000055
P_1-1-pt_7760,P_1-1-pt_7080,58.100000000000556
P_1-1-pt_7760,P_1-1-veh_792,57.80000000000055
P_1-1-pt_7760,P_1-1-veh_234,108.5999999999981
P_1-1-pt_7760,P_1-1-pt_6538,48.00000000000041
P_1-1-pt_7760,P_1-1-pt_776,61.80000000000061
P_1-1-pt_7760,P_1-1-pt_7142,68.60000000000038
P_1-1-pt_7760,P_1-2_2554,25.600000000000094
P_1-1-pt_7760,P_1-1-pt_6273,105.79999999999826
P_1-1-pt_7760,P_1-3_2323,60.50000000000059
P_1-1-pt_7760,P_1-3_528,5.999999999999995
P_1-1-pt_7760,P_1-3_3494,107.69999999999816
P_1-1-pt_7760,P_1-1-pt_5897,188.0999999999936
P_1-2_3879,P_1-2_4454,53.40000000000049
P_1-2_3879,P_2-1_6130,54.600000000000506
P_1-2_3879,P_2-1_5067,54.2000000000005
P_1-2_3879,P_1-2_4853,61.0000000000006
P_1-2_3879,P_1-3_4663,54.500000000000504
P_1-2_3879,P_1-2_1658,53.30000000000049
P_1-2_3879,P_1-3_4881,53.200000000000486
P_1-2_3879,P_1-2_2180,1956.8999999993157
P_1-2_3879,P_1-2_5543,45.00000000000037
P_1-2_3879,P_1-3_2773,74.10000000000007
P_1-2_3879,P_1-3_4025,33.70000000000021
P_1-2_3879,P_2-1_4267,55.200000000000514
P_1-2_3879,P_2-1_3390,55.60000000000052
P_1-2_3879,P_1-3_28,15.69999999999996
P_1-2_3879,P_2-1_1463,145.799999999996
P_1-2_3879,P_1-3_234,41.70000000000032
P_1-2_3879,P_2-1_499,101.79999999999849
P_1-2_3879,P_2-1_804,93.89999999999894
P_1-2_3879,P_1-3_4262,45.70000000000038
P_1-2_3879,P_2-1_213,53.30000000000049
P_1-1-pt_4715,P_1-1-pt_2952,45.90000000000038
P_1-1-pt_4715,P_1-2_1066,57.50000000000055
P_1-1-pt_4715,P_1-2_3835,50.400000000000446
P_1-1-pt_4715,P_1-2_3286,45.60000000000038
P_1-3_1737,P_1-3_2643,53.200000000000486
P_1-3_1737,P_1-3_1324,53.200000000000486
P_1-3_1737,P_1-1-pt_2808,50.90000000000045
P_1-3_1737,P_1-1-pt_2606,58.100000000000556
P_1-3_1737,P_1-1-pt_8545,179.69999999999408
P_1-3_1737,P_1-2_2702,45.60000000000038
P_1-1-pt_1039,P_1-2_3488,110.19999999999801
P_1-1-pt_1039,P_1-2_2237,107.99999999999814
P_1-1-pt_1039,P_1-1-pt_5275,111.99999999999791
P_1-1-pt_1039,P_1-1-pt_1700,110.79999999999798
P_1-1-pt_1039,P_1-2_1533,153.59999999999556
P_1-1-pt_1039,P_1-1-pt_2129,6473.000000006017
P_1-2_2598,P_1-3_5117,53.30000000000049
P_1-2_2598,P_1-2_2183,53.40000000000049
P_1-2_2598,P_1-2_5641,157.19999999999536
P_1-2_2598,P_1-2_3608,11.299999999999976
P_1-2_2598,P_1-1-veh_246,17.199999999999974
P_1-2_2598,P_1-1-pt_6292,7.999999999999988
P_1-2_2598,P_1-2_5428,28.600000000000136
P_1-2_2598,P_1-1-pt_498,57.00000000000054
P_1-2_2598,P_1-1-veh_530,27.700000000000124
P_1-2_2598,P_1-3_1535,41.60000000000032
P_1-2_2598,P_1-1-pt_2032,55.10000000000051
P_2-1_3390,P_1-2_5288,53.30000000000049
P_2-1_3390,P_2-1_4267,1390.4999999998308
P_2-1_3390,P_1-3_268,53.40000000000049
P_2-1_3390,P_1-3_28,53.40000000000049
P_2-1_3390,P_1-3_234,53.200000000000486
P_2-1_3390,P_1-2_3879,55.60000000000052
P_2-1_3390,P_1-3_2773,58.60000000000056
P_2-1_3390,P_1-3_4262,53.40000000000049
P_2-1_3390,P_1-3_5144,85.49999999999942
P_2-1_3390,P_1-3_2786,72.30000000000017
P_2-1_3390,P_1-3_5475,109.69999999999804
P_2-1_3390,P_1-1-pt_5999,56.80000000000054
P_2-1_3390,P_1-2_752,51.700000000000465
P_2-1_3390,P_1-1-pt_5258,46.700000000000394
P_1-1-pt_3275,P_1-1-pt_1121,74.10000000000007
P_1-1-pt_3275,P_1-1-pt_494,47.90000000000041
P_1-1-pt_3275,P_1-1-pt_2162,48.00000000000041
P_1-1-pt_3275,P_1-1-pt_5897,61.3000000000006
P_1-1-pt_3275,P_1-1-pt_4671,64.10000000000063
P_1-1-pt_3275,P_1-1-pt_1270,61.2000000000006
P_1-1-pt_3275,P_1-1-pt_4919,60.900000000000595
P_1-1-pt_3275,P_1-1-pt_1304,62.300000000000615
P_1-1-pt_3275,P_1-1-pt_7863,60.900000000000595
P_1-1-pt_3275,P_1-2_1017,25.40000000000009
P_1-1-pt_3275,P_1-1-pt_5193,61.600000000000605
P_1-1-pt_3275,P_1-1-pt_7325,62.50000000000062
P_1-1-pt_3275,P_1-1-pt_8137,62.10000000000061
P_1-1-pt_3275,P_1-1-pt_8762,62.50000000000062
P_1-1-pt_3275,P_1-1-pt_1138,63.40000000000063
P_1-1-pt_3275,P_1-1-pt_1560,2077.599999999206
P_1-1-pt_3275,P_1-1-pt_1966,61.0000000000006
P_1-1-pt_3275,P_1-1-pt_4595,72.60000000000015
P_1-1-pt_3275,P_1-1-pt_1037,6.5999999999999925
P_1-1-pt_3275,P_1-1-pt_5906,62.900000000000624
P_1-1-pt_3275,P_1-1-pt_5942,64.00000000000064
P_1-1-pt_3275,P_1-1-pt_1226,1.0999999999999999
P_1-1-pt_4875,P_1-1-pt_1238,3.4000000000000017
P_1-1-pt_4875,P_1-3_635,54.70000000000051
P_1-1-pt_4875,P_1-2_168,1965.6999999993077
P_1-1-pt_4875,P_2-1_2136,63.30000000000063
P_1-1-pt_4875,P_1-1-veh_65,67.80000000000042
P_1-1-pt_4875,P_1-1-pt_1473,41.800000000000324
P_1-1-pt_4875,P_2-1_4127,49.600000000000435
P_1-2_3908,P_2-1_5435,845.5000000001237
P_1-2_3908,P_2-1_4331,822.3000000001184
P_1-2_3908,P_1-2_2229,822.1000000001184
P_1-2_3908,P_1-2_2030,768.0000000001061
P_1-2_3908,P_2-1_3376,796.7000000001126
P_1-2_3908,P_2-1_6256,2433.999999998882
P_1-2_3908,P_1-2_4607,767.600000000106
P_1-2_3908,P_1-1-pt_7104,736.800000000099
P_1-2_3908,P_1-2_4886,767.2000000001059
P_1-2_4940,P_1-1-pt_3489,57.10000000000054
P_1-2_4940,P_1-1-pt_2013,44.10000000000036
P_1-2_4940,P_1-1-pt_2369,22.000000000000043
P_1-2_4940,P_2-1_3764,49.50000000000043
P_1-2_4940,P_2-1_2925,57.10000000000054
P_1-2_4940,P_1-1-pt_6453,2476.2999999988433
P_1-2_4940,P_1-1-pt_521,51.100000000000456
P_1-2_4940,P_1-1-pt_5666,58.30000000000056
P_1-2_4940,P_1-1-pt_4736,55.40000000000052
P_1-2_4940,P_1-1-pt_5167,69.9000000000003
P_1-2_4940,P_1-2_4483,44.30000000000036
P_1-2_4940,P_1-1-pt_1747,58.700000000000564
P_1-2_4940,P_1-1-pt_98,57.10000000000054
P_1-2_4940,P_1-1-pt_3207,57.50000000000055
P_1-2_4940,P_1-1-pt_3671,57.20000000000054
P_1-2_4940,P_1-1-pt_7915,24.60000000000008
P_1-2_4940,P_1-2_5543,45.80000000000038
P_1-2_4940,P_2-1_1878,161.7999999999951
P_1-2_4940,P_2-1_4267,47.2000000000004
P_1-2_4940,P_2-1_1724,72.00000000000018
P_1-2_4940,P_1-3_3339,47.500000000000405
P_1-1-pt_2032,P_1-1-pt_7938,58.50000000000056
P_1-1-pt_2032,P_1-2_5428,6.699999999999992
P_1-1-pt_2032,P_1-1-pt_498,58.30000000000056
P_1-1-pt_2032,P_1-2_609,55.40000000000052
P_1-1-pt_2032,P_1-2_2598,55.10000000000051
P_2-1_3764,P_1-1-pt_2770,8.399999999999986
P_2-1_3764,P_1-1-pt_6355,8.299999999999986
P_2-1_3764,P_1-3_5144,45.300000000000374
P_2-1_3764,P_1-1-pt_8969,8.499999999999986
P_2-1_3764,P_1-1-pt_6743,8.699999999999985
P_2-1_3764,P_1-1-pt_6974,142.79999999999617
P_2-1_3764,P_1-1-pt_98,53.100000000000485
P_2-1_3764,P_1-1-pt_2920,55.50000000000052
P_2-1_3764,P_1-1-pt_6453,59.60000000000058
P_2-1_3764,P_1-2_4940,49.50000000000043
P_2-1_3764,P_1-1-pt_8728,23.10000000000006
P_2-1_3764,P_1-1-veh_610,11.699999999999974
P_2-1_3764,P_1-1-veh_767,11.699999999999974
P_2-1_3764,P_1-2_303,27.700000000000124
P_2-1_3764,P_1-1-pt_255,38.20000000000027
P_2-1_3764,P_1-1-pt_494,57.70000000000055
P_2-1_3764,P_1-1-pt_2162,57.80000000000055
P_2-1_3764,P_1-1-pt_5897,55.60000000000052
P_2-1_3764,P_1-1-pt_3769,55.40000000000052
P_2-1_3764,P_1-1-pt_4671,54.80000000000051
P_2-1_3764,P_1-1-pt_3409,54.80000000000051
P_2-1_3764,P_1-1-pt_1270,56.000000000000526
P_2-1_3764,P_1-1-pt_4919,55.70000000000052
P_2-1_3764,P_2-1_2925,378.40000000001754
P_2-1_3764,P_1-1-pt_7863,65.20000000000057
P_2-1_3764,P_1-1-veh_792,67.80000000000042
P_2-1_3764,P_1-1-pt_8545,56.30000000000053
P_2-1_3764,P_1-1-pt_5193,55.80000000000052
P_2-1_3764,P_1-1-pt_7325,56.30000000000053
P_2-1_3764,P_1-1-pt_8137,56.80000000000054
P_2-1_3764,P_1-1-pt_1108,44.40000000000036
P_2-1_3764,P_1-1-veh_105,37.40000000000026
P_2-1_3764,P_1-2_1203,58.20000000000056
P_2-1_3764,P_1-2_2554,88.19999999999926
P_2-1_3764,P_1-1-pt_6389,59.500000000000576
P_1-1-pt_2431,P_1-2_4329,126.1999999999971
P_1-1-pt_2431,P_1-2_3590,51.800000000000466
P_1-1-pt_2431,P_1-1-pt_5139,113.19999999999784
P_1-1-pt_2431,P_1-1-pt_1601,51.90000000000047
P_1-1-pt_2431,P_1-1-pt_1006,59.90000000000058
P_1-1-pt_2431,P_1-1-pt_7440,50.300000000000445
P_1-1-pt_2431,P_1-1-pt_1167,58.000000000000554
P_1-1-pt_2431,P_1-1-pt_3931,84.99999999999945
P_1-1-pt_2431,P_1-3_1604,96.69999999999878
P_1-1-pt_2431,P_2-1_6236,60.00000000000058
P_1-3_4822,P_1-2_1640,53.50000000000049
P_1-3_4822,P_1-2_5641,53.50000000000049
P_1-3_4822,P_1-2_4098,252.59999999998993
P_1-3_4822,P_1-2_4724,820.700000000118
P_1-3_4822,P_1-2_3716,2156.599999999134
P_1-3_4822,P_1-2_4327,744.5000000001007
P_1-3_4822,P_1-2_5943,112.69999999999787
P_1-3_4822,P_1-1-pt_4645,28.500000000000135
P_1-3_4822,P_1-2_1219,117.89999999999758
P_1-3_4822,P_1-2_3752,151.49999999999568
P_1-1-pt_7763,P_1-1-pt_1560,356.3000000000125
P_1-1-pt_7763,P_1-2_303,53.70000000000049
P_1-1-pt_7763,P_1-3_3494,52.20000000000047
P_1-1-pt_7763,P_1-1-veh_792,51.000000000000455
P_1-1-pt_7763,P_1-1-veh_105,51.20000000000046
P_1-1-pt_7763,P_1-1-pt_6273,56.600000000000534
P_1-1-pt_7763,P_1-2_2554,51.20000000000046
P_1-1-pt_7763,P_1-1-pt_8682,88.89999999999922
P_1-1-pt_7763,P_1-1-pt_7142,57.90000000000055
P_1-2_4730,P_1-3_2482,16.499999999999964
P_1-2_4730,P_1-2_1025,116.79999999999764
P_1-2_4730,P_1-2_1219,92.39999999999903
P_1-1-pt_2863,P_1-1-pt_5167,23.90000000000007
P_1-1-pt_2863,P_1-1-pt_1747,51.800000000000466
P_1-1-pt_2863,P_1-1-pt_5139,894.6000000001349
P_1-1-pt_2863,P_1-2_250,36.300000000000246
P_1-1-pt_2863,P_1-3_5475,50.10000000000044
P_1-1-pt_2863,P_1-1-pt_4380,47.500000000000405
P_1-1-pt_2863,P_1-1-pt_7938,58.40000000000056
P_1-1-pt_2863,P_1-1-pt_3931,58.20000000000056
P_1-1-pt_2863,P_2-1_6236,32.800000000000196
P_1-1-pt_2863,P_1-2_1948,8.399999999999986
P_1-1-pt_2863,P_1-1-pt_8969,55.70000000000052
P_1-1-pt_2863,P_2-1_5067,36.200000000000244
P_1-1-pt_2863,P_1-2_1658,54.4000000000005
P_1-1-pt_2863,P_1-1-pt_7440,53.900000000000496
P_1-3_80,P_1-2_4753,5.1999999999999975
P_1-3_80,P_1-3_2043,13.199999999999969
P_1-3_80,P_1-2_638,15.89999999999996
P_1-3_80,P_2-1_2987,55.60000000000052
P_1-1-pt_1238,P_1-1-pt_4875,3.4000000000000017
P_1-1-pt_1238,P_1-2_1533,404.5000000000235
P_1-1-pt_1238,P_1-3_3046,52.10000000000047
P_1-1-pt_1238,P_1-3_3457,56.20000000000053
P_1-1-pt_1238,P_1-1-veh_234,52.60000000000048
P_1-1-pt_1238,P_1-1-pt_7208,302.1000000000002
P_1-1-pt_1238,P_1-1-pt_6297,76.49999999999993
P_1-1-pt_1238,P_1-2_303,32.20000000000019
P_1-1-pt_1238,P_1-1-pt_6031,61.600000000000605
P_1-1-pt_1238,P_1-1-pt_255,61.90000000000061
P_1-1-pt_1238,P_1-1-pt_1108,61.70000000000061
P_1-1-pt_1238,P_1-1-pt_2834,43.300000000000345
P_1-1-pt_1238,P_1-1-veh_792,56.80000000000054
P_1-1-pt_1238,P_1-1-pt_494,62.50000000000062
P_1-1-pt_1238,P_1-1-pt_2162,62.80000000000062
P_1-1-pt_1238,P_1-1-pt_5897,61.70000000000061
P_1-1-pt_1238,P_1-1-pt_3769,61.80000000000061
P_1-1-pt_1238,P_1-1-pt_4671,61.4000000000006
P_1-1-pt_1238,P_1-1-pt_1270,61.0000000000006
P_1-1-pt_1238,P_1-1-pt_4919,61.0000000000006
P_1-1-pt_1238,P_1-1-pt_1304,60.70000000000059
P_1-1-pt_1238,P_1-1-pt_5906,1656.6999999995887
P_1-1-pt_1238,P_1-1-pt_8545,61.500000000000604
P_1-1-pt_1238,P_1-1-pt_5392,58.50000000000056
P_1-1-pt_1238,P_1-2_2702,117.69999999999759
P_1-1-pt_1238,P_1-1-pt_5241,20.900000000000027
P_1-1-pt_1238,P_1-2_568,35.80000000000024
P_1-1-veh_246,P_1-3_743,52.90000000000048
P_1-1-veh_246,P_1-3_2599,26.300000000000104
P_1-1-veh_246,P_1-2_5745,26.300000000000104
P_1-1-veh_246,P_1-1-pt_8735,4.5
P_1-1-veh_246,P_1-2_4266,26.400000000000105
P_1-1-veh_246,P_1-3_1535,25.600000000000094
P_1-1-veh_246,P_1-2_609,28.600000000000136
P_1-1-veh_246,P_1-1-pt_1173,4347.499999998285
P_1-1-veh_246,P_1-2_3608,283.1999999999959
P_1-1-veh_246,P_1-2_2598,17.199999999999974
P_1-1-pt_7142,P_1-3_17,58.50000000000056
P_1-1-pt_7142,P_1-1-veh_105,48.40000000000042
P_1-1-pt_7142,P_1-3_3834,48.10000000000041
P_1-1-pt_7142,P_1-3_1785,49.90000000000044
P_1-1-pt_7142,P_1-2_2554,49.90000000000044
P_1-1-pt_7142,P_1-2_3280,50.50000000000045
P_1-1-pt_7142,P_1-3_3046,50.50000000000045
P_1-1-pt_7142,P_1-3_3457,50.20000000000044
P_1-1-pt_7142,P_1-1-veh_234,114.59999999999776
P_1-1-pt_7142,P_1-1-pt_6538,1518.5999999997143
P_1-1-pt_7142,P_1-1-pt_776,80.19999999999972
P_1-1-pt_7142,P_1-1-pt_7760,68.60000000000038
P_1-1-pt_7142,P_1-1-pt_1226,79.69999999999975
P_1-1-pt_7142,P_2-1_2136,48.80000000000042
P_1-1-pt_7142,P_1-1-veh_65,184.6999999999938
P_1-1-pt_7142,P_1-1-pt_8830,50.400000000000446
P_1-1-pt_7142,P_1-2_2715,57.60000000000055
P_1-1-pt_7142,P_1-1-pt_7763,57.90000000000055
P_1-1-pt_7142,P_1-3_2323,104.69999999999833
P_1-1-pt_7142,P_1-3_528,95.29999999999886
P_1-1-pt_8762,P_1-3_2985,51.30000000000046
P_1-1-pt_8762,P_1-1-veh_602,50.60000000000045
P_1-1-pt_8762,P_1-1-pt_3927,65.50000000000055
P_1-1-pt_8762,P_1-1-pt_1298,58.700000000000564
P_1-1-pt_8762,P_1-1-pt_3571,57.90000000000055
P_1-1-pt_8762,P_1-1-pt_7325,75.39999999999999
P_1-1-pt_8762,P_1-1-pt_8137,84.29999999999949
P_1-1-pt_8762,P_1-1-pt_5193,38.60000000000028
P_1-1-pt_8762,P_1-1-pt_1798,2211.1999999990844
P_1-1-pt_8762,P_1-1-pt_3275,62.50000000000062
P_1-1-pt_8762,P_1-1-pt_1560,62.40000000000062
P_1-1-pt_8762,P_1-1-pt_1966,61.4000000000006
P_1-1-pt_8762,P_1-1-pt_4595,60.40000000000059
P_1-1-pt_8762,P_1-1-pt_1138,2563.599999998764
P_1-1-pt_8762,P_1-2_2702,104.29999999999835
P_1-1-pt_8762,P_1-1-pt_5392,110.499999999998
P_1-1-pt_5275,P_1-2_3488,110.19999999999801
P_1-1-pt_5275,P_1-2_2237,107.99999999999814
P_1-1-pt_5275,P_1-1-pt_2129,110.99999999999797
P_1-1-pt_5275,P_1-1-pt_1039,111.99999999999791
P_1-1-pt_5275,P_1-1-pt_1700,107.89999999999814
P_1-1-pt_5275,P_1-3_3135,58.60000000000056
P_1-1-pt_1173,P_1-3_743,50.80000000000045
P_1-1-pt_1173,P_1-3_2599,3.0000000000000013
P_1-1-pt_1173,P_1-2_5745,3.3000000000000016
P_1-1-pt_1173,P_1-2_4266,4.799999999999999
P_1-1-pt_1173,P_1-1-veh_246,4347.499999998285
P_1-1-pt_1173,P_1-2_3608,2096.6999999991885
P_1-1-pt_6176,P_1-1-pt_6743,117.89999999999758
P_1-1-pt_6176,P_1-1-pt_5906,65.10000000000058
P_1-1-pt_6176,P_1-1-pt_3916,64.8000000000006
P_1-1-pt_6176,P_1-1-pt_8728,48.50000000000042
P_1-1-pt_6176,P_1-3_4690,59.10000000000057
P_1-1-pt_6176,P_1-1-pt_7573,60.60000000000059
P_1-1-pt_6176,P_1-1-pt_2503,24.800000000000082
P_1-1-pt_6176,P_1-1-pt_297,72.10000000000018
P_1-1-pt_6176,P_1-1-pt_4996,64.20000000000063
P_1-2_2422,P_1-2_1948,26.1000000000001
P_1-2_2422,P_1-3_4492,27.900000000000126
P_1-2_2422,P_1-3_2528,12.599999999999971
P_1-2_2422,P_1-3_5354,45.60000000000038
P_1-2_2422,P_1-3_4587,46.20000000000039
P_1-2_2422,P_1-2_4955,40.60000000000031
P_1-2_2422,P_1-2_2061,41.30000000000032
P_1-2_2422,P_1-3_2076,55.900000000000524
P_1-2_2422,P_1-1-pt_4785,61.1000000000006
P_1-2_2422,P_2-1_3664,51.60000000000046
P_1-2_2422,P_2-1_3058,51.20000000000046
P_1-2_2422,P_1-2_2335,33.60000000000021
P_1-2_2422,P_1-3_2180,50.70000000000045
P_1-2_2422,P_1-3_1213,50.20000000000044
P_1-2_3052,P_1-1-pt_527,56.90000000000054
P_1-2_3052,P_1-2_4962,12.199999999999973
P_1-2_3052,P_1-2_1313,32.40000000000019
P_1-2_3052,P_1-2_2034,10.699999999999978
P_1-2_3052,P_1-1-pt_4595,57.300000000000544
P_1-2_3052,P_1-1-pt_8545,56.80000000000054
P_1-2_3052,P_1-2_1017,41.40000000000032
P_1-2_3052,P_1-3_990,18.799999999999997
P_1-2_3052,P_1-1-pt_1306,183.89999999999384
P_1-2_3052,P_1-1-pt_5906,123.99999999999723
P_1-2_3052,P_1-2_4208,58.000000000000554
P_1-2_3052,P_1-3_3755,56.600000000000534
P_1-2_3052,P_1-3_5334,83.59999999999953
P_1-2_3052,P_1-1-pt_3927,97.39999999999874
P_1-2_3052,P_1-2_2345,30.700000000000166
P_1-2_1420,P_1-3_228,3505.999999997907
P_1-2_1420,P_1-2_4734,224.09999999999155
P_1-2_1420,P_1-2_4206,224.39999999999154
P_1-2_1420,P_1-3_1500,224.59999999999152
P_1-2_1420,P_1-3_3901,224.59999999999152
P_1-2_1420,P_1-3_3776,224.7999999999915
P_1-2_1420,P_2-1_2161,224.19999999999155
P_1-2_1420,P_1-3_874,648.4000000000789
P_1-2_1420,P_1-3_2454,111.79999999999792
P_1-2_1420,P_1-3_3834,111.89999999999792
P_1-2_1420,P_1-2_3280,56.10000000000053
P_1-2_1420,P_1-3_3046,56.10000000000053
P_1-2_1420,P_1-3_3457,56.000000000000526
P_1-2_1420,P_1-3_4168,56.10000000000053
P_1-2_1420,P_1-3_2053,56.10000000000053
P_1-1-pt_6743,P_1-1-pt_6176,117.89999999999758
P_1-1-pt_6743,P_1-1-pt_521,176.89999999999424
P_1-1-pt_6743,P_1-1-pt_8280,193.09999999999332
P_1-1-pt_6743,P_1-1-pt_4262,57.10000000000054
P_1-1-pt_6743,P_1-1-pt_3207,184.3999999999938
P_1-1-pt_6743,P_1-1-pt_4879,121.99999999999734
P_1-1-pt_6743,P_1-1-pt_2369,365.20000000001454
P_1-1-pt_6743,P_1-1-pt_5167,159.09999999999525
P_1-1-pt_6743,P_1-1-pt_1747,145.899999999996
P_1-1-pt_6743,P_1-1-pt_6974,67.50000000000044
P_1-1-pt_6743,P_1-1-pt_98,62.40000000000062
P_1-1-pt_6743,P_1-1-pt_3671,122.7999999999973
P_1-1-pt_6743,P_2-1_3764,8.699999999999985
P_1-1-pt_6743,P_2-1_63,58.40000000000056
P_1-1-pt_6743,P_1-2_1612,58.40000000000056
P_1-1-pt_6743,P_1-3_4663,46.40000000000039
P_1-1-pt_6743,P_1-1-pt_2880,55.60000000000052
P_1-1-pt_6743,P_1-1-pt_3858,78.29999999999983
P_1-1-pt_6743,P_1-1-veh_610,77.0999999999999
P_1-1-pt_6743,P_1-1-veh_767,54.90000000000051
P_1-1-pt_6743,P_1-2_303,54.2000000000005
P_1-1-pt_6743,P_1-1-pt_571,57.20000000000054
P_1-1-pt_6743,P_1-1-pt_3230,56.90000000000054
P_1-1-pt_6743,P_1-1-pt_1497,40.400000000000304
P_1-1-pt_5199,P_1-1-pt_4996,127.89999999999701
P_1-1-pt_5199,P_1-1-pt_3386,62.60000000000062
P_1-1-pt_5199,P_1-1-pt_3067,127.19999999999705
P_1-1-pt_5199,P_1-1-veh_767,375.40000000001686
P_1-1-pt_5199,P_1-1-pt_776,71.20000000000023
P_1-1-pt_5199,P_1-1-pt_1226,65.40000000000056
P_1-1-pt_5199,P_1-2_1596,51.000000000000455
P_1-1-pt_5199,P_1-1-veh_234,180.39999999999404
P_1-1-pt_5199,P_1-1-pt_6931,94.89999999999888
P_1-1-pt_5199,P_1-1-pt_6031,72.00000000000018
P_1-1-pt_5199,P_1-1-pt_3624,69.30000000000034
P_1-1-pt_5199,P_1-1-pt_6413,61.2000000000006
P_1-1-pt_5199,P_1-1-pt_1296,62.40000000000062
P_1-1-pt_5199,P_1-1-pt_2834,41.40000000000032
P_1-1-pt_5199,P_1-1-pt_530,49.000000000000426
P_1-1-pt_1296,P_1-2_4962,50.00000000000044
P_1-1-pt_1296,P_1-2_1017,57.300000000000544
P_1-1-pt_1296,P_1-2_1715,54.70000000000051
P_1-1-pt_1296,P_1-2_2795,51.800000000000466
P_1-1-pt_1296,P_1-1-pt_8247,57.300000000000544
P_1-1-pt_1296,P_1-2_671,55.300000000000516
P_1-1-pt_1296,P_1-1-pt_4996,36.70000000000025
P_1-1-pt_1296,P_1-1-pt_2834,95.09999999999887
P_1-1-pt_1296,P_1-1-pt_5199,62.40000000000062
P_1-1-pt_1296,P_1-1-pt_3097,63.600000000000634
P_1-1-pt_1296,P_2-1_63,1.2
P_1-1-pt_1296,P_1-1-pt_761,62.300000000000615
P_1-1-pt_1296,P_1-1-pt_5666,115.99999999999768
P_1-1-pt_1296,P_1-1-pt_1473,61.1000000000006
P_1-2_2554,P_1-3_3046,2.0000000000000004
P_1-2_2554,P_1-3_3457,35.30000000000023
P_1-2_2554,P_1-1-veh_234,54.90000000000051
P_1-2_2554,P_1-1-pt_7142,49.90000000000044
P_1-2_2554,P_1-1-pt_6538,50.90000000000045
P_1-2_2554,P_1-1-pt_8682,51.000000000000455
P_1-2_2554,P_1-2_1596,53.30000000000049
P_1-2_2554,P_1-3_4168,53.30000000000049
P_1-2_2554,P_1-2_3081,53.50000000000049
P_1-2_2554,P_1-3_3579,61.4000000000006
P_1-2_2554,P_1-1-pt_7080,51.60000000000046
P_1-2_2554,P_1-1-veh_105,46.60000000000039
P_1-2_2554,P_1-1-pt_7763,51.20000000000046
P_1-2_2554,P_1-2_1203,1504.0999999997275
P_1-2_2554,P_1-1-pt_7760,25.600000000000094
P_1-2_2554,P_1-1-pt_6273,46.800000000000395
P_1-2_2554,P_1-3_2323,52.60000000000048
P_1-2_2554,P_1-3_528,53.70000000000049
P_1-2_2554,P_1-3_403,53.200000000000486
P_1-2_2554,P_1-1-pt_1108,259.4999999999905
P_1-2_2554,P_1-1-pt_1304,120.49999999999743
P_1-2_2554,P_2-1_3764,88.19999999999926
P_1-2_2554,P_2-1_2925,62.70000000000062
P_1-2_2554,P_1-1-pt_8137,103.59999999999839
P_1-2_2554,P_2-1_63,11.299999999999976
P_1-2_2554,P_1-1-pt_6453,48.900000000000425
P_1-1-pt_1298,P_1-2_4208,37.10000000000026
P_1-1-pt_1298,P_1-1-pt_4671,57.80000000000055
P_1-1-pt_1298,P_1-1-pt_8762,58.700000000000564
P_1-1-pt_1298,P_1-1-pt_1798,58.30000000000056
P_1-1-pt_1298,P_1-2_3413,52.80000000000048
P_1-1-pt_1298,P_1-1-pt_1037,72.40000000000016
P_1-1-pt_1298,P_1-1-pt_5324,65.40000000000056
P_1-1-pt_1298,P_2-1_2045,51.30000000000046
P_1-3_3132,P_1-2_5288,53.30000000000049
P_1-3_3132,P_1-3_2374,53.70000000000049
P_1-3_3132,P_1-3_268,53.50000000000049
P_1-3_3132,P_1-2_1805,55.200000000000514
P_1-1-pt_1966,P_1-2_303,48.80000000000042
P_1-1-pt_1966,P_1-1-pt_6031,61.2000000000006
P_1-1-pt_1966,P_1-1-pt_255,63.10000000000063
P_1-1-pt_1966,P_1-1-pt_1108,60.800000000000594
P_1-1-pt_1966,P_1-1-pt_494,61.70000000000061
P_1-1-pt_1966,P_1-1-pt_2162,61.80000000000061
P_1-1-pt_1966,P_1-1-pt_5897,60.800000000000594
P_1-1-pt_1966,P_1-1-pt_4671,61.3000000000006
P_1-1-pt_1966,P_1-1-pt_1270,86.29999999999937
P_1-1-pt_1966,P_1-1-pt_4919,80.79999999999968
P_1-1-pt_1966,P_1-1-pt_1304,78.6999999999998
P_1-1-pt_1966,P_1-1-pt_7863,61.500000000000604
P_1-1-pt_1966,P_1-1-pt_5193,60.800000000000594
P_1-1-pt_1966,P_1-1-pt_7325,62.50000000000062
P_1-1-pt_1966,P_1-1-pt_8137,62.900000000000624
P_1-1-pt_1966,P_1-1-pt_8762,61.4000000000006
P_1-1-pt_1966,P_1-1-pt_1138,62.00000000000061
P_1-1-pt_1966,P_1-1-pt_654,60.40000000000059
P_1-1-pt_1966,P_1-2_3575,62.200000000000614
P_1-1-pt_1966,P_1-2_3386,51.60000000000046
P_1-1-pt_1966,P_1-1-pt_3275,61.0000000000006
P_1-1-pt_4736,P_1-1-pt_2503,0.7
P_1-1-pt_4736,P_1-1-pt_3207,145.29999999999603
P_1-1-pt_4736,P_1-1-pt_2369,228.3999999999913
P_1-1-pt_4736,P_1-1-pt_5167,190.79999999999345
P_1-1-pt_4736,P_1-1-pt_3858,104.29999999999835
P_1-1-pt_4736,P_1-1-pt_1747,186.69999999999368
P_1-1-pt_4736,P_1-1-pt_3671,431.60000000002964
P_1-1-pt_4736,P_1-1-pt_1497,176.69999999999425
P_1-1-pt_4736,P_1-2_250,761.4000000001046
P_1-1-pt_4736,P_1-1-pt_98,64.7000000000006
P_1-1-pt_4736,P_1-1-pt_2920,66.20000000000051
P_1-1-pt_4736,P_1-1-pt_6974,146.79999999999595
P_1-1-pt_4736,P_1-2_4940,55.40000000000052
P_1-1-pt_4736,P_1-1-pt_8728,71.30000000000022
P_1-1-pt_4736,P_1-1-veh_610,17.49999999999998
P_1-1-pt_4736,P_1-1-pt_8280,66.10000000000052
P_1-1-pt_4736,P_1-1-pt_571,149.99999999999577
P_1-1-pt_4736,P_1-1-pt_3230,154.39999999999552
P_1-1-pt_4736,P_1-1-pt_7208,66.80000000000048
P_1-1-pt_4736,P_1-1-pt_2880,416.5000000000262
P_1-2_1953,P_1-2_1494,53.40000000000049
P_1-2_1953,P_2-1_600,58.800000000000566
P_1-2_1953,P_1-2_4376,53.30000000000049
P_1-2_1953,P_1-3_1676,53.100000000000485
P_1-2_1953,P_1-2_5765,53.200000000000486
P_1-2_1953,P_1-3_809,2021.6999999992568
P_1-3_5354,P_1-3_2076,159.9999999999952
P_1-3_5354,P_1-1-pt_2961,51.90000000000047
P_1-3_5354,P_1-2_5020,106.19999999999824
P_1-3_5354,P_1-1-pt_8968,51.60000000000046
P_1-3_5354,P_1-2_2422,45.60000000000038
P_1-3_5354,P_1-2_5092,55.00000000000051
P_1-3_5354,P_2-1_4930,49.700000000000436
P_1-3_5354,P_1-3_5451,260.49999999999073
P_1-3_5354,P_1-3_4587,109.19999999999807
P_1-3_5354,P_1-2_4955,51.20000000000046
P_1-3_5354,P_1-2_2061,51.000000000000455
P_1-3_5354,P_1-1-pt_6516,204.79999999999265
P_1-3_5354,P_1-1-pt_4785,40.90000000000031
P_1-3_5354,P_1-2_3378,109.39999999999806
P_1-3_5354,P_1-2_3077,109.39999999999806
P_1-3_5354,P_1-3_2180,46.800000000000395
P_2-1_2136,P_1-3_635,53.200000000000486
P_2-1_2136,P_1-1-veh_65,184.99999999999378
P_2-1_2136,P_1-1-pt_4875,63.30000000000063
P_2-1_2136,P_1-2_168,59.20000000000057
P_2-1_2136,P_1-1-pt_8830,51.000000000000455
P_2-1_2136,P_1-2_3708,53.30000000000049
P_2-1_2136,P_1-1-pt_7142,48.80000000000042
P_2-1_2136,P_1-2_2715,51.40000000000046
P_2-1_2136,P_1-1-pt_2529,64.8000000000006
P_2-1_2136,P_1-1-pt_6931,64.30000000000062
P_2-1_2136,P_1-1-pt_6297,114.79999999999775
P_2-1_2136,P_1-1-pt_6031,105.59999999999827
P_2-1_2136,P_1-1-pt_8068,55.00000000000051
P_1-1-pt_6538,P_1-3_17,147.89999999999588
P_1-1-pt_6538,P_1-1-veh_105,50.80000000000045
P_1-1-pt_6538,P_1-3_3834,45.70000000000038
P_1-1-pt_6538,P_1-3_1785,50.90000000000045
P_1-1-pt_6538,P_1-2_2554,50.90000000000045
P_1-1-pt_6538,P_1-2_3280,50.90000000000045
P_1-1-pt_6538,P_1-3_3046,50.90000000000045
P_1-1-pt_6538,P_1-3_3457,50.90000000000045
P_1-1-pt_6538,P_1-1-veh_234,54.70000000000051
P_1-1-pt_6538,P_1-1-pt_7142,1518.5999999997143
P_1-1-pt_6538,P_1-1-pt_7760,48.00000000000041
P_1-1-pt_6538,P_1-3_2053,50.50000000000045
P_1-1-pt_6538,P_1-1-pt_776,290.99999999999767
P_1-1-pt_6538,P_1-2_5951,51.20000000000046
P_1-1-pt_6538,P_1-1-pt_5078,57.90000000000055
P_1-1-pt_6538,P_1-3_4690,51.50000000000046
P_1-1-pt_6538,P_1-1-pt_761,68.70000000000037
P_1-1-pt_6538,P_1-2_1255,90.9999999999991
P_1-1-pt_6538,P_1-1-pt_2503,129.9999999999969
P_1-1-pt_5193,P_1-1-pt_7325,219.29999999999183
P_1-1-pt_5193,P_1-1-pt_8137,153.49999999999557
P_1-1-pt_5193,P_1-1-pt_7863,40.3000000000003
P_1-1-pt_5193,P_1-1-pt_8762,38.60000000000028
P_1-1-pt_5193,P_1-1-pt_1798,22.900000000000055
P_1-1-pt_5193,P_1-1-pt_1138,19.200000000000003
P_1-1-pt_5193,P_1-2_1313,63.10000000000063
P_1-1-pt_5193,P_1-1-pt_3275,61.600000000000605
P_1-1-pt_5193,P_1-1-pt_1560,61.600000000000605
P_1-1-pt_5193,P_1-1-pt_1966,60.800000000000594
P_1-1-pt_5193,P_1-1-pt_4595,88.49999999999925
P_1-1-pt_5193,P_1-1-pt_5906,61.70000000000061
P_1-1-pt_5193,P_1-1-pt_1226,60.900000000000595
P_1-1-pt_5193,P_1-1-pt_3624,57.70000000000055
P_1-1-pt_5193,P_1-1-pt_1304,56.20000000000053
P_1-1-pt_5193,P_1-1-veh_105,106.19999999999824
P_1-1-pt_5193,P_2-1_3764,55.80000000000052
P_1-1-pt_5193,P_2-1_2925,56.40000000000053
P_1-1-pt_5193,P_1-1-veh_792,129.69999999999692
P_1-1-pt_5193,P_2-1_63,87.09999999999933
P_1-1-pt_5193,P_1-2_1612,85.6999999999994
P_1-1-pt_5193,P_1-1-pt_6453,56.700000000000536
P_1-1-pt_5193,P_1-3_3245,51.20000000000046
P_1-1-pt_5193,P_2-1_5419,50.400000000000446
P_1-1-pt_5193,P_1-1-pt_8728,53.30000000000049
P_1-1-pt_5193,P_1-1-pt_8545,1888.6999999993777
P_1-1-pt_5193,P_1-2_4483,40.0000000000003
P_1-2_5252,P_1-1-pt_2718,51.000000000000455
P_1-2_5252,P_1-3_2881,53.200000000000486
P_1-2_5252,P_1-1-veh_603,53.30000000000049
P_1-2_5252,P_1-2_1600,53.200000000000486
P_1-2_5252,P_1-1-pt_6309,50.90000000000045
P_1-2_5252,P_1-1-pt_8692,50.90000000000045
P_1-2_5252,P_1-1-veh_459,53.30000000000049
P_1-2_5252,P_1-1-pt_8611,50.70000000000045
P_1-2_5252,P_1-1-pt_5997,50.90000000000045
P_1-2_5252,P_1-1-pt_394,50.80000000000045
P_1-2_5252,P_1-1-pt_4541,50.80000000000045
P_1-2_5252,P_1-3_4124,53.200000000000486
P_1-2_5252,P_1-3_2421,53.30000000000049
P_1-2_5252,P_1-1-pt_725,50.90000000000045
P_1-2_5252,P_1-1-pt_530,7.599999999999989
P_1-2_5252,P_1-1-pt_3067,34.900000000000226
P_1-2_5252,P_1-1-veh_792,139.79999999999634
P_1-3_4666,P_1-2_505,44.40000000000036
P_1-3_4666,P_1-2_2715,48.00000000000041
P_1-3_4666,P_1-1-pt_0,39.000000000000284
P_1-3_4666,P_1-2_4791,109.89999999999803
P_1-3_4666,P_1-2_1533,110.89999999999797
P_1-3_4666,P_1-3_5578,105.1999999999983
P_1-3_4666,P_1-3_635,53.200000000000486
P_1-1-veh_407,P_2-1_4232,53.40000000000049
P_1-1-veh_407,P_1-1-pt_6358,51.50000000000046
P_1-1-veh_407,P_1-1-pt_6516,55.40000000000052
P_1-3_3793,P_1-3_870,132.39999999999677
P_1-3_3793,P_1-3_2278,57.50000000000055
P_1-3_3793,P_1-1-pt_560,476.60000000003987
P_1-2_4098,P_1-3_5117,53.40000000000049
P_1-2_4098,P_1-2_2183,53.50000000000049
P_1-2_4098,P_1-2_1025,41.60000000000032
P_1-2_4098,P_1-3_4822,252.59999999998993
P_1-2_4098,P_1-2_4327,553.9000000000574
P_1-2_4098,P_1-2_5943,58.20000000000056
P_1-2_4098,P_1-1-pt_4645,109.99999999999802
P_1-2_4098,P_1-2_1219,45.400000000000375
P_1-2_4098,P_1-2_3752,74.00000000000007
P_1-2_4098,P_1-3_2482,3139.49999999824
P_1-2_4098,P_1-2_3716,3395.599999998007
P_1-2_5288,P_1-2_1805,53.40000000000049
P_1-2_5288,P_1-2_5369,41.50000000000032
P_1-2_5288,P_2-1_4267,53.30000000000049
P_1-2_5288,P_2-1_3390,53.30000000000049
P_1-2_5288,P_2-1_1463,53.40000000000049
P_1-2_5288,P_2-1_499,53.40000000000049
P_1-2_5288,P_2-1_213,53.30000000000049
P_1-2_5288,P_1-3_3132,53.30000000000049
P_1-2_5288,P_1-3_2187,42.20000000000033
P_1-1-pt_6292,P_1-3_743,50.60000000000045
P_1-1-pt_6292,P_1-1-pt_1723,95.69999999999884
P_1-1-pt_6292,P_1-1-pt_498,188.99999999999355
P_1-1-pt_6292,P_1-3_2599,2.800000000000001
P_1-1-pt_6292,P_1-2_5745,2.1000000000000005
P_1-1-pt_6292,P_1-2_4266,3.3000000000000016
P_1-1-pt_6292,P_1-2_2598,7.999999999999988
P_1-1-pt_6292,P_1-2_5428,3854.6999999975897
P_1-3_1027,P_1-2_4329,33.90000000000021
P_1-3_1027,P_1-2_3590,53.50000000000049
P_1-3_1027,P_1-3_2424,48.50000000000042
P_1-3_1027,P_1-3_1571,58.000000000000554
P_1-3_1027,P_1-1-pt_5139,85.6999999999994
P_1-3_1027,P_1-1-pt_1006,129.09999999999695
P_1-3_1027,P_1-1-pt_2920,52.70000000000048
P_1-3_1027,P_1-1-pt_6673,64.50000000000061
P_1-2_1533,P_1-1-pt_1238,404.5000000000235
P_1-2_1533,P_1-2_505,27.200000000000117
P_1-2_1533,P_1-2_2715,34.800000000000225
P_1-2_1533,P_1-1-pt_0,8.499999999999986
P_1-2_1533,P_1-3_4666,110.89999999999797
P_1-2_1533,P_1-2_4791,55.300000000000516
P_1-2_1533,P_1-3_5578,56.50000000000053
P_1-2_1533,P_1-3_635,55.900000000000524
P_1-2_1533,P_1-1-pt_1039,153.59999999999556
P_1-2_1533,P_1-1-pt_2129,138.6999999999964
P_1-2_1533,P_1-1-pt_1700,56.600000000000534
P_1-3_228,P_1-2_1420,3505.999999997907
P_1-3_228,P_1-2_4734,223.99999999999156
P_1-3_228,P_1-2_4206,224.09999999999155
P_1-3_228,P_1-3_1500,223.4999999999916
P_1-3_228,P_1-3_3901,224.59999999999152
P_1-3_228,P_1-3_3776,224.29999999999154
P_1-3_228,P_2-1_2161,223.69999999999158
P_1-3_228,P_1-3_874,631.7000000000751
P_1-3_228,P_1-3_2454,111.49999999999794
P_1-3_228,P_1-3_3834,111.59999999999793
P_1-3_228,P_1-2_3280,64.00000000000064
P_1-3_228,P_1-3_3046,56.10000000000053
P_1-3_228,P_1-3_3457,55.900000000000524
P_1-3_228,P_1-3_4168,55.900000000000524
P_1-3_228,P_1-3_2053,55.900000000000524
P_1-2_5752,P_1-2_3821,678.6000000000857
P_1-2_5752,P_1-2_2580,679.800000000086
P_1-2_5752,P_1-3_4738,680.2000000000861
P_1-2_5752,P_1-2_3464,630.5000000000748
P_1-2_5752,P_1-2_2797,622.700000000073
P_1-2_5752,P_1-1-veh_837,625.6000000000737
P_1-2_5752,P_2-1_2028,1393.9999999998277
P_1-1-pt_2425,P_1-1-pt_6516,47.400000000000404
P_1-1-pt_2425,P_1-1-pt_2342,250.49999999999005
P_1-1-pt_2425,P_2-1_2987,51.700000000000465
P_1-1-pt_2425,P_1-2_5927,43.40000000000035
P_1-1-pt_2425,P_1-1-pt_3800,21.400000000000034
P_1-1-pt_2425,P_1-2_3214,39.100000000000286
P_1-1-pt_2425,P_1-1-pt_841,105.29999999999829
P_1-1-pt_2425,P_1-2_4715,38.300000000000274
P_1-1-pt_2425,P_1-2_2653,44.30000000000036
P_1-1-pt_2425,P_1-1-pt_2770,31.300000000000175
P_1-1-pt_2425,P_1-1-pt_6355,31.800000000000182
P_1-1-pt_2425,P_1-2_4454,52.30000000000047
P_1-1-pt_2425,P_1-2_3590,42.00000000000033
P_1-1-pt_2425,P_1-1-pt_8982,28.400000000000134
P_1-1-pt_2425,P_1-1-pt_8969,26.400000000000105
P_1-1-pt_2425,P_1-2_1658,26.0000000000001
P_1-1-pt_2425,P_1-1-pt_1601,55.70000000000052
P_1-1-pt_2425,P_1-2_1285,3729.6999999977033
P_1-1-pt_2425,P_2-1_2911,1495.6999999997352
P_1-3_990,P_1-2_1017,88.09999999999927
P_1-3_990,P_1-1-veh_152,854.5000000001257
P_1-3_990,P_1-1-pt_5357,168.39999999999472
P_1-3_990,P_1-2_2543,118.89999999999752
P_1-3_990,P_1-2_1313,52.90000000000048
P_1-3_990,P_1-2_2034,27.300000000000118
P_1-3_990,P_1-2_3052,18.799999999999997
P_1-3_990,P_1-2_3413,34.40000000000022
P_1-3_990,P_1-1-pt_1037,22.000000000000043
P_1-3_990,P_1-1-pt_5324,22.700000000000053
P_1-3_990,P_2-1_2045,37.600000000000264
P_1-3_990,P_1-2_3693,62.10000000000061
P_1-1-pt_1167,P_1-1-pt_6358,41.200000000000315
P_1-1-pt_1167,P_1-2_4329,144.0999999999961
P_1-1-pt_1167,P_1-1-pt_2431,58.000000000000554
P_1-1-pt_1167,P_1-1-pt_3931,14.599999999999964
P_1-1-pt_5241,P_1-3_2018,50.80000000000045
P_1-1-pt_5241,P_1-2_5210,50.70000000000045
P_1-1-pt_5241,P_1-2_573,50.60000000000045
P_1-1-pt_5241,P_1-3_4954,50.70000000000045
P_1-1-pt_5241,P_1-3_4875,50.90000000000045
P_1-1-pt_5241,P_1-3_3410,876.7000000001308
P_1-1-pt_5241,P_1-2_5640,481.600000000041
P_1-1-pt_5241,P_1-2_3693,60.70000000000059
P_1-1-pt_5241,P_1-1-pt_1238,20.900000000000027
P_1-1-pt_5241,P_1-2_568,2155.599999999135
P_1-1-veh_152,P_1-1-pt_1420,32.9000000000002
P_1-1-veh_152,P_1-3_990,854.5000000001257
P_1-1-veh_152,P_1-1-pt_4262,57.90000000000055
P_1-1-veh_152,P_1-1-pt_3386,106.9999999999982
P_1-3_874,P_1-1-pt_560,988.3000000001562
P_1-3_874,P_1-2_4771,159.8999999999952
P_1-3_874,P_1-2_4734,111.79999999999792
P_1-3_874,P_1-2_4206,111.79999999999792
P_1-3_874,P_1-3_1500,111.29999999999795
P_1-3_874,P_1-3_3901,111.69999999999793
P_1-3_874,P_1-2_1420,648.4000000000789
P_1-3_874,P_1-3_228,631.7000000000751
P_1-3_874,P_1-3_3776,167.99999999999474
P_1-3_874,P_2-1_2161,168.09999999999474
P_1-3_874,P_1-3_2454,55.80000000000052
P_1-3_874,P_1-3_3834,111.79999999999792
P_1-3_874,P_1-2_3280,61.90000000000061
P_1-3_874,P_1-1-pt_1714,50.90000000000045
P_1-3_874,P_1-2_2287,53.200000000000486
P_1-3_874,P_1-2_3081,53.30000000000049
P_1-3_874,P_1-2_5951,53.30000000000049
P_1-1-pt_5897,P_1-2_3692,42.10000000000033
P_1-1-pt_5897,P_1-1-pt_3571,7.699999999999989
P_1-1-pt_5897,P_1-1-pt_4671,120.9999999999974
P_1-1-pt_5897,P_1-1-pt_1270,47.0000000000004
P_1-1-pt_5897,P_1-1-pt_4919,41.50000000000032
P_1-1-pt_5897,P_1-1-pt_1304,33.70000000000021
P_1-1-pt_5897,P_1-1-pt_3275,61.3000000000006
P_1-1-pt_5897,P_1-1-pt_1560,61.70000000000061
P_1-1-pt_5897,P_1-1-pt_1966,60.800000000000594
P_1-1-pt_5897,P_1-1-pt_5906,61.0000000000006
P_1-1-pt_5897,P_1-1-pt_1238,61.70000000000061
P_1-1-pt_5897,P_1-1-pt_3916,62.80000000000062
P_1-1-pt_5897,P_1-1-pt_1108,55.200000000000514
P_1-1-pt_5897,P_1-1-pt_1226,61.600000000000605
P_1-1-pt_5897,P_1-1-pt_3409,58.50000000000056
P_1-1-pt_5897,P_1-1-pt_3624,58.50000000000056
P_1-1-pt_5897,P_1-1-veh_792,232.0999999999911
P_1-1-pt_5897,P_2-1_3764,55.60000000000052
P_1-1-pt_5897,P_2-1_2925,55.70000000000052
P_1-1-pt_5897,P_1-1-pt_1473,82.89999999999957
P_1-1-pt_5897,P_1-1-pt_6297,91.69999999999906
P_1-1-pt_5897,P_1-1-pt_3769,2289.699999999013
P_1-1-pt_5897,P_1-1-veh_234,50.20000000000044
P_1-1-pt_5897,P_1-1-pt_7760,188.0999999999936
P_1-3_5451,P_1-1-veh_824,54.2000000000005
P_1-3_5451,P_1-2_5092,1000.1000000001588
P_1-3_5451,P_1-3_1140,1446.29999999978
P_1-3_5451,P_2-1_4930,54.600000000000506
P_1-3_5451,P_1-1-pt_8085,1008.2000000001607
P_1-3_5451,P_1-3_5354,260.49999999999073
P_1-3_5451,P_1-2_5927,35.90000000000024
P_1-3_5451,P_1-2_3214,27.100000000000115
P_1-3_5451,P_1-1-pt_841,99.09999999999864
P_1-3_5451,P_1-2_4715,45.00000000000037
P_1-3_5451,P_1-2_2653,48.00000000000041
P_1-3_5451,P_1-1-pt_2770,39.800000000000296
P_1-3_5451,P_1-1-pt_6355,40.400000000000304
P_1-3_5451,P_1-2_4454,45.400000000000375
P_1-3_5451,P_1-2_3590,45.50000000000038
P_1-3_5451,P_1-1-pt_8982,40.500000000000306
P_1-3_5451,P_1-1-pt_8969,22.40000000000005
P_1-3_5451,P_1-2_1658,35.80000000000024
P_1-3_5451,P_1-1-pt_1601,56.80000000000054
P_2-1_3664,P_1-3_1213,55.200000000000514
P_2-1_3664,P_2-1_3058,1566.0999999996711
P_2-1_3664,P_1-2_2215,77.99999999999984
P_2-1_3664,P_1-3_2180,58.50000000000056
P_2-1_3664,P_1-2_2422,51.60000000000046
P_2-1_3664,P_1-3_4587,45.80000000000038
P_2-1_3664,P_1-3_2076,45.70000000000038
P_2-1_3664,P_1-2_5927,41.00000000000031
P_2-1_3664,P_1-1-pt_2961,55.50000000000052
P_2-1_3664,P_1-1-pt_8968,55.300000000000516
P_2-1_2925,P_1-1-pt_1329,61.4000000000006
P_2-1_2925,P_1-1-pt_4879,57.20000000000054
P_2-1_2925,P_1-1-pt_2920,34.60000000000022
P_2-1_2925,P_1-1-pt_6453,58.700000000000564
P_2-1_2925,P_1-2_4940,57.10000000000054
P_2-1_2925,P_1-1-pt_8728,18.39999999999999
P_2-1_2925,P_1-1-veh_610,11.599999999999975
P_2-1_2925,P_1-1-veh_767,11.399999999999975
P_2-1_2925,P_1-2_303,27.700000000000124
P_2-1_2925,P_1-1-pt_255,39.100000000000286
P_2-1_2925,P_1-1-pt_3097,408.0000000000243
P_2-1_2925,P_1-1-pt_6413,24.70000000000008
P_2-1_2925,P_1-1-pt_494,57.70000000000055
P_2-1_2925,P_1-1-pt_2162,57.400000000000546
P_2-1_2925,P_1-1-pt_5897,55.70000000000052
P_2-1_2925,P_1-1-pt_3769,54.90000000000051
P_2-1_2925,P_1-1-pt_4671,54.4000000000005
P_2-1_2925,P_1-1-pt_3409,53.50000000000049
P_2-1_2925,P_1-1-pt_1270,62.60000000000062
P_2-1_2925,P_2-1_3764,378.40000000001754
P_2-1_2925,P_1-1-pt_4919,72.20000000000017
P_2-1_2925,P_1-1-pt_7863,52.10000000000047
P_2-1_2925,P_1-1-veh_792,106.29999999999824
P_2-1_2925,P_1-1-pt_8545,56.700000000000536
P_2-1_2925,P_1-1-pt_5193,56.40000000000053
P_2-1_2925,P_1-1-pt_7325,56.40000000000053
P_2-1_2925,P_1-1-pt_8137,56.20000000000053
P_2-1_2925,P_1-1-pt_1108,44.50000000000036
P_2-1_2925,P_1-1-veh_105,63.20000000000063
P_2-1_2925,P_1-2_1203,51.800000000000466
P_2-1_2925,P_1-2_2554,62.70000000000062
P_2-1_2925,P_1-1-pt_6389,58.40000000000056
P_1-1-pt_3671,P_1-1-pt_5167,1279.9999999999313
P_1-1-pt_3671,P_1-1-pt_1747,1284.8999999999269
P_1-1-pt_3671,P_1-1-pt_4262,323.90000000000515
P_1-1-pt_3671,P_1-1-pt_6974,1121.000000000076
P_1-1-pt_3671,P_1-1-pt_98,1643.3999999996008
P_1-1-pt_3671,P_1-1-pt_3207,867.3000000001286
P_1-1-pt_3671,P_1-1-pt_4879,341.90000000000924
P_1-1-pt_3671,P_1-1-pt_1497,619.0000000000722
P_1-1-pt_3671,P_1-1-pt_6743,122.7999999999973
P_1-1-pt_3671,P_1-1-pt_3858,417.9000000000265
P_1-1-pt_3671,P_1-1-pt_4736,431.60000000002964
P_1-1-pt_3671,P_1-1-pt_2880,131.6999999999968
P_1-1-pt_3671,P_1-1-pt_521,800.5000000001135
P_1-1-pt_3671,P_1-3_3245,85.39999999999942
P_1-1-pt_3671,P_1-1-pt_5666,62.70000000000062
P_1-1-pt_3671,P_1-2_250,21.00000000000003
P_1-1-pt_3671,P_1-1-pt_2920,62.00000000000061
P_1-1-pt_3671,P_1-2_4483,29.50000000000015
P_1-1-pt_3671,P_1-2_4940,57.20000000000054
P_1-1-pt_3671,P_1-1-veh_610,59.00000000000057
P_1-1-pt_3671,P_1-1-pt_7915,68.1000000000004
P_1-1-pt_3671,P_1-2_5543,119.1999999999975
P_1-1-pt_3671,P_1-1-pt_7573,374.10000000001656
P_1-1-pt_3671,P_1-1-veh_767,55.80000000000052
P_1-1-pt_3671,P_1-1-pt_2013,61.600000000000605
P_1-1-pt_3671,P_1-2_303,404.2000000000234
P_1-1-pt_8611,P_1-1-pt_530,47.80000000000041
P_1-1-pt_8611,P_1-2_5252,50.70000000000045
P_1-1-pt_8611,P_1-3_2280,8.499999999999986
P_1-1-pt_8611,P_1-2_2473,54.80000000000051
P_1-1-pt_8611,P_1-2_4249,56.90000000000054
P_1-1-pt_8611,P_1-3_2424,56.700000000000536
P_1-1-pt_8611,P_1-3_5117,50.50000000000045
P_1-1-pt_8611,P_1-2_2183,50.80000000000045
P_1-1-pt_8611,P_1-3_5537,50.90000000000045
P_1-1-pt_8611,P_1-2_1640,14.299999999999965
P_1-1-pt_8611,P_1-2_5641,24.200000000000074
P_1-1-pt_8611,P_1-1-veh_459,1475.1999999997538
P_1-1-pt_8611,P_1-1-pt_5997,1435.0999999997903
P_1-1-pt_8611,P_1-1-pt_394,1238.1999999999694
P_1-1-pt_8611,P_1-1-pt_4541,1198.1000000000058
P_1-3_3076,P_1-1-pt_8735,88.29999999999926
P_1-3_3076,P_1-3_743,110.89999999999797
P_1-3_3076,P_1-1-pt_1723,577.7000000000628
P_1-3_3076,P_1-1-pt_8184,103.19999999999841
P_1-3_3076,P_1-3_2599,55.60000000000052
P_1-3_3076,P_1-2_5745,55.60000000000052
P_1-3_3076,P_1-1-pt_8289,55.200000000000514
P_1-3_3076,P_1-1-pt_182,55.300000000000516
P_1-3_3076,P_1-3_4289,55.60000000000052
P_1-3_3076,P_1-1-veh_834,43.200000000000344
P_1-3_3076,P_1-2_5753,754.0000000001029
P_1-3_3076,P_1-2_4266,925.900000000142
P_1-1-pt_8068,P_1-3_5578,48.300000000000416
P_1-1-pt_8068,P_1-1-pt_8728,53.50000000000049
P_1-1-pt_8068,P_1-3_4690,50.50000000000045
P_1-1-pt_8068,P_1-2_6013,21.10000000000003
P_1-1-pt_8068,P_1-2_505,55.40000000000052
P_1-1-pt_8068,P_2-1_2384,55.40000000000052
P_1-1-pt_8068,P_1-1-pt_6031,178.69999999999413
P_1-1-pt_8068,P_2-1_2136,55.00000000000051
P_1-1-pt_8068,P_1-1-veh_65,55.200000000000514
P_1-1-pt_8068,P_1-1-pt_4901,83.89999999999951
P_2-1_3058,P_1-2_2061,53.70000000000049
P_2-1_3058,P_1-2_3224,54.0000000000005
P_2-1_3058,P_1-1-pt_2961,112.39999999999789
P_2-1_3058,P_2-1_3664,1566.0999999996711
P_2-1_3058,P_1-2_2215,49.80000000000044
P_2-1_3058,P_1-3_2180,57.60000000000055
P_2-1_3058,P_1-2_2422,51.20000000000046
P_2-1_3058,P_1-3_4587,45.50000000000038
P_2-1_3058,P_1-3_2076,45.70000000000038
P_2-1_3058,P_1-2_5927,42.20000000000033
P_2-1_3058,P_1-1-pt_8968,89.99999999999916
P_2-1_1463,P_1-2_5288,53.40000000000049
P_2-1_1463,P_1-3_268,53.50000000000049
P_2-1_1463,P_1-3_28,55.900000000000524
P_2-1_1463,P_1-2_3879,145.799999999996
P_2-1_1463,P_1-3_234,89.59999999999918
P_2-1_1463,P_1-3_2773,109.59999999999805
P_2-1_1463,P_1-3_4262,88.89999999999922
P_2-1_1463,P_1-2_4376,53.40000000000049
P_2-1_1463,P_1-3_1676,53.40000000000049
P_2-1_1463,P_1-3_5144,53.40000000000049
P_2-1_1463,P_1-3_2786,53.50000000000049
P_2-1_1463,P_1-3_5475,53.50000000000049
P_2-1_1463,P_1-2_4853,57.10000000000054
P_2-1_1463,P_2-1_6130,67.90000000000042
P_2-1_1463,P_1-1-veh_610,82.2999999999996
P_1-3_2076,P_1-3_5354,159.9999999999952
P_1-3_2076,P_1-3_4587,100.49999999999856
P_1-3_2076,P_1-2_3378,108.89999999999809
P_1-3_2076,P_1-2_3077,109.19999999999807
P_1-3_2076,P_1-3_2180,399.7000000000224
P_1-3_2076,P_1-2_5020,108.39999999999812
P_1-3_2076,P_1-2_2422,55.900000000000524
P_1-3_2076,P_1-2_5092,109.39999999999806
P_1-3_2076,P_1-1-pt_4785,38.80000000000028
P_1-3_2076,P_1-1-pt_2961,37.600000000000264
P_1-3_2076,P_2-1_3664,45.70000000000038
P_1-3_2076,P_2-1_3058,45.70000000000038
P_1-3_5020,P_1-1-pt_2342,57.20000000000054
P_1-3_5020,P_1-3_4253,53.200000000000486
P_1-3_5020,P_1-1-pt_7959,50.80000000000045
P_1-3_5020,P_2-1_5552,53.30000000000049
P_1-3_5020,P_1-1-veh_824,53.40000000000049
P_1-3_5020,P_1-1-pt_3176,51.000000000000455
P_1-3_5020,P_1-3_4291,112.0999999999979
P_1-3_5020,P_1-2_2215,111.79999999999792
P_1-3_5020,P_1-2_2335,35.20000000000023
P_1-3_5020,P_1-3_283,64.10000000000063
P_1-3_5020,P_1-3_2180,43.50000000000035
P_1-2_1658,P_1-3_234,53.200000000000486
P_1-2_1658,P_1-3_268,53.50000000000049
P_1-2_1658,P_1-2_2180,53.40000000000049
P_1-2_1658,P_1-2_3879,53.30000000000049
P_1-2_1658,P_1-3_4262,60.900000000000595
P_1-2_1658,P_1-3_5144,67.40000000000045
P_1-2_1658,P_1-3_2786,53.30000000000049
P_1-2_1658,P_1-3_5475,78.19999999999983
P_1-2_1658,P_1-1-pt_7915,56.20000000000053
P_1-2_1658,P_1-2_752,58.30000000000056
P_1-2_1658,P_1-3_3339,57.60000000000055
P_1-2_1658,P_1-1-pt_2844,70.30000000000028
P_1-2_1658,P_1-1-pt_2863,54.4000000000005
P_1-2_1658,P_1-3_5550,35.70000000000024
P_1-2_1658,P_2-1_5799,37.30000000000026
P_1-2_1658,P_1-3_4492,35.70000000000024
P_1-2_1658,P_1-3_2528,35.70000000000024
P_1-2_1658,P_1-1-pt_3353,56.20000000000053
P_1-2_1658,P_1-1-pt_2425,26.0000000000001
P_1-2_1658,P_2-1_2911,45.00000000000037
P_1-2_1658,P_1-2_1285,48.300000000000416
P_1-2_1658,P_2-1_842,41.70000000000032
P_1-2_1658,P_1-3_5451,35.80000000000024
P_1-2_1658,P_1-3_1140,35.600000000000236
P_1-2_1658,P_2-1_5552,37.10000000000026
P_1-1-pt_6516,P_1-1-pt_2425,47.400000000000404
P_1-1-pt_6516,P_1-3_2043,19.500000000000007
P_1-1-pt_6516,P_1-2_638,31.60000000000018
P_1-1-pt_6516,P_1-2_5092,10.899999999999977
P_1-1-pt_6516,P_1-2_4955,53.200000000000486
P_1-1-pt_6516,P_1-2_2061,53.200000000000486
P_1-1-pt_6516,P_1-3_5354,204.79999999999265
P_1-1-pt_6516,P_1-1-pt_8968,97.49999999999874
P_1-1-pt_6516,P_2-1_2987,393.80000000002104
P_1-1-pt_6516,P_1-2_829,55.300000000000516
P_1-1-pt_6516,P_1-1-veh_407,55.40000000000052
P_1-2_2061,P_2-1_3058,53.70000000000049
P_1-2_2061,P_1-2_3224,53.40000000000049
P_1-2_2061,P_1-2_4955,23.500000000000064
P_1-2_2061,P_1-2_5020,36.00000000000024
P_1-2_2061,P_1-2_2422,41.30000000000032
P_1-2_2061,P_1-2_5092,45.300000000000374
P_1-2_2061,P_1-3_5354,51.000000000000455
P_1-2_2061,P_1-1-pt_6516,53.200000000000486
P_1-2_2061,P_1-3_4587,51.20000000000046
P_1-2_2061,P_1-2_5927,42.20000000000033
P_1-2_2061,P_1-1-pt_3800,3.700000000000002
P_1-2_2061,P_1-2_3214,35.70000000000024
P_1-2_2061,P_1-2_4715,34.800000000000225
P_1-2_2061,P_1-2_2653,39.700000000000294
P_1-2_2061,P_1-1-pt_2770,26.0000000000001
P_1-2_2061,P_1-1-pt_6355,26.0000000000001
P_1-2_2061,P_1-2_4454,40.500000000000306
P_1-2_2061,P_1-2_3590,46.50000000000039
P_1-2_2061,P_1-1-pt_841,107.59999999999816
P_1-2_2061,P_1-1-pt_8085,107.49999999999817
P_1-2_505,P_1-3_4666,44.40000000000036
P_1-2_505,P_1-2_4791,27.200000000000117
P_1-2_505,P_1-2_1533,27.200000000000117
P_1-2_505,P_1-3_5578,27.100000000000115
P_1-2_505,P_1-3_635,27.100000000000115
P_1-2_505,P_1-1-pt_2529,54.80000000000051
P_1-2_505,P_2-1_2384,1303.2999999999101
P_1-2_505,P_1-1-pt_4901,205.8999999999926
P_1-2_505,P_1-1-pt_8068,55.40000000000052
P_1-2_505,P_1-1-pt_4966,177.5999999999942
P_1-2_505,P_1-2_250,90.19999999999915
P_1-3_2985,P_1-1-veh_602,54.2000000000005
P_1-3_2985,P_1-1-pt_8762,51.30000000000046
P_1-3_2985,P_1-3_5334,52.90000000000048
P_1-3_2985,P_1-1-pt_7732,57.50000000000055
P_1-3_2985,P_1-1-pt_5115,56.80000000000054
P_1-3_2985,P_1-1-pt_1798,38.00000000000027
P_1-3_2985,P_1-2_2613,21.90000000000004
P_1-3_2985,P_1-2_3386,55.50000000000052
P_1-3_2985,P_1-2_2512,68.50000000000038
P_1-3_2985,P_1-2_3575,74.00000000000007
P_1-3_2985,P_1-1-pt_1226,56.700000000000536
P_1-3_2985,P_1-1-pt_5392,76.29999999999994
P_1-2_2613,P_1-2_3693,53.900000000000496
P_1-2_2613,P_1-3_2643,53.30000000000049
P_1-2_2613,P_1-2_3575,2096.6999999991885
P_1-2_2613,P_1-2_2512,117.99999999999757
P_1-2_2613,P_1-3_2985,21.90000000000004
P_2-1_3944,P_1-2_2237,40.1000000000003
P_2-1_3944,P_1-1-pt_1700,50.80000000000045
P_2-1_3944,P_1-2_4388,103.2999999999984
P_2-1_5841,P_1-1-pt_3353,66.60000000000049
P_2-1_5841,P_2-1_5552,692.2000000000888
P_2-1_5841,P_1-1-pt_6381,52.10000000000047
P_2-1_5841,P_1-1-pt_7277,43.60000000000035
P_2-1_5841,P_2-1_2293,53.800000000000495
P_2-1_5841,P_1-1-pt_1669,50.80000000000045
P_2-1_5841,P_1-2_163,54.0000000000005
P_1-3_4663,P_1-3_234,53.00000000000048
P_1-3_4663,P_1-3_268,53.30000000000049
P_1-3_4663,P_1-2_2180,54.3000000000005
P_1-3_4663,P_1-2_3879,54.500000000000504
P_1-3_4663,P_1-3_4262,54.3000000000005
P_1-3_4663,P_1-3_5144,56.40000000000053
P_1-3_4663,P_1-3_2786,53.30000000000049
P_1-3_4663,P_1-1-pt_6743,46.40000000000039
P_1-3_4663,P_1-1-pt_3489,66.60000000000049
P_1-1-pt_8280,P_1-1-pt_521,240.19999999999064
P_1-1-pt_8280,P_1-1-pt_2369,74.00000000000007
P_1-1-pt_8280,P_1-1-pt_6743,193.09999999999332
P_1-1-pt_8280,P_1-1-pt_2880,183.19999999999388
P_1-1-pt_8280,P_1-1-pt_3207,238.59999999999073
P_1-1-pt_8280,P_1-1-pt_571,127.49999999999703
P_1-1-pt_8280,P_1-1-pt_3230,120.29999999999744
P_1-1-pt_8280,P_1-1-pt_5666,114.89999999999775
P_1-1-pt_8280,P_1-1-pt_4736,66.10000000000052
P_1-1-pt_8280,P_1-1-veh_610,247.8999999999902
P_1-1-pt_8280,P_1-1-veh_767,56.000000000000526
P_1-1-pt_8280,P_1-2_303,56.50000000000053
P_1-1-pt_8280,P_1-1-pt_4879,76.09999999999995
P_1-2_5020,P_1-3_2528,48.70000000000042
P_1-2_5020,P_1-3_5354,106.19999999999824
P_1-2_5020,P_1-3_4587,90.49999999999913
P_1-2_5020,P_1-2_4955,36.00000000000024
P_1-2_5020,P_1-2_2061,36.00000000000024
P_1-2_5020,P_1-3_2180,54.90000000000051
P_1-2_5020,P_1-3_2076,108.39999999999812
P_1-2_5020,P_1-2_3378,111.59999999999793
P_1-2_5020,P_1-2_3077,111.69999999999793
P_1-2_5020,P_1-2_5092,55.60000000000052
P_1-2_5020,P_1-2_5927,55.50000000000052
P_1-2_5020,P_1-2_3214,55.40000000000052
P_1-1-pt_6381,P_2-1_6236,51.20000000000046
P_1-1-pt_6381,P_2-1_2911,61.2000000000006
P_1-1-pt_6381,P_1-3_4253,50.80000000000045
P_1-1-pt_6381,P_1-1-pt_7959,47.500000000000405
P_1-1-pt_6381,P_2-1_5552,52.20000000000047
P_1-1-pt_6381,P_2-1_5841,52.10000000000047
P_1-1-pt_6381,P_1-1-pt_7277,56.20000000000053
P_1-1-pt_6381,P_1-1-veh_824,170.6999999999946
P_1-1-pt_6381,P_2-1_2293,75.2
P_1-1-pt_6381,P_1-1-pt_1669,59.400000000000574
P_1-2_3464,P_1-2_3821,690.6000000000885
P_1-2_3464,P_1-2_2580,679.800000000086
P_1-2_3464,P_1-3_4738,680.5000000000862
P_1-2_3464,P_1-2_5752,630.5000000000748
P_1-2_3464,P_1-2_2797,622.0000000000729
P_1-2_3464,P_1-1-veh_837,622.600000000073
P_1-2_3464,P_2-1_2028,404.80000000002354
P_1-1-pt_3097,P_1-1-pt_4996,126.2999999999971
P_1-1-pt_3097,P_1-1-pt_3386,68.50000000000038
P_1-1-pt_3097,P_1-1-pt_3067,123.79999999999724
P_1-1-pt_3097,P_1-1-pt_3916,68.40000000000039
P_1-1-pt_3097,P_1-1-pt_297,403.2000000000232
P_1-1-pt_3097,P_1-1-pt_255,62.200000000000614
P_1-1-pt_3097,P_2-1_2925,408.0000000000243
P_1-1-pt_3097,P_1-1-pt_6413,74.70000000000003
P_1-1-pt_3097,P_1-1-pt_1296,63.600000000000634
P_1-1-pt_3097,P_1-1-pt_2834,70.50000000000027
P_1-1-pt_3097,P_1-1-pt_2820,63.10000000000063
P_1-1-pt_3097,P_1-3_2221,85.49999999999942
P_1-1-pt_1306,P_1-2_3413,2263.5999999990368
P_1-1-pt_1306,P_1-2_1017,36.00000000000024
P_1-1-pt_1306,P_1-1-pt_6368,1992.3999999992834
P_1-1-pt_1306,P_1-2_3052,183.89999999999384
P_1-1-pt_1306,P_1-2_4208,102.59999999999845
P_1-1-pt_1306,P_1-3_3755,111.29999999999795
P_1-1-pt_1306,P_1-3_5334,79.49999999999976
P_1-1-pt_1306,P_1-1-pt_3927,62.80000000000062
P_1-1-pt_1306,P_1-2_2345,40.60000000000031
P_2-1_1609,P_1-2_5369,223.59999999999158
P_2-1_1609,P_2-1_4788,53.40000000000049
P_1-1-pt_8968,P_1-2_5092,55.50000000000052
P_1-1-pt_8968,P_1-3_5354,51.60000000000046
P_1-1-pt_8968,P_1-1-pt_6516,97.49999999999874
P_1-1-pt_8968,P_2-1_3058,89.99999999999916
P_1-1-pt_8968,P_2-1_3664,55.300000000000516
P_1-1-pt_8968,P_1-1-pt_2961,468.400000000038
P_1-2_3590,P_1-3_2221,52.80000000000048
P_1-2_3590,P_1-3_1027,53.50000000000049
P_1-2_3590,P_1-1-pt_2431,51.800000000000466
P_1-2_3590,P_1-1-pt_6355,84.59999999999947
P_1-2_3590,P_1-2_4454,1396.5999999998253
P_1-2_3590,P_1-1-pt_3931,56.90000000000054
P_1-2_3590,P_2-1_6236,39.20000000000029
P_1-2_3590,P_1-2_1948,25.700000000000095
P_1-2_3590,P_1-3_5550,25.700000000000095
P_1-2_3590,P_2-1_5799,20.900000000000027
P_1-2_3590,P_1-3_4492,25.800000000000097
P_1-2_3590,P_1-3_2528,25.900000000000098
P_1-2_3590,P_1-1-pt_3353,57.70000000000055
P_1-2_3590,P_2-1_2911,27.200000000000117
P_1-2_3590,P_1-1-pt_2425,42.00000000000033
P_1-2_3590,P_1-2_1285,30.600000000000165
P_1-2_3590,P_2-1_842,35.40000000000023
P_1-2_3590,P_1-3_5451,45.50000000000038
P_1-2_3590,P_1-3_1140,21.70000000000004
P_1-2_3590,P_2-1_5552,28.10000000000013
P_1-2_3590,P_1-2_4955,35.70000000000024
P_1-2_3590,P_1-2_2061,46.50000000000039
P_1-1-pt_1420,P_1-1-veh_152,32.9000000000002
P_1-1-pt_1420,P_1-1-pt_4262,59.30000000000057
P_1-1-pt_1420,P_1-1-pt_3386,107.29999999999818
P_1-1-pt_1420,P_1-1-pt_8247,3490.6999999979207
P_1-1-pt_1420,P_1-2_2795,3691.399999997738
P_1-1-pt_4645,P_1-3_5537,52.00000000000047
P_1-1-pt_4645,P_1-2_4724,314.30000000000297
P_1-1-pt_4645,P_1-1-pt_5481,111.09999999999796
P_1-1-pt_4645,P_1-2_593,206.89999999999253
P_1-1-pt_4645,P_1-2_5943,1004.1000000001598
P_1-1-pt_4645,P_1-3_4822,28.500000000000135
P_1-1-pt_4645,P_1-2_3716,105.69999999999827
P_1-1-pt_4645,P_1-2_4098,109.99999999999802
P_1-1-pt_4645,P_1-3_2482,102.19999999999847
P_1-1-pt_4645,P_1-2_1025,33.60000000000021
P_1-2_4962,P_1-2_3052,12.199999999999973
P_1-2_4962,P_1-1-pt_527,4314.699999998165
P_1-2_4962,P_1-1-pt_1296,50.00000000000044
P_1-2_4962,P_1-1-pt_7664,49.30000000000043
P_1-2_4962,P_1-1-pt_4262,49.80000000000044
P_1-2_4962,P_1-3_2280,28.90000000000014
P_1-2_4962,P_1-2_2473,28.80000000000014
P_1-2_4962,P_1-2_4249,30.400000000000162
P_1-2_4962,P_1-3_2424,45.90000000000038
P_1-2_4962,P_1-3_1571,29.100000000000144
P_1-2_4962,P_1-2_171,39.100000000000286
P_1-2_4962,P_1-2_4285,30.30000000000016
P_1-2_315,P_1-2_1640,53.40000000000049
P_1-2_315,P_1-2_5641,53.40000000000049
P_1-2_315,P_1-2_1219,165.49999999999488
P_1-2_315,P_1-2_4270,53.40000000000049
P_1-2_3708,P_1-1-pt_7573,21.00000000000003
P_1-2_3708,P_1-3_635,53.100000000000485
P_1-2_3708,P_2-1_2136,53.30000000000049
P_1-2_3708,P_1-1-veh_65,53.40000000000049
P_1-2_3708,P_1-1-pt_1473,49.40000000000043
P_1-2_3708,P_1-2_168,55.50000000000052
P_1-2_3708,P_2-1_4127,54.3000000000005
P_1-2_3708,P_1-3_4644,46.000000000000384
P_1-1-pt_6358,P_1-1-pt_1167,41.200000000000315
P_1-1-pt_6358,P_1-3_1604,188.59999999999357
P_1-1-pt_6358,P_1-3_2171,42.80000000000034
P_1-1-pt_6358,P_1-2_829,925.6000000001419
P_1-1-pt_6358,P_1-1-veh_407,51.50000000000046
P_1-1-pt_6358,P_2-1_4232,875.7000000001306
P_1-1-pt_5666,P_1-3_528,8.599999999999985
P_1-1-pt_5666,P_1-1-pt_571,114.99999999999774
P_1-1-pt_5666,P_1-1-pt_3230,114.39999999999777
P_1-1-pt_5666,P_1-1-pt_8280,114.89999999999775
P_1-1-pt_5666,P_1-1-pt_521,124.29999999999721
P_1-1-pt_5666,P_1-1-pt_4879,164.79999999999492
P_1-1-pt_5666,P_1-1-pt_1497,131.8999999999968
P_1-1-pt_5666,P_1-1-pt_3207,1045.9000000001442
P_1-1-pt_5666,P_1-1-pt_3671,62.70000000000062
P_1-1-pt_5666,P_1-1-pt_2920,62.70000000000062
P_1-1-pt_5666,P_1-2_4940,58.30000000000056
P_1-1-pt_5666,P_1-1-veh_610,56.50000000000053
P_1-1-pt_5666,P_1-1-veh_767,55.40000000000052
P_1-1-pt_5666,P_1-2_303,54.4000000000005
P_1-1-pt_5666,P_1-1-pt_1296,115.99999999999768
P_1-1-pt_5666,P_1-3_3245,8.699999999999985
P_1-1-pt_5666,P_2-1_5419,8.499999999999986
P_1-1-pt_182,P_1-3_1535,13.699999999999967
P_1-1-pt_182,P_1-3_743,110.19999999999801
P_1-1-pt_182,P_1-1-pt_1723,116.39999999999766
P_1-1-pt_182,P_1-1-pt_8184,124.69999999999719
P_1-1-pt_182,P_1-3_2599,55.00000000000051
P_1-1-pt_182,P_1-2_5745,55.60000000000052
P_1-1-pt_182,P_1-1-pt_8289,55.50000000000052
P_1-1-pt_182,P_1-1-pt_8735,55.60000000000052
P_1-1-pt_182,P_1-2_4266,55.200000000000514
P_1-1-pt_182,P_1-3_3076,55.300000000000516
P_1-1-pt_182,P_1-2_5753,55.300000000000516
P_1-1-pt_182,P_1-3_4289,55.300000000000516
P_1-1-pt_182,P_1-1-veh_834,55.00000000000051
P_1-2_1025,P_1-3_5117,53.30000000000049
P_1-2_1025,P_1-2_2183,53.40000000000049
P_1-2_1025,P_1-3_5537,40.3000000000003
P_1-2_1025,P_1-2_4098,41.60000000000032
P_1-2_1025,P_1-2_5943,27.600000000000122
P_1-2_1025,P_1-1-pt_4645,33.60000000000021
P_1-2_1025,P_1-2_3752,46.9000000000004
P_1-2_1025,P_1-2_4730,116.79999999999764
P_1-2_1025,P_1-3_2482,2595.8999999987345
P_1-1-veh_824,P_1-2_1285,67.60000000000043
P_1-1-veh_824,P_1-2_5092,53.40000000000049
P_1-1-veh_824,P_1-3_5451,54.2000000000005
P_1-1-veh_824,P_1-3_1140,56.50000000000053
P_1-1-veh_824,P_1-3_5020,53.40000000000049
P_1-1-veh_824,P_1-1-pt_2342,49.50000000000043
P_1-1-veh_824,P_1-1-pt_6381,170.6999999999946
P_1-1-veh_824,P_1-1-pt_7277,79.09999999999978
P_1-1-veh_824,P_2-1_2293,62.900000000000624
P_1-1-veh_824,P_1-1-pt_1669,51.40000000000046
P_1-1-pt_2920,P_1-1-pt_5078,51.60000000000046
P_1-1-pt_2920,P_1-3_2053,50.70000000000045
P_1-1-pt_2920,P_1-1-pt_5906,72.60000000000015
P_1-1-pt_2920,P_1-1-pt_2503,47.400000000000404
P_1-1-pt_2920,P_1-1-pt_2013,30.600000000000165
P_1-1-pt_2920,P_1-1-pt_3409,28.500000000000135
P_1-1-pt_2920,P_1-1-pt_3624,31.900000000000183
P_1-1-pt_2920,P_2-1_3764,55.50000000000052
P_1-1-pt_2920,P_2-1_2925,34.60000000000022
P_1-1-pt_2920,P_1-1-pt_521,69.50000000000033
P_1-1-pt_2920,P_1-1-pt_5666,62.70000000000062
P_1-1-pt_2920,P_1-1-pt_4879,66.00000000000053
P_1-1-pt_2920,P_1-1-pt_3671,62.00000000000061
P_1-1-pt_2920,P_1-1-pt_4736,66.20000000000051
P_1-1-pt_2920,P_1-2_250,26.0000000000001
P_1-1-pt_2920,P_1-1-pt_6974,146.19999999999598
P_1-1-pt_2920,P_1-2_4483,35.500000000000234
P_1-1-pt_2920,P_1-1-pt_5167,61.500000000000604
P_1-1-pt_2920,P_1-1-pt_1747,61.1000000000006
P_1-1-pt_2920,P_1-1-pt_3207,61.600000000000605
P_1-1-pt_2920,P_1-1-pt_98,61.90000000000061
P_1-1-pt_2920,P_1-1-pt_1497,56.50000000000053
P_1-1-pt_2920,P_1-1-pt_6673,55.900000000000524
P_1-1-pt_2920,P_1-3_1945,50.80000000000045
P_1-1-pt_2920,P_1-1-pt_4380,47.500000000000405
P_1-1-pt_2920,P_1-3_1027,52.70000000000048
P_1-1-pt_2920,P_2-1_1724,50.60000000000045
P_1-1-pt_2920,P_1-1-pt_1006,3.5000000000000018
P_1-1-pt_2920,P_1-1-pt_5139,49.700000000000436
P_1-2_2335,P_1-3_283,567.0000000000604
P_1-2_2335,P_1-3_4291,415.90000000002607
P_1-2_2335,P_1-2_2215,52.80000000000048
P_1-2_2335,P_1-3_5020,35.20000000000023
P_1-2_2335,P_1-2_2422,33.60000000000021
P_1-2_4607,P_2-1_5435,772.300000000107
P_1-2_4607,P_1-2_2229,767.800000000106
P_1-2_4607,P_1-2_2030,767.3000000001059
P_1-2_4607,P_2-1_3376,766.8000000001058
P_1-2_4607,P_2-1_6256,767.2000000001059
P_1-2_4607,P_1-2_3908,767.600000000106
P_1-2_4607,P_1-1-pt_7104,708.6000000000926
P_1-2_4607,P_1-2_4886,713.6000000000937
P_1-2_4607,P_2-1_4331,3081.7999999982926
P_1-1-pt_2834,P_1-1-pt_4996,163.299999999995
P_1-1-pt_2834,P_1-1-pt_3386,62.50000000000062
P_1-1-pt_2834,P_1-1-pt_3067,102.69999999999844
P_1-1-pt_2834,P_1-2_303,51.100000000000456
P_1-1-pt_2834,P_1-1-pt_6031,39.000000000000284
P_1-1-pt_2834,P_1-1-pt_6779,61.2000000000006
P_1-1-pt_2834,P_1-1-pt_5906,42.70000000000034
P_1-1-pt_2834,P_1-1-pt_1238,43.300000000000345
P_1-1-pt_2834,P_1-1-pt_1108,45.80000000000038
P_1-1-pt_2834,P_1-1-pt_3409,87.4999999999993
P_1-1-pt_2834,P_1-1-pt_3624,7.599999999999989
P_1-1-pt_2834,P_1-1-pt_1296,95.09999999999887
P_1-1-pt_2834,P_1-1-pt_5199,41.40000000000032
P_1-1-pt_2834,P_1-1-pt_530,46.700000000000394
P_1-1-pt_2834,P_1-1-pt_2820,45.300000000000374
P_1-1-pt_2834,P_1-3_2221,48.60000000000042
P_1-1-pt_2834,P_1-1-pt_3097,70.50000000000027
P_1-2_1805,P_1-2_5288,53.40000000000049
P_1-2_1805,P_2-1_4788,53.50000000000049
P_1-2_1805,P_1-3_3132,55.200000000000514
P_1-2_1805,P_1-2_5369,15.69999999999996
P_1-3_4881,P_1-3_234,52.90000000000048
P_1-3_4881,P_1-3_268,53.60000000000049
P_1-3_4881,P_1-2_2180,53.30000000000049
P_1-3_4881,P_1-2_3879,53.200000000000486
P_1-3_4881,P_1-3_4262,53.50000000000049
P_1-3_4881,P_1-3_5144,93.19999999999898
P_1-3_4881,P_1-3_2786,53.200000000000486
P_1-3_4881,P_1-3_5475,73.5000000000001
P_1-3_4881,P_1-1-pt_3489,40.400000000000304
P_1-3_3776,P_1-2_4734,224.59999999999152
P_1-3_3776,P_1-2_4206,224.49999999999153
P_1-3_3776,P_1-3_1500,223.59999999999158
P_1-3_3776,P_1-3_3901,223.69999999999158
P_1-3_3776,P_1-2_1420,224.7999999999915
P_1-3_3776,P_1-3_228,224.29999999999154
P_1-3_3776,P_2-1_2161,168.6999999999947
P_1-3_3776,P_1-3_874,167.99999999999474
P_1-3_3776,P_1-3_2454,111.69999999999793
P_1-3_3776,P_1-2_3280,56.30000000000053
P_1-3_3776,P_1-3_3046,56.10000000000053
P_1-3_3776,P_1-3_3457,56.000000000000526
P_1-3_3776,P_1-3_4168,56.000000000000526
P_1-3_3776,P_1-3_2053,55.900000000000524
P_1-3_3776,P_1-3_3834,1689.7999999995586
P_1-3_4124,P_1-1-pt_530,47.500000000000405
P_1-3_4124,P_1-2_5252,53.200000000000486
P_1-3_4124,P_1-3_5117,53.100000000000485
P_1-3_4124,P_1-2_171,55.300000000000516
P_1-3_4124,P_1-2_4285,57.10000000000054
P_1-3_4124,P_1-2_2183,53.200000000000486
P_1-3_4124,P_1-3_5537,53.00000000000048
P_1-3_4124,P_1-2_1640,36.40000000000025
P_1-3_4124,P_1-2_5641,36.80000000000025
P_1-3_4124,P_1-3_2421,2230.8999999990665
P_1-3_2599,P_1-2_4753,25.000000000000085
P_1-3_2599,P_1-3_2043,25.100000000000087
P_1-3_2599,P_1-2_638,27.800000000000125
P_1-3_2599,P_1-2_3608,26.300000000000104
P_1-3_2599,P_1-1-veh_246,26.300000000000104
P_1-3_2599,P_1-1-pt_1173,3.0000000000000013
P_1-3_2599,P_1-1-pt_6292,2.800000000000001
P_1-3_2599,P_1-2_5428,26.200000000000102
P_1-3_2599,P_1-1-pt_498,57.50000000000055
P_1-3_2599,P_1-1-pt_1723,115.7999999999977
P_1-3_2599,P_1-1-veh_530,53.200000000000486
P_1-3_2599,P_1-1-veh_834,55.80000000000052
P_1-3_2599,P_1-3_743,111.59999999999793
P_1-3_2599,P_1-1-pt_8184,104.09999999999836
P_1-3_2599,P_1-1-pt_8289,55.40000000000052
P_1-3_2599,P_1-1-pt_8735,110.399999999998
P_1-3_2599,P_1-2_4266,111.29999999999795
P_1-3_2599,P_1-3_3076,55.60000000000052
P_1-3_2599,P_1-2_5753,55.80000000000052
P_1-3_2599,P_1-1-pt_182,55.00000000000051
P_1-3_2599,P_1-3_4289,55.80000000000052
P_1-3_2599,P_1-2_5745,5269.400000001639
P_1-2_5745,P_1-2_4753,24.900000000000084
P_1-2_5745,P_1-3_2043,25.000000000000085
P_1-2_5745,P_1-2_638,27.800000000000125
P_1-2_5745,P_1-2_3608,26.400000000000105
P_1-2_5745,P_1-1-veh_246,26.300000000000104
P_1-2_5745,P_1-1-pt_1173,3.3000000000000016
P_1-2_5745,P_1-1-pt_6292,2.1000000000000005
P_1-2_5745,P_1-2_5428,26.200000000000102
P_1-2_5745,P_1-1-pt_498,57.400000000000546
P_1-2_5745,P_1-1-pt_1723,57.400000000000546
P_1-2_5745,P_1-1-veh_530,53.30000000000049
P_1-2_5745,P_1-1-veh_834,55.70000000000052
P_1-2_5745,P_1-3_743,111.39999999999795
P_1-2_5745,P_1-1-pt_8184,103.3999999999984
P_1-2_5745,P_1-1-pt_8289,55.40000000000052
P_1-2_5745,P_1-1-pt_8735,110.29999999999801
P_1-2_5745,P_1-2_4266,111.59999999999793
P_1-2_5745,P_1-3_3076,55.60000000000052
P_1-2_5745,P_1-2_5753,55.80000000000052
P_1-2_5745,P_1-1-pt_182,55.60000000000052
P_1-2_5745,P_1-3_4289,55.900000000000524
P_1-2_5745,P_1-3_2599,5269.400000001639
P_1-2_5745,P_1-2_609,93.49999999999896
P_1-1-pt_2961,P_1-3_5354,51.90000000000047
P_1-1-pt_2961,P_1-1-pt_3176,101.5999999999985
P_1-1-pt_2961,P_1-2_3224,107.09999999999819
P_1-1-pt_2961,P_2-1_3058,112.39999999999789
P_1-1-pt_2961,P_1-3_2076,37.600000000000264
P_1-1-pt_2961,P_2-1_3664,55.50000000000052
P_1-1-pt_2961,P_1-1-pt_8968,468.400000000038
P_1-2_2702,P_1-3_4944,749.4000000001018
P_1-2_2702,P_1-3_403,38.00000000000027
P_1-2_2702,P_1-3_2955,38.90000000000028
P_1-2_2702,P_1-3_3759,42.20000000000033
P_1-2_2702,P_1-3_1737,45.60000000000038
P_1-2_2702,P_1-1-pt_5392,724.7000000000962
P_1-2_2702,P_1-1-pt_1238,117.69999999999759
P_1-2_2702,P_1-1-pt_1138,105.29999999999829
P_1-2_2702,P_1-1-pt_8762,104.29999999999835
P_2-1_2384,P_1-1-pt_7040,50.80000000000045
P_2-1_2384,P_1-1-pt_7123,54.1000000000005
P_2-1_2384,P_1-3_4644,53.50000000000049
P_2-1_2384,P_1-1-pt_7573,57.50000000000055
P_2-1_2384,P_1-1-pt_150,51.100000000000456
P_2-1_2384,P_1-1-pt_4901,303.8000000000006
P_2-1_2384,P_1-2_2715,29.400000000000148
P_2-1_2384,P_1-1-pt_2529,54.70000000000051
P_2-1_2384,P_1-2_505,1303.2999999999101
P_2-1_2384,P_1-1-pt_8068,55.40000000000052
P_2-1_2384,P_1-1-pt_4966,193.89999999999327
P_2-1_2384,P_1-2_250,82.69999999999958
P_1-1-pt_2013,P_1-1-pt_4879,403.6000000000233
P_1-1-pt_2013,P_1-1-pt_3858,57.80000000000055
P_1-1-pt_2013,P_1-1-pt_3409,280.9999999999954
P_1-1-pt_2013,P_1-1-pt_2920,30.600000000000165
P_1-1-pt_2013,P_1-1-pt_6453,47.90000000000041
P_1-1-pt_2013,P_1-2_4940,44.10000000000036
P_1-1-pt_2013,P_1-1-pt_297,74.50000000000004
P_1-1-pt_2013,P_1-1-pt_7573,313.1000000000027
P_1-1-pt_2013,P_1-2_1255,50.70000000000045
P_1-1-pt_2013,P_1-3_3245,8.899999999999984
P_1-1-pt_2013,P_1-2_250,20.900000000000027
P_1-1-pt_2013,P_2-1_5419,43.10000000000034
P_1-1-pt_2013,P_1-1-pt_8728,59.60000000000058
P_1-1-pt_2013,P_1-2_4483,84.89999999999945
P_1-1-pt_2013,P_1-1-pt_2369,55.50000000000052
P_1-1-pt_2013,P_1-1-veh_767,26.300000000000104
P_1-1-pt_2013,P_1-1-pt_3207,67.40000000000045
P_1-1-pt_2013,P_1-1-pt_521,67.30000000000045
P_1-1-pt_2013,P_1-1-pt_1747,188.0999999999936
P_1-1-pt_2013,P_1-1-pt_6974,68.00000000000041
P_1-1-pt_2013,P_1-1-pt_3671,61.600000000000605
P_1-1-pt_2013,P_1-2_5543,51.20000000000046
P_1-1-pt_2013,P_1-1-pt_1497,63.700000000000635
P_1-1-pt_2013,P_1-1-pt_98,320.7000000000044
P_1-1-pt_2013,P_1-1-pt_5167,235.29999999999092
P_1-1-pt_2013,P_1-3_1945,88.99999999999922
P_1-1-pt_2013,P_1-1-pt_4380,83.19999999999955
P_1-3_4875,P_1-1-pt_5241,50.90000000000045
P_1-3_4875,P_1-2_5640,55.60000000000052
P_1-3_4875,P_1-2_4634,1092.0000000001023
P_1-3_4875,P_1-3_4775,370.3000000000157
P_1-3_4875,P_1-3_2410,111.39999999999795
P_1-3_4875,P_1-3_3253,129.09999999999695
P_1-3_4875,P_1-3_2018,163.599999999995
P_1-3_4875,P_1-3_2633,148.59999999999584
P_1-3_4875,P_1-2_5210,89.59999999999918
P_1-3_4875,P_1-2_573,76.9999999999999
P_1-3_4875,P_1-3_4954,70.0000000000003
P_1-3_4875,P_1-3_3410,218.89999999999185
P_1-1-pt_98,P_1-1-pt_5167,1246.6999999999616
P_1-1-pt_98,P_1-1-pt_1747,1250.699999999958
P_1-1-pt_98,P_1-1-pt_6974,1880.599999999385
P_1-1-pt_98,P_1-1-pt_3671,1643.3999999996008
P_1-1-pt_98,P_1-1-pt_4879,207.1999999999925
P_1-1-pt_98,P_1-1-pt_1497,948.000000000147
P_1-1-pt_98,P_1-1-pt_6743,62.40000000000062
P_1-1-pt_98,P_1-1-pt_3858,321.5000000000046
P_1-1-pt_98,P_2-1_3764,53.100000000000485
P_1-1-pt_98,P_2-1_63,31.100000000000172
P_1-1-pt_98,P_1-2_1612,34.40000000000022
P_1-1-pt_98,P_1-1-pt_2880,150.19999999999575
P_1-1-pt_98,P_1-1-pt_521,588.7000000000653
P_1-1-pt_98,P_1-3_3245,39.40000000000029
P_1-1-pt_98,P_1-2_250,20.800000000000026
P_1-1-pt_98,P_1-1-pt_4736,64.7000000000006
P_1-1-pt_98,P_1-2_4483,29.400000000000148
P_1-1-pt_98,P_1-1-pt_2920,61.90000000000061
P_1-1-pt_98,P_1-2_4940,57.10000000000054
P_1-1-pt_98,P_1-1-pt_3207,589.1000000000654
P_1-1-pt_98,P_1-1-veh_610,55.00000000000051
P_1-1-pt_98,P_1-1-pt_7915,508.10000000004703
P_1-1-pt_98,P_1-1-pt_5999,80.69999999999969
P_1-1-pt_98,P_1-2_5543,170.2999999999946
P_1-1-pt_98,P_1-1-pt_2013,320.7000000000044
P_1-1-pt_98,P_1-2_303,55.00000000000051
P_1-3_3579,P_1-2_3081,33.70000000000021
P_1-3_3579,P_1-1-pt_7080,77.89999999999985
P_1-3_3579,P_1-2_4464,166.19999999999484
P_1-3_3579,P_1-2_2554,61.4000000000006
P_1-3_3579,P_1-2_3280,55.60000000000052
P_1-3_3579,P_1-1-pt_0,129.49999999999693
P_1-3_3579,P_1-3_17,55.10000000000051
P_1-1-pt_527,P_1-1-pt_6368,48.00000000000041
P_1-1-pt_527,P_1-2_3052,56.90000000000054
P_1-1-pt_527,P_1-2_4962,4314.699999998165
P_1-1-pt_527,P_1-1-pt_7664,44.90000000000037
P_1-1-pt_527,P_1-1-pt_4262,45.300000000000374
P_1-1-pt_527,P_1-3_2280,8.299999999999986
P_1-1-pt_527,P_1-2_2473,8.399999999999986
P_1-1-pt_527,P_1-2_4249,13.199999999999969
P_1-1-pt_527,P_1-3_2424,39.800000000000296
P_1-1-pt_527,P_1-3_1571,8.299999999999986
P_1-1-pt_527,P_1-2_171,29.000000000000142
P_1-1-pt_527,P_1-2_4285,12.499999999999972
P_1-2_5428,P_1-3_743,53.100000000000485
P_1-2_5428,P_1-1-pt_1723,458.7000000000358
P_1-2_5428,P_1-1-pt_498,378.00000000001745
P_1-2_5428,P_1-3_2599,26.200000000000102
P_1-2_5428,P_1-2_5745,26.200000000000102
P_1-2_5428,P_1-1-pt_8735,2.1000000000000005
P_1-2_5428,P_1-2_4266,26.200000000000102
P_1-2_5428,P_1-3_1535,26.200000000000102
P_1-2_5428,P_1-1-pt_2032,6.699999999999992
P_1-2_5428,P_1-2_609,27.700000000000124
P_1-2_5428,P_1-2_2598,28.600000000000136
P_1-2_5428,P_1-1-pt_6292,3854.6999999975897
P_1-1-pt_297,P_1-1-pt_3916,65.50000000000055
P_1-1-pt_297,P_1-3_4690,50.80000000000045
P_1-1-pt_297,P_1-1-pt_2013,74.50000000000004
P_1-1-pt_297,P_1-1-pt_7573,152.49999999999562
P_1-1-pt_297,P_1-1-pt_3097,403.2000000000232
P_1-1-pt_297,P_1-1-pt_8728,99.69999999999861
P_1-1-pt_297,P_1-2_4483,111.79999999999792
P_1-1-pt_297,P_1-1-pt_6176,72.10000000000018
P_1-1-pt_297,P_1-1-pt_494,297.09999999999906
P_1-1-pt_297,P_1-1-pt_4996,321.9000000000047
P_1-3_2643,P_1-3_3759,53.100000000000485
P_1-3_2643,P_1-3_1737,53.200000000000486
P_1-3_2643,P_1-1-pt_4595,42.80000000000034
P_1-3_2643,P_1-2_2512,52.80000000000048
P_1-3_2643,P_1-2_2613,53.30000000000049
P_1-3_2643,P_1-1-pt_1121,25.500000000000092
P_1-3_2643,P_1-1-pt_2808,51.100000000000456
P_1-3_2643,P_1-1-pt_3916,55.300000000000516
P_1-3_2643,P_1-3_1324,190.79999999999345
P_1-2_2797,P_1-3_4738,677.9000000000856
P_1-2_2797,P_1-2_5752,622.700000000073
P_1-2_2797,P_1-2_3464,622.0000000000729
P_1-2_2797,P_1-1-veh_837,622.400000000073
P_1-2_2797,P_2-1_2028,349.50000000001097
P_1-2_2797,P_1-2_2580,6045.00000000446
P_1-2_2797,P_1-2_3821,6045.00000000446
P_1-2_2715,P_1-3_4666,48.00000000000041
P_1-2_2715,P_1-2_4791,36.10000000000024
P_1-2_2715,P_1-2_1533,34.800000000000225
P_1-2_2715,P_1-3_5578,39.9000000000003
P_1-2_2715,P_1-3_635,39.9000000000003
P_1-2_2715,P_2-1_2384,29.400000000000148
P_1-2_2715,P_2-1_2136,51.40000000000046
P_1-2_2715,P_1-1-veh_65,51.000000000000455
P_1-2_2715,P_1-1-pt_8830,47.80000000000041
P_1-2_2715,P_1-1-pt_7142,57.60000000000055
P_1-2_2715,P_1-1-pt_150,58.000000000000554
P_1-2_2715,P_2-1_3119,55.10000000000051
P_1-3_1140,P_1-2_1285,27.50000000000012
P_1-3_1140,P_1-1-pt_8085,655.9000000000806
P_1-3_1140,P_1-1-veh_824,56.50000000000053
P_1-3_1140,P_1-3_5451,1446.29999999978
P_1-3_1140,P_2-1_4930,57.00000000000054
P_1-3_1140,P_1-2_5927,33.500000000000206
P_1-3_1140,P_1-2_3214,23.20000000000006
P_1-3_1140,P_1-1-pt_841,109.39999999999806
P_1-3_1140,P_1-2_4715,21.400000000000034
P_1-3_1140,P_1-2_2653,29.50000000000015
P_1-3_1140,P_1-2_4454,21.80000000000004
P_1-3_1140,P_1-2_3590,21.70000000000004
P_1-3_1140,P_1-2_1658,35.600000000000236
P_1-3_1140,P_1-1-pt_1601,30.000000000000156
P_1-1-pt_6413,P_1-1-pt_530,13.199999999999969
P_1-1-pt_6413,P_1-1-pt_977,49.40000000000043
P_1-1-pt_6413,P_1-2_2875,19.200000000000003
P_1-1-pt_6413,P_1-1-pt_3409,81.39999999999965
P_1-1-pt_6413,P_1-1-pt_5199,61.2000000000006
P_1-1-pt_6413,P_2-1_2925,24.70000000000008
P_1-1-pt_6413,P_1-1-pt_3097,74.70000000000003
P_1-1-pt_6413,P_2-1_63,58.100000000000556
P_1-1-pt_6413,P_1-2_1612,58.50000000000056
P_1-1-pt_6413,P_1-1-pt_761,44.40000000000036
P_1-1-pt_6413,P_1-1-pt_6453,57.90000000000055
P_1-1-pt_6413,P_1-3_3245,58.40000000000056
P_1-1-pt_6413,P_1-1-pt_494,36.00000000000024
P_1-1-pt_6413,P_1-1-pt_2162,61.600000000000605
P_1-1-pt_6413,P_1-1-pt_4996,36.00000000000024
P_1-1-pt_6413,P_2-1_5419,907.2000000001377
P_1-1-pt_6413,P_1-1-pt_1270,44.000000000000355
P_1-1-pt_6413,P_1-1-pt_8728,229.79999999999123
P_1-1-pt_6413,P_1-1-pt_1473,90.59999999999913
P_1-2_6013,P_1-1-pt_7573,57.50000000000055
P_1-2_6013,P_1-1-pt_4901,35.80000000000024
P_1-2_6013,P_1-1-pt_1226,99.09999999999864
P_1-2_6013,P_1-1-pt_2529,54.80000000000051
P_1-2_6013,P_1-1-pt_8068,21.10000000000003
P_1-2_6013,P_1-2_250,39.60000000000029
P_1-2_6013,P_1-1-pt_255,125.09999999999717
P_1-3_4944,P_1-2_2702,749.4000000001018
P_1-3_4944,P_2-1_6274,491.6000000000433
P_1-3_809,P_1-2_960,53.100000000000485
P_1-3_809,P_1-2_1265,53.30000000000049
P_1-3_809,P_1-2_4065,1660.3999999995854
P_1-3_809,P_1-2_1953,2021.6999999992568
P_1-1-pt_8682,P_1-1-pt_1714,94.99999999999888
P_1-1-pt_8682,P_1-3_2454,51.40000000000046
P_1-1-pt_8682,P_1-2_2287,51.100000000000456
P_1-1-pt_8682,P_1-3_3834,50.70000000000045
P_1-1-pt_8682,P_1-3_1785,50.90000000000045
P_1-1-pt_8682,P_1-2_2554,51.000000000000455
P_1-1-pt_8682,P_1-2_3280,50.90000000000045
P_1-1-pt_8682,P_1-3_3046,50.90000000000045
P_1-1-pt_8682,P_1-3_3457,51.000000000000455
P_1-1-pt_8682,P_1-1-veh_234,110.89999999999797
P_1-1-pt_8682,P_1-3_2053,50.50000000000045
P_1-1-pt_8682,P_1-2_5951,50.60000000000045
P_1-1-pt_8682,P_1-1-pt_5078,98.59999999999867
P_1-1-pt_8682,P_1-3_4690,50.90000000000045
P_1-1-pt_8682,P_1-1-pt_4901,64.90000000000059
P_1-1-pt_8682,P_1-1-pt_4966,197.29999999999308
P_1-1-pt_8682,P_1-2_1596,62.200000000000614
P_1-1-pt_8682,P_1-1-pt_7080,57.70000000000055
P_1-1-pt_8682,P_1-2_3389,55.300000000000516
P_1-1-pt_8682,P_1-1-pt_1473,48.00000000000041
P_1-1-pt_8682,P_1-1-pt_6297,43.70000000000035
P_1-1-pt_8682,P_1-1-pt_7763,88.89999999999922
P_1-2_4065,P_1-2_960,53.30000000000049
P_1-2_4065,P_1-2_1265,53.50000000000049
P_1-2_4065,P_1-3_809,1660.3999999995854
P_1-2_4065,P_1-2_2180,53.40000000000049
P_1-2_4065,P_1-2_4853,39.100000000000286
P_1-2_4065,P_2-1_6130,29.800000000000153
P_2-1_4232,P_2-1_4930,152.8999999999956
P_2-1_4232,P_1-1-pt_8085,183.09999999999388
P_2-1_4232,P_1-2_829,53.200000000000486
P_2-1_4232,P_1-1-veh_407,53.40000000000049
P_2-1_4232,P_1-1-pt_6358,875.7000000001306
P_2-1_4811,P_1-3_2187,203.8999999999927
P_2-1_5799,P_2-1_6236,53.50000000000049
P_2-1_5799,P_1-3_5550,54.80000000000051
P_2-1_5799,P_1-2_3214,22.60000000000005
P_2-1_5799,P_1-2_4715,21.20000000000003
P_2-1_5799,P_1-2_2653,29.700000000000152
P_2-1_5799,P_1-2_4454,20.800000000000026
P_2-1_5799,P_1-2_3590,20.900000000000027
P_2-1_5799,P_1-1-pt_8982,33.3000000000002
P_2-1_5799,P_1-1-pt_8969,19.900000000000013
P_2-1_5799,P_1-1-pt_5481,163.79999999999498
P_2-1_5799,P_1-2_1658,37.30000000000026
P_2-1_5799,P_1-1-pt_1601,54.90000000000051
P_2-1_5799,P_1-3_4492,649.6000000000791
P_1-1-pt_4966,P_1-3_3046,51.700000000000465
P_1-1-pt_4966,P_1-3_3457,59.90000000000058
P_1-1-pt_4966,P_1-2_5951,58.700000000000564
P_1-1-pt_4966,P_1-1-pt_8728,57.10000000000054
P_1-1-pt_4966,P_1-3_4690,70.90000000000025
P_1-1-pt_4966,P_1-1-pt_5078,52.00000000000047
P_1-1-pt_4966,P_1-1-pt_8682,197.29999999999308
P_1-1-pt_4966,P_1-2_505,177.5999999999942
P_1-1-pt_4966,P_1-2_250,10.599999999999978
P_1-1-pt_4966,P_2-1_2384,193.89999999999327
P_1-1-pt_4966,P_1-2_3389,51.700000000000465
P_1-1-pt_1601,P_1-2_3214,8.399999999999986
P_1-1-pt_1601,P_1-2_4715,26.1000000000001
P_1-1-pt_1601,P_1-2_2653,26.70000000000011
P_1-1-pt_1601,P_1-1-pt_6355,77.39999999999988
P_1-1-pt_1601,P_1-2_4454,68.00000000000041
P_1-1-pt_1601,P_1-1-pt_2431,51.90000000000047
P_1-1-pt_1601,P_1-1-pt_7938,89.09999999999921
P_1-1-pt_1601,P_1-1-pt_2844,58.100000000000556
P_1-1-pt_1601,P_1-3_5550,69.60000000000032
P_1-1-pt_1601,P_2-1_5799,54.90000000000051
P_1-1-pt_1601,P_1-3_4492,55.40000000000052
P_1-1-pt_1601,P_1-3_2528,55.80000000000052
P_1-1-pt_1601,P_1-1-pt_2425,55.70000000000052
P_1-1-pt_1601,P_2-1_2911,55.300000000000516
P_1-1-pt_1601,P_1-2_1285,55.10000000000051
P_1-1-pt_1601,P_2-1_842,54.4000000000005
P_1-1-pt_1601,P_1-3_5451,56.80000000000054
P_1-1-pt_1601,P_1-3_1140,30.000000000000156
P_1-1-pt_2718,P_1-2_5252,51.000000000000455
P_1-1-pt_2718,P_1-3_5117,51.40000000000046
P_1-1-pt_2718,P_1-2_2183,50.90000000000045
P_1-1-pt_2718,P_1-3_5537,50.70000000000045
P_1-2_1596,P_1-3_4168,244.4999999999904
P_1-2_1596,P_1-2_3081,20.40000000000002
P_1-2_1596,P_1-1-veh_105,53.40000000000049
P_1-2_1596,P_1-2_2554,53.30000000000049
P_1-2_1596,P_1-1-veh_234,55.80000000000052
P_1-2_1596,P_1-3_2053,53.40000000000049
P_1-2_1596,P_1-2_5951,53.60000000000049
P_1-2_1596,P_1-1-pt_6297,51.50000000000046
P_1-2_1596,P_1-1-pt_5199,51.000000000000455
P_1-2_1596,P_1-3_4690,55.40000000000052
P_1-2_1596,P_1-1-pt_4901,57.70000000000055
P_1-2_1596,P_1-1-pt_8682,62.200000000000614
P_1-2_1596,P_1-2_1255,51.40000000000046
P_1-2_1596,P_1-1-pt_2503,84.59999999999947
P_1-1-pt_5997,P_1-1-pt_530,45.20000000000037
P_1-1-pt_5997,P_1-2_5252,50.90000000000045
P_1-1-pt_5997,P_1-2_2473,15.79999999999996
P_1-1-pt_5997,P_1-2_4249,33.2000000000002
P_1-1-pt_5997,P_1-3_2424,20.600000000000023
P_1-1-pt_5997,P_1-3_1571,57.00000000000054
P_1-1-pt_5997,P_1-3_5117,64.7000000000006
P_1-1-pt_5997,P_1-2_2183,50.80000000000045
P_1-1-pt_5997,P_1-1-pt_5913,35.00000000000023
P_1-1-pt_5997,P_1-3_5537,51.100000000000456
P_1-1-pt_5997,P_1-2_1640,35.30000000000023
P_1-1-pt_5997,P_1-2_5641,30.600000000000165
P_1-1-pt_5997,P_1-1-pt_8611,1435.0999999997903
P_1-1-pt_5997,P_1-1-pt_394,1255.4999999999536
P_1-1-pt_5997,P_1-1-pt_4541,1217.9999999999877
P_2-1_5450,P_2-1_3136,279.5999999999951
P_1-3_4025,P_1-2_1494,53.200000000000486
P_1-3_4025,P_2-1_600,53.50000000000049
P_1-3_4025,P_1-3_2773,44.90000000000037
P_1-3_4025,P_1-2_2180,53.40000000000049
P_1-3_4025,P_1-2_3879,33.70000000000021
P_1-3_4025,P_1-3_4262,53.30000000000049
P_1-3_4025,P_1-3_5144,59.60000000000058
P_1-3_4025,P_1-3_2786,69.30000000000034
P_1-3_4025,P_1-3_5475,57.20000000000054
P_1-1-pt_6453,P_1-1-pt_3489,55.70000000000052
P_1-1-pt_6453,P_1-1-pt_2013,47.90000000000041
P_1-1-pt_6453,P_1-1-pt_3409,54.0000000000005
P_1-1-pt_6453,P_1-1-pt_3624,31.100000000000172
P_1-1-pt_6453,P_2-1_3764,59.60000000000058
P_1-1-pt_6453,P_2-1_2925,58.700000000000564
P_1-1-pt_6453,P_1-2_4940,2476.2999999988433
P_1-1-pt_6453,P_1-1-pt_8728,58.90000000000057
P_1-1-pt_6453,P_1-1-veh_610,8.499999999999986
P_1-1-pt_6453,P_1-1-veh_767,14.099999999999966
P_1-1-pt_6453,P_1-2_303,26.600000000000108
P_1-1-pt_6453,P_1-1-pt_6413,57.90000000000055
P_1-1-pt_6453,P_1-1-pt_494,38.10000000000027
P_1-1-pt_6453,P_1-1-pt_2162,58.800000000000566
P_1-1-pt_6453,P_1-1-pt_4996,29.700000000000152
P_1-1-pt_6453,P_1-1-pt_1270,57.60000000000055
P_1-1-pt_6453,P_1-1-pt_7863,58.30000000000056
P_1-1-pt_6453,P_1-1-pt_8545,56.600000000000534
P_1-1-pt_6453,P_1-1-pt_5193,56.700000000000536
P_1-1-pt_6453,P_1-1-pt_7325,58.100000000000556
P_1-1-pt_6453,P_2-1_63,93.29999999999897
P_1-1-pt_6453,P_1-2_1612,158.49999999999528
P_1-1-pt_6453,P_1-1-veh_105,78.6999999999998
P_1-1-pt_6453,P_1-2_2554,48.900000000000425
P_1-1-pt_6453,P_1-2_1203,91.59999999999907
P_1-1-pt_8085,P_1-2_1285,37.600000000000264
P_1-1-pt_8085,P_1-3_1140,655.9000000000806
P_1-1-pt_8085,P_1-3_5451,1008.2000000001607
P_1-1-pt_8085,P_2-1_4930,61.4000000000006
P_1-1-pt_8085,P_2-1_4232,183.09999999999388
P_1-1-pt_8085,P_1-2_5927,10.399999999999979
P_1-1-pt_8085,P_2-1_5552,97.39999999999874
P_1-1-pt_8085,P_1-2_2653,28.20000000000013
P_1-1-pt_8085,P_1-2_4955,111.19999999999796
P_1-1-pt_8085,P_1-2_2061,107.49999999999817
P_1-1-pt_8085,P_1-1-pt_841,1727.0999999995247
P_1-3_403,P_1-1-pt_1121,85.29999999999943
P_1-3_403,P_1-1-pt_2808,8.899999999999984
P_1-3_403,P_1-2_2702,38.00000000000027
P_1-3_403,P_1-2_1203,50.10000000000044
P_1-3_403,P_1-2_2554,53.200000000000486
P_1-3_403,P_1-3_2323,82.59999999999958
P_1-3_403,P_1-3_528,83.59999999999953
P_1-1-pt_571,P_1-1-pt_2503,54.2000000000005
P_1-1-pt_571,P_1-1-pt_3207,60.00000000000058
P_1-1-pt_571,P_1-1-pt_3409,58.700000000000564
P_1-1-pt_571,P_1-1-pt_2369,224.59999999999152
P_1-1-pt_571,P_1-1-pt_521,119.79999999999747
P_1-1-pt_571,P_1-1-pt_8280,127.49999999999703
P_1-1-pt_571,P_1-1-pt_5666,114.99999999999774
P_1-1-pt_571,P_1-1-pt_8728,62.70000000000062
P_1-1-pt_571,P_1-1-veh_610,34.60000000000022
P_1-1-pt_571,P_1-3_3245,100.09999999999859
P_1-1-pt_571,P_1-1-pt_4736,149.99999999999577
P_1-1-pt_571,P_1-1-pt_7208,67.60000000000043
P_1-1-pt_571,P_1-2_250,61.600000000000605
P_1-1-pt_571,P_1-1-pt_2880,57.10000000000054
P_1-1-pt_571,P_1-1-pt_6743,57.20000000000054
P_1-1-pt_571,P_1-1-pt_3230,5942.000000004085
P_1-2_3692,P_1-1-pt_5897,42.10000000000033
P_1-2_3692,P_1-1-pt_1304,50.10000000000044
P_1-2_3692,P_1-1-pt_3571,324.5000000000053
P_1-2_3692,P_1-1-pt_5115,56.90000000000054
P_1-1-pt_7863,P_1-1-pt_1304,94.99999999999888
P_1-1-pt_7863,P_1-1-pt_5193,40.3000000000003
P_1-1-pt_7863,P_1-1-pt_3275,60.900000000000595
P_1-1-pt_7863,P_1-1-pt_1560,61.1000000000006
P_1-1-pt_7863,P_1-1-pt_1966,61.500000000000604
P_1-1-pt_7863,P_1-1-pt_5906,62.00000000000061
P_1-1-pt_7863,P_1-1-pt_3916,70.50000000000027
P_1-1-pt_7863,P_1-1-pt_1226,63.80000000000064
P_1-1-pt_7863,P_1-1-pt_3624,58.700000000000564
P_1-1-pt_7863,P_1-1-veh_105,107.19999999999818
P_1-1-pt_7863,P_2-1_3764,65.20000000000057
P_1-1-pt_7863,P_2-1_2925,52.10000000000047
P_1-1-pt_7863,P_1-1-veh_792,181.69999999999396
P_1-1-pt_7863,P_2-1_63,77.29999999999988
P_1-1-pt_7863,P_1-2_1612,54.90000000000051
P_1-1-pt_7863,P_1-1-pt_6453,58.30000000000056
P_1-1-pt_7863,P_1-3_3245,52.20000000000047
P_1-1-pt_7863,P_2-1_5419,52.30000000000047
P_1-1-pt_7863,P_1-1-pt_8728,54.90000000000051
P_1-1-pt_7863,P_1-2_4483,54.80000000000051
P_1-1-pt_7863,P_1-1-pt_2162,16.19999999999996
P_1-2_2034,P_1-2_3693,53.70000000000049
P_1-2_2034,P_1-2_3052,10.699999999999978
P_1-2_2034,P_1-3_990,27.300000000000118
P_1-2_2034,P_1-1-pt_654,62.80000000000062
P_2-1_2045,P_1-3_2018,73.80000000000008
P_2-1_2045,P_1-2_5640,53.40000000000049
P_2-1_2045,P_1-2_568,54.90000000000051
P_2-1_2045,P_1-1-pt_1037,30.20000000000016
P_2-1_2045,P_1-1-pt_5324,754.500000000103
P_2-1_2045,P_1-3_990,37.600000000000264
P_2-1_2045,P_1-3_5334,29.300000000000146
P_2-1_2045,P_1-1-pt_3927,38.300000000000274
P_2-1_2045,P_1-2_2345,104.19999999999835
P_2-1_2045,P_1-1-pt_1298,51.30000000000046
P_2-1_2045,P_1-2_4019,17.59999999999998
P_1-3_234,P_1-3_4663,53.00000000000048
P_1-3_234,P_1-2_1658,53.200000000000486
P_1-3_234,P_1-3_4881,52.90000000000048
P_1-3_234,P_1-3_28,94.99999999999888
P_1-3_234,P_2-1_4267,53.30000000000049
P_1-3_234,P_2-1_3390,53.200000000000486
P_1-3_234,P_1-2_3879,41.70000000000032
P_1-3_234,P_2-1_1463,89.59999999999918
P_1-3_234,P_1-3_2773,45.90000000000038
P_1-3_234,P_2-1_499,69.70000000000032
P_1-3_234,P_2-1_804,57.400000000000546
P_1-3_234,P_2-1_213,53.200000000000486
P_1-1-pt_3230,P_1-1-pt_2503,54.600000000000506
P_1-1-pt_3230,P_1-1-pt_3207,60.00000000000058
P_1-1-pt_3230,P_1-1-pt_3409,60.40000000000059
P_1-1-pt_3230,P_1-1-pt_2369,225.69999999999146
P_1-1-pt_3230,P_1-1-pt_521,125.19999999999716
P_1-1-pt_3230,P_1-1-pt_8280,120.29999999999744
P_1-1-pt_3230,P_1-1-pt_5666,114.39999999999777
P_1-1-pt_3230,P_1-1-pt_8728,59.60000000000058
P_1-1-pt_3230,P_1-1-veh_610,35.10000000000023
P_1-1-pt_3230,P_1-3_3245,128.79999999999697
P_1-1-pt_3230,P_1-1-pt_4736,154.39999999999552
P_1-1-pt_3230,P_1-1-pt_7208,65.80000000000054
P_1-1-pt_3230,P_1-2_250,59.30000000000057
P_1-1-pt_3230,P_1-1-pt_2880,57.10000000000054
P_1-1-pt_3230,P_1-1-pt_6743,56.90000000000054
P_1-1-pt_3230,P_1-1-pt_571,5942.000000004085
P_1-3_3253,P_1-2_4634,220.79999999999174
P_1-3_3253,P_1-3_4775,175.19999999999433
P_1-3_3253,P_1-3_2410,111.79999999999792
P_1-3_3253,P_1-3_2018,115.39999999999772
P_1-3_3253,P_1-3_2633,198.89999999999299
P_1-3_3253,P_1-2_5210,120.59999999999742
P_1-3_3253,P_1-2_573,113.9999999999978
P_1-3_3253,P_1-3_4954,113.09999999999785
P_1-3_3253,P_1-3_4875,129.09999999999695
P_1-3_3253,P_1-3_3410,332.100000000007
P_1-3_4253,P_1-3_5020,53.200000000000486
P_1-3_4253,P_1-1-pt_7959,4602.499999999212
P_1-3_4253,P_1-1-pt_6381,50.80000000000045
P_1-3_4253,P_1-1-pt_7277,50.400000000000446
P_1-3_4253,P_2-1_2293,53.30000000000049
P_1-3_4253,P_1-1-pt_1669,43.60000000000035
P_1-3_4253,P_1-2_163,53.900000000000496
P_1-2_1219,P_1-2_1640,53.40000000000049
P_1-2_1219,P_1-2_5641,53.40000000000049
P_1-2_1219,P_1-3_547,53.50000000000049
P_1-2_1219,P_1-2_315,165.49999999999488
P_1-2_1219,P_1-2_593,34.30000000000022
P_1-2_1219,P_1-2_4724,33.3000000000002
P_1-2_1219,P_1-3_4822,117.89999999999758
P_1-2_1219,P_1-2_3716,24.900000000000084
P_1-2_1219,P_1-2_4098,45.400000000000375
P_1-2_1219,P_1-3_2482,23.20000000000006
P_1-2_1219,P_1-2_4730,92.39999999999903
P_1-3_5144,P_2-1_3764,45.300000000000374
P_1-3_5144,P_2-1_63,45.300000000000374
P_1-3_5144,P_1-2_1612,45.20000000000037
P_1-3_5144,P_1-2_1255,45.300000000000374
P_1-3_5144,P_1-3_3245,71.50000000000021
P_1-3_5144,P_2-1_5067,53.70000000000049
P_1-3_5144,P_1-3_4663,56.40000000000053
P_1-3_5144,P_1-2_1658,67.40000000000045
P_1-3_5144,P_1-3_4881,93.19999999999898
P_1-3_5144,P_1-2_5543,92.899999999999
P_1-3_5144,P_1-3_4025,59.60000000000058
P_1-3_5144,P_2-1_4267,53.50000000000049
P_1-3_5144,P_2-1_3390,85.49999999999942
P_1-3_5144,P_2-1_600,35.10000000000023
P_1-3_5144,P_1-2_5765,38.70000000000028
P_1-3_5144,P_2-1_1463,53.40000000000049
P_1-3_5144,P_2-1_4788,53.200000000000486
P_1-3_5144,P_2-1_499,53.40000000000049
P_1-3_5144,P_2-1_804,53.30000000000049
P_1-3_5144,P_1-2_4376,43.10000000000034
P_1-3_5144,P_1-3_1676,41.50000000000032
P_1-3_5144,P_2-1_213,53.30000000000049
P_1-3_2280,P_1-2_4249,111.59999999999793
P_1-3_2280,P_1-2_2473,53.30000000000049
P_1-3_2280,P_1-3_1945,53.100000000000485
P_1-3_2280,P_1-2_3702,53.30000000000049
P_1-3_2280,P_1-2_848,53.200000000000486
P_1-3_2280,P_1-2_1600,9.099999999999984
P_1-3_2280,P_1-1-pt_8692,52.00000000000047
P_1-3_2280,P_1-1-veh_459,56.50000000000053
P_1-3_2280,P_1-1-pt_8611,8.499999999999986
P_1-3_2280,P_1-2_104,35.70000000000024
P_1-3_2280,P_1-1-pt_527,8.299999999999986
P_1-3_2280,P_1-2_4962,28.90000000000014
P_1-1-pt_6273,P_1-3_3494,52.90000000000048
P_1-1-pt_6273,P_1-1-pt_7080,45.300000000000374
P_1-1-pt_6273,P_1-1-veh_792,50.00000000000044
P_1-1-pt_6273,P_1-1-pt_7763,56.600000000000534
P_1-1-pt_6273,P_1-3_528,99.39999999999863
P_1-1-pt_6273,P_1-2_2554,46.800000000000395
P_1-1-pt_6273,P_1-1-pt_7760,105.79999999999826
P_1-1-pt_6273,P_1-3_2323,184.6999999999938
P_1-3_2528,P_1-2_5020,48.70000000000042
P_1-3_2528,P_1-2_2422,12.599999999999971
P_1-3_2528,P_2-1_842,39.800000000000296
P_1-3_2528,P_2-1_2987,26.900000000000112
P_1-3_2528,P_1-2_5927,36.10000000000024
P_1-3_2528,P_1-2_3214,27.100000000000115
P_1-3_2528,P_1-1-pt_3353,116.99999999999763
P_1-3_2528,P_1-2_4715,26.200000000000102
P_1-3_2528,P_1-2_2653,47.90000000000041
P_1-3_2528,P_1-1-pt_2770,8.499999999999986
P_1-3_2528,P_1-1-pt_6355,8.499999999999986
P_1-3_2528,P_1-2_4454,25.800000000000097
P_1-3_2528,P_1-2_3590,25.900000000000098
P_1-3_2528,P_1-1-pt_8982,8.399999999999986
P_1-3_2528,P_1-1-pt_8969,8.099999999999987
P_1-3_2528,P_1-2_1658,35.70000000000024
P_1-3_2528,P_1-1-pt_1601,55.80000000000052
P_2-1_2028,P_1-2_5752,1393.9999999998277
P_2-1_2028,P_1-2_3464,404.80000000002354
P_2-1_2028,P_1-2_3821,362.800000000014
P_2-1_2028,P_1-2_2797,349.50000000001097
P_2-1_2028,P_1-2_2580,340.5000000000089
P_2-1_2028,P_1-1-veh_837,339.80000000000877
P_2-1_2028,P_1-3_4738,338.90000000000856
P_1-1-pt_7104,P_1-2_2030,835.1000000001213
P_1-1-pt_7104,P_2-1_3376,2858.299999998496
P_1-1-pt_7104,P_2-1_6256,708.1000000000925
P_1-1-pt_7104,P_1-2_3908,736.800000000099
P_1-1-pt_7104,P_2-1_5435,709.2000000000927
P_1-1-pt_7104,P_1-2_4607,708.6000000000926
P_1-1-pt_7104,P_2-1_4331,709.0000000000927
P_1-1-pt_7104,P_1-2_4886,3065.799999998307
P_1-1-pt_7104,P_1-2_2229,4246.399999997917
P_1-1-pt_3595,P_1-1-pt_5913,181.299999999994
P_1-1-pt_3595,P_1-1-pt_8692,37.600000000000264
P_1-1-pt_3595,P_1-1-veh_459,26.200000000000102
P_1-1-pt_3595,P_1-1-pt_8247,57.10000000000054
P_1-2_4886,P_1-2_2030,779.3000000001086
P_1-2_4886,P_2-1_3376,767.600000000106
P_1-2_4886,P_2-1_6256,763.300000000105
P_1-2_4886,P_1-2_3908,767.2000000001059
P_1-2_4886,P_2-1_5435,768.0000000001061
P_1-2_4886,P_1-2_4607,713.6000000000937
P_1-2_4886,P_2-1_4331,733.8000000000983
P_1-2_4886,P_1-1-pt_7104,3065.799999998307
P_1-2_4886,P_1-2_2229,5920.000000004005
P_1-2_2653,P_1-2_171,42.10000000000033
P_1-2_2653,P_1-2_4285,36.50000000000025
P_1-2_2653,P_1-1-pt_4380,26.600000000000108
P_1-2_2653,P_1-1-pt_1601,26.70000000000011
P_1-2_2653,P_1-1-pt_2844,10.799999999999978
P_1-2_2653,P_1-1-pt_3931,56.20000000000053
P_1-2_2653,P_2-1_6236,32.000000000000185
P_1-2_2653,P_1-2_1948,32.000000000000185
P_1-2_2653,P_1-3_5550,31.100000000000172
P_1-2_2653,P_2-1_5799,29.700000000000152
P_1-2_2653,P_1-3_4492,32.60000000000019
P_1-2_2653,P_1-3_2528,47.90000000000041
P_1-2_2653,P_1-1-pt_3353,57.20000000000054
P_1-2_2653,P_2-1_2911,36.10000000000024
P_1-2_2653,P_1-1-pt_2425,44.30000000000036
P_1-2_2653,P_1-2_1285,38.400000000000276
P_1-2_2653,P_2-1_842,39.60000000000029
P_1-2_2653,P_1-3_5451,48.00000000000041
P_1-2_2653,P_1-3_1140,29.50000000000015
P_1-2_2653,P_1-1-pt_8085,28.20000000000013
P_1-2_2653,P_1-1-pt_841,29.400000000000148
P_1-2_2653,P_1-2_4955,40.0000000000003
P_1-2_2653,P_1-2_2061,39.700000000000294
P_1-2_2653,P_1-1-pt_2342,29.000000000000142
P_1-2_2653,P_1-1-pt_3800,63.50000000000063
P_1-1-pt_1121,P_1-1-veh_767,20.200000000000017
P_1-1-pt_1121,P_1-1-pt_6031,61.500000000000604
P_1-1-pt_1121,P_1-1-pt_3275,74.10000000000007
P_1-1-pt_1121,P_1-3_403,85.29999999999943
P_1-1-pt_1121,P_1-1-pt_5392,21.10000000000003
P_1-1-pt_1121,P_1-3_2643,25.500000000000092
P_1-1-pt_1121,P_1-3_1324,25.30000000000009
P_1-1-pt_1121,P_1-1-pt_2808,45.60000000000038
P_1-1-pt_1121,P_1-3_3536,56.40000000000053
P_1-1-pt_1121,P_1-3_5123,56.50000000000053
P_1-1-pt_1121,P_1-1-pt_977,51.90000000000047
P_1-1-pt_1121,P_1-1-pt_2606,61.3000000000006
P_1-1-pt_1121,P_1-2_2875,42.70000000000034
P_2-1_804,P_2-1_499,3137.399999998242
P_2-1_804,P_1-3_268,53.40000000000049
P_2-1_804,P_1-3_28,54.600000000000506
P_2-1_804,P_1-3_234,57.400000000000546
P_2-1_804,P_1-2_3879,93.89999999999894
P_2-1_804,P_1-3_2773,70.60000000000026
P_2-1_804,P_1-3_4262,133.19999999999672
P_2-1_804,P_2-1_4788,26.600000000000108
P_2-1_804,P_1-2_5369,38.10000000000027
P_2-1_804,P_1-2_4376,53.50000000000049
P_2-1_804,P_1-3_1676,53.30000000000049
P_2-1_804,P_1-3_5144,53.30000000000049
P_2-1_804,P_1-3_2786,55.00000000000051
P_2-1_804,P_1-3_5475,53.30000000000049
P_2-1_804,P_1-2_4853,58.30000000000056
P_2-1_804,P_2-1_6130,56.000000000000526
P_2-1_842,P_1-2_1948,40.80000000000031
P_2-1_842,P_1-3_4492,40.1000000000003
P_2-1_842,P_1-3_2528,39.800000000000296
P_2-1_842,P_1-1-pt_841,129.59999999999692
P_2-1_842,P_1-2_5927,42.00000000000033
P_2-1_842,P_1-1-pt_3800,27.000000000000114
P_2-1_842,P_1-2_3214,35.70000000000024
P_2-1_842,P_1-2_4715,34.800000000000225
P_2-1_842,P_1-2_2653,39.60000000000029
P_2-1_842,P_1-1-pt_2770,26.1000000000001
P_2-1_842,P_1-1-pt_6355,26.600000000000108
P_2-1_842,P_1-2_4454,35.30000000000023
P_2-1_842,P_1-2_3590,35.40000000000023
P_2-1_842,P_1-1-pt_8982,63.30000000000063
P_2-1_842,P_1-1-pt_8969,26.0000000000001
P_2-1_842,P_1-2_1658,41.70000000000032
P_2-1_842,P_1-1-pt_1601,54.4000000000005
P_1-1-pt_3067,P_1-1-veh_234,31.100000000000172
P_1-1-pt_3067,P_1-3_1785,55.40000000000052
P_1-1-pt_3067,P_1-1-pt_3386,72.00000000000018
P_1-1-pt_3067,P_1-1-pt_2606,692.800000000089
P_1-1-pt_3067,P_1-3_528,80.29999999999971
P_1-1-pt_3067,P_1-1-pt_761,141.09999999999627
P_1-1-pt_3067,P_1-1-pt_3097,123.79999999999724
P_1-1-pt_3067,P_1-1-pt_2834,102.69999999999844
P_1-1-pt_3067,P_1-1-pt_6297,160.99999999999514
P_1-1-pt_3067,P_1-1-pt_5199,127.19999999999705
P_1-1-pt_3067,P_1-3_2955,117.3999999999976
P_1-1-pt_3067,P_1-1-pt_6931,101.5999999999985
P_1-1-pt_3067,P_1-1-pt_4996,62.10000000000061
P_1-1-pt_3067,P_1-2_5252,34.900000000000226
P_1-1-pt_3067,P_1-3_3245,38.50000000000028
P_1-1-pt_3571,P_1-1-pt_5897,7.699999999999989
P_1-1-pt_3571,P_1-1-pt_1304,46.000000000000384
P_1-1-pt_3571,P_1-2_3692,324.5000000000053
P_1-1-pt_3571,P_1-1-pt_8762,57.90000000000055
P_1-1-pt_3571,P_1-1-pt_1798,58.700000000000564
P_1-1-pt_3571,P_1-1-pt_5298,55.00000000000051
P_1-3_2171,P_1-3_1604,53.200000000000486
P_1-3_2171,P_1-1-pt_6358,42.80000000000034
P_1-3_2171,P_2-1_5067,54.70000000000051
P_1-3_2424,P_1-3_1027,48.50000000000042
P_1-3_2424,P_1-1-pt_8611,56.700000000000536
P_1-3_2424,P_1-1-pt_5997,20.600000000000023
P_1-3_2424,P_1-2_104,50.00000000000044
P_1-3_2424,P_1-1-pt_527,39.800000000000296
P_1-3_2424,P_1-2_4962,45.90000000000038
P_1-3_2424,P_1-2_4249,872.7000000001299
P_1-3_2424,P_1-2_1715,13.699999999999967
P_1-3_2424,P_1-2_2473,95.69999999999884
P_1-3_3245,P_1-3_5144,71.50000000000021
P_1-3_3245,P_1-1-pt_8969,8.399999999999986
P_1-3_3245,P_1-1-pt_3671,85.39999999999942
P_1-3_3245,P_1-1-pt_5167,44.000000000000355
P_1-3_3245,P_1-1-pt_1747,25.500000000000092
P_1-3_3245,P_1-1-pt_98,39.40000000000029
P_1-3_3245,P_1-1-pt_6974,58.20000000000056
P_1-3_3245,P_1-1-pt_4879,14.999999999999963
P_1-3_3245,P_1-1-pt_2880,80.4999999999997
P_1-3_3245,P_1-1-pt_3858,50.300000000000445
P_1-3_3245,P_1-1-pt_571,100.09999999999859
P_1-3_3245,P_1-1-pt_3230,128.79999999999697
P_1-3_3245,P_1-1-pt_2013,8.899999999999984
P_1-3_3245,P_1-1-pt_7573,32.50000000000019
P_1-3_3245,P_1-1-veh_767,27.100000000000115
P_1-3_3245,P_1-2_303,36.10000000000024
P_1-3_3245,P_1-1-pt_6413,58.40000000000056
P_1-3_3245,P_1-1-pt_494,37.90000000000027
P_1-3_3245,P_1-1-pt_2162,56.80000000000054
P_1-3_3245,P_1-1-pt_4996,26.70000000000011
P_1-3_3245,P_1-1-pt_5666,8.699999999999985
P_1-3_3245,P_1-1-pt_3409,55.200000000000514
P_1-3_3245,P_1-1-pt_1270,57.20000000000054
P_1-3_3245,P_1-1-pt_1473,35.20000000000023
P_1-3_3245,P_1-1-pt_7863,52.20000000000047
P_1-3_3245,P_1-1-pt_8545,51.40000000000046
P_1-3_3245,P_1-1-pt_5193,51.20000000000046
P_1-3_3245,P_1-1-pt_7325,73.00000000000013
P_1-3_3245,P_1-1-pt_3067,38.50000000000028
P_1-3_3245,P_1-1-pt_6297,233.599999999991
P_1-1-pt_0,P_1-3_4666,39.000000000000284
P_1-1-pt_0,P_1-2_4791,8.399999999999986
P_1-1-pt_0,P_1-2_1533,8.499999999999986
P_1-1-pt_0,P_1-3_5578,8.199999999999987
P_1-1-pt_0,P_1-3_635,8.099999999999987
P_1-1-pt_0,P_1-3_3579,129.49999999999693
P_1-1-pt_0,P_1-1-pt_2529,25.000000000000085
P_1-1-pt_0,P_1-1-pt_1473,82.99999999999956
P_1-1-pt_0,P_1-1-pt_6031,99.09999999999864
P_1-1-pt_2880,P_1-1-pt_521,238.29999999999075
P_1-1-pt_2880,P_1-1-pt_8280,183.19999999999388
P_1-1-pt_2880,P_1-1-pt_4262,51.800000000000466
P_1-1-pt_2880,P_1-1-pt_3207,261.2999999999909
P_1-1-pt_2880,P_1-1-pt_2369,60.00000000000058
P_1-1-pt_2880,P_1-1-pt_4879,87.69999999999929
P_1-1-pt_2880,P_1-1-pt_6974,595.1000000000668
P_1-1-pt_2880,P_2-1_63,8.399999999999986
P_1-1-pt_2880,P_1-1-pt_5167,379.0000000000177
P_1-1-pt_2880,P_1-2_1612,117.99999999999757
P_1-1-pt_2880,P_1-1-pt_98,150.19999999999575
P_1-1-pt_2880,P_1-1-pt_1747,318.5000000000039
P_1-1-pt_2880,P_1-1-pt_3671,131.6999999999968
P_1-1-pt_2880,P_1-1-pt_3858,510.2000000000475
P_1-1-pt_2880,P_1-3_3245,80.4999999999997
P_1-1-pt_2880,P_1-2_250,55.40000000000052
P_1-1-pt_2880,P_1-2_4483,79.19999999999978
P_1-1-pt_2880,P_1-1-pt_6743,55.60000000000052
P_1-1-pt_2880,P_1-1-veh_610,62.00000000000061
P_1-1-pt_2880,P_1-1-veh_767,54.500000000000504
P_1-1-pt_2880,P_1-2_303,54.1000000000005
P_1-1-pt_2880,P_1-1-pt_571,57.10000000000054
P_1-1-pt_2880,P_1-1-pt_3230,57.10000000000054
P_1-1-pt_2880,P_1-1-pt_1497,54.90000000000051
P_1-1-pt_2880,P_1-1-pt_4736,416.5000000000262
P_1-1-pt_8735,P_1-2_638,9.299999999999983
P_1-1-pt_8735,P_1-2_3608,4.000000000000002
P_1-1-pt_8735,P_1-1-veh_246,4.5
P_1-1-pt_8735,P_1-2_5428,2.1000000000000005
P_1-1-pt_8735,P_1-1-pt_498,58.50000000000056
P_1-1-pt_8735,P_1-1-veh_530,17.299999999999976
P_1-1-pt_8735,P_1-3_3076,88.29999999999926
P_1-1-pt_8735,P_1-3_743,110.399999999998
P_1-1-pt_8735,P_1-1-pt_1723,835.0000000001213
P_1-1-pt_8735,P_1-1-pt_8184,95.59999999999884
P_1-1-pt_8735,P_1-3_2599,110.399999999998
P_1-1-pt_8735,P_1-2_5745,110.29999999999801
P_1-1-pt_8735,P_1-1-pt_8289,55.70000000000052
P_1-1-pt_8735,P_1-2_5753,55.40000000000052
P_1-1-pt_8735,P_1-1-pt_182,55.60000000000052
P_1-1-pt_8735,P_1-3_4289,54.80000000000051
P_1-1-pt_8735,P_1-2_609,55.300000000000516
P_1-1-pt_8735,P_1-2_4266,5853.000000003762
P_1-1-pt_7959,P_1-3_5020,50.80000000000045
P_1-1-pt_7959,P_1-3_4253,4602.499999999212
P_1-1-pt_7959,P_1-1-pt_6381,47.500000000000405
P_1-1-pt_7959,P_1-1-pt_7277,47.600000000000406
P_1-1-pt_7959,P_2-1_2293,51.000000000000455
P_1-1-pt_7959,P_1-1-pt_1669,67.90000000000042
P_1-1-pt_7959,P_1-2_163,52.10000000000047
P_1-1-pt_150,P_1-1-pt_7573,47.500000000000405
P_1-1-pt_150,P_2-1_2384,51.100000000000456
P_1-1-pt_150,P_1-1-pt_4901,647.2000000000786
P_1-1-pt_150,P_1-1-pt_2297,45.10000000000037
P_1-1-pt_150,P_1-2_2715,58.000000000000554
P_1-3_547,P_1-3_5117,53.30000000000049
P_1-3_547,P_1-2_2183,53.40000000000049
P_1-3_547,P_1-3_5537,52.80000000000048
P_1-3_547,P_1-2_1219,53.50000000000049
P_1-3_547,P_1-2_5437,53.40000000000049
P_1-3_547,P_1-2_3752,53.40000000000049
P_1-3_547,P_1-2_4270,53.30000000000049
P_1-3_547,P_1-1-pt_394,12.199999999999973
P_1-3_547,P_1-1-pt_4541,19.0
P_1-3_547,P_1-1-pt_725,27.800000000000125
P_1-1-pt_3207,P_1-1-pt_1747,316.40000000000344
P_1-1-pt_3207,P_1-1-pt_3671,867.3000000001286
P_1-1-pt_3207,P_1-1-pt_6974,242.19999999999052
P_1-1-pt_3207,P_1-1-pt_5167,618.400000000072
P_1-1-pt_3207,P_1-1-pt_4879,148.59999999999584
P_1-1-pt_3207,P_1-1-pt_1497,451.6000000000342
P_1-1-pt_3207,P_1-1-pt_2369,67.10000000000046
P_1-1-pt_3207,P_1-1-pt_6743,184.3999999999938
P_1-1-pt_3207,P_1-1-pt_4736,145.29999999999603
P_1-1-pt_3207,P_1-1-pt_2880,261.2999999999909
P_1-1-pt_3207,P_1-1-pt_571,60.00000000000058
P_1-1-pt_3207,P_1-1-pt_3230,60.00000000000058
P_1-1-pt_3207,P_1-1-pt_521,276.1999999999943
P_1-1-pt_3207,P_1-1-pt_8280,238.59999999999073
P_1-1-pt_3207,P_1-1-pt_5666,1045.9000000001442
P_1-1-pt_3207,P_1-2_250,20.800000000000026
P_1-1-pt_3207,P_1-2_4483,30.000000000000156
P_1-1-pt_3207,P_1-1-pt_2920,61.600000000000605
P_1-1-pt_3207,P_1-2_4940,57.50000000000055
P_1-1-pt_3207,P_1-1-pt_98,589.1000000000654
P_1-1-pt_3207,P_1-1-veh_610,57.90000000000055
P_1-1-pt_3207,P_1-1-pt_2013,67.40000000000045
P_1-1-pt_3207,P_1-1-veh_767,882.8000000001322
P_1-1-pt_3207,P_1-2_5543,91.0999999999991
P_1-1-pt_3207,P_1-1-pt_3858,64.6000000000006
P_1-1-pt_3207,P_1-2_303,91.39999999999908
P_1-1-pt_8247,P_1-3_2278,40.0000000000003
P_1-1-pt_8247,P_1-1-pt_494,59.70000000000058
P_1-1-pt_8247,P_1-1-pt_2162,59.30000000000057
P_1-1-pt_8247,P_1-1-pt_1296,57.300000000000544
P_1-1-pt_8247,P_1-2_1017,43.60000000000035
P_1-1-pt_8247,P_1-1-pt_4262,59.00000000000057
P_1-1-pt_8247,P_1-1-pt_3386,107.39999999999817
P_1-1-pt_8247,P_1-2_2795,4157.699999997594
P_1-1-pt_8247,P_1-1-pt_3595,57.10000000000054
P_1-1-pt_8247,P_1-1-pt_1420,3490.6999999979207
P_1-2_4249,P_1-3_2280,111.59999999999793
P_1-2_4249,P_1-1-pt_7440,698.5000000000903
P_1-2_4249,P_1-2_2473,754.0000000001029
P_1-2_4249,P_1-3_1945,53.00000000000048
P_1-2_4249,P_1-2_3702,53.60000000000049
P_1-2_4249,P_1-2_848,56.10000000000053
P_1-2_4249,P_1-1-pt_8611,56.90000000000054
P_1-2_4249,P_1-1-pt_5997,33.2000000000002
P_1-2_4249,P_1-2_104,37.600000000000264
P_1-2_4249,P_1-1-pt_527,13.199999999999969
P_1-2_4249,P_1-2_4962,30.400000000000162
P_1-2_4249,P_1-3_2424,872.7000000001299
P_1-1-pt_5481,P_1-2_4724,1221.6999999999844
P_1-1-pt_5481,P_1-1-pt_4645,111.09999999999796
P_1-1-pt_5481,P_1-2_593,148.39999999999586
P_1-1-pt_5481,P_2-1_5799,163.79999999999498
P_1-2_5369,P_1-2_5288,41.50000000000032
P_1-2_5369,P_2-1_1609,223.59999999999158
P_1-2_5369,P_2-1_499,41.900000000000325
P_1-2_5369,P_2-1_804,38.10000000000027
P_1-2_5369,P_1-2_1805,15.69999999999996
P_1-1-pt_4785,P_1-3_1213,53.40000000000049
P_1-1-pt_4785,P_1-3_2180,55.300000000000516
P_1-1-pt_4785,P_1-2_2422,61.1000000000006
P_1-1-pt_4785,P_1-2_5092,26.70000000000011
P_1-1-pt_4785,P_1-3_5354,40.90000000000031
P_1-1-pt_4785,P_1-3_4587,47.70000000000041
P_1-1-pt_4785,P_1-3_2076,38.80000000000028
P_1-1-pt_4785,P_1-2_5927,39.60000000000029
P_1-1-pt_4785,P_1-2_3214,39.100000000000286
P_1-1-pt_4785,P_2-1_4930,66.60000000000049
P_1-1-pt_3624,P_1-1-pt_3858,53.100000000000485
P_1-1-pt_3624,P_1-1-pt_2920,31.900000000000183
P_1-1-pt_3624,P_1-1-pt_6453,31.100000000000172
P_1-1-pt_3624,P_1-1-veh_610,8.499999999999986
P_1-1-pt_3624,P_1-1-veh_767,8.499999999999986
P_1-1-pt_3624,P_1-2_303,26.70000000000011
P_1-1-pt_3624,P_1-1-pt_255,58.000000000000554
P_1-1-pt_3624,P_1-1-pt_5199,69.30000000000034
P_1-1-pt_3624,P_1-1-pt_2834,7.599999999999989
P_1-1-pt_3624,P_1-1-veh_792,58.700000000000564
P_1-1-pt_3624,P_1-1-pt_494,77.39999999999988
P_1-1-pt_3624,P_1-1-pt_2162,92.09999999999904
P_1-1-pt_3624,P_1-1-pt_5897,58.50000000000056
P_1-1-pt_3624,P_1-1-pt_3769,59.10000000000057
P_1-1-pt_3624,P_1-1-pt_4671,58.30000000000056
P_1-1-pt_3624,P_1-1-pt_1270,58.30000000000056
P_1-1-pt_3624,P_1-1-pt_3409,55.80000000000052
P_1-1-pt_3624,P_1-1-pt_4919,59.500000000000576
P_1-1-pt_3624,P_1-1-pt_1304,59.30000000000057
P_1-1-pt_3624,P_1-1-veh_105,41.100000000000314
P_1-1-pt_3624,P_1-1-pt_7863,58.700000000000564
P_1-1-pt_3624,P_1-1-pt_8545,57.90000000000055
P_1-1-pt_3624,P_1-1-pt_5193,57.70000000000055
P_1-1-pt_3624,P_1-1-pt_7325,56.90000000000054
P_1-1-pt_3624,P_1-1-pt_8137,58.000000000000554
P_1-1-pt_1304,P_1-2_3692,50.10000000000044
P_1-1-pt_1304,P_1-1-pt_3571,46.000000000000384
P_1-1-pt_1304,P_1-1-pt_4671,46.800000000000395
P_1-1-pt_1304,P_1-1-pt_1270,185.49999999999375
P_1-1-pt_1304,P_1-1-pt_5897,33.70000000000021
P_1-1-pt_1304,P_1-1-pt_7863,94.99999999999888
P_1-1-pt_1304,P_1-2_1559,28.20000000000013
P_1-1-pt_1304,P_1-1-pt_3275,62.300000000000615
P_1-1-pt_1304,P_1-1-pt_1560,62.40000000000062
P_1-1-pt_1304,P_1-1-pt_1966,78.6999999999998
P_1-1-pt_1304,P_1-1-pt_5906,61.3000000000006
P_1-1-pt_1304,P_1-1-pt_1238,60.70000000000059
P_1-1-pt_1304,P_1-1-pt_3916,61.2000000000006
P_1-1-pt_1304,P_1-1-pt_1108,121.29999999999738
P_1-1-pt_1304,P_1-1-pt_1226,61.4000000000006
P_1-1-pt_1304,P_1-1-pt_3624,59.30000000000057
P_1-1-pt_1304,P_1-1-pt_4919,3734.399999997699
P_1-1-pt_1304,P_1-1-veh_792,157.29999999999535
P_1-1-pt_1304,P_1-1-pt_8545,56.40000000000053
P_1-1-pt_1304,P_1-1-pt_5193,56.20000000000053
P_1-1-pt_1304,P_1-1-veh_105,121.79999999999735
P_1-1-pt_1304,P_1-1-pt_7325,54.2000000000005
P_1-1-pt_1304,P_1-1-pt_8137,54.600000000000506
P_1-1-pt_1304,P_1-2_1203,123.69999999999725
P_1-1-pt_1304,P_1-2_2554,120.49999999999743
P_1-2_4266,P_1-2_4753,30.30000000000016
P_1-2_4266,P_1-3_2043,25.40000000000009
P_1-2_4266,P_1-2_638,27.50000000000012
P_1-2_4266,P_1-2_3608,26.200000000000102
P_1-2_4266,P_1-1-veh_246,26.400000000000105
P_1-2_4266,P_1-1-pt_1173,4.799999999999999
P_1-2_4266,P_1-1-pt_6292,3.3000000000000016
P_1-2_4266,P_1-2_5428,26.200000000000102
P_1-2_4266,P_1-1-pt_498,57.400000000000546
P_1-2_4266,P_1-1-pt_1723,781.4000000001091
P_1-2_4266,P_1-1-veh_530,37.40000000000026
P_1-2_4266,P_1-3_743,110.99999999999797
P_1-2_4266,P_1-1-pt_8184,105.29999999999829
P_1-2_4266,P_1-3_2599,111.29999999999795
P_1-2_4266,P_1-2_5745,111.59999999999793
P_1-2_4266,P_1-1-pt_8289,55.200000000000514
P_1-2_4266,P_1-2_5753,55.80000000000052
P_1-2_4266,P_1-1-pt_182,55.200000000000514
P_1-2_4266,P_1-3_4289,55.900000000000524
P_1-2_4266,P_1-3_3076,925.900000000142
P_1-2_4266,P_1-2_609,55.60000000000052
P_1-2_4266,P_1-1-pt_8735,5853.000000003762
P_1-2_4724,P_1-1-pt_5481,1221.6999999999844
P_1-2_4724,P_1-1-pt_4645,314.30000000000297
P_1-2_4724,P_1-3_4822,820.700000000118
P_1-2_4724,P_1-2_5943,16.399999999999963
P_1-2_4724,P_1-2_1219,33.3000000000002
P_1-1-pt_1037,P_2-1_2045,30.20000000000016
P_1-1-pt_1037,P_1-3_990,22.000000000000043
P_1-1-pt_1037,P_1-2_3413,59.500000000000576
P_1-1-pt_1037,P_1-1-pt_3275,6.5999999999999925
P_1-1-pt_1037,P_1-3_3755,63.10000000000063
P_1-1-pt_1037,P_1-3_5334,77.79999999999986
P_1-1-pt_1037,P_1-1-pt_3927,63.40000000000063
P_1-1-pt_1037,P_1-2_2345,56.20000000000053
P_1-1-pt_1037,P_1-1-pt_1298,72.40000000000016
P_1-1-pt_1037,P_1-1-pt_5324,5830.000000003678
P_1-3_4289,P_1-3_743,110.99999999999797
P_1-3_4289,P_1-1-pt_1723,114.59999999999776
P_1-3_4289,P_1-3_2599,55.80000000000052
P_1-3_4289,P_1-2_5745,55.900000000000524
P_1-3_4289,P_1-1-pt_8289,55.00000000000051
P_1-3_4289,P_1-1-pt_8735,54.80000000000051
P_1-3_4289,P_1-2_4266,55.900000000000524
P_1-3_4289,P_1-3_3076,55.60000000000052
P_1-3_4289,P_1-2_5753,55.70000000000052
P_1-3_4289,P_1-1-pt_182,55.300000000000516
P_1-3_4289,P_1-1-veh_834,55.80000000000052
P_1-3_4289,P_1-1-pt_8184,1114.2000000000821
P_1-3_743,P_1-2_4753,26.300000000000104
P_1-3_743,P_1-3_2043,26.1000000000001
P_1-3_743,P_1-2_638,28.300000000000132
P_1-3_743,P_1-2_3608,512.800000000048
P_1-3_743,P_1-1-veh_246,52.90000000000048
P_1-3_743,P_1-1-pt_1173,50.80000000000045
P_1-3_743,P_1-1-pt_6292,50.60000000000045
P_1-3_743,P_1-1-pt_498,57.00000000000054
P_1-3_743,P_1-1-pt_1723,595.0000000000667
P_1-3_743,P_1-2_5428,53.100000000000485
P_1-3_743,P_1-1-pt_8184,218.29999999999188
P_1-3_743,P_1-1-veh_834,111.19999999999796
P_1-3_743,P_1-3_2599,111.59999999999793
P_1-3_743,P_1-2_5745,111.39999999999795
P_1-3_743,P_1-1-pt_8289,110.69999999999798
P_1-3_743,P_1-1-pt_8735,110.399999999998
P_1-3_743,P_1-2_4266,110.99999999999797
P_1-3_743,P_1-3_3076,110.89999999999797
P_1-3_743,P_1-1-pt_182,110.19999999999801
P_1-3_743,P_1-3_4289,110.99999999999797
P_1-3_743,P_1-2_5753,55.60000000000052
P_1-1-pt_1473,P_1-2_168,49.20000000000043
P_1-1-pt_1473,P_1-1-pt_4875,41.800000000000324
P_1-1-pt_1473,P_1-2_3708,49.40000000000043
P_1-1-pt_1473,P_1-1-pt_8830,44.80000000000037
P_1-1-pt_1473,P_1-1-pt_0,82.99999999999956
P_1-1-pt_1473,P_1-1-pt_6931,62.00000000000061
P_1-1-pt_1473,P_1-1-veh_234,50.10000000000044
P_1-1-pt_1473,P_1-1-pt_8682,48.00000000000041
P_1-1-pt_1473,P_1-2_3389,198.599999999993
P_1-1-pt_1473,P_1-1-pt_5897,82.89999999999957
P_1-1-pt_1473,P_1-1-pt_3769,76.59999999999992
P_1-1-pt_1473,P_1-1-pt_4671,71.7000000000002
P_1-1-pt_1473,P_1-1-pt_4919,71.30000000000022
P_1-1-pt_1473,P_2-1_63,98.1999999999987
P_1-1-pt_1473,P_1-2_1612,122.49999999999731
P_1-1-pt_1473,P_1-3_3245,35.20000000000023
P_1-1-pt_1473,P_2-1_5419,35.40000000000023
P_1-1-pt_1473,P_1-1-pt_6413,90.59999999999913
P_1-1-pt_1473,P_1-2_4483,3.800000000000002
P_1-1-pt_1473,P_1-1-pt_1296,61.1000000000006
P_1-1-pt_394,P_1-1-pt_530,44.40000000000036
P_1-1-pt_394,P_1-1-pt_4262,94.4999999999989
P_1-1-pt_394,P_1-2_5252,50.80000000000045
P_1-1-pt_394,P_1-3_1571,48.300000000000416
P_1-1-pt_394,P_1-2_171,41.70000000000032
P_1-1-pt_394,P_1-3_5117,50.80000000000045
P_1-1-pt_394,P_1-2_4285,23.90000000000007
P_1-1-pt_394,P_1-2_2183,50.90000000000045
P_1-1-pt_394,P_1-1-pt_5913,27.300000000000118
P_1-1-pt_394,P_1-3_5537,51.20000000000046
P_1-1-pt_394,P_1-2_1640,42.80000000000034
P_1-1-pt_394,P_1-2_5641,41.30000000000032
P_1-1-pt_394,P_1-3_547,12.199999999999973
P_1-1-pt_394,P_1-1-pt_5997,1255.4999999999536
P_1-1-pt_394,P_1-1-pt_8611,1238.1999999999694
P_1-1-pt_394,P_1-1-pt_4541,5792.00000000354
P_1-1-pt_5324,P_1-2_3413,27.200000000000117
P_1-1-pt_5324,P_2-1_2045,754.500000000103
P_1-1-pt_5324,P_1-3_990,22.700000000000053
P_1-1-pt_5324,P_1-2_4208,22.100000000000044
P_1-1-pt_5324,P_1-3_3755,68.00000000000041
P_1-1-pt_5324,P_1-3_5334,73.20000000000012
P_1-1-pt_5324,P_1-1-pt_3927,59.00000000000057
P_1-1-pt_5324,P_1-2_2345,56.30000000000053
P_1-1-pt_5324,P_1-1-pt_1298,65.40000000000056
P_1-1-pt_5324,P_1-1-pt_1037,5830.000000003678
P_1-2_960,P_1-2_5765,53.30000000000049
P_1-2_960,P_1-1-pt_1669,30.500000000000163
P_1-2_960,P_1-3_809,53.100000000000485
P_1-2_960,P_1-2_4065,53.30000000000049
P_1-2_960,P_1-3_2745,55.50000000000052
P_1-2_960,P_1-2_1265,56.10000000000053
P_1-2_2473,P_1-1-pt_2820,41.60000000000032
P_1-2_2473,P_1-3_2221,52.90000000000048
P_1-2_2473,P_1-3_2280,53.30000000000049
P_1-2_2473,P_1-2_4249,754.0000000001029
P_1-2_2473,P_1-1-pt_8611,54.80000000000051
P_1-2_2473,P_1-1-pt_5997,15.79999999999996
P_1-2_2473,P_1-2_104,36.50000000000025
P_1-2_2473,P_1-1-pt_527,8.399999999999986
P_1-2_2473,P_1-2_4962,28.80000000000014
P_1-2_2473,P_1-3_2424,95.69999999999884
P_1-1-pt_8728,P_1-1-pt_8068,53.50000000000049
P_1-1-pt_8728,P_1-1-pt_4966,57.10000000000054
P_1-1-pt_8728,P_1-1-pt_6176,48.50000000000042
P_1-1-pt_8728,P_2-1_3764,23.10000000000006
P_1-1-pt_8728,P_2-1_2925,18.39999999999999
P_1-1-pt_8728,P_2-1_63,52.30000000000047
P_1-1-pt_8728,P_1-2_1612,51.800000000000466
P_1-1-pt_8728,P_1-1-pt_6453,58.90000000000057
P_1-1-pt_8728,P_1-1-pt_571,62.70000000000062
P_1-1-pt_8728,P_1-1-pt_3230,59.60000000000058
P_1-1-pt_8728,P_1-1-pt_4736,71.30000000000022
P_1-1-pt_8728,P_1-1-pt_2013,59.60000000000058
P_1-1-pt_8728,P_1-1-pt_7573,52.500000000000476
P_1-1-pt_8728,P_1-1-veh_767,4.999999999999998
P_1-1-pt_8728,P_1-2_303,26.600000000000108
P_1-1-pt_8728,P_1-1-pt_297,99.69999999999861
P_1-1-pt_8728,P_1-1-pt_2162,58.30000000000056
P_1-1-pt_8728,P_1-1-pt_3409,55.70000000000052
P_1-1-pt_8728,P_1-1-pt_1270,40.80000000000031
P_1-1-pt_8728,P_1-1-pt_6413,229.79999999999123
P_1-1-pt_8728,P_1-1-pt_7863,54.90000000000051
P_1-1-pt_8728,P_1-1-pt_8545,53.30000000000049
P_1-1-pt_8728,P_1-1-pt_5193,53.30000000000049
P_1-1-pt_8728,P_1-2_4483,2625.999999998707
P_1-1-pt_8728,P_2-1_5419,276.6999999999944
P_1-1-pt_8728,P_1-1-pt_7325,33.400000000000205
P_1-1-pt_7080,P_1-3_2323,50.70000000000045
P_1-1-pt_7080,P_1-1-pt_7760,58.100000000000556
P_1-1-pt_7080,P_1-1-pt_6273,45.300000000000374
P_1-1-pt_7080,P_1-2_4464,96.79999999999878
P_1-1-pt_7080,P_1-3_3579,77.89999999999985
P_1-1-pt_7080,P_1-1-veh_105,55.10000000000051
P_1-1-pt_7080,P_1-2_2554,51.60000000000046
P_1-1-pt_7080,P_1-2_5951,50.90000000000045
P_1-1-pt_7080,P_1-3_4690,50.60000000000045
P_1-1-pt_7080,P_1-1-pt_6931,45.70000000000038
P_1-1-pt_7080,P_1-1-veh_234,116.59999999999765
P_1-1-pt_7080,P_1-1-pt_8682,57.70000000000055
P_1-1-pt_7080,P_1-1-pt_5078,114.89999999999775
P_1-1-pt_7080,P_1-2_3389,59.60000000000058
P_1-1-pt_7080,P_1-1-pt_4671,33.0000000000002
P_1-1-pt_7080,P_1-1-pt_4919,52.500000000000476
P_2-1_5552,P_1-3_5020,53.30000000000049
P_2-1_5552,P_2-1_5841,692.2000000000888
P_2-1_5552,P_1-1-pt_6381,52.20000000000047
P_2-1_5552,P_1-1-pt_7277,135.2999999999966
P_2-1_5552,P_1-1-pt_8085,97.39999999999874
P_2-1_5552,P_1-1-pt_6355,14.499999999999964
P_2-1_5552,P_1-2_4454,28.10000000000013
P_2-1_5552,P_1-2_3590,28.10000000000013
P_2-1_5552,P_1-1-pt_8982,14.699999999999964
P_2-1_5552,P_1-1-pt_8969,14.899999999999963
P_2-1_5552,P_1-2_1658,37.10000000000026
P_1-1-pt_4541,P_1-1-pt_530,44.000000000000355
P_1-1-pt_4541,P_1-1-pt_4262,51.800000000000466
P_1-1-pt_4541,P_1-2_5252,50.80000000000045
P_1-1-pt_4541,P_1-3_1571,43.80000000000035
P_1-1-pt_4541,P_1-3_5117,50.90000000000045
P_1-1-pt_4541,P_1-2_171,48.60000000000042
P_1-1-pt_4541,P_1-2_4285,38.300000000000274
P_1-1-pt_4541,P_1-2_2183,50.90000000000045
P_1-1-pt_4541,P_1-1-pt_5913,24.800000000000082
P_1-1-pt_4541,P_1-3_5537,50.80000000000045
P_1-1-pt_4541,P_1-2_1640,42.90000000000034
P_1-1-pt_4541,P_1-2_5641,43.00000000000034
P_1-1-pt_4541,P_1-3_547,19.0
P_1-1-pt_4541,P_1-1-pt_394,5792.00000000354
P_1-1-pt_4541,P_1-1-pt_5997,1217.9999999999877
P_1-1-pt_4541,P_1-1-pt_8611,1198.1000000000058
P_1-2_250,P_1-3_4262,54.70000000000051
P_1-2_250,P_1-1-pt_1006,50.70000000000045
P_1-2_250,P_1-1-pt_2863,36.300000000000246
P_1-2_250,P_1-1-pt_5139,70.20000000000029
P_1-2_250,P_1-3_2786,54.3000000000005
P_1-2_250,P_1-1-pt_4736,761.4000000001046
P_1-2_250,P_1-1-pt_5167,21.600000000000037
P_1-2_250,P_1-1-pt_1747,21.300000000000033
P_1-2_250,P_1-1-pt_1497,27.300000000000118
P_1-2_250,P_1-1-pt_98,20.800000000000026
P_1-2_250,P_1-1-pt_3207,20.800000000000026
P_1-2_250,P_1-1-pt_3671,21.00000000000003
P_1-2_250,P_1-1-pt_2920,26.0000000000001
P_1-2_250,P_1-1-pt_6974,64.6000000000006
P_1-2_250,P_1-1-pt_2880,55.40000000000052
P_1-2_250,P_1-1-pt_4879,52.500000000000476
P_1-2_250,P_1-1-pt_3858,55.40000000000052
P_1-2_250,P_2-1_5419,325.70000000000556
P_1-2_250,P_1-1-pt_2013,20.900000000000027
P_1-2_250,P_1-1-pt_7573,6.799999999999992
P_1-2_250,P_1-1-pt_7208,57.70000000000055
P_1-2_250,P_1-1-pt_571,61.600000000000605
P_1-2_250,P_1-1-pt_3230,59.30000000000057
P_1-2_250,P_1-1-pt_7123,20.700000000000024
P_1-2_250,P_1-1-pt_2297,56.40000000000053
P_1-2_250,P_1-2_6013,39.60000000000029
P_1-2_250,P_1-1-pt_4966,10.599999999999978
P_1-2_250,P_1-2_505,90.19999999999915
P_1-2_250,P_2-1_2384,82.69999999999958
P_1-1-pt_1700,P_1-2_3488,109.79999999999804
P_1-1-pt_1700,P_1-2_2237,109.79999999999804
P_1-1-pt_1700,P_1-1-pt_2129,110.89999999999797
P_1-1-pt_1700,P_1-1-pt_1039,110.79999999999798
P_1-1-pt_1700,P_1-1-pt_5275,107.89999999999814
P_1-1-pt_1700,P_2-1_3944,50.80000000000045
P_1-1-pt_1700,P_1-2_4464,60.60000000000059
P_1-1-pt_1700,P_1-2_1533,56.600000000000534
P_1-1-pt_1700,P_1-3_635,53.40000000000049
P_1-1-pt_761,P_1-1-pt_4996,123.59999999999725
P_1-1-pt_761,P_1-1-pt_3386,61.500000000000604
P_1-1-pt_761,P_1-1-pt_3067,141.09999999999627
P_1-1-pt_761,P_1-1-pt_5906,66.70000000000049
P_1-1-pt_761,P_1-1-pt_3916,62.00000000000061
P_1-1-pt_761,P_1-1-pt_7208,61.500000000000604
P_1-1-pt_761,P_1-1-pt_6538,68.70000000000037
P_1-1-pt_761,P_1-1-pt_2503,63.000000000000625
P_1-1-pt_761,P_1-1-pt_255,61.0000000000006
P_1-1-pt_761,P_1-1-pt_6413,44.40000000000036
P_1-1-pt_761,P_2-1_63,292.7999999999981
P_1-1-pt_761,P_1-2_1612,427.5000000000287
P_1-1-pt_761,P_1-1-pt_494,40.2000000000003
P_1-1-pt_761,P_1-1-pt_1296,62.300000000000615
P_1-1-pt_761,P_1-1-pt_530,71.90000000000019
P_1-1-pt_761,P_1-1-pt_6297,20.600000000000023
P_1-1-pt_7938,P_1-2_2183,11.599999999999975
P_1-1-pt_7938,P_1-1-pt_2032,58.50000000000056
P_1-1-pt_7938,P_1-1-pt_2770,57.90000000000055
P_1-1-pt_7938,P_1-1-pt_6355,57.60000000000055
P_1-1-pt_7938,P_1-2_4454,56.600000000000534
P_1-1-pt_7938,P_1-1-pt_2863,58.40000000000056
P_1-1-pt_7938,P_1-1-pt_8969,58.800000000000566
P_1-1-pt_7938,P_2-1_5067,22.200000000000045
P_1-1-pt_7938,P_1-1-pt_1601,89.09999999999921
P_1-1-pt_7938,P_1-1-pt_2844,1619.2999999996227
P_1-3_2773,P_1-2_1494,15.69999999999996
P_1-3_2773,P_2-1_600,53.30000000000049
P_1-3_2773,P_1-3_4025,44.90000000000037
P_1-3_2773,P_1-2_2180,53.40000000000049
P_1-3_2773,P_1-2_3879,74.10000000000007
P_1-3_2773,P_2-1_4267,53.900000000000496
P_1-3_2773,P_2-1_3390,58.60000000000056
P_1-3_2773,P_2-1_499,60.00000000000058
P_1-3_2773,P_1-3_234,45.90000000000038
P_1-3_2773,P_2-1_1463,109.59999999999805
P_1-3_2773,P_1-3_4262,42.20000000000033
P_1-3_2773,P_2-1_804,70.60000000000026
P_1-3_2773,P_2-1_213,53.200000000000486
P_1-2_2543,P_1-3_990,118.89999999999752
P_1-2_2543,P_1-1-pt_654,322.50000000000483
P_1-2_2543,P_1-1-pt_4262,54.500000000000504
P_1-2_2543,P_1-1-pt_3512,29.200000000000145
P_1-2_2543,P_1-2_671,89.2999999999992
P_1-2_2543,P_1-1-pt_7664,58.30000000000056
P_1-2_2543,P_1-1-pt_776,57.400000000000546
P_1-3_1676,P_1-2_4376,103.99999999999837
P_1-3_1676,P_1-2_1494,53.00000000000048
P_1-3_1676,P_1-2_1953,53.100000000000485
P_1-3_1676,P_1-2_2180,53.50000000000049
P_1-3_1676,P_1-3_4262,50.60000000000045
P_1-3_1676,P_2-1_600,44.50000000000036
P_1-3_1676,P_2-1_1463,53.40000000000049
P_1-3_1676,P_2-1_4788,53.30000000000049
P_1-3_1676,P_2-1_499,53.40000000000049
P_1-3_1676,P_2-1_804,53.30000000000049
P_1-3_1676,P_1-3_5144,41.50000000000032
P_1-3_1676,P_2-1_213,53.30000000000049
P_1-3_458,P_1-1-pt_5942,317.6000000000037
P_1-3_458,P_1-2_149,1589.29999999965
P_1-3_458,P_1-2_3693,53.60000000000049
P_1-3_458,P_1-1-pt_2808,92.29999999999903
P_1-3_458,P_1-1-pt_977,94.19999999999892
P_1-3_458,P_1-2_2875,54.3000000000005
P_1-3_870,P_1-3_3793,132.39999999999677
P_1-3_870,P_1-1-pt_560,51.700000000000465
P_1-1-pt_3409,P_1-1-pt_4879,78.99999999999979
P_1-1-pt_3409,P_1-1-pt_3858,49.10000000000043
P_1-1-pt_3409,P_1-1-pt_2013,280.9999999999954
P_1-1-pt_3409,P_1-1-pt_571,58.700000000000564
P_1-1-pt_3409,P_1-1-pt_3230,60.40000000000059
P_1-1-pt_3409,P_1-1-pt_2920,28.500000000000135
P_1-1-pt_3409,P_1-1-pt_6453,54.0000000000005
P_1-1-pt_3409,P_1-1-veh_610,8.399999999999986
P_1-1-pt_3409,P_1-1-veh_767,8.599999999999985
P_1-1-pt_3409,P_1-2_303,26.70000000000011
P_1-1-pt_3409,P_1-1-pt_255,58.20000000000056
P_1-1-pt_3409,P_1-1-pt_6413,81.39999999999965
P_1-1-pt_3409,P_1-1-pt_2834,87.4999999999993
P_1-1-pt_3409,P_1-1-pt_494,59.400000000000574
P_1-1-pt_3409,P_1-1-pt_2162,115.89999999999769
P_1-1-pt_3409,P_1-1-veh_792,167.99999999999474
P_1-1-pt_3409,P_1-1-pt_5897,58.50000000000056
P_1-1-pt_3409,P_1-1-pt_3769,58.800000000000566
P_1-1-pt_3409,P_1-1-pt_4671,382.2000000000184
P_1-1-pt_3409,P_1-1-pt_3624,55.80000000000052
P_1-1-pt_3409,P_1-1-pt_4919,348.50000000001074
P_1-1-pt_3409,P_1-1-pt_1270,468.500000000038
P_1-1-pt_3409,P_2-1_3764,54.80000000000051
P_1-1-pt_3409,P_2-1_2925,53.50000000000049
P_1-1-pt_3409,P_2-1_63,93.19999999999898
P_1-1-pt_3409,P_1-2_1612,80.89999999999968
P_1-1-pt_3409,P_1-3_3245,55.200000000000514
P_1-1-pt_3409,P_2-1_5419,75.79999999999997
P_1-1-pt_3409,P_1-1-pt_8728,55.70000000000052
P_1-1-pt_3409,P_1-2_4483,55.300000000000516
P_1-1-pt_5906,P_1-1-pt_2920,72.60000000000015
P_1-1-pt_5906,P_1-1-pt_6176,65.10000000000058
P_1-1-pt_5906,P_1-1-pt_761,66.70000000000049
P_1-1-pt_5906,P_1-1-pt_6297,94.99999999999888
P_1-1-pt_5906,P_1-2_303,40.90000000000031
P_1-1-pt_5906,P_1-1-pt_6031,61.90000000000061
P_1-1-pt_5906,P_1-1-pt_255,61.70000000000061
P_1-1-pt_5906,P_1-1-pt_1108,61.500000000000604
P_1-1-pt_5906,P_1-1-pt_2834,42.70000000000034
P_1-1-pt_5906,P_1-1-veh_792,56.50000000000053
P_1-1-pt_5906,P_1-1-pt_494,62.60000000000062
P_1-1-pt_5906,P_1-1-pt_2162,62.60000000000062
P_1-1-pt_5906,P_1-1-pt_5897,61.0000000000006
P_1-1-pt_5906,P_1-1-pt_3769,61.2000000000006
P_1-1-pt_5906,P_1-1-pt_4671,61.70000000000061
P_1-1-pt_5906,P_1-1-pt_1270,61.1000000000006
P_1-1-pt_5906,P_1-1-pt_4919,61.70000000000061
P_1-1-pt_5906,P_1-1-pt_1304,61.3000000000006
P_1-1-pt_5906,P_1-1-pt_1238,1656.6999999995887
P_1-1-pt_5906,P_1-1-pt_7863,62.00000000000061
P_1-1-pt_5906,P_1-1-pt_5193,61.70000000000061
P_1-1-pt_5906,P_1-1-pt_7325,61.2000000000006
P_1-1-pt_5906,P_1-1-pt_8137,60.40000000000059
P_1-1-pt_5906,P_1-2_3052,123.99999999999723
P_1-1-pt_5906,P_1-1-pt_3275,62.900000000000624
P_1-1-veh_837,P_1-2_5752,625.6000000000737
P_1-1-veh_837,P_1-2_3464,622.600000000073
P_1-1-veh_837,P_1-2_3821,622.400000000073
P_1-1-veh_837,P_1-2_2797,622.400000000073
P_1-1-veh_837,P_1-2_2580,623.0000000000731
P_1-1-veh_837,P_2-1_2028,339.80000000000877
P_1-1-veh_837,P_1-3_4738,5739.000000003347
P_1-2_3224,P_1-2_2061,53.40000000000049
P_1-2_3224,P_1-1-pt_2961,107.09999999999819
P_1-2_3224,P_2-1_3058,54.0000000000005
P_1-1-veh_834,P_1-1-pt_8289,275.59999999999417
P_1-1-veh_834,P_1-1-pt_8184,179.69999999999408
P_1-1-veh_834,P_1-2_5753,261.699999999991
P_1-1-veh_834,P_1-3_743,111.19999999999796
P_1-1-veh_834,P_1-3_2599,55.80000000000052
P_1-1-veh_834,P_1-2_5745,55.70000000000052
P_1-1-veh_834,P_1-3_3076,43.200000000000344
P_1-1-veh_834,P_1-1-pt_182,55.00000000000051
P_1-1-veh_834,P_1-3_4289,55.80000000000052
P_1-1-pt_5999,P_1-2_752,105.69999999999827
P_1-1-pt_5999,P_2-1_1878,496.30000000004435
P_1-1-pt_5999,P_2-1_6130,49.700000000000436
P_1-1-pt_5999,P_2-1_4267,56.600000000000534
P_1-1-pt_5999,P_2-1_3390,56.80000000000054
P_1-1-pt_5999,P_2-1_600,215.09999999999206
P_1-1-pt_5999,P_1-1-pt_6974,64.7000000000006
P_1-1-pt_5999,P_1-1-pt_98,80.69999999999969
P_1-1-pt_5999,P_1-1-pt_7915,68.80000000000037
P_1-1-pt_5999,P_1-1-pt_4879,170.99999999999457
P_1-1-pt_5999,P_1-1-pt_3858,115.49999999999771
P_1-1-pt_5999,P_1-2_5543,26.400000000000105
P_1-2_263,P_1-1-pt_1138,619.5000000000723
P_1-2_263,P_1-1-pt_5115,55.00000000000051
P_1-2_263,P_1-1-pt_7732,57.50000000000055
P_1-1-pt_2424,P_1-2_5927,10.29999999999998
P_1-1-pt_2424,P_1-1-pt_3931,63.10000000000063
P_1-1-pt_2297,P_1-1-pt_150,45.10000000000037
P_1-1-pt_2297,P_1-1-pt_3489,24.100000000000072
P_1-1-pt_2297,P_1-2_250,56.40000000000053
P_1-1-pt_2297,P_1-1-pt_2503,35.10000000000023
P_1-1-pt_2297,P_1-1-pt_2369,104.69999999999833
P_1-1-pt_3176,P_1-1-pt_2961,101.5999999999985
P_1-1-pt_3176,P_1-3_5020,51.000000000000455
P_1-1-pt_3176,P_1-2_5927,23.500000000000064
P_1-1-pt_7732,P_1-3_2985,57.50000000000055
P_1-1-pt_7732,P_1-2_1990,57.10000000000054
P_1-1-pt_7732,P_1-1-veh_602,57.10000000000054
P_1-1-pt_7732,P_1-2_4208,57.400000000000546
P_1-1-pt_7732,P_1-3_3755,62.900000000000624
P_1-1-pt_7732,P_1-3_5334,53.900000000000496
P_1-1-pt_7732,P_1-2_2345,58.700000000000564
P_1-1-pt_7732,P_1-2_263,57.50000000000055
P_1-1-pt_7732,P_1-1-pt_5298,58.800000000000566
P_1-1-pt_7732,P_1-1-pt_1560,91.0999999999991
P_1-1-pt_7573,P_1-2_3708,21.00000000000003
P_1-1-pt_7573,P_1-2_6013,57.50000000000055
P_1-1-pt_7573,P_1-1-pt_150,47.500000000000405
P_1-1-pt_7573,P_2-1_2384,57.50000000000055
P_1-1-pt_7573,P_1-1-pt_6176,60.60000000000059
P_1-1-pt_7573,P_1-1-pt_2013,313.1000000000027
P_1-1-pt_7573,P_1-1-pt_297,152.49999999999562
P_1-1-pt_7573,P_1-2_1255,18.39999999999999
P_1-1-pt_7573,P_1-3_3245,32.50000000000019
P_1-1-pt_7573,P_1-2_250,6.799999999999992
P_1-1-pt_7573,P_2-1_5419,19.300000000000004
P_1-1-pt_7573,P_1-1-pt_8728,52.500000000000476
P_1-1-pt_7573,P_1-2_4483,55.60000000000052
P_1-1-pt_7573,P_1-1-pt_2369,57.50000000000055
P_1-1-pt_7573,P_1-1-veh_767,582.6000000000639
P_1-1-pt_7573,P_1-1-pt_521,60.70000000000059
P_1-1-pt_7573,P_1-1-pt_6974,143.9999999999961
P_1-1-pt_7573,P_1-1-pt_5167,64.90000000000059
P_1-1-pt_7573,P_1-1-pt_1747,64.50000000000061
P_1-1-pt_7573,P_1-2_5543,18.29999999999999
P_1-1-pt_7573,P_1-1-pt_3671,374.10000000001656
P_1-1-pt_7573,P_2-1_1878,43.70000000000035
P_1-1-pt_7573,P_1-3_3339,35.70000000000024
P_1-2_3378,P_1-2_3077,501.20000000004546
P_1-2_3378,P_1-3_2180,109.39999999999806
P_1-2_3378,P_1-3_2076,108.89999999999809
P_1-2_3378,P_1-2_5020,111.59999999999793
P_1-2_3378,P_1-2_5092,111.39999999999795
P_1-2_3378,P_1-3_5354,109.39999999999806
P_1-2_1203,P_1-1-pt_6779,83.19999999999955
P_1-2_1203,P_1-3_2323,106.8999999999982
P_1-2_1203,P_1-2_2554,1504.0999999997275
P_1-2_1203,P_1-3_528,53.800000000000495
P_1-2_1203,P_1-3_403,50.10000000000044
P_1-2_1203,P_1-1-pt_1108,352.3000000000116
P_1-2_1203,P_1-1-pt_1304,123.69999999999725
P_1-2_1203,P_2-1_3764,58.20000000000056
P_1-2_1203,P_2-1_2925,51.800000000000466
P_1-2_1203,P_1-1-pt_8137,108.39999999999812
P_1-2_1203,P_1-1-pt_6453,91.59999999999907
P_1-2_1203,P_1-2_1612,45.60000000000038
P_1-2_1203,P_2-1_63,63.90000000000064
P_1-3_1945,P_1-1-pt_2820,42.600000000000335
P_1-3_1945,P_1-3_2221,52.90000000000048
P_1-3_1945,P_1-3_2280,53.100000000000485
P_1-3_1945,P_1-2_4249,53.00000000000048
P_1-3_1945,P_1-1-pt_5139,117.3999999999976
P_1-3_1945,P_1-1-pt_1006,52.00000000000047
P_1-3_1945,P_1-2_3702,1864.0999999994
P_1-3_1945,P_1-1-pt_6673,198.599999999993
P_1-3_1945,P_1-1-pt_2920,50.80000000000045
P_1-3_1945,P_1-1-pt_1497,197.39999999999307
P_1-3_1945,P_1-1-pt_2013,88.99999999999922
P_1-2_4771,P_1-3_874,159.8999999999952
P_1-2_4771,P_1-2_3389,53.40000000000049
P_1-2_4771,P_1-1-pt_560,104.19999999999835
P_1-2_4771,P_1-1-pt_3629,226.5999999999914
P_1-2_4771,P_1-1-pt_1714,110.79999999999798
P_1-2_4771,P_1-2_2287,112.49999999999788
P_1-2_4771,P_1-3_1785,112.0999999999979
P_1-2_4771,P_1-2_3081,111.69999999999793
P_1-2_4771,P_1-2_5951,900.1000000001361
P_1-2_3702,P_1-1-pt_2820,42.80000000000034
P_1-2_3702,P_1-3_2221,53.100000000000485
P_1-2_3702,P_1-3_2280,53.30000000000049
P_1-2_3702,P_1-2_4249,53.60000000000049
P_1-2_3702,P_1-1-pt_5139,94.99999999999888
P_1-2_3702,P_1-1-pt_1006,121.49999999999737
P_1-2_3702,P_1-3_1945,1864.0999999994
P_1-2_3702,P_1-1-pt_6673,109.99999999999802
P_1-2_3702,P_1-1-pt_4380,760.9000000001045
P_1-2_3702,P_2-1_1724,93.39999999999897
P_1-2_3702,P_1-2_848,2318.7999999989866
P_1-2_2875,P_1-1-pt_4996,55.60000000000052
P_1-2_2875,P_1-1-pt_3386,38.70000000000028
P_1-2_2875,P_1-3_2955,73.4000000000001
P_1-2_2875,P_1-1-pt_977,196.9999999999931
P_1-2_2875,P_1-1-pt_6413,19.200000000000003
P_1-2_2875,P_1-1-pt_494,71.40000000000022
P_1-2_2875,P_1-1-pt_2162,72.00000000000018
P_1-2_2875,P_1-3_1324,36.40000000000025
P_1-2_2875,P_1-3_3536,91.0999999999991
P_1-2_2875,P_1-3_5123,104.69999999999833
P_1-2_2875,P_1-1-pt_1121,42.70000000000034
P_1-2_2875,P_1-1-pt_2606,80.29999999999971
P_1-2_2875,P_1-3_458,54.3000000000005
P_1-3_3494,P_1-1-pt_6273,52.90000000000048
P_1-3_3494,P_1-3_4168,166.59999999999482
P_1-3_3494,P_1-1-pt_7763,52.20000000000047
P_1-3_3494,P_1-1-pt_6779,51.50000000000046
P_1-3_3494,P_1-3_2323,53.200000000000486
P_1-3_3494,P_1-1-pt_7760,107.69999999999816
P_1-3_3494,P_1-3_2955,89.79999999999917
P_1-3_3494,P_1-3_528,19.500000000000007
P_1-3_3494,P_1-3_3759,75.69999999999997
P_1-2_2795,P_1-1-pt_1296,51.800000000000466
P_1-2_2795,P_1-2_1017,35.30000000000023
P_1-2_2795,P_1-1-pt_4262,56.50000000000053
P_1-2_2795,P_1-1-pt_3386,108.39999999999812
P_1-2_2795,P_1-1-pt_8247,4157.699999997594
P_1-2_2795,P_1-1-pt_1420,3691.399999997738
P_1-3_1324,P_1-3_1737,53.200000000000486
P_1-3_1324,P_1-1-pt_1121,25.30000000000009
P_1-3_1324,P_1-1-pt_2808,63.80000000000064
P_1-3_1324,P_1-1-pt_977,29.900000000000155
P_1-3_1324,P_1-2_2875,36.40000000000025
P_1-3_1324,P_1-3_2643,190.79999999999345
P_1-3_283,P_1-2_2335,567.0000000000604
P_1-3_283,P_1-3_4291,77.29999999999988
P_1-3_283,P_1-2_2215,95.19999999999887
P_1-3_283,P_1-3_5020,64.10000000000063
P_1-3_4291,P_1-2_2335,415.90000000002607
P_1-3_4291,P_1-3_283,77.29999999999988
P_1-3_4291,P_1-2_2215,111.09999999999796
P_1-3_4291,P_1-3_5020,112.0999999999979
P_1-2_4329,P_1-3_1027,33.90000000000021
P_1-2_4329,P_1-1-pt_2431,126.1999999999971
P_1-2_4329,P_1-2_4609,348.00000000001063
P_1-2_4329,P_1-2_2338,97.49999999999874
P_1-2_4329,P_1-1-pt_1167,144.0999999999961
P_1-2_4329,P_1-1-pt_3931,154.09999999999553
P_1-2_5437,P_1-2_1640,53.30000000000049
P_1-2_5437,P_1-2_5641,53.30000000000049
P_1-2_5437,P_1-3_547,53.40000000000049
P_1-2_5437,P_1-2_3752,543.0000000000549
P_1-2_5437,P_1-1-pt_498,57.50000000000055
P_1-2_5437,P_1-1-veh_530,33.1000000000002
P_1-2_5437,P_1-3_1535,39.60000000000029
P_1-1-pt_8969,P_2-1_3764,8.499999999999986
P_1-1-pt_8969,P_2-1_63,8.399999999999986
P_1-1-pt_8969,P_1-2_1612,8.399999999999986
P_1-1-pt_8969,P_1-2_1255,8.299999999999986
P_1-1-pt_8969,P_1-3_3245,8.399999999999986
P_1-1-pt_8969,P_1-2_4483,8.199999999999987
P_1-1-pt_8969,P_1-1-pt_1006,56.20000000000053
P_1-1-pt_8969,P_1-1-pt_7938,58.800000000000566
P_1-1-pt_8969,P_1-1-pt_3931,57.90000000000055
P_1-1-pt_8969,P_2-1_6236,33.0000000000002
P_1-1-pt_8969,P_1-2_1948,8.399999999999986
P_1-1-pt_8969,P_1-1-pt_2863,55.70000000000052
P_1-1-pt_8969,P_1-3_5550,8.399999999999986
P_1-1-pt_8969,P_2-1_5799,19.900000000000013
P_1-1-pt_8969,P_1-3_4492,8.599999999999985
P_1-1-pt_8969,P_1-3_2528,8.099999999999987
P_1-1-pt_8969,P_1-1-pt_3353,58.40000000000056
P_1-1-pt_8969,P_2-1_2911,4.799999999999999
P_1-1-pt_8969,P_1-1-pt_2425,26.400000000000105
P_1-1-pt_8969,P_1-2_1285,17.899999999999984
P_1-1-pt_8969,P_2-1_842,26.0000000000001
P_1-1-pt_8969,P_1-3_5451,22.40000000000005
P_1-1-pt_8969,P_2-1_5552,14.899999999999963
P_2-1_1878,P_1-1-pt_5999,496.30000000004435
P_2-1_1878,P_2-1_6130,53.40000000000049
P_2-1_1878,P_2-1_4267,154.09999999999553
P_2-1_1878,P_2-1_1724,155.09999999999548
P_2-1_1878,P_1-2_4940,161.7999999999951
P_2-1_1878,P_1-1-veh_610,81.39999999999965
P_2-1_1878,P_1-1-pt_7573,43.70000000000035
P_2-1_1878,P_1-1-pt_7915,97.49999999999874
P_2-1_1878,P_1-1-veh_767,86.29999999999937
P_1-1-pt_3386,P_1-1-pt_3067,72.00000000000018
P_1-1-pt_3386,P_1-1-veh_610,58.40000000000056
P_1-1-pt_3386,P_1-1-pt_761,61.500000000000604
P_1-1-pt_3386,P_1-1-pt_3097,68.50000000000038
P_1-1-pt_3386,P_1-1-pt_2834,62.50000000000062
P_1-1-pt_3386,P_1-1-pt_6297,140.4999999999963
P_1-1-pt_3386,P_1-1-pt_5199,62.60000000000062
P_1-1-pt_3386,P_1-2_2875,38.70000000000028
P_1-1-pt_3386,P_1-3_2955,60.200000000000585
P_1-1-pt_3386,P_1-1-pt_6931,66.30000000000051
P_1-1-pt_3386,P_1-1-pt_5357,112.0999999999979
P_1-1-pt_3386,P_1-1-veh_152,106.9999999999982
P_1-1-pt_3386,P_1-1-pt_1420,107.29999999999818
P_1-1-pt_3386,P_1-1-pt_8247,107.39999999999817
P_1-1-pt_3386,P_1-2_2795,108.39999999999812
P_1-1-pt_3386,P_1-2_671,107.19999999999818
P_1-1-pt_3386,P_1-1-pt_3512,107.59999999999816
P_1-1-pt_3386,P_1-1-pt_7664,94.89999999999888
P_1-1-veh_298,P_1-1-pt_8739,3631.5999999977926
P_1-2_1265,P_1-2_5765,53.30000000000049
P_1-2_1265,P_1-1-pt_1669,45.60000000000038
P_1-2_1265,P_1-3_809,53.30000000000049
P_1-2_1265,P_1-2_4065,53.50000000000049
P_1-2_1265,P_1-3_2745,55.50000000000052
P_1-2_1265,P_1-2_960,56.10000000000053
P_1-2_3716,P_1-3_2482,2658.4999999986776
P_1-2_3716,P_1-3_4822,2156.599999999134
P_1-2_3716,P_1-2_4327,2867.5999999984874
P_1-2_3716,P_1-2_5943,68.1000000000004
P_1-2_3716,P_1-1-pt_4645,105.69999999999827
P_1-2_3716,P_1-2_1219,24.900000000000084
P_1-2_3716,P_1-2_3752,137.49999999999648
P_1-2_3716,P_1-2_4098,3395.599999998007
P_1-1-pt_1138,P_1-2_263,619.5000000000723
P_1-1-pt_1138,P_1-1-pt_7325,48.10000000000041
P_1-1-pt_1138,P_1-1-pt_8137,48.60000000000042
P_1-1-pt_1138,P_1-1-pt_5193,19.200000000000003
P_1-1-pt_1138,P_1-1-pt_1798,798.700000000113
P_1-1-pt_1138,P_1-1-pt_3275,63.40000000000063
P_1-1-pt_1138,P_1-1-pt_1560,63.10000000000063
P_1-1-pt_1138,P_1-1-pt_1966,62.00000000000061
P_1-1-pt_1138,P_1-1-pt_4595,61.1000000000006
P_1-1-pt_1138,P_1-1-pt_8762,2563.599999998764
P_1-1-pt_1138,P_1-2_2702,105.29999999999829
P_1-1-pt_1138,P_1-1-pt_5392,110.99999999999797
P_1-1-pt_4595,P_1-2_2512,550.0000000000565
P_1-1-pt_4595,P_1-2_3693,51.20000000000046
P_1-1-pt_4595,P_1-3_2643,42.80000000000034
P_1-1-pt_4595,P_1-1-pt_6368,57.90000000000055
P_1-1-pt_4595,P_1-2_3052,57.300000000000544
P_1-1-pt_4595,P_1-1-pt_5193,88.49999999999925
P_1-1-pt_4595,P_1-1-pt_7325,50.60000000000045
P_1-1-pt_4595,P_1-1-pt_8137,48.900000000000425
P_1-1-pt_4595,P_1-1-pt_8762,60.40000000000059
P_1-1-pt_4595,P_1-1-pt_1138,61.1000000000006
P_1-1-pt_4595,P_1-1-pt_3275,72.60000000000015
P_1-3_3536,P_1-1-pt_2808,50.90000000000045
P_1-3_3536,P_1-1-pt_1121,56.40000000000053
P_1-3_3536,P_1-1-pt_977,97.19999999999875
P_1-3_3536,P_1-1-pt_2606,64.7000000000006
P_1-3_3536,P_1-2_2875,91.0999999999991
P_1-3_3536,P_1-3_5123,4939.000000000437
P_1-1-pt_3353,P_2-1_5841,66.60000000000049
P_1-1-pt_3353,P_1-3_4492,132.79999999999674
P_1-1-pt_3353,P_1-3_2528,116.99999999999763
P_1-1-pt_3353,P_1-2_4715,58.20000000000056
P_1-1-pt_3353,P_1-2_2653,57.20000000000054
P_1-1-pt_3353,P_1-1-pt_2770,59.10000000000057
P_1-1-pt_3353,P_1-1-pt_6355,60.60000000000059
P_1-1-pt_3353,P_1-2_4454,58.60000000000056
P_1-1-pt_3353,P_1-2_3590,57.70000000000055
P_1-1-pt_3353,P_1-1-pt_8982,58.20000000000056
P_1-1-pt_3353,P_1-1-pt_8969,58.40000000000056
P_1-1-pt_3353,P_1-2_1658,56.20000000000053
P_1-1-pt_3353,P_1-2_4609,90.09999999999916
P_1-1-pt_3353,P_1-2_2338,113.39999999999783
P_1-1-veh_792,P_1-3_2323,111.59999999999793
P_1-1-veh_792,P_1-1-pt_7760,57.80000000000055
P_1-1-veh_792,P_1-1-pt_6273,50.00000000000044
P_1-1-veh_792,P_1-1-veh_105,28.400000000000134
P_1-1-veh_792,P_1-1-pt_7763,51.000000000000455
P_1-1-veh_792,P_1-3_528,53.50000000000049
P_1-1-veh_792,P_1-1-pt_5906,56.50000000000053
P_1-1-veh_792,P_1-1-pt_1238,56.80000000000054
P_1-1-veh_792,P_1-1-pt_3916,54.80000000000051
P_1-1-veh_792,P_1-1-pt_1226,52.20000000000047
P_1-1-veh_792,P_1-1-pt_1108,76.39999999999993
P_1-1-veh_792,P_1-1-pt_494,78.19999999999983
P_1-1-veh_792,P_1-1-pt_2162,78.39999999999982
P_1-1-veh_792,P_1-1-pt_3409,167.99999999999474
P_1-1-veh_792,P_1-1-pt_3624,58.700000000000564
P_1-1-veh_792,P_1-1-pt_5897,232.0999999999911
P_1-1-veh_792,P_1-1-pt_3769,229.09999999999127
P_1-1-veh_792,P_1-1-pt_4671,180.49999999999403
P_1-1-veh_792,P_1-1-pt_1270,209.99999999999235
P_1-1-veh_792,P_1-1-pt_4919,176.09999999999428
P_1-1-veh_792,P_1-1-pt_1304,157.29999999999535
P_1-1-veh_792,P_2-1_3764,67.80000000000042
P_1-1-veh_792,P_1-1-pt_7863,181.69999999999396
P_1-1-veh_792,P_2-1_2925,106.29999999999824
P_1-1-veh_792,P_1-1-pt_8137,54.80000000000051
P_1-1-veh_792,P_1-1-pt_5193,129.69999999999692
P_1-1-veh_792,P_1-1-pt_8545,136.59999999999653
P_1-1-veh_792,P_1-1-pt_7325,58.40000000000056
P_1-1-veh_792,P_1-1-pt_6389,51.90000000000047
P_1-1-veh_792,P_1-2_5252,139.79999999999634
P_1-3_2421,P_1-1-pt_725,1083.9000000001097
P_1-3_2421,P_1-1-pt_530,47.500000000000405
P_1-3_2421,P_1-2_5252,53.30000000000049
P_1-3_2421,P_1-3_5117,53.100000000000485
P_1-3_2421,P_1-2_171,50.50000000000045
P_1-3_2421,P_1-2_4285,55.40000000000052
P_1-3_2421,P_1-2_2183,53.30000000000049
P_1-3_2421,P_1-3_5537,53.200000000000486
P_1-3_2421,P_1-2_1640,33.90000000000021
P_1-3_2421,P_1-2_5641,36.10000000000024
P_1-3_2421,P_1-3_4124,2230.8999999990665
P_1-2_3389,P_1-1-pt_560,16.19999999999996
P_1-2_3389,P_1-2_4771,53.40000000000049
P_1-2_3389,P_1-1-pt_1714,50.70000000000045
P_1-2_3389,P_1-3_2454,53.40000000000049
P_1-2_3389,P_1-2_2287,53.50000000000049
P_1-2_3389,P_1-3_3834,54.90000000000051
P_1-2_3389,P_1-3_1785,53.70000000000049
P_1-2_3389,P_1-2_3280,53.40000000000049
P_1-2_3389,P_1-3_3046,53.40000000000049
P_1-2_3389,P_1-3_3457,53.40000000000049
P_1-2_3389,P_1-3_4168,53.40000000000049
P_1-2_3389,P_1-2_3081,53.30000000000049
P_1-2_3389,P_1-3_2053,53.40000000000049
P_1-2_3389,P_1-2_5951,53.50000000000049
P_1-2_3389,P_1-3_4690,53.40000000000049
P_1-2_3389,P_1-1-veh_234,56.10000000000053
P_1-2_3389,P_1-1-pt_8682,55.300000000000516
P_1-2_3389,P_1-1-pt_1473,198.599999999993
P_1-2_3389,P_1-1-pt_7080,59.60000000000058
P_1-2_3389,P_1-1-pt_4966,51.700000000000465
P_1-2_1017,P_1-1-pt_1296,57.300000000000544
P_1-2_1017,P_1-3_990,88.09999999999927
P_1-2_1017,P_1-2_2795,35.30000000000023
P_1-2_1017,P_1-1-pt_8247,43.60000000000035
P_1-2_1017,P_1-2_671,34.70000000000022
P_1-2_1017,P_1-2_1559,57.50000000000055
P_1-2_1017,P_1-2_2564,56.40000000000053
P_1-2_1017,P_1-2_1313,20.200000000000017
P_1-2_1017,P_1-1-pt_3275,25.40000000000009
P_1-2_1017,P_1-1-pt_1560,19.70000000000001
P_1-2_1017,P_1-1-pt_6368,32.30000000000019
P_1-2_1017,P_1-1-pt_1306,36.00000000000024
P_1-2_1017,P_1-2_3052,41.40000000000032
P_1-2_1017,P_1-2_3413,14.699999999999964
P_1-2_1017,P_1-2_3693,55.80000000000052
P_1-2_3413,P_1-1-pt_5324,27.200000000000117
P_1-2_3413,P_1-1-pt_1306,2263.5999999990368
P_1-2_3413,P_1-2_1017,14.699999999999964
P_1-2_3413,P_1-3_990,34.40000000000022
P_1-2_3413,P_1-1-pt_1037,59.500000000000576
P_1-2_3413,P_1-2_4208,39.60000000000029
P_1-2_3413,P_1-3_3755,61.2000000000006
P_1-2_3413,P_1-3_5334,107.79999999999815
P_1-2_3413,P_1-1-pt_3927,96.99999999999876
P_1-2_3413,P_1-2_2345,51.90000000000047
P_1-2_3413,P_1-1-pt_1298,52.80000000000048
P_1-1-pt_654,P_1-2_2543,322.50000000000483
P_1-1-pt_654,P_1-2_2034,62.80000000000062
P_1-1-pt_654,P_1-2_2512,58.20000000000056
P_1-1-pt_654,P_1-1-pt_1966,60.40000000000059
P_1-1-pt_654,P_1-2_149,36.80000000000025
P_1-1-pt_654,P_1-1-pt_3916,308.4000000000016
P_1-2_3081,P_1-2_1596,20.40000000000002
P_1-2_3081,P_1-3_4168,2285.499999999017
P_1-2_3081,P_1-2_4464,171.09999999999457
P_1-2_3081,P_1-3_3579,33.70000000000021
P_1-2_3081,P_1-1-veh_105,53.30000000000049
P_1-2_3081,P_1-2_2554,53.50000000000049
P_1-2_3081,P_1-2_3389,53.30000000000049
P_1-2_3081,P_1-1-pt_1714,54.4000000000005
P_1-2_3081,P_1-2_2287,55.80000000000052
P_1-2_3081,P_1-2_4771,111.69999999999793
P_1-2_3081,P_1-1-pt_560,51.800000000000466
P_1-2_3081,P_1-3_874,53.30000000000049
P_1-2_3081,P_1-3_1785,56.000000000000526
P_1-2_3081,P_1-1-pt_3629,112.2999999999979
P_1-2_3081,P_1-2_5951,56.000000000000526
P_2-1_600,P_1-3_2773,53.30000000000049
P_2-1_600,P_1-3_4025,53.50000000000049
P_2-1_600,P_1-2_1953,58.800000000000566
P_2-1_600,P_1-2_2180,53.40000000000049
P_2-1_600,P_1-2_4376,48.00000000000041
P_2-1_600,P_1-3_1676,44.50000000000036
P_2-1_600,P_1-3_5144,35.10000000000023
P_2-1_600,P_1-3_2786,53.60000000000049
P_2-1_600,P_1-3_5475,53.200000000000486
P_2-1_600,P_1-1-pt_5999,215.09999999999206
P_2-1_600,P_1-1-pt_7040,50.90000000000045
P_2-1_600,P_2-1_1248,53.50000000000049
P_2-1_600,P_1-2_5518,53.40000000000049
P_1-3_3410,P_1-2_5640,53.200000000000486
P_1-3_3410,P_1-1-pt_5241,876.7000000001308
P_1-3_3410,P_1-2_4634,344.7000000000099
P_1-3_3410,P_1-3_4775,292.7999999999981
P_1-3_3410,P_1-3_2410,55.00000000000051
P_1-3_3410,P_1-3_3253,332.100000000007
P_1-3_3410,P_1-3_2018,74.80000000000003
P_1-3_3410,P_1-3_2633,160.19999999999519
P_1-3_3410,P_1-2_5210,55.50000000000052
P_1-3_3410,P_1-2_573,62.900000000000624
P_1-3_3410,P_1-3_4954,58.50000000000056
P_1-3_3410,P_1-3_4875,218.89999999999185
P_1-1-pt_8739,P_1-1-veh_298,3631.5999999977926
P_1-1-pt_1798,P_1-1-pt_1298,58.30000000000056
P_1-1-pt_1798,P_1-1-pt_3571,58.700000000000564
P_1-1-pt_1798,P_1-1-pt_7325,48.200000000000415
P_1-1-pt_1798,P_1-1-pt_8137,48.80000000000042
P_1-1-pt_1798,P_1-1-pt_5193,22.900000000000055
P_1-1-pt_1798,P_1-1-pt_8762,2211.1999999990844
P_1-1-pt_1798,P_1-1-pt_1138,798.700000000113
P_1-1-pt_1798,P_1-3_2985,38.00000000000027
P_1-1-pt_1798,P_1-1-pt_4262,61.600000000000605
P_1-1-pt_5298,P_1-1-pt_7325,80.19999999999972
P_1-1-pt_5298,P_1-1-pt_8137,60.100000000000584
P_1-1-pt_5298,P_1-1-pt_3927,95.89999999999883
P_1-1-pt_5298,P_1-1-pt_3571,55.00000000000051
P_1-1-pt_5298,P_1-1-pt_7732,58.800000000000566
P_1-1-pt_5298,P_1-1-pt_1560,152.09999999999565
P_2-1_3119,P_2-1_1248,53.40000000000049
P_2-1_3119,P_1-2_5518,54.4000000000005
P_2-1_3119,P_1-2_1063,53.60000000000049
P_2-1_3119,P_1-2_2715,55.10000000000051
P_1-3_1571,P_1-3_1027,58.000000000000554
P_1-3_1571,P_1-1-pt_5997,57.00000000000054
P_1-3_1571,P_1-1-pt_394,48.300000000000416
P_1-3_1571,P_1-1-pt_4541,43.80000000000035
P_1-3_1571,P_1-2_104,35.90000000000024
P_1-3_1571,P_1-1-pt_527,8.299999999999986
P_1-3_1571,P_1-2_4962,29.100000000000144
P_1-3_1571,P_1-2_1715,30.000000000000156
P_1-1-pt_2952,P_1-1-pt_4715,45.90000000000038
P_1-1-pt_2952,P_1-2_5640,67.30000000000045
P_1-1-pt_2952,P_1-1-veh_5,3095.9999999982797
P_1-1-pt_2952,P_1-2_3693,83.59999999999953
P_1-1-pt_7948,P_1-2_3214,8.399999999999986
P_1-1-pt_7948,P_1-1-pt_5258,147.29999999999592
P_1-1-pt_7325,P_1-1-pt_5298,80.19999999999972
P_1-1-pt_7325,P_1-1-pt_5193,219.29999999999183
P_1-1-pt_7325,P_1-1-pt_8762,75.39999999999999
P_1-1-pt_7325,P_1-1-pt_1798,48.200000000000415
P_1-1-pt_7325,P_1-1-pt_1138,48.10000000000041
P_1-1-pt_7325,P_1-1-pt_3275,62.50000000000062
P_1-1-pt_7325,P_1-1-pt_1560,62.300000000000615
P_1-1-pt_7325,P_1-1-pt_1966,62.50000000000062
P_1-1-pt_7325,P_1-1-pt_4595,50.60000000000045
P_1-1-pt_7325,P_1-1-pt_5906,61.2000000000006
P_1-1-pt_7325,P_1-1-pt_8545,125.09999999999717
P_1-1-pt_7325,P_1-1-pt_1226,61.80000000000061
P_1-1-pt_7325,P_1-1-pt_3624,56.90000000000054
P_1-1-pt_7325,P_1-1-pt_1304,54.2000000000005
P_1-1-pt_7325,P_1-1-veh_105,104.39999999999834
P_1-1-pt_7325,P_2-1_3764,56.30000000000053
P_1-1-pt_7325,P_2-1_2925,56.40000000000053
P_1-1-pt_7325,P_1-1-veh_792,58.40000000000056
P_1-1-pt_7325,P_1-1-pt_8137,4981.800000000592
P_1-1-pt_7325,P_2-1_63,63.80000000000064
P_1-1-pt_7325,P_1-2_1612,54.90000000000051
P_1-1-pt_7325,P_1-1-pt_6453,58.100000000000556
P_1-1-pt_7325,P_1-3_3245,73.00000000000013
P_1-1-pt_7325,P_1-1-pt_8728,33.400000000000205
P_1-1-pt_7325,P_1-2_4483,5.4999999999999964
P_1-1-pt_7325,P_2-1_5419,52.500000000000476
P_1-1-pt_4380,P_1-2_4715,26.1000000000001
P_1-1-pt_4380,P_1-2_2653,26.600000000000108
P_1-1-pt_4380,P_1-1-pt_2770,3.2000000000000015
P_1-1-pt_4380,P_1-1-pt_2863,47.500000000000405
P_1-1-pt_4380,P_1-1-pt_7440,55.70000000000052
P_1-1-pt_4380,P_1-1-pt_6673,208.9999999999924
P_1-1-pt_4380,P_1-2_3702,760.9000000001045
P_1-1-pt_4380,P_1-1-pt_2920,47.500000000000405
P_1-1-pt_4380,P_1-1-pt_1497,229.79999999999123
P_1-1-pt_4380,P_1-1-pt_2013,83.19999999999955
P_1-2_303,P_1-1-pt_7763,53.70000000000049
P_1-2_303,P_1-3_528,53.30000000000049
P_1-2_303,P_1-1-pt_2606,53.200000000000486
P_1-2_303,P_1-1-pt_1966,48.80000000000042
P_1-2_303,P_1-1-pt_2834,51.100000000000456
P_1-2_303,P_1-1-pt_5906,40.90000000000031
P_1-2_303,P_1-1-pt_1238,32.20000000000019
P_1-2_303,P_1-1-pt_3916,10.399999999999979
P_1-2_303,P_1-1-pt_776,105.39999999999829
P_1-2_303,P_1-1-pt_6931,239.69999999999067
P_1-2_303,P_1-1-pt_3409,26.70000000000011
P_1-2_303,P_1-1-pt_3624,26.70000000000011
P_1-2_303,P_2-1_3764,27.700000000000124
P_1-2_303,P_2-1_2925,27.700000000000124
P_1-2_303,P_2-1_63,27.800000000000125
P_1-2_303,P_1-2_1612,28.300000000000132
P_1-2_303,P_1-1-pt_6453,26.600000000000108
P_1-2_303,P_1-1-pt_5666,54.4000000000005
P_1-2_303,P_1-3_3245,36.10000000000024
P_1-2_303,P_2-1_5419,36.10000000000024
P_1-2_303,P_1-1-pt_8728,26.600000000000108
P_1-2_303,P_1-2_4483,27.800000000000125
P_1-2_303,P_1-1-pt_2880,54.1000000000005
P_1-2_303,P_1-1-pt_6743,54.2000000000005
P_1-2_303,P_1-1-pt_8280,56.50000000000053
P_1-2_303,P_1-1-pt_521,57.00000000000054
P_1-2_303,P_1-1-pt_1747,55.10000000000051
P_1-2_303,P_1-1-pt_4879,280.6999999999953
P_1-2_303,P_1-1-pt_6974,189.19999999999354
P_1-2_303,P_1-1-pt_3207,91.39999999999908
P_1-2_303,P_1-2_5543,87.99999999999928
P_1-2_303,P_1-1-pt_1497,53.900000000000496
P_1-2_303,P_1-1-pt_98,55.00000000000051
P_1-2_303,P_1-1-pt_5167,55.60000000000052
P_1-2_303,P_1-1-pt_3858,54.500000000000504
P_1-2_303,P_1-1-pt_3671,404.2000000000234
P_1-2_2215,P_1-2_2335,52.80000000000048
P_1-2_2215,P_1-3_283,95.19999999999887
P_1-2_2215,P_1-3_4291,111.09999999999796
P_1-2_2215,P_1-3_5020,111.79999999999792
P_1-2_2215,P_2-1_3664,77.99999999999984
P_1-2_2215,P_2-1_3058,49.80000000000044
P_1-1-veh_610,P_1-1-pt_4996,64.90000000000059
P_1-1-veh_610,P_1-3_528,27.40000000000012
P_1-1-veh_610,P_1-1-pt_3386,58.40000000000056
P_1-1-veh_610,P_1-1-pt_3409,8.399999999999986
P_1-1-veh_610,P_1-1-pt_3624,8.499999999999986
P_1-1-veh_610,P_2-1_3764,11.699999999999974
P_1-1-veh_610,P_2-1_2925,11.599999999999975
P_1-1-veh_610,P_2-1_63,11.799999999999974
P_1-1-veh_610,P_1-2_1612,12.399999999999972
P_1-1-veh_610,P_1-1-pt_6453,8.499999999999986
P_1-1-veh_610,P_1-1-pt_521,57.20000000000054
P_1-1-veh_610,P_1-1-pt_5666,56.50000000000053
P_1-1-veh_610,P_1-1-pt_571,34.60000000000022
P_1-1-veh_610,P_1-1-pt_3230,35.10000000000023
P_1-1-veh_610,P_1-1-pt_4736,17.49999999999998
P_1-1-veh_610,P_1-1-pt_8280,247.8999999999902
P_1-1-veh_610,P_1-1-pt_3207,57.90000000000055
P_1-1-veh_610,P_1-1-pt_2880,62.00000000000061
P_1-1-veh_610,P_1-1-pt_4879,111.39999999999795
P_1-1-veh_610,P_1-1-pt_6743,77.0999999999999
P_1-1-veh_610,P_1-1-pt_5167,48.80000000000042
P_1-1-veh_610,P_1-1-pt_3671,59.00000000000057
P_1-1-veh_610,P_1-1-pt_6974,159.7999999999952
P_1-1-veh_610,P_1-1-pt_3858,55.10000000000051
P_1-1-veh_610,P_1-1-pt_7915,31.60000000000018
P_1-1-veh_610,P_1-1-pt_98,55.00000000000051
P_1-1-veh_610,P_1-1-pt_1497,53.100000000000485
P_1-1-veh_610,P_1-1-pt_1747,349.2000000000109
P_1-1-veh_610,P_1-2_5543,59.10000000000057
P_1-1-veh_610,P_2-1_1878,81.39999999999965
P_1-1-veh_610,P_1-3_3339,81.69999999999963
P_1-1-veh_610,P_2-1_1463,82.2999999999996
P_1-2_5765,P_1-2_960,53.30000000000049
P_1-2_5765,P_1-2_1265,53.30000000000049
P_1-2_5765,P_1-2_1494,53.40000000000049
P_1-2_5765,P_1-2_1953,53.200000000000486
P_1-2_5765,P_1-2_2180,53.40000000000049
P_1-2_5765,P_1-3_5144,38.70000000000028
P_1-2_5765,P_1-3_2786,98.59999999999867
P_1-2_5765,P_1-3_5475,53.40000000000049
P_1-2_5765,P_1-1-pt_7040,30.000000000000156
P_1-2_5765,P_2-1_1248,53.30000000000049
P_1-2_5765,P_1-2_5518,53.30000000000049
P_1-1-pt_7277,P_1-1-pt_5258,58.50000000000056
P_1-1-pt_7277,P_1-1-pt_3931,58.000000000000554
P_1-1-pt_7277,P_1-3_4253,50.400000000000446
P_1-1-pt_7277,P_1-1-pt_7959,47.600000000000406
P_1-1-pt_7277,P_2-1_5841,43.60000000000035
P_1-1-pt_7277,P_2-1_5552,135.2999999999966
P_1-1-pt_7277,P_1-1-pt_6381,56.20000000000053
P_1-1-pt_7277,P_1-1-veh_824,79.09999999999978
P_1-1-pt_8137,P_1-1-pt_5298,60.100000000000584
P_1-1-pt_8137,P_1-1-pt_5193,153.49999999999557
P_1-1-pt_8137,P_1-1-pt_8762,84.29999999999949
P_1-1-pt_8137,P_1-1-pt_1798,48.80000000000042
P_1-1-pt_8137,P_1-1-pt_1138,48.60000000000042
P_1-1-pt_8137,P_1-1-pt_3275,62.10000000000061
P_1-1-pt_8137,P_1-1-pt_1560,62.300000000000615
P_1-1-pt_8137,P_1-1-pt_1966,62.900000000000624
P_1-1-pt_8137,P_1-1-pt_4595,48.900000000000425
P_1-1-pt_8137,P_1-1-pt_5906,60.40000000000059
P_1-1-pt_8137,P_1-1-pt_1226,61.90000000000061
P_1-1-pt_8137,P_1-1-pt_3624,58.000000000000554
P_1-1-pt_8137,P_1-1-pt_1304,54.600000000000506
P_1-1-pt_8137,P_1-1-veh_105,218.69999999999186
P_1-1-pt_8137,P_2-1_3764,56.80000000000054
P_1-1-pt_8137,P_2-1_2925,56.20000000000053
P_1-1-pt_8137,P_1-1-veh_792,54.80000000000051
P_1-1-pt_8137,P_1-1-pt_8545,82.09999999999961
P_1-1-pt_8137,P_1-1-pt_7325,4981.800000000592
P_1-1-pt_8137,P_1-1-pt_1108,60.70000000000059
P_1-1-pt_8137,P_1-2_1203,108.39999999999812
P_1-1-pt_8137,P_1-2_2554,103.59999999999839
P_1-1-pt_8137,P_1-1-pt_6389,61.4000000000006
P_1-1-pt_6389,P_1-1-pt_3512,1175.5000000000264
P_1-1-pt_6389,P_1-1-pt_1226,66.00000000000053
P_1-1-pt_6389,P_2-1_3764,59.500000000000576
P_1-1-pt_6389,P_2-1_2925,58.40000000000056
P_1-1-pt_6389,P_1-1-veh_792,51.90000000000047
P_1-1-pt_6389,P_1-1-pt_8137,61.4000000000006
P_1-1-pt_6389,P_1-1-pt_1108,24.60000000000008
P_1-3_2786,P_1-2_250,54.3000000000005
P_1-3_2786,P_1-1-pt_5139,478.70000000004035
P_1-3_2786,P_1-3_5475,174.29999999999438
P_1-3_2786,P_1-1-pt_1006,62.70000000000062
P_1-3_2786,P_2-1_5067,63.50000000000063
P_1-3_2786,P_1-3_4663,53.30000000000049
P_1-3_2786,P_1-2_1658,53.30000000000049
P_1-3_2786,P_1-3_4881,53.200000000000486
P_1-3_2786,P_1-2_5543,56.30000000000053
P_1-3_2786,P_1-3_4025,69.30000000000034
P_1-3_2786,P_2-1_4267,74.70000000000003
P_1-3_2786,P_2-1_3390,72.30000000000017
P_1-3_2786,P_2-1_600,53.60000000000049
P_1-3_2786,P_1-2_5765,98.59999999999867
P_1-3_2786,P_2-1_1463,53.50000000000049
P_1-3_2786,P_2-1_4788,53.900000000000496
P_1-3_2786,P_2-1_499,54.0000000000005
P_1-3_2786,P_2-1_804,55.00000000000051
P_1-3_2786,P_2-1_213,53.30000000000049
P_1-1-pt_5913,P_1-1-pt_3595,181.299999999994
P_1-1-pt_5913,P_1-1-pt_5997,35.00000000000023
P_1-1-pt_5913,P_1-1-pt_394,27.300000000000118
P_1-1-pt_5913,P_1-1-pt_4541,24.800000000000082
P_1-1-pt_7208,P_1-3_2323,22.800000000000054
P_1-1-pt_7208,P_1-3_3457,51.60000000000046
P_1-1-pt_7208,P_1-1-veh_234,57.10000000000054
P_1-1-pt_7208,P_1-1-pt_1238,302.1000000000002
P_1-1-pt_7208,P_1-3_2053,50.90000000000045
P_1-1-pt_7208,P_1-2_5951,51.50000000000046
P_1-1-pt_7208,P_1-1-pt_5078,66.80000000000048
P_1-1-pt_7208,P_1-1-pt_2503,44.700000000000365
P_1-1-pt_7208,P_1-1-pt_761,61.500000000000604
P_1-1-pt_7208,P_1-2_1255,151.39999999999569
P_1-1-pt_7208,P_1-1-pt_571,67.60000000000043
P_1-1-pt_7208,P_1-1-pt_3230,65.80000000000054
P_1-1-pt_7208,P_1-2_250,57.70000000000055
P_1-1-pt_7208,P_1-1-pt_4736,66.80000000000048
P_1-1-pt_7208,P_1-1-pt_3858,556.500000000058
P_2-1_2987,P_1-2_1948,27.200000000000117
P_2-1_2987,P_1-3_4492,27.300000000000118
P_2-1_2987,P_1-3_2528,26.900000000000112
P_2-1_2987,P_1-1-pt_2425,51.700000000000465
P_2-1_2987,P_1-1-pt_2342,57.50000000000055
P_2-1_2987,P_1-1-pt_6516,393.80000000002104
P_2-1_2987,P_1-3_80,55.60000000000052
P_2-1_2911,P_1-1-pt_6381,61.2000000000006
P_2-1_2911,P_1-2_4715,25.700000000000095
P_2-1_2911,P_1-2_2653,36.10000000000024
P_2-1_2911,P_1-1-pt_2770,8.599999999999985
P_2-1_2911,P_1-1-pt_6355,8.699999999999985
P_2-1_2911,P_1-2_4454,69.20000000000034
P_2-1_2911,P_1-2_3590,27.200000000000117
P_2-1_2911,P_1-1-pt_8982,4.899999999999999
P_2-1_2911,P_1-1-pt_8969,4.799999999999999
P_2-1_2911,P_1-2_1658,45.00000000000037
P_2-1_2911,P_1-1-pt_1601,55.300000000000516
P_2-1_2911,P_1-1-pt_2425,1495.6999999997352
P_2-1_2911,P_1-2_1285,1617.799999999624
P_1-1-veh_5,P_1-2_5640,57.50000000000055
P_1-1-veh_5,P_1-1-pt_2952,3095.9999999982797
P_1-1-veh_5,P_1-2_3693,96.3999999999988
P_1-2_671,P_1-1-pt_255,16.399999999999963
P_1-2_671,P_1-1-pt_1296,55.300000000000516
P_1-2_671,P_1-2_1017,34.70000000000022
P_1-2_671,P_1-2_1559,217.49999999999193
P_1-2_671,P_1-1-pt_4262,56.000000000000526
P_1-2_671,P_1-2_2543,89.2999999999992
P_1-2_671,P_1-1-pt_3386,107.19999999999818
P_1-2_671,P_1-1-pt_7664,161.99999999999508
P_1-2_671,P_1-1-pt_3512,3274.2999999981175
P_1-1-pt_3916,P_1-1-pt_6176,64.8000000000006
P_1-1-pt_3916,P_1-1-pt_297,65.50000000000055
P_1-1-pt_3916,P_1-1-pt_761,62.00000000000061
P_1-1-pt_3916,P_1-1-pt_3097,68.40000000000039
P_1-1-pt_3916,P_1-2_303,10.399999999999979
P_1-1-pt_3916,P_1-1-pt_6031,82.59999999999958
P_1-1-pt_3916,P_1-1-pt_255,61.80000000000061
P_1-1-pt_3916,P_1-1-pt_1108,61.600000000000605
P_1-1-pt_3916,P_1-1-veh_792,54.80000000000051
P_1-1-pt_3916,P_1-1-pt_494,61.4000000000006
P_1-1-pt_3916,P_1-1-pt_2162,61.70000000000061
P_1-1-pt_3916,P_1-1-pt_5897,62.80000000000062
P_1-1-pt_3916,P_1-1-pt_3769,63.600000000000634
P_1-1-pt_3916,P_1-1-pt_4671,61.80000000000061
P_1-1-pt_3916,P_1-1-pt_1270,61.500000000000604
P_1-1-pt_3916,P_1-1-pt_4919,62.40000000000062
P_1-1-pt_3916,P_1-1-pt_1304,61.2000000000006
P_1-1-pt_3916,P_1-1-pt_7863,70.50000000000027
P_1-1-pt_3916,P_1-1-pt_8545,60.900000000000595
P_1-1-pt_3916,P_1-3_2643,55.300000000000516
P_1-1-pt_3916,P_1-1-pt_654,308.4000000000016
P_1-1-pt_725,P_1-3_2421,1083.9000000001097
P_1-1-pt_725,P_1-1-pt_530,43.00000000000034
P_1-1-pt_725,P_1-2_5252,50.90000000000045
P_1-1-pt_725,P_1-3_5117,51.000000000000455
P_1-1-pt_725,P_1-2_171,47.400000000000404
P_1-1-pt_725,P_1-2_4285,53.200000000000486
P_1-1-pt_725,P_1-2_2183,50.90000000000045
P_1-1-pt_725,P_1-3_5537,50.50000000000045
P_1-1-pt_725,P_1-2_1640,38.10000000000027
P_1-1-pt_725,P_1-2_5641,40.3000000000003
P_1-1-pt_725,P_1-3_547,27.800000000000125
P_1-3_2633,P_1-3_2018,58.60000000000056
P_1-3_2633,P_1-2_4634,165.49999999999488
P_1-3_2633,P_1-3_4775,165.2999999999949
P_1-3_2633,P_1-3_2410,55.50000000000052
P_1-3_2633,P_1-3_3253,198.89999999999299
P_1-3_2633,P_1-2_5210,129.19999999999695
P_1-3_2633,P_1-2_573,119.69999999999747
P_1-3_2633,P_1-2_3693,80.79999999999968
P_1-3_2633,P_1-3_4954,139.29999999999637
P_1-3_2633,P_1-3_4875,148.59999999999584
P_1-3_2633,P_1-3_3410,160.19999999999519
P_1-2_2338,P_1-2_4329,97.49999999999874
P_1-2_2338,P_1-1-pt_3931,112.49999999999788
P_1-2_2338,P_2-1_6236,86.99999999999933
P_1-2_2338,P_2-1_5067,115.49999999999771
P_1-2_2338,P_1-1-pt_3353,113.39999999999783
P_1-2_171,P_1-2_4715,40.400000000000304
P_1-2_171,P_1-2_2653,42.10000000000033
P_1-2_171,P_1-1-pt_394,41.70000000000032
P_1-2_171,P_1-1-pt_4541,48.60000000000042
P_1-2_171,P_1-3_4124,55.300000000000516
P_1-2_171,P_1-3_2421,50.50000000000045
P_1-2_171,P_1-1-pt_725,47.400000000000404
P_1-2_171,P_1-3_5117,247.39999999999023
P_1-2_171,P_1-2_104,41.40000000000032
P_1-2_171,P_1-1-pt_527,29.000000000000142
P_1-2_171,P_1-2_4962,39.100000000000286
P_1-2_171,P_1-2_1715,47.3000000000004
P_1-2_171,P_1-1-pt_5357,67.10000000000046
P_1-2_171,P_1-2_4285,5447.000000002285
P_1-2_3752,P_1-2_1640,53.30000000000049
P_1-2_3752,P_1-2_5641,53.30000000000049
P_1-2_3752,P_1-3_547,53.40000000000049
P_1-2_3752,P_1-2_5437,543.0000000000549
P_1-2_3752,P_1-3_4822,151.49999999999568
P_1-2_3752,P_1-2_3716,137.49999999999648
P_1-2_3752,P_1-2_4098,74.00000000000007
P_1-2_3752,P_1-3_2482,52.70000000000048
P_1-2_3752,P_1-2_1025,46.9000000000004
P_1-1-pt_3800,P_1-1-pt_5258,48.00000000000041
P_1-1-pt_3800,P_1-1-pt_2425,21.400000000000034
P_1-1-pt_3800,P_2-1_842,27.000000000000114
P_1-1-pt_3800,P_1-2_4955,10.899999999999977
P_1-1-pt_3800,P_1-2_2061,3.700000000000002
P_1-1-pt_3800,P_1-2_4715,68.80000000000037
P_1-1-pt_3800,P_1-2_2653,63.50000000000063
P_1-1-pt_3800,P_1-1-pt_2342,200.3999999999929
P_1-3_5550,P_2-1_5799,54.80000000000051
P_1-3_5550,P_1-2_1948,94.19999999999892
P_1-3_5550,P_1-2_3214,27.200000000000117
P_1-3_5550,P_1-2_4715,23.20000000000006
P_1-3_5550,P_1-2_2653,31.100000000000172
P_1-3_5550,P_1-1-pt_2770,8.399999999999986
P_1-3_5550,P_1-1-pt_6355,8.399999999999986
P_1-3_5550,P_1-2_4454,25.700000000000095
P_1-3_5550,P_1-2_3590,25.700000000000095
P_1-3_5550,P_1-1-pt_8982,8.199999999999987
P_1-3_5550,P_1-1-pt_8969,8.399999999999986
P_1-3_5550,P_1-2_1658,35.70000000000024
P_1-3_5550,P_1-1-pt_1601,69.60000000000032
P_2-1_2161,P_1-2_4734,224.19999999999155
P_2-1_2161,P_1-2_4206,223.89999999999156
P_2-1_2161,P_1-3_1500,223.59999999999158
P_2-1_2161,P_1-3_3901,224.09999999999155
P_2-1_2161,P_1-2_1420,224.19999999999155
P_2-1_2161,P_1-3_228,223.69999999999158
P_2-1_2161,P_1-3_3776,168.6999999999947
P_2-1_2161,P_1-3_874,168.09999999999474
P_2-1_2161,P_1-3_2454,111.79999999999792
P_2-1_2161,P_1-3_3834,111.69999999999793
P_2-1_2161,P_1-2_3280,56.20000000000053
P_2-1_2161,P_1-3_3046,56.000000000000526
P_2-1_2161,P_1-3_3457,56.10000000000053
P_2-1_2161,P_1-3_4168,56.10000000000053
P_2-1_2161,P_1-3_2053,55.900000000000524
P_2-1_4788,P_1-2_1805,53.50000000000049
P_2-1_4788,P_2-1_1609,53.40000000000049
P_2-1_4788,P_2-1_804,26.600000000000108
P_2-1_4788,P_2-1_499,812.7000000001162
P_2-1_4788,P_1-2_4376,53.50000000000049
P_2-1_4788,P_1-3_1676,53.30000000000049
P_2-1_4788,P_1-3_5144,53.200000000000486
P_2-1_4788,P_1-3_2786,53.900000000000496
P_2-1_4788,P_1-3_5475,53.50000000000049
P_2-1_4788,P_1-2_4853,72.70000000000014
P_2-1_4788,P_2-1_6130,56.80000000000054
P_1-3_2482,P_1-2_3716,2658.4999999986776
P_1-3_2482,P_1-2_5943,51.50000000000046
P_1-3_2482,P_1-1-pt_4645,102.19999999999847
P_1-3_2482,P_1-2_1219,23.20000000000006
P_1-3_2482,P_1-2_3752,52.70000000000048
P_1-3_2482,P_1-2_4730,16.499999999999964
P_1-3_2482,P_1-2_4098,3139.49999999824
P_1-3_2482,P_1-2_1025,2595.8999999987345
P_1-1-pt_2503,P_1-1-pt_4736,0.7
P_1-1-pt_2503,P_1-1-pt_571,54.2000000000005
P_1-1-pt_2503,P_1-1-pt_3230,54.600000000000506
P_1-1-pt_2503,P_1-1-pt_2920,47.400000000000404
P_1-1-pt_2503,P_1-1-pt_7208,44.700000000000365
P_1-1-pt_2503,P_1-1-pt_6176,24.800000000000082
P_1-1-pt_2503,P_1-1-pt_761,63.000000000000625
P_1-1-pt_2503,P_1-2_1255,57.20000000000054
P_1-1-pt_2503,P_1-1-pt_6538,129.9999999999969
P_1-1-pt_2503,P_1-1-pt_7123,192.99999999999332
P_1-1-pt_2503,P_1-1-pt_2297,35.10000000000023
P_1-1-pt_2503,P_1-2_1596,84.59999999999947
P_1-3_28,P_1-3_234,94.99999999999888
P_1-3_28,P_2-1_4267,53.200000000000486
P_1-3_28,P_2-1_3390,53.40000000000049
P_1-3_28,P_1-3_268,42.30000000000033
P_1-3_28,P_1-2_3879,15.69999999999996
P_1-3_28,P_2-1_1463,55.900000000000524
P_1-3_28,P_2-1_499,53.50000000000049
P_1-3_28,P_2-1_804,54.600000000000506
P_1-3_28,P_2-1_213,54.3000000000005
P_1-1-veh_603,P_1-2_5252,53.30000000000049
P_1-1-veh_603,P_1-3_5117,53.30000000000049
P_1-1-veh_603,P_1-2_2183,53.50000000000049
P_1-1-veh_603,P_1-3_5537,53.900000000000496
P_1-1-veh_603,P_1-1-pt_6309,2455.499999998862
P_1-1-veh_603,P_1-2_1600,5454.00000000231
P_1-1-pt_1497,P_1-1-pt_1747,788.0000000001106
P_1-1-pt_1497,P_1-1-pt_3207,451.6000000000342
P_1-1-pt_1497,P_1-1-pt_4879,207.69999999999249
P_1-1-pt_1497,P_1-1-pt_6974,555.4000000000577
P_1-1-pt_1497,P_1-1-pt_5167,1043.0000000001469
P_1-1-pt_1497,P_1-1-pt_98,948.000000000147
P_1-1-pt_1497,P_1-1-pt_3671,619.0000000000722
P_1-1-pt_1497,P_1-1-pt_4736,176.69999999999425
P_1-1-pt_1497,P_1-1-pt_521,440.10000000003157
P_1-1-pt_1497,P_1-1-pt_5666,131.8999999999968
P_1-1-pt_1497,P_1-2_250,27.300000000000118
P_1-1-pt_1497,P_1-2_4483,33.500000000000206
P_1-1-pt_1497,P_1-1-pt_2920,56.50000000000053
P_1-1-pt_1497,P_1-1-veh_610,53.100000000000485
P_1-1-pt_1497,P_1-1-pt_2369,128.69999999999698
P_1-1-pt_1497,P_1-3_1945,197.39999999999307
P_1-1-pt_1497,P_1-1-pt_6673,591.0000000000658
P_1-1-pt_1497,P_1-1-pt_4380,229.79999999999123
P_1-1-pt_1497,P_1-1-pt_2013,63.700000000000635
P_1-1-pt_1497,P_1-1-pt_3858,60.60000000000059
P_1-1-pt_1497,P_1-2_303,53.900000000000496
P_1-1-pt_1497,P_1-2_5543,93.09999999999899
P_1-1-pt_1497,P_1-1-pt_2880,54.90000000000051
P_1-1-pt_1497,P_1-1-pt_6743,40.400000000000304
P_1-2_4285,P_1-2_4715,51.60000000000046
P_1-2_4285,P_1-2_2653,36.50000000000025
P_1-2_4285,P_1-1-pt_394,23.90000000000007
P_1-2_4285,P_1-1-pt_4541,38.300000000000274
P_1-2_4285,P_1-3_4124,57.10000000000054
P_1-2_4285,P_1-3_2421,55.40000000000052
P_1-2_4285,P_1-1-pt_725,53.200000000000486
P_1-2_4285,P_1-3_5117,230.2999999999912
P_1-2_4285,P_1-2_104,31.800000000000182
P_1-2_4285,P_1-1-pt_527,12.499999999999972
P_1-2_4285,P_1-2_4962,30.30000000000016
P_1-2_4285,P_1-2_1715,44.000000000000355
P_1-2_4285,P_1-1-pt_5357,49.000000000000426
P_1-2_4285,P_1-2_171,5447.000000002285
P_1-1-pt_498,P_1-1-veh_530,13.599999999999968
P_1-1-pt_498,P_1-3_743,57.00000000000054
P_1-1-pt_498,P_1-1-pt_6292,188.99999999999355
P_1-1-pt_498,P_1-2_5428,378.00000000001745
P_1-1-pt_498,P_1-3_2599,57.50000000000055
P_1-1-pt_498,P_1-2_5745,57.400000000000546
P_1-1-pt_498,P_1-1-pt_8735,58.50000000000056
P_1-1-pt_498,P_1-1-pt_1723,926.9000000001422
P_1-1-pt_498,P_1-2_4266,57.400000000000546
P_1-1-pt_498,P_1-3_1535,56.700000000000536
P_1-1-pt_498,P_1-1-pt_2032,58.30000000000056
P_1-1-pt_498,P_1-2_609,56.90000000000054
P_1-1-pt_498,P_1-2_2598,57.00000000000054
P_1-1-pt_498,P_1-2_5437,57.50000000000055
P_1-1-pt_498,P_1-2_4270,57.50000000000055
P_1-3_3755,P_1-3_5334,3866.499999997579
P_1-3_3755,P_1-2_4019,11.499999999999975
P_1-3_3755,P_1-1-pt_7732,62.900000000000624
P_1-3_3755,P_1-1-pt_5115,56.600000000000534
P_1-3_3755,P_1-1-pt_6368,74.40000000000005
P_1-3_3755,P_1-1-pt_1306,111.29999999999795
P_1-3_3755,P_1-2_3052,56.600000000000534
P_1-3_3755,P_1-2_3413,61.2000000000006
P_1-3_3755,P_1-1-pt_1037,63.10000000000063
P_1-3_3755,P_1-1-pt_5324,68.00000000000041
P_1-3_3755,P_1-2_4208,5223.2000000014705
P_1-3_2745,P_1-2_960,55.50000000000052
P_1-3_2745,P_1-2_1265,55.50000000000052
P_1-1-pt_1723,P_1-1-veh_530,18.9
P_1-1-pt_1723,P_1-3_743,595.0000000000667
P_1-1-pt_1723,P_1-1-pt_6292,95.69999999999884
P_1-1-pt_1723,P_1-2_5428,458.7000000000358
P_1-1-pt_1723,P_1-3_2599,115.7999999999977
P_1-1-pt_1723,P_1-2_5745,57.400000000000546
P_1-1-pt_1723,P_1-1-pt_498,926.9000000001422
P_1-1-pt_1723,P_1-2_4266,781.4000000001091
P_1-1-pt_1723,P_1-1-pt_8735,835.0000000001213
P_1-1-pt_1723,P_1-3_3076,577.7000000000628
P_1-1-pt_1723,P_1-2_5753,97.29999999999875
P_1-1-pt_1723,P_1-1-pt_182,116.39999999999766
P_1-1-pt_1723,P_1-3_4289,114.59999999999776
P_1-1-pt_1723,P_1-1-pt_8289,101.09999999999853
P_1-1-pt_1723,P_1-1-pt_8184,153.69999999999555
P_1-1-pt_4901,P_1-2_6013,35.80000000000024
P_1-1-pt_4901,P_2-1_2384,303.8000000000006
P_1-1-pt_4901,P_1-1-pt_150,647.2000000000786
P_1-1-pt_4901,P_1-1-pt_5078,124.3999999999972
P_1-1-pt_4901,P_1-3_4690,50.10000000000044
P_1-1-pt_4901,P_1-1-pt_8682,64.90000000000059
P_1-1-pt_4901,P_1-2_1596,57.70000000000055
P_1-1-pt_4901,P_1-1-veh_234,57.80000000000055
P_1-1-pt_4901,P_1-2_505,205.8999999999926
P_1-1-pt_4901,P_1-1-pt_8068,83.89999999999951
P_1-1-pt_4919,P_1-1-pt_4671,45.60000000000038
P_1-1-pt_4919,P_1-1-pt_5897,41.50000000000032
P_1-1-pt_4919,P_1-1-pt_3275,60.900000000000595
P_1-1-pt_4919,P_1-1-pt_1560,61.2000000000006
P_1-1-pt_4919,P_1-1-pt_1270,2663.1999999986733
P_1-1-pt_4919,P_1-1-pt_1966,80.79999999999968
P_1-1-pt_4919,P_1-1-pt_5906,61.70000000000061
P_1-1-pt_4919,P_1-1-pt_1238,61.0000000000006
P_1-1-pt_4919,P_1-1-pt_3916,62.40000000000062
P_1-1-pt_4919,P_1-1-pt_1108,61.3000000000006
P_1-1-pt_4919,P_1-1-pt_1226,61.600000000000605
P_1-1-pt_4919,P_1-1-pt_3624,59.500000000000576
P_1-1-pt_4919,P_1-1-pt_3409,348.50000000001074
P_1-1-pt_4919,P_1-1-pt_1304,3734.399999997699
P_1-1-pt_4919,P_1-1-veh_792,176.09999999999428
P_1-1-pt_4919,P_2-1_3764,55.70000000000052
P_1-1-pt_4919,P_2-1_2925,72.20000000000017
P_1-1-pt_4919,P_1-1-pt_1473,71.30000000000022
P_1-1-pt_4919,P_1-1-pt_6297,72.70000000000014
P_1-1-pt_4919,P_1-1-pt_3769,70.30000000000028
P_1-1-pt_4919,P_1-1-pt_6031,61.90000000000061
P_1-1-pt_4919,P_1-1-pt_7080,52.500000000000476
P_1-1-pt_4919,P_1-2_1255,60.60000000000059
P_1-3_4587,P_1-3_2076,100.49999999999856
P_1-3_4587,P_1-2_5020,90.49999999999913
P_1-3_4587,P_1-2_2422,46.20000000000039
P_1-3_4587,P_1-2_5092,103.59999999999839
P_1-3_4587,P_1-3_5354,109.19999999999807
P_1-3_4587,P_1-2_4955,51.60000000000046
P_1-3_4587,P_1-2_2061,51.20000000000046
P_1-3_4587,P_1-1-pt_4785,47.70000000000041
P_1-3_4587,P_2-1_3664,45.80000000000038
P_1-3_4587,P_2-1_3058,45.50000000000038
P_1-3_4587,P_1-2_3077,395.0000000000213
P_1-1-pt_3512,P_1-1-pt_6389,1175.5000000000264
P_1-1-pt_3512,P_1-1-pt_4262,58.20000000000056
P_1-1-pt_3512,P_1-2_2543,29.200000000000145
P_1-1-pt_3512,P_1-1-pt_3386,107.59999999999816
P_1-1-pt_3512,P_1-1-pt_7664,174.39999999999438
P_1-1-pt_3512,P_1-2_671,3274.2999999981175
P_2-1_5067,P_2-1_6130,141.49999999999625
P_2-1_5067,P_1-2_2180,54.2000000000005
P_2-1_5067,P_1-2_3879,54.2000000000005
P_2-1_5067,P_1-3_4262,58.40000000000056
P_2-1_5067,P_1-3_5144,53.70000000000049
P_2-1_5067,P_1-3_2786,63.50000000000063
P_2-1_5067,P_1-3_5475,100.29999999999858
P_2-1_5067,P_1-1-pt_7915,30.800000000000168
P_2-1_5067,P_1-2_752,38.70000000000028
P_2-1_5067,P_1-3_3339,39.60000000000029
P_2-1_5067,P_1-1-pt_7938,22.200000000000045
P_2-1_5067,P_1-1-pt_2844,13.899999999999967
P_2-1_5067,P_1-1-pt_2863,36.200000000000244
P_2-1_5067,P_1-2_4609,113.09999999999785
P_2-1_5067,P_1-2_2338,115.49999999999771
P_2-1_5067,P_1-3_2171,54.70000000000051
P_2-1_2486,P_2-1_5001,632.0000000000751
P_2-1_2486,P_2-1_3601,170.3999999999946
P_2-1_2486,P_2-1_1248,53.30000000000049
P_2-1_2486,P_1-2_5518,53.30000000000049
P_2-1_2486,P_1-2_1063,51.700000000000465
P_1-1-pt_2808,P_1-3_403,8.899999999999984
P_1-1-pt_2808,P_1-3_3759,50.400000000000446
P_1-1-pt_2808,P_1-3_1737,50.90000000000045
P_1-1-pt_2808,P_1-1-pt_5392,47.600000000000406
P_1-1-pt_2808,P_1-3_2643,51.100000000000456
P_1-1-pt_2808,P_1-3_1324,63.80000000000064
P_1-1-pt_2808,P_1-1-pt_1121,45.60000000000038
P_1-1-pt_2808,P_1-3_3536,50.90000000000045
P_1-1-pt_2808,P_1-3_5123,50.90000000000045
P_1-1-pt_2808,P_1-3_458,92.29999999999903
P_1-2_4464,P_1-2_3081,171.09999999999457
P_1-2_4464,P_1-1-pt_7080,96.79999999999878
P_1-2_4464,P_1-3_3579,166.19999999999484
P_1-2_4464,P_1-3_1785,20.200000000000017
P_1-2_4464,P_1-1-pt_1700,60.60000000000059
P_1-2_4464,P_1-3_17,56.600000000000534
P_1-3_1535,P_1-2_4753,25.100000000000087
P_1-3_1535,P_1-3_2043,25.200000000000088
P_1-3_1535,P_1-2_638,27.900000000000126
P_1-3_1535,P_1-2_3608,25.40000000000009
P_1-3_1535,P_1-1-veh_246,25.600000000000094
P_1-3_1535,P_1-2_5428,26.200000000000102
P_1-3_1535,P_1-1-pt_498,56.700000000000536
P_1-3_1535,P_1-1-veh_530,26.300000000000104
P_1-3_1535,P_1-1-pt_182,13.699999999999967
P_1-3_1535,P_1-2_2598,41.60000000000032
P_1-3_1535,P_1-2_5437,39.60000000000029
P_2-1_499,P_1-2_5288,53.40000000000049
P_2-1_499,P_2-1_804,3137.399999998242
P_2-1_499,P_1-3_268,53.40000000000049
P_2-1_499,P_1-3_28,53.50000000000049
P_2-1_499,P_1-3_2773,60.00000000000058
P_2-1_499,P_1-3_234,69.70000000000032
P_2-1_499,P_1-2_3879,101.79999999999849
P_2-1_499,P_1-3_4262,83.69999999999952
P_2-1_499,P_2-1_4788,812.7000000001162
P_2-1_499,P_1-2_5369,41.900000000000325
P_2-1_499,P_1-2_4376,53.50000000000049
P_2-1_499,P_1-3_1676,53.40000000000049
P_2-1_499,P_1-3_5144,53.40000000000049
P_2-1_499,P_1-3_2786,54.0000000000005
P_2-1_499,P_1-3_5475,53.40000000000049
P_2-1_499,P_1-2_4853,66.60000000000049
P_2-1_499,P_2-1_6130,58.60000000000056
P_2-1_1724,P_2-1_1878,155.09999999999548
P_2-1_1724,P_1-2_752,106.49999999999822
P_2-1_1724,P_2-1_4267,503.0000000000459
P_2-1_1724,P_1-2_4940,72.00000000000018
P_2-1_1724,P_1-2_3702,93.39999999999897
P_2-1_1724,P_1-2_848,88.39999999999925
P_2-1_1724,P_1-1-pt_2920,50.60000000000045
P_2-1_1724,P_1-1-pt_6673,50.90000000000045
P_1-1-pt_1226,P_1-2_6013,99.09999999999864
P_1-1-pt_1226,P_1-1-pt_7142,79.69999999999975
P_1-1-pt_1226,P_1-2_5951,57.60000000000055
P_1-1-pt_1226,P_1-1-pt_6297,61.90000000000061
P_1-1-pt_1226,P_1-1-pt_5199,65.40000000000056
P_1-1-pt_1226,P_1-1-pt_6931,72.00000000000018
P_1-1-pt_1226,P_1-1-pt_6031,61.70000000000061
P_1-1-pt_1226,P_1-1-pt_255,61.500000000000604
P_1-1-pt_1226,P_1-1-veh_792,52.20000000000047
P_1-1-pt_1226,P_1-1-pt_494,61.80000000000061
P_1-1-pt_1226,P_1-1-pt_2162,61.70000000000061
P_1-1-pt_1226,P_1-1-pt_5897,61.600000000000605
P_1-1-pt_1226,P_1-1-pt_3769,61.3000000000006
P_1-1-pt_1226,P_1-1-pt_4671,61.80000000000061
P_1-1-pt_1226,P_1-1-pt_1270,61.500000000000604
P_1-1-pt_1226,P_1-1-pt_4919,61.600000000000605
P_1-1-pt_1226,P_1-1-pt_1304,61.4000000000006
P_1-1-pt_1226,P_1-1-veh_105,56.40000000000053
P_1-1-pt_1226,P_1-1-pt_1108,764.6000000001053
P_1-1-pt_1226,P_1-1-pt_7863,63.80000000000064
P_1-1-pt_1226,P_1-1-pt_8545,61.500000000000604
P_1-1-pt_1226,P_1-1-pt_5193,60.900000000000595
P_1-1-pt_1226,P_1-1-pt_7325,61.80000000000061
P_1-1-pt_1226,P_1-1-pt_8137,61.90000000000061
P_1-1-pt_1226,P_1-1-pt_6389,66.00000000000053
P_1-1-pt_1226,P_1-3_2985,56.700000000000536
P_1-1-pt_1226,P_1-2_1990,23.90000000000007
P_1-1-pt_1226,P_1-1-veh_602,15.099999999999962
P_1-1-pt_1226,P_1-1-pt_3275,1.0999999999999999
P_1-1-veh_530,P_1-1-pt_498,13.599999999999968
P_1-1-veh_530,P_1-1-pt_1723,18.9
P_1-1-veh_530,P_1-1-pt_8289,59.70000000000058
P_1-1-veh_530,P_1-2_5753,62.50000000000062
P_1-1-veh_530,P_1-3_2599,53.200000000000486
P_1-1-veh_530,P_1-2_5745,53.30000000000049
P_1-1-veh_530,P_1-1-pt_8735,17.299999999999976
P_1-1-veh_530,P_1-2_4266,37.40000000000026
P_1-1-veh_530,P_1-3_1535,26.300000000000104
P_1-1-veh_530,P_1-2_609,23.700000000000067
P_1-1-veh_530,P_1-2_2598,27.700000000000124
P_1-1-veh_530,P_1-2_5437,33.1000000000002
P_1-3_3135,P_1-2_4388,53.50000000000049
P_1-3_3135,P_1-2_2237,67.70000000000043
P_1-3_3135,P_1-1-pt_5275,58.60000000000056
P_1-3_1213,P_1-1-pt_4785,53.40000000000049
P_1-3_1213,P_2-1_3664,55.200000000000514
P_1-3_1213,P_1-2_2422,50.20000000000044
P_1-2_568,P_2-1_2045,54.90000000000051
P_1-2_568,P_1-2_5640,69.80000000000031
P_1-2_568,P_1-2_3693,85.6999999999994
P_1-2_568,P_1-1-pt_1238,35.80000000000024
P_1-2_568,P_1-1-pt_5241,2155.599999999135
P_1-2_2345,P_1-2_4019,59.10000000000057
P_1-2_2345,P_1-1-pt_7732,58.700000000000564
P_1-2_2345,P_1-1-pt_5115,57.60000000000055
P_1-2_2345,P_1-1-pt_6368,21.300000000000033
P_1-2_2345,P_1-1-pt_1306,40.60000000000031
P_1-2_2345,P_1-2_3052,30.700000000000166
P_1-2_2345,P_1-2_3413,51.90000000000047
P_1-2_2345,P_1-1-pt_1037,56.20000000000053
P_1-2_2345,P_1-1-pt_5324,56.30000000000053
P_1-2_2345,P_2-1_2045,104.19999999999835
P_1-2_149,P_1-3_458,1589.29999999965
P_1-2_149,P_1-1-pt_5942,3224.6999999981626
P_1-2_149,P_1-1-pt_654,36.80000000000025
P_1-1-pt_5942,P_1-3_458,317.6000000000037
P_1-1-pt_5942,P_1-2_149,3224.6999999981626
P_1-1-pt_5942,P_1-1-pt_3275,64.00000000000064
P_2-1_4267,P_1-2_5288,53.30000000000049
P_2-1_4267,P_2-1_3390,1390.4999999998308
P_2-1_4267,P_1-3_268,53.40000000000049
P_2-1_4267,P_1-3_28,53.200000000000486
P_2-1_4267,P_1-3_234,53.30000000000049
P_2-1_4267,P_1-2_3879,55.200000000000514
P_2-1_4267,P_1-3_2773,53.900000000000496
P_2-1_4267,P_1-3_4262,53.50000000000049
P_2-1_4267,P_1-3_5144,53.50000000000049
P_2-1_4267,P_1-3_2786,74.70000000000003
P_2-1_4267,P_1-3_5475,91.99999999999905
P_2-1_4267,P_1-1-pt_5999,56.600000000000534
P_2-1_4267,P_2-1_1878,154.09999999999553
P_2-1_4267,P_1-2_752,95.29999999999886
P_2-1_4267,P_2-1_1724,503.0000000000459
P_2-1_4267,P_1-2_4940,47.2000000000004
P_2-1_4267,P_1-3_3339,70.0000000000003
P_2-1_4267,P_1-1-pt_5258,77.29999999999988
P_1-1-pt_3931,P_1-1-pt_7277,58.000000000000554
P_1-1-pt_3931,P_1-1-pt_2424,63.10000000000063
P_1-1-pt_3931,P_1-2_3214,86.39999999999937
P_1-1-pt_3931,P_1-2_4715,54.90000000000051
P_1-1-pt_3931,P_1-2_2653,56.20000000000053
P_1-1-pt_3931,P_1-1-pt_2770,58.100000000000556
P_1-1-pt_3931,P_1-1-pt_6355,58.20000000000056
P_1-1-pt_3931,P_1-2_4454,57.50000000000055
P_1-1-pt_3931,P_1-2_3590,56.90000000000054
P_1-1-pt_3931,P_1-1-pt_8982,58.100000000000556
P_1-1-pt_3931,P_1-1-pt_2863,58.20000000000056
P_1-1-pt_3931,P_1-1-pt_8969,57.90000000000055
P_1-1-pt_3931,P_1-2_4609,117.09999999999762
P_1-1-pt_3931,P_1-2_2338,112.49999999999788
P_1-1-pt_3931,P_2-1_6236,180.39999999999404
P_1-1-pt_3931,P_1-3_1604,145.39999999999603
P_1-1-pt_3931,P_1-1-pt_2431,84.99999999999945
P_1-1-pt_3931,P_1-1-pt_1167,14.599999999999964
P_1-1-pt_3931,P_1-2_4329,154.09999999999553
P_1-2_5543,P_1-2_2180,53.60000000000049
P_1-2_5543,P_1-2_3879,45.00000000000037
P_1-2_5543,P_1-3_4262,53.30000000000049
P_1-2_5543,P_1-3_5144,92.899999999999
P_1-2_5543,P_1-3_2786,56.30000000000053
P_1-2_5543,P_1-3_5475,63.000000000000625
P_1-2_5543,P_1-2_4940,45.80000000000038
P_1-2_5543,P_1-1-veh_610,59.10000000000057
P_1-2_5543,P_1-1-pt_3671,119.1999999999975
P_1-2_5543,P_1-1-pt_7573,18.29999999999999
P_1-2_5543,P_1-1-veh_767,55.10000000000051
P_1-2_5543,P_1-1-pt_7915,69.00000000000036
P_1-2_5543,P_1-1-pt_3207,91.0999999999991
P_1-2_5543,P_1-1-pt_2013,51.20000000000046
P_1-2_5543,P_1-1-pt_98,170.2999999999946
P_1-2_5543,P_1-1-pt_5167,38.10000000000027
P_1-2_5543,P_1-1-pt_6974,115.99999999999768
P_1-2_5543,P_1-1-pt_1747,38.400000000000276
P_1-2_5543,P_1-1-pt_3858,58.40000000000056
P_1-2_5543,P_1-2_303,87.99999999999928
P_1-2_5543,P_1-1-pt_1497,93.09999999999899
P_1-2_5543,P_1-1-pt_5999,26.400000000000105
P_1-1-pt_8830,P_2-1_2136,51.000000000000455
P_1-1-pt_8830,P_1-1-veh_65,50.50000000000045
P_1-1-pt_8830,P_1-1-pt_7142,50.400000000000446
P_1-1-pt_8830,P_1-2_2715,47.80000000000041
P_1-1-pt_8830,P_1-1-pt_1473,44.80000000000037
P_1-1-pt_8830,P_1-1-pt_2529,507.6000000000469
P_1-1-pt_8830,P_1-1-pt_6931,55.00000000000051
P_1-2_4019,P_1-3_3755,11.499999999999975
P_1-2_4019,P_1-2_2345,59.10000000000057
P_1-2_4019,P_1-1-pt_5115,57.400000000000546
P_1-2_4019,P_2-1_2045,17.59999999999998
