user_id,neighbor,duration
P_1-1-pt_8289,P_1-2_638,715.0
P_1-1-pt_8289,P_1-2_5753,117.0
P_1-1-pt_8289,P_1-1-veh_834,106.0
P_1-1-pt_8289,P_1-1-veh_530,24.0
P_1-1-pt_8289,P_1-3_743,47.0
P_1-1-pt_8289,P_1-3_2599,23.0
P_1-1-pt_8289,P_1-2_5745,23.0
P_1-1-pt_8289,P_1-1-pt_8735,24.0
P_1-1-pt_8289,P_1-2_4266,23.0
P_1-1-pt_8289,P_1-3_3076,24.0
P_1-1-pt_8289,P_1-1-pt_182,24.0
P_1-1-pt_8289,P_1-3_4289,23.0
P_1-2_638,P_1-1-pt_8289,715.0
P_1-2_638,P_1-1-pt_8184,98.0
P_1-1-pt_7040,P_1-1-pt_7123,1609.0
P_1-1-pt_7040,P_2-1_2384,10.0
P_1-1-pt_7040,P_2-1_600,11.0
P_1-1-pt_7123,P_1-1-pt_7040,1609.0
P_1-1-pt_7123,P_2-1_2384,18.0
P_1-1-pt_8545,P_1-2_5640,43.0
P_1-1-pt_8545,P_1-2_3575,669.0
P_1-1-pt_8545,P_1-1-pt_6368,16.0
P_1-1-pt_8545,P_1-2_3052,22.0
P_1-1-pt_8545,P_1-1-pt_2606,25.0
P_1-1-pt_8545,P_1-3_1737,19.0
P_1-1-pt_8545,P_1-1-pt_1238,27.0
P_1-1-pt_8545,P_1-1-pt_3916,27.0
P_1-1-pt_8545,P_1-1-pt_5193,1862.0
P_1-1-pt_8545,P_1-1-pt_1226,27.0
P_1-1-pt_8545,P_1-1-pt_3624,25.0
P_1-1-pt_8545,P_1-1-pt_1304,11.0
P_1-1-pt_8545,P_2-1_3764,20.0
P_1-1-pt_8545,P_2-1_2925,20.0
P_1-1-pt_8545,P_1-1-veh_792,25.0
P_1-1-pt_8545,P_2-1_63,32.0
P_1-1-pt_8545,P_1-2_1612,36.0
P_1-1-pt_8545,P_1-1-pt_6453,24.0
P_1-1-pt_8545,P_1-1-pt_8728,12.0
P_1-1-pt_8545,P_1-2_4483,12.0
P_1-2_5640,P_1-1-pt_8545,43.0
P_1-2_5640,P_2-1_2045,19.0
P_1-2_5640,P_1-3_4875,25.0
P_1-2_5640,P_1-2_568,37.0
P_1-2_5640,P_1-1-pt_2952,36.0
P_1-2_5640,P_1-1-veh_5,25.0
P_1-2_5640,P_1-2_1066,148.0
P_1-2_5640,P_1-2_3835,236.0
P_1-1-pt_5167,P_1-1-pt_6355,27.0
P_1-1-pt_5167,P_1-1-pt_1747,604.0
P_1-1-pt_5167,P_1-1-pt_3858,146.0
P_1-1-pt_5167,P_1-1-pt_521,724.0
P_1-1-pt_5167,P_1-1-pt_6974,331.0
P_1-1-pt_5167,P_1-1-pt_3671,570.0
P_1-1-pt_5167,P_1-1-pt_4262,28.0
P_1-1-pt_5167,P_1-1-pt_98,281.0
P_1-1-pt_5167,P_1-1-pt_3207,138.0
P_1-1-pt_5167,P_1-1-pt_1497,442.0
P_1-1-pt_5167,P_1-1-pt_6743,77.0
P_1-1-pt_5167,P_1-1-pt_4736,83.0
P_1-1-pt_5167,P_1-1-pt_2880,203.0
P_1-1-pt_5167,P_1-1-pt_2920,27.0
P_1-1-pt_5167,P_1-2_4940,28.0
P_1-1-pt_5167,P_1-1-pt_2369,24.0
P_1-1-pt_5167,P_1-1-pt_7573,29.0
P_1-1-pt_5167,P_1-1-veh_767,25.0
P_1-1-pt_5167,P_1-1-pt_2013,122.0
P_1-1-pt_5167,P_1-2_303,16.0
P_1-1-pt_6355,P_1-1-pt_5167,27.0
P_1-1-pt_6355,P_1-1-pt_1747,26.0
P_1-1-pt_6355,P_1-1-pt_1601,28.0
P_1-1-pt_6355,P_1-2_4454,10.0
P_1-1-pt_6355,P_1-1-pt_7938,24.0
P_1-1-pt_6355,P_1-1-pt_3931,26.0
P_1-1-pt_6355,P_1-1-pt_3353,26.0
P_1-1-pt_1747,P_1-1-pt_6355,26.0
P_1-1-pt_1747,P_1-1-pt_5167,604.0
P_1-1-pt_1747,P_1-1-pt_3858,608.0
P_1-1-pt_1747,P_1-1-pt_521,137.0
P_1-1-pt_1747,P_1-1-pt_3671,550.0
P_1-1-pt_1747,P_1-1-pt_4262,25.0
P_1-1-pt_1747,P_1-1-pt_98,303.0
P_1-1-pt_1747,P_1-1-pt_3207,133.0
P_1-1-pt_1747,P_1-1-pt_6974,518.0
P_1-1-pt_1747,P_1-1-pt_1497,159.0
P_1-1-pt_1747,P_1-1-pt_6743,58.0
P_1-1-pt_1747,P_1-1-pt_4736,82.0
P_1-1-pt_1747,P_1-1-pt_2880,82.0
P_1-1-pt_1747,P_1-1-pt_2920,27.0
P_1-1-pt_1747,P_1-2_4940,21.0
P_1-1-pt_1747,P_1-1-veh_610,82.0
P_1-1-pt_1747,P_1-1-pt_6673,20.0
P_1-1-pt_1747,P_1-1-pt_7573,28.0
P_1-1-pt_1747,P_1-1-veh_767,25.0
P_1-1-pt_1747,P_1-1-pt_2013,25.0
P_1-1-pt_1747,P_1-2_303,15.0
P_1-1-pt_6931,P_1-3_2955,258.0
P_1-1-pt_6931,P_1-1-pt_4996,28.0
P_1-1-pt_6931,P_1-1-pt_3386,30.0
P_1-1-pt_6931,P_1-1-pt_3067,42.0
P_1-1-pt_6931,P_1-1-pt_776,26.0
P_1-1-pt_6931,P_1-2_303,37.0
P_1-1-pt_6931,P_1-1-pt_1226,32.0
P_1-1-pt_6931,P_1-1-pt_5199,27.0
P_1-1-pt_6931,P_1-3_4690,264.0
P_1-1-pt_6931,P_1-1-pt_1473,27.0
P_1-1-pt_6931,P_2-1_2136,18.0
P_1-1-pt_6931,P_1-1-veh_65,20.0
P_1-1-pt_6931,P_1-1-pt_2529,25.0
P_1-1-pt_6931,P_1-1-pt_8830,25.0
P_1-1-pt_6931,P_1-3_3759,31.0
P_1-3_2955,P_1-1-pt_6931,258.0
P_1-3_2955,P_1-1-pt_530,11.0
P_1-3_2955,P_1-2_2875,22.0
P_1-3_2955,P_1-3_2323,14.0
P_1-3_2955,P_1-3_3494,44.0
P_1-3_2955,P_1-3_4690,26.0
P_1-1-veh_105,P_1-3_3046,19.0
P_1-1-veh_105,P_1-1-veh_234,18.0
P_1-1-veh_105,P_1-1-pt_6538,10.0
P_1-1-veh_105,P_1-2_1596,19.0
P_1-1-veh_105,P_1-3_4168,19.0
P_1-1-veh_105,P_1-2_3081,18.0
P_1-1-veh_105,P_1-1-pt_7080,10.0
P_1-1-veh_105,P_1-1-pt_7763,10.0
P_1-1-veh_105,P_1-3_2323,21.0
P_1-1-veh_105,P_1-3_528,18.0
P_1-1-veh_105,P_1-1-pt_1108,110.0
P_1-1-veh_105,P_1-1-pt_1226,21.0
P_1-1-veh_105,P_1-1-pt_1304,50.0
P_1-1-veh_105,P_1-1-pt_8137,49.0
P_1-1-veh_105,P_1-1-pt_6453,20.0
P_1-3_3046,P_1-1-veh_105,19.0
P_1-3_3046,P_1-3_3457,47.0
P_1-3_3046,P_1-3_3834,43.0
P_1-3_3046,P_1-3_1785,19.0
P_1-3_3046,P_1-1-pt_4966,24.0
P_1-3_3046,P_1-1-veh_234,19.0
P_1-3_3046,P_1-1-pt_6538,10.0
P_1-3_3046,P_1-1-pt_8682,11.0
P_1-3_3046,P_1-2_3389,19.0
P_1-3_3046,P_1-2_4734,49.0
P_1-3_3046,P_1-3_2454,25.0
P_1-3_3046,P_1-2_4206,49.0
P_1-3_3046,P_1-3_1500,49.0
P_1-3_3046,P_1-3_3901,49.0
P_1-3_3046,P_1-2_1420,25.0
P_1-3_3046,P_1-3_228,25.0
P_1-3_3046,P_1-3_3776,25.0
P_1-3_3046,P_2-1_2161,24.0
P_1-3_3046,P_1-2_3280,24.0
P_1-3_3046,P_1-3_4168,25.0
P_1-3_3046,P_1-3_2053,24.0
P_1-3_3457,P_1-3_3046,47.0
P_1-3_3457,P_1-3_3834,43.0
P_1-3_3457,P_1-3_1785,18.0
P_1-3_3457,P_1-2_2554,18.0
P_1-3_3457,P_1-1-pt_4966,23.0
P_1-3_3457,P_1-1-veh_234,19.0
P_1-3_3457,P_1-1-pt_1238,23.0
P_1-3_3457,P_1-1-pt_6538,10.0
P_1-3_3457,P_1-1-pt_8682,10.0
P_1-3_3457,P_1-2_3389,18.0
P_1-3_3457,P_1-2_4734,48.0
P_1-3_3457,P_1-3_2454,24.0
P_1-3_3457,P_1-2_4206,48.0
P_1-3_3457,P_1-3_1500,50.0
P_1-3_3457,P_1-3_3901,24.0
P_1-3_3457,P_1-2_1420,24.0
P_1-3_3457,P_1-3_228,24.0
P_1-3_3457,P_1-3_3776,24.0
P_1-3_3457,P_2-1_2161,24.0
P_1-3_3457,P_1-2_3280,25.0
P_1-3_3457,P_1-3_4168,25.0
P_1-3_3457,P_1-3_2053,24.0
P_1-2_2030,P_1-2_2229,381.0
P_1-2_2030,P_2-1_5435,360.0
P_1-2_2030,P_2-1_4331,360.0
P_1-2_2030,P_2-1_3376,2947.0
P_1-2_2030,P_2-1_6256,334.0
P_1-2_2030,P_1-2_3908,336.0
P_1-2_2030,P_1-2_4607,336.0
P_1-2_2030,P_1-1-pt_7104,323.0
P_1-2_2030,P_1-2_4886,336.0
P_1-2_2229,P_1-2_2030,381.0
P_1-2_2229,P_2-1_5435,384.0
P_1-2_2229,P_2-1_4331,360.0
P_1-2_2229,P_2-1_3376,360.0
P_1-2_2229,P_2-1_6256,356.0
P_1-2_2229,P_1-2_3908,360.0
P_1-2_2229,P_1-2_4607,336.0
P_1-2_2229,P_1-1-pt_7104,2439.0
P_1-2_2229,P_1-2_4886,469.0
P_1-1-pt_8692,P_1-1-veh_459,2356.0
P_1-1-pt_8692,P_1-2_5252,10.0
P_1-1-pt_8692,P_1-3_2280,9.0
P_1-1-pt_8692,P_1-3_5117,11.0
P_1-1-pt_8692,P_1-2_2183,11.0
P_1-1-pt_8692,P_1-3_5537,11.0
P_1-1-veh_459,P_1-1-pt_8692,2356.0
P_1-1-veh_459,P_1-1-pt_7664,47.0
P_1-1-veh_459,P_1-2_5252,18.0
P_1-1-veh_459,P_1-3_2280,24.0
P_1-1-veh_459,P_1-3_5117,19.0
P_1-1-veh_459,P_1-2_2183,18.0
P_1-1-veh_459,P_1-3_5537,19.0
P_2-1_3376,P_2-1_6256,374.0
P_2-1_3376,P_2-1_5435,360.0
P_2-1_3376,P_2-1_4331,360.0
P_2-1_3376,P_1-2_2229,360.0
P_2-1_3376,P_1-2_2030,2947.0
P_2-1_3376,P_1-2_3908,342.0
P_2-1_3376,P_1-2_4607,336.0
P_2-1_3376,P_1-1-pt_7104,1288.0
P_2-1_3376,P_1-2_4886,336.0
P_2-1_6256,P_2-1_3376,374.0
P_2-1_6256,P_2-1_5435,398.0
P_2-1_6256,P_2-1_4331,349.0
P_2-1_6256,P_1-2_2229,356.0
P_2-1_6256,P_1-2_2030,334.0
P_2-1_6256,P_1-2_3908,2043.0
P_2-1_6256,P_1-2_4607,336.0
P_2-1_6256,P_1-1-pt_7104,300.0
P_2-1_6256,P_1-2_4886,336.0
P_1-1-pt_4879,P_1-1-pt_7664,36.0
P_1-1-pt_4879,P_1-1-pt_3858,31.0
P_1-1-pt_4879,P_1-1-pt_2013,258.0
P_1-1-pt_4879,P_1-1-pt_3409,22.0
P_1-1-pt_4879,P_1-1-pt_2369,61.0
P_1-1-pt_4879,P_1-1-pt_6743,71.0
P_1-1-pt_4879,P_2-1_2925,24.0
P_1-1-pt_4879,P_2-1_63,46.0
P_1-1-pt_4879,P_1-2_1612,22.0
P_1-1-pt_4879,P_1-1-pt_5666,55.0
P_1-1-pt_4879,P_1-1-pt_1497,29.0
P_1-1-pt_4879,P_1-1-pt_3207,62.0
P_1-1-pt_4879,P_1-1-pt_521,63.0
P_1-1-pt_4879,P_2-1_5419,26.0
P_1-1-pt_4879,P_1-2_303,88.0
P_1-1-pt_7664,P_1-1-pt_4879,36.0
P_1-1-pt_7664,P_1-1-veh_459,47.0
P_1-1-pt_7664,P_1-2_2543,25.0
P_1-1-pt_7664,P_1-1-pt_3512,62.0
P_1-1-pt_7664,P_1-2_671,99.0
P_1-1-pt_3858,P_1-1-pt_5167,146.0
P_1-1-pt_3858,P_1-1-pt_1747,608.0
P_1-1-pt_3858,P_1-1-pt_6974,99.0
P_1-1-pt_3858,P_1-1-pt_4879,31.0
P_1-1-pt_3858,P_1-1-pt_3409,12.0
P_1-1-pt_3858,P_1-1-pt_2013,25.0
P_1-1-pt_3858,P_1-1-pt_3624,12.0
P_1-1-pt_3858,P_1-1-pt_98,138.0
P_1-1-pt_3858,P_1-1-pt_3671,151.0
P_1-1-pt_3858,P_1-1-pt_4736,50.0
P_1-1-pt_3858,P_1-1-pt_2880,56.0
P_1-1-pt_3858,P_1-2_1612,35.0
P_1-1-pt_3858,P_2-1_63,0.0
P_1-1-pt_3858,P_1-2_1255,11.0
P_1-1-pt_3858,P_1-2_250,17.0
P_1-1-pt_3858,P_2-1_5419,30.0
P_1-1-pt_3858,P_1-2_4483,26.0
P_1-1-pt_3858,P_1-1-pt_6743,36.0
P_1-1-pt_3858,P_1-1-veh_610,16.0
P_1-1-pt_3858,P_1-1-pt_7915,100.0
P_1-1-pt_3858,P_1-1-pt_7208,28.0
P_1-1-pt_3858,P_1-1-pt_5999,51.0
P_1-1-pt_3858,P_1-1-pt_3207,27.0
P_1-1-pt_3858,P_1-1-pt_1497,27.0
P_1-1-pt_3858,P_1-2_303,16.0
P_1-2_2580,P_1-2_3821,312.0
P_1-2_2580,P_1-3_4738,319.0
P_1-2_2580,P_1-2_5752,300.0
P_1-2_2580,P_1-2_3464,294.0
P_1-2_2580,P_1-2_2797,378.0
P_1-2_2580,P_1-1-veh_837,265.0
P_1-2_2580,P_2-1_2028,147.0
P_1-2_3821,P_1-2_2580,312.0
P_1-2_3821,P_1-3_4738,323.0
P_1-2_3821,P_1-2_5752,300.0
P_1-2_3821,P_1-2_3464,288.0
P_1-2_3821,P_1-2_2797,366.0
P_1-2_3821,P_1-1-veh_837,271.0
P_1-2_3821,P_2-1_2028,151.0
P_1-3_3834,P_1-3_3046,43.0
P_1-3_3834,P_1-3_3457,43.0
P_1-3_3834,P_1-1-veh_234,18.0
P_1-3_3834,P_1-1-pt_2606,23.0
P_1-3_3834,P_1-1-pt_8682,11.0
P_1-3_3834,P_1-2_3389,18.0
P_1-3_3834,P_1-3_3776,75.0
P_1-3_3834,P_2-1_2161,48.0
P_1-3_3834,P_1-3_874,48.0
P_1-3_3834,P_1-2_4734,48.0
P_1-3_3834,P_1-3_2454,24.0
P_1-3_3834,P_1-2_4206,49.0
P_1-3_3834,P_1-3_1500,49.0
P_1-3_3834,P_1-3_3901,49.0
P_1-3_3834,P_1-2_1420,48.0
P_1-3_3834,P_1-3_228,49.0
P_1-3_3834,P_1-2_3280,24.0
P_1-3_3834,P_1-3_4168,25.0
P_1-3_3834,P_1-3_2053,24.0
P_1-2_3286,P_1-2_3835,2032.0
P_1-2_3835,P_1-2_3286,2032.0
P_1-2_3835,P_1-2_5640,236.0
P_1-1-veh_234,P_1-3_2454,18.0
P_1-1-veh_234,P_1-1-veh_105,18.0
P_1-1-veh_234,P_1-3_3834,18.0
P_1-1-veh_234,P_1-1-pt_3067,3.0
P_1-1-veh_234,P_1-3_1785,19.0
P_1-1-veh_234,P_1-2_2554,19.0
P_1-1-veh_234,P_1-2_3280,19.0
P_1-1-veh_234,P_1-3_3046,19.0
P_1-1-veh_234,P_1-3_3457,19.0
P_1-1-veh_234,P_1-1-pt_5078,46.0
P_1-1-veh_234,P_1-1-pt_7208,22.0
P_1-1-veh_234,P_1-1-pt_6538,23.0
P_1-1-veh_234,P_1-1-pt_7142,46.0
P_1-1-veh_234,P_1-1-pt_8682,46.0
P_1-1-veh_234,P_1-2_1596,24.0
P_1-1-veh_234,P_1-3_2053,18.0
P_1-1-veh_234,P_1-2_5951,19.0
P_1-1-veh_234,P_1-3_4690,19.0
P_1-1-veh_234,P_1-1-pt_4901,22.0
P_1-1-veh_234,P_1-1-pt_7080,52.0
P_1-1-veh_234,P_1-2_3389,24.0
P_1-1-veh_234,P_1-1-pt_1473,2.0
P_1-1-veh_234,P_1-2_1255,11.0
P_1-3_2454,P_1-1-veh_234,18.0
P_1-3_2454,P_1-1-pt_8682,10.0
P_1-3_2454,P_1-2_3389,19.0
P_1-3_2454,P_1-2_4206,49.0
P_1-3_2454,P_1-3_1500,50.0
P_1-3_2454,P_1-3_3901,50.0
P_1-3_2454,P_1-2_1420,50.0
P_1-3_2454,P_1-3_228,48.0
P_1-3_2454,P_1-3_3776,48.0
P_1-3_2454,P_2-1_2161,48.0
P_1-3_2454,P_1-3_874,24.0
P_1-3_2454,P_1-2_4734,48.0
P_1-3_2454,P_1-3_3834,24.0
P_1-3_2454,P_1-2_3280,24.0
P_1-3_2454,P_1-3_3046,25.0
P_1-3_2454,P_1-3_3457,24.0
P_1-3_2454,P_1-3_4168,24.0
P_1-3_2454,P_1-3_2053,24.0
P_1-3_2454,P_1-2_5951,24.0
P_1-3_2454,P_1-3_4690,24.0
P_1-1-pt_521,P_1-1-pt_5167,724.0
P_1-1-pt_521,P_1-1-pt_1747,137.0
P_1-1-pt_521,P_1-1-pt_6743,74.0
P_1-1-pt_521,P_1-1-pt_2880,75.0
P_1-1-pt_521,P_1-1-pt_8280,106.0
P_1-1-pt_521,P_1-1-pt_3207,125.0
P_1-1-pt_521,P_1-1-pt_571,52.0
P_1-1-pt_521,P_1-1-pt_3230,52.0
P_1-1-pt_521,P_1-1-pt_3671,696.0
P_1-1-pt_521,P_1-1-pt_98,515.0
P_1-1-pt_521,P_1-1-pt_1497,349.0
P_1-1-pt_521,P_1-1-pt_4879,63.0
P_1-1-pt_521,P_1-1-pt_5666,54.0
P_1-1-pt_521,P_1-1-pt_2920,27.0
P_1-1-pt_521,P_1-1-veh_610,24.0
P_1-1-pt_521,P_1-1-pt_2369,31.0
P_1-1-pt_521,P_1-1-pt_7915,29.0
P_1-1-pt_521,P_1-1-pt_6974,38.0
P_1-1-pt_521,P_1-1-pt_7573,27.0
P_1-1-pt_521,P_1-1-veh_767,23.0
P_1-1-pt_521,P_1-1-pt_2013,31.0
P_1-1-pt_521,P_1-2_303,21.0
P_2-1_4331,P_2-1_5435,384.0
P_2-1_4331,P_1-2_2229,360.0
P_2-1_4331,P_1-2_2030,360.0
P_2-1_4331,P_2-1_3376,360.0
P_2-1_4331,P_2-1_6256,349.0
P_2-1_4331,P_1-2_3908,360.0
P_2-1_4331,P_1-2_4607,1206.0
P_2-1_4331,P_1-1-pt_7104,308.0
P_2-1_4331,P_1-2_4886,318.0
P_2-1_5435,P_2-1_4331,384.0
P_2-1_5435,P_1-2_2229,384.0
P_2-1_5435,P_1-2_2030,360.0
P_2-1_5435,P_2-1_3376,360.0
P_2-1_5435,P_2-1_6256,398.0
P_2-1_5435,P_1-2_3908,362.0
P_2-1_5435,P_1-2_4607,336.0
P_2-1_5435,P_1-1-pt_7104,299.0
P_2-1_5435,P_1-2_4886,336.0
P_1-2_573,P_1-3_2018,92.0
P_1-2_573,P_1-2_5210,3434.0
P_1-2_573,P_1-1-pt_5241,10.0
P_1-2_573,P_1-3_4954,307.0
P_1-2_573,P_1-2_4634,58.0
P_1-2_573,P_1-3_4775,48.0
P_1-2_573,P_1-3_2410,24.0
P_1-2_573,P_1-3_3253,48.0
P_1-2_573,P_1-3_2633,51.0
P_1-2_573,P_1-2_3693,25.0
P_1-2_573,P_1-3_4875,31.0
P_1-2_573,P_1-3_3410,24.0
P_1-3_2018,P_1-2_573,92.0
P_1-3_2018,P_1-3_4954,90.0
P_1-3_2018,P_1-1-pt_5241,11.0
P_1-3_2018,P_2-1_2045,12.0
P_1-3_2018,P_1-2_4634,48.0
P_1-3_2018,P_1-3_4775,49.0
P_1-3_2018,P_1-3_2410,29.0
P_1-3_2018,P_1-3_3253,48.0
P_1-3_2018,P_1-3_2633,24.0
P_1-3_2018,P_1-2_5210,48.0
P_1-3_2018,P_1-3_4875,49.0
P_1-3_2018,P_1-3_3410,26.0
P_1-1-pt_3927,P_1-2_4208,10.0
P_1-1-pt_3927,P_1-1-pt_494,35.0
P_1-1-pt_3927,P_1-1-pt_4671,25.0
P_1-1-pt_3927,P_1-1-pt_5298,24.0
P_1-1-pt_3927,P_1-1-pt_5115,23.0
P_1-1-pt_3927,P_1-1-pt_1306,9.0
P_1-1-pt_3927,P_1-2_3052,30.0
P_1-1-pt_3927,P_1-2_3413,47.0
P_1-1-pt_3927,P_1-1-pt_1037,19.0
P_1-1-pt_3927,P_1-1-pt_5324,19.0
P_1-2_4208,P_1-1-pt_3927,10.0
P_1-2_4208,P_1-1-pt_1298,16.0
P_1-2_4208,P_1-1-pt_7732,24.0
P_1-2_4208,P_1-1-pt_5115,22.0
P_1-2_4208,P_1-3_3755,2846.0
P_1-2_4208,P_1-1-pt_6368,25.0
P_1-2_4208,P_1-1-pt_1306,49.0
P_1-2_4208,P_1-2_3052,25.0
P_1-1-pt_8184,P_1-2_638,98.0
P_1-1-pt_8184,P_1-2_4266,12.0
P_1-1-pt_8184,P_1-3_743,4.0
P_1-1-pt_8184,P_1-1-pt_1723,52.0
P_1-1-pt_8184,P_1-2_5753,16.0
P_1-3_4954,P_1-3_2018,90.0
P_1-3_4954,P_1-1-pt_5241,10.0
P_1-3_4954,P_1-2_573,307.0
P_1-3_4954,P_1-2_4634,53.0
P_1-3_4954,P_1-3_4775,48.0
P_1-3_4954,P_1-3_2410,49.0
P_1-3_4954,P_1-3_3253,51.0
P_1-3_4954,P_1-3_2633,58.0
P_1-3_4954,P_1-2_5210,29.0
P_1-3_4954,P_1-2_3693,24.0
P_1-3_4954,P_1-3_4875,25.0
P_1-3_4954,P_1-3_3410,24.0
P_1-1-pt_1039,P_1-1-pt_2129,6473.0
P_1-1-pt_1039,P_1-2_3488,46.0
P_1-1-pt_1039,P_1-2_2237,42.0
P_1-1-pt_1039,P_1-1-pt_5275,48.0
P_1-1-pt_1039,P_1-1-pt_1700,48.0
P_1-1-pt_1039,P_1-2_1533,42.0
P_1-1-pt_2129,P_1-1-pt_1039,6473.0
P_1-1-pt_2129,P_1-2_3488,47.0
P_1-1-pt_2129,P_1-2_2237,42.0
P_1-1-pt_2129,P_1-1-pt_5275,48.0
P_1-1-pt_2129,P_1-1-pt_1700,49.0
P_1-1-pt_2129,P_1-2_1533,49.0
P_1-3_1785,P_1-3_3046,19.0
P_1-3_1785,P_1-3_3457,18.0
P_1-3_1785,P_1-1-veh_234,19.0
P_1-3_1785,P_1-1-pt_6538,10.0
P_1-3_1785,P_1-1-pt_8682,11.0
P_1-3_1785,P_1-2_3389,18.0
P_1-3_1785,P_1-1-pt_1714,23.0
P_1-3_1785,P_1-2_2287,24.0
P_1-3_1785,P_1-2_4771,48.0
P_1-3_1785,P_1-1-pt_3629,48.0
P_1-3_1785,P_1-2_3081,24.0
P_1-3_1785,P_1-2_5951,24.0
P_1-2_3214,P_1-3_2221,19.0
P_1-2_3214,P_1-1-pt_3931,43.0
P_1-2_3214,P_1-2_5020,24.0
P_1-3_2221,P_1-2_3214,19.0
P_1-3_2221,P_1-2_3590,16.0
P_1-3_2221,P_1-2_2473,18.0
P_1-3_2221,P_1-3_1945,18.0
P_1-3_2221,P_1-2_3702,18.0
P_1-3_2221,P_1-2_848,19.0
P_1-3_2221,P_1-1-pt_2820,701.0
P_1-3_2221,P_1-1-pt_3097,51.0
P_1-1-pt_4875,P_1-2_168,522.0
P_1-2_168,P_1-1-pt_4875,522.0
P_1-2_168,P_1-3_635,30.0
P_1-2_168,P_2-1_2136,19.0
P_1-2_168,P_1-2_3708,24.0
P_1-1-pt_5078,P_1-2_3280,23.0
P_1-1-pt_5078,P_1-1-veh_234,46.0
P_1-1-pt_5078,P_1-1-pt_7208,27.0
P_1-1-pt_5078,P_1-1-pt_6538,25.0
P_1-1-pt_5078,P_1-1-pt_4901,54.0
P_1-1-pt_5078,P_1-1-pt_8682,25.0
P_1-1-pt_5078,P_1-1-pt_7080,48.0
P_1-2_3280,P_1-1-pt_5078,23.0
P_1-2_3280,P_1-1-veh_234,19.0
P_1-2_3280,P_1-1-pt_6538,10.0
P_1-2_3280,P_1-1-pt_8682,10.0
P_1-2_3280,P_1-2_3389,19.0
P_1-2_3280,P_1-3_874,5.0
P_1-2_3280,P_1-2_4734,50.0
P_1-2_3280,P_1-3_2454,24.0
P_1-2_3280,P_1-2_4206,50.0
P_1-2_3280,P_1-3_1500,50.0
P_1-2_3280,P_1-3_3901,48.0
P_1-2_3280,P_1-2_1420,24.0
P_1-2_3280,P_1-3_228,24.0
P_1-2_3280,P_1-3_3834,24.0
P_1-2_3280,P_1-3_3776,25.0
P_1-2_3280,P_2-1_2161,25.0
P_1-2_3280,P_1-3_3046,24.0
P_1-2_3280,P_1-3_3457,25.0
P_1-2_3280,P_1-3_4168,24.0
P_1-2_3280,P_1-3_2053,24.0
P_1-1-pt_6974,P_1-1-pt_3858,99.0
P_1-1-pt_6974,P_1-1-pt_5167,331.0
P_1-1-pt_6974,P_1-1-pt_3671,401.0
P_1-1-pt_6974,P_1-1-pt_1747,518.0
P_1-1-pt_6974,P_1-1-pt_1497,124.0
P_1-1-pt_6974,P_1-1-pt_98,971.0
P_1-1-pt_6974,P_2-1_3764,33.0
P_1-1-pt_6974,P_1-1-pt_2880,277.0
P_1-1-pt_6974,P_1-2_1255,37.0
P_1-1-pt_6974,P_1-1-pt_3207,135.0
P_1-1-pt_6974,P_1-1-pt_2920,107.0
P_1-1-pt_6974,P_1-1-pt_4736,52.0
P_1-1-pt_6974,P_1-2_4483,2.0
P_1-1-pt_6974,P_1-1-veh_610,41.0
P_1-1-pt_6974,P_1-1-pt_7915,565.0
P_1-1-pt_6974,P_1-1-pt_521,38.0
P_1-1-pt_6974,P_1-1-pt_5999,27.0
P_1-1-pt_6974,P_1-1-pt_7573,27.0
P_1-1-pt_6974,P_1-1-veh_767,17.0
P_1-1-pt_6974,P_1-1-pt_2013,24.0
P_1-1-pt_6974,P_1-2_303,58.0
P_1-1-pt_6974,P_1-2_5543,50.0
P_1-3_4738,P_1-2_3821,323.0
P_1-3_4738,P_1-2_2580,319.0
P_1-3_4738,P_1-2_5752,293.0
P_1-3_4738,P_1-2_3464,300.0
P_1-3_4738,P_1-2_2797,294.0
P_1-3_4738,P_1-1-veh_837,5568.0
P_1-3_4738,P_2-1_2028,148.0
P_1-3_2187,P_1-3_2374,18.0
P_1-3_2187,P_2-1_4811,42.0
P_1-3_2374,P_1-3_2187,18.0
P_1-3_2374,P_2-1_213,18.0
P_1-3_2374,P_1-3_3132,18.0
P_1-1-pt_1173,P_1-1-veh_246,2283.0
P_1-1-pt_1173,P_1-3_743,11.0
P_1-1-pt_1173,P_1-2_3608,49.0
P_1-1-veh_246,P_1-1-pt_1173,2283.0
P_1-1-veh_246,P_1-3_743,19.0
P_1-1-pt_6176,P_1-1-pt_6743,37.0
P_1-1-pt_6176,P_1-1-pt_5906,28.0
P_1-1-pt_6176,P_1-1-pt_3916,29.0
P_1-1-pt_6176,P_1-3_4690,25.0
P_1-1-pt_6176,P_1-1-pt_7573,26.0
P_1-1-pt_6176,P_1-1-pt_297,27.0
P_1-1-pt_6176,P_1-1-pt_4996,28.0
P_1-1-pt_6743,P_1-1-pt_6176,37.0
P_1-1-pt_6743,P_1-1-pt_521,74.0
P_1-1-pt_6743,P_1-1-pt_8280,78.0
P_1-1-pt_6743,P_1-1-pt_4262,25.0
P_1-1-pt_6743,P_1-1-pt_2369,292.0
P_1-1-pt_6743,P_1-1-pt_3207,80.0
P_1-1-pt_6743,P_1-1-pt_4879,71.0
P_1-1-pt_6743,P_1-1-pt_5167,77.0
P_1-1-pt_6743,P_1-1-pt_1747,58.0
P_1-1-pt_6743,P_1-1-pt_98,26.0
P_1-1-pt_6743,P_1-1-pt_3671,52.0
P_1-1-pt_6743,P_2-1_63,23.0
P_1-1-pt_6743,P_1-2_1612,23.0
P_1-1-pt_6743,P_1-1-pt_3858,36.0
P_1-1-pt_6743,P_1-1-veh_610,37.0
P_1-1-pt_6743,P_1-1-veh_767,24.0
P_1-1-pt_6743,P_1-2_303,21.0
P_1-1-pt_6743,P_1-1-pt_2880,24.0
P_1-1-pt_6743,P_1-1-pt_571,25.0
P_1-1-pt_6743,P_1-1-pt_3230,25.0
P_1-1-pt_494,P_1-1-pt_3927,35.0
P_1-1-pt_494,P_1-1-pt_2162,4750.0
P_1-1-pt_494,P_1-1-pt_8247,24.0
P_1-1-pt_494,P_1-1-pt_3275,20.0
P_1-1-pt_494,P_1-1-pt_1560,20.0
P_1-1-pt_494,P_1-1-pt_1966,28.0
P_1-1-pt_494,P_1-2_2875,29.0
P_1-1-pt_494,P_1-1-pt_5906,27.0
P_1-1-pt_494,P_1-1-pt_1238,27.0
P_1-1-pt_494,P_1-1-pt_3916,26.0
P_1-1-pt_494,P_1-1-pt_1226,27.0
P_1-1-pt_494,P_1-1-pt_1108,7.0
P_1-1-pt_494,P_1-1-pt_3409,25.0
P_1-1-pt_494,P_2-1_3764,25.0
P_1-1-pt_494,P_2-1_2925,25.0
P_1-1-pt_494,P_2-1_63,25.0
P_1-1-pt_494,P_1-2_1612,25.0
P_1-1-pt_494,P_1-1-pt_4996,32.0
P_1-2_2554,P_1-3_3457,18.0
P_1-2_2554,P_1-1-veh_234,19.0
P_1-2_2554,P_1-1-pt_6538,10.0
P_1-2_2554,P_1-1-pt_8682,11.0
P_1-2_2554,P_1-2_1596,18.0
P_1-2_2554,P_1-3_4168,18.0
P_1-2_2554,P_1-2_3081,18.0
P_1-2_2554,P_1-3_3579,26.0
P_1-2_2554,P_1-1-pt_7080,10.0
P_1-2_2554,P_1-1-pt_7763,10.0
P_1-2_2554,P_1-3_2323,18.0
P_1-2_2554,P_1-3_528,19.0
P_1-2_2554,P_1-3_403,16.0
P_1-2_2554,P_1-1-pt_1108,40.0
P_1-2_2554,P_1-1-pt_1304,48.0
P_1-2_2554,P_1-1-pt_8137,47.0
P_1-2_2554,P_1-1-pt_6453,11.0
P_1-1-pt_1298,P_1-2_4208,16.0
P_1-1-pt_1298,P_1-1-pt_4671,25.0
P_1-1-pt_1298,P_1-1-pt_8762,26.0
P_1-1-pt_1298,P_1-1-pt_1798,25.0
P_1-1-pt_1298,P_2-1_2045,3.0
P_1-2_3908,P_2-1_5435,362.0
P_1-2_3908,P_2-1_4331,360.0
P_1-2_3908,P_1-2_2229,360.0
P_1-2_3908,P_1-2_2030,336.0
P_1-2_3908,P_2-1_3376,342.0
P_1-2_3908,P_2-1_6256,2043.0
P_1-2_3908,P_1-2_4607,336.0
P_1-2_3908,P_1-1-pt_7104,313.0
P_1-2_3908,P_1-2_4886,336.0
P_1-2_3575,P_1-1-pt_8545,669.0
P_1-2_3575,P_1-3_2985,24.0
P_1-2_3575,P_1-2_1990,24.0
P_1-1-veh_152,P_1-3_990,17.0
P_1-1-veh_152,P_1-1-pt_4262,23.0
P_1-1-veh_152,P_1-1-pt_3386,35.0
P_1-3_990,P_1-1-veh_152,17.0
P_1-3_990,P_1-2_1017,35.0
P_1-3_990,P_1-1-pt_5357,92.0
P_1-3_990,P_1-2_2543,52.0
P_1-3_990,P_1-2_1313,13.0
P_1-3_990,P_1-2_3693,6.0
P_1-1-pt_8068,P_1-3_5578,24.0
P_1-1-pt_8068,P_1-1-pt_8728,11.0
P_1-1-pt_8068,P_1-2_505,17.0
P_1-1-pt_8068,P_2-1_2384,17.0
P_1-1-pt_8068,P_1-1-pt_6031,62.0
P_1-1-pt_8068,P_2-1_2136,17.0
P_1-1-pt_8068,P_1-1-veh_65,17.0
P_1-3_5578,P_1-1-pt_8068,24.0
P_1-3_5578,P_1-3_4666,37.0
P_1-3_5578,P_1-2_4791,24.0
P_1-3_5578,P_1-2_1533,24.0
P_1-3_5578,P_1-3_635,25.0
P_1-3_635,P_2-1_2136,18.0
P_1-3_635,P_1-1-veh_65,19.0
P_1-3_635,P_1-2_168,30.0
P_1-3_635,P_1-2_3708,18.0
P_1-3_635,P_1-3_4666,18.0
P_1-3_635,P_1-2_4791,23.0
P_1-3_635,P_1-2_1533,24.0
P_1-3_635,P_1-3_5578,25.0
P_2-1_2136,P_1-3_635,18.0
P_2-1_2136,P_1-1-veh_65,49.0
P_2-1_2136,P_1-2_168,19.0
P_2-1_2136,P_1-1-pt_8830,10.0
P_2-1_2136,P_1-2_3708,18.0
P_2-1_2136,P_1-2_2715,11.0
P_2-1_2136,P_1-1-pt_2529,23.0
P_2-1_2136,P_1-1-pt_6931,18.0
P_2-1_2136,P_1-1-pt_6297,56.0
P_2-1_2136,P_1-1-pt_6031,46.0
P_2-1_2136,P_1-1-pt_8068,17.0
P_1-1-pt_3671,P_1-1-pt_4262,287.0
P_1-1-pt_3671,P_1-1-pt_5167,570.0
P_1-1-pt_3671,P_1-1-pt_1747,550.0
P_1-1-pt_3671,P_1-1-pt_6974,401.0
P_1-1-pt_3671,P_1-1-pt_98,744.0
P_1-1-pt_3671,P_1-1-pt_3207,136.0
P_1-1-pt_3671,P_1-1-pt_1497,156.0
P_1-1-pt_3671,P_1-1-pt_6743,52.0
P_1-1-pt_3671,P_1-1-pt_3858,151.0
P_1-1-pt_3671,P_1-1-pt_4736,360.0
P_1-1-pt_3671,P_1-1-pt_521,696.0
P_1-1-pt_3671,P_1-1-pt_2920,26.0
P_1-1-pt_3671,P_1-2_4940,21.0
P_1-1-pt_3671,P_1-1-pt_2880,56.0
P_1-1-pt_3671,P_1-1-veh_610,15.0
P_1-1-pt_3671,P_1-1-pt_7915,30.0
P_1-1-pt_3671,P_1-1-pt_7573,336.0
P_1-1-pt_3671,P_1-1-veh_767,22.0
P_1-1-pt_3671,P_1-1-pt_2013,26.0
P_1-1-pt_3671,P_1-2_303,43.0
P_1-1-pt_4262,P_1-1-pt_3671,287.0
P_1-1-pt_4262,P_1-1-pt_5167,28.0
P_1-1-pt_4262,P_1-1-pt_1747,25.0
P_1-1-pt_4262,P_1-1-pt_6743,25.0
P_1-1-pt_4262,P_1-1-pt_394,31.0
P_1-1-pt_4262,P_1-2_104,14.0
P_1-1-pt_4262,P_1-2_1715,23.0
P_1-1-pt_4262,P_1-1-pt_5357,25.0
P_1-1-pt_4262,P_1-1-veh_152,23.0
P_1-1-pt_4262,P_1-1-pt_1420,26.0
P_1-1-pt_4262,P_1-2_2795,21.0
P_1-1-pt_4262,P_1-1-pt_8247,25.0
P_1-1-pt_4262,P_1-2_2543,16.0
P_1-1-pt_4262,P_1-1-pt_3512,26.0
P_1-1-pt_4262,P_1-2_671,20.0
P_1-1-pt_4262,P_1-1-pt_1798,26.0
P_1-2_1494,P_1-2_1953,19.0
P_1-2_1494,P_1-3_4025,18.0
P_1-2_1494,P_1-2_4376,18.0
P_1-2_1494,P_1-3_1676,19.0
P_1-2_1494,P_1-2_5765,19.0
P_1-2_1494,P_1-1-pt_1669,24.0
P_1-2_1953,P_1-2_1494,19.0
P_1-2_1953,P_2-1_600,20.0
P_1-2_1953,P_1-2_4376,19.0
P_1-2_1953,P_1-3_1676,19.0
P_1-2_1953,P_1-2_5765,19.0
P_1-2_5752,P_1-2_3821,300.0
P_1-2_5752,P_1-2_2580,300.0
P_1-2_5752,P_1-3_4738,293.0
P_1-2_5752,P_1-2_3464,275.0
P_1-2_5752,P_1-2_2797,270.0
P_1-2_5752,P_1-1-veh_837,270.0
P_1-2_5752,P_2-1_2028,1191.0
P_1-1-veh_65,P_1-3_635,19.0
P_1-1-veh_65,P_2-1_2136,49.0
P_1-1-veh_65,P_1-1-pt_8830,10.0
P_1-1-veh_65,P_1-2_3708,19.0
P_1-1-veh_65,P_1-2_2715,11.0
P_1-1-veh_65,P_1-1-pt_2529,41.0
P_1-1-veh_65,P_1-1-pt_6931,20.0
P_1-1-veh_65,P_1-1-pt_7142,78.0
P_1-1-veh_65,P_1-1-pt_8068,17.0
P_1-2_5210,P_1-2_573,3434.0
P_1-2_5210,P_1-1-pt_5241,11.0
P_1-2_5210,P_1-2_4634,49.0
P_1-2_5210,P_1-3_4775,48.0
P_1-2_5210,P_1-3_2410,24.0
P_1-2_5210,P_1-3_3253,50.0
P_1-2_5210,P_1-3_2018,48.0
P_1-2_5210,P_1-3_2633,55.0
P_1-2_5210,P_1-2_3693,25.0
P_1-2_5210,P_1-3_4954,29.0
P_1-2_5210,P_1-3_4875,42.0
P_1-2_5210,P_1-3_3410,24.0
P_1-2_2061,P_2-1_3058,19.0
P_1-2_2061,P_1-2_3224,19.0
P_1-2_2061,P_1-3_5354,11.0
P_1-2_2061,P_1-1-pt_6516,11.0
P_1-2_2061,P_1-3_4587,11.0
P_1-2_2061,P_1-1-pt_841,42.0
P_1-2_2061,P_1-1-pt_8085,42.0
P_2-1_3058,P_1-2_2061,19.0
P_2-1_3058,P_1-2_3224,18.0
P_2-1_3058,P_1-1-pt_2961,39.0
P_2-1_3058,P_1-3_2180,25.0
P_2-1_3058,P_1-2_2422,11.0
P_2-1_3058,P_2-1_3664,306.0
P_2-1_3058,P_1-1-pt_8968,15.0
P_1-2_3464,P_1-2_3821,288.0
P_1-2_3464,P_1-2_2580,294.0
P_1-2_3464,P_1-3_4738,300.0
P_1-2_3464,P_1-2_5752,275.0
P_1-2_3464,P_1-2_2797,270.0
P_1-2_3464,P_1-1-veh_837,275.0
P_1-2_3464,P_2-1_2028,171.0
P_1-1-pt_8968,P_1-2_5092,13.0
P_1-1-pt_8968,P_1-1-pt_6516,44.0
P_1-1-pt_8968,P_1-1-pt_2961,55.0
P_1-1-pt_8968,P_2-1_3664,18.0
P_1-1-pt_8968,P_2-1_3058,15.0
P_1-2_5092,P_1-1-pt_8968,13.0
P_1-2_5092,P_1-1-veh_824,18.0
P_1-2_5092,P_1-3_5451,54.0
P_1-2_5092,P_1-3_2076,45.0
P_1-2_5092,P_1-2_5020,25.0
P_1-2_5092,P_1-2_3378,50.0
P_1-2_5092,P_1-2_3077,50.0
P_1-2_5092,P_1-3_5354,23.0
P_1-2_5092,P_1-3_4587,22.0
P_1-2_5092,P_1-3_2180,23.0
P_1-3_2323,P_1-3_4168,18.0
P_1-3_2323,P_1-1-pt_7080,11.0
P_1-3_2323,P_1-1-veh_792,50.0
P_1-3_2323,P_1-2_1203,37.0
P_1-3_2323,P_1-3_3494,19.0
P_1-3_2323,P_1-1-pt_6779,27.0
P_1-3_2323,P_1-1-veh_105,21.0
P_1-3_2323,P_1-1-pt_6273,99.0
P_1-3_2323,P_1-2_2554,18.0
P_1-3_2323,P_1-1-pt_7760,22.0
P_1-3_2323,P_1-3_403,25.0
P_1-3_2323,P_1-3_2955,14.0
P_1-3_2323,P_1-1-pt_7142,45.0
P_1-3_4168,P_1-3_2323,18.0
P_1-3_4168,P_1-1-pt_7760,24.0
P_1-3_4168,P_1-1-veh_105,19.0
P_1-3_4168,P_1-2_2554,18.0
P_1-3_4168,P_1-2_1596,172.0
P_1-3_4168,P_1-2_3389,18.0
P_1-3_4168,P_1-1-pt_1714,22.0
P_1-3_4168,P_1-2_4734,50.0
P_1-3_4168,P_1-3_2454,24.0
P_1-3_4168,P_1-2_4206,25.0
P_1-3_4168,P_1-3_1500,25.0
P_1-3_4168,P_1-3_3901,24.0
P_1-3_4168,P_1-2_1420,24.0
P_1-3_4168,P_1-3_228,24.0
P_1-3_4168,P_1-3_3834,25.0
P_1-3_4168,P_1-3_3776,24.0
P_1-3_4168,P_2-1_2161,25.0
P_1-3_4168,P_1-2_3280,24.0
P_1-3_4168,P_1-3_3046,25.0
P_1-3_4168,P_1-3_3457,25.0
P_1-3_4168,P_1-3_2053,24.0
P_1-2_4607,P_2-1_4331,1206.0
P_1-2_4607,P_1-2_2229,336.0
P_1-2_4607,P_1-2_2030,336.0
P_1-2_4607,P_2-1_3376,336.0
P_1-2_4607,P_2-1_6256,336.0
P_1-2_4607,P_1-2_3908,336.0
P_1-2_4607,P_2-1_5435,336.0
P_1-2_4607,P_1-1-pt_7104,299.0
P_1-2_4607,P_1-2_4886,312.0
P_1-2_5745,P_1-3_2599,60.0
P_1-2_5745,P_1-1-pt_498,23.0
P_1-2_5745,P_1-1-pt_1723,23.0
P_1-2_5745,P_1-1-veh_530,18.0
P_1-2_5745,P_1-1-veh_834,24.0
P_1-2_5745,P_1-3_743,48.0
P_1-2_5745,P_1-1-pt_8289,23.0
P_1-2_5745,P_1-1-pt_8735,47.0
P_1-2_5745,P_1-2_4266,49.0
P_1-2_5745,P_1-3_3076,24.0
P_1-2_5745,P_1-2_5753,24.0
P_1-2_5745,P_1-1-pt_182,23.0
P_1-2_5745,P_1-3_4289,24.0
P_1-2_5745,P_1-2_609,44.0
P_1-3_2599,P_1-2_5745,60.0
P_1-3_2599,P_1-1-pt_498,24.0
P_1-3_2599,P_1-1-pt_1723,24.0
P_1-3_2599,P_1-1-veh_530,18.0
P_1-3_2599,P_1-1-veh_834,25.0
P_1-3_2599,P_1-3_743,49.0
P_1-3_2599,P_1-1-pt_8289,23.0
P_1-3_2599,P_1-1-pt_8735,46.0
P_1-3_2599,P_1-2_4266,49.0
P_1-3_2599,P_1-3_3076,25.0
P_1-3_2599,P_1-2_5753,25.0
P_1-3_2599,P_1-1-pt_182,24.0
P_1-3_2599,P_1-3_4289,25.0
P_1-1-pt_2342,P_1-3_5020,24.0
P_1-1-pt_2342,P_2-1_2987,22.0
P_1-1-pt_2342,P_1-1-pt_2425,18.0
P_1-1-pt_2342,P_1-2_1285,22.0
P_1-1-pt_2342,P_2-1_2293,25.0
P_1-1-pt_2342,P_1-2_4715,183.0
P_1-1-pt_2342,P_1-1-pt_3800,26.0
P_1-3_5020,P_1-1-pt_2342,24.0
P_1-3_5020,P_1-3_4253,18.0
P_1-3_5020,P_1-1-pt_7959,10.0
P_1-3_5020,P_2-1_5552,19.0
P_1-3_5020,P_1-1-veh_824,19.0
P_1-3_5020,P_1-3_4291,50.0
P_1-3_5020,P_1-2_2215,49.0
P_1-1-pt_4645,P_1-3_5537,10.0
P_1-1-pt_4645,P_1-2_593,134.0
P_1-1-pt_4645,P_1-2_5943,801.0
P_1-3_5537,P_1-1-pt_4645,10.0
P_1-3_5537,P_1-3_547,18.0
P_1-3_5537,P_1-1-pt_2718,11.0
P_1-3_5537,P_1-3_2881,19.0
P_1-3_5537,P_1-1-veh_603,19.0
P_1-3_5537,P_1-2_1600,19.0
P_1-3_5537,P_1-1-pt_6309,10.0
P_1-3_5537,P_1-1-pt_8692,11.0
P_1-3_5537,P_1-1-veh_459,19.0
P_1-3_5537,P_1-1-pt_8611,10.0
P_1-3_5537,P_1-1-pt_5997,11.0
P_1-3_5537,P_1-1-pt_394,10.0
P_1-3_5537,P_1-1-pt_4541,10.0
P_1-3_5537,P_1-3_4124,18.0
P_1-3_5537,P_1-3_2421,18.0
P_1-3_5537,P_1-1-pt_725,10.0
P_1-2_2797,P_1-2_2580,378.0
P_1-2_2797,P_1-3_4738,294.0
P_1-2_2797,P_1-2_5752,270.0
P_1-2_2797,P_1-2_3464,270.0
P_1-2_2797,P_1-2_3821,366.0
P_1-2_2797,P_1-1-veh_837,264.0
P_1-2_2797,P_2-1_2028,148.0
P_1-1-veh_602,P_1-3_2985,19.0
P_1-1-veh_602,P_1-3_5334,31.0
P_1-1-veh_602,P_1-1-pt_7732,24.0
P_1-1-veh_602,P_1-1-pt_5115,23.0
P_1-3_2985,P_1-1-veh_602,19.0
P_1-3_2985,P_1-3_5334,18.0
P_1-3_2985,P_1-1-pt_7732,24.0
P_1-3_2985,P_1-1-pt_5115,22.0
P_1-3_2985,P_1-2_3386,22.0
P_1-3_2985,P_1-2_3575,24.0
P_1-3_2985,P_1-1-pt_5392,15.0
P_1-1-pt_5241,P_1-3_2018,11.0
P_1-1-pt_5241,P_1-2_5210,11.0
P_1-1-pt_5241,P_1-2_573,10.0
P_1-1-pt_5241,P_1-3_4954,10.0
P_1-1-pt_5241,P_1-3_4875,10.0
P_1-1-pt_5241,P_1-3_3410,34.0
P_1-1-pt_5241,P_1-2_568,1599.0
P_1-1-pt_5241,P_1-2_3693,23.0
P_1-2_4065,P_1-3_809,20.0
P_1-2_4065,P_1-2_960,19.0
P_1-2_4065,P_1-2_1265,18.0
P_1-2_4065,P_1-2_2180,18.0
P_1-3_809,P_1-2_4065,20.0
P_1-3_809,P_1-2_960,19.0
P_1-3_809,P_1-2_1265,18.0
P_1-1-pt_4671,P_1-1-pt_3927,25.0
P_1-1-pt_4671,P_1-1-pt_1298,25.0
P_1-1-pt_4671,P_1-1-pt_3275,27.0
P_1-1-pt_4671,P_1-1-pt_1560,27.0
P_1-1-pt_4671,P_1-1-pt_1966,27.0
P_1-1-pt_4671,P_1-1-pt_5906,27.0
P_1-1-pt_4671,P_1-1-pt_1238,26.0
P_1-1-pt_4671,P_1-1-pt_3916,28.0
P_1-1-pt_4671,P_1-1-pt_1226,26.0
P_1-1-pt_4671,P_1-1-pt_1108,8.0
P_1-1-pt_4671,P_1-1-pt_3409,147.0
P_1-1-pt_4671,P_1-1-pt_3624,25.0
P_1-1-pt_4671,P_1-1-veh_792,52.0
P_1-1-pt_4671,P_2-1_3764,18.0
P_1-1-pt_4671,P_2-1_2925,17.0
P_1-1-pt_4671,P_1-1-pt_1473,31.0
P_1-1-pt_4671,P_1-1-pt_6297,27.0
P_1-1-pt_4671,P_1-1-pt_3769,27.0
P_1-1-pt_4671,P_1-1-pt_6031,27.0
P_1-1-pt_4966,P_1-3_3046,24.0
P_1-1-pt_4966,P_1-3_3457,23.0
P_1-1-pt_4966,P_1-2_5951,24.0
P_1-1-pt_4966,P_1-1-pt_8728,17.0
P_1-1-pt_4966,P_1-3_4690,23.0
P_1-1-pt_4966,P_1-1-pt_8682,149.0
P_1-1-pt_4966,P_2-1_2384,55.0
P_1-1-pt_4966,P_1-2_505,44.0
P_1-1-pt_7760,P_1-3_4168,24.0
P_1-1-pt_7760,P_1-1-pt_7080,25.0
P_1-1-pt_7760,P_1-1-veh_792,24.0
P_1-1-pt_7760,P_1-1-pt_776,27.0
P_1-1-pt_7760,P_1-1-pt_6273,26.0
P_1-1-pt_7760,P_1-3_2323,22.0
P_1-1-pt_7760,P_1-3_3494,66.0
P_1-1-pt_7760,P_1-1-pt_5897,150.0
P_1-2_2180,P_1-2_3879,35.0
P_1-2_2180,P_1-2_4454,19.0
P_1-2_2180,P_2-1_6130,19.0
P_1-2_2180,P_2-1_5067,19.0
P_1-2_2180,P_1-2_4853,19.0
P_1-2_2180,P_1-3_4663,18.0
P_1-2_2180,P_1-2_1658,19.0
P_1-2_2180,P_1-3_4881,18.0
P_1-2_2180,P_1-2_5543,18.0
P_1-2_2180,P_1-3_2773,18.0
P_1-2_2180,P_1-3_4025,18.0
P_1-2_2180,P_1-2_4376,19.0
P_1-2_2180,P_1-3_1676,18.0
P_1-2_2180,P_2-1_600,19.0
P_1-2_2180,P_1-2_5765,19.0
P_1-2_2180,P_1-2_4065,18.0
P_1-2_3879,P_1-2_2180,35.0
P_1-2_3879,P_1-2_4454,18.0
P_1-2_3879,P_2-1_6130,19.0
P_1-2_3879,P_2-1_5067,18.0
P_1-2_3879,P_1-2_4853,15.0
P_1-2_3879,P_1-3_4663,19.0
P_1-2_3879,P_1-2_1658,18.0
P_1-2_3879,P_1-3_4881,19.0
P_1-2_3879,P_2-1_4267,18.0
P_1-2_3879,P_2-1_3390,19.0
P_1-2_3879,P_2-1_1463,38.0
P_1-2_3879,P_2-1_499,39.0
P_1-2_3879,P_2-1_804,37.0
P_1-2_3879,P_2-1_213,18.0
P_1-1-pt_2162,P_1-1-pt_494,4750.0
P_1-1-pt_2162,P_1-1-pt_8247,23.0
P_1-1-pt_2162,P_1-1-pt_3275,18.0
P_1-1-pt_2162,P_1-1-pt_1560,19.0
P_1-1-pt_2162,P_1-1-pt_1966,27.0
P_1-1-pt_2162,P_1-2_2875,31.0
P_1-1-pt_2162,P_1-1-pt_5906,27.0
P_1-1-pt_2162,P_1-1-pt_1238,27.0
P_1-1-pt_2162,P_1-1-pt_3916,27.0
P_1-1-pt_2162,P_1-1-pt_1226,27.0
P_1-1-pt_2162,P_1-1-pt_1108,7.0
P_1-1-pt_2162,P_1-1-pt_3409,50.0
P_1-1-pt_2162,P_2-1_3764,25.0
P_1-1-pt_2162,P_2-1_2925,24.0
P_1-1-pt_2162,P_2-1_63,24.0
P_1-1-pt_2162,P_1-2_1612,25.0
P_1-1-pt_2162,P_1-1-pt_4996,52.0
P_1-1-pt_2162,P_1-1-pt_6453,25.0
P_1-1-pt_2162,P_1-3_3245,23.0
P_1-1-pt_2162,P_1-1-pt_6413,27.0
P_1-1-pt_2162,P_2-1_5419,24.0
P_1-1-pt_2162,P_1-1-pt_8728,25.0
P_1-1-pt_2162,P_1-2_4483,26.0
P_1-2_1559,P_1-2_3693,31.0
P_1-2_1559,P_1-2_1017,26.0
P_1-2_1559,P_1-2_671,92.0
P_1-2_3693,P_1-2_1559,31.0
P_1-2_3693,P_1-2_2034,19.0
P_1-2_3693,P_1-2_2512,19.0
P_1-2_3693,P_1-2_2613,20.0
P_1-2_3693,P_1-1-pt_5392,14.0
P_1-2_3693,P_1-3_2633,9.0
P_1-2_3693,P_1-2_5210,25.0
P_1-2_3693,P_1-2_573,25.0
P_1-2_3693,P_1-3_4954,24.0
P_1-2_3693,P_1-2_1017,25.0
P_1-2_3693,P_1-3_990,6.0
P_1-2_3693,P_1-2_568,37.0
P_1-2_3693,P_1-1-pt_5241,23.0
P_1-2_3693,P_1-1-pt_2952,38.0
P_1-2_3693,P_1-1-veh_5,45.0
P_1-2_1805,P_1-2_5288,18.0
P_1-2_1805,P_2-1_4788,19.0
P_1-2_1805,P_1-3_3132,24.0
P_1-2_5288,P_1-2_1805,18.0
P_1-2_5288,P_1-2_5369,24.0
P_1-2_5288,P_2-1_4267,18.0
P_1-2_5288,P_2-1_3390,19.0
P_1-2_5288,P_2-1_1463,19.0
P_1-2_5288,P_2-1_499,18.0
P_1-2_5288,P_2-1_213,19.0
P_1-2_5288,P_1-3_3132,19.0
P_1-3_2643,P_1-3_3759,18.0
P_1-3_2643,P_1-3_1737,18.0
P_1-3_2643,P_1-2_2512,17.0
P_1-3_2643,P_1-2_2613,18.0
P_1-3_2643,P_1-1-pt_2808,11.0
P_1-3_3759,P_1-3_2643,18.0
P_1-3_3759,P_1-1-pt_2808,5.0
P_1-3_3759,P_1-3_3494,15.0
P_1-3_3759,P_1-3_528,48.0
P_1-3_3759,P_1-1-pt_6931,31.0
P_1-3_3759,P_2-1_4127,36.0
P_1-1-pt_2606,P_1-3_3834,23.0
P_1-1-pt_2606,P_1-1-pt_3067,637.0
P_1-1-pt_2606,P_1-3_528,265.0
P_1-1-pt_2606,P_1-2_303,7.0
P_1-1-pt_2606,P_1-1-pt_6031,27.0
P_1-1-pt_2606,P_1-1-pt_255,27.0
P_1-1-pt_2606,P_1-1-pt_1108,26.0
P_1-1-pt_2606,P_1-1-pt_3769,27.0
P_1-1-pt_2606,P_1-1-pt_8545,25.0
P_1-1-pt_2606,P_1-1-pt_1121,26.0
P_1-1-pt_6453,P_1-2_4940,2202.0
P_1-1-pt_6453,P_1-1-pt_3489,17.0
P_1-1-pt_6453,P_2-1_3764,19.0
P_1-1-pt_6453,P_2-1_2925,26.0
P_1-1-pt_6453,P_1-1-pt_8728,25.0
P_1-1-pt_6453,P_1-1-pt_6413,26.0
P_1-1-pt_6453,P_1-1-pt_2162,25.0
P_1-1-pt_6453,P_1-1-pt_3409,24.0
P_1-1-pt_6453,P_1-1-pt_1270,25.0
P_1-1-pt_6453,P_1-1-pt_7863,25.0
P_1-1-pt_6453,P_1-1-pt_8545,24.0
P_1-1-pt_6453,P_1-1-pt_5193,25.0
P_1-1-pt_6453,P_1-2_1612,75.0
P_1-1-pt_6453,P_1-1-pt_7325,26.0
P_1-1-pt_6453,P_1-1-veh_105,20.0
P_1-1-pt_6453,P_1-2_1203,25.0
P_1-1-pt_6453,P_1-2_2554,11.0
P_1-2_4940,P_1-1-pt_6453,2202.0
P_1-2_4940,P_1-1-pt_3489,22.0
P_1-2_4940,P_2-1_2925,21.0
P_1-2_4940,P_1-1-pt_5666,22.0
P_1-2_4940,P_1-1-pt_4736,18.0
P_1-2_4940,P_1-1-pt_5167,28.0
P_1-2_4940,P_1-1-pt_1747,21.0
P_1-2_4940,P_1-1-pt_3207,21.0
P_1-2_4940,P_1-1-pt_98,21.0
P_1-2_4940,P_1-1-pt_3671,21.0
P_1-2_4940,P_2-1_4267,14.0
P_1-1-pt_560,P_1-3_874,602.0
P_1-1-pt_560,P_1-3_3793,24.0
P_1-3_874,P_1-1-pt_560,602.0
P_1-3_874,P_1-2_4771,55.0
P_1-3_874,P_1-2_4734,50.0
P_1-3_874,P_1-2_4206,48.0
P_1-3_874,P_1-3_1500,48.0
P_1-3_874,P_1-3_3901,48.0
P_1-3_874,P_1-2_1420,48.0
P_1-3_874,P_1-3_228,48.0
P_1-3_874,P_1-3_3776,73.0
P_1-3_874,P_2-1_2161,75.0
P_1-3_874,P_1-3_2454,24.0
P_1-3_874,P_1-3_3834,48.0
P_1-3_874,P_1-2_3280,5.0
P_1-3_874,P_1-1-pt_1714,10.0
P_1-3_874,P_1-2_2287,19.0
P_1-3_874,P_1-2_3081,19.0
P_1-3_874,P_1-2_5951,18.0
P_1-1-pt_98,P_1-1-pt_5167,281.0
P_1-1-pt_98,P_1-1-pt_1747,303.0
P_1-1-pt_98,P_1-1-pt_3671,744.0
P_1-1-pt_98,P_1-1-pt_1497,319.0
P_1-1-pt_98,P_1-1-pt_6743,26.0
P_1-1-pt_98,P_1-1-pt_6974,971.0
P_1-1-pt_98,P_1-1-pt_3858,138.0
P_1-1-pt_98,P_2-1_3764,9.0
P_1-1-pt_98,P_1-1-pt_2880,64.0
P_1-1-pt_98,P_1-1-pt_521,515.0
P_1-1-pt_98,P_1-1-pt_3207,515.0
P_1-1-pt_98,P_1-1-pt_4736,29.0
P_1-1-pt_98,P_1-1-pt_2920,26.0
P_1-1-pt_98,P_1-2_4940,21.0
P_1-1-pt_98,P_1-1-veh_610,16.0
P_1-1-pt_98,P_1-1-pt_7915,319.0
P_1-1-pt_98,P_1-1-pt_5999,18.0
P_1-1-pt_98,P_1-1-pt_2013,244.0
P_1-1-pt_98,P_1-2_303,15.0
P_1-1-pt_98,P_1-2_5543,19.0
P_1-1-pt_3230,P_1-1-pt_571,5942.0
P_1-1-pt_3230,P_1-1-pt_2503,16.0
P_1-1-pt_3230,P_1-1-pt_3409,24.0
P_1-1-pt_3230,P_1-1-pt_2369,91.0
P_1-1-pt_3230,P_1-1-pt_521,52.0
P_1-1-pt_3230,P_1-1-pt_8280,52.0
P_1-1-pt_3230,P_1-1-pt_3207,26.0
P_1-1-pt_3230,P_1-1-pt_5666,50.0
P_1-1-pt_3230,P_1-1-pt_8728,24.0
P_1-1-pt_3230,P_1-1-pt_7208,30.0
P_1-1-pt_3230,P_1-2_250,23.0
P_1-1-pt_3230,P_1-1-pt_4736,30.0
P_1-1-pt_3230,P_1-1-pt_2880,24.0
P_1-1-pt_3230,P_1-1-pt_6743,25.0
P_1-1-pt_571,P_1-1-pt_3230,5942.0
P_1-1-pt_571,P_1-1-pt_2503,16.0
P_1-1-pt_571,P_1-1-pt_3409,19.0
P_1-1-pt_571,P_1-1-pt_2369,97.0
P_1-1-pt_571,P_1-1-pt_521,52.0
P_1-1-pt_571,P_1-1-pt_8280,54.0
P_1-1-pt_571,P_1-1-pt_3207,26.0
P_1-1-pt_571,P_1-1-pt_5666,49.0
P_1-1-pt_571,P_1-1-pt_8728,24.0
P_1-1-pt_571,P_1-1-pt_7208,29.0
P_1-1-pt_571,P_1-2_250,23.0
P_1-1-pt_571,P_1-1-pt_4736,29.0
P_1-1-pt_571,P_1-1-pt_2880,25.0
P_1-1-pt_571,P_1-1-pt_6743,25.0
P_1-1-pt_7104,P_1-2_2229,2439.0
P_1-1-pt_7104,P_1-2_4886,1578.0
P_1-1-pt_7104,P_1-2_2030,323.0
P_1-1-pt_7104,P_2-1_3376,1288.0
P_1-1-pt_7104,P_2-1_6256,300.0
P_1-1-pt_7104,P_1-2_3908,313.0
P_1-1-pt_7104,P_2-1_5435,299.0
P_1-1-pt_7104,P_1-2_4607,299.0
P_1-1-pt_7104,P_2-1_4331,308.0
P_1-2_4886,P_1-1-pt_7104,1578.0
P_1-2_4886,P_1-2_2229,469.0
P_1-2_4886,P_1-2_2030,336.0
P_1-2_4886,P_2-1_3376,336.0
P_1-2_4886,P_2-1_6256,336.0
P_1-2_4886,P_1-2_3908,336.0
P_1-2_4886,P_2-1_5435,336.0
P_1-2_4886,P_1-2_4607,312.0
P_1-2_4886,P_2-1_4331,318.0
P_1-1-pt_3067,P_1-1-veh_234,3.0
P_1-1-pt_3067,P_1-1-pt_2606,637.0
P_1-1-pt_3067,P_1-3_528,23.0
P_1-1-pt_3067,P_1-1-pt_761,64.0
P_1-1-pt_3067,P_1-1-pt_3097,53.0
P_1-1-pt_3067,P_1-1-pt_2834,26.0
P_1-1-pt_3067,P_1-1-pt_6297,71.0
P_1-1-pt_3067,P_1-1-pt_5199,53.0
P_1-1-pt_3067,P_1-1-pt_6931,42.0
P_1-1-pt_3067,P_1-1-pt_4996,27.0
P_1-1-pt_2013,P_1-1-pt_4879,258.0
P_1-1-pt_2013,P_1-1-pt_3409,148.0
P_1-1-pt_2013,P_1-1-pt_3858,25.0
P_1-1-pt_2013,P_1-1-pt_297,33.0
P_1-1-pt_2013,P_1-1-pt_8728,17.0
P_1-1-pt_2013,P_1-2_4483,28.0
P_1-1-pt_2013,P_1-1-pt_7573,114.0
P_1-1-pt_2013,P_1-1-pt_2369,23.0
P_1-1-pt_2013,P_1-1-pt_521,31.0
P_1-1-pt_2013,P_1-1-pt_5167,122.0
P_1-1-pt_2013,P_1-1-pt_1747,25.0
P_1-1-pt_2013,P_1-1-pt_98,244.0
P_1-1-pt_2013,P_1-1-pt_6974,24.0
P_1-1-pt_2013,P_1-1-pt_3671,26.0
P_1-1-pt_2013,P_1-1-pt_3207,26.0
P_1-1-pt_2013,P_1-1-pt_1497,27.0
P_1-1-pt_2013,P_1-3_1945,22.0
P_2-1_2384,P_1-1-pt_7123,18.0
P_2-1_2384,P_1-1-pt_7040,10.0
P_2-1_2384,P_1-3_4644,18.0
P_2-1_2384,P_1-1-pt_7573,23.0
P_2-1_2384,P_1-1-pt_2529,21.0
P_2-1_2384,P_1-1-pt_4901,42.0
P_2-1_2384,P_1-1-pt_8068,17.0
P_2-1_2384,P_1-2_505,713.0
P_2-1_2384,P_1-1-pt_4966,55.0
P_1-1-pt_7440,P_1-2_4249,680.0
P_1-1-pt_7440,P_1-1-pt_6673,25.0
P_1-1-pt_7440,P_1-1-pt_5139,41.0
P_1-1-pt_7440,P_1-1-pt_4380,24.0
P_1-1-pt_7440,P_1-1-pt_2863,18.0
P_1-2_4249,P_1-1-pt_7440,680.0
P_1-2_4249,P_1-3_1945,19.0
P_1-2_4249,P_1-2_3702,19.0
P_1-2_4249,P_1-2_848,20.0
P_1-2_4249,P_1-1-pt_8611,24.0
P_1-2_4249,P_1-3_2424,341.0
P_1-2_5369,P_1-2_5288,24.0
P_1-2_5369,P_2-1_1609,97.0
P_1-1-pt_3207,P_1-1-pt_5167,138.0
P_1-1-pt_3207,P_1-1-pt_1747,133.0
P_1-1-pt_3207,P_1-1-pt_3671,136.0
P_1-1-pt_3207,P_1-1-pt_2369,26.0
P_1-1-pt_3207,P_1-1-pt_6743,80.0
P_1-1-pt_3207,P_1-1-pt_2880,114.0
P_1-1-pt_3207,P_1-1-pt_521,125.0
P_1-1-pt_3207,P_1-1-pt_8280,105.0
P_1-1-pt_3207,P_1-1-pt_5666,741.0
P_1-1-pt_3207,P_1-1-pt_571,26.0
P_1-1-pt_3207,P_1-1-pt_3230,26.0
P_1-1-pt_3207,P_1-1-pt_4879,62.0
P_1-1-pt_3207,P_1-1-pt_1497,3.0
P_1-1-pt_3207,P_1-1-pt_6974,135.0
P_1-1-pt_3207,P_1-1-pt_98,515.0
P_1-1-pt_3207,P_1-1-pt_4736,64.0
P_1-1-pt_3207,P_1-1-pt_2920,26.0
P_1-1-pt_3207,P_1-2_4940,21.0
P_1-1-pt_3207,P_1-1-veh_610,24.0
P_1-1-pt_3207,P_1-1-veh_767,214.0
P_1-1-pt_3207,P_1-1-pt_2013,26.0
P_1-1-pt_3207,P_1-1-pt_3858,27.0
P_1-1-pt_3207,P_1-2_303,25.0
P_1-3_234,P_1-3_4663,18.0
P_1-3_234,P_1-2_1658,19.0
P_1-3_234,P_1-3_4881,18.0
P_1-3_234,P_1-3_28,18.0
P_1-3_234,P_2-1_4267,18.0
P_1-3_234,P_2-1_3390,19.0
P_1-3_234,P_2-1_1463,35.0
P_1-3_234,P_2-1_499,19.0
P_1-3_234,P_2-1_804,18.0
P_1-3_234,P_2-1_213,18.0
P_1-3_4663,P_1-3_234,18.0
P_1-3_4663,P_1-3_268,19.0
P_1-3_4663,P_1-2_2180,18.0
P_1-3_4663,P_1-2_3879,19.0
P_1-3_4663,P_1-3_4262,19.0
P_1-3_4663,P_1-3_5144,20.0
P_1-3_4663,P_1-3_2786,19.0
P_1-1-pt_3489,P_1-2_4940,22.0
P_1-1-pt_3489,P_1-1-pt_6453,17.0
P_1-1-pt_3489,P_1-1-pt_1329,79.0
P_1-1-pt_3489,P_2-1_5419,23.0
P_1-1-pt_5481,P_1-2_4724,627.0
P_1-1-pt_5481,P_1-2_593,45.0
P_1-2_4724,P_1-1-pt_5481,627.0
P_1-2_4724,P_1-3_4822,609.0
P_1-2_3608,P_1-3_743,18.0
P_1-2_3608,P_1-1-pt_1173,49.0
P_1-3_743,P_1-2_3608,18.0
P_1-3_743,P_1-1-veh_246,19.0
P_1-3_743,P_1-1-pt_1173,11.0
P_1-3_743,P_1-1-pt_6292,10.0
P_1-3_743,P_1-1-pt_498,24.0
P_1-3_743,P_1-1-pt_1723,390.0
P_1-3_743,P_1-2_5428,19.0
P_1-3_743,P_1-1-veh_834,49.0
P_1-3_743,P_1-3_2599,49.0
P_1-3_743,P_1-2_5745,48.0
P_1-3_743,P_1-1-pt_8289,47.0
P_1-3_743,P_1-1-pt_8735,47.0
P_1-3_743,P_1-2_4266,49.0
P_1-3_743,P_1-3_3076,49.0
P_1-3_743,P_1-1-pt_182,46.0
P_1-3_743,P_1-3_4289,48.0
P_1-3_743,P_1-1-pt_8184,4.0
P_1-3_743,P_1-2_5753,24.0
P_1-1-pt_1037,P_1-1-pt_5324,5830.0
P_1-1-pt_1037,P_1-3_5334,26.0
P_1-1-pt_1037,P_1-1-pt_3927,19.0
P_1-1-pt_1037,P_1-2_2345,24.0
P_1-1-pt_5324,P_1-1-pt_1037,5830.0
P_1-1-pt_5324,P_1-3_5334,23.0
P_1-1-pt_5324,P_1-1-pt_3927,19.0
P_1-1-pt_5324,P_1-2_2345,24.0
P_1-3_4253,P_1-3_5020,18.0
P_1-3_4253,P_1-1-pt_6381,11.0
P_1-3_4253,P_1-1-pt_7959,76.0
P_1-3_4253,P_1-1-pt_7277,10.0
P_1-3_4253,P_2-1_2293,18.0
P_1-3_4253,P_1-2_163,19.0
P_2-1_2045,P_1-3_2018,12.0
P_2-1_2045,P_1-2_5640,19.0
P_2-1_2045,P_1-2_568,19.0
P_2-1_2045,P_1-2_2345,48.0
P_2-1_2045,P_1-1-pt_1298,3.0
P_1-3_5334,P_1-3_2985,18.0
P_1-3_5334,P_1-2_1990,19.0
P_1-3_5334,P_1-1-veh_602,31.0
P_1-3_5334,P_1-3_3755,24.0
P_1-3_5334,P_1-1-pt_5115,22.0
P_1-3_5334,P_1-1-pt_6368,9.0
P_1-3_5334,P_1-1-pt_1306,9.0
P_1-3_5334,P_1-2_3052,33.0
P_1-3_5334,P_1-2_3413,47.0
P_1-3_5334,P_1-1-pt_1037,26.0
P_1-3_5334,P_1-1-pt_5324,23.0
P_1-1-pt_6538,P_1-3_17,35.0
P_1-1-pt_6538,P_1-1-pt_7142,658.0
P_1-1-pt_6538,P_1-1-veh_105,10.0
P_1-1-pt_6538,P_1-3_1785,10.0
P_1-1-pt_6538,P_1-2_2554,10.0
P_1-1-pt_6538,P_1-2_3280,10.0
P_1-1-pt_6538,P_1-3_3046,10.0
P_1-1-pt_6538,P_1-3_3457,10.0
P_1-1-pt_6538,P_1-1-veh_234,23.0
P_1-1-pt_6538,P_1-3_2053,10.0
P_1-1-pt_6538,P_1-2_5951,10.0
P_1-1-pt_6538,P_1-1-pt_5078,25.0
P_1-1-pt_6538,P_1-3_4690,11.0
P_1-1-pt_6538,P_1-1-pt_761,24.0
P_1-3_17,P_1-1-pt_6538,35.0
P_1-3_17,P_1-2_3488,25.0
P_1-3_17,P_1-2_4464,22.0
P_1-3_17,P_1-3_3579,23.0
P_1-3_4644,P_2-1_2384,18.0
P_1-3_4644,P_2-1_1248,18.0
P_1-3_4644,P_1-2_5518,19.0
P_1-3_4644,P_1-2_1063,19.0
P_1-1-pt_7959,P_1-3_5020,10.0
P_1-1-pt_7959,P_1-3_4253,76.0
P_1-1-pt_7959,P_2-1_2293,10.0
P_1-1-pt_7959,P_1-1-pt_1669,16.0
P_1-1-pt_7959,P_1-2_163,12.0
P_1-2_163,P_1-2_5927,19.0
P_1-2_163,P_1-2_752,18.0
P_1-2_163,P_1-3_3339,19.0
P_1-2_163,P_1-1-pt_5258,23.0
P_1-2_163,P_1-3_4253,19.0
P_1-2_163,P_1-1-pt_7959,12.0
P_1-2_163,P_2-1_5841,20.0
P_1-2_5927,P_1-2_163,19.0
P_1-2_5927,P_1-2_5020,24.0
P_1-3_4025,P_1-2_1494,18.0
P_1-3_4025,P_2-1_600,19.0
P_1-3_4025,P_1-2_2180,18.0
P_1-3_4025,P_1-3_4262,18.0
P_1-3_4025,P_1-3_5144,16.0
P_1-3_4025,P_1-3_2786,19.0
P_1-3_4025,P_1-3_5475,20.0
P_1-2_5753,P_1-1-pt_8289,117.0
P_1-2_5753,P_1-1-veh_834,104.0
P_1-2_5753,P_1-1-veh_530,27.0
P_1-2_5753,P_1-3_2599,25.0
P_1-2_5753,P_1-2_5745,24.0
P_1-2_5753,P_1-1-pt_8735,24.0
P_1-2_5753,P_1-2_4266,25.0
P_1-2_5753,P_1-3_3076,25.0
P_1-2_5753,P_1-1-pt_182,23.0
P_1-2_5753,P_1-3_4289,24.0
P_1-2_5753,P_1-1-pt_8184,16.0
P_1-2_5753,P_1-3_743,24.0
P_1-1-pt_527,P_1-2_3052,25.0
P_1-1-pt_527,P_1-2_4962,2105.0
P_1-2_3052,P_1-1-pt_527,25.0
P_1-2_3052,P_1-1-pt_4595,22.0
P_1-2_3052,P_1-1-pt_8545,22.0
P_1-2_3052,P_1-1-pt_1306,113.0
P_1-2_3052,P_1-2_4208,25.0
P_1-2_3052,P_1-3_3755,24.0
P_1-2_3052,P_1-3_5334,33.0
P_1-2_3052,P_1-1-pt_3927,30.0
P_1-1-veh_837,P_1-3_4738,5568.0
P_1-1-veh_837,P_1-2_5752,270.0
P_1-1-veh_837,P_1-2_3464,275.0
P_1-1-veh_837,P_1-2_3821,271.0
P_1-1-veh_837,P_1-2_2797,264.0
P_1-1-veh_837,P_1-2_2580,265.0
P_1-1-veh_837,P_2-1_2028,149.0
P_1-2_4454,P_1-2_2180,19.0
P_1-2_4454,P_1-2_3879,18.0
P_1-2_4454,P_1-2_1612,21.0
P_1-2_4454,P_1-1-pt_6355,10.0
P_1-2_4454,P_1-1-pt_7938,24.0
P_1-2_4454,P_1-1-pt_3931,24.0
P_1-2_4454,P_1-1-pt_3353,25.0
P_1-1-veh_824,P_1-2_1285,24.0
P_1-1-veh_824,P_1-2_5092,18.0
P_1-1-veh_824,P_1-3_5451,18.0
P_1-1-veh_824,P_1-3_1140,17.0
P_1-1-veh_824,P_1-3_5020,19.0
P_1-1-veh_824,P_1-1-pt_6381,38.0
P_1-1-veh_824,P_1-1-pt_7277,12.0
P_1-1-veh_824,P_2-1_2293,20.0
P_1-2_1285,P_1-1-veh_824,24.0
P_1-2_1285,P_1-1-pt_2425,3646.0
P_1-2_1285,P_1-1-pt_2342,22.0
P_1-2_1285,P_1-1-pt_841,45.0
P_1-2_1285,P_2-1_2911,589.0
P_1-2_1285,P_1-1-pt_1601,23.0
P_1-2_1658,P_1-3_234,19.0
P_1-2_1658,P_1-3_268,18.0
P_1-2_1658,P_1-2_2180,19.0
P_1-2_1658,P_1-2_3879,18.0
P_1-2_1658,P_1-3_4262,15.0
P_1-2_1658,P_1-3_5144,18.0
P_1-2_1658,P_1-3_2786,18.0
P_1-2_1658,P_1-3_5475,38.0
P_1-2_1658,P_1-1-pt_2863,21.0
P_1-2_1658,P_1-1-pt_3353,20.0
P_1-2_1990,P_1-3_5334,19.0
P_1-2_1990,P_1-1-pt_7732,23.0
P_1-2_1990,P_1-1-pt_5115,23.0
P_1-2_1990,P_1-2_3386,11.0
P_1-2_1990,P_1-2_3575,24.0
P_1-1-pt_7573,P_1-2_3708,5.0
P_1-1-pt_7573,P_1-2_6013,24.0
P_1-1-pt_7573,P_2-1_2384,23.0
P_1-1-pt_7573,P_1-1-pt_6176,26.0
P_1-1-pt_7573,P_1-1-pt_297,102.0
P_1-1-pt_7573,P_1-1-pt_8728,8.0
P_1-1-pt_7573,P_1-2_4483,17.0
P_1-1-pt_7573,P_1-1-pt_2013,114.0
P_1-1-pt_7573,P_1-1-pt_2369,26.0
P_1-1-pt_7573,P_1-1-pt_3671,336.0
P_1-1-pt_7573,P_1-1-pt_521,27.0
P_1-1-pt_7573,P_1-1-pt_6974,27.0
P_1-1-pt_7573,P_1-1-pt_5167,29.0
P_1-1-pt_7573,P_1-1-pt_1747,28.0
P_1-2_3708,P_1-1-pt_7573,5.0
P_1-2_3708,P_1-3_635,18.0
P_1-2_3708,P_2-1_2136,18.0
P_1-2_3708,P_1-1-veh_65,19.0
P_1-2_3708,P_2-1_4127,18.0
P_1-2_3708,P_1-2_168,24.0
P_1-2_1612,P_2-1_63,786.0
P_1-2_1612,P_1-2_4454,21.0
P_1-2_1612,P_1-1-pt_6743,23.0
P_1-2_1612,P_1-1-pt_3858,35.0
P_1-2_1612,P_1-1-pt_4879,22.0
P_1-2_1612,P_1-1-pt_8728,14.0
P_1-2_1612,P_1-1-pt_6413,25.0
P_1-2_1612,P_1-1-pt_494,25.0
P_1-2_1612,P_1-1-pt_2162,25.0
P_1-2_1612,P_1-1-pt_3409,28.0
P_1-2_1612,P_1-1-pt_1270,16.0
P_1-2_1612,P_1-1-pt_1473,44.0
P_1-2_1612,P_1-1-pt_7863,16.0
P_1-2_1612,P_1-1-pt_8545,36.0
P_1-2_1612,P_1-1-pt_5193,35.0
P_1-2_1612,P_1-1-pt_6453,75.0
P_1-2_1612,P_1-1-pt_7325,15.0
P_2-1_63,P_1-2_1612,786.0
P_2-1_63,P_1-1-pt_6743,23.0
P_2-1_63,P_1-1-pt_3858,0.0
P_2-1_63,P_1-1-pt_4879,46.0
P_2-1_63,P_1-1-pt_8728,17.0
P_2-1_63,P_1-1-pt_6413,26.0
P_2-1_63,P_1-1-pt_494,25.0
P_2-1_63,P_1-1-pt_2162,24.0
P_2-1_63,P_1-1-pt_3409,38.0
P_2-1_63,P_1-1-pt_1270,16.0
P_2-1_63,P_1-1-pt_1473,42.0
P_2-1_63,P_1-1-pt_7863,17.0
P_2-1_63,P_1-1-pt_8545,32.0
P_2-1_63,P_1-1-pt_5193,34.0
P_2-1_63,P_1-1-pt_7325,16.0
P_1-1-pt_7080,P_1-3_2323,11.0
P_1-1-pt_7080,P_1-1-pt_7760,25.0
P_1-1-pt_7080,P_1-2_4464,44.0
P_1-1-pt_7080,P_1-3_3579,11.0
P_1-1-pt_7080,P_1-1-veh_105,10.0
P_1-1-pt_7080,P_1-2_2554,10.0
P_1-1-pt_7080,P_1-2_5951,10.0
P_1-1-pt_7080,P_1-3_4690,9.0
P_1-1-pt_7080,P_1-1-veh_234,52.0
P_1-1-pt_7080,P_1-1-pt_8682,25.0
P_1-1-pt_7080,P_1-1-pt_5078,48.0
P_1-1-pt_7080,P_1-2_3389,24.0
P_1-2_3702,P_1-3_1945,15.0
P_1-2_3702,P_1-3_2221,18.0
P_1-2_3702,P_1-3_2280,19.0
P_1-2_3702,P_1-2_4249,19.0
P_1-2_3702,P_1-1-pt_5139,40.0
P_1-2_3702,P_1-1-pt_4380,676.0
P_1-2_3702,P_1-1-pt_6673,27.0
P_1-2_3702,P_2-1_1724,33.0
P_1-2_3702,P_1-1-pt_1006,48.0
P_1-3_1945,P_1-2_3702,15.0
P_1-3_1945,P_1-3_2221,18.0
P_1-3_1945,P_1-3_2280,18.0
P_1-3_1945,P_1-2_4249,19.0
P_1-3_1945,P_1-1-pt_5139,53.0
P_1-3_1945,P_1-1-pt_6673,34.0
P_1-3_1945,P_1-1-pt_2920,10.0
P_1-3_1945,P_1-1-pt_1497,56.0
P_1-3_1945,P_1-1-pt_2013,22.0
P_1-1-pt_2920,P_1-3_2053,10.0
P_1-1-pt_2920,P_2-1_3764,14.0
P_1-1-pt_2920,P_1-1-pt_521,27.0
P_1-1-pt_2920,P_1-1-pt_5666,28.0
P_1-1-pt_2920,P_1-1-pt_6974,107.0
P_1-1-pt_2920,P_1-1-pt_4736,28.0
P_1-1-pt_2920,P_1-1-pt_5167,27.0
P_1-1-pt_2920,P_1-1-pt_1747,27.0
P_1-1-pt_2920,P_1-1-pt_98,26.0
P_1-1-pt_2920,P_1-1-pt_3207,26.0
P_1-1-pt_2920,P_1-1-pt_3671,26.0
P_1-1-pt_2920,P_1-1-pt_1497,25.0
P_1-1-pt_2920,P_1-1-pt_6673,24.0
P_1-1-pt_2920,P_1-3_1945,10.0
P_1-1-pt_2920,P_1-3_1027,10.0
P_1-1-pt_2920,P_2-1_1724,11.0
P_1-3_2053,P_1-1-pt_2920,10.0
P_1-3_2053,P_1-1-pt_6538,10.0
P_1-3_2053,P_1-1-pt_776,24.0
P_1-3_2053,P_1-1-pt_8682,10.0
P_1-3_2053,P_1-2_1596,19.0
P_1-3_2053,P_1-1-veh_234,18.0
P_1-3_2053,P_1-2_3389,18.0
P_1-3_2053,P_1-1-pt_1714,23.0
P_1-3_2053,P_1-2_4734,1332.0
P_1-3_2053,P_1-3_2454,24.0
P_1-3_2053,P_1-2_4206,24.0
P_1-3_2053,P_1-3_1500,24.0
P_1-3_2053,P_1-3_3901,24.0
P_1-3_2053,P_1-2_1420,24.0
P_1-3_2053,P_1-3_228,25.0
P_1-3_2053,P_1-3_3834,24.0
P_1-3_2053,P_1-3_3776,24.0
P_1-3_2053,P_2-1_2161,24.0
P_1-3_2053,P_1-2_3280,24.0
P_1-3_2053,P_1-3_3046,24.0
P_1-3_2053,P_1-3_3457,24.0
P_1-3_2053,P_1-3_4168,24.0
P_1-3_4881,P_1-3_234,18.0
P_1-3_4881,P_1-3_268,19.0
P_1-3_4881,P_1-2_2180,18.0
P_1-3_4881,P_1-2_3879,19.0
P_1-3_4881,P_1-3_4262,19.0
P_1-3_4881,P_1-3_5144,37.0
P_1-3_4881,P_1-3_2786,18.0
P_1-3_4881,P_1-3_5475,19.0
P_1-2_4329,P_1-3_1027,15.0
P_1-2_4329,P_1-1-pt_2431,46.0
P_1-2_4329,P_1-2_4609,143.0
P_1-2_4329,P_1-1-pt_1167,46.0
P_1-2_4329,P_1-1-pt_3931,82.0
P_1-3_1027,P_1-2_4329,15.0
P_1-3_1027,P_1-2_3590,19.0
P_1-3_1027,P_1-3_2424,18.0
P_1-3_1027,P_1-1-pt_5139,45.0
P_1-3_1027,P_1-1-pt_2920,10.0
P_1-3_1027,P_1-1-pt_6673,10.0
P_1-1-pt_8280,P_1-1-pt_6743,78.0
P_1-1-pt_8280,P_1-1-pt_2880,78.0
P_1-1-pt_8280,P_1-1-pt_521,106.0
P_1-1-pt_8280,P_1-1-pt_3207,105.0
P_1-1-pt_8280,P_1-1-pt_571,54.0
P_1-1-pt_8280,P_1-1-pt_3230,52.0
P_1-1-pt_8280,P_1-1-pt_5666,50.0
P_1-1-pt_8280,P_1-1-veh_610,23.0
P_1-1-pt_8280,P_1-1-pt_2369,32.0
P_1-1-pt_8280,P_1-1-veh_767,23.0
P_1-1-pt_8280,P_1-2_303,20.0
P_1-1-pt_8280,P_1-1-pt_4736,28.0
P_1-1-pt_6381,P_2-1_6236,10.0
P_1-1-pt_6381,P_2-1_2911,10.0
P_1-1-pt_6381,P_1-3_4253,11.0
P_1-1-pt_6381,P_2-1_5552,11.0
P_1-1-pt_6381,P_2-1_5841,11.0
P_1-1-pt_6381,P_1-1-veh_824,38.0
P_1-1-pt_6381,P_1-1-pt_7277,25.0
P_1-1-pt_6381,P_2-1_2293,28.0
P_1-1-pt_6381,P_1-1-pt_1669,25.0
P_2-1_6236,P_1-1-pt_6381,10.0
P_2-1_6236,P_2-1_5799,19.0
P_2-1_6236,P_1-2_4609,26.0
P_2-1_6236,P_1-2_2338,18.0
P_2-1_6236,P_1-1-pt_2431,25.0
P_1-2_250,P_1-3_4262,19.0
P_1-2_250,P_1-1-pt_1006,10.0
P_1-2_250,P_1-1-pt_5139,26.0
P_1-2_250,P_1-3_2786,18.0
P_1-2_250,P_1-1-pt_2880,18.0
P_1-2_250,P_2-1_5419,105.0
P_1-2_250,P_1-1-pt_3858,17.0
P_1-2_250,P_1-1-pt_4736,39.0
P_1-2_250,P_1-1-pt_7208,20.0
P_1-2_250,P_1-1-pt_571,23.0
P_1-2_250,P_1-1-pt_3230,23.0
P_1-2_250,P_1-1-pt_2297,22.0
P_1-3_4262,P_1-2_250,19.0
P_1-3_4262,P_2-1_5067,19.0
P_1-3_4262,P_1-2_4853,18.0
P_1-3_4262,P_1-3_4663,19.0
P_1-3_4262,P_1-2_1658,15.0
P_1-3_4262,P_1-3_4881,19.0
P_1-3_4262,P_1-2_5543,18.0
P_1-3_4262,P_1-3_4025,18.0
P_1-3_4262,P_2-1_4267,19.0
P_1-3_4262,P_2-1_3390,19.0
P_1-3_4262,P_1-3_1676,10.0
P_1-3_4262,P_2-1_1463,17.0
P_1-3_4262,P_2-1_499,18.0
P_1-3_4262,P_2-1_804,18.0
P_1-3_4262,P_2-1_213,19.0
P_1-2_3590,P_1-3_2221,16.0
P_1-2_3590,P_1-3_1027,19.0
P_1-2_3590,P_1-1-pt_2431,10.0
P_1-2_3590,P_1-1-pt_3931,23.0
P_1-2_3590,P_1-1-pt_3353,25.0
P_1-1-pt_7732,P_1-3_2985,24.0
P_1-1-pt_7732,P_1-2_1990,23.0
P_1-1-pt_7732,P_1-1-veh_602,24.0
P_1-1-pt_7732,P_1-2_4208,24.0
P_1-1-pt_7732,P_1-2_2345,24.0
P_1-1-pt_7732,P_1-2_263,24.0
P_1-1-pt_7732,P_1-1-pt_5298,17.0
P_1-1-pt_7732,P_1-1-pt_1560,32.0
P_1-3_2421,P_1-3_4124,37.0
P_1-3_2421,P_1-2_5252,19.0
P_1-3_2421,P_1-3_5117,18.0
P_1-3_2421,P_1-2_171,3.0
P_1-3_2421,P_1-2_4285,21.0
P_1-3_2421,P_1-2_2183,18.0
P_1-3_2421,P_1-3_5537,18.0
P_1-3_4124,P_1-3_2421,37.0
P_1-3_4124,P_1-2_5252,18.0
P_1-3_4124,P_1-2_171,22.0
P_1-3_4124,P_1-3_5117,19.0
P_1-3_4124,P_1-2_4285,25.0
P_1-3_4124,P_1-2_2183,18.0
P_1-3_4124,P_1-3_5537,18.0
P_1-1-veh_792,P_1-3_2323,50.0
P_1-1-veh_792,P_1-1-pt_7760,24.0
P_1-1-veh_792,P_1-1-pt_7763,10.0
P_1-1-veh_792,P_1-3_528,19.0
P_1-1-veh_792,P_1-1-pt_5906,21.0
P_1-1-veh_792,P_1-1-pt_1238,22.0
P_1-1-veh_792,P_1-1-pt_3916,13.0
P_1-1-veh_792,P_1-1-pt_1108,25.0
P_1-1-veh_792,P_1-1-pt_5897,79.0
P_1-1-veh_792,P_1-1-pt_3769,76.0
P_1-1-veh_792,P_1-1-pt_4671,52.0
P_1-1-veh_792,P_1-1-pt_1270,80.0
P_1-1-veh_792,P_1-1-pt_4919,48.0
P_1-1-veh_792,P_1-1-pt_1304,44.0
P_1-1-veh_792,P_1-1-pt_7863,57.0
P_1-1-veh_792,P_1-1-pt_8545,25.0
P_1-1-veh_792,P_1-1-pt_5193,24.0
P_1-2_3716,P_1-2_4327,628.0
P_1-2_3716,P_1-2_4098,2009.0
P_1-2_4327,P_1-2_3716,628.0
P_1-2_4327,P_1-3_4822,2.0
P_1-2_4327,P_1-2_4270,18.0
P_1-1-pt_1306,P_1-2_3413,2007.0
P_1-1-pt_1306,P_1-1-pt_6368,71.0
P_1-1-pt_1306,P_1-2_3052,113.0
P_1-1-pt_1306,P_1-2_4208,49.0
P_1-1-pt_1306,P_1-3_3755,50.0
P_1-1-pt_1306,P_1-3_5334,9.0
P_1-1-pt_1306,P_1-1-pt_3927,9.0
P_1-2_3413,P_1-1-pt_1306,2007.0
P_1-2_3413,P_1-3_5334,47.0
P_1-2_3413,P_1-1-pt_3927,47.0
P_1-2_3413,P_1-2_2345,9.0
P_1-2_4206,P_1-2_4734,96.0
P_1-2_4206,P_1-3_1500,98.0
P_1-2_4206,P_1-3_3901,96.0
P_1-2_4206,P_1-2_1420,100.0
P_1-2_4206,P_1-3_228,97.0
P_1-2_4206,P_1-3_3776,100.0
P_1-2_4206,P_2-1_2161,96.0
P_1-2_4206,P_1-3_874,48.0
P_1-2_4206,P_1-3_2454,49.0
P_1-2_4206,P_1-3_3834,49.0
P_1-2_4206,P_1-2_3280,50.0
P_1-2_4206,P_1-3_3046,49.0
P_1-2_4206,P_1-3_3457,48.0
P_1-2_4206,P_1-3_4168,25.0
P_1-2_4206,P_1-3_2053,24.0
P_1-2_4734,P_1-2_4206,96.0
P_1-2_4734,P_1-3_1500,98.0
P_1-2_4734,P_1-3_3901,98.0
P_1-2_4734,P_1-2_1420,100.0
P_1-2_4734,P_1-3_228,96.0
P_1-2_4734,P_1-3_3776,99.0
P_1-2_4734,P_2-1_2161,96.0
P_1-2_4734,P_1-3_874,50.0
P_1-2_4734,P_1-3_2454,48.0
P_1-2_4734,P_1-3_3834,48.0
P_1-2_4734,P_1-2_3280,50.0
P_1-2_4734,P_1-3_3046,49.0
P_1-2_4734,P_1-3_3457,48.0
P_1-2_4734,P_1-3_4168,50.0
P_1-2_4734,P_1-3_2053,1332.0
P_1-3_1737,P_1-3_2643,18.0
P_1-3_1737,P_1-3_1324,18.0
P_1-3_1737,P_1-1-pt_2808,10.0
P_1-3_1737,P_1-1-pt_8545,19.0
P_1-3_1737,P_1-2_2702,11.0
P_1-3_4875,P_1-1-pt_5241,10.0
P_1-3_4875,P_1-2_5640,25.0
P_1-3_4875,P_1-2_4634,386.0
P_1-3_4875,P_1-3_4775,261.0
P_1-3_4875,P_1-3_2410,49.0
P_1-3_4875,P_1-3_3253,63.0
P_1-3_4875,P_1-3_2018,49.0
P_1-3_4875,P_1-3_2633,59.0
P_1-3_4875,P_1-2_5210,42.0
P_1-3_4875,P_1-2_573,31.0
P_1-3_4875,P_1-3_4954,25.0
P_1-3_4875,P_1-3_3410,152.0
P_1-1-pt_7142,P_1-1-pt_6538,658.0
P_1-1-pt_7142,P_1-1-veh_234,46.0
P_1-1-pt_7142,P_1-1-pt_776,30.0
P_1-1-pt_7142,P_1-1-pt_1226,37.0
P_1-1-pt_7142,P_1-2_2715,25.0
P_1-1-pt_7142,P_1-1-veh_65,78.0
P_1-1-pt_7142,P_1-1-pt_7763,25.0
P_1-1-pt_7142,P_1-3_2323,45.0
P_1-1-pt_7142,P_1-3_528,43.0
P_1-1-pt_8682,P_1-3_2454,10.0
P_1-1-pt_8682,P_1-2_2287,10.0
P_1-1-pt_8682,P_1-3_3834,11.0
P_1-1-pt_8682,P_1-3_1785,11.0
P_1-1-pt_8682,P_1-2_2554,11.0
P_1-1-pt_8682,P_1-2_3280,10.0
P_1-1-pt_8682,P_1-3_3046,11.0
P_1-1-pt_8682,P_1-3_3457,10.0
P_1-1-pt_8682,P_1-1-veh_234,46.0
P_1-1-pt_8682,P_1-3_2053,10.0
P_1-1-pt_8682,P_1-2_5951,10.0
P_1-1-pt_8682,P_1-1-pt_5078,25.0
P_1-1-pt_8682,P_1-3_4690,11.0
P_1-1-pt_8682,P_1-1-pt_4901,27.0
P_1-1-pt_8682,P_1-1-pt_4966,149.0
P_1-1-pt_8682,P_1-2_1596,25.0
P_1-1-pt_8682,P_1-1-pt_7080,25.0
P_1-1-pt_8682,P_1-2_3389,23.0
P_2-1_5799,P_2-1_6236,19.0
P_2-1_5799,P_1-3_5550,19.0
P_2-1_5799,P_1-1-pt_1601,23.0
P_2-1_5799,P_1-3_4492,277.0
P_1-1-pt_3409,P_1-1-pt_4879,22.0
P_1-1-pt_3409,P_1-1-pt_2013,148.0
P_1-1-pt_3409,P_1-1-pt_3858,12.0
P_1-1-pt_3409,P_1-1-pt_571,19.0
P_1-1-pt_3409,P_1-1-pt_3230,24.0
P_1-1-pt_3409,P_1-1-pt_255,25.0
P_1-1-pt_3409,P_1-1-pt_2834,24.0
P_1-1-pt_3409,P_1-1-pt_494,25.0
P_1-1-pt_3409,P_1-1-pt_2162,50.0
P_1-1-pt_3409,P_1-1-pt_5897,26.0
P_1-1-pt_3409,P_1-1-pt_3769,25.0
P_1-1-pt_3409,P_1-1-pt_4671,147.0
P_1-1-pt_3409,P_1-1-pt_1270,416.0
P_1-1-pt_3409,P_1-1-pt_3624,24.0
P_1-1-pt_3409,P_2-1_3764,20.0
P_1-1-pt_3409,P_2-1_2925,19.0
P_1-1-pt_3409,P_2-1_63,38.0
P_1-1-pt_3409,P_1-2_1612,28.0
P_1-1-pt_3409,P_1-1-pt_6453,24.0
P_1-1-pt_3409,P_1-3_3245,23.0
P_1-1-pt_3409,P_2-1_5419,39.0
P_1-1-pt_3409,P_1-1-pt_6413,26.0
P_1-1-pt_3409,P_1-1-pt_8728,24.0
P_1-1-pt_3409,P_1-2_4483,24.0
P_1-1-pt_8728,P_1-1-pt_8068,11.0
P_1-1-pt_8728,P_1-1-pt_4966,17.0
P_1-1-pt_8728,P_2-1_63,17.0
P_1-1-pt_8728,P_1-2_1612,14.0
P_1-1-pt_8728,P_1-1-pt_6453,25.0
P_1-1-pt_8728,P_1-1-pt_571,24.0
P_1-1-pt_8728,P_1-1-pt_3230,24.0
P_1-1-pt_8728,P_1-1-pt_4736,29.0
P_1-1-pt_8728,P_1-1-pt_2013,17.0
P_1-1-pt_8728,P_1-1-pt_7573,8.0
P_1-1-pt_8728,P_1-1-pt_2162,25.0
P_1-1-pt_8728,P_1-1-pt_3409,24.0
P_1-1-pt_8728,P_1-1-pt_7863,16.0
P_1-1-pt_8728,P_1-1-pt_8545,12.0
P_1-1-pt_8728,P_1-1-pt_5193,12.0
P_1-1-pt_8728,P_1-1-pt_7325,14.0
P_1-1-pt_5298,P_1-1-pt_7325,37.0
P_1-1-pt_5298,P_1-1-pt_3927,24.0
P_1-1-pt_5298,P_1-1-pt_3571,25.0
P_1-1-pt_5298,P_1-1-pt_7732,17.0
P_1-1-pt_5298,P_1-1-pt_1560,50.0
P_1-1-pt_7325,P_1-1-pt_5298,37.0
P_1-1-pt_7325,P_1-1-pt_8137,4049.0
P_1-1-pt_7325,P_1-1-pt_3275,27.0
P_1-1-pt_7325,P_1-1-pt_1560,28.0
P_1-1-pt_7325,P_1-1-pt_1966,28.0
P_1-1-pt_7325,P_1-1-pt_4595,21.0
P_1-1-pt_7325,P_1-1-pt_5906,27.0
P_1-1-pt_7325,P_1-1-pt_1226,27.0
P_1-1-pt_7325,P_1-1-pt_3624,25.0
P_1-1-pt_7325,P_2-1_3764,20.0
P_1-1-pt_7325,P_2-1_2925,20.0
P_1-1-pt_7325,P_2-1_63,16.0
P_1-1-pt_7325,P_1-1-pt_6453,26.0
P_1-1-pt_7325,P_1-2_1612,15.0
P_1-1-pt_7325,P_1-1-pt_8728,14.0
P_1-1-pt_2032,P_1-1-pt_7938,26.0
P_1-1-pt_2032,P_1-1-pt_498,25.0
P_1-1-pt_2032,P_1-2_609,24.0
P_1-1-pt_2032,P_1-2_2598,23.0
P_1-1-pt_7938,P_1-1-pt_2032,26.0
P_1-1-pt_7938,P_1-1-pt_2770,25.0
P_1-1-pt_7938,P_1-1-pt_6355,24.0
P_1-1-pt_7938,P_1-2_4454,24.0
P_1-1-pt_7938,P_1-1-pt_2863,25.0
P_1-1-pt_7938,P_1-1-pt_8969,25.0
P_1-1-pt_7938,P_1-1-pt_1601,41.0
P_1-1-pt_7938,P_1-1-pt_2844,1586.0
P_1-2_6013,P_1-1-pt_7573,24.0
P_1-2_6013,P_1-1-pt_1226,18.0
P_1-2_6013,P_1-1-pt_2529,21.0
P_2-1_5552,P_1-3_5020,19.0
P_2-1_5552,P_1-1-pt_6381,11.0
P_2-1_5552,P_2-1_5841,249.0
P_2-1_5552,P_1-1-pt_7277,60.0
P_1-2_4771,P_1-3_874,55.0
P_1-2_4771,P_1-2_3389,18.0
P_1-2_4771,P_1-1-pt_3629,96.0
P_1-2_4771,P_1-1-pt_1714,46.0
P_1-2_4771,P_1-2_2287,49.0
P_1-2_4771,P_1-3_1785,48.0
P_1-2_4771,P_1-2_3081,50.0
P_1-2_4771,P_1-2_5951,27.0
P_1-3_5451,P_1-1-veh_824,18.0
P_1-3_5451,P_1-2_5092,54.0
P_1-3_5451,P_1-1-pt_8085,542.0
P_1-3_5451,P_2-1_4930,14.0
P_1-3_5451,P_1-1-pt_841,13.0
P_1-3_5451,P_1-1-pt_1601,24.0
P_1-2_3077,P_1-2_3378,216.0
P_1-2_3077,P_1-3_2180,44.0
P_1-2_3077,P_1-3_2076,44.0
P_1-2_3077,P_1-2_5020,48.0
P_1-2_3077,P_1-2_5092,50.0
P_1-2_3077,P_1-3_5354,44.0
P_1-2_3077,P_1-3_4587,26.0
P_1-2_3378,P_1-2_3077,216.0
P_1-2_3378,P_1-3_2180,45.0
P_1-2_3378,P_1-3_2076,44.0
P_1-2_3378,P_1-2_5020,48.0
P_1-2_3378,P_1-2_5092,50.0
P_1-2_3378,P_1-3_5354,44.0
P_1-3_2773,P_2-1_600,18.0
P_1-3_2773,P_1-2_2180,18.0
P_1-3_2773,P_2-1_4267,19.0
P_1-3_2773,P_2-1_3390,18.0
P_1-3_2773,P_2-1_1463,19.0
P_1-3_2773,P_2-1_499,19.0
P_1-3_2773,P_2-1_804,19.0
P_1-3_2773,P_2-1_213,18.0
P_2-1_600,P_1-3_2773,18.0
P_2-1_600,P_1-3_4025,19.0
P_2-1_600,P_1-2_1953,20.0
P_2-1_600,P_1-2_2180,19.0
P_2-1_600,P_1-3_2786,18.0
P_2-1_600,P_1-3_5475,18.0
P_2-1_600,P_1-1-pt_7040,11.0
P_2-1_600,P_2-1_1248,19.0
P_2-1_600,P_1-2_5518,19.0
P_1-1-pt_1006,P_1-2_250,10.0
P_1-1-pt_1006,P_1-1-pt_8969,25.0
P_1-1-pt_1006,P_1-3_5475,38.0
P_1-1-pt_1006,P_1-1-pt_2431,24.0
P_1-1-pt_1006,P_1-2_848,48.0
P_1-1-pt_1006,P_1-2_3702,48.0
P_1-3_1500,P_1-2_4734,98.0
P_1-3_1500,P_1-2_4206,98.0
P_1-3_1500,P_1-3_3901,96.0
P_1-3_1500,P_1-2_1420,98.0
P_1-3_1500,P_1-3_228,98.0
P_1-3_1500,P_1-3_3776,98.0
P_1-3_1500,P_2-1_2161,99.0
P_1-3_1500,P_1-3_874,48.0
P_1-3_1500,P_1-3_2454,50.0
P_1-3_1500,P_1-3_3834,49.0
P_1-3_1500,P_1-2_3280,50.0
P_1-3_1500,P_1-3_3046,49.0
P_1-3_1500,P_1-3_3457,50.0
P_1-3_1500,P_1-3_4168,25.0
P_1-3_1500,P_1-3_2053,24.0
P_1-1-pt_2880,P_1-1-pt_521,75.0
P_1-1-pt_2880,P_1-1-pt_8280,78.0
P_1-1-pt_2880,P_1-1-pt_3207,114.0
P_1-1-pt_2880,P_1-1-pt_2369,25.0
P_1-1-pt_2880,P_1-1-pt_5167,203.0
P_1-1-pt_2880,P_1-1-pt_3858,56.0
P_1-1-pt_2880,P_1-1-pt_1747,82.0
P_1-1-pt_2880,P_1-1-pt_98,64.0
P_1-1-pt_2880,P_1-1-pt_6974,277.0
P_1-1-pt_2880,P_1-2_250,18.0
P_1-1-pt_2880,P_1-2_4483,36.0
P_1-1-pt_2880,P_1-1-pt_3671,56.0
P_1-1-pt_2880,P_1-1-veh_610,27.0
P_1-1-pt_2880,P_1-1-veh_767,24.0
P_1-1-pt_2880,P_1-2_303,21.0
P_1-1-pt_2880,P_1-1-pt_6743,24.0
P_1-1-pt_2880,P_1-1-pt_571,25.0
P_1-1-pt_2880,P_1-1-pt_3230,24.0
P_1-1-pt_2880,P_1-1-pt_4736,235.0
P_1-1-pt_2880,P_1-1-pt_1497,24.0
P_1-3_5550,P_2-1_5799,19.0
P_1-3_5550,P_1-1-pt_1601,26.0
P_1-2_2473,P_1-3_2221,18.0
P_1-2_2473,P_1-3_2280,18.0
P_1-2_2473,P_1-1-pt_8611,20.0
P_1-2_171,P_1-2_4285,2805.0
P_1-2_171,P_1-3_5117,106.0
P_1-2_171,P_1-3_4124,22.0
P_1-2_171,P_1-3_2421,3.0
P_1-2_4285,P_1-2_171,2805.0
P_1-2_4285,P_1-3_5117,60.0
P_1-2_4285,P_1-3_4124,25.0
P_1-2_4285,P_1-3_2421,21.0
P_1-2_4285,P_1-1-pt_725,15.0
P_1-3_1140,P_1-1-veh_824,17.0
P_1-3_1140,P_2-1_4930,23.0
P_1-3_1140,P_1-1-pt_8085,160.0
P_1-3_1140,P_1-1-pt_841,47.0
P_1-3_1140,P_1-1-pt_1601,14.0
P_1-3_3755,P_1-3_5334,24.0
P_1-3_3755,P_1-1-pt_5115,23.0
P_1-3_3755,P_1-2_4208,2846.0
P_1-3_3755,P_1-1-pt_6368,28.0
P_1-3_3755,P_1-1-pt_1306,50.0
P_1-3_3755,P_1-2_3052,24.0
P_1-1-pt_1723,P_1-1-pt_498,910.0
P_1-1-pt_1723,P_1-3_743,390.0
P_1-1-pt_1723,P_1-3_2599,24.0
P_1-1-pt_1723,P_1-2_5745,23.0
P_1-1-pt_1723,P_1-1-pt_8735,325.0
P_1-1-pt_1723,P_1-2_4266,237.0
P_1-1-pt_1723,P_1-3_3076,154.0
P_1-1-pt_1723,P_1-1-pt_182,50.0
P_1-1-pt_1723,P_1-3_4289,39.0
P_1-1-pt_1723,P_1-1-pt_8184,52.0
P_1-1-pt_498,P_1-1-pt_1723,910.0
P_1-1-pt_498,P_1-3_743,24.0
P_1-1-pt_498,P_1-3_2599,24.0
P_1-1-pt_498,P_1-2_5745,23.0
P_1-1-pt_498,P_1-1-pt_8735,25.0
P_1-1-pt_498,P_1-2_4266,23.0
P_1-1-pt_498,P_1-3_1535,24.0
P_1-1-pt_498,P_1-1-pt_2032,25.0
P_1-1-pt_498,P_1-2_609,23.0
P_1-1-pt_498,P_1-2_2598,23.0
P_1-1-pt_498,P_1-2_5437,23.0
P_1-1-pt_498,P_1-2_4270,24.0
P_1-1-pt_6309,P_1-2_1600,5434.0
P_1-1-pt_6309,P_1-2_5252,10.0
P_1-1-pt_6309,P_1-3_5117,10.0
P_1-1-pt_6309,P_1-2_2183,11.0
P_1-1-pt_6309,P_1-3_5537,10.0
P_1-2_1600,P_1-1-pt_6309,5434.0
P_1-2_1600,P_1-2_5252,19.0
P_1-2_1600,P_1-3_5117,18.0
P_1-2_1600,P_1-2_2183,18.0
P_1-2_1600,P_1-3_5537,19.0
P_1-2_2034,P_1-2_3693,19.0
P_1-2_2034,P_1-1-pt_654,23.0
P_1-2_4853,P_1-3_268,17.0
P_1-2_4853,P_1-2_2180,19.0
P_1-2_4853,P_1-2_3879,15.0
P_1-2_4853,P_1-3_4262,18.0
P_1-2_4853,P_2-1_1463,25.0
P_1-2_4853,P_2-1_4788,36.0
P_1-2_4853,P_2-1_499,25.0
P_1-2_4853,P_2-1_804,24.0
P_1-2_4853,P_2-1_213,24.0
P_1-3_268,P_1-2_4853,17.0
P_1-3_268,P_1-3_4663,19.0
P_1-3_268,P_1-2_1658,18.0
P_1-3_268,P_1-3_4881,19.0
P_1-3_268,P_2-1_4267,18.0
P_1-3_268,P_2-1_3390,19.0
P_1-3_268,P_2-1_1463,19.0
P_1-3_268,P_2-1_499,18.0
P_1-3_268,P_2-1_804,18.0
P_1-3_268,P_2-1_213,18.0
P_1-3_268,P_1-3_3132,19.0
P_1-1-pt_2503,P_1-1-pt_571,16.0
P_1-1-pt_2503,P_1-1-pt_3230,16.0
P_1-1-pt_2503,P_1-2_1255,26.0
P_1-1-pt_2503,P_1-2_1596,24.0
P_1-3_3901,P_1-2_4734,98.0
P_1-3_3901,P_1-2_4206,96.0
P_1-3_3901,P_1-3_1500,96.0
P_1-3_3901,P_1-2_1420,99.0
P_1-3_3901,P_1-3_228,100.0
P_1-3_3901,P_1-3_3776,97.0
P_1-3_3901,P_2-1_2161,96.0
P_1-3_3901,P_1-3_874,48.0
P_1-3_3901,P_1-3_2454,50.0
P_1-3_3901,P_1-3_3834,49.0
P_1-3_3901,P_1-2_3280,48.0
P_1-3_3901,P_1-3_3046,49.0
P_1-3_3901,P_1-3_3457,24.0
P_1-3_3901,P_1-3_4168,24.0
P_1-3_3901,P_1-3_2053,24.0
P_1-1-pt_1226,P_1-2_6013,18.0
P_1-1-pt_1226,P_1-1-pt_7142,37.0
P_1-1-pt_1226,P_1-2_5951,23.0
P_1-1-pt_1226,P_1-1-pt_6297,27.0
P_1-1-pt_1226,P_1-1-pt_5199,27.0
P_1-1-pt_1226,P_1-1-pt_6931,32.0
P_1-1-pt_1226,P_1-1-pt_6031,27.0
P_1-1-pt_1226,P_1-1-pt_255,27.0
P_1-1-pt_1226,P_1-1-pt_1108,576.0
P_1-1-pt_1226,P_1-1-pt_494,27.0
P_1-1-pt_1226,P_1-1-pt_2162,27.0
P_1-1-pt_1226,P_1-1-pt_5897,27.0
P_1-1-pt_1226,P_1-1-pt_3769,26.0
P_1-1-pt_1226,P_1-1-pt_4671,26.0
P_1-1-pt_1226,P_1-1-pt_1270,27.0
P_1-1-pt_1226,P_1-1-pt_4919,27.0
P_1-1-pt_1226,P_1-1-pt_1304,27.0
P_1-1-pt_1226,P_1-1-veh_105,21.0
P_1-1-pt_1226,P_1-1-pt_7863,27.0
P_1-1-pt_1226,P_1-1-pt_8545,27.0
P_1-1-pt_1226,P_1-1-pt_5193,27.0
P_1-1-pt_1226,P_1-1-pt_7325,27.0
P_1-1-pt_1226,P_1-1-pt_8137,28.0
P_1-1-pt_1226,P_1-1-pt_6389,31.0
P_1-1-pt_4996,P_1-1-veh_610,23.0
P_1-1-pt_4996,P_1-1-pt_761,52.0
P_1-1-pt_4996,P_1-1-pt_3097,53.0
P_1-1-pt_4996,P_1-1-pt_2834,73.0
P_1-1-pt_4996,P_1-1-pt_6297,27.0
P_1-1-pt_4996,P_1-1-pt_5199,54.0
P_1-1-pt_4996,P_1-1-pt_6931,28.0
P_1-1-pt_4996,P_1-1-pt_3067,27.0
P_1-1-pt_4996,P_1-1-pt_776,28.0
P_1-1-pt_4996,P_1-1-pt_494,32.0
P_1-1-pt_4996,P_1-1-pt_2162,52.0
P_1-1-pt_4996,P_1-1-pt_297,266.0
P_1-1-pt_4996,P_1-1-pt_6176,28.0
P_1-1-veh_610,P_1-1-pt_4996,23.0
P_1-1-veh_610,P_1-1-pt_3386,24.0
P_1-1-veh_610,P_1-1-pt_8280,23.0
P_1-1-veh_610,P_1-1-pt_521,24.0
P_1-1-veh_610,P_1-1-pt_5666,23.0
P_1-1-veh_610,P_1-1-pt_3207,24.0
P_1-1-veh_610,P_1-1-pt_2880,27.0
P_1-1-veh_610,P_1-1-pt_6743,37.0
P_1-1-veh_610,P_1-1-pt_1747,82.0
P_1-1-veh_610,P_1-1-pt_6974,41.0
P_1-1-veh_610,P_1-1-pt_3671,15.0
P_1-1-veh_610,P_1-1-pt_3858,16.0
P_1-1-veh_610,P_1-1-pt_98,16.0
P_1-1-veh_610,P_1-1-pt_1497,17.0
P_1-1-veh_610,P_1-3_3339,14.0
P_1-1-veh_610,P_2-1_1463,13.0
P_2-1_2028,P_1-2_5752,1191.0
P_2-1_2028,P_1-2_3464,171.0
P_2-1_2028,P_1-2_3821,151.0
P_2-1_2028,P_1-2_2797,148.0
P_2-1_2028,P_1-2_2580,147.0
P_2-1_2028,P_1-1-veh_837,149.0
P_2-1_2028,P_1-3_4738,148.0
P_1-3_1324,P_1-3_1737,18.0
P_1-3_1324,P_1-1-pt_2808,11.0
P_1-2_2287,P_1-1-pt_8682,10.0
P_1-2_2287,P_1-2_3389,19.0
P_1-2_2287,P_1-2_4771,49.0
P_1-2_2287,P_1-1-pt_1714,26.0
P_1-2_2287,P_1-1-pt_3629,48.0
P_1-2_2287,P_1-3_1785,24.0
P_1-2_2287,P_1-3_874,19.0
P_1-2_2287,P_1-2_3081,24.0
P_1-2_2287,P_1-2_5951,25.0
P_1-2_2287,P_1-3_4690,25.0
P_2-1_3136,P_2-1_5450,120.0
P_2-1_5450,P_2-1_3136,120.0
P_1-1-pt_5942,P_1-2_149,3141.0
P_1-1-pt_5942,P_1-3_458,64.0
P_1-1-pt_5942,P_1-1-pt_3275,29.0
P_1-2_149,P_1-1-pt_5942,3141.0
P_1-2_5765,P_1-2_960,18.0
P_1-2_5765,P_1-2_1265,18.0
P_1-2_5765,P_1-2_1494,19.0
P_1-2_5765,P_1-2_1953,19.0
P_1-2_5765,P_1-2_2180,19.0
P_1-2_5765,P_1-3_2786,46.0
P_1-2_5765,P_1-3_5475,18.0
P_1-2_5765,P_2-1_1248,18.0
P_1-2_5765,P_1-2_5518,19.0
P_1-2_960,P_1-2_5765,18.0
P_1-2_960,P_1-3_809,19.0
P_1-2_960,P_1-2_4065,19.0
P_1-2_960,P_1-3_2745,25.0
P_1-2_960,P_1-2_1265,24.0
P_1-1-pt_1497,P_1-1-pt_6974,124.0
P_1-1-pt_1497,P_1-1-pt_3671,156.0
P_1-1-pt_1497,P_1-1-pt_5167,442.0
P_1-1-pt_1497,P_1-1-pt_1747,159.0
P_1-1-pt_1497,P_1-1-pt_98,319.0
P_1-1-pt_1497,P_1-1-pt_4736,75.0
P_1-1-pt_1497,P_1-1-pt_521,349.0
P_1-1-pt_1497,P_1-1-pt_4879,29.0
P_1-1-pt_1497,P_1-1-pt_5666,85.0
P_1-1-pt_1497,P_1-1-pt_3207,3.0
P_1-1-pt_1497,P_1-1-pt_2920,25.0
P_1-1-pt_1497,P_1-1-veh_610,17.0
P_1-1-pt_1497,P_1-1-pt_2369,89.0
P_1-1-pt_1497,P_1-3_1945,56.0
P_1-1-pt_1497,P_1-1-pt_2013,27.0
P_1-1-pt_1497,P_1-1-pt_3858,27.0
P_1-1-pt_1497,P_1-2_303,18.0
P_1-1-pt_1497,P_1-1-pt_2880,24.0
P_1-2_5951,P_1-1-pt_4966,24.0
P_1-2_5951,P_1-1-pt_6538,10.0
P_1-2_5951,P_1-1-pt_8682,10.0
P_1-2_5951,P_1-1-pt_1226,23.0
P_1-2_5951,P_1-2_1596,19.0
P_1-2_5951,P_1-1-veh_234,19.0
P_1-2_5951,P_1-1-pt_7080,10.0
P_1-2_5951,P_1-2_3389,19.0
P_1-2_5951,P_1-1-pt_1714,24.0
P_1-2_5951,P_1-2_2287,25.0
P_1-2_5951,P_1-3_2454,24.0
P_1-2_5951,P_1-2_4771,27.0
P_1-2_5951,P_1-3_874,18.0
P_1-2_5951,P_1-3_1785,24.0
P_1-2_5951,P_1-2_3081,25.0
P_1-2_3224,P_1-2_2061,19.0
P_1-2_3224,P_2-1_3058,18.0
P_1-2_3224,P_1-1-pt_2961,22.0
P_1-1-pt_2369,P_1-1-pt_6743,292.0
P_1-1-pt_2369,P_1-1-pt_3207,26.0
P_1-1-pt_2369,P_1-1-pt_4879,61.0
P_1-1-pt_2369,P_1-1-pt_4736,102.0
P_1-1-pt_2369,P_1-1-pt_2880,25.0
P_1-1-pt_2369,P_1-1-pt_571,97.0
P_1-1-pt_2369,P_1-1-pt_3230,91.0
P_1-1-pt_2369,P_1-2_1255,16.0
P_1-1-pt_2369,P_1-1-pt_8280,32.0
P_1-1-pt_2369,P_1-1-pt_1497,89.0
P_1-1-pt_2369,P_1-1-pt_5167,24.0
P_1-1-pt_2369,P_1-1-pt_521,31.0
P_1-1-pt_2369,P_1-1-pt_7573,26.0
P_1-1-pt_2369,P_1-1-pt_2013,23.0
P_1-1-pt_2369,P_1-1-pt_2297,49.0
P_1-2_4376,P_1-2_1494,18.0
P_1-2_4376,P_1-2_1953,19.0
P_1-2_4376,P_1-2_2180,19.0
P_1-2_4376,P_2-1_1463,18.0
P_1-2_4376,P_2-1_4788,19.0
P_1-2_4376,P_2-1_499,18.0
P_1-2_4376,P_2-1_804,19.0
P_1-2_4376,P_2-1_213,19.0
P_1-2_2335,P_1-3_283,240.0
P_1-3_283,P_1-2_2335,240.0
P_1-3_28,P_1-3_234,18.0
P_1-3_28,P_2-1_4267,18.0
P_1-3_28,P_2-1_3390,18.0
P_1-3_28,P_2-1_1463,18.0
P_1-3_28,P_2-1_499,19.0
P_1-3_28,P_2-1_804,19.0
P_1-3_28,P_2-1_213,18.0
P_1-2_1640,P_1-3_5117,18.0
P_1-2_1640,P_1-2_2183,18.0
P_1-2_1640,P_1-2_5641,2347.0
P_1-2_1640,P_1-3_4822,18.0
P_1-2_1640,P_1-2_315,19.0
P_1-2_1640,P_1-2_1219,18.0
P_1-2_1640,P_1-2_5437,19.0
P_1-2_1640,P_1-2_3752,19.0
P_1-2_1640,P_1-2_4270,18.0
P_1-3_5117,P_1-2_1640,18.0
P_1-3_5117,P_1-2_5641,19.0
P_1-3_5117,P_1-2_2598,18.0
P_1-3_5117,P_1-2_4098,19.0
P_1-3_5117,P_1-2_1025,19.0
P_1-3_5117,P_1-3_547,18.0
P_1-3_5117,P_1-1-pt_2718,10.0
P_1-3_5117,P_1-3_2881,18.0
P_1-3_5117,P_1-1-veh_603,19.0
P_1-3_5117,P_1-2_1600,18.0
P_1-3_5117,P_1-1-pt_6309,10.0
P_1-3_5117,P_1-1-pt_8692,11.0
P_1-3_5117,P_1-1-veh_459,19.0
P_1-3_5117,P_1-1-pt_8611,10.0
P_1-3_5117,P_1-1-pt_5997,13.0
P_1-3_5117,P_1-2_171,106.0
P_1-3_5117,P_1-1-pt_394,10.0
P_1-3_5117,P_1-1-pt_4541,10.0
P_1-3_5117,P_1-2_4285,60.0
P_1-3_5117,P_1-3_4124,19.0
P_1-3_5117,P_1-3_2421,18.0
P_1-3_5117,P_1-1-pt_725,11.0
P_1-1-pt_5906,P_1-1-pt_6176,28.0
P_1-1-pt_5906,P_1-1-pt_761,27.0
P_1-1-pt_5906,P_1-1-pt_6297,41.0
P_1-1-pt_5906,P_1-1-pt_1238,52.0
P_1-1-pt_5906,P_1-1-pt_6031,27.0
P_1-1-pt_5906,P_1-1-pt_255,27.0
P_1-1-pt_5906,P_1-1-pt_1108,27.0
P_1-1-pt_5906,P_1-1-veh_792,21.0
P_1-1-pt_5906,P_1-1-pt_494,27.0
P_1-1-pt_5906,P_1-1-pt_2162,27.0
P_1-1-pt_5906,P_1-1-pt_5897,26.0
P_1-1-pt_5906,P_1-1-pt_3769,27.0
P_1-1-pt_5906,P_1-1-pt_4671,27.0
P_1-1-pt_5906,P_1-1-pt_1270,26.0
P_1-1-pt_5906,P_1-1-pt_4919,26.0
P_1-1-pt_5906,P_1-1-pt_1304,28.0
P_1-1-pt_5906,P_1-1-pt_7863,27.0
P_1-1-pt_5906,P_1-1-pt_5193,27.0
P_1-1-pt_5906,P_1-1-pt_7325,27.0
P_1-1-pt_5906,P_1-1-pt_8137,27.0
P_1-1-pt_5906,P_1-1-pt_3275,28.0
P_1-1-pt_3624,P_1-1-pt_3858,12.0
P_1-1-pt_3624,P_1-1-pt_255,26.0
P_1-1-pt_3624,P_1-1-pt_5897,26.0
P_1-1-pt_3624,P_1-1-pt_3769,26.0
P_1-1-pt_3624,P_1-1-pt_4671,25.0
P_1-1-pt_3624,P_1-1-pt_1270,25.0
P_1-1-pt_3624,P_1-1-pt_3409,24.0
P_1-1-pt_3624,P_1-1-pt_4919,26.0
P_1-1-pt_3624,P_1-1-pt_1304,26.0
P_1-1-pt_3624,P_1-1-pt_7863,26.0
P_1-1-pt_3624,P_1-1-pt_8545,25.0
P_1-1-pt_3624,P_1-1-pt_5193,25.0
P_1-1-pt_3624,P_1-1-pt_7325,25.0
P_1-1-pt_3624,P_1-1-pt_8137,25.0
P_1-2_1420,P_1-2_4734,100.0
P_1-2_1420,P_1-2_4206,100.0
P_1-2_1420,P_1-3_1500,98.0
P_1-2_1420,P_1-3_3901,99.0
P_1-2_1420,P_1-3_228,2521.0
P_1-2_1420,P_1-3_3776,96.0
P_1-2_1420,P_2-1_2161,100.0
P_1-2_1420,P_1-3_874,48.0
P_1-2_1420,P_1-3_2454,50.0
P_1-2_1420,P_1-3_3834,48.0
P_1-2_1420,P_1-2_3280,24.0
P_1-2_1420,P_1-3_3046,25.0
P_1-2_1420,P_1-3_3457,24.0
P_1-2_1420,P_1-3_4168,24.0
P_1-2_1420,P_1-3_2053,24.0
P_1-1-pt_3386,P_1-1-veh_610,24.0
P_1-1-pt_3386,P_1-1-pt_761,27.0
P_1-1-pt_3386,P_1-1-pt_3097,30.0
P_1-1-pt_3386,P_1-1-pt_2834,27.0
P_1-1-pt_3386,P_1-1-pt_6297,37.0
P_1-1-pt_3386,P_1-1-pt_5199,27.0
P_1-1-pt_3386,P_1-1-pt_6931,30.0
P_1-1-pt_3386,P_1-1-pt_5357,51.0
P_1-1-pt_3386,P_1-1-veh_152,35.0
P_1-1-pt_3386,P_1-1-pt_1420,37.0
P_1-1-pt_3386,P_1-1-pt_8247,37.0
P_1-1-pt_3386,P_1-2_2795,38.0
P_1-1-pt_3386,P_1-2_671,36.0
P_1-1-pt_3386,P_1-1-pt_3512,37.0
P_1-3_1676,P_1-2_1494,19.0
P_1-3_1676,P_1-2_1953,19.0
P_1-3_1676,P_1-2_2180,18.0
P_1-3_1676,P_1-3_4262,10.0
P_1-3_1676,P_2-1_1463,18.0
P_1-3_1676,P_2-1_4788,18.0
P_1-3_1676,P_2-1_499,19.0
P_1-3_1676,P_2-1_804,18.0
P_1-3_1676,P_2-1_213,19.0
P_1-1-pt_761,P_1-1-pt_4996,52.0
P_1-1-pt_761,P_1-1-pt_3386,27.0
P_1-1-pt_761,P_1-1-pt_3067,64.0
P_1-1-pt_761,P_1-1-pt_5906,27.0
P_1-1-pt_761,P_1-1-pt_3916,27.0
P_1-1-pt_761,P_1-1-pt_7208,26.0
P_1-1-pt_761,P_1-1-pt_6538,24.0
P_1-1-pt_761,P_1-1-pt_255,26.0
P_1-1-pt_761,P_1-1-pt_1296,27.0
P_1-1-pt_761,P_1-1-pt_530,27.0
P_1-1-pt_761,P_1-1-pt_6297,3.0
P_1-2_1265,P_1-2_5765,18.0
P_1-2_1265,P_1-3_809,18.0
P_1-2_1265,P_1-2_4065,18.0
P_1-2_1265,P_1-3_2745,24.0
P_1-2_1265,P_1-2_960,24.0
P_1-3_528,P_1-1-pt_2606,265.0
P_1-3_528,P_1-1-pt_3067,23.0
P_1-3_528,P_1-2_303,18.0
P_1-3_528,P_1-1-veh_792,19.0
P_1-3_528,P_1-1-pt_6273,38.0
P_1-3_528,P_1-1-veh_105,18.0
P_1-3_528,P_1-2_1203,19.0
P_1-3_528,P_1-2_2554,19.0
P_1-3_528,P_1-3_403,39.0
P_1-3_528,P_1-3_3759,48.0
P_1-3_528,P_1-1-pt_7142,43.0
P_1-3_228,P_1-2_4734,96.0
P_1-3_228,P_1-2_4206,97.0
P_1-3_228,P_1-3_1500,98.0
P_1-3_228,P_1-3_3901,100.0
P_1-3_228,P_1-2_1420,2521.0
P_1-3_228,P_1-3_3776,97.0
P_1-3_228,P_2-1_2161,97.0
P_1-3_228,P_1-3_874,48.0
P_1-3_228,P_1-3_2454,48.0
P_1-3_228,P_1-3_3834,49.0
P_1-3_228,P_1-2_3280,24.0
P_1-3_228,P_1-3_3046,25.0
P_1-3_228,P_1-3_3457,24.0
P_1-3_228,P_1-3_4168,24.0
P_1-3_228,P_1-3_2053,25.0
P_1-2_2345,P_1-2_4019,18.0
P_1-2_2345,P_1-1-pt_7732,24.0
P_1-2_2345,P_1-1-pt_5115,23.0
P_1-2_2345,P_1-2_3413,9.0
P_1-2_2345,P_1-1-pt_1037,24.0
P_1-2_2345,P_1-1-pt_5324,24.0
P_1-2_2345,P_2-1_2045,48.0
P_1-2_4019,P_1-2_2345,18.0
P_1-2_4019,P_1-1-pt_5115,24.0
P_1-1-pt_2431,P_1-2_4329,46.0
P_1-1-pt_2431,P_1-2_3590,10.0
P_1-1-pt_2431,P_1-1-pt_5139,39.0
P_1-1-pt_2431,P_1-1-pt_1006,24.0
P_1-1-pt_2431,P_1-1-pt_1167,25.0
P_1-1-pt_2431,P_1-1-pt_3931,45.0
P_1-1-pt_2431,P_1-3_1604,51.0
P_1-1-pt_2431,P_2-1_6236,25.0
P_1-2_5641,P_1-3_5117,19.0
P_1-2_5641,P_1-2_2183,19.0
P_1-2_5641,P_1-2_1640,2347.0
P_1-2_5641,P_1-3_4822,19.0
P_1-2_5641,P_1-2_315,18.0
P_1-2_5641,P_1-2_1219,19.0
P_1-2_5641,P_1-2_5437,18.0
P_1-2_5641,P_1-2_3752,19.0
P_1-2_5641,P_1-2_4270,18.0
P_2-1_4267,P_1-2_5288,18.0
P_2-1_4267,P_1-3_268,18.0
P_2-1_4267,P_1-3_28,18.0
P_2-1_4267,P_1-3_234,18.0
P_2-1_4267,P_1-2_3879,18.0
P_2-1_4267,P_1-3_2773,19.0
P_2-1_4267,P_1-3_4262,19.0
P_2-1_4267,P_1-3_5144,19.0
P_2-1_4267,P_1-3_2786,21.0
P_2-1_4267,P_1-3_5475,30.0
P_2-1_4267,P_1-1-pt_5999,22.0
P_2-1_4267,P_1-2_752,26.0
P_2-1_4267,P_1-3_3339,16.0
P_2-1_4267,P_2-1_3390,49.0
P_2-1_4267,P_1-2_4940,14.0
P_1-2_848,P_1-3_2221,19.0
P_1-2_848,P_1-3_2280,18.0
P_1-2_848,P_1-2_4249,20.0
P_1-2_848,P_1-1-pt_5139,24.0
P_1-2_848,P_2-1_1724,31.0
P_1-2_848,P_1-1-pt_1006,48.0
P_1-1-pt_8762,P_1-1-pt_1298,26.0
P_1-1-pt_8762,P_1-1-pt_3571,25.0
P_1-1-pt_8762,P_1-1-pt_1138,2053.0
P_1-1-pt_8762,P_1-1-pt_3275,27.0
P_1-1-pt_8762,P_1-1-pt_1560,27.0
P_1-1-pt_8762,P_1-1-pt_1966,27.0
P_1-1-pt_8762,P_1-1-pt_4595,26.0
P_1-1-pt_8762,P_1-2_2702,33.0
P_1-1-pt_8762,P_1-1-pt_5392,49.0
P_1-1-pt_1798,P_1-1-pt_1298,25.0
P_1-1-pt_1798,P_1-1-pt_3571,25.0
P_1-1-pt_1798,P_1-1-pt_1138,757.0
P_1-1-pt_1798,P_1-1-pt_4262,26.0
P_2-1_3390,P_1-2_5288,19.0
P_2-1_3390,P_1-3_268,19.0
P_2-1_3390,P_1-3_28,18.0
P_2-1_3390,P_1-3_234,19.0
P_2-1_3390,P_1-2_3879,19.0
P_2-1_3390,P_1-3_2773,18.0
P_2-1_3390,P_1-3_4262,19.0
P_2-1_3390,P_1-3_5144,18.0
P_2-1_3390,P_1-3_2786,20.0
P_2-1_3390,P_1-3_5475,40.0
P_2-1_3390,P_1-1-pt_5999,22.0
P_2-1_3390,P_2-1_4267,49.0
P_1-2_2512,P_1-2_3693,19.0
P_1-2_2512,P_1-3_2643,17.0
P_1-2_2512,P_1-1-pt_4595,71.0
P_1-2_2598,P_1-3_5117,18.0
P_1-2_2598,P_1-2_2183,19.0
P_1-2_2598,P_1-1-pt_498,23.0
P_1-2_2598,P_1-1-pt_2032,23.0
P_1-2_3389,P_1-2_4771,18.0
P_1-2_3389,P_1-1-pt_1714,10.0
P_1-2_3389,P_1-3_2454,19.0
P_1-2_3389,P_1-2_2287,19.0
P_1-2_3389,P_1-3_3834,18.0
P_1-2_3389,P_1-3_1785,18.0
P_1-2_3389,P_1-2_3280,19.0
P_1-2_3389,P_1-3_3046,19.0
P_1-2_3389,P_1-3_3457,18.0
P_1-2_3389,P_1-3_4168,18.0
P_1-2_3389,P_1-2_3081,18.0
P_1-2_3389,P_1-3_2053,18.0
P_1-2_3389,P_1-2_5951,19.0
P_1-2_3389,P_1-3_4690,18.0
P_1-2_3389,P_1-1-veh_234,24.0
P_1-2_3389,P_1-1-pt_8682,23.0
P_1-2_3389,P_1-1-pt_7080,24.0
P_1-2_568,P_2-1_2045,19.0
P_1-2_568,P_1-2_5640,37.0
P_1-2_568,P_1-1-pt_5241,1599.0
P_1-2_568,P_1-2_3693,37.0
P_1-3_3410,P_1-1-pt_5241,34.0
P_1-3_3410,P_1-2_4634,148.0
P_1-3_3410,P_1-3_4775,99.0
P_1-3_3410,P_1-3_2410,24.0
P_1-3_3410,P_1-3_3253,119.0
P_1-3_3410,P_1-3_2018,26.0
P_1-3_3410,P_1-3_2633,72.0
P_1-3_3410,P_1-2_5210,24.0
P_1-3_3410,P_1-2_573,24.0
P_1-3_3410,P_1-3_4954,24.0
P_1-3_3410,P_1-3_4875,152.0
P_1-1-pt_6292,P_1-3_743,10.0
P_1-1-pt_6292,P_1-2_5428,3371.0
P_1-2_2183,P_1-2_1640,18.0
P_1-2_2183,P_1-2_5641,19.0
P_1-2_2183,P_1-2_2598,19.0
P_1-2_2183,P_1-2_4098,18.0
P_1-2_2183,P_1-2_1025,19.0
P_1-2_2183,P_1-3_547,19.0
P_1-2_2183,P_1-1-pt_2718,10.0
P_1-2_2183,P_1-3_2881,19.0
P_1-2_2183,P_1-1-veh_603,19.0
P_1-2_2183,P_1-2_1600,18.0
P_1-2_2183,P_1-1-pt_6309,11.0
P_1-2_2183,P_1-1-pt_8692,11.0
P_1-2_2183,P_1-1-veh_459,18.0
P_1-2_2183,P_1-1-pt_8611,10.0
P_1-2_2183,P_1-1-pt_5997,11.0
P_1-2_2183,P_1-1-pt_394,11.0
P_1-2_2183,P_1-1-pt_4541,10.0
P_1-2_2183,P_1-3_4124,18.0
P_1-2_2183,P_1-3_2421,18.0
P_1-2_2183,P_1-1-pt_725,11.0
P_1-1-pt_3916,P_1-1-pt_6176,29.0
P_1-1-pt_3916,P_1-1-pt_297,29.0
P_1-1-pt_3916,P_1-1-pt_761,27.0
P_1-1-pt_3916,P_1-1-pt_3097,27.0
P_1-1-pt_3916,P_1-1-pt_6031,37.0
P_1-1-pt_3916,P_1-1-pt_255,27.0
P_1-1-pt_3916,P_1-1-pt_1108,27.0
P_1-1-pt_3916,P_1-1-veh_792,13.0
P_1-1-pt_3916,P_1-1-pt_494,26.0
P_1-1-pt_3916,P_1-1-pt_2162,27.0
P_1-1-pt_3916,P_1-1-pt_5897,27.0
P_1-1-pt_3916,P_1-1-pt_3769,27.0
P_1-1-pt_3916,P_1-1-pt_4671,28.0
P_1-1-pt_3916,P_1-1-pt_1270,27.0
P_1-1-pt_3916,P_1-1-pt_4919,27.0
P_1-1-pt_3916,P_1-1-pt_1304,27.0
P_1-1-pt_3916,P_1-1-pt_8545,27.0
P_1-1-pt_3916,P_1-1-pt_654,118.0
P_1-2_4634,P_1-3_4775,100.0
P_1-2_4634,P_1-3_2410,72.0
P_1-2_4634,P_1-3_3253,96.0
P_1-2_4634,P_1-3_2018,48.0
P_1-2_4634,P_1-3_2633,72.0
P_1-2_4634,P_1-2_5210,49.0
P_1-2_4634,P_1-2_573,58.0
P_1-2_4634,P_1-3_4954,53.0
P_1-2_4634,P_1-3_4875,386.0
P_1-2_4634,P_1-3_3410,148.0
P_1-3_4775,P_1-2_4634,100.0
P_1-3_4775,P_1-3_2410,77.0
P_1-3_4775,P_1-3_3253,75.0
P_1-3_4775,P_1-3_2018,49.0
P_1-3_4775,P_1-3_2633,72.0
P_1-3_4775,P_1-2_5210,48.0
P_1-3_4775,P_1-2_573,48.0
P_1-3_4775,P_1-3_4954,48.0
P_1-3_4775,P_1-3_4875,261.0
P_1-3_4775,P_1-3_3410,99.0
P_1-1-pt_2718,P_1-2_5252,10.0
P_1-1-pt_2718,P_1-3_5117,10.0
P_1-1-pt_2718,P_1-2_2183,10.0
P_1-1-pt_2718,P_1-3_5537,11.0
P_1-2_5252,P_1-1-pt_2718,10.0
P_1-2_5252,P_1-3_2881,18.0
P_1-2_5252,P_1-1-veh_603,19.0
P_1-2_5252,P_1-2_1600,19.0
P_1-2_5252,P_1-1-pt_6309,10.0
P_1-2_5252,P_1-1-pt_8692,10.0
P_1-2_5252,P_1-1-veh_459,18.0
P_1-2_5252,P_1-1-pt_8611,10.0
P_1-2_5252,P_1-1-pt_5997,11.0
P_1-2_5252,P_1-1-pt_394,11.0
P_1-2_5252,P_1-1-pt_4541,11.0
P_1-2_5252,P_1-3_4124,18.0
P_1-2_5252,P_1-3_2421,19.0
P_1-2_5252,P_1-1-pt_725,10.0
P_1-1-veh_834,P_1-1-pt_8289,106.0
P_1-1-veh_834,P_1-2_5753,104.0
P_1-1-veh_834,P_1-3_743,49.0
P_1-1-veh_834,P_1-3_2599,25.0
P_1-1-veh_834,P_1-2_5745,24.0
P_1-1-veh_834,P_1-1-pt_182,23.0
P_1-1-veh_834,P_1-3_4289,24.0
P_1-2_3081,P_1-2_4464,18.0
P_1-2_3081,P_1-1-veh_105,18.0
P_1-2_3081,P_1-2_2554,18.0
P_1-2_3081,P_1-2_3389,18.0
P_1-2_3081,P_1-1-pt_1714,23.0
P_1-2_3081,P_1-2_2287,24.0
P_1-2_3081,P_1-2_4771,50.0
P_1-2_3081,P_1-3_874,19.0
P_1-2_3081,P_1-3_1785,24.0
P_1-2_3081,P_1-1-pt_3629,48.0
P_1-2_3081,P_1-2_5951,25.0
P_1-2_4464,P_1-2_3081,18.0
P_1-2_4464,P_1-1-pt_7080,44.0
P_1-2_4464,P_1-1-pt_1700,18.0
P_1-2_4464,P_1-3_17,22.0
P_1-2_4464,P_1-3_3579,24.0
P_1-3_3776,P_1-2_4734,99.0
P_1-3_3776,P_1-2_4206,100.0
P_1-3_3776,P_1-3_1500,98.0
P_1-3_3776,P_1-3_3901,97.0
P_1-3_3776,P_1-2_1420,96.0
P_1-3_3776,P_1-3_228,97.0
P_1-3_3776,P_2-1_2161,75.0
P_1-3_3776,P_1-3_874,73.0
P_1-3_3776,P_1-3_2454,48.0
P_1-3_3776,P_1-3_3834,75.0
P_1-3_3776,P_1-2_3280,25.0
P_1-3_3776,P_1-3_3046,25.0
P_1-3_3776,P_1-3_3457,24.0
P_1-3_3776,P_1-3_4168,24.0
P_1-3_3776,P_1-3_2053,24.0
P_1-2_5428,P_1-3_743,19.0
P_1-2_5428,P_1-1-pt_6292,3371.0
P_1-2_2613,P_1-2_3693,20.0
P_1-2_2613,P_1-3_2643,18.0
P_1-1-pt_3097,P_1-1-pt_4996,53.0
P_1-1-pt_3097,P_1-1-pt_3386,30.0
P_1-1-pt_3097,P_1-1-pt_3067,53.0
P_1-1-pt_3097,P_1-1-pt_3916,27.0
P_1-1-pt_3097,P_1-1-pt_255,27.0
P_1-1-pt_3097,P_1-1-pt_6413,27.0
P_1-1-pt_3097,P_1-1-pt_1296,28.0
P_1-1-pt_3097,P_1-1-pt_2834,29.0
P_1-1-pt_3097,P_1-3_2221,51.0
P_1-1-pt_3097,P_1-1-pt_2820,21.0
P_1-2_4098,P_1-3_5117,19.0
P_1-2_4098,P_1-2_2183,18.0
P_1-2_4098,P_1-2_3716,2009.0
P_1-2_4098,P_1-3_2482,2101.0
P_2-1_6130,P_1-2_2180,19.0
P_2-1_6130,P_1-2_3879,19.0
P_2-1_6130,P_2-1_1878,18.0
P_2-1_6130,P_2-1_1463,26.0
P_2-1_6130,P_2-1_4788,24.0
P_2-1_6130,P_2-1_499,24.0
P_2-1_6130,P_2-1_804,24.0
P_2-1_6130,P_2-1_213,25.0
P_1-2_752,P_1-3_3339,1461.0
P_1-2_752,P_1-2_163,18.0
P_1-2_752,P_2-1_1724,37.0
P_1-2_752,P_2-1_4267,26.0
P_1-3_3339,P_1-2_752,1461.0
P_1-3_3339,P_1-2_163,19.0
P_1-3_3339,P_2-1_4267,16.0
P_1-3_3339,P_1-1-veh_610,14.0
P_1-3_3339,P_1-1-pt_7915,10.0
P_1-3_3339,P_1-1-veh_767,24.0
P_1-1-pt_3571,P_1-1-pt_8762,25.0
P_1-1-pt_3571,P_1-1-pt_1798,25.0
P_1-1-pt_3571,P_1-1-pt_5298,25.0
P_1-3_4944,P_2-1_6274,114.0
P_2-1_6274,P_1-3_4944,114.0
P_2-1_6274,P_1-3_2278,48.0
P_1-3_2280,P_1-2_2473,18.0
P_1-3_2280,P_1-3_1945,18.0
P_1-3_2280,P_1-2_3702,19.0
P_1-3_2280,P_1-2_848,18.0
P_1-3_2280,P_1-1-pt_8692,9.0
P_1-3_2280,P_1-1-veh_459,24.0
P_1-2_1025,P_1-3_5117,19.0
P_1-2_1025,P_1-2_2183,19.0
P_1-2_1025,P_1-3_2482,44.0
P_1-1-pt_297,P_1-1-pt_3916,29.0
P_1-1-pt_297,P_1-1-pt_2013,33.0
P_1-1-pt_297,P_1-1-pt_7573,102.0
P_1-1-pt_297,P_1-2_4483,72.0
P_1-1-pt_297,P_1-1-pt_6176,27.0
P_1-1-pt_297,P_1-1-pt_4996,266.0
P_2-1_5067,P_1-2_2180,19.0
P_2-1_5067,P_1-2_3879,18.0
P_2-1_5067,P_1-3_4262,19.0
P_2-1_5067,P_1-3_5144,19.0
P_2-1_5067,P_1-3_2786,20.0
P_2-1_5067,P_1-3_5475,47.0
P_2-1_5067,P_1-2_4609,50.0
P_2-1_5067,P_1-2_2338,50.0
P_2-1_5067,P_1-3_2171,22.0
P_1-1-pt_5139,P_1-2_250,26.0
P_1-1-pt_5139,P_1-3_2786,22.0
P_1-1-pt_5139,P_1-3_5475,24.0
P_1-1-pt_5139,P_1-1-pt_7440,41.0
P_1-1-pt_5139,P_1-3_1945,53.0
P_1-1-pt_5139,P_1-2_3702,40.0
P_1-1-pt_5139,P_1-2_848,24.0
P_1-1-pt_5139,P_1-3_1027,45.0
P_1-1-pt_5139,P_1-1-pt_2431,39.0
P_1-3_2410,P_1-2_4634,72.0
P_1-3_2410,P_1-3_4775,77.0
P_1-3_2410,P_1-3_3253,48.0
P_1-3_2410,P_1-3_2018,29.0
P_1-3_2410,P_1-3_2633,24.0
P_1-3_2410,P_1-2_5210,24.0
P_1-3_2410,P_1-2_573,24.0
P_1-3_2410,P_1-3_4954,49.0
P_1-3_2410,P_1-3_4875,49.0
P_1-3_2410,P_1-3_3410,24.0
P_1-3_2786,P_1-2_250,18.0
P_1-3_2786,P_1-1-pt_5139,22.0
P_1-3_2786,P_2-1_5067,20.0
P_1-3_2786,P_1-3_4663,19.0
P_1-3_2786,P_1-2_1658,18.0
P_1-3_2786,P_1-3_4881,18.0
P_1-3_2786,P_1-2_5543,20.0
P_1-3_2786,P_1-3_4025,19.0
P_1-3_2786,P_2-1_4267,21.0
P_1-3_2786,P_2-1_3390,20.0
P_1-3_2786,P_2-1_600,18.0
P_1-3_2786,P_1-2_5765,46.0
P_1-3_2786,P_2-1_1463,18.0
P_1-3_2786,P_2-1_4788,18.0
P_1-3_2786,P_2-1_499,19.0
P_1-3_2786,P_2-1_804,18.0
P_1-3_2786,P_2-1_213,19.0
P_1-1-pt_6779,P_1-2_1203,21.0
P_1-1-pt_6779,P_1-3_2323,27.0
P_1-2_1203,P_1-1-pt_6779,21.0
P_1-2_1203,P_1-3_2323,37.0
P_1-2_1203,P_1-3_528,19.0
P_1-2_1203,P_1-1-pt_1108,105.0
P_1-2_1203,P_1-1-pt_1304,53.0
P_1-2_1203,P_1-1-pt_8137,50.0
P_1-2_1203,P_1-1-pt_6453,25.0
P_1-1-veh_530,P_1-1-pt_8289,24.0
P_1-1-veh_530,P_1-2_5753,27.0
P_1-1-veh_530,P_1-3_2599,18.0
P_1-1-veh_530,P_1-2_5745,18.0
P_1-1-pt_1121,P_1-1-pt_6031,27.0
P_1-1-pt_1121,P_1-3_403,46.0
P_1-1-pt_1121,P_1-3_3536,22.0
P_1-1-pt_1121,P_1-3_5123,22.0
P_1-1-pt_1121,P_1-1-pt_2606,26.0
P_1-1-pt_6031,P_1-1-pt_1121,27.0
P_1-1-pt_6031,P_1-1-pt_2606,27.0
P_1-1-pt_6031,P_1-1-pt_1966,27.0
P_1-1-pt_6031,P_1-1-pt_5906,27.0
P_1-1-pt_6031,P_1-1-pt_1238,27.0
P_1-1-pt_6031,P_1-1-pt_3916,37.0
P_1-1-pt_6031,P_1-1-pt_1226,27.0
P_1-1-pt_6031,P_1-1-pt_5199,32.0
P_1-1-pt_6031,P_1-1-pt_0,45.0
P_1-1-pt_6031,P_1-1-pt_8068,62.0
P_1-1-pt_6031,P_2-1_2136,46.0
P_1-1-pt_6031,P_1-1-pt_4671,27.0
P_1-1-pt_6031,P_1-1-pt_4919,28.0
P_1-1-pt_2834,P_1-1-pt_4996,73.0
P_1-1-pt_2834,P_1-1-pt_3386,27.0
P_1-1-pt_2834,P_1-1-pt_3067,26.0
P_1-1-pt_2834,P_1-1-pt_3409,24.0
P_1-1-pt_2834,P_1-1-pt_1296,29.0
P_1-1-pt_2834,P_1-1-pt_3097,29.0
P_2-1_1248,P_2-1_3119,18.0
P_2-1_1248,P_1-3_4644,18.0
P_2-1_1248,P_2-1_2486,19.0
P_2-1_1248,P_2-1_3601,19.0
P_2-1_1248,P_2-1_600,19.0
P_2-1_1248,P_1-2_5765,18.0
P_2-1_3119,P_2-1_1248,18.0
P_2-1_3119,P_1-2_5518,18.0
P_2-1_3119,P_1-2_1063,18.0
P_2-1_3119,P_1-2_2715,23.0
P_1-3_3245,P_1-3_5144,19.0
P_1-3_3245,P_1-1-pt_6413,24.0
P_1-3_3245,P_1-1-pt_2162,23.0
P_1-3_3245,P_1-1-pt_3409,23.0
P_1-3_3245,P_1-1-pt_1270,23.0
P_1-3_3245,P_1-1-pt_6297,34.0
P_1-3_5144,P_1-3_3245,19.0
P_1-3_5144,P_2-1_5067,19.0
P_1-3_5144,P_1-3_4663,20.0
P_1-3_5144,P_1-2_1658,18.0
P_1-3_5144,P_1-3_4881,37.0
P_1-3_5144,P_1-2_5543,35.0
P_1-3_5144,P_1-3_4025,16.0
P_1-3_5144,P_2-1_4267,19.0
P_1-3_5144,P_2-1_3390,18.0
P_1-3_5144,P_2-1_1463,18.0
P_1-3_5144,P_2-1_4788,19.0
P_1-3_5144,P_2-1_499,18.0
P_1-3_5144,P_2-1_804,18.0
P_1-3_5144,P_2-1_213,18.0
P_1-1-pt_1296,P_1-2_1017,23.0
P_1-1-pt_1296,P_1-2_1715,17.0
P_1-1-pt_1296,P_1-1-pt_8247,16.0
P_1-1-pt_1296,P_1-2_671,16.0
P_1-1-pt_1296,P_1-1-pt_2834,29.0
P_1-1-pt_1296,P_1-1-pt_5199,28.0
P_1-1-pt_1296,P_1-1-pt_3097,28.0
P_1-1-pt_1296,P_1-1-pt_761,27.0
P_1-1-pt_1296,P_1-1-pt_5666,49.0
P_1-1-pt_1296,P_1-1-pt_1473,27.0
P_1-2_1017,P_1-1-pt_1296,23.0
P_1-2_1017,P_1-3_990,35.0
P_1-2_1017,P_1-2_1559,26.0
P_1-2_1017,P_1-2_2564,23.0
P_1-2_1017,P_1-2_3693,25.0
P_1-2_1596,P_1-1-veh_105,19.0
P_1-2_1596,P_1-2_2554,18.0
P_1-2_1596,P_1-3_4168,172.0
P_1-2_1596,P_1-1-veh_234,24.0
P_1-2_1596,P_1-3_2053,19.0
P_1-2_1596,P_1-2_5951,19.0
P_1-2_1596,P_1-3_4690,20.0
P_1-2_1596,P_1-1-pt_4901,22.0
P_1-2_1596,P_1-1-pt_8682,25.0
P_1-2_1596,P_1-2_1255,13.0
P_1-2_1596,P_1-1-pt_2503,24.0
P_1-1-pt_2863,P_1-3_5475,11.0
P_1-1-pt_2863,P_1-1-pt_7938,25.0
P_1-1-pt_2863,P_1-1-pt_3931,26.0
P_1-1-pt_2863,P_1-1-pt_8969,24.0
P_1-1-pt_2863,P_1-2_1658,21.0
P_1-1-pt_2863,P_1-1-pt_7440,18.0
P_1-3_5475,P_1-1-pt_2863,11.0
P_1-3_5475,P_1-1-pt_5139,24.0
P_1-3_5475,P_1-1-pt_1006,38.0
P_1-3_5475,P_2-1_5067,47.0
P_1-3_5475,P_1-2_1658,38.0
P_1-3_5475,P_1-3_4881,19.0
P_1-3_5475,P_1-2_5543,19.0
P_1-3_5475,P_1-3_4025,20.0
P_1-3_5475,P_2-1_4267,30.0
P_1-3_5475,P_2-1_3390,40.0
P_1-3_5475,P_2-1_600,18.0
P_1-3_5475,P_1-2_5765,18.0
P_1-3_5475,P_2-1_1463,19.0
P_1-3_5475,P_2-1_4788,18.0
P_1-3_5475,P_2-1_499,18.0
P_1-3_5475,P_2-1_804,18.0
P_1-3_5475,P_2-1_213,18.0
P_1-2_5518,P_2-1_3119,18.0
P_1-2_5518,P_1-3_4644,19.0
P_1-2_5518,P_2-1_2486,18.0
P_1-2_5518,P_2-1_3601,18.0
P_1-2_5518,P_2-1_600,19.0
P_1-2_5518,P_1-2_5765,19.0
P_1-1-pt_1238,P_1-3_3457,23.0
P_1-1-pt_1238,P_1-1-pt_6297,32.0
P_1-1-pt_1238,P_1-1-pt_5906,52.0
P_1-1-pt_1238,P_1-1-pt_6031,27.0
P_1-1-pt_1238,P_1-1-pt_255,27.0
P_1-1-pt_1238,P_1-1-pt_1108,27.0
P_1-1-pt_1238,P_1-1-veh_792,22.0
P_1-1-pt_1238,P_1-1-pt_494,27.0
P_1-1-pt_1238,P_1-1-pt_2162,27.0
P_1-1-pt_1238,P_1-1-pt_5897,27.0
P_1-1-pt_1238,P_1-1-pt_3769,27.0
P_1-1-pt_1238,P_1-1-pt_4671,26.0
P_1-1-pt_1238,P_1-1-pt_1270,27.0
P_1-1-pt_1238,P_1-1-pt_4919,26.0
P_1-1-pt_1238,P_1-1-pt_1304,27.0
P_1-1-pt_1238,P_1-1-pt_8545,27.0
P_1-1-pt_1238,P_1-2_2702,64.0
P_1-3_547,P_1-3_5117,18.0
P_1-3_547,P_1-2_2183,19.0
P_1-3_547,P_1-3_5537,18.0
P_1-3_547,P_1-2_1219,18.0
P_1-3_547,P_1-2_5437,18.0
P_1-3_547,P_1-2_3752,19.0
P_1-3_547,P_1-2_4270,18.0
P_2-1_2911,P_1-1-pt_6381,10.0
P_2-1_2911,P_1-1-pt_2425,1135.0
P_2-1_2911,P_1-2_1285,589.0
P_2-1_2911,P_1-1-pt_1601,23.0
P_1-1-pt_4736,P_1-1-pt_2369,102.0
P_1-1-pt_4736,P_1-1-pt_3671,360.0
P_1-1-pt_4736,P_1-1-pt_5167,83.0
P_1-1-pt_4736,P_1-1-pt_3858,50.0
P_1-1-pt_4736,P_1-1-pt_1747,82.0
P_1-1-pt_4736,P_1-1-pt_1497,75.0
P_1-1-pt_4736,P_1-1-pt_98,29.0
P_1-1-pt_4736,P_1-1-pt_3207,64.0
P_1-1-pt_4736,P_1-1-pt_2920,28.0
P_1-1-pt_4736,P_1-1-pt_6974,52.0
P_1-1-pt_4736,P_1-2_4940,18.0
P_1-1-pt_4736,P_1-1-pt_8728,29.0
P_1-1-pt_4736,P_1-2_250,39.0
P_1-1-pt_4736,P_1-1-pt_7208,30.0
P_1-1-pt_4736,P_1-1-pt_571,29.0
P_1-1-pt_4736,P_1-1-pt_3230,30.0
P_1-1-pt_4736,P_1-1-pt_2880,235.0
P_1-1-pt_4736,P_1-1-pt_8280,28.0
P_1-3_3253,P_1-2_4634,96.0
P_1-3_3253,P_1-3_4775,75.0
P_1-3_3253,P_1-3_2410,48.0
P_1-3_3253,P_1-3_2018,48.0
P_1-3_3253,P_1-3_2633,86.0
P_1-3_3253,P_1-2_5210,50.0
P_1-3_3253,P_1-2_573,48.0
P_1-3_3253,P_1-3_4954,51.0
P_1-3_3253,P_1-3_4875,63.0
P_1-3_3253,P_1-3_3410,119.0
P_1-3_3536,P_1-3_5123,112.0
P_1-3_3536,P_1-1-pt_2808,10.0
P_1-3_3536,P_1-1-pt_1121,22.0
P_1-3_3536,P_1-1-pt_977,22.0
P_1-3_3536,P_1-2_2875,41.0
P_1-3_5123,P_1-3_3536,112.0
P_1-3_5123,P_1-1-pt_2808,10.0
P_1-3_5123,P_1-1-pt_1121,22.0
P_1-3_5123,P_1-1-pt_977,18.0
P_1-3_5123,P_1-2_2875,43.0
P_1-1-pt_8830,P_2-1_2136,10.0
P_1-1-pt_8830,P_1-1-veh_65,10.0
P_1-1-pt_8830,P_1-1-pt_2529,86.0
P_1-1-pt_8830,P_1-1-pt_6931,25.0
P_2-1_2161,P_1-2_4734,96.0
P_2-1_2161,P_1-2_4206,96.0
P_2-1_2161,P_1-3_1500,99.0
P_2-1_2161,P_1-3_3901,96.0
P_2-1_2161,P_1-2_1420,100.0
P_2-1_2161,P_1-3_228,97.0
P_2-1_2161,P_1-3_3776,75.0
P_2-1_2161,P_1-3_874,75.0
P_2-1_2161,P_1-3_2454,48.0
P_2-1_2161,P_1-3_3834,48.0
P_2-1_2161,P_1-2_3280,25.0
P_2-1_2161,P_1-3_3046,24.0
P_2-1_2161,P_1-3_3457,24.0
P_2-1_2161,P_1-3_4168,25.0
P_2-1_2161,P_1-3_2053,24.0
P_1-1-pt_1329,P_2-1_2925,22.0
P_1-1-pt_1329,P_1-1-pt_3489,79.0
P_1-1-pt_1329,P_2-1_5419,22.0
P_2-1_2925,P_1-1-pt_1329,22.0
P_2-1_2925,P_1-1-pt_4879,24.0
P_2-1_2925,P_1-1-pt_6453,26.0
P_2-1_2925,P_1-2_4940,21.0
P_2-1_2925,P_1-1-pt_494,25.0
P_2-1_2925,P_1-1-pt_2162,24.0
P_2-1_2925,P_2-1_3764,135.0
P_2-1_2925,P_1-1-pt_5897,17.0
P_2-1_2925,P_1-1-pt_3769,18.0
P_2-1_2925,P_1-1-pt_4671,17.0
P_2-1_2925,P_1-1-pt_3409,19.0
P_2-1_2925,P_1-1-pt_1270,18.0
P_2-1_2925,P_1-1-pt_4919,17.0
P_2-1_2925,P_1-1-pt_8545,20.0
P_2-1_2925,P_1-1-pt_5193,20.0
P_2-1_2925,P_1-1-pt_7325,20.0
P_2-1_2925,P_1-1-pt_8137,20.0
P_2-1_2925,P_1-1-pt_6389,20.0
P_1-1-pt_7763,P_1-2_303,11.0
P_1-1-pt_7763,P_1-3_3494,10.0
P_1-1-pt_7763,P_1-1-veh_792,10.0
P_1-1-pt_7763,P_1-1-veh_105,10.0
P_1-1-pt_7763,P_1-1-pt_6273,24.0
P_1-1-pt_7763,P_1-2_2554,10.0
P_1-1-pt_7763,P_1-1-pt_7142,25.0
P_1-2_303,P_1-1-pt_7763,11.0
P_1-2_303,P_1-3_528,18.0
P_1-2_303,P_1-1-pt_2606,7.0
P_1-2_303,P_1-1-pt_776,64.0
P_1-2_303,P_1-1-pt_6931,37.0
P_1-2_303,P_1-1-pt_5666,21.0
P_1-2_303,P_1-1-pt_2880,21.0
P_1-2_303,P_1-1-pt_6743,21.0
P_1-2_303,P_1-1-pt_8280,20.0
P_1-2_303,P_1-1-pt_521,21.0
P_1-2_303,P_1-1-pt_4879,88.0
P_1-2_303,P_1-1-pt_6974,58.0
P_1-2_303,P_1-1-pt_3671,43.0
P_1-2_303,P_1-1-pt_3207,25.0
P_1-2_303,P_1-1-pt_1497,18.0
P_1-2_303,P_1-1-pt_98,15.0
P_1-2_303,P_1-1-pt_5167,16.0
P_1-2_303,P_1-1-pt_1747,15.0
P_1-2_303,P_1-1-pt_3858,16.0
P_1-1-pt_5392,P_1-2_3693,14.0
P_1-1-pt_5392,P_1-2_2702,86.0
P_1-1-pt_5392,P_1-1-pt_1138,49.0
P_1-1-pt_5392,P_1-1-pt_8762,49.0
P_1-1-pt_5392,P_1-3_2985,15.0
P_1-2_1715,P_1-1-pt_1296,17.0
P_1-2_1715,P_1-1-pt_4262,23.0
P_1-3_2180,P_1-2_3378,45.0
P_1-3_2180,P_1-2_3077,44.0
P_1-3_2180,P_1-3_2076,336.0
P_1-3_2180,P_1-2_5020,22.0
P_1-3_2180,P_1-1-pt_4785,23.0
P_1-3_2180,P_2-1_3664,26.0
P_1-3_2180,P_2-1_3058,25.0
P_1-3_2180,P_1-2_2422,11.0
P_1-3_2180,P_1-2_5092,23.0
P_1-3_2180,P_1-3_5354,24.0
P_1-1-pt_8085,P_1-3_5451,542.0
P_1-1-pt_8085,P_2-1_4930,22.0
P_1-1-pt_8085,P_1-3_1140,160.0
P_1-1-pt_8085,P_2-1_4232,14.0
P_1-1-pt_8085,P_1-1-pt_841,1694.0
P_1-1-pt_8085,P_1-2_4955,39.0
P_1-1-pt_8085,P_1-2_2061,42.0
P_1-1-pt_6297,P_1-1-pt_4996,27.0
P_1-1-pt_6297,P_1-1-pt_3386,37.0
P_1-1-pt_6297,P_1-1-pt_3067,71.0
P_1-1-pt_6297,P_1-1-pt_5906,41.0
P_1-1-pt_6297,P_1-1-pt_1238,32.0
P_1-1-pt_6297,P_1-1-pt_776,50.0
P_1-1-pt_6297,P_1-1-pt_1226,27.0
P_1-1-pt_6297,P_2-1_2136,56.0
P_1-1-pt_6297,P_1-1-pt_5897,27.0
P_1-1-pt_6297,P_1-1-pt_3769,27.0
P_1-1-pt_6297,P_1-1-pt_4671,27.0
P_1-1-pt_6297,P_1-1-pt_4919,31.0
P_1-1-pt_6297,P_1-3_3245,34.0
P_1-1-pt_6297,P_1-1-pt_530,32.0
P_1-1-pt_6297,P_1-1-pt_761,3.0
P_1-1-pt_4595,P_1-2_2512,71.0
P_1-1-pt_4595,P_1-1-pt_6368,25.0
P_1-1-pt_4595,P_1-2_3052,22.0
P_1-1-pt_4595,P_1-1-pt_5193,25.0
P_1-1-pt_4595,P_1-1-pt_7325,21.0
P_1-1-pt_4595,P_1-1-pt_8137,19.0
P_1-1-pt_4595,P_1-1-pt_8762,26.0
P_1-1-pt_4595,P_1-1-pt_1138,26.0
P_1-1-pt_4595,P_1-1-pt_3275,29.0
P_1-1-pt_5258,P_1-1-pt_7277,26.0
P_1-1-pt_5258,P_2-1_2293,23.0
P_1-1-pt_5258,P_1-2_163,23.0
P_1-1-pt_5258,P_1-1-pt_7948,57.0
P_1-1-pt_7277,P_1-1-pt_5258,26.0
P_1-1-pt_7277,P_1-1-pt_3931,24.0
P_1-1-pt_7277,P_1-3_4253,10.0
P_1-1-pt_7277,P_2-1_5552,60.0
P_1-1-pt_7277,P_1-1-pt_6381,25.0
P_1-1-pt_7277,P_1-1-veh_824,12.0
P_1-3_4690,P_1-1-pt_4966,23.0
P_1-3_4690,P_1-1-pt_6176,25.0
P_1-3_4690,P_1-1-pt_6538,11.0
P_1-3_4690,P_1-1-pt_8682,11.0
P_1-3_4690,P_1-2_1596,20.0
P_1-3_4690,P_1-1-veh_234,19.0
P_1-3_4690,P_1-1-pt_6931,264.0
P_1-3_4690,P_1-1-pt_7080,9.0
P_1-3_4690,P_1-2_3389,18.0
P_1-3_4690,P_1-3_2955,26.0
P_1-3_4690,P_1-1-pt_1714,24.0
P_1-3_4690,P_1-2_2287,25.0
P_1-3_4690,P_1-3_2454,24.0
P_1-1-pt_7208,P_1-1-veh_234,22.0
P_1-1-pt_7208,P_1-1-pt_5078,27.0
P_1-1-pt_7208,P_1-1-pt_761,26.0
P_1-1-pt_7208,P_1-2_1255,62.0
P_1-1-pt_7208,P_1-1-pt_571,29.0
P_1-1-pt_7208,P_1-1-pt_3230,30.0
P_1-1-pt_7208,P_1-2_250,20.0
P_1-1-pt_7208,P_1-1-pt_4736,30.0
P_1-1-pt_7208,P_1-1-pt_3858,28.0
P_2-1_3601,P_2-1_5001,100.0
P_2-1_3601,P_2-1_2486,74.0
P_2-1_3601,P_2-1_1248,19.0
P_2-1_3601,P_1-2_5518,18.0
P_2-1_3601,P_1-2_1063,18.0
P_2-1_5001,P_2-1_3601,100.0
P_2-1_5001,P_2-1_2486,474.0
P_1-3_3579,P_1-1-pt_7080,11.0
P_1-3_3579,P_1-2_2554,26.0
P_1-3_3579,P_1-1-pt_0,57.0
P_1-3_3579,P_1-3_17,23.0
P_1-3_3579,P_1-2_4464,24.0
P_1-1-pt_5199,P_1-1-pt_4996,54.0
P_1-1-pt_5199,P_1-1-pt_3386,27.0
P_1-1-pt_5199,P_1-1-pt_3067,53.0
P_1-1-pt_5199,P_1-1-veh_767,45.0
P_1-1-pt_5199,P_1-1-pt_776,31.0
P_1-1-pt_5199,P_1-1-pt_1226,27.0
P_1-1-pt_5199,P_1-1-pt_6931,27.0
P_1-1-pt_5199,P_1-1-pt_6031,32.0
P_1-1-pt_5199,P_1-1-pt_6413,27.0
P_1-1-pt_5199,P_1-1-pt_1296,28.0
P_1-2_1063,P_2-1_3119,18.0
P_1-2_1063,P_1-3_4644,19.0
P_1-2_1063,P_2-1_2486,16.0
P_1-2_1063,P_2-1_3601,18.0
P_1-2_4753,P_1-3_2043,3979.0
P_1-3_2043,P_1-2_4753,3979.0
P_2-1_3764,P_1-1-pt_6974,33.0
P_2-1_3764,P_1-1-pt_98,9.0
P_2-1_3764,P_1-1-pt_2920,14.0
P_2-1_3764,P_1-1-pt_6453,19.0
P_2-1_3764,P_1-1-pt_494,25.0
P_2-1_3764,P_1-1-pt_2162,25.0
P_2-1_3764,P_2-1_2925,135.0
P_2-1_3764,P_1-1-pt_5897,18.0
P_2-1_3764,P_1-1-pt_3769,17.0
P_2-1_3764,P_1-1-pt_4671,18.0
P_2-1_3764,P_1-1-pt_3409,20.0
P_2-1_3764,P_1-1-pt_1270,18.0
P_2-1_3764,P_1-1-pt_4919,20.0
P_2-1_3764,P_1-1-pt_7863,17.0
P_2-1_3764,P_1-1-pt_8545,20.0
P_2-1_3764,P_1-1-pt_5193,20.0
P_2-1_3764,P_1-1-pt_7325,20.0
P_2-1_3764,P_1-1-pt_8137,20.0
P_2-1_3764,P_1-1-pt_6389,20.0
P_1-1-pt_5115,P_1-3_2985,22.0
P_1-1-pt_5115,P_1-2_1990,23.0
P_1-1-pt_5115,P_1-1-veh_602,23.0
P_1-1-pt_5115,P_1-2_4208,22.0
P_1-1-pt_5115,P_1-3_3755,23.0
P_1-1-pt_5115,P_1-3_5334,22.0
P_1-1-pt_5115,P_1-1-pt_3927,23.0
P_1-1-pt_5115,P_1-2_2345,23.0
P_1-1-pt_5115,P_1-2_4019,24.0
P_1-1-pt_5115,P_1-2_3692,24.0
P_1-1-pt_5115,P_1-2_263,17.0
P_2-1_1609,P_1-2_5369,97.0
P_2-1_1609,P_2-1_4788,19.0
P_1-1-pt_6673,P_1-1-pt_7440,25.0
P_1-1-pt_6673,P_1-2_3702,27.0
P_1-1-pt_6673,P_1-3_1945,34.0
P_1-1-pt_6673,P_1-1-pt_2920,24.0
P_1-1-pt_6673,P_1-1-pt_1747,20.0
P_1-1-pt_6673,P_1-3_1027,10.0
P_1-1-pt_6673,P_2-1_1724,10.0
P_1-2_4388,P_1-3_3135,18.0
P_1-2_4388,P_2-1_3944,50.0
P_1-3_3135,P_1-2_4388,18.0
P_1-3_3135,P_1-2_2237,19.0
P_1-1-pt_8247,P_1-1-pt_494,24.0
P_1-1-pt_8247,P_1-1-pt_2162,23.0
P_1-1-pt_8247,P_1-2_2795,3016.0
P_1-1-pt_8247,P_1-1-pt_1296,16.0
P_1-1-pt_8247,P_1-1-pt_1420,3237.0
P_1-1-pt_8247,P_1-1-pt_4262,25.0
P_1-1-pt_8247,P_1-1-pt_3386,37.0
P_1-1-pt_4785,P_1-3_1213,11.0
P_1-1-pt_4785,P_1-3_2180,23.0
P_1-1-pt_4785,P_2-1_4930,26.0
P_1-3_1213,P_1-1-pt_4785,11.0
P_1-3_1213,P_2-1_3664,18.0
P_1-3_1213,P_1-2_2422,11.0
P_1-1-pt_530,P_1-3_2955,11.0
P_1-1-pt_530,P_1-1-pt_761,27.0
P_1-1-pt_530,P_1-1-pt_6297,32.0
P_1-1-pt_3512,P_1-1-pt_6389,509.0
P_1-1-pt_3512,P_1-2_671,2543.0
P_1-1-pt_3512,P_1-1-pt_4262,26.0
P_1-1-pt_3512,P_1-1-pt_3386,37.0
P_1-1-pt_3512,P_1-1-pt_7664,62.0
P_1-1-pt_6389,P_1-1-pt_3512,509.0
P_1-1-pt_6389,P_1-1-pt_1226,31.0
P_1-1-pt_6389,P_2-1_3764,20.0
P_1-1-pt_6389,P_2-1_2925,20.0
P_1-1-pt_6389,P_1-1-pt_8137,27.0
P_1-1-pt_6389,P_1-1-pt_1108,8.0
P_1-1-pt_8137,P_1-1-pt_7325,4049.0
P_1-1-pt_8137,P_1-1-pt_3275,27.0
P_1-1-pt_8137,P_1-1-pt_1560,27.0
P_1-1-pt_8137,P_1-1-pt_1966,28.0
P_1-1-pt_8137,P_1-1-pt_4595,19.0
P_1-1-pt_8137,P_1-1-pt_5906,27.0
P_1-1-pt_8137,P_1-1-pt_1226,28.0
P_1-1-pt_8137,P_1-1-pt_3624,25.0
P_1-1-pt_8137,P_1-1-pt_1304,1.0
P_1-1-pt_8137,P_2-1_3764,20.0
P_1-1-pt_8137,P_2-1_2925,20.0
P_1-1-pt_8137,P_1-1-pt_1108,26.0
P_1-1-pt_8137,P_1-1-veh_105,49.0
P_1-1-pt_8137,P_1-2_1203,50.0
P_1-1-pt_8137,P_1-2_2554,47.0
P_1-1-pt_8137,P_1-1-pt_6389,27.0
P_2-1_2486,P_2-1_5001,474.0
P_2-1_2486,P_2-1_3601,74.0
P_2-1_2486,P_2-1_1248,19.0
P_2-1_2486,P_1-2_5518,18.0
P_2-1_2486,P_1-2_1063,16.0
P_2-1_1463,P_1-2_5288,19.0
P_2-1_1463,P_1-3_268,19.0
P_2-1_1463,P_1-3_28,18.0
P_2-1_1463,P_1-3_234,35.0
P_2-1_1463,P_1-2_3879,38.0
P_2-1_1463,P_1-3_2773,19.0
P_2-1_1463,P_1-3_4262,17.0
P_2-1_1463,P_1-2_4376,18.0
P_2-1_1463,P_1-3_1676,18.0
P_2-1_1463,P_1-3_5144,18.0
P_2-1_1463,P_1-3_2786,18.0
P_2-1_1463,P_1-3_5475,19.0
P_2-1_1463,P_1-2_4853,25.0
P_2-1_1463,P_2-1_6130,26.0
P_2-1_1463,P_1-1-veh_610,13.0
P_1-2_4962,P_1-1-pt_527,2105.0
P_1-3_2633,P_1-2_4634,72.0
P_1-3_2633,P_1-3_4775,72.0
P_1-3_2633,P_1-3_2410,24.0
P_1-3_2633,P_1-3_3253,86.0
P_1-3_2633,P_1-3_2018,24.0
P_1-3_2633,P_1-2_5210,55.0
P_1-3_2633,P_1-2_573,51.0
P_1-3_2633,P_1-2_3693,9.0
P_1-3_2633,P_1-3_4954,58.0
P_1-3_2633,P_1-3_4875,59.0
P_1-3_2633,P_1-3_3410,72.0
P_1-3_2881,P_1-2_5252,18.0
P_1-3_2881,P_1-3_5117,18.0
P_1-3_2881,P_1-2_2183,19.0
P_1-3_2881,P_1-3_5537,19.0
P_1-3_3494,P_1-1-pt_7763,10.0
P_1-3_3494,P_1-3_2323,19.0
P_1-3_3494,P_1-1-pt_7760,66.0
P_1-3_3494,P_1-3_2955,44.0
P_1-3_3494,P_1-3_3759,15.0
P_1-3_2424,P_1-3_1027,18.0
P_1-3_2424,P_1-1-pt_8611,24.0
P_1-3_2424,P_1-2_4249,341.0
P_1-1-pt_8735,P_1-1-pt_498,25.0
P_1-1-pt_8735,P_1-1-pt_1723,325.0
P_1-1-pt_8735,P_1-2_4266,4305.0
P_1-1-pt_8735,P_1-3_743,47.0
P_1-1-pt_8735,P_1-3_2599,46.0
P_1-1-pt_8735,P_1-2_5745,47.0
P_1-1-pt_8735,P_1-1-pt_8289,24.0
P_1-1-pt_8735,P_1-3_3076,23.0
P_1-1-pt_8735,P_1-2_5753,24.0
P_1-1-pt_8735,P_1-1-pt_182,25.0
P_1-1-pt_8735,P_1-3_4289,24.0
P_1-1-pt_8735,P_1-2_609,24.0
P_1-1-veh_603,P_1-2_5252,19.0
P_1-1-veh_603,P_1-3_5117,19.0
P_1-1-veh_603,P_1-2_2183,19.0
P_1-1-veh_603,P_1-3_5537,19.0
P_1-3_2076,P_1-2_3378,44.0
P_1-3_2076,P_1-2_3077,44.0
P_1-3_2076,P_1-3_2180,336.0
P_1-3_2076,P_1-2_5020,44.0
P_1-3_2076,P_1-2_2422,24.0
P_1-3_2076,P_1-2_5092,45.0
P_1-3_2076,P_1-3_5354,48.0
P_1-3_2076,P_1-3_4587,23.0
P_2-1_499,P_1-2_5288,18.0
P_2-1_499,P_1-3_268,18.0
P_2-1_499,P_1-3_28,19.0
P_2-1_499,P_1-3_234,19.0
P_2-1_499,P_2-1_804,1599.0
P_2-1_499,P_1-2_3879,39.0
P_2-1_499,P_1-3_2773,19.0
P_2-1_499,P_1-3_4262,18.0
P_2-1_499,P_1-2_4376,18.0
P_2-1_499,P_1-3_1676,19.0
P_2-1_499,P_1-3_5144,18.0
P_2-1_499,P_1-3_2786,19.0
P_2-1_499,P_1-3_5475,18.0
P_2-1_499,P_1-2_4853,25.0
P_2-1_499,P_2-1_6130,24.0
P_1-2_4266,P_1-1-pt_498,23.0
P_1-2_4266,P_1-1-pt_1723,237.0
P_1-2_4266,P_1-1-pt_8735,4305.0
P_1-2_4266,P_1-3_743,49.0
P_1-2_4266,P_1-1-pt_8184,12.0
P_1-2_4266,P_1-3_2599,49.0
P_1-2_4266,P_1-2_5745,49.0
P_1-2_4266,P_1-1-pt_8289,23.0
P_1-2_4266,P_1-3_3076,24.0
P_1-2_4266,P_1-2_5753,25.0
P_1-2_4266,P_1-1-pt_182,23.0
P_1-2_4266,P_1-3_4289,25.0
P_1-2_4266,P_1-2_609,25.0
P_1-1-pt_1714,P_1-2_3389,10.0
P_1-1-pt_1714,P_1-2_4771,46.0
P_1-1-pt_1714,P_1-1-pt_3629,50.0
P_1-1-pt_1714,P_1-2_2287,26.0
P_1-1-pt_1714,P_1-3_1785,23.0
P_1-1-pt_1714,P_1-3_874,10.0
P_1-1-pt_1714,P_1-3_4168,22.0
P_1-1-pt_1714,P_1-2_3081,23.0
P_1-1-pt_1714,P_1-3_2053,23.0
P_1-1-pt_1714,P_1-2_5951,24.0
P_1-1-pt_1714,P_1-3_4690,24.0
P_1-1-pt_3629,P_1-2_4771,96.0
P_1-1-pt_3629,P_1-1-pt_1714,50.0
P_1-1-pt_3629,P_1-2_2287,48.0
P_1-1-pt_3629,P_1-3_1785,48.0
P_1-1-pt_3629,P_1-2_3081,48.0
P_2-1_2293,P_1-1-pt_5258,23.0
P_2-1_2293,P_1-3_4253,18.0
P_2-1_2293,P_1-1-pt_7959,10.0
P_2-1_2293,P_2-1_5841,20.0
P_2-1_2293,P_1-1-pt_6381,28.0
P_2-1_2293,P_1-1-veh_824,20.0
P_2-1_2293,P_1-1-pt_2342,25.0
P_1-2_5543,P_1-2_2180,18.0
P_1-2_5543,P_1-3_4262,18.0
P_1-2_5543,P_1-3_5144,35.0
P_1-2_5543,P_1-3_2786,20.0
P_1-2_5543,P_1-3_5475,19.0
P_1-2_5543,P_1-1-pt_7915,30.0
P_1-2_5543,P_1-1-pt_6974,50.0
P_1-2_5543,P_1-1-pt_98,19.0
P_1-2_2875,P_1-3_2955,22.0
P_1-2_2875,P_1-1-pt_977,142.0
P_1-2_2875,P_1-1-pt_494,29.0
P_1-2_2875,P_1-1-pt_2162,31.0
P_1-2_2875,P_1-3_3536,41.0
P_1-2_2875,P_1-3_5123,43.0
P_1-2_2875,P_1-3_458,21.0
P_1-3_1604,P_1-3_2171,18.0
P_1-3_1604,P_1-1-pt_3931,55.0
P_1-3_1604,P_1-1-pt_2431,51.0
P_1-3_2171,P_1-3_1604,18.0
P_1-3_2171,P_2-1_5067,22.0
P_2-1_4788,P_1-2_1805,19.0
P_2-1_4788,P_2-1_1609,19.0
P_2-1_4788,P_1-2_4376,19.0
P_2-1_4788,P_1-3_1676,18.0
P_2-1_4788,P_1-3_5144,19.0
P_2-1_4788,P_1-3_2786,18.0
P_2-1_4788,P_1-3_5475,18.0
P_2-1_4788,P_1-2_4853,36.0
P_2-1_4788,P_2-1_6130,24.0
P_1-3_403,P_1-1-pt_1121,46.0
P_1-3_403,P_1-2_2554,16.0
P_1-3_403,P_1-3_2323,25.0
P_1-3_403,P_1-3_528,39.0
P_1-1-pt_776,P_1-1-pt_7142,30.0
P_1-1-pt_776,P_1-1-pt_7760,27.0
P_1-1-pt_776,P_1-3_2053,24.0
P_1-1-pt_776,P_1-1-pt_6297,50.0
P_1-1-pt_776,P_1-1-pt_5199,31.0
P_1-1-pt_776,P_1-2_303,64.0
P_1-1-pt_776,P_1-1-pt_6931,26.0
P_1-1-pt_776,P_1-1-pt_4996,28.0
P_1-1-pt_776,P_1-2_2543,24.0
P_1-1-pt_2961,P_1-1-pt_3176,36.0
P_1-1-pt_2961,P_2-1_3058,39.0
P_1-1-pt_2961,P_1-2_3224,22.0
P_1-1-pt_2961,P_1-1-pt_8968,55.0
P_1-1-pt_2961,P_2-1_3664,18.0
P_1-1-pt_3176,P_1-1-pt_2961,36.0
P_2-1_5841,P_1-1-pt_6381,11.0
P_2-1_5841,P_2-1_5552,249.0
P_2-1_5841,P_2-1_2293,20.0
P_2-1_5841,P_1-2_163,20.0
P_1-1-pt_1560,P_1-1-pt_255,27.0
P_1-1-pt_1560,P_1-1-pt_1108,50.0
P_1-1-pt_1560,P_1-1-pt_3275,2030.0
P_1-1-pt_1560,P_1-1-pt_494,20.0
P_1-1-pt_1560,P_1-1-pt_2162,19.0
P_1-1-pt_1560,P_1-1-pt_5897,27.0
P_1-1-pt_1560,P_1-1-pt_4671,27.0
P_1-1-pt_1560,P_1-1-pt_1270,27.0
P_1-1-pt_1560,P_1-1-pt_4919,27.0
P_1-1-pt_1560,P_1-1-pt_1304,27.0
P_1-1-pt_1560,P_1-1-pt_7863,27.0
P_1-1-pt_1560,P_1-1-pt_5193,27.0
P_1-1-pt_1560,P_1-1-pt_7325,28.0
P_1-1-pt_1560,P_1-1-pt_8137,27.0
P_1-1-pt_1560,P_1-1-pt_8762,27.0
P_1-1-pt_1560,P_1-1-pt_1138,26.0
P_1-1-pt_1560,P_1-1-pt_5298,50.0
P_1-1-pt_1560,P_1-1-pt_7732,32.0
P_1-1-pt_255,P_1-1-pt_1560,27.0
P_1-1-pt_255,P_1-1-pt_2606,27.0
P_1-1-pt_255,P_1-1-pt_1966,27.0
P_1-1-pt_255,P_1-1-pt_5906,27.0
P_1-1-pt_255,P_1-1-pt_1238,27.0
P_1-1-pt_255,P_1-1-pt_3916,27.0
P_1-1-pt_255,P_1-1-pt_1226,27.0
P_1-1-pt_255,P_1-1-pt_3409,25.0
P_1-1-pt_255,P_1-1-pt_3624,26.0
P_1-1-pt_255,P_1-1-pt_3097,27.0
P_1-1-pt_255,P_1-1-pt_761,26.0
P_1-1-pt_8969,P_1-1-pt_1006,25.0
P_1-1-pt_8969,P_1-1-pt_7938,25.0
P_1-1-pt_8969,P_1-1-pt_3931,24.0
P_1-1-pt_8969,P_1-1-pt_2863,24.0
P_1-1-pt_8969,P_1-1-pt_3353,25.0
P_1-2_2795,P_1-1-pt_8247,3016.0
P_1-2_2795,P_1-1-pt_1420,1852.0
P_1-2_2795,P_1-1-pt_4262,21.0
P_1-2_2795,P_1-1-pt_3386,38.0
P_1-1-pt_1138,P_1-2_263,28.0
P_1-1-pt_1138,P_1-1-pt_8762,2053.0
P_1-1-pt_1138,P_1-1-pt_1798,757.0
P_1-1-pt_1138,P_1-1-pt_3275,28.0
P_1-1-pt_1138,P_1-1-pt_1560,26.0
P_1-1-pt_1138,P_1-1-pt_1966,26.0
P_1-1-pt_1138,P_1-1-pt_4595,26.0
P_1-1-pt_1138,P_1-2_2702,34.0
P_1-1-pt_1138,P_1-1-pt_5392,49.0
P_1-2_263,P_1-1-pt_1138,28.0
P_1-2_263,P_1-1-pt_5115,17.0
P_1-2_263,P_1-1-pt_7732,24.0
P_1-1-pt_3769,P_1-1-pt_6368,29.0
P_1-1-pt_3769,P_1-1-pt_2606,27.0
P_1-1-pt_3769,P_1-1-pt_5897,2248.0
P_1-1-pt_3769,P_1-1-pt_5906,27.0
P_1-1-pt_3769,P_1-1-pt_1238,27.0
P_1-1-pt_3769,P_1-1-pt_3916,27.0
P_1-1-pt_3769,P_1-1-pt_1226,26.0
P_1-1-pt_3769,P_1-1-pt_1108,1.0
P_1-1-pt_3769,P_1-1-pt_3409,25.0
P_1-1-pt_3769,P_1-1-pt_3624,26.0
P_1-1-pt_3769,P_1-1-veh_792,76.0
P_1-1-pt_3769,P_2-1_3764,17.0
P_1-1-pt_3769,P_2-1_2925,18.0
P_1-1-pt_3769,P_1-1-pt_1473,31.0
P_1-1-pt_3769,P_1-1-pt_6297,27.0
P_1-1-pt_3769,P_1-1-pt_4671,27.0
P_1-1-pt_3769,P_1-1-pt_4919,26.0
P_1-1-pt_6368,P_1-1-pt_3769,29.0
P_1-1-pt_6368,P_1-1-pt_4595,25.0
P_1-1-pt_6368,P_1-1-pt_8545,16.0
P_1-1-pt_6368,P_1-1-pt_1306,71.0
P_1-1-pt_6368,P_1-2_4208,25.0
P_1-1-pt_6368,P_1-3_3755,28.0
P_1-1-pt_6368,P_1-3_5334,9.0
P_1-1-pt_5666,P_1-1-pt_3207,741.0
P_1-1-pt_5666,P_1-1-pt_571,49.0
P_1-1-pt_5666,P_1-1-pt_3230,50.0
P_1-1-pt_5666,P_1-1-pt_8280,50.0
P_1-1-pt_5666,P_1-1-pt_4879,55.0
P_1-1-pt_5666,P_1-1-pt_1497,85.0
P_1-1-pt_5666,P_1-1-pt_521,54.0
P_1-1-pt_5666,P_1-1-pt_2920,28.0
P_1-1-pt_5666,P_1-2_4940,22.0
P_1-1-pt_5666,P_1-1-veh_610,23.0
P_1-1-pt_5666,P_1-1-veh_767,24.0
P_1-1-pt_5666,P_1-2_303,21.0
P_1-1-pt_5666,P_1-1-pt_1296,49.0
P_1-3_1535,P_1-1-pt_498,24.0
P_1-1-pt_394,P_1-1-pt_4262,31.0
P_1-1-pt_394,P_1-2_5252,11.0
P_1-1-pt_394,P_1-3_5117,10.0
P_1-1-pt_394,P_1-2_2183,11.0
P_1-1-pt_394,P_1-3_5537,10.0
P_1-1-pt_394,P_1-1-pt_5997,1225.0
P_1-1-pt_394,P_1-1-pt_4541,1194.0
P_1-2_2237,P_1-2_3488,48.0
P_1-2_2237,P_1-1-pt_2129,42.0
P_1-2_2237,P_1-1-pt_1039,42.0
P_1-2_2237,P_1-1-pt_5275,42.0
P_1-2_2237,P_1-1-pt_1700,42.0
P_1-2_2237,P_1-3_3135,19.0
P_1-2_2237,P_1-2_4791,29.0
P_1-2_3488,P_1-2_2237,48.0
P_1-2_3488,P_1-1-pt_2129,47.0
P_1-2_3488,P_1-1-pt_1039,46.0
P_1-2_3488,P_1-1-pt_5275,47.0
P_1-2_3488,P_1-1-pt_1700,47.0
P_1-2_3488,P_1-3_17,25.0
P_1-1-pt_2425,P_2-1_2987,10.0
P_1-1-pt_2425,P_1-2_1285,3646.0
P_1-1-pt_2425,P_1-1-pt_2342,18.0
P_1-1-pt_2425,P_1-1-pt_841,35.0
P_1-1-pt_2425,P_2-1_2911,1135.0
P_1-1-pt_2425,P_1-1-pt_1601,24.0
P_2-1_2987,P_1-1-pt_2425,10.0
P_2-1_2987,P_1-1-pt_2342,22.0
P_2-1_2987,P_1-3_80,25.0
P_1-1-pt_1669,P_1-2_1494,24.0
P_1-1-pt_1669,P_1-1-pt_7959,16.0
P_1-1-pt_1669,P_1-1-pt_6381,25.0
P_1-2_671,P_1-1-pt_1296,16.0
P_1-2_671,P_1-2_1559,92.0
P_1-2_671,P_1-1-pt_3512,2543.0
P_1-2_671,P_1-1-pt_4262,20.0
P_1-2_671,P_1-1-pt_3386,36.0
P_1-2_671,P_1-1-pt_7664,99.0
P_1-1-pt_8611,P_1-2_5252,10.0
P_1-1-pt_8611,P_1-2_2473,20.0
P_1-1-pt_8611,P_1-2_4249,24.0
P_1-1-pt_8611,P_1-3_2424,24.0
P_1-1-pt_8611,P_1-3_5117,10.0
P_1-1-pt_8611,P_1-2_2183,10.0
P_1-1-pt_8611,P_1-3_5537,10.0
P_1-1-pt_8611,P_1-1-pt_5997,1404.0
P_1-3_4822,P_1-2_1640,18.0
P_1-3_4822,P_1-2_5641,19.0
P_1-3_4822,P_1-2_4327,2.0
P_1-3_4822,P_1-2_4724,609.0
P_2-1_5419,P_1-1-pt_1329,22.0
P_2-1_5419,P_1-1-pt_3489,23.0
P_2-1_5419,P_1-1-pt_4879,26.0
P_2-1_5419,P_1-2_250,105.0
P_2-1_5419,P_1-1-pt_3858,30.0
P_2-1_5419,P_1-1-pt_6413,278.0
P_2-1_5419,P_1-1-pt_2162,24.0
P_2-1_5419,P_1-1-pt_3409,39.0
P_2-1_4232,P_2-1_4930,25.0
P_2-1_4232,P_1-1-pt_8085,14.0
P_2-1_4232,P_1-2_829,18.0
P_2-1_4232,P_1-1-pt_6358,210.0
P_2-1_4232,P_1-1-veh_407,18.0
P_2-1_4930,P_2-1_4232,25.0
P_2-1_4930,P_1-3_5451,14.0
P_2-1_4930,P_1-1-pt_8085,22.0
P_2-1_4930,P_1-3_1140,23.0
P_2-1_4930,P_1-3_5354,23.0
P_2-1_4930,P_1-2_4955,185.0
P_2-1_4930,P_1-1-pt_4785,26.0
P_2-1_4930,P_1-2_4715,3.0
P_1-1-pt_1108,P_1-1-pt_1560,50.0
P_1-1-pt_1108,P_1-1-pt_2606,26.0
P_1-1-pt_1108,P_1-1-pt_1966,26.0
P_1-1-pt_1108,P_1-1-pt_5906,27.0
P_1-1-pt_1108,P_1-1-pt_1238,27.0
P_1-1-pt_1108,P_1-1-pt_3916,27.0
P_1-1-pt_1108,P_1-1-pt_1226,576.0
P_1-1-pt_1108,P_1-1-veh_792,25.0
P_1-1-pt_1108,P_1-1-pt_494,7.0
P_1-1-pt_1108,P_1-1-pt_2162,7.0
P_1-1-pt_1108,P_1-1-pt_5897,3.0
P_1-1-pt_1108,P_1-1-pt_3769,1.0
P_1-1-pt_1108,P_1-1-pt_4671,8.0
P_1-1-pt_1108,P_1-1-pt_1270,26.0
P_1-1-pt_1108,P_1-1-pt_4919,27.0
P_1-1-pt_1108,P_1-1-pt_1304,53.0
P_1-1-pt_1108,P_1-1-veh_105,110.0
P_1-1-pt_1108,P_1-2_1203,105.0
P_1-1-pt_1108,P_1-2_2554,40.0
P_1-1-pt_1108,P_1-1-pt_8137,26.0
P_1-1-pt_1108,P_1-1-pt_6389,8.0
P_1-1-pt_977,P_1-2_2875,142.0
P_1-1-pt_977,P_1-3_3536,22.0
P_1-1-pt_977,P_1-3_5123,18.0
P_1-1-pt_977,P_1-3_458,22.0
P_2-1_3664,P_1-3_1213,18.0
P_2-1_3664,P_1-2_2215,34.0
P_2-1_3664,P_1-3_2180,26.0
P_2-1_3664,P_1-2_2422,12.0
P_2-1_3664,P_2-1_3058,306.0
P_2-1_3664,P_1-1-pt_8968,18.0
P_2-1_3664,P_1-1-pt_2961,18.0
P_1-1-pt_3931,P_1-1-pt_7277,24.0
P_1-1-pt_3931,P_1-2_3214,43.0
P_1-1-pt_3931,P_1-2_4715,18.0
P_1-1-pt_3931,P_1-2_2653,20.0
P_1-1-pt_3931,P_1-1-pt_2770,25.0
P_1-1-pt_3931,P_1-1-pt_6355,26.0
P_1-1-pt_3931,P_1-2_4454,24.0
P_1-1-pt_3931,P_1-2_3590,23.0
P_1-1-pt_3931,P_1-1-pt_8982,26.0
P_1-1-pt_3931,P_1-1-pt_2863,26.0
P_1-1-pt_3931,P_1-1-pt_8969,24.0
P_1-1-pt_3931,P_1-2_4609,50.0
P_1-1-pt_3931,P_1-2_2338,44.0
P_1-1-pt_3931,P_1-3_1604,55.0
P_1-1-pt_3931,P_1-1-pt_2431,45.0
P_1-1-pt_3931,P_1-2_4329,82.0
P_1-1-pt_5357,P_1-3_990,92.0
P_1-1-pt_5357,P_1-1-pt_4262,25.0
P_1-1-pt_5357,P_1-1-pt_3386,51.0
P_1-1-pt_5275,P_1-2_3488,47.0
P_1-1-pt_5275,P_1-2_2237,42.0
P_1-1-pt_5275,P_1-1-pt_2129,48.0
P_1-1-pt_5275,P_1-1-pt_1039,48.0
P_1-1-pt_5275,P_1-1-pt_1700,49.0
P_1-3_3076,P_1-1-pt_1723,154.0
P_1-3_3076,P_1-3_743,49.0
P_1-3_3076,P_1-3_2599,25.0
P_1-3_3076,P_1-2_5745,24.0
P_1-3_3076,P_1-1-pt_8289,24.0
P_1-3_3076,P_1-1-pt_8735,23.0
P_1-3_3076,P_1-2_4266,24.0
P_1-3_3076,P_1-2_5753,25.0
P_1-3_3076,P_1-1-pt_182,23.0
P_1-3_3076,P_1-3_4289,24.0
P_1-1-pt_3275,P_1-1-pt_1560,2030.0
P_1-1-pt_3275,P_1-1-pt_494,20.0
P_1-1-pt_3275,P_1-1-pt_2162,18.0
P_1-1-pt_3275,P_1-1-pt_5897,27.0
P_1-1-pt_3275,P_1-1-pt_4671,27.0
P_1-1-pt_3275,P_1-1-pt_1270,26.0
P_1-1-pt_3275,P_1-1-pt_4919,27.0
P_1-1-pt_3275,P_1-1-pt_1304,27.0
P_1-1-pt_3275,P_1-1-pt_7863,26.0
P_1-1-pt_3275,P_1-1-pt_5193,27.0
P_1-1-pt_3275,P_1-1-pt_7325,27.0
P_1-1-pt_3275,P_1-1-pt_8137,27.0
P_1-1-pt_3275,P_1-1-pt_8762,27.0
P_1-1-pt_3275,P_1-1-pt_1138,28.0
P_1-1-pt_3275,P_1-1-pt_1966,27.0
P_1-1-pt_3275,P_1-1-pt_4595,29.0
P_1-1-pt_3275,P_1-1-pt_5906,28.0
P_1-1-pt_3275,P_1-1-pt_5942,29.0
P_1-1-pt_5997,P_1-2_5252,11.0
P_1-1-pt_5997,P_1-3_1571,25.0
P_1-1-pt_5997,P_1-3_5117,13.0
P_1-1-pt_5997,P_1-2_2183,11.0
P_1-1-pt_5997,P_1-3_5537,11.0
P_1-1-pt_5997,P_1-1-pt_8611,1404.0
P_1-1-pt_5997,P_1-1-pt_394,1225.0
P_1-1-pt_5997,P_1-1-pt_4541,1150.0
P_1-2_315,P_1-2_1640,19.0
P_1-2_315,P_1-2_5641,18.0
P_1-2_315,P_1-2_1219,102.0
P_1-2_315,P_1-2_4270,18.0
P_1-2_1255,P_1-1-pt_6974,37.0
P_1-2_1255,P_1-1-pt_3858,11.0
P_1-2_1255,P_1-1-pt_2369,16.0
P_1-2_1255,P_1-1-pt_7208,62.0
P_1-2_1255,P_1-1-pt_2503,26.0
P_1-2_1255,P_1-2_1596,13.0
P_1-2_1255,P_1-1-pt_4919,26.0
P_1-2_1255,P_1-1-veh_234,11.0
P_1-1-pt_4541,P_1-2_5252,11.0
P_1-1-pt_4541,P_1-3_5117,10.0
P_1-1-pt_4541,P_1-2_2183,10.0
P_1-1-pt_4541,P_1-3_5537,10.0
P_1-1-pt_4541,P_1-1-pt_394,1194.0
P_1-1-pt_4541,P_1-1-pt_5997,1150.0
P_1-1-pt_1966,P_1-1-pt_6031,27.0
P_1-1-pt_1966,P_1-1-pt_255,27.0
P_1-1-pt_1966,P_1-1-pt_1108,26.0
P_1-1-pt_1966,P_1-1-pt_494,28.0
P_1-1-pt_1966,P_1-1-pt_2162,27.0
P_1-1-pt_1966,P_1-1-pt_5897,26.0
P_1-1-pt_1966,P_1-1-pt_4671,27.0
P_1-1-pt_1966,P_1-1-pt_1270,27.0
P_1-1-pt_1966,P_1-1-pt_4919,27.0
P_1-1-pt_1966,P_1-1-pt_1304,37.0
P_1-1-pt_1966,P_1-1-pt_7863,26.0
P_1-1-pt_1966,P_1-1-pt_5193,27.0
P_1-1-pt_1966,P_1-1-pt_7325,28.0
P_1-1-pt_1966,P_1-1-pt_8137,28.0
P_1-1-pt_1966,P_1-1-pt_8762,27.0
P_1-1-pt_1966,P_1-1-pt_1138,26.0
P_1-1-pt_1966,P_1-1-pt_654,23.0
P_1-1-pt_1966,P_1-1-pt_3275,27.0
P_1-1-veh_767,P_1-1-pt_5199,45.0
P_1-1-veh_767,P_1-1-pt_5666,24.0
P_1-1-veh_767,P_1-1-pt_3207,214.0
P_1-1-veh_767,P_1-1-pt_2880,24.0
P_1-1-veh_767,P_1-1-pt_6743,24.0
P_1-1-veh_767,P_1-1-pt_8280,23.0
P_1-1-veh_767,P_1-1-pt_521,23.0
P_1-1-veh_767,P_1-1-pt_6974,17.0
P_1-1-veh_767,P_1-1-pt_5167,25.0
P_1-1-veh_767,P_1-1-pt_1747,25.0
P_1-1-veh_767,P_1-1-pt_3671,22.0
P_1-1-veh_767,P_2-1_1878,16.0
P_1-1-veh_767,P_1-3_3339,24.0
P_1-1-pt_4380,P_1-1-pt_7440,24.0
P_1-1-pt_4380,P_1-2_3702,676.0
P_1-3_458,P_1-1-pt_5942,64.0
P_1-3_458,P_1-1-pt_2808,22.0
P_1-3_458,P_1-1-pt_977,22.0
P_1-3_458,P_1-2_2875,21.0
P_1-2_1219,P_1-2_1640,18.0
P_1-2_1219,P_1-2_5641,19.0
P_1-2_1219,P_1-3_547,18.0
P_1-2_1219,P_1-2_315,102.0
P_1-1-pt_1601,P_1-1-pt_6355,28.0
P_1-1-pt_1601,P_1-1-pt_7938,41.0
P_1-1-pt_1601,P_1-1-pt_2844,25.0
P_1-1-pt_1601,P_1-3_5550,26.0
P_1-1-pt_1601,P_2-1_5799,23.0
P_1-1-pt_1601,P_1-3_4492,23.0
P_1-1-pt_1601,P_1-3_2528,23.0
P_1-1-pt_1601,P_1-1-pt_2425,24.0
P_1-1-pt_1601,P_2-1_2911,23.0
P_1-1-pt_1601,P_1-2_1285,23.0
P_1-1-pt_1601,P_2-1_842,21.0
P_1-1-pt_1601,P_1-3_5451,24.0
P_1-1-pt_1601,P_1-3_1140,14.0
P_1-2_3692,P_1-1-pt_5115,24.0
P_2-1_1878,P_2-1_6130,18.0
P_2-1_1878,P_1-1-pt_7915,39.0
P_2-1_1878,P_1-1-veh_767,16.0
P_1-3_2278,P_1-3_3793,25.0
P_1-3_2278,P_2-1_6274,48.0
P_1-3_3793,P_1-3_2278,25.0
P_1-3_3793,P_1-1-pt_560,24.0
P_1-3_3793,P_1-3_870,24.0
P_2-1_213,P_1-2_5288,19.0
P_2-1_213,P_1-3_2374,18.0
P_2-1_213,P_1-3_268,18.0
P_2-1_213,P_1-3_28,18.0
P_2-1_213,P_1-3_234,18.0
P_2-1_213,P_1-2_3879,18.0
P_2-1_213,P_1-3_2773,18.0
P_2-1_213,P_1-3_4262,19.0
P_2-1_213,P_1-2_4376,19.0
P_2-1_213,P_1-3_1676,19.0
P_2-1_213,P_1-3_5144,18.0
P_2-1_213,P_1-3_2786,19.0
P_2-1_213,P_1-3_5475,18.0
P_2-1_213,P_1-2_4853,24.0
P_2-1_213,P_2-1_6130,25.0
P_1-2_5020,P_1-3_2180,22.0
P_1-2_5020,P_1-3_2076,44.0
P_1-2_5020,P_1-2_3378,48.0
P_1-2_5020,P_1-2_3077,48.0
P_1-2_5020,P_1-2_5092,25.0
P_1-2_5020,P_1-3_5354,23.0
P_1-2_5020,P_1-3_4587,22.0
P_1-2_5020,P_1-2_5927,24.0
P_1-2_5020,P_1-2_3214,24.0
P_1-1-pt_725,P_1-2_5252,10.0
P_1-1-pt_725,P_1-3_5117,11.0
P_1-1-pt_725,P_1-2_4285,15.0
P_1-1-pt_725,P_1-2_2183,11.0
P_1-1-pt_725,P_1-3_5537,10.0
P_1-1-pt_1700,P_1-2_3488,47.0
P_1-1-pt_1700,P_1-2_2237,42.0
P_1-1-pt_1700,P_1-1-pt_2129,49.0
P_1-1-pt_1700,P_1-1-pt_1039,48.0
P_1-1-pt_1700,P_1-1-pt_5275,49.0
P_1-1-pt_1700,P_1-2_4464,18.0
P_1-2_5437,P_1-2_1640,19.0
P_1-2_5437,P_1-2_5641,18.0
P_1-2_5437,P_1-3_547,18.0
P_1-2_5437,P_1-2_3752,480.0
P_1-2_5437,P_1-1-pt_498,23.0
P_1-2_2543,P_1-3_990,52.0
P_1-2_2543,P_1-1-pt_654,258.0
P_1-2_2543,P_1-1-pt_4262,16.0
P_1-2_2543,P_1-1-pt_7664,25.0
P_1-2_2543,P_1-1-pt_776,24.0
P_1-1-pt_5897,P_1-1-pt_3275,27.0
P_1-1-pt_5897,P_1-1-pt_1560,27.0
P_1-1-pt_5897,P_1-1-pt_1966,26.0
P_1-1-pt_5897,P_1-1-pt_3769,2248.0
P_1-1-pt_5897,P_1-1-pt_5906,26.0
P_1-1-pt_5897,P_1-1-pt_1238,27.0
P_1-1-pt_5897,P_1-1-pt_3916,27.0
P_1-1-pt_5897,P_1-1-pt_1226,27.0
P_1-1-pt_5897,P_1-1-pt_1108,3.0
P_1-1-pt_5897,P_1-1-pt_3409,26.0
P_1-1-pt_5897,P_1-1-pt_3624,26.0
P_1-1-pt_5897,P_1-1-veh_792,79.0
P_1-1-pt_5897,P_2-1_3764,18.0
P_1-1-pt_5897,P_2-1_2925,17.0
P_1-1-pt_5897,P_1-1-pt_1473,31.0
P_1-1-pt_5897,P_1-1-pt_6297,27.0
P_1-1-pt_5897,P_1-1-pt_7760,150.0
P_1-3_3132,P_1-2_5288,19.0
P_1-3_3132,P_1-3_2374,18.0
P_1-3_3132,P_1-3_268,19.0
P_1-3_3132,P_1-2_1805,24.0
P_2-1_4127,P_1-2_3708,18.0
P_2-1_4127,P_1-3_3759,36.0
P_2-1_804,P_1-3_268,18.0
P_2-1_804,P_1-3_28,19.0
P_2-1_804,P_1-3_234,18.0
P_2-1_804,P_2-1_499,1599.0
P_2-1_804,P_1-2_3879,37.0
P_2-1_804,P_1-3_2773,19.0
P_2-1_804,P_1-3_4262,18.0
P_2-1_804,P_1-2_4376,19.0
P_2-1_804,P_1-3_1676,18.0
P_2-1_804,P_1-3_5144,18.0
P_2-1_804,P_1-3_2786,18.0
P_2-1_804,P_1-3_5475,18.0
P_2-1_804,P_1-2_4853,24.0
P_2-1_804,P_2-1_6130,24.0
P_1-1-pt_0,P_1-3_3579,57.0
P_1-1-pt_0,P_1-1-pt_1473,23.0
P_1-1-pt_0,P_1-1-pt_6031,45.0
P_1-2_3752,P_1-2_1640,19.0
P_1-2_3752,P_1-2_5641,19.0
P_1-2_3752,P_1-3_547,19.0
P_1-2_3752,P_1-2_5437,480.0
P_1-2_2564,P_1-2_1017,23.0
P_1-2_593,P_1-1-pt_4645,134.0
P_1-2_593,P_1-1-pt_5481,45.0
P_1-3_5354,P_2-1_4930,23.0
P_1-3_5354,P_1-3_4587,43.0
P_1-3_5354,P_1-2_4955,11.0
P_1-3_5354,P_1-2_2061,11.0
P_1-3_5354,P_1-3_2076,48.0
P_1-3_5354,P_1-2_5020,23.0
P_1-3_5354,P_1-2_3378,44.0
P_1-3_5354,P_1-2_3077,44.0
P_1-3_5354,P_1-2_5092,23.0
P_1-3_5354,P_1-3_2180,24.0
P_1-1-pt_1270,P_1-1-pt_3275,26.0
P_1-1-pt_1270,P_1-1-pt_1560,27.0
P_1-1-pt_1270,P_1-1-pt_1966,27.0
P_1-1-pt_1270,P_1-1-pt_5906,26.0
P_1-1-pt_1270,P_1-1-pt_1238,27.0
P_1-1-pt_1270,P_1-1-pt_3916,27.0
P_1-1-pt_1270,P_1-1-pt_1108,26.0
P_1-1-pt_1270,P_1-1-pt_1226,27.0
P_1-1-pt_1270,P_1-1-pt_3409,416.0
P_1-1-pt_1270,P_1-1-pt_3624,25.0
P_1-1-pt_1270,P_1-1-veh_792,80.0
P_1-1-pt_1270,P_1-1-pt_4919,469.0
P_1-1-pt_1270,P_2-1_3764,18.0
P_1-1-pt_1270,P_2-1_2925,18.0
P_1-1-pt_1270,P_2-1_63,16.0
P_1-1-pt_1270,P_1-2_1612,16.0
P_1-1-pt_1270,P_1-1-pt_6453,25.0
P_1-1-pt_1270,P_1-3_3245,23.0
P_1-2_2215,P_1-3_4291,49.0
P_1-2_2215,P_1-3_5020,49.0
P_1-2_2215,P_2-1_3664,34.0
P_1-3_4291,P_1-2_2215,49.0
P_1-3_4291,P_1-3_5020,50.0
P_1-1-pt_4919,P_1-1-pt_3275,27.0
P_1-1-pt_4919,P_1-1-pt_1560,27.0
P_1-1-pt_4919,P_1-1-pt_1966,27.0
P_1-1-pt_4919,P_1-1-pt_5906,26.0
P_1-1-pt_4919,P_1-1-pt_1238,26.0
P_1-1-pt_4919,P_1-1-pt_3916,27.0
P_1-1-pt_4919,P_1-1-pt_1108,27.0
P_1-1-pt_4919,P_1-1-pt_1226,27.0
P_1-1-pt_4919,P_1-1-pt_3624,26.0
P_1-1-pt_4919,P_1-1-pt_1270,469.0
P_1-1-pt_4919,P_1-1-veh_792,48.0
P_1-1-pt_4919,P_2-1_3764,20.0
P_1-1-pt_4919,P_2-1_2925,17.0
P_1-1-pt_4919,P_1-1-pt_1473,30.0
P_1-1-pt_4919,P_1-1-pt_6297,31.0
P_1-1-pt_4919,P_1-1-pt_3769,26.0
P_1-1-pt_4919,P_1-1-pt_6031,28.0
P_1-1-pt_4919,P_1-2_1255,26.0
P_1-1-pt_654,P_1-2_2543,258.0
P_1-1-pt_654,P_1-2_2034,23.0
P_1-1-pt_654,P_1-1-pt_1966,23.0
P_1-1-pt_654,P_1-1-pt_3916,118.0
P_1-1-pt_1304,P_1-1-pt_3275,27.0
P_1-1-pt_1304,P_1-1-pt_1560,27.0
P_1-1-pt_1304,P_1-1-pt_1966,37.0
P_1-1-pt_1304,P_1-1-pt_5906,28.0
P_1-1-pt_1304,P_1-1-pt_1238,27.0
P_1-1-pt_1304,P_1-1-pt_3916,27.0
P_1-1-pt_1304,P_1-1-pt_1108,53.0
P_1-1-pt_1304,P_1-1-pt_1226,27.0
P_1-1-pt_1304,P_1-1-pt_3624,26.0
P_1-1-pt_1304,P_1-1-veh_792,44.0
P_1-1-pt_1304,P_1-1-pt_7863,9.0
P_1-1-pt_1304,P_1-1-veh_105,50.0
P_1-1-pt_1304,P_1-1-pt_8545,11.0
P_1-1-pt_1304,P_1-1-pt_5193,11.0
P_1-1-pt_1304,P_1-1-pt_8137,1.0
P_1-1-pt_1304,P_1-2_1203,53.0
P_1-1-pt_1304,P_1-2_2554,48.0
P_1-1-pt_4901,P_1-1-pt_5078,54.0
P_1-1-pt_4901,P_1-1-pt_8682,27.0
P_1-1-pt_4901,P_1-2_1596,22.0
P_1-1-pt_4901,P_1-1-veh_234,22.0
P_1-1-pt_4901,P_1-2_505,98.0
P_1-1-pt_4901,P_2-1_2384,42.0
P_1-1-pt_4901,P_1-1-pt_150,386.0
P_1-1-pt_1420,P_1-2_2795,1852.0
P_1-1-pt_1420,P_1-1-pt_8247,3237.0
P_1-1-pt_1420,P_1-1-pt_4262,26.0
P_1-1-pt_1420,P_1-1-pt_3386,37.0
P_1-1-pt_182,P_1-3_743,46.0
P_1-1-pt_182,P_1-1-pt_1723,50.0
P_1-1-pt_182,P_1-3_2599,24.0
P_1-1-pt_182,P_1-2_5745,23.0
P_1-1-pt_182,P_1-1-pt_8289,24.0
P_1-1-pt_182,P_1-1-pt_8735,25.0
P_1-1-pt_182,P_1-2_4266,23.0
P_1-1-pt_182,P_1-3_3076,23.0
P_1-1-pt_182,P_1-2_5753,23.0
P_1-1-pt_182,P_1-3_4289,23.0
P_1-1-pt_182,P_1-1-veh_834,23.0
P_1-1-pt_2529,P_1-2_6013,21.0
P_1-1-pt_2529,P_1-2_505,21.0
P_1-1-pt_2529,P_2-1_2384,21.0
P_1-1-pt_2529,P_2-1_2136,23.0
P_1-1-pt_2529,P_1-1-veh_65,41.0
P_1-1-pt_2529,P_1-1-pt_8830,86.0
P_1-1-pt_2529,P_1-1-pt_6931,25.0
P_1-1-pt_3595,P_1-1-pt_5913,60.0
P_1-1-pt_5913,P_1-1-pt_3595,60.0
P_1-1-pt_6273,P_1-1-pt_7763,24.0
P_1-1-pt_6273,P_1-3_528,38.0
P_1-1-pt_6273,P_1-3_2323,99.0
P_1-1-pt_6273,P_1-1-pt_7760,26.0
P_1-2_104,P_1-1-pt_4262,14.0
P_1-1-pt_5193,P_1-2_1313,13.0
P_1-1-pt_5193,P_1-1-pt_3275,27.0
P_1-1-pt_5193,P_1-1-pt_1560,27.0
P_1-1-pt_5193,P_1-1-pt_1966,27.0
P_1-1-pt_5193,P_1-1-pt_4595,25.0
P_1-1-pt_5193,P_1-1-pt_5906,27.0
P_1-1-pt_5193,P_1-1-pt_8545,1862.0
P_1-1-pt_5193,P_1-1-pt_1226,27.0
P_1-1-pt_5193,P_1-1-pt_3624,25.0
P_1-1-pt_5193,P_1-1-pt_1304,11.0
P_1-1-pt_5193,P_2-1_3764,20.0
P_1-1-pt_5193,P_2-1_2925,20.0
P_1-1-pt_5193,P_1-1-veh_792,24.0
P_1-1-pt_5193,P_2-1_63,34.0
P_1-1-pt_5193,P_1-2_1612,35.0
P_1-1-pt_5193,P_1-1-pt_6453,25.0
P_1-1-pt_5193,P_1-1-pt_8728,12.0
P_1-1-pt_5193,P_1-2_4483,13.0
P_1-2_1313,P_1-1-pt_5193,13.0
P_1-2_1313,P_1-3_990,13.0
P_1-1-pt_2770,P_1-1-pt_7938,25.0
P_1-1-pt_2770,P_1-1-pt_3931,25.0
P_1-1-pt_2770,P_1-1-pt_3353,25.0
P_1-3_4587,P_1-3_5354,43.0
P_1-3_4587,P_1-2_4955,11.0
P_1-3_4587,P_1-2_2061,11.0
P_1-3_4587,P_1-3_2076,23.0
P_1-3_4587,P_1-2_5020,22.0
P_1-3_4587,P_1-2_3077,26.0
P_1-3_4587,P_1-2_5092,22.0
P_1-1-pt_7863,P_1-1-pt_3275,26.0
P_1-1-pt_7863,P_1-1-pt_1560,27.0
P_1-1-pt_7863,P_1-1-pt_1966,26.0
P_1-1-pt_7863,P_1-1-pt_5906,27.0
P_1-1-pt_7863,P_1-1-pt_1226,27.0
P_1-1-pt_7863,P_1-1-pt_3624,26.0
P_1-1-pt_7863,P_1-1-pt_1304,9.0
P_1-1-pt_7863,P_2-1_3764,17.0
P_1-1-pt_7863,P_1-1-veh_792,57.0
P_1-1-pt_7863,P_2-1_63,17.0
P_1-1-pt_7863,P_1-2_1612,16.0
P_1-1-pt_7863,P_1-1-pt_6453,25.0
P_1-1-pt_7863,P_1-1-pt_8728,16.0
P_1-1-pt_7863,P_1-2_4483,17.0
P_1-3_4289,P_1-3_743,48.0
P_1-3_4289,P_1-1-pt_1723,39.0
P_1-3_4289,P_1-3_2599,25.0
P_1-3_4289,P_1-2_5745,24.0
P_1-3_4289,P_1-1-pt_8289,23.0
P_1-3_4289,P_1-1-pt_8735,24.0
P_1-3_4289,P_1-2_4266,25.0
P_1-3_4289,P_1-3_3076,24.0
P_1-3_4289,P_1-2_5753,24.0
P_1-3_4289,P_1-1-pt_182,23.0
P_1-3_4289,P_1-1-veh_834,24.0
P_1-2_505,P_1-1-pt_2529,21.0
P_1-2_505,P_1-1-pt_4901,98.0
P_1-2_505,P_1-1-pt_8068,17.0
P_1-2_505,P_2-1_2384,713.0
P_1-2_505,P_1-1-pt_4966,44.0
P_1-2_4791,P_1-3_4666,43.0
P_1-2_4791,P_1-2_1533,23.0
P_1-2_4791,P_1-3_5578,24.0
P_1-2_4791,P_1-3_635,23.0
P_1-2_4791,P_1-2_2237,29.0
P_1-3_4666,P_1-2_4791,43.0
P_1-3_4666,P_1-2_1533,40.0
P_1-3_4666,P_1-3_5578,37.0
P_1-3_4666,P_1-3_635,18.0
P_1-1-pt_2808,P_1-3_3759,5.0
P_1-1-pt_2808,P_1-3_1737,10.0
P_1-1-pt_2808,P_1-3_2643,11.0
P_1-1-pt_2808,P_1-3_1324,11.0
P_1-1-pt_2808,P_1-3_3536,10.0
P_1-1-pt_2808,P_1-3_5123,10.0
P_1-1-pt_2808,P_1-3_458,22.0
P_1-2_4715,P_1-1-pt_3931,18.0
P_1-2_4715,P_1-1-pt_3353,24.0
P_1-2_4715,P_1-1-pt_2342,183.0
P_1-2_4715,P_1-1-pt_3800,17.0
P_1-2_4715,P_2-1_4930,3.0
P_1-2_2715,P_2-1_2136,11.0
P_1-2_2715,P_1-1-veh_65,11.0
P_1-2_2715,P_1-1-pt_7142,25.0
P_1-2_2715,P_1-1-pt_150,25.0
P_1-2_2715,P_2-1_3119,23.0
P_1-3_2482,P_1-2_1025,44.0
P_1-3_2482,P_1-2_4098,2101.0
P_1-2_4955,P_1-3_5354,11.0
P_1-2_4955,P_1-1-pt_6516,11.0
P_1-2_4955,P_1-3_4587,11.0
P_1-2_4955,P_2-1_4930,185.0
P_1-2_4955,P_1-1-pt_841,40.0
P_1-2_4955,P_1-1-pt_8085,39.0
P_1-1-pt_6516,P_1-2_4955,11.0
P_1-1-pt_6516,P_1-2_2061,11.0
P_1-1-pt_6516,P_1-1-pt_8968,44.0
P_1-1-pt_6516,P_1-2_829,24.0
P_1-1-pt_6516,P_1-1-veh_407,24.0
P_1-1-pt_6358,P_1-2_829,586.0
P_1-1-pt_6358,P_2-1_4232,210.0
P_1-2_829,P_1-1-pt_6358,586.0
P_1-2_829,P_2-1_4232,18.0
P_1-2_829,P_1-1-pt_6516,24.0
P_1-2_2653,P_1-1-pt_3931,20.0
P_1-2_2653,P_1-1-pt_3353,21.0
P_1-2_2653,P_1-1-pt_3800,20.0
P_1-2_4483,P_1-1-pt_2880,36.0
P_1-2_4483,P_1-1-pt_6974,2.0
P_1-2_4483,P_1-1-pt_3858,26.0
P_1-2_4483,P_1-1-pt_2013,28.0
P_1-2_4483,P_1-1-pt_7573,17.0
P_1-2_4483,P_1-1-pt_297,72.0
P_1-2_4483,P_1-1-pt_2162,26.0
P_1-2_4483,P_1-1-pt_3409,24.0
P_1-2_4483,P_1-1-pt_7863,17.0
P_1-2_4483,P_1-1-pt_8545,12.0
P_1-2_4483,P_1-1-pt_5193,13.0
P_1-1-pt_2952,P_1-2_5640,36.0
P_1-1-pt_2952,P_1-1-veh_5,1159.0
P_1-1-pt_2952,P_1-2_3693,38.0
P_1-2_4270,P_1-2_1640,18.0
P_1-2_4270,P_1-2_5641,18.0
P_1-2_4270,P_1-3_547,18.0
P_1-2_4270,P_1-2_4327,18.0
P_1-2_4270,P_1-2_315,18.0
P_1-2_4270,P_1-1-pt_498,24.0
P_1-1-veh_5,P_1-2_5640,25.0
P_1-1-veh_5,P_1-1-pt_2952,1159.0
P_1-1-veh_5,P_1-2_3693,45.0
P_1-3_1571,P_1-1-pt_5997,25.0
P_1-1-pt_3353,P_1-3_2528,50.0
P_1-1-pt_3353,P_1-2_4715,24.0
P_1-1-pt_3353,P_1-2_2653,21.0
P_1-1-pt_3353,P_1-1-pt_2770,25.0
P_1-1-pt_3353,P_1-1-pt_6355,26.0
P_1-1-pt_3353,P_1-2_4454,25.0
P_1-1-pt_3353,P_1-2_3590,25.0
P_1-1-pt_3353,P_1-1-pt_8982,26.0
P_1-1-pt_3353,P_1-1-pt_8969,25.0
P_1-1-pt_3353,P_1-2_1658,20.0
P_1-1-pt_3353,P_1-2_4609,27.0
P_1-1-pt_3353,P_1-2_2338,49.0
P_1-3_2528,P_1-1-pt_3353,50.0
P_1-3_2528,P_1-1-pt_1601,23.0
P_1-2_1533,P_1-3_4666,40.0
P_1-2_1533,P_1-2_4791,23.0
P_1-2_1533,P_1-3_5578,24.0
P_1-2_1533,P_1-3_635,24.0
P_1-2_1533,P_1-1-pt_2129,49.0
P_1-2_1533,P_1-1-pt_1039,42.0
P_1-2_2422,P_1-3_2076,24.0
P_1-2_2422,P_2-1_3664,12.0
P_1-2_2422,P_2-1_3058,11.0
P_1-2_2422,P_1-3_2180,11.0
P_1-2_2422,P_1-3_1213,11.0
P_1-1-pt_4715,P_1-2_1066,24.0
P_1-2_1066,P_1-1-pt_4715,24.0
P_1-2_1066,P_1-2_5640,148.0
P_1-1-pt_5999,P_2-1_4267,22.0
P_1-1-pt_5999,P_2-1_3390,22.0
P_1-1-pt_5999,P_1-1-pt_6974,27.0
P_1-1-pt_5999,P_1-1-pt_7915,25.0
P_1-1-pt_5999,P_1-1-pt_98,18.0
P_1-1-pt_5999,P_1-1-pt_3858,51.0
P_1-2_4609,P_1-2_4329,143.0
P_1-2_4609,P_1-1-pt_3931,50.0
P_1-2_4609,P_2-1_6236,26.0
P_1-2_4609,P_2-1_5067,50.0
P_1-2_4609,P_1-1-pt_3353,27.0
P_1-1-pt_841,P_1-1-pt_2425,35.0
P_1-1-pt_841,P_1-2_1285,45.0
P_1-1-pt_841,P_2-1_842,41.0
P_1-1-pt_841,P_1-3_5451,13.0
P_1-1-pt_841,P_1-3_1140,47.0
P_1-1-pt_841,P_1-1-pt_8085,1694.0
P_1-1-pt_841,P_1-2_4955,40.0
P_1-1-pt_841,P_1-2_2061,42.0
P_1-1-pt_7948,P_1-1-pt_5258,57.0
P_1-1-pt_8982,P_1-1-pt_3931,26.0
P_1-1-pt_8982,P_1-1-pt_3353,26.0
P_1-2_2702,P_1-3_1737,11.0
P_1-2_2702,P_1-1-pt_5392,86.0
P_1-2_2702,P_1-1-pt_1238,64.0
P_1-2_2702,P_1-1-pt_1138,34.0
P_1-2_2702,P_1-1-pt_8762,33.0
P_1-1-pt_6413,P_1-1-pt_5199,27.0
P_1-1-pt_6413,P_1-1-pt_3097,27.0
P_1-1-pt_6413,P_2-1_63,26.0
P_1-1-pt_6413,P_1-2_1612,25.0
P_1-1-pt_6413,P_1-1-pt_6453,26.0
P_1-1-pt_6413,P_1-3_3245,24.0
P_1-1-pt_6413,P_2-1_5419,278.0
P_1-1-pt_6413,P_1-1-pt_2162,27.0
P_1-1-pt_6413,P_1-1-pt_3409,26.0
P_1-1-pt_6413,P_1-1-pt_1473,33.0
P_1-1-pt_1473,P_1-1-pt_0,23.0
P_1-1-pt_1473,P_1-1-pt_6931,27.0
P_1-1-pt_1473,P_1-1-veh_234,2.0
P_1-1-pt_1473,P_1-1-pt_5897,31.0
P_1-1-pt_1473,P_1-1-pt_3769,31.0
P_1-1-pt_1473,P_1-1-pt_4671,31.0
P_1-1-pt_1473,P_1-1-pt_4919,30.0
P_1-1-pt_1473,P_2-1_63,42.0
P_1-1-pt_1473,P_1-2_1612,44.0
P_1-1-pt_1473,P_1-1-pt_6413,33.0
P_1-1-pt_1473,P_1-1-pt_1296,27.0
P_2-1_842,P_1-1-pt_841,41.0
P_2-1_842,P_1-1-pt_1601,21.0
P_1-1-pt_7915,P_1-1-pt_3858,100.0
P_1-1-pt_7915,P_1-1-pt_6974,565.0
P_1-1-pt_7915,P_1-1-pt_98,319.0
P_1-1-pt_7915,P_1-1-pt_3671,30.0
P_1-1-pt_7915,P_1-1-pt_521,29.0
P_1-1-pt_7915,P_1-1-pt_5999,25.0
P_1-1-pt_7915,P_1-2_5543,30.0
P_1-1-pt_7915,P_2-1_1878,39.0
P_1-1-pt_7915,P_1-3_3339,10.0
P_1-1-pt_150,P_1-2_2715,25.0
P_1-1-pt_150,P_1-1-pt_4901,386.0
P_1-2_609,P_1-1-pt_498,23.0
P_1-2_609,P_1-1-pt_2032,24.0
P_1-2_609,P_1-2_5745,44.0
P_1-2_609,P_1-2_4266,25.0
P_1-2_609,P_1-1-pt_8735,24.0
P_2-1_1724,P_1-2_752,37.0
P_2-1_1724,P_1-2_3702,33.0
P_2-1_1724,P_1-2_848,31.0
P_2-1_1724,P_1-1-pt_2920,11.0
P_2-1_1724,P_1-1-pt_6673,10.0
P_2-1_4811,P_1-3_2187,42.0
P_1-3_870,P_1-3_3793,24.0
P_1-1-pt_2844,P_1-1-pt_1601,25.0
P_1-1-pt_2844,P_1-1-pt_7938,1586.0
P_1-2_3386,P_1-3_2985,22.0
P_1-2_3386,P_1-2_1990,11.0
P_1-1-veh_407,P_2-1_4232,18.0
P_1-1-veh_407,P_1-1-pt_6516,24.0
P_1-1-pt_1167,P_1-2_4329,46.0
P_1-1-pt_1167,P_1-1-pt_2431,25.0
P_1-2_2338,P_1-1-pt_3931,44.0
P_1-2_2338,P_2-1_6236,18.0
P_1-2_2338,P_2-1_5067,50.0
P_1-2_2338,P_1-1-pt_3353,49.0
P_2-1_3944,P_1-2_4388,50.0
P_1-1-pt_2297,P_1-2_250,22.0
P_1-1-pt_2297,P_1-1-pt_2369,49.0
P_1-3_2745,P_1-2_960,25.0
P_1-3_2745,P_1-2_1265,24.0
P_1-2_5943,P_1-1-pt_4645,801.0
P_1-3_4492,P_1-1-pt_1601,23.0
P_1-3_4492,P_2-1_5799,277.0
P_1-1-pt_2820,P_1-3_2221,701.0
P_1-1-pt_2820,P_1-1-pt_3097,21.0
P_1-3_80,P_2-1_2987,25.0
P_1-1-pt_3800,P_1-1-pt_2342,26.0
P_1-1-pt_3800,P_1-2_4715,17.0
P_1-1-pt_3800,P_1-2_2653,20.0
